model,dataset,display_name,layer,point_index,point_type,include_in_main_depth_axis,relative_depth,q9_train_loss,q9_val_loss,q9_test_loss,q9_val_ratio_to_final,q9_test_ratio_to_final,q9_selected_wd,q9_wd_at_grid_max,q9_test_mase,q9_val_over_floor,q9_val_minus_train,q9_val_over_train,q1_train_loss,q1_val_loss,q1_test_loss,q1_val_ratio_to_final,q1_test_ratio_to_final,q1_selected_wd,q1_wd_at_grid_max,q1_test_mase,q1_val_over_floor,q1_val_minus_train,q1_val_over_train
chronos2,m4_hourly,M4,Emb,0,block_depth,True,0.0,0.2793122713415318,0.29523494344858725,0.2863358899609733,3.207837462450762,2.883983268297515,90.0,True,10.83645066590307,0.9544539428638716,0.015922672107055447,1.0570067044694424,0.3653222372811528,0.39133796664594694,0.3723665869986738,3.524413867116713,3.074390165558906,90.0,True,10.061761838525772,0.9116524804471589,0.026015729364794127,1.0712131009555061
chronos2,m4_hourly,M4,L1,1,block_depth,True,0.08333333333333333,0.16281721079281106,0.2226796775828791,0.19756452773363536,2.419497514531879,1.9898755705076405,0.1,False,5.8123028332341296,0.7198927531477869,0.05986246679006804,1.3676667011956403,0.20515860222718296,0.2932124781983954,0.252090695136376,2.640689665332232,2.0813498874939147,0.001,False,5.5995549054292155,0.6830614605034365,0.08805387597121245,1.4291990441312605
chronos2,m4_hourly,M4,L2,2,block_depth,True,0.16666666666666666,0.09606005619393616,0.12371622075731972,0.12256940134324645,1.3442227502696307,1.234522513846745,0.01,False,2.8794923164250346,0.3999575162707794,0.02765616456338356,1.2879049384225674,0.12272767984766615,0.14830291373584106,0.152335062281776,1.3356251891023243,1.2577321212511572,1e-05,False,2.877079883509871,0.3454832668641628,0.02557523388817491,1.2083901033566329
chronos2,m4_hourly,M4,L3,3,block_depth,True,0.25,0.08086808181636389,0.10196871101458109,0.10989426478800428,1.1079279687207844,1.1068581761568839,1.0,False,2.7862569535161645,0.3296508100964745,0.021100629198217202,1.26092654511248,0.10275622907560987,0.12731498531030336,0.1383161811968525,1.1466066110711752,1.141987283651692,0.1,False,3.025203030720065,0.2965902418081513,0.024558756234693488,1.239000170166061
chronos2,m4_hourly,M4,L4,4,block_depth,True,0.3333333333333333,0.08147520155858361,0.10092951473957709,0.10868429062703183,1.0966367147016691,1.0946712818217292,10.0,False,2.6047650834358396,0.3262912315503132,0.019454313180993485,1.2387758828311106,0.10378769009909893,0.12909336294267923,0.13771652946433494,1.1626227897267623,1.1370363469844906,10.0,False,2.5519325426748187,0.3007331119559742,0.025305672843580304,1.2438215246858066
chronos2,m4_hourly,M4,L5,5,block_depth,True,0.4166666666666667,0.08160871786561125,0.09820355335605964,0.105726346800118,1.0670181304477218,1.0648787870473364,30.0,False,2.3527819623550474,0.317478573535643,0.016594835490448392,1.203346357159732,0.0961733673868896,0.11573886822994428,0.1268573260318687,1.0423513865779788,1.0473789249594134,45.0,False,2.5538009032652025,0.2696227693170296,0.01956550084305468,1.2034399062304422
chronos2,m4_hourly,M4,L6,6,block_depth,True,0.5,0.08242904807746923,0.09845453398373291,0.10700206363303516,1.069745128310493,1.0777278434535034,30.0,False,2.329572038177738,0.3182899593657452,0.01602548590626368,1.1944155158895255,0.09198236152251789,0.11357966039813201,0.12365539243999328,1.022905427654931,1.0209426294126556,30.0,False,2.4201911065922177,0.2645927253564509,0.021597298875614124,1.2347982647773939
chronos2,m4_hourly,M4,L7,7,block_depth,True,0.5833333333333334,0.08130155429457832,0.09871852821634926,0.10671595961765479,1.0726135238309071,1.0748461956326096,30.0,False,2.4845040444304707,0.3191434163897369,0.01741697392177094,1.2142268259554345,0.08967238314011518,0.11220433824617444,0.12298058175289904,1.0105191915182838,1.015371153849452,30.0,False,2.477829613653569,0.261388804556248,0.022531955106059265,1.2512697256060716
chronos2,m4_hourly,M4,L8,8,block_depth,True,0.6666666666666666,0.08039368789541498,0.09643336345676247,0.10632393773616726,1.0477843588342126,1.0708977400367337,30.0,False,2.4801937887472993,0.311755793199188,0.016039675561347486,1.1995141158621019,0.08666074927762643,0.10978994252629408,0.12160791529214564,0.9887749947341465,1.0040379343424404,30.0,False,2.278209589946831,0.2557642803996095,0.023129193248667648,1.266893529555935
chronos2,m4_hourly,M4,L9,9,block_depth,True,0.75,0.07915120897346965,0.09278002015905071,0.10414633466257849,1.0080894251766253,1.0489648596350514,30.0,False,2.4856671139919966,0.29994503707931325,0.013628811185581055,1.1721870248393709,0.09460503865605277,0.11123264054874428,0.12586431725675823,1.0017680221165002,1.0391802935056087,30.0,False,2.840748100508722,0.259125158573469,0.01662760189269151,1.1757581005081879
chronos2,m4_hourly,M4,L10,10,block_depth,True,0.8333333333333334,0.0822078965716545,0.09512221508922468,0.10435366529601676,1.033538244187044,1.05105309970137,30.0,False,2.518354500688881,0.3075170309630576,0.012914318517570175,1.1570934065477971,0.09394828235220105,0.11051983194326172,0.12431574406685265,0.9953484238462517,1.0263947258636041,30.0,False,2.7348347595348685,0.2574646150314207,0.016571549591060664,1.176390128442539
chronos2,m4_hourly,M4,L11,11,block_depth,True,0.9166666666666666,0.08125196565396903,0.0930862226416819,0.10264187994349094,1.0114164290312717,1.0338119487011441,45.0,False,2.588325330092804,0.30093494756703615,0.011834256987712871,1.1456488700607181,0.09477187681093363,0.10920568892575858,0.12155731201513123,0.9835131707683079,1.0036201358002776,30.0,False,2.776023700245737,0.2544032158223505,0.014433812114824945,1.15230058325868
chronos2,m4_hourly,M4,L12,12,block_depth,True,1.0,0.07953101691323596,0.09203550582111791,0.09928486517538096,1.0,1.0,30.0,False,2.678764592327392,0.29753812468250074,0.012504488907881958,1.1572278262394617,0.0943949124141138,0.1110363258688732,0.12111884534700226,1.0,1.0,45.0,False,2.6769288157723703,0.2586678281325037,0.016641413454759404,1.1762956607423178
chronos2,m4_hourly,M4,L12+LN,13,head_input_diagnostic,False,,0.07816247144444088,0.09057644714835945,0.09903551601157844,,,45.0,False,2.5055465208022913,0.29282118878454344,0.01241397570391857,1.1588227121597943,0.08381490583880304,0.09893406823789345,0.11026668841488489,,,30.0,False,2.266069022910611,0.23047466997089067,0.015119162399090419,1.1803875127912014
chronos2,monash_electricity_hourly,Electricity,Emb,0,block_depth,True,0.0,0.26303879966908583,0.2555157448385508,0.2651963917012433,3.0432553342842765,2.243401272159001,0.0001,False,2.4958978715017017,1.0070653382110546,-0.007523054830535059,0.9713994481422535,0.3652917395961849,0.3615428015930962,0.36183556180646403,3.7357942468173104,2.5434654826832803,1e-05,False,2.492486228413703,0.9999085818768999,-0.0037489380030886754,0.9897371399439994
chronos2,monash_electricity_hourly,Electricity,L1,1,block_depth,True,0.08333333333333333,0.1899912055565774,0.20282039205536587,0.20781323717523167,2.4156407285747648,1.7579744492738103,0.001,False,1.936033422559101,0.7993769106103208,0.012829186498788475,1.0675251597104483,0.25691578266781406,0.27156529586961253,0.28119144503396887,2.8060635296142253,1.9765905012185454,0.3,False,1.9602813483546446,0.7510603687404467,0.01464951320179847,1.0570206822238708
chronos2,monash_electricity_hourly,Electricity,L2,2,block_depth,True,0.16666666666666666,0.10986184421258643,0.1326814982329161,0.14643926400947208,1.5802692609540951,1.2387877114971215,0.1,False,1.210130966332319,0.5229381773585384,0.022819654020329677,1.2077122788524546,0.13500606651595623,0.16560287415298797,0.17713637263265275,1.711161892287989,1.245151933849601,0.01,False,1.2195737887200762,0.45800313080335125,0.030596807637031737,1.2266328352986682
chronos2,monash_electricity_hourly,Electricity,L3,3,block_depth,True,0.25,0.09450373925546578,0.09858209757802595,0.1198541922708049,1.1741370165225007,1.0138940642782985,0.3,False,1.0046301988604907,0.3885420583443878,0.004078358322560177,1.0431555233125265,0.11753947868237707,0.12029229417329526,0.14550721658152024,1.2429711185753922,1.0228198162964683,1.0,False,0.9952843674601288,0.33268895618314903,0.0027528154909181868,1.0234203479696982
chronos2,monash_electricity_hourly,Electricity,L4,4,block_depth,True,0.3333333333333333,0.09651697319872153,0.0928583100352806,0.12161096885004116,1.1059652998137086,1.0287553328931356,10.0,False,1.0152683287299071,0.36598286912015726,-0.003658663163440934,0.9620930594672917,0.11134241409653228,0.11182240863110272,0.14864507397167556,1.155452436028545,1.0448768853186436,1.0,False,1.0349056924500846,0.3092640360800928,0.00047999453457044094,1.0043109765354494
chronos2,monash_electricity_hourly,Electricity,L5,5,block_depth,True,0.4166666666666667,0.08974106962307539,0.08987650460073056,0.12356728609679764,1.0704512640730697,1.0453045950153153,1.0,False,1.0475563257836238,0.35423066613821547,0.00013543497765516888,1.001509174987818,0.10671628464863153,0.11035807841663597,0.15170465054289076,1.140321623392971,1.0663836917852636,0.3,False,1.0539969722608469,0.30521417990346544,0.003641793768004442,1.0341259422589084
chronos2,monash_electricity_hourly,Electricity,L6,6,block_depth,True,0.5,0.0874168190175141,0.09065790269666045,0.1232232868045796,1.079757907486143,1.0423945688085743,1.0,False,1.0530765211187867,0.3573103939187964,0.003241083679146356,1.037076202446774,0.10969366231556431,0.11023261548794863,0.1479109495821345,1.1390252245015706,1.0397164747844452,3.0,False,1.0317212541834222,0.3048671906713494,0.0005389531723843238,1.0049132571655222
chronos2,monash_electricity_hourly,Electricity,L7,7,block_depth,True,0.5833333333333334,0.09273187513095747,0.08965037161669204,0.12391678951965034,1.0677579646430573,1.0482611828422528,10.0,False,1.0466868751207068,0.35333940720544277,-0.003081503514265435,0.9667697486984526,0.10588432619965486,0.10788832235199805,0.150738148942931,1.1148018219845042,1.0595898226415483,1.0,False,1.0512814113243802,0.2983836462203378,0.0020039961523431876,1.018926277611329
chronos2,monash_electricity_hourly,Electricity,L8,8,block_depth,True,0.6666666666666666,0.09047124477923772,0.08891476700722262,0.12407250174868653,1.058996732911109,1.0495784142362004,10.0,False,1.0575685274442004,0.3504401654961187,-0.0015564777720151052,0.9827958841970935,0.11620407060344558,0.10719566011644957,0.1490867677507282,1.107644595832725,1.0479817014271753,30.0,False,1.0376582055644654,0.296467970093984,-0.009008410486996007,0.9224776684653515
chronos2,monash_electricity_hourly,Electricity,L9,9,block_depth,True,0.75,0.08831868496278522,0.0859897627232184,0.12172569078571013,1.0241592128368582,1.0297258111668908,3.0,False,1.0413373492767506,0.3389118331407066,-0.002328922239566822,0.9736304696956464,0.10536773220356688,0.10194399759514641,0.14772726758916416,1.0533795667770751,1.0384253114544009,1.0,False,1.0324439792467202,0.2819435973197687,-0.0034237346084204645,0.9675068017805876
chronos2,monash_electricity_hourly,Electricity,L10,10,block_depth,True,0.8333333333333334,0.09170282292453681,0.08679779564947572,0.12365278122477404,1.0337830836267528,1.0460278321515193,3.0,False,1.0367056692863992,0.3420965368961686,-0.004905027275061091,0.9465117090332379,0.11004954069275596,0.098908293565721,0.1482006536498097,1.0220118681306194,1.0417529034114328,10.0,False,1.0338576981317475,0.2735478375433729,-0.011141247127034959,0.8987615299718527
chronos2,monash_electricity_hourly,Electricity,L11,11,block_depth,True,0.9166666666666666,0.09323254632770246,0.08442878495645888,0.12207604744222783,1.0055675839006777,1.032689616835207,30.0,False,1.076533351670353,0.3327595445464562,-0.008803761371243585,0.9055720162324077,0.1077038148883062,0.0974243477498757,0.14709286690327047,1.0066783689792165,1.0339658928204076,10.0,False,1.0317404153610372,0.26944373105925595,-0.010279467138430504,0.904558003362362
chronos2,monash_electricity_hourly,Electricity,L12,12,block_depth,True,1.0,0.09365773177471873,0.08396132324488108,0.11821175060938788,1.0,1.0,30.0,False,1.0174644156675179,0.33091713562966607,-0.00969640852983765,0.896469748454286,0.1084806603811136,0.0967780283673574,0.14226085011570053,1.0,1.0,10.0,False,1.0014554195574956,0.2676562240355626,-0.011702632013756209,0.8921224117493146
chronos2,monash_electricity_hourly,Electricity,L12+LN,13,head_input_diagnostic,False,,0.0899676440104607,0.08163493149380648,0.11398394875057781,,,3.0,False,0.9863408957473264,0.32174811750482335,-0.008332712516654225,0.9073810078244867,0.10760283052328028,0.09470657699293535,0.1353846093184734,,,10.0,False,0.9497316850950229,0.261927270237842,-0.012896253530344931,0.880149495439576
chronos2,uber_tlc_hourly,Uber TLC,Emb,0,block_depth,True,0.0,0.23085239362319027,0.22301977161915248,0.26682192451171294,1.404466674966884,1.491765328214998,0.01,False,1.3354787155001604,1.0052358290685843,-0.007832622004037781,0.9660708651051606,0.30508351025613856,0.2909154853293004,0.3518317872729465,1.457385550604105,1.549988561121048,0.3,False,1.3645338853961158,1.0186755475028568,-0.014168024926838163,0.9535601746717051
chronos2,uber_tlc_hourly,Uber TLC,L1,1,block_depth,True,0.08333333333333333,0.21944880628239477,0.213639312430875,0.2568302331705585,1.3453932473950874,1.4359031319571867,30.0,False,1.3135194117090736,0.9629544940967465,-0.00580949385151977,0.9735268833313047,0.2768796927735231,0.2732153901730785,0.3264787227825354,1.368714220867924,1.4382960950875132,0.01,False,1.3188768022814314,0.9566965363006608,-0.003664302600444591,0.9867657228172315
chronos2,uber_tlc_hourly,Uber TLC,L2,2,block_depth,True,0.16666666666666666,0.19450137605476414,0.1929059770839815,0.23220665121578987,1.2148250993595335,1.2982360122712562,1.0,False,1.2704207644751366,0.8695013827628202,-0.0015953989707826466,0.9917974926288776,0.24745691925757585,0.24514383686180333,0.2961255761844511,1.2280854876378722,1.3045758579658957,1.0,False,1.2078440213138415,0.8584006174490053,-0.00231308239577252,0.9906525854976604
chronos2,uber_tlc_hourly,Uber TLC,L3,3,block_depth,True,0.25,0.17384739666428936,0.1687783017356432,0.19766753573567813,1.0628811002910177,1.1051324843856276,10.0,False,1.0186134661716346,0.7607486764166641,-0.005069094928646156,0.9708416977998531,0.21914014292926323,0.2155950945866017,0.25109910157345633,1.0800565507056992,1.1062125402691163,3.0,False,1.0144114101942878,0.7549321438435538,-0.003545048342661533,0.9838229167177013
chronos2,uber_tlc_hourly,Uber TLC,L4,4,block_depth,True,0.3333333333333333,0.16409657357348773,0.16496507180783584,0.19025960267443237,1.0388672905793954,1.0637157315654564,3.0,False,0.9709126337119356,0.7435609835046004,0.0008684982343481196,1.00529260432095,0.21603277414887503,0.21083172467601208,0.244948141845583,1.0561937217056627,1.0791145986873807,10.0,False,0.979586635659115,0.7382526314204322,-0.005201049472862956,0.9759247202497212
chronos2,uber_tlc_hourly,Uber TLC,L5,5,block_depth,True,0.4166666666666667,0.16189436095270998,0.16088499626471797,0.18446727060065923,1.0131730210083456,1.0313315855737986,10.0,False,0.9222240698999246,0.7251705148413443,-0.0010093646879920093,0.9937652881666036,0.20863347576725347,0.20568158122078153,0.23645974610370535,1.0303932915680398,1.041719125117018,10.0,False,0.9394584334912135,0.7202187849304914,-0.0029518945464719337,0.9858512899925753
chronos2,uber_tlc_hourly,Uber TLC,L6,6,block_depth,True,0.5,0.1591804563021087,0.1593555578293691,0.18235772228195468,1.0035413847714958,1.0195373859562196,10.0,False,0.9184055769134104,0.7182767479685456,0.00017510152726041284,1.0011000190056503,0.20539621485549545,0.20334632226927135,0.2332841968377128,1.0186944552238781,1.0277293003893666,10.0,False,0.9202052377279059,0.712041594952798,-0.0020498925862240946,0.9900198132294391
chronos2,uber_tlc_hourly,Uber TLC,L7,7,block_depth,True,0.5833333333333334,0.1613907318460719,0.15793882722731764,0.18122826998641017,0.994619525944625,1.0132227707781398,30.0,False,0.9093434297372521,0.7118909986200437,-0.003451904618754248,0.9786115065018323,0.20077083876605015,0.20172109420745427,0.23311357886907252,1.0105526270532414,1.0269776460213407,3.0,False,0.914976820548438,0.7063506634995805,0.0009502554414041187,1.004733035172062
chronos2,uber_tlc_hourly,Uber TLC,L8,8,block_depth,True,0.6666666666666666,0.1604726919490133,0.15689859587613864,0.18011277339613166,0.9880686705815338,1.0069861800625726,30.0,False,0.9042563195702398,0.7072022761039465,-0.0035740960728746773,0.9777276991526367,0.20354584219679772,0.20114730693798027,0.23132757444418114,1.0076781521015028,1.0191094359026636,10.0,False,0.9122608769875674,0.7043414783913352,-0.002398535258817447,0.9882162404648952
chronos2,uber_tlc_hourly,Uber TLC,L9,9,block_depth,True,0.75,0.15643754665882806,0.1557870433729796,0.17788867302637063,0.9810686703715578,0.9945515354052741,10.0,False,0.9000928650024079,0.7021920817433566,-0.0006505032858484527,0.9958417700881802,0.20024431819146982,0.1988675110610842,0.2263854171028574,0.9962571664996046,0.9973368513227221,10.0,False,0.884127001562264,0.6963584990375099,-0.0013768071303856266,0.9931243635633689
chronos2,uber_tlc_hourly,Uber TLC,L10,10,block_depth,True,0.8333333333333334,0.1625809314897233,0.15791543823389606,0.17909126205526235,0.9944722337938746,1.001275048177605,65.0,False,0.9553080107846299,0.7117855754370562,-0.004665493255827241,0.971303564242882,0.20483882770401932,0.20012955890812037,0.2272704816672183,1.0025795879216186,1.00123598721731,30.0,False,0.9331622765405636,0.700777711304946,-0.0047092687958989465,0.9770098821171561
chronos2,uber_tlc_hourly,Uber TLC,L11,11,block_depth,True,0.9166666666666666,0.163187080192536,0.15930854176519482,0.17990873594775456,1.003245301178362,1.0058454342572816,45.0,False,0.9486079504567644,0.7180648284965335,-0.003878538427341177,0.9762325643502838,0.20841947392997476,0.20201380923390388,0.227171472380407,1.0120190276799028,1.0007998035990198,45.0,False,0.9602957927505565,0.7073756403566679,-0.006405664696070873,0.9692655173948713
chronos2,uber_tlc_hourly,Uber TLC,L12,12,block_depth,True,1.0,0.162717813684724,0.15879320997375113,0.17886320285442223,1.0,1.0,45.0,False,0.9508558467813302,0.7157420300430316,-0.003924603710972863,0.9758809215653731,0.2051992725361796,0.19961463540564967,0.22698992502143364,1.0,1.0,65.0,False,0.9184494867334304,0.6989746447538214,-0.005584637130529924,0.9727843229583317
chronos2,uber_tlc_hourly,Uber TLC,L12+LN,13,head_input_diagnostic,False,,0.15935927538075612,0.15667274574400814,0.1759469696526764,,,45.0,False,0.9027709240624326,0.7061842827521949,-0.0026865296367479807,0.9831416801417484,0.20619800245627184,0.20121706351069094,0.22674931270134357,,,45.0,False,0.9043355430110829,0.7045857394172395,-0.0049809389455809094,0.9758439030143504
chronos2,wind_farms_hourly,Wind Farms,Emb,0,block_depth,True,0.0,0.24286886089758003,0.22553020670213772,0.21938864565418878,1.454203526583726,1.3822699487437966,0.0001,False,5.573185169901168,1.0150659488962472,-0.01733865419544231,0.9286089862184754,0.3151534180259773,0.29369338308923115,0.28317117361167005,1.5231935392454738,1.4382318994798475,0.1,False,5.560158125253565,1.056249412458113,-0.021460034936746142,0.9319060695226944
chronos2,wind_farms_hourly,Wind Farms,L1,1,block_depth,True,0.08333333333333333,0.1969912561642773,0.1794571552766871,0.18636455470767185,1.1571276056103046,1.1741998894942154,45.0,False,5.149517614109883,0.8077004418646903,-0.017534100887590193,0.9109904610539264,0.24900079629994618,0.22492160089313984,0.2343309204954341,1.166519741485254,1.1901713037824553,45.0,False,5.0937662108125235,0.808916109357277,-0.024079195406806336,0.903296713245043
chronos2,wind_farms_hourly,Wind Farms,L2,2,block_depth,True,0.16666666666666666,0.18514326521044483,0.17030415253159198,0.1732026639586414,1.098109662668732,1.091272689698694,30.0,False,5.00714428686469,0.7665046235636384,-0.01483911267885285,0.9198506482966807,0.2340083584053124,0.21695918574189868,0.21920316717551866,1.1252239547447134,1.1133371503809457,30.0,False,5.027026521349457,0.7802797940382804,-0.017049172663413714,0.9271428901958971
chronos2,wind_farms_hourly,Wind Farms,L3,3,block_depth,True,0.25,0.17415012521575735,0.16115081950112153,0.16033140759033557,1.039089590069387,1.0101766474334517,30.0,False,4.957975044505279,0.7253073187147631,-0.012999305714635812,0.9253557486764321,0.21914934747621226,0.2024054051526175,0.1990139823947244,1.0497431102939072,1.0107958881264365,30.0,False,4.838231771063494,0.7279380557438156,-0.016743942323594746,0.923595746387462
chronos2,wind_farms_hourly,Wind Farms,L4,4,block_depth,True,0.3333333333333333,0.16906918633937665,0.15713152936339833,0.1554130808030831,1.013173478972306,0.9791884652700193,30.0,False,4.783118818777491,0.707217304888253,-0.011937656975978317,0.9293918824923214,0.21300383807137246,0.19717100981395436,0.19062922431426194,1.0225957599592013,0.9682095387218179,30.0,False,4.743423015551403,0.7091128886839345,-0.015832828257418108,0.9256688123520436
chronos2,wind_farms_hourly,Wind Farms,L5,5,block_depth,True,0.4166666666666667,0.16026233828798941,0.15222450500738074,0.14965022289912208,0.9815333176480296,0.9428792694327739,10.0,False,4.702922586126289,0.6851317784878962,-0.00803783328060867,0.9498457755797574,0.1913024909270545,0.1907717093455655,0.18267993717845388,0.9894068163520553,0.927834954716588,1.0,False,4.6299928388532505,0.6860982150512466,-0.0005307815814890038,0.99722543298356
chronos2,wind_farms_hourly,Wind Farms,L6,6,block_depth,True,0.5,0.15584714653790852,0.15284033297411814,0.14978539574009772,0.9855041347465178,0.9437309331795909,10.0,False,4.664300105855442,0.6879034958935328,-0.0030068135637903726,0.9807066498772309,0.19757574099186845,0.19331471636919803,0.18776193202850017,1.0025957136568204,0.9536465054232014,10.0,False,4.666199923166909,0.6952439766831068,-0.004261024622670417,0.9784334625228823
chronos2,wind_farms_hourly,Wind Farms,L7,7,block_depth,True,0.5833333333333334,0.15235878722515048,0.155088524405226,0.1520374287772952,1.000000321112676,0.9579199883224128,10.0,False,4.67432180579338,0.6980221518451584,0.00272973718007552,1.0179165063583868,0.19891042163304268,0.1965090914465885,0.19165987455293196,1.0191628267072688,0.9734442313339075,30.0,False,4.702912847335652,0.7067323417363958,-0.0024013301864541647,0.9879275798284505
chronos2,wind_farms_hourly,Wind Farms,L8,8,block_depth,True,0.6666666666666666,0.1493815719878229,0.15498280262162212,0.1550275947656909,0.9993186341989734,0.9767596897809382,10.0,False,4.691202137986501,0.6975463194315668,0.00560123063379922,1.0374961286004931,0.18172143092793192,0.19519628061138036,0.19736155888193663,1.0123541442595851,1.002403196959358,3.0,False,4.661485261786098,0.702010901781666,0.013474849683448448,1.0741511312927774
chronos2,wind_farms_hourly,Wind Farms,L9,9,block_depth,True,0.75,0.14586810471150635,0.15412396343979445,0.15212047269269255,0.9937808972135612,0.9584432109729628,10.0,False,4.641927171294307,0.6936808575859057,0.008255858728288101,1.0565981078907982,0.18957498357357347,0.19513222905060718,0.19325728710200496,1.0120219511317656,0.9815575207461159,30.0,False,4.695560256342317,0.7017805444521202,0.0055572454770337065,1.0293142342532604
chronos2,wind_farms_hourly,Wind Farms,L10,10,block_depth,True,0.8333333333333334,0.14748430044431682,0.15869536581413665,0.15677354537405586,1.0232569906886204,0.9877601453912889,30.0,False,4.830265449153331,0.7142558171744753,0.011211065369819834,1.076015313738784,0.18272536046872478,0.19844824124753246,0.19686348398592862,1.0292199155574102,0.9998734648731705,30.0,False,4.795252755008673,0.7137063696030468,0.01572288077880768,1.0860465166875335
chronos2,wind_farms_hourly,Wind Farms,L11,11,block_depth,True,0.9166666666666666,0.14595366876780816,0.15782313845084825,0.15851293255411486,1.0176329276142138,0.9987192477689733,30.0,False,4.870571057966844,0.7103300978257632,0.01186946968304009,1.0813235445415406,0.180243559815043,0.19724054917522515,0.19961136155797324,1.022956414682494,1.0138299885177684,45.0,False,4.797337490454004,0.709362982535939,0.016996989360182152,1.0943001202241214
chronos2,wind_farms_hourly,Wind Farms,L12,12,block_depth,True,1.0,0.14457491391112592,0.1550884746043509,0.1587162086924979,1.0,1.0,45.0,False,4.7305030443486995,0.6980219277014692,0.010513560693224983,1.0727205046076524,0.17585728788772434,0.1928142258499301,0.19688839728425023,1.0,1.0,45.0,False,4.705751001002395,0.69344399463599,0.016956937962205765,1.096424425543466
chronos2,wind_farms_hourly,Wind Farms,L12+LN,13,head_input_diagnostic,False,,0.13769925127294946,0.14917358482356063,0.15581039672020738,,,45.0,False,4.617376178764328,0.6714002024091043,0.011474333550611171,1.083328946559532,0.16918657572573875,0.18903193861701106,0.19723649620156708,,,45.0,False,4.6427718754719,0.6798412412286898,0.01984536289127231,1.117298685230457
chronos2,sg_carpark,SG Carpark,Emb,0,block_depth,True,0.0,0.2615414204308429,0.2705754882282456,0.268995183883077,2.7369640102268495,2.6603570649640935,0.001,False,2.3225680970626046,1.002410954592173,0.009034067797402734,1.0345416331475172,0.3610957098625055,0.3703468911728616,0.3702975456408188,3.362637489764335,3.4260950636265863,10.0,False,2.330498225174472,0.992133978135255,0.009251181310356127,1.0256197486086962
chronos2,sg_carpark,SG Carpark,L1,1,block_depth,True,0.08333333333333333,0.1917578836788064,0.22244069521120713,0.20248191277522826,2.2500640438255313,2.0025421251153888,1e-05,False,1.7933334585034182,0.8240842180010007,0.03068281153240074,1.1600080838595106,0.25612118880837687,0.2908264821195333,0.2790673675678544,2.6406162846253207,2.582008284145909,0.01,False,1.8514830364346464,0.7791042439658471,0.03470529331115646,1.1355034055269908
chronos2,sg_carpark,SG Carpark,L2,2,block_depth,True,0.16666666666666666,0.1337549822028176,0.14608222180924846,0.14248614663542328,1.477671855066992,1.4091851808983473,1.0,False,1.2392634606821287,0.5411961754984571,0.012327239606430868,1.0921628443547517,0.17187072327587663,0.18166074072573818,0.18111729686080064,1.6494244497319237,1.675747203882569,3.0,False,1.2168070680689038,0.48665669312476956,0.009790017449861549,1.0569615188861874
chronos2,sg_carpark,SG Carpark,L3,3,block_depth,True,0.25,0.10753678427300974,0.12413108817138578,0.10497257729076732,1.255628597771528,1.0381767197154315,3.0,False,0.8513998605096195,0.45987300403013603,0.016594303898376045,1.1543128150107886,0.1238276533317489,0.15194107842563237,0.12599075259377726,1.37957892647944,1.1657012059778455,0.3,False,0.8645367228401063,0.40703975157772243,0.028113425093883468,1.227036726752499
chronos2,sg_carpark,SG Carpark,L4,4,block_depth,True,0.3333333333333333,0.10454201931334295,0.1256378887189647,0.09955512151374656,1.2708704029192093,0.9845981888938823,10.0,False,0.8355855987903978,0.4654553033920223,0.021095869405621748,1.2017932075942714,0.11636575074649952,0.15293264721578123,0.1239836087271487,1.388582070469323,1.1471305571188475,1e-05,False,0.8639426507000404,0.40969609651219624,0.03656689646928171,1.3142410566227685
chronos2,sg_carpark,SG Carpark,L5,5,block_depth,True,0.4166666666666667,0.09721657394069425,0.12028264551092002,0.09625468366269001,1.2167002782622929,0.9519569236199668,3.0,False,0.7892603793022992,0.4456155370798537,0.023066071570225777,1.2372648061460894,0.11237497859964497,0.14375744273854515,0.12052356526466076,1.3052739955623114,1.115117280319379,0.001,False,0.828184670138699,0.38511635158879215,0.03138246413890018,1.2792655850080787
chronos2,sg_carpark,SG Carpark,L6,6,block_depth,True,0.5,0.09169416890146914,0.11853008545766779,0.09599556221421492,1.1989725312925956,0.9493942176035123,1.0,False,0.7969255625493662,0.4391227634459067,0.026835916556198644,1.2926676459114368,0.10921895140287609,0.14462503656155645,0.11895483461771644,1.3131514844374212,1.100602951534524,0.01,False,0.8221319342174799,0.3874405760700718,0.035406085158680364,1.3241752892140293
chronos2,sg_carpark,SG Carpark,L7,7,block_depth,True,0.5833333333333334,0.09405060642942722,0.11185574309511037,0.09553380664122307,1.1314592655571478,0.9448274640908199,3.0,False,0.7944762303300408,0.4143960820205649,0.017805136665683147,1.1893144270052485,0.11139694651404404,0.134293699752813,0.11493591351781861,1.2193460784775056,1.0634187846299434,1.0,False,0.7908923483663727,0.35976363174619047,0.022896753238768955,1.2055420184778791
chronos2,sg_carpark,SG Carpark,L8,8,block_depth,True,0.6666666666666666,0.09224799278605104,0.11023620846497137,0.0961412379234019,1.1150771164384985,0.9508349474951586,3.0,False,0.7771786873588952,0.4083961325601642,0.017988215678920325,1.1949984507591405,0.11227536762809351,0.13450310528699289,0.11600579859131137,1.2212474172401113,1.0733176565292912,3.0,False,0.7961499523712563,0.3603246148423668,0.022227737658899377,1.197975193744434
chronos2,sg_carpark,SG Carpark,L9,9,block_depth,True,0.75,0.0953526557363046,0.10701169216700193,0.0983159946814432,1.0824600264141147,0.9723432489536278,3.0,False,0.8067674425238326,0.39645014853363275,0.011659036430697337,1.1222728023741688,0.10856189352421457,0.12535120121671656,0.1127762693890744,1.138150902964057,1.043437161268449,1.0,False,0.7782491597874412,0.33580729011473087,0.01678930769250199,1.1546519422927821
chronos2,sg_carpark,SG Carpark,L10,10,block_depth,True,0.8333333333333334,0.09200499987649267,0.10345169931313412,0.09662906721360602,1.0464494757855163,0.9556595695569985,1.0,False,0.7939972273731792,0.3832613121820685,0.01144669943664145,1.1244138845933098,0.11677286367719109,0.12387626815987172,0.11429269107763713,1.1247589579793638,1.057467513137431,10.0,False,0.786606049416007,0.3318560453870206,0.007103404482680639,1.0608309521492718
chronos2,sg_carpark,SG Carpark,L11,11,block_depth,True,0.9166666666666666,0.10060796491705533,0.10013008653317805,0.09982079960995138,1.0128502214917185,0.9872257400271098,3.0,False,0.9413186344331539,0.3709556112505317,-0.0004778783838772782,0.9952500939237638,0.10797230981375856,0.11811594974439023,0.1142521719474577,1.072457013185025,1.057092618965097,0.0001,False,0.8008139100290447,0.31642454653798635,0.010143639930631665,1.0939466789969432
chronos2,sg_carpark,SG Carpark,L12,12,block_depth,True,1.0,0.10395739725931218,0.09885971726965433,0.1011124361558991,1.0,1.0,10.0,False,0.8227273546692212,0.36624922755527567,-0.0050976799896578495,0.9509637589623166,0.11589381401260067,0.11013583602162741,0.1080815151838933,1.0,1.0,3.0,False,0.768071892205502,0.29504636796420985,-0.005757977990973259,0.9503167788545882
chronos2,sg_carpark,SG Carpark,L12+LN,13,head_input_diagnostic,False,,0.10124182703783215,0.09618816201675073,0.09657789165901262,,,10.0,False,0.7640802324756155,0.3563518186331127,-0.005053665021081413,0.9500832297387032,0.11288354764565547,0.11240057639861847,0.10818514816126244,,,1.0,False,0.7536364370534979,0.3011134524550553,-0.00048297124703700067,0.995721508961137
chronos2,coastal_ts,Coastal T-S,Emb,0,block_depth,True,0.0,0.3240008478078302,0.3270370727404952,0.32671686882774037,1.5988196840485005,1.6400767085689163,1e-05,False,2.4473422509822353,1.0002343143450005,0.0030362249326650326,1.0093710400858762,0.4408656298884403,0.4469571594769756,0.4508483974883954,1.6691212785016203,1.7464195489431165,90.0,True,2.446855510709394,0.9993666274022478,0.006091529588535316,1.0138172022846887
chronos2,coastal_ts,Coastal T-S,L1,1,block_depth,True,0.08333333333333333,0.19382310442230966,0.21075844888885817,0.2042442476376891,1.0303564480911884,1.0252798841138813,30.0,False,1.2868174468273865,0.6445991913095414,0.016935344466548513,1.0873752616697805,0.24945573423223483,0.2740427393776675,0.26826464260617894,1.0233879418094467,1.0391577717645728,45.0,False,1.3098245164513844,0.6127414281413713,0.02458700514543266,1.0985625975730948
chronos2,coastal_ts,Coastal T-S,L2,2,block_depth,True,0.16666666666666666,0.19039036616298186,0.20983863373597464,0.20208714219431081,1.0258596534012383,1.014451491909017,45.0,False,1.266781107967721,0.641785960775587,0.019448267572992783,1.102149431008207,0.2447182858306674,0.2730846176855266,0.2654326615544657,1.0198099225970065,1.0281877270699462,45.0,False,1.259695011480593,0.6105991314495894,0.028366331854859206,1.115914230759557
chronos2,coastal_ts,Coastal T-S,L3,3,block_depth,True,0.25,0.18986879878141616,0.20778240667035183,0.2026865166456749,1.0158071652235456,1.0174602746539074,65.0,False,1.27638721184924,0.6354970441953165,0.017913607888935673,1.0943472966801588,0.21833654203675312,0.2695261697905759,0.2615574271573375,1.0065212192527042,1.0131765056802644,1.0,False,1.2176048585919226,0.6026426774670088,0.0511896277538228,1.2344528647211328
chronos2,coastal_ts,Coastal T-S,L4,4,block_depth,True,0.3333333333333333,0.18068061868554594,0.2042278852313757,0.19819959967086712,0.9984298116520227,0.9949365278695176,30.0,False,1.217133693968533,0.6246256335489765,0.023547266545829754,1.1303253592838924,0.23627567222446116,0.265478050801903,0.26045295340009034,0.9914038832874249,1.0088981838060014,45.0,False,1.2310684787526762,0.5935913513270112,0.029202378577441845,1.12359452119006
chronos2,coastal_ts,Coastal T-S,L5,5,block_depth,True,0.4166666666666667,0.1784893929840759,0.20196371455676854,0.19850253321540853,0.9873607282228185,0.9964572153455858,45.0,False,1.24176233319675,0.6177007268914587,0.023474321572692636,1.1315166194485682,0.22625261984987335,0.26105484234479565,0.2594883848602573,0.9748858094665567,1.0051618028769702,30.0,False,1.230977256552783,0.5837013499603272,0.03480222249492229,1.1538201967253012
chronos2,coastal_ts,Coastal T-S,L6,6,block_depth,True,0.5,0.17782571877872672,0.20449764048680663,0.20006900109971562,0.9997485918399825,1.0043206828824514,45.0,False,1.2651364458019647,0.62545067292661,0.026671921708079915,1.1499891123244579,0.22965445092557216,0.26400288427248597,0.2617690743257602,0.9858950066727966,1.013996348346826,45.0,False,1.265938237990327,0.5902929765989158,0.034348433346913815,1.1495657201873508
chronos2,coastal_ts,Coastal T-S,L7,7,block_depth,True,0.5833333333333334,0.17354373963899813,0.20402823792149624,0.1992524736560881,0.9974537753689562,1.0002218200137978,30.0,False,1.2612788930723842,0.6240150174850706,0.030484498282498107,1.1756588762343791,0.23298085471307872,0.2651226813128839,0.2652311652588348,0.9900767879198372,1.0274072051213492,65.0,False,1.2936522821679681,0.5927967686691604,0.03214182659980519,1.1379590895543266
chronos2,coastal_ts,Coastal T-S,L8,8,block_depth,True,0.6666666666666666,0.17201926135905674,0.20488322006228069,0.20130545110441744,1.0016336142622697,1.010527503060722,30.0,False,1.2757056467077617,0.6266299579509894,0.03286395870322395,1.1910481328868563,0.222165375261152,0.2662574825808406,0.26388887548819184,0.9943146011040663,1.0222076721766689,30.0,False,1.2678000708926287,0.595334109199194,0.0440921073196886,1.1984652525977957
chronos2,coastal_ts,Coastal T-S,L9,9,block_depth,True,0.75,0.17199465266724184,0.2056123187455038,0.20320559316314757,1.0051980337838324,1.0200659720864476,30.0,False,1.2572762941566917,0.6288598871617435,0.03361766607826197,1.1954576235768335,0.2220513393074926,0.2682374562136829,0.2656267178244889,1.0017086344054156,1.0289394291175777,30.0,False,1.2545774061521886,0.5997611992006485,0.04618611690619029,1.2079974705409573
chronos2,coastal_ts,Coastal T-S,L10,10,block_depth,True,0.8333333333333334,0.17298419963050007,0.20454163601001105,0.20163828313040236,0.9999636772672088,1.0121982770726126,30.0,False,1.2283579105991629,0.6255852320810749,0.03155743637951097,1.1824295886382612,0.21471818190447484,0.26640125224366784,0.26325831670934957,0.9948514959682381,1.0197651212343508,10.0,False,1.227936708350813,0.5956555686500966,0.051683070339193005,1.2407018813254767
chronos2,coastal_ts,Coastal T-S,L11,11,block_depth,True,0.9166666666666666,0.17984257790512556,0.2063372052895526,0.19998242457707724,1.0087418609885443,1.0038860798611946,30.0,False,1.2512997817620841,0.6310769336552456,0.02649462738442704,1.1473212166609625,0.22137166460551097,0.269216466229409,0.2592908691925307,1.005364659181989,1.004396700405137,10.0,False,1.2164836684742244,0.6019502008015046,0.04784480162389801,1.2161288424566823
chronos2,coastal_ts,Coastal T-S,L12,12,block_depth,True,1.0,0.17798915692475467,0.20454906579107046,0.19920828527150056,1.0,1.0,10.0,False,1.2161572355673773,0.625607955871688,0.02655990886631579,1.1492220611929975,0.21993310738841293,0.2677799182323118,0.258155835326761,1.0,1.0,3.0,False,1.2053977835647125,0.5987381745557667,0.04784681084389886,1.2175516520093492
chronos2,coastal_ts,Coastal T-S,L12+LN,13,head_input_diagnostic,False,,0.17655755589893848,0.20654358000804982,0.19594381493516266,,,30.0,False,1.199296980539457,0.6317081253220632,0.02998602410911133,1.169837104713181,0.21999226697991833,0.27090657704199356,0.2534472714178264,,,10.0,False,1.1550060417335544,0.6057291767209981,0.050914310062075224,1.2314368171255896
chronos2,boom_hourly,BOOM,Emb,0,block_depth,True,0.0,0.23123270903889043,0.1976747909971213,0.2005699989149126,1.710593080230055,1.5295166034765038,0.0001,False,2.0234053859740073,1.046959733394701,-0.033557918041769136,0.8548738274042141,0.2925788538004011,0.2538126208477438,0.2549565990302859,1.8487012049674079,1.6257566958069063,30.0,False,1.9170476149975895,1.1053287245353063,-0.0387662329526573,0.8675015899163244
chronos2,boom_hourly,BOOM,L1,1,block_depth,True,0.08333333333333333,0.16840362261013372,0.1251160790670221,0.1396257606792753,1.0827010262562071,1.0647650216251257,30.0,False,1.3003765692225062,0.662661617713851,-0.04328754354311162,0.7429536082883125,0.1995325712233226,0.1452313459473057,0.1639835782938421,1.0578251126955698,1.045657972484647,10.0,False,1.2793062719382318,0.6324680697213179,-0.05430122527601691,0.7278578382311256
chronos2,boom_hourly,BOOM,L2,2,block_depth,True,0.16666666666666666,0.16239927158058973,0.12148916683459686,0.13671248098887967,1.0513152793124871,1.0425487894810486,10.0,False,1.257595210543385,0.6434521320492819,-0.04091010474599287,0.7480893581121054,0.19560125962011998,0.14319377775056719,0.1631139424329592,1.0429840272998463,1.040112650931404,10.0,False,1.2742000813335457,0.6235946628413436,-0.0524074818695528,0.7320698140117599
chronos2,boom_hourly,BOOM,L3,3,block_depth,True,0.25,0.15721057768686644,0.11829448398728828,0.13279108824681932,1.0236698605690557,1.012644839038899,10.0,False,1.2260938705606383,0.6265318951023889,-0.03891609369957816,0.7524588086108837,0.18663595447522538,0.1402092704833564,0.15857965259754894,1.0212456985961829,1.011199290427361,3.0,False,1.2179559066648147,0.6105974304735672,-0.04642668399186897,0.7512446938618583
chronos2,boom_hourly,BOOM,L4,4,block_depth,True,0.3333333333333333,0.15359172321203962,0.11653071773990904,0.13219471836704655,1.008406981965814,1.0080970121562118,10.0,False,1.2171568359834744,0.6171903284270832,-0.03706100547213058,0.7587044099963228,0.18326913147972337,0.1394234082719448,0.15803848828930975,1.0155216947530228,1.0077485011518612,3.0,False,1.1981652038078172,0.6071750786894092,-0.043845723207778575,0.7607577290634479
chronos2,boom_hourly,BOOM,L5,5,block_depth,True,0.4166666666666667,0.15000927373446213,0.11353683274365582,0.12914970721839006,0.9824991819283782,0.9848762157517758,10.0,False,1.1847423119685847,0.6013335921094143,-0.03647244099080631,0.7568654251645285,0.18329298635343438,0.13616287367323698,0.15604367128199775,0.9917728590121675,0.9950283475301002,10.0,False,1.1945184701610745,0.5929757747412621,-0.0471301126801974,0.7428700703838234
chronos2,boom_hourly,BOOM,L6,6,block_depth,True,0.5,0.1483301096482248,0.11462390606980877,0.13003658961588885,0.9919062494661249,0.9916394473399701,10.0,False,1.203166982873522,0.6070911396145291,-0.03370620357841603,0.7727622283948105,0.1821797543754494,0.13778233048269303,0.15827801873602268,1.0035685362524653,1.00927589141779,10.0,False,1.1952172203379094,0.600028348106831,-0.04439742389275636,0.7562988047439185
chronos2,boom_hourly,BOOM,L7,7,block_depth,True,0.5833333333333334,0.15148102044070424,0.11504618845101298,0.13056155782992726,0.9955605005496712,0.9956427758737145,30.0,False,1.2179993285122446,0.6093277052737754,-0.03643483198969126,0.7594759271908039,0.18081952046757963,0.13904068024965835,0.15863302951457642,1.0127340092801236,1.0115396537699415,10.0,False,1.199114914703707,0.6055083362110217,-0.041778840217921276,0.7689472900387871
chronos2,boom_hourly,BOOM,L8,8,block_depth,True,0.6666666666666666,0.14983826482847568,0.11406481293908789,0.1297266469415972,0.9870680966809818,0.9892758711869079,30.0,False,1.2134395296355582,0.6041299729825591,-0.03577345188938778,0.7612528953779683,0.17947018994058522,0.13968561360307333,0.15916561949892907,1.0174315261474869,1.0149357679967326,10.0,False,1.1947047989279327,0.608316956832642,-0.039784576337511895,0.7783220915368573
chronos2,boom_hourly,BOOM,L9,9,block_depth,True,0.75,0.14960224254369478,0.11310383417554158,0.12781894075984168,0.9787521975474687,0.9747279911682832,30.0,False,1.201746299927727,0.5990402695104807,-0.0364984083681532,0.7560303392010117,0.18380842120166188,0.13801746513420915,0.15657652246813147,1.0052811922745952,0.9984261273366257,30.0,False,1.1976840874029,0.6010523361322739,-0.04579095606745273,0.7508767238840811
chronos2,boom_hourly,BOOM,L10,10,block_depth,True,0.8333333333333334,0.15315385624483077,0.11569669481766763,0.1307916129902426,1.0011897043739526,0.9973971418772116,30.0,False,1.2824677939191533,0.6127730306426244,-0.03745716142716314,0.7554278922805289,0.18562660484014873,0.1372037580826104,0.15706581894918686,0.9993543742867557,1.0015461761344844,30.0,False,1.2688264623265093,0.5975087228380062,-0.04842284675753833,0.7391384343896319
chronos2,boom_hourly,BOOM,L11,11,block_depth,True,0.9166666666666666,0.15781806379962857,0.11633777401625774,0.13234211658101297,1.0067373295185449,1.00922104873598,30.0,False,1.247422608896047,0.6161684261984015,-0.04148028978337083,0.7371638658801715,0.18859795111778008,0.13664570911708523,0.15714755083439547,0.9952896993641637,1.0020673478168185,30.0,False,1.316476767179949,0.5950784750858181,-0.05195224200069484,0.7245344305556614
chronos2,boom_hourly,BOOM,L12,12,block_depth,True,1.0,0.1589924088335854,0.11555921351589725,0.13113293341113685,1.0,1.0,30.0,False,1.285440280461702,0.6120448781740055,-0.04343319531768815,0.7268222071963893,0.19192831140075686,0.13729239758472406,0.15682334243977641,1.0,1.0,45.0,False,1.2831501425872676,0.5978947390553537,-0.054635913816032805,0.7153316599448947
chronos2,boom_hourly,BOOM,L12+LN,13,head_input_diagnostic,False,,0.1538043064860309,0.10743867055023626,0.12379290558145208,,,65.0,False,1.1894028304618451,0.5690354410299822,-0.04636563593579465,0.6985413673055653,0.18395834888626889,0.1258879309036048,0.1476645660770815,,,30.0,False,1.151051427062636,0.5482294207250695,-0.058070417982664074,0.6843284453560422
chronos2,LOOP_SEATTLE_5T,Loop Seattle,Emb,0,block_depth,True,0.0,0.26040466119624794,0.23612715357928785,0.19842918780241303,1.309927852797449,1.1426284398899154,0.001,False,1.138969776419232,1.0154225928449003,-0.024277507616960098,0.9067700727574,0.3299295413047289,0.30012912795175123,0.2378556276493855,1.3014499562605621,1.098440836522626,0.0001,False,1.1390848248013745,1.0182677045245734,-0.029800413352977673,0.9096764320190005
chronos2,LOOP_SEATTLE_5T,Loop Seattle,L1,1,block_depth,True,0.08333333333333333,0.18918379062955057,0.22510990827479435,0.18012105107648682,1.2488091027227697,1.037203436965109,1e-05,False,1.0936787919457422,0.9680448998370497,0.03592611764524378,1.1899006121279827,0.2366103144306449,0.2872054182732378,0.2252909320029821,1.245408873175386,1.0404158281052007,0.001,False,1.1106103467777053,0.9744205901905143,0.050595103842592914,1.2138330442793241
chronos2,LOOP_SEATTLE_5T,Loop Seattle,L2,2,block_depth,True,0.16666666666666666,0.174561016071839,0.21499466446747306,0.165856784593513,1.1926942535823981,0.9550645301937727,0.001,False,0.9907854357792932,0.9245461029456553,0.04043364839563407,1.2316304596840453,0.2295497527460927,0.2794993811123471,0.20335475187606483,1.211993183753879,0.9391123765667723,1.0,False,0.9818766183543353,0.9482758143590173,0.04994962836625441,1.2175982669060166
chronos2,LOOP_SEATTLE_5T,Loop Seattle,L3,3,block_depth,True,0.25,0.18003387240909435,0.20567690842706737,0.1683157733321645,1.1410035099390559,0.9692242941744126,45.0,False,1.121286124408746,0.8844767595659327,0.02564303601797302,1.1424345078780724,0.23031844132428875,0.2665905523618669,0.21032133843493825,1.156016628837862,0.9712847629974029,45.0,False,1.0987362193933936,0.9044791875218999,0.03627211103757816,1.1574867858128084
chronos2,LOOP_SEATTLE_5T,Loop Seattle,L4,4,block_depth,True,0.3333333333333333,0.1614110708033594,0.20713215722268774,0.1699491007580557,1.1490765794748428,0.9786295958295996,1.0,False,1.0740790264271904,0.8907347967415983,0.045721086419328344,1.2832586773123418,0.20415890057286623,0.2685791270821604,0.22282267225380162,1.1646396855215269,1.029017160222339,0.001,False,1.1421779954285587,0.9112259549200793,0.06442022650929419,1.3155396425457435
chronos2,LOOP_SEATTLE_5T,Loop Seattle,L5,5,block_depth,True,0.4166666666666667,0.17248790347187043,0.20529910361835066,0.163287453225437,1.1389076178133217,0.9402693726608586,45.0,False,1.0255832867213395,0.8828520775560869,0.03281120014648023,1.1902231952852922,0.20159013831514966,0.26474830769855556,0.22631218873021255,1.1480281031894175,1.0451320927773866,0.0001,False,1.1445811239612032,0.8982288836700717,0.0631581693834059,1.3132998960726419
chronos2,LOOP_SEATTLE_5T,Loop Seattle,L6,6,block_depth,True,0.5,0.17721262756719053,0.19711647051891298,0.1596658464720231,1.0935140286233491,0.9194148254020716,90.0,True,1.0295831130551083,0.84766412736831,0.019903842951722456,1.1123161663193322,0.22671942540859988,0.25530167270935217,0.20511285642176183,1.107064659296412,0.9472314774135948,90.0,True,1.0452529956320118,0.8661786678460213,0.02858224730075229,1.126068806187386
chronos2,LOOP_SEATTLE_5T,Loop Seattle,L7,7,block_depth,True,0.5833333333333334,0.17697409668688793,0.19215678995233457,0.15693764684309486,1.0659999387922627,0.9037048458358872,90.0,True,1.0058311495144003,0.8263359081260175,0.015182693265446634,1.08579048318189,0.2265478453359739,0.24982482291587438,0.2000733101669386,1.083315395195284,0.9239583538867369,90.0,True,1.0444828456727795,0.8475970016635671,0.023276977579900465,1.1027464090218133
chronos2,LOOP_SEATTLE_5T,Loop Seattle,L8,8,block_depth,True,0.6666666666666666,0.1746468349911775,0.18385456539406123,0.15399859804404145,1.0199429096695638,0.8867807189913691,90.0,True,0.9910130687749306,0.7906336762583397,0.009207730402883724,1.052721999819515,0.2243004516969666,0.23570399833772018,0.19792188937199934,1.0220832626961145,0.9140228796620581,90.0,True,1.0207378593911658,0.7996883573832866,0.011403546640753576,1.0508404978878951
chronos2,LOOP_SEATTLE_5T,Loop Seattle,L9,9,block_depth,True,0.75,0.17192327362916818,0.180989847440301,0.1594833704635842,1.0040507355542332,0.9183640612521551,65.0,False,1.0418749686560353,0.7783144690503478,0.009066573811132822,1.0527361631717709,0.2205900594837953,0.23139117891324384,0.20494671818579882,1.003381583556705,0.9464642345920014,65.0,False,1.0791663287769977,0.7850559730980249,0.010801119429448558,1.0489646698256683
chronos2,LOOP_SEATTLE_5T,Loop Seattle,L10,10,block_depth,True,0.8333333333333334,0.1774299512623971,0.18004131328513603,0.1628471728243673,0.998788692242628,0.9377340757453195,90.0,True,1.1740983456593685,0.7742354675605165,0.002611362022738928,1.014717706926927,0.2197438244369827,0.2300700772525245,0.20651618338666344,0.9976528903429117,0.9537121802688306,45.0,False,1.1072378723767065,0.7805737851655009,0.010326252815541809,1.0469922321685228
chronos2,LOOP_SEATTLE_5T,Loop Seattle,L11,11,block_depth,True,0.9166666666666666,0.17805904687423701,0.1823707546128799,0.1663362175681209,1.0117113910107074,0.9578252820663928,65.0,False,1.1433282158604943,0.784252813372054,0.004311707738642895,1.0242150444716704,0.2286294446817173,0.23355811643805213,0.21560562757476595,1.0127780748807145,0.9956881333970973,65.0,False,1.2177063743563157,0.7924078836383087,0.004928671756334824,1.0215574672072365
chronos2,LOOP_SEATTLE_5T,Loop Seattle,L12,12,block_depth,True,1.0,0.18285831970722552,0.18025966321352785,0.1736602913730472,1.0,1.0,65.0,False,1.1719201473266552,0.775174442375883,-0.002598656493697671,0.985788688762653,0.23780903211625098,0.23061134737297778,0.21653931622059291,1.0,1.0,65.0,False,1.1626532630904043,0.782410187672792,-0.007197684743273203,0.9697333415841217
chronos2,LOOP_SEATTLE_5T,Loop Seattle,L12+LN,13,head_input_diagnostic,False,,0.17749739749359777,0.18188013254401794,0.16895810264439984,,,45.0,False,1.1810828643309437,0.7821429809122159,0.004382735050420167,1.0246918271045538,0.23118402572666727,0.23021204527894049,0.21591439264478118,,,65.0,False,1.1596031666855533,0.7810554493657105,-0.0009719804477267835,0.9957956418283157
chronos2,electricity_15min,Electricity 15min,Emb,0,block_depth,True,0.0,0.26882651500628363,0.2859317094428849,0.27308198331876565,2.717203184900368,1.6543985131560706,0.01,False,2.4929663014755414,1.0014442623467743,0.017105194436601245,1.0636291194572136,0.37612723783620633,0.3867102460438059,0.37596475799347606,3.019744845839556,1.9473975252750084,0.3,False,2.4940997630663904,0.9991810680129575,0.010583008207599554,1.028136776981326
chronos2,electricity_15min,Electricity 15min,L1,1,block_depth,True,0.08333333333333333,0.1571803846512754,0.17027396262260794,0.18456167559928566,1.6181099831327908,1.118120492557844,0.1,False,1.6232199205501747,0.5963657658946054,0.013093577971332537,1.0833028752307885,0.19655395543985762,0.21500429906349144,0.22743900888066254,1.6789266138471486,1.1780736189451262,1e-05,False,1.6239951048335188,0.5555276265974637,0.01845034362363382,1.0938691036888308
chronos2,electricity_15min,Electricity 15min,L2,2,block_depth,True,0.16666666666666666,0.11968529744707102,0.11919929189536407,0.15860741818679197,1.1327484321589345,0.9608831517729794,1.0,False,1.3796334089766529,0.4174823673002076,-0.0004860055517069417,0.9959393044753733,0.1502967696594157,0.14524121982052582,0.19307554936932245,1.1341603421255093,1.00008003154236,3.0,False,1.4219414409312683,0.37527393862571334,-0.0050555498388898945,0.966362884243313
chronos2,electricity_15min,Electricity 15min,L3,3,block_depth,True,0.25,0.11286890435124744,0.11390477733132039,0.1521906481899378,1.0824347685783846,0.9220087646272401,3.0,False,1.3628282366205078,0.3989389142414202,0.0010358729800729466,1.0091776648850006,0.13541708306183603,0.13745527482726647,0.18689833875773973,1.0733614170804204,0.9680837223076858,1.0,False,1.3783757924667717,0.3551566313822591,0.002038191765430436,1.0150512159865364
chronos2,electricity_15min,Electricity 15min,L4,4,block_depth,True,0.3333333333333333,0.11205218734227687,0.11678514532915509,0.1504146782894626,1.1098068467317692,0.9112494976589524,3.0,False,1.371279592235006,0.4090270853312902,0.004732957986878214,1.042238871896546,0.13365826754826768,0.14159333923447678,0.1891461054275509,1.105674754503629,0.9797265562625158,0.3,False,1.3922878881707743,0.3658485529338656,0.007935071686209105,1.0593683565690655
chronos2,electricity_15min,Electricity 15min,L5,5,block_depth,True,0.4166666666666667,0.10847630689837241,0.11548195861791836,0.14879764717441935,1.0974226900770503,0.9014531213475503,3.0,False,1.3395017333011419,0.4044628176700455,0.007005651719545952,1.0645823214290406,0.13026909151754557,0.1410063289333391,0.18405130723107407,1.1010909056156053,0.9533368556625285,0.3,False,1.3440988057720562,0.36433183703190597,0.010737237415793521,1.082423522653855
chronos2,electricity_15min,Electricity 15min,L6,6,block_depth,True,0.5,0.10466539081041748,0.1149387267766563,0.1509359432028905,1.0922603690036283,0.9144074500337486,1.0,False,1.3525028200905558,0.4025602080867434,0.01027333596623882,1.0981540878669924,0.13516590623198402,0.1429900166841636,0.18502680149697165,1.1165811361501974,0.9583896567002307,3.0,False,1.3637886485506812,0.3694572850016723,0.007824110452179595,1.057885236523707
chronos2,electricity_15min,Electricity 15min,L7,7,block_depth,True,0.5833333333333334,0.10324959168972253,0.11662415133519027,0.15988376809156124,1.1082769241009307,0.9686155966565818,0.3,False,1.4008982129027059,0.40846322163165893,0.013374559645467743,1.1295361989000392,0.1308002578204169,0.14454917117725802,0.19348250072847567,1.1287562693217557,1.002187931426253,1.0,False,1.3993886911043483,0.3734858248905037,0.013748913356841114,1.10511380929935
chronos2,electricity_15min,Electricity 15min,L8,8,block_depth,True,0.6666666666666666,0.10408268725149429,0.11615509050720521,0.1604076392294569,1.1038194486492001,0.971789338186825,3.0,False,1.432599783313709,0.4068203878382594,0.01207240325571092,1.1159885815259598,0.12583596790222776,0.14571263052466263,0.1976882285502462,1.1378414963195191,1.0239724837758066,1.0,False,1.427946408139114,0.376491968547731,0.01987666262243487,1.1579569256214461
chronos2,electricity_15min,Electricity 15min,L9,9,block_depth,True,0.75,0.10501767725415175,0.11250167150931958,0.1637011545760031,1.06910108265834,0.991742272562662,10.0,False,1.4490588812808434,0.39402469091989406,0.007483994255167839,1.0712641381036827,0.12432259681716112,0.1381960286837043,0.20296355966791396,1.0791458193891208,1.0512972969268592,3.0,False,1.4662822398777582,0.3570705895382228,0.013873431866543162,1.1115921982143484
chronos2,electricity_15min,Electricity 15min,L10,10,block_depth,True,0.8333333333333334,0.10288298659432824,0.10787079314068529,0.16336293676370428,1.0250939402652968,0.9896932650119262,10.0,False,1.4452404514944888,0.37780555040927866,0.004987806546357054,1.0484803825342297,0.12167370919448188,0.13410519192862602,0.1995647108139655,1.047201273485056,1.0336921631843028,3.0,False,1.4303867382993627,0.34650069468846817,0.012431482734144142,1.1021706563927776
chronos2,electricity_15min,Electricity 15min,L11,11,block_depth,True,0.9166666666666666,0.10554165057196593,0.10646812491232657,0.16629459332134433,1.0117644127886802,1.0074539689261879,10.0,False,1.48740014743871,0.3728928597111994,0.000926474340360639,1.008778281705277,0.12616792277110958,0.12572427032842437,0.20162335154778174,0.9817562922245194,1.0443553750551708,10.0,False,1.4727969300711687,0.32484608821995026,-0.00044365244268521065,0.996483635198702
chronos2,electricity_15min,Electricity 15min,L12,12,block_depth,True,1.0,0.10412893707528603,0.10523015394351865,0.16506420983044245,1.0,1.0,3.0,False,1.5260235347126803,0.36855700299184446,0.0011012168682326129,1.0105755124287539,0.1316919680898595,0.12806056994404502,0.19306009847187358,1.0,1.0,30.0,False,1.4029397389937575,0.3308826139365967,-0.0036313981458144795,0.9724250597930422
chronos2,electricity_15min,Electricity 15min,L12+LN,13,head_input_diagnostic,False,,0.10244934663171192,0.09841133322822683,0.1599371440296296,,,30.0,False,1.3961891329695322,0.34467483583170183,-0.004038013403485086,0.9605852693428972,0.12289120244340626,0.12078634537187696,0.19465639687477404,,,10.0,False,1.4055434258391963,0.31208748877158715,-0.002104857071529298,0.9828721907697289
chronos2,SZ_TAXI_15T,SZ Taxi,Emb,0,block_depth,True,0.0,0.23826646586743797,0.23859952906003365,0.25558068660589367,1.0863674347904775,1.0803480599974475,0.1,False,0.853120250344569,1.0037953814479001,0.00033306319259568395,1.001397860128504,0.312073473453821,0.31626871715371424,0.3389013318870312,1.0997225475128911,1.0946077829299306,1e-05,False,0.8554761751292866,1.000679393917245,0.004195243699893214,1.0134431281629388
chronos2,SZ_TAXI_15T,SZ Taxi,L1,1,block_depth,True,0.08333333333333333,0.2208873015939334,0.2331638466566801,0.24847200899743116,1.0616182310844586,1.0502994433925,45.0,False,0.8292121044802437,0.9809273023992987,0.012276545062746697,1.0555783196868203,0.2787181088724942,0.30647973439250237,0.32836204222761667,1.0656845144231766,1.06056723070338,3.0,False,0.8326104954990257,0.9697068923536618,0.02776162552000816,1.0996046709426703
chronos2,SZ_TAXI_15T,SZ Taxi,L2,2,block_depth,True,0.16666666666666666,0.2106043345146576,0.2277236934273671,0.24542901187370986,1.036848671262281,1.0374365933749652,30.0,False,0.8198770725869003,0.9580404144516729,0.017119358912709493,1.0812868308345194,0.2705249463687711,0.2985593131623971,0.32147006881542695,1.0381438019210507,1.0383070415954665,10.0,False,0.8174062861948728,0.9446465500364073,0.028034366793625976,1.1036295068899502
chronos2,SZ_TAXI_15T,SZ Taxi,L3,3,block_depth,True,0.25,0.20567234973536758,0.22460311813614306,0.2419946744846992,1.0226403809628286,1.0229195350445146,30.0,False,0.8094670974977364,0.9449120605226801,0.018930768400775483,1.0920433321500587,0.2702024387599235,0.29424078700443107,0.31806596798392445,1.0231275188353253,1.027312233037786,45.0,False,0.8108027607677837,0.9309826626394477,0.024038348244507568,1.0889642164401994
chronos2,SZ_TAXI_15T,SZ Taxi,L4,4,block_depth,True,0.3333333333333333,0.20451758416313437,0.22341079408159623,0.23991010767909196,1.0172116107147064,1.0141080018481683,45.0,False,0.8032964629124649,0.9398959174319609,0.018893209918461856,1.0923793912184665,0.26571653817795016,0.29225296049545973,0.315168004291944,1.0162154927198965,1.0179521824465787,30.0,False,0.8047133344010039,0.9246931470524753,0.026536422317509578,1.099867409456231
chronos2,SZ_TAXI_15T,SZ Taxi,L5,5,block_depth,True,0.4166666666666667,0.20425165684324512,0.2231145729430211,0.24087261628264037,1.0158628863491876,1.0181765577174848,65.0,False,0.804076170154739,0.9386497062094981,0.018862916099775973,1.0923513492683807,0.26512859160430635,0.2924185926333452,0.31484108809859324,1.0167914251050678,1.0168962851220829,45.0,False,0.8037643164379576,0.9252172098457988,0.027290001029038835,1.1029311884618165
chronos2,SZ_TAXI_15T,SZ Taxi,L6,6,block_depth,True,0.5,0.20262787245491912,0.22285909095826822,0.24012488804948637,1.0146996514111115,1.015015885614984,65.0,False,0.8031326767197365,0.9375748858301437,0.020231218503349108,1.0998442033578089,0.26504782230795026,0.2919322155798093,0.3134509025093837,1.0151002056345493,1.012406164185724,65.0,False,0.8008326061753661,0.9236783048933024,0.02688439327185904,1.1014322360310622
chronos2,SZ_TAXI_15T,SZ Taxi,L7,7,block_depth,True,0.5833333333333334,0.20194840988670737,0.22276146676486883,0.2397224854391355,1.0142551587292752,1.013314916401685,65.0,False,0.8015215315856027,0.937164177917861,0.020813056878161457,1.1030612565349613,0.26400761307622045,0.2922385121958378,0.31292824580883366,1.0161652534138708,1.0107180501584436,65.0,False,0.7997175170552865,0.9246474323961572,0.028230899119617348,1.1069321402919807
chronos2,SZ_TAXI_15T,SZ Taxi,L8,8,block_depth,True,0.6666666666666666,0.20130696603320164,0.22313105486906493,0.24057629971932143,1.0159379302010645,1.016924017752208,65.0,False,0.8018825524022234,0.9387190461671473,0.021824088835863287,1.1084119902351706,0.2631486478038506,0.2930912603265964,0.3136920945193523,1.0191304102437475,1.0131851834059264,65.0,False,0.8020503817759648,0.9273455414292958,0.02994261252274577,1.113785925835594
chronos2,SZ_TAXI_15T,SZ Taxi,L9,9,block_depth,True,0.75,0.20085478601563012,0.22277729743375227,0.24017892715831599,1.014327237342396,1.0152443107247346,65.0,False,0.8020293393196266,0.937230778017086,0.021922511418122154,1.1091460744003192,0.2628896450690679,0.2925236047938084,0.3131096998277383,1.01715657105331,1.0113041233385962,65.0,False,0.8006845150724069,0.9255494700390673,0.029633959724740477,1.1127239519721475
chronos2,SZ_TAXI_15T,SZ Taxi,L10,10,block_depth,True,0.8333333333333334,0.20091329671314234,0.22140508660903344,0.23851364497572947,1.0080794247020515,1.008205107570547,65.0,False,0.7964943365059837,0.9314578458841016,0.020491789895891094,1.101993199211442,0.26270770773537444,0.2901396647286721,0.3100721942117581,1.0088671876924018,1.0014933702517548,65.0,False,0.7940395856688548,0.918006644681616,0.027431956993297646,1.1044200690941655
chronos2,SZ_TAXI_15T,SZ Taxi,L11,11,block_depth,True,0.9166666666666666,0.20179571683813885,0.21963221560686064,0.23573493045301008,1.0000073663437121,0.9964593888944887,45.0,False,0.7860422137229741,0.92399932435686,0.017836498768721787,1.0883888867821139,0.2665815724586397,0.28912221246327346,0.3087787312001754,1.0053293253095943,0.9973156508207721,65.0,False,0.7899246267994678,0.9147874090726007,0.02254064000463374,1.0845543815978913
chronos2,SZ_TAXI_15T,SZ Taxi,L12,12,block_depth,True,1.0,0.2067717126940766,0.21963059773238805,0.23657254182184353,1.0,1.0,30.0,False,0.7852525427054986,0.9239925179103857,0.012858885038311452,1.0621888017019836,0.2724954463445302,0.287589554173442,0.30960983209885085,1.0,1.0,65.0,False,0.78968621034783,0.9099380531756487,0.015094107828911796,1.0553921470299636
chronos2,SZ_TAXI_15T,SZ Taxi,L12+LN,13,head_input_diagnostic,False,,0.20682600140571594,0.21923543319392663,0.23753135493741587,,,65.0,False,0.7926937003053768,0.9223300488343477,0.01240943178821069,1.059999379690506,0.2653726418495948,0.28797670386922664,0.3090060298832563,,,30.0,False,0.7907720938113666,0.9111630011452727,0.022604062019631832,1.0851785695092229
chronos2,monash_london_smart_meters,London Smart Meters,Emb,0,block_depth,True,0.0,0.21300940561927373,0.21226921785651273,0.2067720571262691,1.356104717660309,1.3973385195918568,3.0,False,1.151111012585685,1.0460175762808008,-0.0007401877627609965,0.9965250935252878,0.27089166329636466,0.26816982363585296,0.2617230603314993,1.3898391416703366,1.430109791499022,0.001,False,1.1360518743857801,1.0481536963617362,-0.0027218396605117046,0.9899522944804178
chronos2,monash_london_smart_meters,London Smart Meters,L1,1,block_depth,True,0.08333333333333333,0.19239655984204845,0.19499634529058715,0.1891443885237206,1.2457551144030399,1.278213040592056,10.0,False,1.0691356079661727,0.9609005325602656,0.0025997854485386995,1.0135126399904086,0.24480212844074456,0.24845661706369343,0.24168567362291213,1.2876718443571826,1.320621300528041,3.0,False,1.064803428224688,0.9711037507130827,0.0036544886229488704,1.0149283368009336
chronos2,monash_london_smart_meters,London Smart Meters,L2,2,block_depth,True,0.16666666666666666,0.16479534908348809,0.171000411008833,0.15863988696391346,1.0924545086310327,1.072067608550247,3.0,False,0.913613640497813,0.8426536700549316,0.0062050619253449235,1.0376531374207736,0.20821638398909328,0.21518249366119618,0.19799474803091005,1.1152226161682701,1.081884903323926,3.0,False,0.911133818206827,0.8410503578120134,0.006966109672102899,1.0334561072411468
chronos2,monash_london_smart_meters,London Smart Meters,L3,3,block_depth,True,0.25,0.15820384649439598,0.16229007988883795,0.15288088777820572,1.0368076218921685,1.033149045237926,10.0,False,0.8846150191365153,0.7997310101481179,0.004086233394441974,1.0258289130447074,0.1982747472814649,0.2042541831148831,0.1921513314636154,1.0585846486905452,1.0499552474574882,3.0,False,0.8867223049296381,0.7983365694416221,0.005979435833418201,1.0301573241948454
chronos2,monash_london_smart_meters,London Smart Meters,L4,4,block_depth,True,0.3333333333333333,0.15544001616596362,0.16007306193577425,0.15108318892769687,1.0226439643649634,1.0210004315163532,10.0,False,0.8769212643430642,0.7888060170226318,0.004633045769810634,1.0298060041686043,0.19728350849926385,0.20072273376845676,0.18921608244644778,1.0402822667821534,1.0339164301113115,10.0,False,0.8745822735459547,0.7845337424278068,0.003439225269192908,1.0174329080791147
chronos2,monash_london_smart_meters,London Smart Meters,L5,5,block_depth,True,0.4166666666666667,0.15632029591660032,0.15920261925669343,0.14997001865324172,1.0170830477352508,1.0134777723863966,30.0,False,0.8693524933519989,0.7845166605598451,0.0028823233400931125,1.0184385739752622,0.19478145489600118,0.1993845133821814,0.18713440522835909,1.0333466949575165,1.0225417084167143,10.0,False,0.8640161337067237,0.7793032484616931,0.004603058486180228,1.0236319134623875
chronos2,monash_london_smart_meters,London Smart Meters,L6,6,block_depth,True,0.5,0.15232219458844945,0.15879680114648953,0.14967386583790523,1.0144904351119193,1.0114764103923892,10.0,False,0.8639095730382395,0.7825168751913737,0.00647460655804008,1.0425059957646583,0.19251130486823823,0.19788425987344663,0.18640292624992724,1.0255713568504996,1.0185447535897072,10.0,False,0.8611000606632059,0.7734394408216682,0.005372955005208402,1.0279098155242667
chronos2,monash_london_smart_meters,London Smart Meters,L7,7,block_depth,True,0.5833333333333334,0.15522250879176464,0.15881364619117658,0.14964085254277892,1.01459805149078,1.011253310861535,30.0,False,0.8614330528047578,0.782599883990265,0.003591137399411942,1.0231354165537265,0.19182900748505569,0.19821324215078626,0.18642891061897496,1.0272763676521002,1.0186867376416817,10.0,False,0.859323025517433,0.7747252827011007,0.00638423466573057,1.0332808616873437
chronos2,monash_london_smart_meters,London Smart Meters,L8,8,block_depth,True,0.6666666666666666,0.1544529880748439,0.15813522422615126,0.149036358330996,1.0102638798354384,1.0071682180364498,30.0,False,0.8579959285125213,0.7792567647819437,0.003682236151307361,1.0238404979871483,0.1918572110926981,0.1979159070107773,0.1857793766663957,1.025735373925902,1.015137547653157,10.0,False,0.8572162339896684,0.7735631350670634,0.006058695918079199,1.0315791931070648
chronos2,monash_london_smart_meters,London Smart Meters,L9,9,block_depth,True,0.75,0.1523023886990919,0.15794581805448268,0.14888042955168787,1.009053838146175,1.006114471738868,10.0,False,0.8511461569340701,0.7783234114364987,0.005643429355390778,1.0370541092861036,0.19165738515684133,0.19562210869897184,0.1848986052858238,1.0138473447896577,1.0103248277734773,10.0,False,0.8529921264354453,0.7645977222304129,0.0039647235421305105,1.020686515882944
chronos2,monash_london_smart_meters,London Smart Meters,L10,10,block_depth,True,0.8333333333333334,0.15413038918168592,0.15608075191444568,0.1474488967361341,0.9971386626120456,0.9964403601928793,30.0,False,0.8499595246748838,0.769132762019193,0.0019503627327597528,1.0126539791608564,0.19450155676073974,0.19496897087638615,0.18363271390606883,1.0104623386080243,1.0034077313018528,30.0,False,0.8492487794886535,0.7620449039688532,0.00046741411564640845,1.0024031381724177
chronos2,monash_london_smart_meters,London Smart Meters,L11,11,block_depth,True,0.9166666666666666,0.15591310521045237,0.15677355454509495,0.1483035500637675,1.0015647066956774,1.0022159956060832,30.0,False,0.8461412873733763,0.7725467460903199,0.0008604493346425768,1.0055187749194088,0.19244219925537856,0.19310804443675597,0.18296880218136402,1.0008177470932111,0.9997799781455633,10.0,False,0.8441436301771517,0.754771390118897,0.0006658451813774113,1.0034599749117075
chronos2,monash_london_smart_meters,London Smart Meters,L12,12,block_depth,True,1.0,0.1576981270121921,0.15652863314474813,0.14797563670302621,1.0,1.0,45.0,False,0.8467418773886523,0.7713398255007163,-0.0011694938674439714,0.9925839710997103,0.19601209536515488,0.19295025992256995,0.18300906817592283,1.0,1.0,30.0,False,0.8440613733613357,0.7541546823195986,-0.003061835442584926,0.9843793545654366
chronos2,monash_london_smart_meters,London Smart Meters,L12+LN,13,head_input_diagnostic,False,,0.15354177543901473,0.15223202426413088,0.1439710288159265,,,30.0,False,0.8301917180840294,0.7501670504139025,-0.0013097511748838553,0.9914697405892374,0.1880055776205304,0.18904636587009174,0.1787015310140284,,,3.0,False,0.8260845405868985,0.7388961385884963,0.0010407882495613308,1.0055359434689861
chronos2,m5,M5,Emb,0,block_depth,True,0.0,0.2211598932497214,0.22313617300668745,0.23556897331398863,1.043364286212669,1.0688775717314216,3.0,False,1.1566299454154303,1.0519001671266257,0.001976279756966043,1.0089359771698503,0.2735028125003643,0.27560210131279383,0.29444437192482803,1.0408684780344546,1.07037834759462,0.0001,False,1.1598358749765825,1.0598559808503358,0.002099288812429545,1.0076755657217482
chronos2,m5,M5,L1,1,block_depth,True,0.08333333333333333,0.20081412143887714,0.21114254041880598,0.21886518007528236,0.9872831598962429,0.9930852901566567,30.0,False,1.0947408706960366,0.9953602347900172,0.010328418979928838,1.0514327324489108,0.2542661615223804,0.26299408277965913,0.27769940052153047,0.9932516819392758,1.0095062218887951,30.0,False,1.0989055723857624,1.0113705600739218,0.008727921257278726,1.0343259252628096
chronos2,m5,M5,L2,2,block_depth,True,0.16666666666666666,0.20079101165930288,0.2103627770286025,0.21843326960526804,0.9836370577780981,0.9911255269166186,90.0,True,1.099738979104517,0.9916843034991741,0.009571765369299629,1.0476702880781374,0.2531036787093156,0.262391971466878,0.2759707495001436,0.9909776837267928,1.0032221465242568,45.0,False,1.0881933692996713,1.0090550796296545,0.009288292757562377,1.036697581026587
chronos2,m5,M5,L3,3,block_depth,True,0.25,0.19605501288470614,0.20756496464876273,0.21544205196884297,0.9705547436139979,0.9775530882428691,45.0,False,1.0770268694969387,0.9784949614472506,0.011509951764056586,1.058707765716887,0.24667568805719722,0.2565266566479024,0.2705814660533921,0.9688261062179873,0.9836307640408937,30.0,False,1.0684332733070832,0.9864994134687275,0.009850968590705195,1.03993489860428
chronos2,m5,M5,L4,4,block_depth,True,0.3333333333333333,0.19282460642959842,0.20393099672807993,0.21243167276145847,0.9535626428058097,0.9638937052947972,65.0,False,1.0782600828699598,0.9613638463456912,0.011106390298481511,1.0575984077143004,0.24392809576276087,0.2545939053174194,0.26879466463676616,0.96152667008816,0.9771352975617582,30.0,False,1.0623008473293207,0.9790668211649989,0.010665809554658512,1.0437252196033697
chronos2,m5,M5,L5,5,block_depth,True,0.4166666666666667,0.19040606787409553,0.20353414489397112,0.21151447650187344,0.9517070000158139,0.9597319920735927,45.0,False,1.0725408957845601,0.9594930223327193,0.01312807701987559,1.0689477870450874,0.24088057568711008,0.25309166284491313,0.2671227415540177,0.9558531399207624,0.9710574423291424,30.0,False,1.056661522041126,0.9732897945690873,0.012211087157803058,1.050693531942005
chronos2,m5,M5,L6,6,block_depth,True,0.5,0.18679567866315971,0.20193320730317185,0.20990320283720512,0.9442211626269775,0.9524209516684972,30.0,False,1.055484284769821,0.9519459424638242,0.015137528640012138,1.0810378952465436,0.239001875123279,0.25172394488490263,0.2661526763157649,0.9506876694666717,0.9675310145017322,30.0,False,1.0528882277183074,0.9680300957020298,0.012722069761623628,1.0532299997858239
chronos2,m5,M5,L7,7,block_depth,True,0.5833333333333334,0.18564245435896956,0.20172536405841357,0.20982743458438466,0.9432493066710862,0.9520771585749087,30.0,False,1.0518906518372866,0.9509661356447352,0.01608290969944401,1.0866337915805893,0.23795563881679663,0.2515671663555025,0.2659481983660287,0.9500955628444513,0.9667876864206845,30.0,False,1.05241902141351,0.9674271878821615,0.013611527538705898,1.0572019541389623
chronos2,m5,M5,L8,8,block_depth,True,0.6666666666666666,0.18785678126302732,0.2021467991400766,0.210430730845182,0.9452198984726725,0.9548145727309579,45.0,False,1.0632744390655402,0.9529528490801273,0.014290017877049283,1.076068682647347,0.2376949215331883,0.2512111564003329,0.26595180603952806,0.9487510174348286,0.9668008012089675,30.0,False,1.0510475256417227,0.9660581153009604,0.013516234867144622,1.056863793218474
chronos2,m5,M5,L9,9,block_depth,True,0.75,0.18964161324332143,0.20238434071190484,0.21097743937759908,0.9463306210829817,0.9572952240678211,65.0,False,1.0625420469612636,0.9540726586373978,0.012742727468583404,1.0671937305882002,0.23859348986565082,0.2523857366208357,0.2662528903998491,0.9531870631711291,0.9678953175618538,30.0,False,1.053296940197674,0.9705750832985138,0.013792246755184867,1.0578064672382768
chronos2,m5,M5,L10,10,block_depth,True,0.8333333333333334,0.19099684650749182,0.20483211307068364,0.2124341002573039,0.9577761802028462,0.9639047198856754,30.0,False,1.0760682182892818,0.9656118551674476,0.013835266563191811,1.0724371465612084,0.24390310244541213,0.25590203567372477,0.2690114321770104,0.9664670956021618,0.9779233013535169,45.0,False,1.0654807442376546,0.9840973698264861,0.011998933228312636,1.049195492423054
chronos2,m5,M5,L11,11,block_depth,True,0.9166666666666666,0.20028199974335248,0.21087623206998102,0.21785345306719534,0.9860379264742468,0.9884946503434172,90.0,True,1.0812452741615153,0.9941048139729372,0.010594232326628539,1.052896577526709,0.2501147213930443,0.2614357100074528,0.2729217482958245,0.9873661640571905,0.9921382706479458,45.0,False,1.0797741988098597,1.0053776786874962,0.0113209886144085,1.045263183835621
chronos2,m5,M5,L12,12,block_depth,True,1.0,0.2028725763149506,0.21386219171508578,0.22038910680144796,1.0,1.0,30.0,False,1.1023275568024724,1.0081811127970857,0.010989615400135183,1.0541700391435573,0.2533761917171169,0.2647809085670773,0.27508438729773493,1.0,1.0,45.0,False,1.0924328668636494,1.0182419808232992,0.011404716849960417,1.0450110042805176
chronos2,m5,M5,L12+LN,13,head_input_diagnostic,False,,0.19977197348750816,0.2107022438795512,0.21760221717182462,,,45.0,False,1.068759910102807,0.9932846053795698,0.010930270392043029,1.0547137328686724,0.2532366653677167,0.26393822513748216,0.274678222365848,,,65.0,False,1.0851738242206295,1.0150013557752113,0.010701559769765445,1.0422591245001038
chronos2,wiki_daily_100k,Wiki Daily,Emb,0,block_depth,True,0.0,0.2128491600817724,0.21170640745349512,0.21453038895971902,1.2086075346085643,1.1721152643998103,0.01,False,0.9989274619547971,1.018348903521619,-0.0011427526282772882,0.9946311621439414,0.27466358910909344,0.2717835166356491,0.2756279184276821,1.228589659328816,1.1878428149321005,0.01,False,1.004702202483857,1.0492644974303695,-0.0028800724734443506,0.989514181756722
chronos2,wiki_daily_100k,Wiki Daily,L1,1,block_depth,True,0.08333333333333333,0.18864551999765197,0.18491694410793655,0.1979040749911361,1.0556695690693096,1.0812751904700562,30.0,False,0.9363536689499932,0.8894863860757316,-0.003728575889715424,0.9802350149117677,0.23712332188078286,0.2326214006099537,0.25088667377602053,1.0515584273313796,1.0812182398179353,10.0,False,0.9224237962577297,0.8980727750673907,-0.004501921270829157,0.9810144306552327
chronos2,wiki_daily_100k,Wiki Daily,L2,2,block_depth,True,0.16666666666666666,0.1861694156027892,0.18238797771054824,0.1953362846135638,1.041231990729472,1.067245726803272,45.0,False,0.9242241329007637,0.8773215669339721,-0.003781437892240974,0.9796881894912909,0.2325423202494766,0.229897758560895,0.24932839865049788,1.0392462808899432,1.0745027157806808,10.0,False,0.9134134588809033,0.887557711677373,-0.002644561688581598,0.9886276111559201
chronos2,wiki_daily_100k,Wiki Daily,L3,3,block_depth,True,0.25,0.1785437462121847,0.1781515458897325,0.1888052593091972,1.0170466886402185,1.0315626028945801,30.0,False,0.8926025181215851,0.8569435077553925,-0.0003922003224521853,0.9978033376650107,0.22486583412848038,0.22629146075999465,0.24125131186922544,1.022944114218864,1.039693798188268,10.0,False,0.8829791465187704,0.8736350121093976,0.0014256266315142707,1.0063398987980527
chronos2,wiki_daily_100k,Wiki Daily,L4,4,block_depth,True,0.3333333333333333,0.174305873761325,0.17644984280790083,0.1859834653730611,1.0073318614363223,1.0161453570602057,30.0,False,0.8763822351604722,0.8487579856998859,0.002143969046575822,1.012300039007931,0.21986782157438214,0.22578156530458965,0.23865121908713388,1.0206391463105666,1.028488469109187,10.0,False,0.8707297715305432,0.8716664777207769,0.005913743730207505,1.02689681322106
chronos2,wiki_daily_100k,Wiki Daily,L5,5,block_depth,True,0.4166666666666667,0.1730055441890163,0.17550249694924774,0.1848223130609698,1.0019235728709426,1.0098012472308477,45.0,False,0.8669199235698412,0.8442010682781634,0.00249695276023143,1.01443279041684,0.22065652549330952,0.2245081069218066,0.23642515510548162,1.014882513899447,1.0188950501214853,30.0,False,0.8601905127338836,0.8667500843848239,0.003851581428497064,1.0174550986873663
chronos2,wiki_daily_100k,Wiki Daily,L6,6,block_depth,True,0.5,0.17157300130345216,0.17520008826244424,0.18386732037570186,1.00019715645399,1.0045835178955278,45.0,False,0.8598348596889795,0.8427464238093162,0.0036270869589920818,1.0211401964845102,0.21903268718715208,0.22363166481199612,0.23660158330418227,1.0109205822619334,1.0196553829984067,30.0,False,0.8586049206016201,0.8633664369831682,0.004598977624844042,1.0209967639255344
chronos2,wiki_daily_100k,Wiki Daily,L7,7,block_depth,True,0.5833333333333334,0.17103058761693912,0.17514566269539694,0.18437056317356706,0.9998864471504788,1.0073330517398347,45.0,False,0.8603838656052631,0.8424846262700124,0.004115075078457819,1.024060462726553,0.21840067071254918,0.22372281084988863,0.23720409608808637,1.0113326053346705,1.0222519649605963,30.0,False,0.8616559470798654,0.8637183210960309,0.005322140137339448,1.0243686986856568
chronos2,wiki_daily_100k,Wiki Daily,L8,8,block_depth,True,0.6666666666666666,0.17237872813415409,0.17440805695097866,0.1837917393400469,0.9956755407778396,1.0041705708719386,65.0,False,0.8629492906933258,0.8389365994998514,0.002029328816824577,1.0117725013915015,0.21809139183403087,0.22283544205129147,0.2362870229194865,1.0073212799111753,1.018299757287649,30.0,False,0.8581894519429568,0.8602924894340481,0.004744050217260598,1.0217525789411754
chronos2,wiki_daily_100k,Wiki Daily,L9,9,block_depth,True,0.75,0.17236261484393559,0.1734715721477534,0.18171876464181275,0.9903292567289116,0.9928445983684764,65.0,False,0.8459169628805471,0.8344319258624294,0.0011089573038178258,1.0064338621505708,0.2195758550365053,0.2216112018769024,0.23241590270559295,1.001787137011679,1.001616823432317,45.0,False,0.8416601127435573,0.8555661110016265,0.0020353468403970787,1.0092694474083168
chronos2,wiki_daily_100k,Wiki Daily,L10,10,block_depth,True,0.8333333333333334,0.1706875225280544,0.17284125156473112,0.18055583452734783,0.9867308290052399,0.9864907752798021,45.0,False,0.8415110646739231,0.8313999615383035,0.002153729036676738,1.012617964129878,0.21952974321681423,0.2206982563726092,0.23118707224840426,0.9976601928173076,0.9963210702384174,45.0,False,0.8408335496452802,0.8520415363048185,0.0011685131557949702,1.005322801086871
chronos2,wiki_daily_100k,Wiki Daily,L11,11,block_depth,True,0.9166666666666666,0.17360852212462055,0.17336584006272654,0.18155947120021318,0.9897256444143366,0.9919742775000764,65.0,False,0.860983406135224,0.8339233340151193,-0.00024268206189401176,0.9986021304776743,0.21919240568159215,0.21994531646598386,0.2314261126097377,0.9942565493777534,0.9973512357503455,30.0,False,0.8487588468938632,0.8491346892579477,0.0007529107843917138,1.0034349309778798
chronos2,wiki_daily_100k,Wiki Daily,L12,12,block_depth,True,1.0,0.1754266045308823,0.17516555324310565,0.18302840639957946,1.0,1.0,30.0,False,0.8543955155402766,0.8425803036644439,-0.000261051287776648,0.998511905942233,0.22225429989408216,0.22121585882802047,0.23204073380991702,1.0,1.0,30.0,False,0.8520376107993373,0.8540398248212406,-0.001038441066061685,0.9953276896484947
chronos2,wiki_daily_100k,Wiki Daily,L12+LN,13,head_input_diagnostic,False,,0.17363545774259048,0.17267691208945432,0.1806426089086378,,,45.0,False,0.8423152478511982,0.8306094567705619,-0.0009585456531361614,0.9944795512068901,0.21663675485299086,0.21851386508072607,0.23070465743484844,,,10.0,False,0.8402453041887236,0.8436083382233407,0.001877110227735207,1.0086647818788137
chronos2,monash_traffic,Traffic,Emb,0,block_depth,True,0.0,0.2352411701174258,0.19786798601387112,0.2063782860645811,2.261370627679859,2.447356908021814,1e-05,False,1.8171895919887535,1.0092514222012194,-0.03737318410355467,0.8411282171190569,0.31979975935440497,0.2507624534591464,0.2770542643736792,2.3870821777447997,2.767800085242797,10.0,False,1.8405095618632368,0.9942680053987947,-0.06903730589525858,0.7841233338179256
chronos2,monash_traffic,Traffic,L1,1,block_depth,True,0.08333333333333333,0.17483901162464785,0.1637674947162621,0.16622112822214155,1.8716468984230212,1.9711493596101421,0.001,False,1.6106684887125797,0.835317426949155,-0.011071516908385759,0.936675935161687,0.2399410474270454,0.20441567073114045,0.21118155551206974,1.945893405184566,2.109725070174891,1.0,False,1.4665179421473544,0.8105039586527247,-0.03552537669590494,0.85194122857738
chronos2,monash_traffic,Traffic,L2,2,block_depth,True,0.16666666666666666,0.12264244145095092,0.10738049928127354,0.11617331448515864,1.2272177624694038,1.3776525096447079,3.0,False,0.9581875959465664,0.5477082159652902,-0.015261942169677384,0.8755574172438407,0.14461673629687968,0.12325548246957874,0.13971681833153463,1.1733054987053784,1.3957851273723694,0.1,False,0.9610544857410012,0.4887054701331495,-0.021361253827300947,0.8522905828586187
chronos2,monash_traffic,Traffic,L3,3,block_depth,True,0.25,0.09364463870481747,0.10654639356008923,0.09153524302799283,1.2176850320046904,1.0854795512833766,30.0,False,0.7640792856621151,0.5434537511459413,0.012901754855271758,1.1377735557925543,0.11963205305669708,0.13108071925132783,0.11540544587578483,1.2477962488183714,1.1529120609443535,45.0,False,0.7968039931378308,0.5197323741191185,0.011448666194630752,1.0956989862006707
chronos2,monash_traffic,Traffic,L4,4,block_depth,True,0.3333333333333333,0.09302646129083428,0.10910516990106979,0.09124074644544197,1.2469284774799476,1.0819872350158157,65.0,False,0.771076395257695,0.5565051229886224,0.016078708610235512,1.1728401616822515,0.0931558093828399,0.13329455614772462,0.1063945138585249,1.2688704189220852,1.062891939933509,0.3,False,0.7366688362198501,0.5285101921891483,0.040138746764884714,1.4308775483869995
chronos2,monash_traffic,Traffic,L5,5,block_depth,True,0.4166666666666667,0.08180123484203086,0.10920027967627721,0.09241131966123144,1.2480154570181343,1.0958685909502823,10.0,False,0.7751475913651055,0.556990242778979,0.02739904483424635,1.334946592030763,0.08997357772981249,0.1349400182802031,0.10967010686188254,1.2845340610519596,1.0956154448916782,0.3,False,0.7535947856132114,0.535034415930982,0.04496644055039062,1.4997738412206223
chronos2,monash_traffic,Traffic,L6,6,block_depth,True,0.5,0.08275036716638627,0.10621846337866692,0.09287052175015893,1.21393722168359,1.1013140834289004,30.0,False,0.8119964332216038,0.5417811005638508,0.023468096212280645,1.2836011127913585,0.08942758469405442,0.13155905832714251,0.11224008089940966,1.2523497003700097,1.1212897451094341,1.0,False,0.7736183498427125,0.5216289787832297,0.0421314736330881,1.4711239130210927
chronos2,monash_traffic,Traffic,L7,7,block_depth,True,0.5833333333333334,0.07601793995728366,0.10063444978010108,0.09164751187421893,1.150119296456027,1.08681090227774,1.0,False,0.792002638767764,0.5132991122469108,0.02461650982281742,1.323825005474366,0.08952612347013639,0.12354727143435988,0.11113083712358511,1.176083124414026,1.110208287748643,3.0,False,0.7682424317706118,0.48986240741785186,0.034021147964223494,1.3800136389863018
chronos2,monash_traffic,Traffic,L8,8,block_depth,True,0.6666666666666666,0.07470831836452187,0.10090284578445304,0.09159875629853656,1.1531867094976982,1.086232729557992,1.0,False,0.7936630540184075,0.5146681010083689,0.02619452741993117,1.3506239732518281,0.08470037913048797,0.12374949068513535,0.11085805770379441,1.1780081094461319,1.1074831937925693,1e-05,False,0.7622481402674043,0.49066420261624877,0.03904911155464738,1.461026408093038
chronos2,monash_traffic,Traffic,L9,9,block_depth,True,0.75,0.07662111756470659,0.0984187183887449,0.08989918032902798,1.12479640320694,1.0660781431962123,3.0,False,0.7245313269568674,0.5019974858292581,0.02179760082403831,1.2844855506790307,0.08298740747893814,0.1187720448489635,0.10400974292677777,1.1306263260797813,1.0390678374491247,0.3,False,0.7156780295011609,0.47092873155491866,0.035784637370025366,1.4312056305543388
chronos2,monash_traffic,Traffic,L10,10,block_depth,True,0.8333333333333334,0.07902386405343562,0.09567678704118456,0.08545340434114897,1.093459737092327,1.0133574777476755,10.0,False,0.6680820598554169,0.48801190803139544,0.01665292298774894,1.2107328360517564,0.08868012316738773,0.11430573959671358,0.10175850368922448,1.0881102415506005,1.0165777300772423,10.0,False,0.7047540699126371,0.4532199224672768,0.025625616429325856,1.288966856540742
chronos2,monash_traffic,Traffic,L11,11,block_depth,True,0.9166666666666666,0.07835270993283266,0.09154646422799306,0.08419937361742703,1.0462555840570171,0.998486432866471,10.0,False,0.7127075817580735,0.46694465881468067,0.013193754295160398,1.168389252987812,0.09491666153853644,0.10929464632716343,0.10522593738411674,1.0404081582851372,1.051217742920908,10.0,False,0.7464541267254396,0.43335104001995034,0.014377984788626993,1.1514800937535028
chronos2,monash_traffic,Traffic,L12,12,block_depth,True,1.0,0.08047777309030338,0.08749914038499804,0.08432700820551574,1.0,1.0,45.0,False,0.7150846195169995,0.4463007566507132,0.007021367294694658,1.0872460435357232,0.0935916475433231,0.10504977825943751,0.10009908802693582,1.0,1.0,30.0,False,0.7007749812404075,0.41652022484543505,0.011458130716114415,1.122426851293653
chronos2,monash_traffic,Traffic,L12+LN,13,head_input_diagnostic,False,,0.07588310167861506,0.08343519432512858,0.07715939468782367,,,30.0,False,0.6244056691650911,0.4255720707056066,0.00755209264651352,1.0995227195443147,0.0895711048846928,0.09674414761990081,0.08729237508569054,,,30.0,False,0.5956418827016373,0.3835885690268073,0.00717304273520801,1.0800821062154147
timesfm3,m4_hourly,M4,Emb,0,block_depth,True,0.0,,,,,,,,,,,,0.17897747457027435,0.2074013650417328,0.22164678573608398,1.5201638811953078,1.4106864367782952,30.0,False,3.4238206056016223,0.41816608721780196,0.028423890471458435,1.158812669246252
timesfm3,m4_hourly,M4,L1,1,block_depth,True,0.05,,,,,,,,,,,,0.1426803022623062,0.18449462950229645,0.18106962740421295,1.35226724273231,1.152430280652784,30.0,False,2.7018294807376737,0.37198114542857297,0.041814327239990234,1.293063068811825
timesfm3,m4_hourly,M4,L2,2,block_depth,True,0.1,,,,,,,,,,,,0.1328398436307907,0.17002533376216888,0.1778508573770523,1.2462134529414417,1.1319441941735935,30.0,False,2.711704759134998,0.34280791031881913,0.037185490131378174,1.279927235045006
timesfm3,m4_hourly,M4,L3,3,block_depth,True,0.15,,,,,,,,,,,,0.12442699819803238,0.15904280543327332,0.17561683058738708,1.1657161867521284,1.1177255747557029,30.0,False,2.7558326215553697,0.32066475374832676,0.034615807235240936,1.2782017386624402
timesfm3,m4_hourly,M4,L4,4,block_depth,True,0.2,,,,,,,,,,,,0.11293946206569672,0.1525946706533432,0.1704736053943634,1.1184540986190217,1.0849911590636385,30.0,False,2.3173672725480725,0.30766391698800055,0.039655208587646484,1.351119155894147
timesfm3,m4_hourly,M4,L5,5,block_depth,True,0.25,,,,,,,,,,,,0.10877078026533127,0.14670588076114655,0.16613100469112396,1.075291770848112,1.0573523738132262,30.0,False,2.1993528498921937,0.2957908407082368,0.03793510049581528,1.3487618678773643
timesfm3,m4_hourly,M4,L6,6,block_depth,True,0.3,,,,,,,,,,,,0.103566013276577,0.14684179425239563,0.16238795220851898,1.0762879589895085,1.0335294550561394,30.0,False,2.036241720317016,0.2960648717534245,0.043275780975818634,1.417856974567989
timesfm3,m4_hourly,M4,L7,7,block_depth,True,0.35,,,,,,,,,,,,0.10408151149749756,0.1467813104391098,0.165387824177742,1.0758446383376141,1.0526223495684615,30.0,False,2.0286434376973213,0.29594292328150074,0.042699798941612244,1.4102534477762545
timesfm3,m4_hourly,M4,L8,8,block_depth,True,0.4,,,,,,,,,,,,0.10247161239385605,0.14601729810237885,0.1653175950050354,1.0702447525371888,1.052175371097403,30.0,False,1.9934556807768617,0.2944025088807921,0.0435456857085228,1.4249536500035955
timesfm3,m4_hourly,M4,L9,9,block_depth,True,0.45,,,,,,,,,,,,0.1014314517378807,0.15003015100955963,0.16685305535793304,1.0996572592910299,1.0619479156748037,30.0,False,1.9567187259782417,0.3024932897608443,0.048598699271678925,1.4791284994842404
timesfm3,m4_hourly,M4,L10,10,block_depth,True,0.5,,,,,,,,,,,,0.10201308131217957,0.15354152023792267,0.1669534593820572,1.1253941037588764,1.0625869440936437,30.0,False,2.0064456381581914,0.3095729708936377,0.0515284389257431,1.5051159935857266
timesfm3,m4_hourly,M4,L11,11,block_depth,True,0.55,,,,,,,,,,,,0.10299951583147049,0.1556340754032135,0.1671660989522934,1.1407316439965876,1.06394030347875,30.0,False,1.9518790866602604,0.31379201547697977,0.05263455957174301,1.5110175435956859
timesfm3,m4_hourly,M4,L12,12,block_depth,True,0.6,,,,,,,,,,,,0.0990021750330925,0.14767803251743317,0.1650972068309784,1.0824172301557213,1.0507726951824958,30.0,False,1.9715706473867145,0.2977509092739692,0.04867585748434067,1.4916645262396535
timesfm3,m4_hourly,M4,L13,13,block_depth,True,0.65,,,,,,,,,,,,0.10097034275531769,0.1444258689880371,0.16303026676177979,1.0585802533251507,1.037617510858172,30.0,False,1.9683649143440654,0.2911938429894424,0.04345552623271942,1.4303791098147065
timesfm3,m4_hourly,M4,L14,14,block_depth,True,0.7,,,,,,,,,,,,0.09642896056175232,0.14277181029319763,0.15939714014530182,1.0464567058992884,1.0144942229478917,30.0,False,1.9300473275016707,0.28785890229457073,0.04634284973144531,1.4805905763317622
timesfm3,m4_hourly,M4,L15,15,block_depth,True,0.75,,,,,,,,,,,,0.09617616981267929,0.14014233648777008,0.1563643515110016,1.0271837801653818,0.9951918280233972,30.0,False,1.9708801403922138,0.2825573134046611,0.04396616667509079,1.4571420005675308
timesfm3,m4_hourly,M4,L16,16,block_depth,True,0.8,,,,,,,,,,,,0.09670593589544296,0.13819056749343872,0.1546267718076706,1.0128781427409492,0.9841328807340424,30.0,False,1.937480368735476,0.27862212424451094,0.04148463159799576,1.4289770965336432
timesfm3,m4_hourly,M4,L17,17,block_depth,True,0.85,,,,,,,,,,,,0.0975554808974266,0.1387692242860794,0.15241676568984985,1.017119451160514,0.970067142558534,30.0,False,1.9810390039178378,0.27978882170945707,0.0412137433886528,1.4224646632820808
timesfm3,m4_hourly,M4,L18,18,block_depth,True,0.9,,,,,,,,,,,,0.10349345207214355,0.1376955509185791,0.15451501309871674,1.009249881579104,0.9834215846311484,30.0,False,2.1974386049914183,0.27762406357998565,0.03420209884643555,1.3304759688815273
timesfm3,m4_hourly,M4,L19,19,block_depth,True,0.95,,,,,,,,,,,,0.09822558611631393,0.13666407763957977,0.15187643468379974,1.0016896207156456,0.966628168160262,30.0,False,1.9311460022753153,0.27554438997194514,0.03843849152326584,1.3913287061249893
timesfm3,m4_hourly,M4,L20,20,block_depth,True,1.0,,,,,,,,,,,,0.09020891785621643,0.13643355667591095,0.15711981058120728,1.0,1.0,30.0,False,1.9893889466439358,0.2750796097648348,0.04622463881969452,1.512417618104806
timesfm3,monash_electricity_hourly,Electricity,Emb,0,block_depth,True,0.0,0.15471138060092926,0.21712997555732727,0.20099397003650665,1.6506322798960005,1.1896425906620594,3.0,False,1.2760111027042427,0.713821937319305,0.06241859495639801,1.403451864458529,0.1871284544467926,0.27635490894317627,0.24359802901744843,1.7046858707657373,1.1781885045449474,3.0,False,1.2689310087252739,0.6544980047130481,0.08922645449638367,1.4768192777531541
timesfm3,monash_electricity_hourly,Electricity,L1,1,block_depth,True,0.05,0.11893437057733536,0.14039668440818787,0.16933809220790863,1.0673021939033973,1.0022778627408437,1.0,False,1.1024204105498097,0.46155871845985547,0.02146231383085251,1.180455100797771,0.14299552142620087,0.17246267199516296,0.2064415067434311,1.063830135346396,0.998476921537928,1.0,False,1.101067149906306,0.408447510992195,0.029467150568962097,1.2060704438507182
timesfm3,monash_electricity_hourly,Electricity,L2,2,block_depth,True,0.1,0.12050722539424896,0.1508575677871704,0.16683357954025269,1.146826321040865,0.9874541596329596,3.0,False,1.08446821634734,0.49594921668788633,0.030350342392921448,1.2518549596808648,0.1446690559387207,0.18401400744915009,0.20676244795322418,1.1350841558093945,1.0000291887936943,3.0,False,1.1140354835504758,0.4358048177081043,0.03934495151042938,1.2719652192041346
timesfm3,monash_electricity_hourly,Electricity,L3,3,block_depth,True,0.15,0.11703173071146011,0.14744314551353455,0.1639341413974762,1.1208697224293975,0.9702929726430687,10.0,False,1.0359460223069195,0.48472419114299353,0.030411414802074432,1.259856148560712,0.12833340466022491,0.1871103048324585,0.19590908288955688,1.1541835610676525,0.9475357018585983,3.0,False,1.0384399758182714,0.44313785357536395,0.05877690017223358,1.4580015649693945
timesfm3,monash_electricity_hourly,Electricity,L4,4,block_depth,True,0.2,0.12195883691310883,0.15902096033096313,0.16391964256763458,1.2088848148607978,0.9702071570064542,30.0,False,1.0410291960797728,0.5227866382173222,0.03706212341785431,1.303890430213431,0.13156473636627197,0.19414035975933075,0.19874514639377594,1.1975482161424438,0.9612526331174756,10.0,False,1.0546300816144423,0.45978730243175137,0.06257562339305878,1.4756261071268388
timesfm3,monash_electricity_hourly,Electricity,L5,5,block_depth,True,0.25,0.12240666151046753,0.16261261701583862,0.1693345159292221,1.236188757797016,1.002256695471792,65.0,False,1.1641169008377303,0.5345943277194414,0.040205955505371094,1.3284621523799414,0.12484584003686905,0.20376946032047272,0.20267635583877563,1.256944995948285,0.9802663574720574,10.0,False,1.0711525089740042,0.48259213382971494,0.07892362028360367,1.6321686029770492
timesfm3,monash_electricity_hourly,Electricity,L6,6,block_depth,True,0.3,0.0969952866435051,0.16321414709091187,0.16923758387565613,1.2407616177012997,1.001682974283532,10.0,False,1.0806291699444515,0.5365718776290863,0.06621886044740677,1.6827018377788447,0.12109186500310898,0.20502911508083344,0.20432543754577637,1.2647151335595235,0.98824232147341,10.0,False,1.0825862200632699,0.48557540461884685,0.08393725007772446,1.693170016628032
timesfm3,monash_electricity_hourly,Electricity,L7,7,block_depth,True,0.35,0.1110164225101471,0.15897302329540253,0.16907817125320435,1.2085203952632928,1.0007394432655452,45.0,False,1.083606384952458,0.5226290436359873,0.04795660078525543,1.4319775372051113,0.13416527211666107,0.20031005144119263,0.20232293009757996,1.2356057497584414,0.9785569752280113,30.0,False,1.0694241449053306,0.47439913223754504,0.06614477932453156,1.4930096908163875
timesfm3,monash_electricity_hourly,Electricity,L8,8,block_depth,True,0.4,0.10994474589824677,0.16400472819805145,0.1707836538553238,1.2467716524372727,1.0108338492855165,45.0,False,1.104472406602354,0.5391709390256434,0.05405998229980469,1.4917013710672167,0.14131926000118256,0.20870043337345123,0.2068420946598053,1.2873615357690684,1.0004144087993618,45.0,False,1.0966149891403947,0.49427027639215393,0.06738117337226868,1.476801062867898
timesfm3,monash_electricity_hourly,Electricity,L9,9,block_depth,True,0.45,0.10325828194618225,0.1718592792749405,0.17508935928344727,1.306482318909401,1.0363184474513727,30.0,False,1.1084252608698462,0.5649930340730315,0.06860099732875824,1.6643631487546227,0.11477590352296829,0.2164599448442459,0.21435150504112244,1.3352258187626018,1.0367344932551545,10.0,False,1.1410618277302655,0.512647314797603,0.10168404132127762,1.8859354463799032
timesfm3,monash_electricity_hourly,Electricity,L10,10,block_depth,True,0.5,0.10244759917259216,0.17901849746704102,0.17648985981941223,1.3609070321087988,1.0446077264059916,30.0,False,1.127654423648966,0.5885291993881128,0.07657089829444885,1.7474152533867664,0.13100627064704895,0.22413118183612823,0.21462875604629517,1.3825455836307778,1.038075448058794,30.0,False,1.143367433499115,0.5308152906228497,0.09312491118907928,1.7108431583398944
timesfm3,monash_electricity_hourly,Electricity,L11,11,block_depth,True,0.55,0.11643531918525696,0.18160347640514374,0.17580804228782654,1.3805581634974131,1.0405721865612536,65.0,False,1.163928361771682,0.5970274026821987,0.06516815721988678,1.5596940659921201,0.13114571571350098,0.21718056499958038,0.21240314841270447,1.339670939718424,1.0273110533709526,30.0,False,1.126308373412278,0.5143539769141764,0.0860348492860794,1.6560248561533637
timesfm3,monash_electricity_hourly,Electricity,L12,12,block_depth,True,0.6,0.11622833460569382,0.17286135256290436,0.17318491637706757,1.3141001271447175,1.0250464356964826,65.0,False,1.1242952070044256,0.5682873829712629,0.05663301795721054,1.4872565553772994,0.13955776393413544,0.21414299309253693,0.2092873454093933,1.3209337805661812,1.0122411314354804,45.0,False,1.1105817362540273,0.5071600220105523,0.07458522915840149,1.5344398409364177
timesfm3,monash_electricity_hourly,Electricity,L13,13,block_depth,True,0.65,0.11406420916318893,0.14677612483501434,0.1751488298177719,1.1157989998794708,1.0366704414963142,65.0,False,1.1530699072365365,0.48253133872014775,0.03271191567182541,1.2867851003554083,0.14646455645561218,0.18826761841773987,0.2171676605939865,1.161322410615934,1.0503551375303888,65.0,False,1.171498068355756,0.4458787472880561,0.041803061962127686,1.2854141846583655
timesfm3,monash_electricity_hourly,Electricity,L14,14,block_depth,True,0.7,0.11368578672409058,0.1421690583229065,0.17163477838039398,1.0807758637095626,1.0158714829259516,65.0,False,1.146917122633477,0.4673854560082352,0.028483271598815918,1.250543822755463,0.1462821513414383,0.17763394117355347,0.20994530618190765,1.095728933656294,1.0154234306591017,65.0,False,1.1253803740863915,0.4206947526715045,0.03135178983211517,1.2143240958969541
timesfm3,monash_electricity_hourly,Electricity,L15,15,block_depth,True,0.75,0.11369248479604721,0.13477124273777008,0.16697530448436737,1.0245373219135687,0.9882930008660941,65.0,False,1.0896197732134132,0.443064893914685,0.02107875794172287,1.1854015063487795,0.1369745433330536,0.16789086163043976,0.20369145274162292,1.0356290783709017,0.9851759846425144,45.0,False,1.095921219698504,0.3976199820979895,0.03091631829738617,1.2257084969592718
timesfm3,monash_electricity_hourly,Electricity,L16,16,block_depth,True,0.8,0.1135195791721344,0.13064885139465332,0.1668003499507904,0.993198709159404,0.987257480424686,65.0,False,1.0895767623858064,0.42951239676463115,0.01712927222251892,1.150892668449247,0.14502817392349243,0.16148187220096588,0.20263062417507172,0.9960954447253437,0.9800451712798414,65.0,False,1.087085799604947,0.3824414176575794,0.01645369827747345,1.1134517372200616
timesfm3,monash_electricity_hourly,Electricity,L17,17,block_depth,True,0.85,0.10801605880260468,0.12460342049598694,0.16409927606582642,0.9472410593157747,0.9712703712915386,45.0,False,1.0868334888337685,0.40963784381569174,0.016587361693382263,1.1535638485356612,0.13228930532932281,0.1567487120628357,0.20226319134235382,0.9668991071520489,0.9782680422059867,30.0,False,1.0873371230143811,0.3712317601984802,0.02445940673351288,1.1848933039040708
timesfm3,monash_electricity_hourly,Electricity,L18,18,block_depth,True,0.9,0.11076315492391586,0.11890870332717896,0.16553418338298798,0.9039495517310441,0.9797632970138275,30.0,False,1.0707226732716222,0.3909162737906872,0.008145548403263092,1.0735402346462444,0.137074276804924,0.1466817557811737,0.1973269283771515,0.9048014292038197,0.9543932665993426,30.0,False,1.0566127273301686,0.34738994452356475,0.009607478976249695,1.0700895835469006
timesfm3,monash_electricity_hourly,Electricity,L19,19,block_depth,True,0.95,0.11386141180992126,0.11662742495536804,0.16490237414836884,0.8866071663221464,0.976023746147998,45.0,False,1.0651610439037167,0.3834164960987731,0.0027660131454467773,1.0242928056264078,0.1346883624792099,0.14201414585113525,0.19581256806850433,0.8760094358630447,0.9470688973727779,30.0,False,1.0481246087623453,0.33633553120530113,0.007325783371925354,1.0543906187370577
timesfm3,monash_electricity_hourly,Electricity,L20,20,block_depth,True,1.0,0.10534900426864624,0.13154351711273193,0.16895323991775513,1.0,1.0,45.0,False,1.0966017273570603,0.43245363974360174,0.026194512844085693,1.2486450918633092,0.13480912148952484,0.16211485862731934,0.20675641298294067,1.0,1.0,45.0,False,1.106024679717857,0.3839405346974868,0.027305737137794495,1.2025511095695127
timesfm3,uber_tlc_hourly,Uber TLC,Emb,0,block_depth,True,0.0,0.24113532900810242,0.23068931698799133,0.31709733605384827,1.116454225212197,1.2051235090590224,10.0,False,1.1658821612901973,0.8460381532027046,-0.010446012020111084,0.9566798773822144,0.30660223960876465,0.29053133726119995,0.3949567973613739,1.1199830979138814,1.2135742322713077,10.0,False,1.1567586872522824,0.8540451475383088,-0.016070902347564697,0.9475838716374945
timesfm3,uber_tlc_hourly,Uber TLC,L1,1,block_depth,True,0.05,0.20403404533863068,0.21481013298034668,0.28897368907928467,1.0396046237233698,1.0982400247910633,10.0,False,1.035585518067696,0.7878022726357127,0.010776087641716003,1.0528151447658216,0.27324196696281433,0.26740166544914246,0.36623498797416687,1.030819423750533,1.1253214208008158,30.0,False,1.0559505152797142,0.7860532256979402,-0.005840301513671875,0.9786258985814332
timesfm3,uber_tlc_hourly,Uber TLC,L2,2,block_depth,True,0.1,0.20654311776161194,0.21014870703220367,0.2904199957847595,1.0170449804626074,1.1037366910001463,45.0,False,1.050971227687197,0.7707067943883893,0.003605589270591736,1.017456835694488,0.2634802758693695,0.2632967233657837,0.36109837889671326,1.014995086883409,1.109538285887594,45.0,False,1.0495488311160237,0.7739863488499309,-0.00018355250358581543,0.9993033539114828
timesfm3,uber_tlc_hourly,Uber TLC,L3,3,block_depth,True,0.15,0.19887232780456543,0.20960797369480133,0.28390857577323914,1.0144280234784773,1.0789901402063293,45.0,False,1.0173405908285331,0.7687236898384078,0.010735645890235901,1.0539826028525496,0.25463786721229553,0.26421958208084106,0.3538774847984314,1.0185526589249323,1.0873508186248977,45.0,False,1.023588308508309,0.7766991818781616,0.009581714868545532,1.037628790145957
timesfm3,uber_tlc_hourly,Uber TLC,L4,4,block_depth,True,0.2,0.20453275740146637,0.21054208278656006,0.28464779257774353,1.0189487791680762,1.0817995222102466,65.0,False,1.0458966762936852,0.7721494745309975,0.006009325385093689,1.0293807479126598,0.2621718943119049,0.2647334337234497,0.3546801209449768,1.020533530110747,1.0898170593677956,65.0,False,1.0401362866265305,0.7782096988022961,0.0025615394115448,1.0097704577306725
timesfm3,uber_tlc_hourly,Uber TLC,L5,5,block_depth,True,0.25,0.1974254846572876,0.20980316400527954,0.2763305604457855,1.0153726751411514,1.050190010451934,45.0,False,1.0073584366940578,0.7694395376806754,0.012377679347991943,1.0626954487131104,0.25184690952301025,0.26418381929397583,0.3439921736717224,1.0184147952534917,1.0569764613749264,45.0,False,1.0104033483897201,0.7765940536848567,0.012336909770965576,1.0489857500905264
timesfm3,uber_tlc_hourly,Uber TLC,L6,6,block_depth,True,0.3,0.19376841187477112,0.21047033369541168,0.27810993790626526,1.018601539092057,1.0569525069011307,30.0,False,1.011465324822061,0.7718863393786561,0.016701921820640564,1.0861952764077702,0.24708491563796997,0.264628529548645,0.34494248032569885,1.0201291300078548,1.059896445726953,30.0,False,1.0088356727112628,0.777901322768602,0.01754361391067505,1.071002367203913
timesfm3,uber_tlc_hourly,Uber TLC,L7,7,block_depth,True,0.35,0.19488568603992462,0.21031372249126434,0.27492961287498474,1.0178435965792922,1.0448657309308835,30.0,False,1.005239167054006,0.7713119779142518,0.015428036451339722,1.0791645439171922,0.24793972074985504,0.26332488656044006,0.344696044921875,1.0151036545246686,1.0591392296010427,30.0,False,1.00904052670799,0.7740691373021584,0.015385165810585022,1.06205204137544
timesfm3,uber_tlc_hourly,Uber TLC,L8,8,block_depth,True,0.4,0.19746549427509308,0.21047233045101166,0.2750397324562073,1.018611202678804,1.045284238691909,30.0,False,1.0035473932725896,0.7718936623507047,0.013006836175918579,1.0658689064824587,0.24913296103477478,0.26325324177742004,0.34038859605789185,1.014827467636216,1.0459038352918941,30.0,False,0.9951537702830082,0.7738585304882378,0.014120280742645264,1.056677690033453
timesfm3,uber_tlc_hourly,Uber TLC,L9,9,block_depth,True,0.45,0.19863931834697723,0.21292860805988312,0.27606311440467834,1.0304987124712985,1.0491735859194735,30.0,False,1.005677472717393,0.7809019016532248,0.014289289712905884,1.0719358575724962,0.25206995010375977,0.26775896549224854,0.34413936734199524,1.0321967967146168,1.0574287398180118,30.0,False,1.0065402374790513,0.787103543955883,0.01568901538848877,1.062240720807977
timesfm3,uber_tlc_hourly,Uber TLC,L10,10,block_depth,True,0.5,0.1985648274421692,0.21302899718284607,0.27612897753715515,1.0309845601124494,1.0494238977332397,30.0,False,0.9931647998983149,0.7812700722703221,0.01446416974067688,1.0728435641246157,0.25168681144714355,0.26761823892593384,0.34386956691741943,1.0316543031674983,1.0565997305559647,30.0,False,1.0044975699411964,0.7866898645152286,0.015931427478790283,1.0632986185775413
timesfm3,uber_tlc_hourly,Uber TLC,L11,11,block_depth,True,0.55,0.19831964373588562,0.21341107785701752,0.27713173627853394,1.032833694648111,1.053234866782014,30.0,False,1.014854580974982,0.7826713284367153,0.015091434121131897,1.0760965168999097,0.25210991501808167,0.26559796929359436,0.3449861705303192,1.0238662694814293,1.0600306915656985,30.0,False,1.0113117221484322,0.7807510852686121,0.013488054275512695,1.0535006894692949
timesfm3,uber_tlc_hourly,Uber TLC,L12,12,block_depth,True,0.6,0.1998782753944397,0.21378867328166962,0.27628612518310547,1.0346611221717512,1.0500211349250899,30.0,False,1.014497681156773,0.7840561352405219,0.01391039788722992,1.0695943461578261,0.2526135742664337,0.26726508140563965,0.34276309609413147,1.0302928994120228,1.0531999043246574,30.0,False,1.003739922506225,0.7856517236063436,0.014651507139205933,1.0579996826447373
timesfm3,uber_tlc_hourly,Uber TLC,L13,13,block_depth,True,0.65,0.20354343950748444,0.21061447262763977,0.2697470486164093,1.0192991202458128,1.0251694758221441,45.0,False,0.9924208148608786,0.7724149595922797,0.0070710331201553345,1.0347396759004621,0.24938422441482544,0.2632332146167755,0.3303937315940857,1.0147502639802093,1.0151928561434045,30.0,False,0.966005433983998,0.7737996586999871,0.013848990201950073,1.0555327436386421
timesfm3,uber_tlc_hourly,Uber TLC,L14,14,block_depth,True,0.7,0.19624613225460052,0.2099945992231369,0.265242338180542,1.0162991534914358,1.0080493936564416,30.0,False,0.9676200952188231,0.7701416139635682,0.013748466968536377,1.0700572633487613,0.2479066401720047,0.2630104422569275,0.33107706904411316,1.0138914881935275,1.017292530656768,30.0,False,0.9702685881108499,0.7731447976625259,0.01510380208492279,1.060925363170762
timesfm3,uber_tlc_hourly,Uber TLC,L15,15,block_depth,True,0.75,0.19512417912483215,0.20849177241325378,0.26376232504844666,1.0090260063706114,1.0024246266956076,30.0,False,0.9552375104543382,0.7646300938142272,0.01336759328842163,1.0685081333762825,0.25472161173820496,0.2614891231060028,0.33171340823173523,1.0080268824968397,1.0192477947419587,45.0,False,0.9731088329155473,0.768672731926167,0.0067675113677978516,1.0265682653372705
timesfm3,uber_tlc_hourly,Uber TLC,L16,16,block_depth,True,0.8,0.2003733366727829,0.20912106335163116,0.26414361596107483,1.0120715506386009,1.0038737168971121,45.0,False,0.973915324013622,0.7669379776394661,0.008747726678848267,1.043657139338522,0.24440640211105347,0.26177167892456055,0.3286707401275635,1.009116120387613,1.009898661790594,30.0,False,0.9596846983554859,0.7695033322601028,0.01736527681350708,1.0710508262611576
timesfm3,uber_tlc_hourly,Uber TLC,L17,17,block_depth,True,0.85,0.19356641173362732,0.2090369313955307,0.26231494545936584,1.0116643819014866,0.9969238830090154,30.0,False,0.941321927312393,0.7666294291306148,0.015470519661903381,1.0799235751871705,0.2436314970254898,0.26117822527885437,0.32558465003967285,1.0068283876464499,1.0004161071563837,30.0,False,0.9545085486721484,0.7677588174990373,0.017546728253364563,1.0720215919024982
timesfm3,uber_tlc_hourly,Uber TLC,L18,18,block_depth,True,0.9,0.2005598098039627,0.20638558268547058,0.2606256902217865,0.9988327973768698,0.990503894670601,45.0,False,0.9582627536492098,0.7569057791781881,0.0058257728815078735,1.0290475588663666,0.24602752923965454,0.25796791911125183,0.3218019902706146,0.9944528254068041,0.9887932196511,30.0,False,0.944154390286881,0.7583218100133755,0.01194038987159729,1.0485327390333063
timesfm3,uber_tlc_hourly,Uber TLC,L19,19,block_depth,True,0.95,0.19883327186107635,0.20699839293956757,0.26277804374694824,1.0017985809960375,0.9986838808706049,30.0,False,0.9479176017413798,0.759153221159504,0.008165121078491211,1.0410651648090172,0.25564044713974,0.25860396027565,0.3255477547645569,0.9969047308033742,1.0003027399337598,45.0,False,0.9540212440735303,0.7601915149313015,0.002963513135910034,1.011592504899235
timesfm3,uber_tlc_hourly,Uber TLC,L20,20,block_depth,True,1.0,0.19465696811676025,0.206626757979393,0.26312434673309326,1.0,1.0,45.0,False,0.9362193143759889,0.7577902739737528,0.011969789862632751,1.0614917101526669,0.24034257233142853,0.2594068944454193,0.32544922828674316,1.0,1.0,30.0,False,0.9410786152001108,0.7625518180846501,0.019064322113990784,1.0793214532450845
timesfm3,wind_farms_hourly,Wind Farms,Emb,0,block_depth,True,0.0,12.043371200561523,0.20789262652397156,0.6302698254585266,1.0371861682917216,1.0371255242674968,30.0,False,4.80579227337263,0.7424959076810602,-11.835478574037552,0.017261996085803494,12.093559265136719,0.24468295276165009,0.6811544299125671,0.9655527638959223,1.0403180451274294,30.0,False,4.785387299007486,0.720569358497726,-11.848876312375069,0.020232501234522533
timesfm3,wind_farms_hourly,Wind Farms,L1,1,block_depth,True,0.05,12.01396369934082,0.2000897079706192,0.6121832728385925,0.9982570377536997,1.0073636276790092,10.0,False,4.674747608867181,0.7146275066189153,-11.813873991370201,0.016654762156605957,12.06399917602539,0.24218595027923584,0.6591688394546509,0.9556992468399195,1.006739747047378,10.0,False,4.667157627426919,0.7132159100591944,-11.821813225746155,0.020075096719214675
timesfm3,wind_farms_hourly,Wind Farms,L2,2,block_depth,True,0.1,12.000889778137207,0.19924211502075195,0.609999418258667,0.9940283563490587,1.0037700377043002,10.0,False,4.690597806405143,0.7116002982605506,-11.801647663116455,0.01660227855635539,12.048093795776367,0.24245652556419373,0.6549192070960999,0.956766974326793,1.000249340417672,10.0,False,4.678403071093521,0.7140127300145975,-11.805637270212173,0.020124056939960937
timesfm3,wind_farms_hourly,Wind Farms,L3,3,block_depth,True,0.15,12.008360862731934,0.19936318695545197,0.608119547367096,0.9946323899703506,1.0006766608596172,30.0,False,4.704602841712495,0.7120327109802939,-11.808997675776482,0.016602031637321758,12.037151336669922,0.24630135297775269,0.6540622711181641,0.9719391949247722,0.9989405535666785,10.0,False,4.690446416026242,0.7253354020342596,-11.79084998369217,0.02046176425708144
timesfm3,wind_farms_hourly,Wind Farms,L4,4,block_depth,True,0.2,12.00693416595459,0.20130588114261627,0.6084403395652771,1.0043245833580523,1.0012045328333032,30.0,False,4.708017475271532,0.7189711123462459,-11.805628284811974,0.016765802024084956,12.055630683898926,0.24762845039367676,0.6526065468788147,0.9771761048256955,0.9967172454174253,30.0,False,4.715261836361222,0.7292435849414192,-11.808002233505249,0.020540480783340566
timesfm3,wind_farms_hourly,Wind Farms,L5,5,block_depth,True,0.25,12.006399154663086,0.2020910680294037,0.609684944152832,1.0082419179558044,1.0032525623172384,30.0,False,4.731202602268297,0.7217754352313447,-11.804308086633682,0.01683194648338131,12.054108619689941,0.24960556626319885,0.6528569459915161,0.9849780774225324,0.9970996766312408,30.0,False,4.729893092118019,0.7350660139161299,-11.804503053426743,0.020707094496848766
timesfm3,wind_farms_hourly,Wind Farms,L6,6,block_depth,True,0.3,12.005569458007812,0.2028845250606537,0.6124156713485718,1.0122005126963034,1.0077460455209641,30.0,False,4.736092847594973,0.7246092952314538,-11.802684932947159,0.01689920047277125,12.051383972167969,0.2489376813173294,0.655461847782135,0.9823425110777168,1.0010781082754618,30.0,False,4.740307128764475,0.7330991526306841,-11.80244629085064,0.02065635630664808
timesfm3,wind_farms_hourly,Wind Farms,L7,7,block_depth,True,0.35,12.002579689025879,0.20221376419067383,0.6142653822898865,1.0088540549204468,1.010789793376668,30.0,False,4.731207574590861,0.7222136489340358,-11.800365924835205,0.01684752523455942,12.04780101776123,0.2475845068693161,0.659559965133667,0.9770026976024996,1.0073371080626259,30.0,False,4.737457089749639,0.7291141752019938,-11.800216510891914,0.020550182270135404
timesfm3,wind_farms_hourly,Wind Farms,L8,8,block_depth,True,0.4,11.999236106872559,0.2031574547290802,0.6142834424972534,1.0135621717495444,1.010819511921452,30.0,False,4.733525790496953,0.7255840732468157,-11.796078652143478,0.016930865675084252,12.044739723205566,0.2490599900484085,0.660420835018158,0.9828251582421764,1.008651903116455,30.0,False,4.737579899711687,0.7334593408779553,-11.795679733157158,0.020677905523235673
timesfm3,wind_farms_hourly,Wind Farms,L9,9,block_depth,True,0.45,11.998656272888184,0.20476289093494415,0.6142277121543884,1.0215717690817752,1.0107278061809473,30.0,False,4.736832468806123,0.7313179457406511,-11.79389338195324,0.017065485190839284,12.043810844421387,0.25221124291419983,0.6597777009010315,0.9952604377741499,1.0076696529862315,30.0,False,4.7300727356511265,0.7427394980378179,-11.791599601507187,0.020941149456114416
timesfm3,wind_farms_hourly,Wind Farms,L10,10,block_depth,True,0.5,11.998109817504883,0.205706387758255,0.6145086288452148,1.026278919457079,1.0111900619616947,30.0,False,4.717585717528757,0.7346876781930795,-11.792403429746628,0.017144899562274014,12.042852401733398,0.2528148293495178,0.6582872271537781,0.9976422733057779,1.0053932723785983,30.0,False,4.726186934479135,0.7445170059744607,-11.79003757238388,0.020992935968652135
timesfm3,wind_farms_hourly,Wind Farms,L11,11,block_depth,True,0.55,11.996926307678223,0.2055821567773819,0.6143976449966431,1.0256591252046838,1.0110074351287324,30.0,False,4.740047738307036,0.7342439828276027,-11.79134415090084,0.017136235691120823,12.041895866394043,0.25236988067626953,0.6588722467422485,0.9958864443181116,1.006286764966934,30.0,False,4.735319116498731,0.7432066720242273,-11.789525985717773,0.02095765346888371
timesfm3,wind_farms_hourly,Wind Farms,L12,12,block_depth,True,0.6,11.996983528137207,0.20530784130096436,0.6165863871574402,1.0242905522896852,1.0146090677459239,30.0,False,4.747889947487554,0.7332642553497254,-11.791675686836243,0.01711328858787246,12.042252540588379,0.25113752484321594,0.6617404818534851,0.9910233978031087,1.0106673820676264,30.0,False,4.746750157601893,0.739577494584435,-11.791115015745163,0.020854696743550064
timesfm3,wind_farms_hourly,Wind Farms,L13,13,block_depth,True,0.65,11.996245384216309,0.2071901261806488,0.6150748133659363,1.0336813607788369,1.0121217334366193,30.0,False,4.750145150477539,0.7399869027260357,-11.78905525803566,0.01727124775667334,12.04099178314209,0.2562941312789917,0.6587514281272888,1.0113720798023687,1.0061022403131838,30.0,False,4.7480307663482355,0.7547632382151803,-11.784697651863098,0.02128513463798012
timesfm3,wind_farms_hourly,Wind Farms,L14,14,block_depth,True,0.7,12.003593444824219,0.20555195212364197,0.6155097484588623,1.025508432755409,1.0128374305365797,45.0,False,4.768170824987079,0.7341361058327818,-11.798041492700577,0.01712420143755144,12.038880348205566,0.2545030415058136,0.6583125591278076,1.0043041919035232,1.0054319615635237,30.0,False,4.734564898511932,0.7494886394157781,-11.784377306699753,0.02114009227973996
timesfm3,wind_farms_hourly,Wind Farms,L15,15,block_depth,True,0.75,12.003134727478027,0.2032780647277832,0.612743616104126,1.0141639007502505,1.0082856872153567,45.0,False,4.74036752504701,0.7260148361457206,-11.799856662750244,0.01693541473482185,12.038665771484375,0.25245401263237,0.6548170447349548,0.9962184406498049,1.0000933092107025,30.0,False,4.710492738753211,0.7434544330919775,-11.786211758852005,0.02097026509618285
timesfm3,wind_farms_hourly,Wind Farms,L16,16,block_depth,True,0.8,12.001161575317383,0.20065347850322723,0.6115521192550659,1.0010697156648332,1.0063250479076673,45.0,False,4.754095969902182,0.7166410331221478,-11.800508096814156,0.016719504794928217,12.037459373474121,0.24908557534217834,0.6573109030723572,0.9829261213490694,1.003902145674886,30.0,False,4.727455106430401,0.7335346872742229,-11.788373798131943,0.020692537155395603
timesfm3,wind_farms_hourly,Wind Farms,L17,17,block_depth,True,0.85,11.99411392211914,0.19784533977508545,0.6100432276725769,0.9870597784382374,1.0038421272436275,30.0,False,4.698626905105839,0.7066116658054308,-11.796268582344055,0.016495202651879582,12.038010597229004,0.2449537068605423,0.6539715528488159,0.9666211970073053,0.9988020007679576,30.0,False,4.710409721244492,0.7213667050441339,-11.793056890368462,0.02034835447951238
timesfm3,wind_farms_hourly,Wind Farms,L18,18,block_depth,True,0.9,11.997604370117188,0.19676059484481812,0.6060246825218201,0.9816479345618596,0.9972295058266983,30.0,False,4.696552247979067,0.7027374607166399,-11.80084377527237,0.01639999026263076,12.041170120239258,0.24573944509029388,0.6482667326927185,0.969721828705887,0.9900891052893851,30.0,False,4.709572668969634,0.7236806336843149,-11.795430675148964,0.020408269515040375
timesfm3,wind_farms_hourly,Wind Farms,L19,19,block_depth,True,0.95,11.986647605895996,0.19931861758232117,0.6117613911628723,0.9944100312551157,1.006669410319338,10.0,False,4.678618378697275,0.7118735298794012,-11.787328988313675,0.016628387196790557,12.026355743408203,0.24933670461177826,0.6524087190628052,0.983917112170541,0.9964151056415022,10.0,False,4.67735709506361,0.7342742404578559,-11.777019038796425,0.020732523628235664
timesfm3,wind_farms_hourly,Wind Farms,L20,20,block_depth,True,1.0,12.000570297241211,0.20043906569480896,0.6077083349227905,1.0,1.0,30.0,False,4.730830030987012,0.7158752501529927,-11.800131231546402,0.01670246169391529,12.022486686706543,0.25341230630874634,0.6547559499740601,1.0,1.0,10.0,False,4.74280797228747,0.7462765220517734,-11.769074380397797,0.021078193963728686
timesfm3,sg_carpark,SG Carpark,Emb,0,block_depth,True,0.0,0.16489087045192719,0.19568324089050293,0.17352697253227234,1.1804769432197826,1.2940960884179868,0.1,False,1.044155775250595,0.5852925174391435,0.030792370438575745,1.186743937697588,0.21066582202911377,0.23831310868263245,0.20263125002384186,1.1552057103975522,1.2587628139755518,3.0,False,1.0303590102829117,0.5320437235264152,0.027647286653518677,1.131237646369129
timesfm3,sg_carpark,SG Carpark,L1,1,block_depth,True,0.05,0.14064016938209534,0.19276127219200134,0.14809715747833252,1.162849901365334,1.1044505035831795,10.0,False,0.8659824390642973,0.576552850170543,0.052121102809906006,1.3705989763728303,0.16625727713108063,0.23148147761821747,0.17093290388584137,1.122089868551641,1.061849951925173,10.0,False,0.8626343025484019,0.5167918288683225,0.06522420048713684,1.3923088457398034
timesfm3,sg_carpark,SG Carpark,L2,2,block_depth,True,0.1,0.13532017171382904,0.18805067241191864,0.1510096937417984,1.1344327798795169,1.1261710564800829,10.0,False,0.8860184742390204,0.5624633512876231,0.0527305006980896,1.38967213853085,0.16089937090873718,0.2236754596233368,0.1768701672554016,1.0842507559111312,1.0987327444140031,10.0,False,0.8968824717738508,0.49936457569341913,0.06277608871459961,1.3901574528231466
timesfm3,sg_carpark,SG Carpark,L3,3,block_depth,True,0.15,0.12196371704339981,0.18027399480342865,0.1423533856868744,1.0875192651099364,1.0616157067811482,10.0,False,0.854045578203451,0.5392031518240797,0.05831027776002884,1.4780952825443947,0.14523698389530182,0.21626132726669312,0.16629600524902344,1.0483112808088864,1.0330451373888487,10.0,False,0.8356601054303573,0.48281222317050543,0.0710243433713913,1.4890238110603509
timesfm3,sg_carpark,SG Carpark,L4,4,block_depth,True,0.2,0.11296895891427994,0.1765367090702057,0.13786329329013824,1.064973749110625,1.0281303591002802,10.0,False,0.8362790656460463,0.5280248548721632,0.06356775015592575,1.562701035460197,0.13883887231349945,0.21187283098697662,0.1640784740447998,1.0270383596909034,1.019269642156111,10.0,False,0.8195807924246479,0.4730147264476055,0.07303395867347717,1.5260339374448808
timesfm3,sg_carpark,SG Carpark,L5,5,block_depth,True,0.25,0.1196514144539833,0.1748608648777008,0.1294282227754593,1.054864066642785,0.965224912187433,30.0,False,0.788133499923409,0.5230123711162558,0.0552094504237175,1.4614191204981575,0.13153506815433502,0.2083684206008911,0.1561651974916458,1.0100509815648697,0.9701116852237874,10.0,False,0.7757327743730738,0.465190987498102,0.07683335244655609,1.584128274874991
timesfm3,sg_carpark,SG Carpark,L6,6,block_depth,True,0.3,0.11866184324026108,0.17287057638168335,0.12658946216106415,1.0428574703230786,0.9440545491399214,30.0,False,0.7633349204547143,0.517059378111014,0.05420873314142227,1.4568337357752223,0.13276658952236176,0.21361348032951355,0.1528192013502121,1.0354760325969972,0.9493260684048276,10.0,False,0.7571264218453055,0.4769007970153411,0.0808468908071518,1.6089400284966635
timesfm3,sg_carpark,SG Carpark,L7,7,block_depth,True,0.35,0.11699574440717697,0.17247751355171204,0.1280822902917862,1.0404862830619401,0.9551874757187473,30.0,False,0.7706134279213331,0.515883719264509,0.055481769144535065,1.474220403704971,0.15633319318294525,0.2112463414669037,0.15796005725860596,1.024001496653477,0.9812615090080479,45.0,False,0.7898707207494577,0.47161606307213094,0.054913148283958435,1.351257126947427
timesfm3,sg_carpark,SG Carpark,L8,8,block_depth,True,0.4,0.11560335755348206,0.17107485234737396,0.12822303175926208,1.0320246018094483,0.9562370703718488,30.0,False,0.7740320419792757,0.5116883313321279,0.05547149479389191,1.479843284553642,0.12773990631103516,0.21050401031970978,0.15435169637203217,1.0204030996329154,0.9588460597479337,10.0,False,0.7681558120308499,0.46995877854495605,0.08276410400867462,1.6479111062376348
timesfm3,sg_carpark,SG Carpark,L9,9,block_depth,True,0.45,0.1166815310716629,0.17457890510559082,0.1294531524181366,1.0531631186802686,0.9654108276828951,30.0,False,0.7819149428813222,0.5221690237550622,0.05789737403392792,1.4961999855689996,0.1277940273284912,0.21236492693424225,0.1518753618001938,1.0294237595184128,0.9434628556586067,10.0,False,0.7545487372676226,0.4741133506968663,0.08457089960575104,1.6617750561093418
timesfm3,sg_carpark,SG Carpark,L10,10,block_depth,True,0.5,0.11420363187789917,0.17437903583049774,0.12942196428775787,1.0519573891051055,0.965178238841292,30.0,False,0.7778724538099151,0.5215712107249549,0.06017540395259857,1.5269132247644726,0.14464813470840454,0.21773873269557953,0.1560087949037552,1.055472897714714,0.9691400988489164,30.0,False,0.7808020736903425,0.4861105909769934,0.07309059798717499,1.5052992776887026
timesfm3,sg_carpark,SG Carpark,L11,11,block_depth,True,0.55,0.1143369972705841,0.17418543994426727,0.1318017840385437,1.0507895043186657,0.9829260009654716,30.0,False,0.8105615295322017,0.5209921615273739,0.059848442673683167,1.5234389926477507,0.12464998662471771,0.21128743886947632,0.15888281166553497,1.0242007133663003,0.9869937390255681,10.0,False,0.7920576958256552,0.47170781469759915,0.0866374522447586,1.6950458206272978
timesfm3,sg_carpark,SG Carpark,L12,12,block_depth,True,0.6,0.11407659202814102,0.1724446564912796,0.1299198865890503,1.040288069857345,0.9688915480348743,30.0,False,0.7822052862450136,0.5157854431345317,0.05836806446313858,1.5116568037791664,0.14475804567337036,0.21259579062461853,0.1592331975698471,1.0305428547075963,0.9891703665044856,30.0,False,0.7972280658966243,0.4746287632905496,0.06783774495124817,1.4686284940894831
timesfm3,sg_carpark,SG Carpark,L13,13,block_depth,True,0.65,0.11089660972356796,0.1615547388792038,0.1283796727657318,0.9745936516940038,0.9574052375495515,30.0,False,0.7794667299392342,0.4832134800738665,0.050658129155635834,1.4568050302160849,0.12153466045856476,0.20237602293491364,0.1570201963186264,0.981003263455796,0.9754230117307762,10.0,False,0.7860502431641038,0.45181271559068675,0.08084136247634888,1.665171253791509
timesfm3,sg_carpark,SG Carpark,L14,14,block_depth,True,0.7,0.1094094067811966,0.16134397685527802,0.12863419950008392,0.9733222106210815,0.9593033980863039,30.0,False,0.7862560836072218,0.4825830866124606,0.05193457007408142,1.4746810315674523,0.13813024759292603,0.19721931219100952,0.15751999616622925,0.9560064777936207,0.9785278115211298,30.0,False,0.7908881430149965,0.44030014878098966,0.059089064598083496,1.4277778808608288
timesfm3,sg_carpark,SG Carpark,L15,15,block_depth,True,0.75,0.10814787447452545,0.15849235653877258,0.12775883078575134,0.9561195517774691,0.9527752416123552,30.0,False,0.7750504721572626,0.47405383277226076,0.05034448206424713,1.4655152244911287,0.13622328639030457,0.1937982589006424,0.15465573966503143,0.9394231672134653,0.960734802925608,30.0,False,0.7763575104860034,0.4326625079434763,0.05757497251033783,1.4226514719764947
timesfm3,sg_carpark,SG Carpark,L16,16,block_depth,True,0.8,0.10673249512910843,0.16061364114284515,0.12732338905334473,0.9689163940298722,0.9495278879910813,30.0,False,0.7781270998515156,0.4803986377768818,0.053881146013736725,1.5048241957480677,0.134981170296669,0.1933751255273819,0.15207591652870178,0.9373720585197288,0.9447087189417039,30.0,False,0.7634092830080105,0.4317178454500773,0.05839395523071289,1.4326081563996775
timesfm3,sg_carpark,SG Carpark,L17,17,block_depth,True,0.85,0.10754993557929993,0.1548016369342804,0.12834592163562775,0.933854950183763,0.9571535348614335,30.0,False,0.777131528074151,0.46301481604990397,0.04725170135498047,1.4393466262947254,0.13437506556510925,0.19098620116710663,0.15518097579479218,0.9257919189380117,0.9639976150960974,30.0,False,0.7773799860649029,0.42638447449583217,0.056611135601997375,1.4212919663623709
timesfm3,sg_carpark,SG Carpark,L18,18,block_depth,True,0.9,0.11817934364080429,0.15411141514778137,0.13433939218521118,0.9296911244981183,1.0018504870474796,45.0,False,0.8229706173746109,0.4609503487752772,0.03593207150697708,1.3040469713234273,0.1403139978647232,0.18809039890766144,0.15978410840034485,0.9117547250766024,0.9925926721319017,30.0,False,0.8062948081987915,0.4199194779825132,0.04777640104293823,1.3404963280213815
timesfm3,sg_carpark,SG Carpark,L19,19,block_depth,True,0.95,0.11815191060304642,0.15471798181533813,0.1369510442018509,0.933350293072381,1.0213271632651428,45.0,False,0.8427404325758404,0.4627646019031044,0.03656607121229172,1.3094835371316365,0.1409163475036621,0.18972507119178772,0.16387146711349487,0.9196786817892232,1.0179836972323582,30.0,False,0.8261013415023578,0.42356895045005677,0.04880872368812561,1.3463666533569298
timesfm3,sg_carpark,SG Carpark,L20,20,block_depth,True,1.0,0.10931094735860825,0.16576625406742096,0.13409125804901123,1.0,1.0,45.0,False,0.8204789459281215,0.49581020688361976,0.056455306708812714,1.5164652587229348,0.1300325095653534,0.2062949538230896,0.16097651422023773,1.0,1.0,30.0,False,0.8107820794395556,0.4605618884478313,0.0762624442577362,1.5864875215640382
timesfm3,coastal_ts,Coastal T-S,Emb,0,block_depth,True,0.0,3.779470205307007,0.32936516404151917,0.2989047169685364,1.0455264484585154,0.9159360026944081,90.0,True,1.2119363176675475,0.7209859560309326,-3.4501050412654877,0.087145855410908,3.8520143032073975,0.4151419401168823,0.38094276189804077,1.04696464213271,0.9320063522432634,90.0,True,1.2173270776852194,0.6995449514482825,-3.436872363090515,0.10777268915414268
timesfm3,coastal_ts,Coastal T-S,L1,1,block_depth,True,0.05,3.7655556201934814,0.3398021161556244,0.30800896883010864,1.0786571819662536,0.943834231073619,65.0,False,1.2500615318321318,0.7438326220404826,-3.425753504037857,0.09023956898508505,3.824751138687134,0.4264558255672455,0.3871515691280365,1.0754976254018418,0.9471966862172654,45.0,False,1.2213445111261707,0.7186096873452084,-3.3982953131198883,0.11149897342435428
timesfm3,coastal_ts,Coastal T-S,L2,2,block_depth,True,0.1,3.7505300045013428,0.3375834822654724,0.30328381061553955,1.0716144201175601,0.9293548927378287,65.0,False,1.229222553078498,0.7389759946523712,-3.4129465222358704,0.09000954048102765,3.819178342819214,0.42421048879623413,0.3843919038772583,1.0698350122525477,0.9404449486833241,65.0,False,1.2294529040873154,0.7148261283966233,-3.3949678540229797,0.11107375742058001
timesfm3,coastal_ts,Coastal T-S,L3,3,block_depth,True,0.15,3.744706392288208,0.34066909551620483,0.31700214743614197,1.0814092940616307,0.9713920968291938,65.0,False,1.3313537768775883,0.7457304546329677,-3.404037296772003,0.09097351296159657,3.81335186958313,0.4279446601867676,0.4024202823638916,1.079252382640255,0.9845527909913641,65.0,False,1.3291893023976438,0.7211184840746712,-3.3854072093963623,0.11222270454510926
timesfm3,coastal_ts,Coastal T-S,L4,4,block_depth,True,0.2,3.7417171001434326,0.33247968554496765,0.3138813376426697,1.0554130878534993,0.9618289755897808,65.0,False,1.3138832298757448,0.7278036966692828,-3.409237414598465,0.0888575155861523,3.828251838684082,0.4182998538017273,0.39977598190307617,1.0549287229721664,0.9780833024665253,90.0,True,1.3312218635246482,0.7048662701633244,-3.4099519848823547,0.10926654552212352
timesfm3,coastal_ts,Coastal T-S,L5,5,block_depth,True,0.25,3.740403175354004,0.32580792903900146,0.30562329292297363,1.0342344732147528,0.9365237862058801,65.0,False,1.2625301061543277,0.7131991079998713,-3.4145952463150024,0.08710502952884643,3.8255789279937744,0.41165074706077576,0.3910153806209564,1.0381600494491239,0.9566498041537488,90.0,True,1.2878017030237892,0.6936620322803396,-3.4139281809329987,0.10760482395187577
timesfm3,coastal_ts,Coastal T-S,L6,6,block_depth,True,0.3,3.7432663440704346,0.32193854451179504,0.3113839626312256,1.021951620308243,0.9541762503052488,65.0,False,1.2919368348472724,0.7047289593406538,-3.4213277995586395,0.08600471217383866,3.8110058307647705,0.40685003995895386,0.39417776465415955,1.0260529359365074,0.9643868247824984,65.0,False,1.2882522582024472,0.6855724848462357,-3.4041557908058167,0.10675660390614243
timesfm3,coastal_ts,Coastal T-S,L7,7,block_depth,True,0.35,3.7580671310424805,0.31914374232292175,0.31144410371780396,1.0130798878796476,0.9543605410952937,90.0,True,1.3030149804071378,0.6986110897295005,-3.4389233887195587,0.0849223101116855,3.828385591506958,0.40757033228874207,0.3954319953918457,1.0278694727120385,0.9674553986776367,90.0,True,1.296284413866108,0.6867862308308703,-3.420815259218216,0.10646010506175559
timesfm3,coastal_ts,Coastal T-S,L8,8,block_depth,True,0.4,3.7418508529663086,0.31661257147789,0.30754023790359497,1.0050450185219575,0.942397895322466,65.0,False,1.267005120304827,0.6930703136219435,-3.4252382814884186,0.0846138940110077,3.8276801109313965,0.40377935767173767,0.39252910017967224,1.0183088477794944,0.9603532378066386,90.0,True,1.2791205099230123,0.6803981575043175,-3.423900753259659,0.10548931623585579
timesfm3,coastal_ts,Coastal T-S,L9,9,block_depth,True,0.45,3.7413570880889893,0.3180450201034546,0.3103278577327728,1.0095921385200428,0.9509400200144547,65.0,False,1.2966009780204395,0.6962059680703224,-3.4233120679855347,0.08500792964028613,3.8276724815368652,0.4032911956310272,0.3939751982688904,1.0170777305473706,0.9638912302294449,90.0,True,1.3004487220111163,0.6795755682690031,-3.424381285905838,0.10536199154351368
timesfm3,coastal_ts,Coastal T-S,L10,10,block_depth,True,0.5,3.7404463291168213,0.3170508146286011,0.3094835877418518,1.00643616383709,0.948352917045583,65.0,False,1.2962231862547304,0.69402963534593,-3.42339551448822,0.0847628295480614,3.7904741764068604,0.40344637632369995,0.3943292498588562,1.0174690875331869,0.9647574452199223,45.0,False,1.2877781194153644,0.6798370592426467,-3.3870278000831604,0.10643691463059712
timesfm3,coastal_ts,Coastal T-S,L11,11,block_depth,True,0.55,3.7401483058929443,0.31283801794052124,0.31207332015037537,0.9930631941358661,0.9562886538060066,65.0,False,1.2882405840475435,0.6848077516152744,-3.427310287952423,0.08364321207466999,3.7903661727905273,0.3941993713378906,0.396721214056015,0.9941486606376496,0.9706095732797466,45.0,False,1.2820066614648506,0.664255170185572,-3.3961668014526367,0.1040003401696873
timesfm3,coastal_ts,Coastal T-S,L12,12,block_depth,True,0.6,3.738990545272827,0.31044530868530273,0.3116861581802368,0.9854678529069828,0.9551022704296569,65.0,False,1.2870362100711086,0.6795700702870199,-3.4285452365875244,0.0830291772408454,3.806386947631836,0.39260435104370117,0.39546212553977966,0.9901261090953257,0.967529114448291,65.0,False,1.2857578507552694,0.6615674427207352,-3.4137825965881348,0.10314357327437823
timesfm3,coastal_ts,Coastal T-S,L13,13,block_depth,True,0.65,3.7370636463165283,0.3104398548603058,0.30848586559295654,0.9854505404559343,0.9452955894592974,65.0,False,1.2757036214665016,0.6795581317711756,-3.4266237914562225,0.08307052922855454,3.7878658771514893,0.3965391516685486,0.39461979269981384,1.000049455136675,0.9654682810736399,45.0,False,1.277469117083062,0.6681978735350552,-3.3913267254829407,0.10468669285797146
timesfm3,coastal_ts,Coastal T-S,L14,14,block_depth,True,0.7,3.736217737197876,0.3173943758010864,0.31027328968048096,1.0075267536495924,0.950772806715856,65.0,False,1.2754446597208373,0.6947816966063256,-3.4188233613967896,0.08495071704229125,3.803591251373291,0.40431106090545654,0.3935737609863281,1.0196497734533845,0.9629090824245854,65.0,False,1.2754939932232423,0.6812941168783861,-3.3992801904678345,0.10629718973075238
timesfm3,coastal_ts,Coastal T-S,L15,15,block_depth,True,0.75,3.751264810562134,0.3207741975784302,0.3060052990913391,1.0182555539147093,0.937694370619555,90.0,True,1.290625237627183,0.7021801840645959,-3.4304906129837036,0.08551094464865613,3.820223569869995,0.40964174270629883,0.3884589672088623,1.0330934533725247,0.9503953381884149,90.0,True,1.2843303323480584,0.6902767109774226,-3.4105818271636963,0.10722978255438574
timesfm3,coastal_ts,Coastal T-S,L16,16,block_depth,True,0.8,3.7490038871765137,0.32490605115890503,0.31015706062316895,1.0313715803533765,0.9504166451295452,90.0,True,1.3030960026890295,0.7112248819535414,-3.4240978360176086,0.08666463437668011,3.8181023597717285,0.4170265793800354,0.39371630549430847,1.0517175964382681,0.9632578287460882,90.0,True,1.3014962067830527,0.7027207083507742,-3.401075780391693,0.10922351998047743
timesfm3,coastal_ts,Coastal T-S,L17,17,block_depth,True,0.85,3.746870994567871,0.3255760669708252,0.3103143572807312,1.0334984575362944,0.9508986504763525,90.0,True,1.306050364491424,0.7126915579820123,-3.421294927597046,0.08689278799372543,3.814936637878418,0.41778677701950073,0.3932100236415863,1.0536347721621395,0.9620191704751933,90.0,True,1.2957885145114545,0.7040016977411527,-3.3971498608589172,0.10951342490758705
timesfm3,coastal_ts,Coastal T-S,L18,18,block_depth,True,0.9,3.751356363296509,0.3159778118133545,0.3135334253311157,1.0030300573477307,0.9607628652414236,90.0,True,1.2813071812434125,0.6916808139008153,-3.4353785514831543,0.08423028398605367,3.8226447105407715,0.41031569242477417,0.4005277156829834,1.0347931166867643,0.9799224781331755,90.0,True,1.2919676448890132,0.6914123662257377,-3.4123290181159973,0.10733817121255006
timesfm3,coastal_ts,Coastal T-S,L19,19,block_depth,True,0.95,3.7494094371795654,0.3171765208244324,0.31818145513534546,1.006835201643226,0.9750058584014774,65.0,False,1.2956829749308696,0.694304808350471,-3.432232916355133,0.08459372766262184,3.8361427783966064,0.40587514638900757,0.4056556224822998,1.0235943091418045,0.9924683044060303,90.0,True,1.318777108910527,0.6839297168935126,-3.430267632007599,0.10580293013980342
timesfm3,coastal_ts,Coastal T-S,L20,20,block_depth,True,1.0,3.730513334274292,0.315023273229599,0.326337993144989,1.0,1.0,45.0,False,1.322459056394015,0.6895913126769074,-3.415490061044693,0.084445020028559,3.7962703704833984,0.3965195417404175,0.4087340831756592,1.0,1.0,45.0,False,1.3214395473872182,0.6681648293520981,-3.399750828742981,0.10444976333177414
timesfm3,boom_hourly,BOOM,Emb,0,block_depth,True,0.0,12.52096176147461,0.17729519307613373,0.22727808356285095,0.922106111094061,0.9564607805511869,10.0,False,1.2834941451869526,0.6724533535835322,-12.343666568398476,0.014159870180392073,12.568726539611816,0.2056506723165512,0.256195992231369,0.9117484424746208,0.9415013688524169,30.0,False,1.2573558222246197,0.6737524762659679,-12.363075867295265,0.01636209298280291
timesfm3,boom_hourly,BOOM,L1,1,block_depth,True,0.05,12.497284889221191,0.17345330119132996,0.22391919791698456,0.9021245654938993,0.9423254871860475,10.0,False,1.2240559502913053,0.6578816495388983,-12.323831588029861,0.013879278797663647,12.543439865112305,0.20351435244083405,0.25522977113723755,0.902277107917958,0.9379505776210016,10.0,False,1.229000405206096,0.6667534677524187,-12.33992551267147,0.016224764070251467
timesfm3,boom_hourly,BOOM,L2,2,block_depth,True,0.1,12.483416557312012,0.17488807439804077,0.22825661301612854,0.9095867708644304,0.9605787536966942,10.0,False,1.3109604215899464,0.6633235232735695,-12.308528482913971,0.01400963218643875,12.528938293457031,0.2029539793729782,0.26102128624916077,0.8997927043122366,0.9592339683489911,10.0,False,1.3085758783569663,0.664917574206107,-12.325984314084053,0.016198817060098906
timesfm3,boom_hourly,BOOM,L3,3,block_depth,True,0.15,12.491986274719238,0.18167857825756073,0.23215587437152863,0.9449039444303393,0.9769881254279887,30.0,False,1.3686899821054426,0.6890788582808489,-12.310307696461678,0.01454361014030525,12.51795482635498,0.2119670808315277,0.27190089225769043,0.939752122504894,0.9992157177135756,10.0,False,1.3902620587690657,0.6944462859682878,-12.305987745523453,0.016933044077236774
timesfm3,boom_hourly,BOOM,L4,4,block_depth,True,0.2,12.486594200134277,0.18369559943675995,0.2326786071062088,0.9553944011837104,0.979187956364585,30.0,False,1.3600028014032044,0.6967291088751733,-12.302898600697517,0.01471142542894399,12.532211303710938,0.21564608812332153,0.26835015416145325,0.9560629331157272,0.9861670171897022,30.0,False,1.3714067507552992,0.7064994450711727,-12.316565215587616,0.017207345367650013
timesfm3,boom_hourly,BOOM,L5,5,block_depth,True,0.25,12.48287582397461,0.18446597456932068,0.23356802761554718,0.9594010953599259,0.9829309298236373,30.0,False,1.3684103717740652,0.6996510230704744,-12.298409849405289,0.014777522196851094,12.527050018310547,0.21647416055202484,0.26691609621047974,0.9597341768739984,0.9808969600272314,30.0,False,1.3581869082001852,0.7092123749297615,-12.310575857758522,0.017280537735189748
timesfm3,boom_hourly,BOOM,L6,6,block_depth,True,0.3,12.487017631530762,0.1869288682937622,0.23580725491046906,0.9722105196589114,0.9923543333157748,45.0,False,1.397266892517405,0.7089923995386416,-12.300088763237,0.01496985699946088,12.521947860717773,0.21994850039482117,0.2717491090297699,0.9751375981447109,0.9986579255498054,30.0,False,1.3899872472194088,0.7205950027913925,-12.301999360322952,0.017565038829527074
timesfm3,boom_hourly,BOOM,L7,7,block_depth,True,0.35,12.485260963439941,0.18800173699855804,0.23618032038211823,0.9777904723464554,0.9939243152806728,45.0,False,1.3805113517938332,0.7130616252518563,-12.297259226441383,0.015057894067979478,12.529467582702637,0.22169676423072815,0.27087661623954773,0.9828884934443349,0.9954515789198152,45.0,False,1.3782588440552705,0.7263226625910915,-12.307770818471909,0.017694029117150054
timesfm3,boom_hourly,BOOM,L8,8,block_depth,True,0.4,12.484338760375977,0.1856278032064438,0.23431599140167236,0.9654437255505552,0.9860786069576865,45.0,False,1.370544170679714,0.7040576601020115,-12.298710957169533,0.014868853430636438,12.51805305480957,0.21866650879383087,0.26961007714271545,0.9694539121528204,0.9907971411864731,30.0,False,1.355898217250805,0.7163949435064424,-12.29938654601574,0.017468092508987797
timesfm3,boom_hourly,BOOM,L9,9,block_depth,True,0.45,12.483114242553711,0.18701089918613434,0.23579005897045135,0.9726371594670327,0.9922819671555458,45.0,False,1.3596246189049492,0.7093035300758885,-12.296103343367577,0.014981109325158023,12.516335487365723,0.21982187032699585,0.27020376920700073,0.9745761860870227,0.9929789157190607,30.0,False,1.3526228797063249,0.7201801375210486,-12.296513617038727,0.017562797877133374
timesfm3,boom_hourly,BOOM,L10,10,block_depth,True,0.5,12.482007026672363,0.18597489595413208,0.23378604650497437,0.9672489428167806,0.983848424875899,45.0,False,1.3305798020084085,0.7053741294215564,-12.296032130718231,0.014899438492281637,12.51522159576416,0.21956007182598114,0.26816123723983765,0.9734155072871259,0.9854727614413927,30.0,False,1.3332695401133066,0.7193224335983992,-12.295661523938179,0.017543442610739896
timesfm3,boom_hourly,BOOM,L11,11,block_depth,True,0.55,12.481404304504395,0.18756991624832153,0.2339743673801422,0.9755445876962194,0.9846409409356681,45.0,False,1.3463767279256156,0.7114237956716781,-12.293834388256073,0.015027949714010122,12.524894714355469,0.2204640656709671,0.2679648995399475,0.977423347236727,0.9847512348804427,45.0,False,1.3404741391367574,0.7222840971063647,-12.304430648684502,0.017602069374545812
timesfm3,boom_hourly,BOOM,L12,12,block_depth,True,0.6,12.481520652770996,0.18798451125621796,0.2333708554506302,0.9777008818617708,0.9821011646311333,45.0,False,1.338490053058178,0.7129962906649249,-12.293536141514778,0.01506102633531948,12.525130271911621,0.22062276303768158,0.26840654015541077,0.978126929069438,0.9863742315572368,45.0,False,1.3410713719977996,0.7228040212213521,-12.30450750887394,0.017614408652694157
timesfm3,boom_hourly,BOOM,L13,13,block_depth,True,0.65,12.481200218200684,0.18530096113681793,0.23171281814575195,0.9637438313541277,0.9751235993949838,45.0,False,1.3501249550173675,0.7028179984845773,-12.295899257063866,0.01484640562584704,12.513689041137695,0.2184421718120575,0.26678451895713806,0.9684593183038565,0.9804134233292054,30.0,False,1.329132859459178,0.7156599709664295,-12.295246869325638,0.017456256991359408
timesfm3,boom_hourly,BOOM,L14,14,block_depth,True,0.7,12.480467796325684,0.18592345714569092,0.23206841945648193,0.9669814113694355,0.9766200864380549,45.0,False,1.354300630174724,0.7051790299457024,-12.294544339179993,0.014897154512143188,12.51266860961914,0.21971401572227478,0.2673356235027313,0.9740980146968665,0.9824386918727831,30.0,False,1.3480064549150566,0.71982678439952,-12.292954593896866,0.017559325079013855
timesfm3,boom_hourly,BOOM,L15,15,block_depth,True,0.75,12.481045722961426,0.1841209977865219,0.23186665773391724,0.9576068831532378,0.9757710068804291,45.0,False,1.3435733098671128,0.6983425792797741,-12.296924725174904,0.014752048976777149,12.524782180786133,0.21705695986747742,0.2673088610172272,0.9623180068326054,0.9823403417131393,45.0,False,1.359934037315722,0.7111217413204917,-12.307725220918655,0.017330198380651883
timesfm3,boom_hourly,BOOM,L16,16,block_depth,True,0.8,12.479622840881348,0.18149006366729736,0.22998808324337006,0.9439234866260626,0.967865348774792,45.0,False,1.3373286662993642,0.6883638514821728,-12.29813277721405,0.01454291255283481,12.511709213256836,0.2131267935037613,0.2652270793914795,0.9448936871334768,0.9746899478360829,30.0,False,1.3249508001586738,0.6982457351792861,-12.298582419753075,0.01703418692611093
timesfm3,boom_hourly,BOOM,L17,17,block_depth,True,0.85,12.477896690368652,0.17774567008018494,0.22618606686592102,0.9244490262692321,0.9518652158317593,45.0,False,1.3037429712988724,0.6741619434602831,-12.300151020288467,0.01424484225914308,12.51105785369873,0.20907612144947052,0.2614242136478424,0.9269351076896407,0.960714696810443,30.0,False,1.293508174518368,0.6849749284448502,-12.30198173224926,0.01671130642143581
timesfm3,boom_hourly,BOOM,L18,18,block_depth,True,0.9,12.477506637573242,0.17772425711154938,0.22592559456825256,0.9243376581667306,0.9507690629021213,45.0,False,1.3127968283047555,0.674080727369089,-12.299782380461693,0.014243571434085413,12.511256217956543,0.20939236879348755,0.2595084011554718,0.9283371844253804,0.9536742272530483,30.0,False,1.3029700890376013,0.6860110175990642,-12.301863849163055,0.016736318491580495
timesfm3,boom_hourly,BOOM,L19,19,block_depth,True,0.95,12.472270011901855,0.18461738526821136,0.23087413609027863,0.9601885771202022,0.9715941500048914,30.0,False,1.3128060224857585,0.7002253005253276,-12.287652626633644,0.014802228070113731,12.516622543334961,0.2180815488100052,0.2637040317058563,0.9668605029110451,0.9690928599645962,30.0,False,1.3083263957568638,0.7144784983366819,-12.298540994524956,0.017423354267891742
timesfm3,boom_hourly,BOOM,L20,20,block_depth,True,1.0,12.478772163391113,0.19227200746536255,0.23762404918670654,1.0,1.0,30.0,False,1.3427051153853997,0.7292581032628439,-12.28650015592575,0.01540792675335716,12.52659797668457,0.2255563735961914,0.2721143066883087,1.0,1.0,30.0,False,1.340686230908069,0.7389675099825819,-12.301041603088379,0.018006195617997288
timesfm3,LOOP_SEATTLE_5T,Loop Seattle,Emb,0,block_depth,True,0.0,0.31080883741378784,0.32823076844215393,0.25931239128112793,1.2077831499202805,1.1459016646040803,90.0,True,1.3246695110666529,1.0480924609537787,0.01742193102836609,1.0560535252901184,0.3825533986091614,0.3895891606807709,0.33080267906188965,1.165122017261261,1.157516051561045,90.0,True,1.314395874753104,1.0289170132898031,0.007035762071609497,1.0183915816646492
timesfm3,LOOP_SEATTLE_5T,Loop Seattle,L1,1,block_depth,True,0.05,0.2479678839445114,0.2837570011615753,0.2317928522825241,1.0441340594041817,1.0242927997448248,10.0,False,1.1187928402890537,0.9060807281164835,0.035789117217063904,1.1443296472420297,0.32331615686416626,0.35099104046821594,0.28166311979293823,1.0496888270617157,0.9855711665264077,30.0,False,1.0960973069258584,0.9269781849653553,0.027674883604049683,1.0855969706941575
timesfm3,LOOP_SEATTLE_5T,Loop Seattle,L2,2,block_depth,True,0.1,0.2537972629070282,0.28207001090049744,0.22437262535095215,1.0379264804466088,0.9915028109956557,45.0,False,1.115966691249956,0.900693902918072,0.02827274799346924,1.1113989476073514,0.32326021790504456,0.3497035503387451,0.27379170060157776,1.045838403979534,0.9580281790016278,65.0,False,1.0806245022835603,0.9235778837446017,0.02644333243370056,1.081802000274182
timesfm3,LOOP_SEATTLE_5T,Loop Seattle,L3,3,block_depth,True,0.15,0.25616708397865295,0.2811524569988251,0.22484637796878815,1.0345501786244389,0.9935963241930265,65.0,False,1.1197535775316148,0.8977640090162119,0.02498537302017212,1.0975354547200693,0.3179446756839752,0.34989216923713684,0.2799336016178131,1.0464024957294271,0.9795193864898883,65.0,False,1.1169180997580836,0.9240760320843658,0.03194749355316162,1.1004812975227054
timesfm3,LOOP_SEATTLE_5T,Loop Seattle,L4,4,block_depth,True,0.2,0.2450367957353592,0.2746117115020752,0.21938836574554443,1.010482349041047,0.9694773638103586,45.0,False,1.1242846116321565,0.8768783800524876,0.029574915766716003,1.1206958150018296,0.3156517744064331,0.34525537490844727,0.2720126807689667,1.0325355001681846,0.9518031870573893,65.0,False,1.0933154675148375,0.9118301149659899,0.02960360050201416,1.0937856299324855
timesfm3,LOOP_SEATTLE_5T,Loop Seattle,L5,5,block_depth,True,0.25,0.2652689516544342,0.2735707461833954,0.20768430829048157,1.0066519330885146,0.9177571245494499,90.0,True,1.0167739523285855,0.8735544140885383,0.008301794528961182,1.0312957640808862,0.33161190152168274,0.34412118792533875,0.2599770426750183,1.0291435520364611,0.9096891258169167,90.0,True,1.0477577938225886,0.9088346920924864,0.012509286403656006,1.0377226702246032
timesfm3,LOOP_SEATTLE_5T,Loop Seattle,L6,6,block_depth,True,0.3,0.26278361678123474,0.27379700541496277,0.20414014160633087,1.0074844939379985,0.902095449135722,90.0,True,1.0117303394579222,0.8742768953962855,0.011013388633728027,1.0419104842555562,0.2937247157096863,0.3459693491458893,0.2730523943901062,1.0346707420787846,0.9554412628097037,30.0,False,1.0960663230178447,0.9137157429918595,0.052244633436203,1.17786938123328
timesfm3,LOOP_SEATTLE_5T,Loop Seattle,L7,7,block_depth,True,0.35,0.2595643997192383,0.27576860785484314,0.20176495611667633,1.014739353732317,0.8915995025560313,90.0,True,0.9950348091902865,0.8805725320395056,0.01620420813560486,1.0624284692089223,0.3249224126338959,0.346884161233902,0.253634512424469,1.037406618260601,0.8874958939079672,90.0,True,1.02384555090649,0.9161317899878146,0.021961748600006104,1.0675907470401291
timesfm3,LOOP_SEATTLE_5T,Loop Seattle,L8,8,block_depth,True,0.4,0.2589612603187561,0.2784433662891388,0.20339258015155792,1.0245816003394286,0.8987919744687923,90.0,True,1.0362415931421889,0.889113456350664,0.01948210597038269,1.0752317390887043,0.3240036070346832,0.34894436597824097,0.2563433051109314,1.0435679547400374,0.8969742664042939,90.0,True,1.036452535940034,0.9215728543865433,0.02494075894355774,1.0769767940913322
timesfm3,LOOP_SEATTLE_5T,Loop Seattle,L9,9,block_depth,True,0.45,0.25885725021362305,0.28250378370285034,0.20581190288066864,1.039522624172141,0.9094829635449638,90.0,True,1.0684665775571753,0.9020790076907619,0.023646533489227295,1.0913497051742336,0.3233059048652649,0.3533059060573578,0.2525596022605896,1.0566117631623935,0.8837346614650954,90.0,True,1.0069761536353512,0.9330918165252919,0.030000001192092896,1.0927913803634213
timesfm3,LOOP_SEATTLE_5T,Loop Seattle,L10,10,block_depth,True,0.5,0.2590404152870178,0.27685242891311646,0.20152606070041656,1.018727464956393,0.8905438235203866,90.0,True,1.046832957975179,0.8840333431194376,0.017812013626098633,1.068761523588367,0.3231724798679352,0.3475651144981384,0.25454095005989075,1.0394431062355267,0.8906676218870608,90.0,True,1.0202375442986713,0.9179302086029624,0.024392634630203247,1.0754786875422415
timesfm3,LOOP_SEATTLE_5T,Loop Seattle,L11,11,block_depth,True,0.55,0.24872246384620667,0.2792293131351471,0.2031039148569107,1.0274736307296544,0.8975163623007218,65.0,False,1.0408775172916207,0.8916231082273646,0.03050684928894043,1.122654177741677,0.2890342175960541,0.35086411237716675,0.266373872756958,1.0493092304804557,0.9320723589876749,30.0,False,1.0721781319235628,0.9266429639542864,0.06182989478111267,1.213918944598886
timesfm3,LOOP_SEATTLE_5T,Loop Seattle,L12,12,block_depth,True,0.6,0.24902601540088654,0.2814173698425293,0.20613797008991241,1.0355249722744735,0.9109238548035701,65.0,False,1.0511023322473558,0.8986099173861494,0.03239135444164276,1.1300721709316137,0.32452839612960815,0.35260576009750366,0.2624467611312866,1.0545178766905596,0.9183309504964331,90.0,True,1.0519860068995641,0.9312427094078835,0.028077363967895508,1.086517433613674
timesfm3,LOOP_SEATTLE_5T,Loop Seattle,L13,13,block_depth,True,0.65,0.25883057713508606,0.2803862988948822,0.20768272876739502,1.0317309644096686,0.9177501446356663,90.0,True,1.0720158040724912,0.8953175457048886,0.021555721759796143,1.0832812027017427,0.30971571803092957,0.35430285334587097,0.266268789768219,1.059593276389984,0.9317046617049433,65.0,False,1.0813847121068187,0.9357247851240895,0.044587135314941406,1.1439614869997936
timesfm3,LOOP_SEATTLE_5T,Loop Seattle,L14,14,block_depth,True,0.7,0.2567019462585449,0.2781030833721161,0.20536722242832184,1.0233294691777572,0.9075179202701569,90.0,True,1.0574868007056935,0.888026879483981,0.021401137113571167,1.0833695942921149,0.30752047896385193,0.3487134277820587,0.2589472234249115,1.042877301087024,0.9060856715898058,65.0,False,1.0386312619556555,0.9209629394734714,0.04119294881820679,1.1339518882027004
timesfm3,LOOP_SEATTLE_5T,Loop Seattle,L15,15,block_depth,True,0.75,0.2559499442577362,0.2767072916030884,0.2042027711868286,1.0181934065611102,0.9023722093020653,90.0,True,1.0475653537424803,0.8835698968643363,0.020757347345352173,1.0810992454229642,0.31931668519973755,0.348981112241745,0.263550728559494,1.0436778496883101,0.9221938575991641,90.0,True,1.0670738046416568,0.9216699024040704,0.029664427042007446,1.0928997087122205
timesfm3,LOOP_SEATTLE_5T,Loop Seattle,L16,16,block_depth,True,0.8,0.25506651401519775,0.2771357297897339,0.20837174355983734,1.0197699206248856,0.920794901554901,90.0,True,1.093357880331462,0.8849379673701548,0.022069215774536133,1.0865233755193016,0.2824917137622833,0.3455445468425751,0.27515581250190735,1.0334003101301394,0.96280136108478,30.0,False,1.1292809738886649,0.9125938269806416,0.06305283308029175,1.2232024162427315
timesfm3,LOOP_SEATTLE_5T,Loop Seattle,L17,17,block_depth,True,0.85,0.25187239050865173,0.27275097370147705,0.2073136270046234,1.0036354352899428,0.9161190836505791,90.0,True,1.093054991418396,0.8709367516369836,0.020878583192825317,1.0828934967848656,0.3136141300201416,0.33689752221107483,0.26876628398895264,1.0075401481986408,0.9404436769311146,90.0,True,1.108137826493551,0.8897567676996807,0.023283392190933228,1.0742421656493535
timesfm3,LOOP_SEATTLE_5T,Loop Seattle,L18,18,block_depth,True,0.9,0.2508779764175415,0.26627275347709656,0.2163453996181488,0.9797976785018905,0.9560304940580521,90.0,True,1.1157705693656326,0.8502507757006109,0.015394777059555054,1.0613636050457183,0.31141677498817444,0.33033666014671326,0.2732695937156677,0.9879189533223658,0.956201267856938,90.0,True,1.134300649102892,0.8724293282296676,0.01891988515853882,1.0607542260986336
timesfm3,LOOP_SEATTLE_5T,Loop Seattle,L19,19,block_depth,True,0.95,0.2555024325847626,0.2701922059059143,0.22497175633907318,0.9942199967473979,0.9941503713116588,90.0,True,1.1561127340550925,0.862766203675898,0.014689773321151733,1.0574936730446918,0.31596148014068604,0.33431121706962585,0.28090375661849976,0.9998054333559778,0.9829140687487551,90.0,True,1.1640671142173908,0.8829262558934854,0.01834973692893982,1.0580758670986392
timesfm3,LOOP_SEATTLE_5T,Loop Seattle,L20,20,block_depth,True,1.0,0.2503177523612976,0.27176299691200256,0.22629550099372864,1.0,1.0,90.0,True,1.1867719632445164,0.8677819863797221,0.021445244550704956,1.0856720881695672,0.2968348562717438,0.3343762755393982,0.2857866883277893,1.0,1.0,65.0,False,1.182254438612058,0.8830980773227325,0.03754141926765442,1.1264724087298101
timesfm3,electricity_15min,Electricity 15min,Emb,0,block_depth,True,0.0,0.22082006931304932,0.279994398355484,0.2593005299568176,1.6678888906444478,1.2692374880316275,3.0,False,1.7355821496970003,0.777266198681148,0.05917432904243469,1.2679753213850558,0.27599796652793884,0.3573560118675232,0.3323696255683899,1.7288288935793417,1.3419819624689397,0.3,False,1.7420350644640126,0.7580417099244482,0.08135804533958435,1.2947776984123127
timesfm3,electricity_15min,Electricity 15min,L1,1,block_depth,True,0.05,0.13080202043056488,0.1623031347990036,0.2065628319978714,0.9668178972078508,1.0110943084047643,10.0,False,1.335715535962795,0.45055451594817464,0.03150111436843872,1.2408304876694227,0.16448330879211426,0.19612155854701996,0.2503938674926758,0.9488034503686901,1.0109950724689998,10.0,False,1.3576691833804058,0.4160230041103777,0.0316382497549057,1.1923493027179577
timesfm3,electricity_15min,Electricity 15min,L2,2,block_depth,True,0.1,0.12723931670188904,0.16460692882537842,0.2030576765537262,0.9805412876952746,0.9939370943727369,10.0,False,1.3455582143536817,0.4569498625548994,0.03736761212348938,1.293679761036744,0.14563700556755066,0.20315079391002655,0.25183528661727905,0.9828097208434136,1.0168149739183798,3.0,False,1.3705453323274104,0.43093377493017926,0.05751378834247589,1.3949119121087623
timesfm3,electricity_15min,Electricity 15min,L3,3,block_depth,True,0.15,0.12742677330970764,0.1640763282775879,0.2022179812192917,0.9773805717515717,0.9898269107291978,10.0,False,1.3352423760829644,0.4554769121200994,0.03664955496788025,1.2876126736632059,0.15826354920864105,0.1995462030172348,0.2484687864780426,0.9653713101883789,1.0032223285140998,10.0,False,1.357392950507603,0.4232875337779165,0.04128265380859375,1.2608475167846152
timesfm3,electricity_15min,Electricity 15min,L4,4,block_depth,True,0.2,0.1383199691772461,0.1625678688287735,0.2014816552400589,0.9683948821397713,0.9862227046891658,30.0,False,1.340525229502557,0.45128941926834587,0.024247899651527405,1.1753029573080345,0.15634971857070923,0.19890311360359192,0.2500990629196167,0.9622601506652728,1.009804763881619,10.0,False,1.3617611032067127,0.42192337987378997,0.04255339503288269,1.2721680308854404
timesfm3,electricity_15min,Electricity 15min,L5,5,block_depth,True,0.25,0.13030418753623962,0.16332072019577026,0.20725832879543304,0.9728795162563659,1.014498661679392,10.0,False,1.3477984757760166,0.45337933936544206,0.03301653265953064,1.2533804422083383,0.15802083909511566,0.19988767802715302,0.24836422502994537,0.9670233094383613,1.0028001492097298,10.0,False,1.3452233439156656,0.4240118879004682,0.041866838932037354,1.264945048841545
timesfm3,electricity_15min,Electricity 15min,L6,6,block_depth,True,0.3,0.12513774633407593,0.16890329122543335,0.2072802484035492,1.0061341394070302,1.0146059548976072,10.0,False,1.3433321530011408,0.46887659141255156,0.04376554489135742,1.349738957057114,0.15327410399913788,0.20409008860588074,0.25048914551734924,0.9873538722102598,1.011379768845249,10.0,False,1.3610154689368794,0.43292625451278727,0.05081598460674286,1.3315366606679278
timesfm3,electricity_15min,Electricity 15min,L7,7,block_depth,True,0.35,0.13575495779514313,0.17134137451648712,0.20244307816028595,1.0206574729433378,0.9909287267416785,30.0,False,1.343955979072702,0.4756447258567965,0.035586416721343994,1.262137142534747,0.15113000571727753,0.20730175077915192,0.2511674165725708,1.002891359134155,1.0141183690413877,10.0,False,1.3705065556972318,0.4397389953221644,0.05617174506187439,1.3716783096465714
timesfm3,electricity_15min,Electricity 15min,L8,8,block_depth,True,0.4,0.12180820107460022,0.17107772827148438,0.20743179321289062,1.019086967798653,1.0153477441764982,10.0,False,1.3514049908759853,0.4749128422339332,0.049269527196884155,1.4044844826721439,0.1503443717956543,0.20920290052890778,0.2507784068584442,1.0120888051242831,1.0125476959731423,10.0,False,1.365129744573011,0.44377181066391846,0.05885852873325348,1.3914914009102586
timesfm3,electricity_15min,Electricity 15min,L9,9,block_depth,True,0.45,0.13361917436122894,0.17207001149654388,0.2017403095960617,1.0249978652207805,0.9874887792518986,30.0,False,1.3472616424615722,0.47766742666450407,0.03845083713531494,1.2877643670463501,0.16819992661476135,0.2091391235589981,0.2496124505996704,1.0117802627613086,1.0078400086637909,30.0,False,1.3688676948437692,0.4436365237183555,0.040939196944236755,1.2433960452194626
timesfm3,electricity_15min,Electricity 15min,L10,10,block_depth,True,0.5,0.13380418717861176,0.17225322127342224,0.20209407806396484,1.0260892211668553,0.9892204232312647,30.0,False,1.3419459522698711,0.47817601814944755,0.038449034094810486,1.2873529962368506,0.14689338207244873,0.21031658351421356,0.2531302571296692,1.017476618003721,1.0220435716477447,10.0,False,1.3783531860606426,0.4461342115371628,0.06342320144176483,1.4317635045701658
timesfm3,electricity_15min,Electricity 15min,L11,11,block_depth,True,0.55,0.11789556592702866,0.16872747242450714,0.20751729607582092,1.0050868105084751,1.0157662679603996,10.0,False,1.3616582223658857,0.46838851732301534,0.050831906497478485,1.4311604605124915,0.14787377417087555,0.20874707400798798,0.25545215606689453,1.0098835923010607,1.031418515242857,10.0,False,1.3919213095783287,0.44280488831233633,0.06087329983711243,1.411657173007367
timesfm3,electricity_15min,Electricity 15min,L12,12,block_depth,True,0.6,0.13252198696136475,0.16642038524150848,0.2040853053331375,0.9913438031309266,0.9989671842488596,30.0,False,1.3526462878015355,0.4619840288929337,0.03389839828014374,1.2557945217801965,0.14874209463596344,0.20563437044620514,0.2522224485874176,0.9948248506651359,1.0183781865001293,10.0,False,1.3699800425868107,0.43620206353227775,0.0568922758102417,1.3824894085933228
timesfm3,electricity_15min,Electricity 15min,L13,13,block_depth,True,0.65,0.13265572488307953,0.16581878066062927,0.20385345816612244,0.9877601257327263,0.9978323268850182,30.0,False,1.3712918479856833,0.460313970818788,0.033163055777549744,1.2499934006374704,0.1485125869512558,0.20487594604492188,0.2539422810077667,0.9911557196725385,1.025322214801846,10.0,False,1.3825487173433921,0.4345932551985584,0.05636335909366608,1.3795190714182726
timesfm3,electricity_15min,Electricity 15min,L14,14,block_depth,True,0.7,0.1300228387117386,0.16477197408676147,0.20302151143550873,0.9815244400709332,0.9937600715035266,30.0,False,1.373496085297424,0.45740802923137225,0.03474913537502289,1.267254089507013,0.16441936790943146,0.20527374744415283,0.24904046952724457,0.9930802166169238,1.0055305669368084,30.0,False,1.3485891153417224,0.43543709171695777,0.040854379534721375,1.2484766852845801
timesfm3,electricity_15min,Electricity 15min,L15,15,block_depth,True,0.75,0.13300298154354095,0.16289369761943817,0.20153304934501648,0.9703358003273979,0.9864742711810927,45.0,False,1.363391334006431,0.4521939220263591,0.029890716075897217,1.224737188061547,0.16231855750083923,0.20513515174388885,0.24752233922481537,0.9924097136921513,0.9994009349674206,30.0,False,1.3417689852733365,0.4351430954831537,0.04281659424304962,1.2637812638448827
timesfm3,electricity_15min,Electricity 15min,L16,16,block_depth,True,0.8,0.1258506029844284,0.16035763919353485,0.20037609338760376,0.9552288421188301,0.9808111440236036,30.0,False,1.3342495163088035,0.4451538079958187,0.034507036209106445,1.2741904718039057,0.15889476239681244,0.19703851640224457,0.24790167808532715,0.9532395398191581,1.0009325608119897,30.0,False,1.3628842258212561,0.41796810165293924,0.03814375400543213,1.24005671068109
timesfm3,electricity_15min,Electricity 15min,L17,17,block_depth,True,0.85,0.12731434404850006,0.15701235830783844,0.20196186006069183,0.9353014547921222,0.988573235790596,30.0,False,1.3142185574569107,0.43586728736248537,0.02969801425933838,1.2332652654442848,0.16721008718013763,0.19243840873241425,0.24587127566337585,0.9309849847282343,0.9927345691268222,45.0,False,1.3475995123338502,0.4082101197859168,0.02522832155227661,1.150877988150905
timesfm3,electricity_15min,Electricity 15min,L18,18,block_depth,True,0.9,0.12676861882209778,0.15667666494846344,0.19835034012794495,0.9333017746983304,0.9708953834230009,30.0,False,1.321744647966214,0.4349354005001181,0.02990804612636566,1.2359262600181633,0.1422698199748993,0.19505630433559418,0.24886153638362885,0.943649927834969,1.004808103050978,10.0,False,1.358233614307475,0.41376333281028277,0.052786484360694885,1.371030794654889
timesfm3,electricity_15min,Electricity 15min,L19,19,block_depth,True,0.95,0.12424582988023758,0.15952017903327942,0.19935305416584015,0.9502402048251869,0.9758035193488476,30.0,False,1.299962402681879,0.44282901336016955,0.03527434915304184,1.2839077109231216,0.15704776346683502,0.19657278060913086,0.2435031682252884,0.9509863875867351,0.9831730532040984,30.0,False,1.3257047741087677,0.4169801592502358,0.03952501714229584,1.2516751354478386
timesfm3,electricity_15min,Electricity 15min,L20,20,block_depth,True,1.0,0.12504035234451294,0.1678735315799713,0.2042963057756424,1.0,1.0,45.0,False,1.3538897779470502,0.4660179722048654,0.042833179235458374,1.3425548507528497,0.15057356655597687,0.20670409500598907,0.2476707100868225,1.0,1.0,30.0,False,1.341557003908189,0.43847121756220186,0.05613052845001221,1.3727781026502102
timesfm3,SZ_TAXI_15T,SZ Taxi,Emb,0,block_depth,True,0.0,0.28200405836105347,0.30400121212005615,0.33052006363868713,1.0646415151605606,1.0230824261002684,65.0,False,0.8504855864253194,1.0384583616867993,0.021997153759002686,1.0780029687758588,0.35655370354652405,0.3831314146518707,0.4139973521232605,1.0571946887626946,1.022837909657692,65.0,False,0.8473000707923163,1.0200162656358112,0.02657771110534668,1.0745405554366336
timesfm3,SZ_TAXI_15T,SZ Taxi,L1,1,block_depth,True,0.05,0.2609694302082062,0.2975882887840271,0.327330082654953,1.0421828401787576,1.013208249482597,65.0,False,0.8345340343845459,1.0165520218577142,0.03661885857582092,1.140318575040018,0.330888956785202,0.37526553869247437,0.40967023372650146,1.0354899629983088,1.01214716317566,65.0,False,0.8369977259787438,0.9990748311430319,0.04437658190727234,1.1341132153167612
timesfm3,SZ_TAXI_15T,SZ Taxi,L2,2,block_depth,True,0.1,0.25268617272377014,0.2955598831176758,0.326524019241333,1.0350791682330955,1.010713183665054,90.0,True,0.8315826414611903,1.0096230533499058,0.04287371039390564,1.1696717708442799,0.32143503427505493,0.3727700114250183,0.4071754515171051,1.0286039231907556,1.0059834575214497,90.0,True,0.8310254473214655,0.9924309530719638,0.05133497714996338,1.1597056066577844
timesfm3,SZ_TAXI_15T,SZ Taxi,L3,3,block_depth,True,0.15,0.24305342137813568,0.2950504720211029,0.32777273654937744,1.0332951615249881,1.014578427786585,90.0,True,0.8335190456578002,1.0078829214304212,0.051997050642967224,1.2139326011053004,0.3099614083766937,0.3716522753238678,0.4086556136608124,1.025519695105078,1.0096404035025275,90.0,True,0.8333493106955172,0.989455188203145,0.06169086694717407,1.1990275733687519
timesfm3,SZ_TAXI_15T,SZ Taxi,L4,4,block_depth,True,0.2,0.2412392944097519,0.29365769028663635,0.32713791728019714,1.0284175057889156,1.0126134262344912,90.0,True,0.8319876952249166,1.0031252238275898,0.05241839587688446,1.2172879671412498,0.30856209993362427,0.37177395820617676,0.4083176851272583,1.0258554610902486,1.0088055041653665,90.0,True,0.832592557830491,0.9897791462876507,0.06321185827255249,1.2048594376501527
timesfm3,SZ_TAXI_15T,SZ Taxi,L5,5,block_depth,True,0.25,0.2421436905860901,0.290824294090271,0.32467588782310486,1.0184946794997976,1.004992530115925,90.0,True,0.8277262729706631,0.9934464335636708,0.04868060350418091,1.2010401484604174,0.31010740995407104,0.36889198422431946,0.40490400791168213,1.017903078512745,1.0003715408814988,90.0,True,0.8260305366017988,0.9821064255808282,0.05878457427024841,1.1895619787961687
timesfm3,SZ_TAXI_15T,SZ Taxi,L6,6,block_depth,True,0.3,0.24197746813297272,0.2901647686958313,0.32484009861946106,1.016184958067023,1.0055008235552958,90.0,True,0.8289326162933431,0.9911935160314531,0.04818730056285858,1.1991396179762426,0.29982495307922363,0.36816129088401794,0.40708664059638977,1.0158868378993697,1.0057640378173542,65.0,False,0.8303730731654949,0.9801610902107788,0.06833633780479431,1.2279207821196176
timesfm3,SZ_TAXI_15T,SZ Taxi,L7,7,block_depth,True,0.35,0.24361450970172882,0.28985896706581116,0.32251569628715515,1.0151140113150257,0.9983059345334655,90.0,True,0.8239627965964049,0.9901489075001343,0.046244457364082336,1.1898263671597478,0.311869740486145,0.367026686668396,0.4020126461982727,1.0127560647371292,0.9932280305284966,90.0,True,0.8203088938181516,0.9771404171186364,0.05515694618225098,1.176858922241933
timesfm3,SZ_TAXI_15T,SZ Taxi,L8,8,block_depth,True,0.4,0.24422293901443481,0.2888314127922058,0.32241886854171753,1.0115154173122858,0.9980062166778365,90.0,True,0.8234858901622374,0.9866388151552029,0.044608473777770996,1.1826547250548582,0.31262171268463135,0.3664681613445282,0.4032852053642273,1.0112148963981429,0.9963720645435576,90.0,True,0.822512217658537,0.9756534471304606,0.05384644865989685,1.172241550970634
timesfm3,SZ_TAXI_15T,SZ Taxi,L9,9,block_depth,True,0.45,0.24312597513198853,0.2896052300930023,0.3230776786804199,1.0142254000055526,1.0000454788866806,90.0,True,0.8245238113553709,0.989282150163067,0.046479254961013794,1.1911735467005575,0.29998841881752014,0.36751988530158997,0.40434834361076355,1.014116973698331,0.9989986951154376,65.0,False,0.824705163318126,0.9784534669203717,0.06753146648406982,1.2251135785516725
timesfm3,SZ_TAXI_15T,SZ Taxi,L10,10,block_depth,True,0.5,0.24802546203136444,0.29058656096458435,0.32377946376800537,1.0176621152038536,1.0022177645328336,90.0,True,0.8305628774354651,0.9926343448535714,0.04256109893321991,1.171599716354274,0.3057480454444885,0.3692176938056946,0.40456971526145935,1.0188018261130214,0.9995456244986665,65.0,False,0.8251438945978654,0.9829735668753574,0.06346964836120605,1.207588075563772
timesfm3,SZ_TAXI_15T,SZ Taxi,L11,11,block_depth,True,0.55,0.23796528577804565,0.2910288870334625,0.324133962392807,1.0192111836857893,1.0033150695167383,65.0,False,0.8280094181228443,0.9941453164763989,0.05306360125541687,1.2229888325178244,0.3062439262866974,0.36774522066116333,0.4055921137332916,1.0147387534225227,1.0020716018036004,65.0,False,0.8277301765584644,0.9790533804831804,0.06150129437446594,1.2008245359187633
timesfm3,SZ_TAXI_15T,SZ Taxi,L12,12,block_depth,True,0.6,0.23885847628116608,0.2908170819282532,0.32323014736175537,1.0184694218139987,1.000517426116412,65.0,False,0.8240195578037262,0.993421797050214,0.0519586056470871,1.2175288332071807,0.30710214376449585,0.3692561089992523,0.40555113554000854,1.018907827179611,1.0019703594904692,65.0,False,0.8279199855059869,0.983075840196672,0.06215396523475647,1.2023885749310166
timesfm3,SZ_TAXI_15T,SZ Taxi,L13,13,block_depth,True,0.65,0.2412380874156952,0.28914543986320496,0.3232331871986389,1.0126151703505661,1.0005268355412427,65.0,False,0.8266898180761925,0.9877115215283153,0.047907352447509766,1.1985895053336129,0.30937469005584717,0.364908367395401,0.4038001000881195,1.0069108748130693,0.9976441834118999,65.0,False,0.8241746373846021,0.9715007853065909,0.05553367733955383,1.1795029752741863
timesfm3,SZ_TAXI_15T,SZ Taxi,L14,14,block_depth,True,0.7,0.23984456062316895,0.28978705406188965,0.3240891993045807,1.0148621650512533,1.0031765111236468,65.0,False,0.8251819216230004,0.9899032549919896,0.0499424934387207,1.2082285848341072,0.29493772983551025,0.3665957450866699,0.40554845333099365,1.0115669449365987,1.0019637327208823,45.0,False,0.8274852017708394,0.9759931151588146,0.07165801525115967,1.2429598115206355
timesfm3,SZ_TAXI_15T,SZ Taxi,L15,15,block_depth,True,0.75,0.23805944621562958,0.28893232345581055,0.32422199845314026,1.0118688161722666,1.0035875738397695,65.0,False,0.830557391523705,0.9869835227360474,0.05087287724018097,1.2136982087831176,0.3069869577884674,0.3665357232093811,0.4076298475265503,1.0114013234097476,1.0071061059202233,65.0,False,0.8320826362692088,0.9758333180532073,0.059548765420913696,1.1939781606681363
timesfm3,SZ_TAXI_15T,SZ Taxi,L16,16,block_depth,True,0.8,0.23669324815273285,0.2878866493701935,0.3232922852039337,1.0082067648432218,1.0007097658298583,65.0,False,0.8243398366137605,0.9834115336961504,0.05119340121746063,1.2162858535974237,0.30416741967201233,0.36146774888038635,0.40587952733039856,0.997416994956109,1.0027816969802106,65.0,False,0.828898145656691,0.9623407772389895,0.05730032920837402,1.1883841776024588
timesfm3,SZ_TAXI_15T,SZ Taxi,L17,17,block_depth,True,0.85,0.23604969680309296,0.2875649034976959,0.32337474822998047,1.0070799798189003,1.0009650195407,65.0,False,0.8256847555718253,0.9823124601454128,0.051515206694602966,1.2182388174706098,0.3018820285797119,0.3634219169616699,0.40407752990722656,1.002809233852415,0.9983296122794924,65.0,False,0.8253690639563552,0.9675433869767128,0.06153988838195801,1.2038540971501004
timesfm3,SZ_TAXI_15T,SZ Taxi,L18,18,block_depth,True,0.9,0.23773802816867828,0.28804486989974976,0.3241032361984253,1.0087608683717622,1.0032199605265404,65.0,False,0.8278471507503278,0.9839520099355785,0.05030684173107147,1.2116062041844569,0.3151443600654602,0.3647521436214447,0.40600693225860596,1.0064797983265976,1.0030964685355825,90.0,True,0.8290139324353734,0.9710848685103678,0.0496077835559845,1.1574128870517633
timesfm3,SZ_TAXI_15T,SZ Taxi,L19,19,block_depth,True,0.95,0.23975436389446259,0.2847714424133301,0.3229112923145294,0.9972970101370991,0.9995304512511076,65.0,False,0.8234215623679771,0.9727700869394772,0.04501707851886749,1.18776333322001,0.3071095943450928,0.3597617447376251,0.4033399224281311,0.9927095278840781,0.996507250643128,65.0,False,0.8239908759864812,0.957798857917548,0.05265215039253235,1.1714441729012484
timesfm3,SZ_TAXI_15T,SZ Taxi,L20,20,block_depth,True,1.0,0.24130254983901978,0.2855432629585266,0.3230629861354828,1.0,1.0,90.0,True,0.8218126268998404,0.9754066010944421,0.044240713119506836,1.1833412583042373,0.2976410388946533,0.36240383982658386,0.4047536253929138,1.0,1.0,65.0,False,0.8268642985645653,0.9648329456039967,0.06476280093193054,1.2175869334834992
timesfm3,monash_london_smart_meters,London Smart Meters,Emb,0,block_depth,True,0.0,0.23294062912464142,0.2798005938529968,0.23939789831638336,1.0843976470827392,1.1077580610518645,10.0,False,1.0212397157161517,0.9317533127238288,0.04685996472835541,1.201166987933572,0.28751009702682495,0.3289121389389038,0.2888082265853882,1.086240730282393,1.111581069528445,30.0,False,1.0185543600405074,0.9235212004695456,0.04140204191207886,1.1440020449376287
timesfm3,monash_london_smart_meters,London Smart Meters,L1,1,block_depth,True,0.05,0.2079363316297531,0.2625882029533386,0.21708132326602936,1.0176891532399275,1.0044933035875891,30.0,False,0.9125701989071241,0.8744349846252115,0.05465187132358551,1.262829833032245,0.2563174068927765,0.30893561244010925,0.26052361726760864,1.0202677418650004,1.0027177014437552,30.0,False,0.9185631552944143,0.867431006313454,0.052618205547332764,1.2052853381485096
timesfm3,monash_london_smart_meters,London Smart Meters,L2,2,block_depth,True,0.1,0.2023092359304428,0.26058462262153625,0.21687066555023193,1.009924059650851,1.0035185340326411,45.0,False,0.9222742450967232,0.8677629379874336,0.058275386691093445,1.2880510443484126,0.24659425020217896,0.3071920871734619,0.26222479343414307,1.0145097051898608,1.009265282324709,30.0,False,0.9267218610208053,0.8625355270754493,0.06059783697128296,1.245739050775108
timesfm3,monash_london_smart_meters,London Smart Meters,L3,3,block_depth,True,0.15,0.20148880779743195,0.26056915521621704,0.21663177013397217,1.0098641140385,1.002413101090367,65.0,False,0.9232202191023842,0.8677114305694293,0.059080347418785095,1.2932190034008335,0.24436058104038239,0.3074294328689575,0.26087072491645813,1.0152935454045644,1.0040536685528345,45.0,False,0.919935371929948,0.8632019475436556,0.06306885182857513,1.2580974867552495
timesfm3,monash_london_smart_meters,London Smart Meters,L4,4,block_depth,True,0.2,0.19961324334144592,0.26111653447151184,0.2168077677488327,1.0119855419037156,1.0032274890944337,65.0,False,0.9228957716086468,0.8695342374027315,0.06150329113006592,1.3081122780258734,0.24858573079109192,0.3079105019569397,0.2616025507450104,1.016882288340997,1.0068703602614766,65.0,False,0.9200125193056194,0.8645526958105799,0.05932477116584778,1.2386491411918712
timesfm3,monash_london_smart_meters,London Smart Meters,L5,5,block_depth,True,0.25,0.19758181273937225,0.2605171203613281,0.21611334383487701,1.009662447296372,1.0000142040410496,65.0,False,0.9143419292098981,0.8675381512788024,0.06293530762195587,1.31852783790871,0.2466222494840622,0.30832329392433167,0.2615567743778229,1.0182455443447465,1.0066941736486539,65.0,False,0.9187744975558297,0.8657117352260902,0.06170104444026947,1.2501844199756877
timesfm3,monash_london_smart_meters,London Smart Meters,L6,6,block_depth,True,0.3,0.1979035884141922,0.2608512043952942,0.21622462570667267,1.0109572263222917,1.0005291350049283,65.0,False,0.9126628632308175,0.8686506718102619,0.06294761598110199,1.3180721304019964,0.2397763878107071,0.3086501359939575,0.2616075277328491,1.0193249486183094,1.006889515967428,45.0,False,0.9142682585534364,0.8666294440752638,0.06887374818325043,1.2872415787563838
timesfm3,monash_london_smart_meters,London Smart Meters,L7,7,block_depth,True,0.35,0.19700033962726593,0.26062461733818054,0.21612077951431274,1.0100790635271029,1.0000486109171847,65.0,False,0.914907982714404,0.8678961228717529,0.06362427771091461,1.3229653199141422,0.23772768676280975,0.3081541657447815,0.26068732142448425,1.0176869942168654,1.0033477750532833,45.0,False,0.9115456051849442,0.8652368562510688,0.07042647898197174,1.2962485352084336
timesfm3,monash_london_smart_meters,London Smart Meters,L8,8,block_depth,True,0.4,0.1983788013458252,0.2611827552318573,0.21644338965415955,1.0122421876660344,1.0015414142605124,65.0,False,0.9103794080329304,0.869754756637424,0.0628039538860321,1.3165860135254506,0.23124949634075165,0.3082660734653473,0.2616731822490692,1.0180565723191022,1.0071422106992303,30.0,False,0.9144321513991474,0.8655510713261712,0.07701657712459564,1.3330453832042508
timesfm3,monash_london_smart_meters,London Smart Meters,L9,9,block_depth,True,0.45,0.19759775698184967,0.2615244686603546,0.21651272475719452,1.013566535240628,1.0018622463139306,65.0,False,0.9111478154423244,0.8708926835253558,0.06392671167850494,1.323519419728924,0.23739871382713318,0.30811843276023865,0.2600526511669159,1.017568985123768,1.0009050210775854,45.0,False,0.90588512476856,0.865136524992734,0.07071971893310547,1.2978942800195687
timesfm3,monash_london_smart_meters,London Smart Meters,L10,10,block_depth,True,0.5,0.19940361380577087,0.26129111647605896,0.21636195480823517,1.0126621534589195,1.0011645934627624,65.0,False,0.9092206226670853,0.8701156062941936,0.061887502670288086,1.3103629943766697,0.24073366820812225,0.3079557716846466,0.26050451397895813,1.0170317927717019,1.002644175650253,45.0,False,0.9055469322093604,0.864679804385568,0.06722210347652435,1.2792384795067744
timesfm3,monash_london_smart_meters,London Smart Meters,L11,11,block_depth,True,0.55,0.19858987629413605,0.2617025077342987,0.21727874875068665,1.0142565450444498,1.0054068440723813,65.0,False,0.9093037989403037,0.8714855646720943,0.06311263144016266,1.3178038710628184,0.23986707627773285,0.30964404344558716,0.26188579201698303,1.0226073533345788,1.0079605149283168,45.0,False,0.9112205122458943,0.8694201425452134,0.06977696716785431,1.290898476984237
timesfm3,monash_london_smart_meters,London Smart Meters,L12,12,block_depth,True,0.6,0.19453659653663635,0.2624419331550598,0.2180260866880417,1.0171222687208183,1.0088649764547335,45.0,False,0.9122952958127014,0.8739478971347207,0.06790533661842346,1.3490620162342313,0.2427484691143036,0.30955004692077637,0.26256731152534485,1.022296927413286,1.0105835848905755,45.0,False,0.9136580355228939,0.8691562186179503,0.06680157780647278,1.2751884617448102
timesfm3,monash_london_smart_meters,London Smart Meters,L13,13,block_depth,True,0.65,0.19436299800872803,0.26189911365509033,0.2178572416305542,1.0150185126835214,1.0080836852453454,45.0,False,0.910455926810778,0.8721402745691539,0.0675361156463623,1.3474741403367814,0.24219249188899994,0.30887359380722046,0.2615606188774109,1.0200629237476224,1.0067089705712151,45.0,False,0.910329778998912,0.8672568700760939,0.06668110191822052,1.2753227459618417
timesfm3,monash_london_smart_meters,London Smart Meters,L14,14,block_depth,True,0.7,0.1936512142419815,0.2623489201068878,0.21810808777809143,1.016761786531711,1.0092444174153954,45.0,False,0.9105905180756183,0.8736381579216355,0.06869770586490631,1.354749677836068,0.24137084186077118,0.30925971269607544,0.2614901661872864,1.0213380912290013,1.0064378083624177,45.0,False,0.911931720937561,0.8683410166840898,0.06788887083530426,1.2812637612394966
timesfm3,monash_london_smart_meters,London Smart Meters,L15,15,block_depth,True,0.75,0.19399939477443695,0.2602922320365906,0.21721310913562775,1.0087908681233488,1.0051031120295473,45.0,False,0.9069937803731002,0.8667892592243516,0.06629283726215363,1.3417167220507686,0.2334139347076416,0.3066056966781616,0.26135364174842834,1.0125731356187269,1.0059123455542531,30.0,False,0.909442299236915,0.8608890568177364,0.07319176197052002,1.3135706617610257
timesfm3,monash_london_smart_meters,London Smart Meters,L16,16,block_depth,True,0.8,0.1938473880290985,0.26017633080482483,0.2163698673248291,1.0083416802882195,1.001201206791876,45.0,False,0.9021896332916849,0.8664033009418497,0.06632894277572632,1.3421709389541512,0.2416585385799408,0.3069285750389099,0.26004600524902344,1.013639449642597,1.0008794419013747,45.0,False,0.902752464701253,0.8617956363446759,0.06527003645896912,1.270091993614278
timesfm3,monash_london_smart_meters,London Smart Meters,L17,17,block_depth,True,0.85,0.19481945037841797,0.2586788833141327,0.2155289351940155,1.0025381595980896,0.9973099890608198,45.0,False,0.8986786858863568,0.861416708022696,0.06385943293571472,1.32778776868364,0.2429189831018448,0.3043327033519745,0.2594238221645355,1.0050665171687976,0.9984847492477944,45.0,False,0.9008570411090666,0.8545069344307924,0.0614137202501297,1.2528156485176036
timesfm3,monash_london_smart_meters,London Smart Meters,L18,18,block_depth,True,0.9,0.19491888582706451,0.256597638130188,0.21461740136146545,0.9944720674236831,0.9930920783856211,45.0,False,0.8961833631619746,0.8544860326155171,0.061678752303123474,1.3164329205013308,0.23471496999263763,0.3021964430809021,0.2582175135612488,0.9980114631218139,0.9938418420035079,30.0,False,0.8950793258594384,0.8485087318213635,0.06748147308826447,1.2875039163048747
timesfm3,monash_london_smart_meters,London Smart Meters,L19,19,block_depth,True,0.95,0.19491301476955414,0.2544254958629608,0.21334417164325714,0.9860536937123405,0.9872005041745056,45.0,False,0.8902972308807727,0.8472526642894309,0.05951248109340668,1.305328411054379,0.24033035337924957,0.2978992164134979,0.2560177743434906,0.9838197624188577,0.985375364087456,45.0,False,0.8866397965291112,0.8364429566165511,0.05756886303424835,1.2395405416951337
timesfm3,monash_london_smart_meters,London Smart Meters,L20,20,block_depth,True,1.0,0.1911904662847519,0.2580239772796631,0.21611027419567108,1.0,1.0,45.0,False,0.9000664217113017,0.8592358303528634,0.0668335109949112,1.3495650818455136,0.23694771528244019,0.3027985692024231,0.259817510843277,1.0,1.0,45.0,False,0.8996760762066033,0.8501993846515542,0.06585085391998291,1.277913014866968
timesfm3,m5,M5,Emb,0,block_depth,True,0.0,0.26018205285072327,0.2861891984939575,0.3018242120742798,1.0318393398233512,1.0292132817226365,65.0,False,1.1133023948014138,1.015506641039874,0.026007145643234253,1.0999574926797722,0.3161507248878479,0.3384169936180115,0.3616892695426941,1.0115042970754233,1.0181479711962,30.0,False,1.1026679741749263,1.0164004748965856,0.022266268730163574,1.07042928254573
timesfm3,m5,M5,L1,1,block_depth,True,0.05,0.24661020934581757,0.28021690249443054,0.2954966723918915,1.0103065566372251,1.0076365240563618,45.0,False,1.0910184723927576,0.9943146943078119,0.033606693148612976,1.1362745412599153,0.3083759546279907,0.33726489543914795,0.3604409694671631,1.0080607576534975,1.0146340317559923,45.0,False,1.0958965434749528,1.0129402670518042,0.028888940811157227,1.093680912462865
timesfm3,m5,M5,L2,2,block_depth,True,0.1,0.24169085919857025,0.2786042392253876,0.2945881485939026,1.004492188339458,1.0045384798231802,65.0,False,1.1014264017120003,0.9885923600335197,0.03691338002681732,1.152729731481031,0.2997050881385803,0.3362101912498474,0.36070215702056885,1.0049083219314747,1.0153692694309668,45.0,False,1.0975885899311775,1.009772571991873,0.03650510311126709,1.12180341460999
timesfm3,m5,M5,L3,3,block_depth,True,0.15,0.23594772815704346,0.2778880298137665,0.2934538424015045,1.0019099348849203,1.00067052307202,65.0,False,1.0953338792755545,0.9860509803528612,0.04194030165672302,1.1777525131702398,0.29860687255859375,0.3357292115688324,0.3597300052642822,1.0034707079128897,1.0126326819186817,65.0,False,1.0964707993054719,1.0083279992150371,0.03712233901023865,1.124318434777332
timesfm3,m5,M5,L4,4,block_depth,True,0.2,0.23977899551391602,0.2779224216938019,0.2935066819190979,1.002033932907829,1.0008507045522703,90.0,True,1.106896299509951,0.9861730156454495,0.038143426179885864,1.1590774291890473,0.29761824011802673,0.3357377052307129,0.3592657744884491,1.0034960948634628,1.0113258816832782,65.0,False,1.0951755799039298,1.0083535090509252,0.03811946511268616,1.1280817502904696
timesfm3,m5,M5,L5,5,block_depth,True,0.25,0.2406960427761078,0.27912193536758423,0.29379549622535706,1.0063587131712979,1.001835554369025,90.0,True,1.1031596138515518,0.9904293401613792,0.03842589259147644,1.1596448871709109,0.28988149762153625,0.3379773199558258,0.35960620641708374,1.0101901438059404,1.012284190670183,45.0,False,1.0934736624779748,1.0150799604795422,0.04809582233428955,1.1659154610725881
timesfm3,m5,M5,L6,6,block_depth,True,0.3,0.23470839858055115,0.2788306176662445,0.2930832505226135,1.0053083832978746,0.999406813705459,65.0,False,1.093692469658159,0.9893956356682685,0.04412221908569336,1.1879873892563362,0.29721105098724365,0.3371356725692749,0.3588908612728119,1.0076745196967105,1.0102705085715509,65.0,False,1.0928196939727137,1.0125521595135205,0.03992462158203125,1.1343308785101158
timesfm3,m5,M5,L7,7,block_depth,True,0.35,0.23988434672355652,0.27919870615005493,0.2931750416755676,1.0066355059849998,0.9997198193225888,90.0,True,1.1013547329373332,0.9907017516983871,0.03931435942649841,1.1638888071000497,0.2877570390701294,0.33750784397125244,0.35787108540534973,1.0087869135169032,1.0073998601504788,45.0,False,1.0888804208943308,1.0136699378664003,0.04975080490112305,1.172891704272083
timesfm3,m5,M5,L8,8,block_depth,True,0.4,0.2402358055114746,0.27894556522369385,0.2928287386894226,1.0057228203640427,0.9985389344943267,90.0,True,1.099656906371431,0.9898035127250386,0.03870975971221924,1.1611323492341374,0.2959730923175812,0.3368247151374817,0.35717853903770447,1.0067450900746822,1.0054503561464787,65.0,False,1.0872365599218552,1.0116182309954271,0.04085162281990051,1.138024786307488
timesfm3,m5,M5,L9,9,block_depth,True,0.45,0.23486271500587463,0.2791648507118225,0.2929475009441376,1.0065134420733672,0.9989439109177883,65.0,False,1.0877348450917579,0.9905816199025638,0.044302135705947876,1.1886299223988777,0.28759315609931946,0.33667877316474915,0.35717931389808655,1.0063088799099253,1.005452537362767,45.0,False,1.085480886806532,1.011179909359132,0.04908561706542969,1.1706772780381398
timesfm3,m5,M5,L10,10,block_depth,True,0.5,0.2411489188671112,0.27919507026672363,0.2931111454963684,1.0066223970085746,0.9995019348930024,90.0,True,1.1070301345850424,0.9906888502203146,0.03804615139961243,1.157770358574895,0.2886795103549957,0.33764222264289856,0.35793837904930115,1.0091885617980731,1.007589290395811,45.0,False,1.087933696583421,1.0140735303226092,0.04896271228790283,1.1696092397679776
timesfm3,m5,M5,L11,11,block_depth,True,0.55,0.23500877618789673,0.27926477789878845,0.29274433851242065,1.006873724023811,0.998251131926888,65.0,False,1.0913880075249502,0.9909361990499193,0.044256001710891724,1.188316378770075,0.2953217625617981,0.33724522590637207,0.35729020833969116,1.0080019668205917,1.0057647029707746,65.0,False,1.0873252555715363,1.012881191642379,0.041923463344573975,1.141958597906584
timesfm3,m5,M5,L12,12,block_depth,True,0.6,0.23408611118793488,0.2785128653049469,0.2924262583255768,1.0041627447188017,0.9971664861633733,65.0,False,1.0911572829361342,0.9882681310845809,0.044426754117012024,1.1897880822213507,0.28577733039855957,0.33514854311943054,0.35623612999916077,1.001735131263896,1.0027974937824848,45.0,False,1.0813019401591648,1.006584021522251,0.04937121272087097,1.172761123676309
timesfm3,m5,M5,L13,13,block_depth,True,0.65,0.23614554107189178,0.27876684069633484,0.2927236258983612,1.005078438957299,0.9981805024126331,65.0,False,1.0951286334503039,0.989169331052897,0.042621299624443054,1.1804874207278278,0.2974880337715149,0.33695000410079956,0.3581525385379791,1.007119569864888,1.0081921450206817,65.0,False,1.0909404469798583,1.011994523451826,0.03946197032928467,1.132650613972572
timesfm3,m5,M5,L14,14,block_depth,True,0.7,0.24189332127571106,0.2786043584346771,0.292974054813385,1.0044926181419638,0.9990344589713152,90.0,True,1.0991868423257105,0.9885927830328007,0.036711037158966064,1.1517654020597066,0.28946563601493835,0.33681628108024597,0.3574903607368469,1.0067198812781484,1.0063281279165903,45.0,False,1.0863666326755215,1.0115929001759312,0.04735064506530762,1.1635795036577814
timesfm3,m5,M5,L15,15,block_depth,True,0.75,0.23654358088970184,0.2784501314163208,0.2927839159965515,1.0039365611501514,0.9983860901929751,65.0,False,1.0901921774569432,0.9880455277129186,0.04190655052661896,1.177162070384652,0.29697707295417786,0.33665841817855835,0.35859763622283936,1.0062480403055698,1.009445085992355,65.0,False,1.0903858042992773,1.0111187752611968,0.03968134522438049,1.133617537642386
timesfm3,m5,M5,L16,16,block_depth,True,0.8,0.2365994155406952,0.2780309319496155,0.2922409176826477,1.0024251606386865,0.9965344790422922,65.0,False,1.0921790656174717,0.9865580507410419,0.04143151640892029,1.1751125053045368,0.2901643216609955,0.3364642858505249,0.357760488986969,1.0056677926001938,1.0070885334718127,45.0,False,1.086934249372589,1.0105357188718103,0.04629996418952942,1.159564635391744
timesfm3,m5,M5,L17,17,block_depth,True,0.85,0.24512095749378204,0.2794145941734314,0.29338452219963074,1.0074138783229105,1.0004341428559669,90.0,True,1.117269504453093,0.991467803396402,0.03429363667964935,1.1399049556197955,0.3001419007778168,0.33763831853866577,0.3578639030456543,1.0091768927085114,1.0073796419533463,65.0,False,1.0875108657031456,1.01406180474892,0.037496417760849,1.124928967477307
timesfm3,m5,M5,L18,18,block_depth,True,0.9,0.24597957730293274,0.2802523076534271,0.2937644124031067,1.0104342079814326,1.0017295592850424,65.0,False,1.0926336275049522,0.9944403250942893,0.034272730350494385,1.1393316092591146,0.3017950654029846,0.33742010593414307,0.3583099842071533,1.0085246707713358,1.0086353513918467,45.0,False,1.084540621519544,1.0134064257370858,0.03562504053115845,1.1180438138827373
timesfm3,m5,M5,L19,19,block_depth,True,0.95,0.24976803362369537,0.2814960777759552,0.29490926861763,1.0149185524251607,1.0056334913571323,65.0,False,1.0980420346435893,0.9988536880933157,0.03172804415225983,1.1270300434044407,0.3067215085029602,0.33911237120628357,0.3579227924346924,1.013582731172681,1.0075454143912457,45.0,False,1.0854925575887109,1.0184889696361552,0.032390862703323364,1.1056034930886196
timesfm3,m5,M5,L20,20,block_depth,True,1.0,0.24471859633922577,0.2773582935333252,0.2932572066783905,1.0,1.0,65.0,False,1.0800363924399248,0.9841712772976139,0.032639697194099426,1.1333764482240438,0.29891109466552734,0.3345680236816406,0.3552423417568207,1.0,1.0,45.0,False,1.0755300811989863,1.0048404913704456,0.03565692901611328,1.1192894129808475
timesfm3,wiki_daily_100k,Wiki Daily,Emb,0,block_depth,True,0.0,0.2814487814903259,0.26614177227020264,0.2628377079963684,1.023159104139606,1.062271375522893,30.0,False,0.9602535767857419,0.9018413079522232,-0.015307009220123291,0.9456135175321432,0.3358088731765747,0.3208412826061249,0.32518064975738525,1.026380150457429,1.0753095471800755,10.0,False,0.9595951349613367,0.9192283815910702,-0.014967590570449829,0.9554282457492432
timesfm3,wiki_daily_100k,Wiki Daily,L1,1,block_depth,True,0.05,0.2661415636539459,0.2654608190059662,0.2570072114467621,1.0205412380081302,1.038707140250314,30.0,False,0.9201208663519915,0.8995338468677232,-0.0006807446479797363,0.997442170855865,0.3208107054233551,0.31978753209114075,0.3156079351902008,1.0230091733707873,1.0436544306342317,30.0,False,0.9183608870450205,0.9162093268964201,-0.0010231733322143555,0.9968106633758866
timesfm3,wiki_daily_100k,Wiki Daily,L2,2,block_depth,True,0.1,0.2591111958026886,0.26520439982414246,0.2552490830421448,1.0195554565649503,1.031601578826287,45.0,False,0.9182162776861362,0.898664951284939,0.006093204021453857,1.0235157882799235,0.31326109170913696,0.319959431886673,0.3142814338207245,1.0235590855783712,1.039267947035009,45.0,False,0.9262577930884126,0.916701829511917,0.006698340177536011,1.021382611357798
timesfm3,wiki_daily_100k,Wiki Daily,L3,3,block_depth,True,0.15,0.25884923338890076,0.2651398777961731,0.2556222677230835,1.0193074071897197,1.0331098228578104,65.0,False,0.9268168357001279,0.898446313565654,0.006290644407272339,1.024302348996418,0.3139706552028656,0.32006463408470154,0.31562340259552,1.0238956303239972,1.0437055783535756,65.0,False,0.9364291956116297,0.9170032397464358,0.0060939788818359375,1.0194093899568366
timesfm3,wiki_daily_100k,Wiki Daily,L4,4,block_depth,True,0.2,0.25671181082725525,0.2651788890361786,0.2560087740421295,1.019457382539455,1.0346719069374166,65.0,False,0.9277200512555421,0.898578506071217,0.00846707820892334,1.0329828151717606,0.3198901116847992,0.32046452164649963,0.3168230652809143,1.0251748817111956,1.0476726309440745,90.0,True,0.9308838548635335,0.9181489401789494,0.0005744099617004395,1.0017956477575225
timesfm3,wiki_daily_100k,Wiki Daily,L5,5,block_depth,True,0.25,0.2620197534561157,0.2633926272392273,0.25444743037223816,1.0125902530229658,1.0283616605860737,90.0,True,0.9281269216118893,0.8925256243248968,0.0013728737831115723,1.0052395812338688,0.3093251585960388,0.31824010610580444,0.3123496174812317,1.0180589147795294,1.032879803845047,65.0,False,0.914455844488802,0.9117758641182561,0.008914947509765625,1.028820635056743
timesfm3,wiki_daily_100k,Wiki Daily,L6,6,block_depth,True,0.3,0.2613256871700287,0.26251891255378723,0.2539583742618561,1.0092313322222095,1.0263851165390123,90.0,True,0.9313803671552703,0.8895649767423205,0.001193225383758545,1.0045660470529336,0.30878350138664246,0.31724637746810913,0.3127252757549286,1.0148799493409586,1.0341220331366265,65.0,False,0.9169073420322024,0.9089287754894191,0.008462876081466675,1.0274071511057512
timesfm3,wiki_daily_100k,Wiki Daily,L7,7,block_depth,True,0.35,0.25909560918807983,0.2614028751850128,0.2516166865825653,1.0049408227517074,1.0169210719348813,90.0,True,0.9126566235106915,0.8857832006167853,0.0023072659969329834,1.0089050756366085,0.31473618745803833,0.31648412346839905,0.3106394112110138,1.01244147768122,1.0272244823141239,90.0,True,0.9097668940553509,0.906744874761859,0.0017479360103607178,1.0055536543937889
timesfm3,wiki_daily_100k,Wiki Daily,L8,8,block_depth,True,0.4,0.2594890296459198,0.26074761152267456,0.25090187788009644,1.002421718080485,1.0140321378112516,90.0,True,0.9047788298361074,0.8835627906704026,0.0012585818767547607,1.0048502315433994,0.3063124716281891,0.31496119499206543,0.30883264541625977,1.00756958729985,1.0212498571017474,65.0,False,0.8970607899385753,0.9023815987295235,0.008648723363876343,1.0282349697284752
timesfm3,wiki_daily_100k,Wiki Daily,L9,9,block_depth,True,0.45,0.25126421451568604,0.2604602873325348,0.2503575086593628,1.0013171249966057,1.0118320431394892,65.0,False,0.8951456313237119,0.8825891711546398,0.009196072816848755,1.0365992142357967,0.3049287497997284,0.3153333067893982,0.30783501267433167,1.0087599832471268,1.017950878479326,65.0,False,0.8914382609412251,0.9034477200292973,0.0104045569896698,1.0341212725809006
timesfm3,wiki_daily_100k,Wiki Daily,L10,10,block_depth,True,0.5,0.2508602738380432,0.2607438266277313,0.25072258710861206,1.0024071673781043,1.0133075254415305,65.0,False,0.8903731059151357,0.8835499652707032,0.00988355278968811,1.0393986366931458,0.3047361969947815,0.31497493386268616,0.3083649277687073,1.0076135383275366,1.019703205257079,65.0,False,0.893317509975393,0.9024209613692156,0.010238736867904663,1.0335986895185936
timesfm3,wiki_daily_100k,Wiki Daily,L11,11,block_depth,True,0.55,0.25119930505752563,0.2615942358970642,0.2513599097728729,1.0056764925153823,1.015883295974523,65.0,False,0.8929750702407455,0.8864316407070989,0.010394930839538574,1.0413812085871739,0.3049197196960449,0.31589001417160034,0.3094486594200134,1.010540905583754,1.023286896328796,65.0,False,0.8973229599988959,0.9050427180975157,0.01097029447555542,1.0359776484331384
timesfm3,wiki_daily_100k,Wiki Daily,L12,12,block_depth,True,0.6,0.2506631910800934,0.2616252303123474,0.25077253580093384,1.0057956478734607,1.0135093955099568,65.0,False,0.8918881283247515,0.886536667602275,0.010962039232254028,1.0437321458528444,0.29551348090171814,0.316413551568985,0.3099898397922516,1.0122157162201315,1.0250764752027184,45.0,False,0.8962112576285287,0.9065426822872583,0.020900070667266846,1.0707245930151585
timesfm3,wiki_daily_100k,Wiki Daily,L13,13,block_depth,True,0.65,0.2504080832004547,0.2616344690322876,0.24974185228347778,1.0058311653359648,1.0093438379643402,65.0,False,0.8868912635572865,0.8865679736960295,0.011226385831832886,1.0448323619922686,0.3038889765739441,0.316224068403244,0.30811449885368347,1.0116095543241852,1.018875085246199,65.0,False,0.8916379002770536,0.9059998023237823,0.012335091829299927,1.0405907840697817
timesfm3,wiki_daily_100k,Wiki Daily,L14,14,block_depth,True,0.7,0.24956154823303223,0.2609716057777405,0.24965129792690277,1.0032828446875213,1.0089778581296667,65.0,False,0.8854138549619339,0.8843218119628486,0.011410057544708252,1.045720414965746,0.30322134494781494,0.315518319606781,0.3074970543384552,1.0093518443748453,1.01683331559424,65.0,False,0.8875502009500068,0.9039777921924397,0.012296974658966064,1.0405544492953898
timesfm3,wiki_daily_100k,Wiki Daily,L15,15,block_depth,True,0.75,0.2501033842563629,0.26086387038230896,0.24935318529605865,1.002868665245739,1.0077730214384568,65.0,False,0.886419562032647,0.8839567425147123,0.010760486125946045,1.0430241524237682,0.3038724958896637,0.3148602843284607,0.30739933252334595,1.0072467712917226,1.016510168442547,65.0,False,0.8886384709572751,0.902092483983325,0.010987788438796997,1.036159206862824
timesfm3,wiki_daily_100k,Wiki Daily,L16,16,block_depth,True,0.8,0.2497389167547226,0.2602953612804413,0.24760480225086212,1.0006830810046767,1.000706846358329,65.0,False,0.8791660159760868,0.8820303068874236,0.010556444525718689,1.0422699219765037,0.30317774415016174,0.314556360244751,0.3057500720024109,1.0062745097291463,1.0110563827229113,65.0,False,0.8815555097934177,0.9012217243313072,0.011378616094589233,1.0375311721065958
timesfm3,wiki_daily_100k,Wiki Daily,L17,17,block_depth,True,0.85,0.24953313171863556,0.25993812084198,0.24588091671466827,0.9993097009303628,0.9937396791518567,65.0,False,0.8736014232814254,0.8808197709331193,0.010404989123344421,1.0416978260629401,0.3030445873737335,0.31462401151657104,0.3031342029571533,1.0064909280216594,1.002406209471099,65.0,False,0.8752439410411873,0.9014155490430233,0.011579424142837524,1.0382102985015769
timesfm3,wiki_daily_100k,Wiki Daily,L18,18,block_depth,True,0.9,0.2518773376941681,0.25875237584114075,0.24540890753269196,0.9947512064766436,0.9918320310947356,65.0,False,0.8719596279881623,0.8768017852808369,0.006875038146972656,1.027295183480621,0.30557358264923096,0.3133428394794464,0.3027459681034088,1.0023924231860453,1.0011223918605154,65.0,False,0.8735133503611731,0.897744918852732,0.007769256830215454,1.02542515868963
timesfm3,wiki_daily_100k,Wiki Daily,L19,19,block_depth,True,0.95,0.25956350564956665,0.25966253876686096,0.24567250907421112,0.9982502493956016,0.9928973895405769,65.0,False,0.874875645750099,0.8798859404526443,9.903311729431152e-05,1.0003815371388458,0.30649542808532715,0.31343644857406616,0.302717924118042,1.0026918812727341,1.0010296558221676,45.0,False,0.8691957079965588,0.8980131141917189,0.006941020488739014,1.0226464079157704
timesfm3,wiki_daily_100k,Wiki Daily,L20,20,block_depth,True,1.0,0.2503003776073456,0.26011767983436584,0.24742990732192993,1.0,1.0,45.0,False,0.8686792787499139,0.8814282200133464,0.009817302227020264,1.039222083166095,0.30257561802864075,0.3125949800014496,0.30240654945373535,1.0,1.0,45.0,False,0.8604036066640443,0.8956022592422463,0.010019361972808838,1.0331135801294486
timesfm3,monash_traffic,Traffic,Emb,0,block_depth,True,0.0,0.1628730595111847,0.14085935056209564,0.13423556089401245,0.9985632511742445,1.1295856679334657,10.0,False,0.899424679276258,0.613193927069661,-0.02201370894908905,0.8648413125218087,0.19629736244678497,0.1686742603778839,0.16203686594963074,0.986245066286302,1.151462848121003,10.0,False,0.9257584946896348,0.5857751953851988,-0.027623102068901062,0.859279300931058
timesfm3,monash_traffic,Traffic,L1,1,block_depth,True,0.05,0.13753795623779297,0.1279858499765396,0.125828355550766,0.9073019714124907,1.0588394468884843,30.0,False,0.8567085140909501,0.5571525471563641,-0.009552106261253357,0.9305493078235184,0.16786827147006989,0.1493442952632904,0.15468022227287292,0.8732219963582373,1.099185227031466,30.0,False,0.8809106394178171,0.5186457230731641,-0.01852397620677948,0.8896517129499233
timesfm3,monash_traffic,Traffic,L2,2,block_depth,True,0.1,0.12083829194307327,0.13051320612430573,0.11979707330465317,0.9252186021630776,1.008086502295436,10.0,False,0.8139176871744032,0.5681547236903894,0.009674914181232452,1.0800649696851912,0.14358823001384735,0.15310736000537872,0.14432750642299652,0.8952247846182009,1.0256169831110256,10.0,False,0.8183925183135682,0.5317141662345901,0.009519129991531372,1.066294639822591
timesfm3,monash_traffic,Traffic,L3,3,block_depth,True,0.15,0.12309068441390991,0.12773822247982025,0.1174219474196434,0.905546520196668,0.9880999343444653,30.0,False,0.7934642074344979,0.556074566343888,0.004647538065910339,1.0377570251399557,0.14980314671993256,0.15235811471939087,0.1407533586025238,0.8908439178215223,1.0002184517036956,30.0,False,0.7970288265121888,0.5291121728847588,0.002554967999458313,1.017055502874282
timesfm3,monash_traffic,Traffic,L4,4,block_depth,True,0.2,0.11911354213953018,0.12996767461299896,0.11046202480792999,0.9213512854576216,0.9295325265744413,30.0,False,0.7704863641371855,0.5657798965424325,0.01085413247346878,1.0911242523604427,0.15481090545654297,0.1537998616695404,0.14072845876216888,0.8992738692156044,1.0000415090004113,45.0,False,0.7993575789276761,0.5341190992499779,-0.0010110437870025635,0.9934691694747152
timesfm3,monash_traffic,Traffic,L5,5,block_depth,True,0.25,0.11563486605882645,0.13464443385601044,0.11046751588582993,0.9545052074090224,0.929578733725929,30.0,False,0.770386431606855,0.5861389309603666,0.01900956779718399,1.1643930454981746,0.1414070576429367,0.1606980562210083,0.13700628280639648,0.9396078853685531,0.9735910632816359,30.0,False,0.7748289683884838,0.558075281136524,0.019290998578071594,1.1364217522069004
timesfm3,monash_traffic,Traffic,L6,6,block_depth,True,0.3,0.10875909775495529,0.13870178163051605,0.113054059445858,0.9832680717037067,0.9513443710535833,10.0,False,0.7880514839486291,0.6038015213770368,0.02994268387556076,1.2753119922254643,0.1303539127111435,0.17236843705177307,0.13965201377868652,1.0078450632891098,0.9923920991006207,10.0,False,0.7916973527246403,0.598604402746695,0.04201452434062958,1.3223111870353386
timesfm3,monash_traffic,Traffic,L7,7,block_depth,True,0.35,0.10691986978054047,0.1372779905796051,0.11898170411586761,0.9731747025726054,1.0012252105215376,10.0,False,0.820112405484502,0.597603423612488,0.030358120799064636,1.2839333873243255,0.12783238291740417,0.16357596218585968,0.1476074606180191,0.9564351152773244,1.0489249221838606,10.0,False,0.838793209666256,0.5680697279779348,0.035743579268455505,1.2796128684509493
timesfm3,monash_traffic,Traffic,L8,8,block_depth,True,0.4,0.11842772364616394,0.14634454250335693,0.1171441525220871,1.0374482174638346,0.985762303892335,30.0,False,0.8286006964639137,0.6370722594187096,0.027916818857192993,1.2357287465948625,0.12633563578128815,0.17100989818572998,0.14695203304290771,0.9999016328511078,1.0442673370229045,10.0,False,0.8318392328727685,0.5938864430063533,0.044674262404441833,1.3536156851403494
timesfm3,monash_traffic,Traffic,L9,9,block_depth,True,0.45,0.12017128616571426,0.1488388478755951,0.11915288865566254,1.0551305486117801,1.0026657200365745,30.0,False,0.8341034778129469,0.6479305581430064,0.02866756170988083,1.2385558366276344,0.14737600088119507,0.18433557450771332,0.14273445308208466,1.0778173889246259,1.0142964621518922,30.0,False,0.8104451391347651,0.6401641064368147,0.03695957362651825,1.2507842077782572
timesfm3,monash_traffic,Traffic,L10,10,block_depth,True,0.5,0.11901714652776718,0.1581910401582718,0.11784201860427856,1.1214289909525283,0.9916348127814122,30.0,False,0.8440536901270603,0.6886428537033713,0.03917389363050461,1.3291449574567407,0.14657461643218994,0.18127499520778656,0.14633773267269135,1.059922060806581,1.039902009109743,30.0,False,0.8344784557524433,0.6295352681458387,0.03470037877559662,1.236742074584586
timesfm3,monash_traffic,Traffic,L11,11,block_depth,True,0.55,0.11999956518411636,0.14873698353767395,0.12129692733287811,1.0544084241376337,1.0207077004562783,30.0,False,0.8639406293038223,0.6474871186897577,0.028737418353557587,1.239479354024871,0.13156931102275848,0.18346190452575684,0.14624395966529846,1.0727090060134652,1.0392356414067103,10.0,False,0.8327858676373451,0.6371300086246398,0.05189259350299835,1.3944125959132074
timesfm3,monash_traffic,Traffic,L12,12,block_depth,True,0.6,0.12742683291435242,0.14720632135868073,0.12106096744537354,1.0435574369947453,1.01872210956399,45.0,False,0.8650564688712009,0.6408237857352295,0.019779488444328308,1.1552223185019652,0.16035866737365723,0.17407366633415222,0.1528489738702774,1.017815606292326,1.0861720495121898,45.0,False,0.8699756615926874,0.6045263555913342,0.013714998960494995,1.0855270200552192
timesfm3,monash_traffic,Traffic,L13,13,block_depth,True,0.65,0.11509865522384644,0.1448989361524582,0.11383738368749619,1.0272001979187266,0.9579360061673068,30.0,False,0.7868866245760432,0.6307791945155482,0.029800280928611755,1.2589107654703307,0.1407848745584488,0.17189590632915497,0.13685674965381622,1.0050821574799678,0.9725284540491659,30.0,False,0.7766434631588481,0.5969633890215006,0.031111031770706177,1.220982771539069
timesfm3,monash_traffic,Traffic,L14,14,block_depth,True,0.7,0.11339342594146729,0.14404229819774628,0.11367654800415039,1.021127422645215,0.956582581772238,30.0,False,0.7955049287739386,0.6270500477501358,0.03064887225627899,1.2702879113300596,0.12496867030858994,0.17688092589378357,0.14047591388225555,1.0342297638778926,0.998246880074462,10.0,False,0.7990754093401873,0.6142754602464012,0.051912255585193634,1.4154021600534334
timesfm3,monash_traffic,Traffic,L15,15,block_depth,True,0.75,0.11519934982061386,0.14104272425174713,0.11322958022356033,0.9998632019903424,0.9528213697981531,45.0,False,0.8166117485905916,0.6139921959274255,0.02584337443113327,1.2243361136271693,0.13328686356544495,0.17031167447566986,0.13374042510986328,0.995819091225206,0.9503832964393855,30.0,False,0.7601868174087419,0.5914616383606015,0.037024810910224915,1.2777828956268105
timesfm3,monash_traffic,Traffic,L16,16,block_depth,True,0.8,0.11326802521944046,0.1354495882987976,0.11214904487133026,0.9602130119308991,0.9437287177509193,45.0,False,0.8038664347404167,0.5896439578733836,0.022181563079357147,1.1958325223414425,0.1310143768787384,0.16527792811393738,0.14445990324020386,0.966386577318975,1.0265578184902477,30.0,False,0.8227739737839652,0.5739803477833819,0.034263551235198975,1.2615251245816475
timesfm3,monash_traffic,Traffic,L17,17,block_depth,True,0.85,0.10978998988866806,0.13319484889507294,0.10756208747625351,0.9442289831777533,0.9051296960133699,45.0,False,0.7410769430547622,0.5798285462306959,0.023404859006404877,1.2131784421342824,0.12816758453845978,0.1608923077583313,0.13420617580413818,0.9407436817839288,0.9536930038803503,30.0,False,0.7630349313314109,0.5587498815881539,0.03272472321987152,1.255327611405922
timesfm3,monash_traffic,Traffic,L18,18,block_depth,True,0.9,0.10439374297857285,0.128428652882576,0.10399805754423141,0.9104410367831361,0.8751385587581926,30.0,False,0.7230857400109643,0.5590801724917557,0.024034909904003143,1.2302332421296207,0.12493448704481125,0.15344730019569397,0.1300545334815979,0.8972124283451082,0.9241906936185735,30.0,False,0.7336967237929184,0.5328947170249424,0.02851281315088272,1.2282221172497856
timesfm3,monash_traffic,Traffic,L19,19,block_depth,True,0.95,0.10159949958324432,0.136972114443779,0.10863780230283737,0.9710063220751213,0.9141817835734768,30.0,False,0.7144417226534734,0.5962718727557245,0.03537261486053467,1.3481573728771423,0.12196186929941177,0.17107930779457092,0.13061581552028656,1.0003074735770068,0.9281792638188174,30.0,False,0.734616542612496,0.5941274900225924,0.04911743849515915,1.402727826141937
timesfm3,monash_traffic,Traffic,L20,20,block_depth,True,1.0,0.10075796395540237,0.14106202125549316,0.11883610486984253,1.0,1.0,45.0,False,0.8185588859737579,0.6140762003294087,0.04030405730009079,1.4000086516032642,0.11660077422857285,0.17102672159671783,0.1407226175069809,1.0,1.0,30.0,False,0.7922172399006544,0.5939448676695851,0.05442594736814499,1.4667717494006827
tirex,m4_hourly,M4,Emb,0,block_depth,True,0.0,0.2112681269645691,0.26316624857087173,0.23350677206998563,2.9667009549237795,2.209881562682552,45.0,False,5.78020982893484,0.7053867427614466,0.05189812160630264,1.2456505027613856,0.2752397358417511,0.34073790287926,0.3077964224205672,3.2631569540855074,2.387391718419004,30.0,False,5.646867262412237,0.6870014238765703,0.06549816703750888,1.237967700547304
tirex,m4_hourly,M4,L1,1,block_depth,True,0.08333333333333333,0.10211829096078873,0.14668562688388442,0.1569963214165382,1.6536025866281232,1.4857953498813614,0.001,False,2.426363835225903,0.39317388578299856,0.0445673359230957,1.4364285330647437,0.13097664713859558,0.17659124712111385,0.1946414417039802,1.6911677603359747,1.509716592320493,0.3,False,2.405640691501495,0.35604620792460984,0.04561459998251827,1.3482651371755627
tirex,m4_hourly,M4,L2,2,block_depth,True,0.16666666666666666,0.09078233689069748,0.13242546724909135,0.14336776063699302,1.492846298784802,1.3568161989743859,0.1,False,2.266077557149758,0.3549511744335375,0.04164313035839387,1.4587140162356964,0.11733110249042511,0.16093903127346784,0.17589966560365589,1.541270620750092,1.3643479077253218,1.0,False,2.0592837037705505,0.3244879501455609,0.04360792878304273,1.3716655503735797
tirex,m4_hourly,M4,L3,3,block_depth,True,0.25,0.0894901305437088,0.12828065858769963,0.13869459954097527,1.4461214323533997,1.3125899332691677,1.0,False,2.152025749925458,0.34384149339766873,0.03879052804399083,1.433461520374526,0.11947988718748093,0.15866266950282432,0.1769289813708258,1.5194705049451824,1.3723316910287608,3.0,False,2.1065563383040242,0.3198983117035927,0.03918278231534339,1.327944587475715
tirex,m4_hourly,M4,L4,4,block_depth,True,0.3333333333333333,0.08971817791461945,0.12359300093682668,0.14062045862940886,1.393276971847077,1.3308160448895128,3.0,False,2.105220410307702,0.3312767683256405,0.033874823022207234,1.377569226321608,0.11176453530788422,0.1517258123672418,0.17322029115077647,1.4530380552229842,1.3435656116575416,10.0,False,1.8831119764187132,0.3059121050353482,0.03996127705935759,1.3575488141141907
tirex,m4_hourly,M4,L5,5,block_depth,True,0.4166666666666667,0.08464280515909195,0.12305616625790833,0.13656627506245184,1.3872251777312583,1.2924477121986575,3.0,False,1.8381007848463005,0.3298378449545015,0.03841336109881638,1.4538290174411852,0.09520551562309265,0.14935166499655667,0.1656912413091605,1.4303014725381389,1.2851673005333224,1.0,False,1.8161224500240898,0.3011253096410845,0.054146149373464014,1.5687291226678737
tirex,m4_hourly,M4,L6,6,block_depth,True,0.5,0.07864990830421448,0.12151349603219797,0.13764736336435526,1.3698344931104114,1.3026790090678213,3.0,False,1.7207943938401982,0.325702895539148,0.04286358772798349,1.5449922148947584,0.09344059228897095,0.14660946497309754,0.164992579550461,1.404040146749517,1.2797482014951402,3.0,False,1.7275207193393824,0.29559644037015304,0.053168872684126595,1.5690125820232228
tirex,m4_hourly,M4,L7,7,block_depth,True,0.5833333333333334,0.07609712332487106,0.12281301977354607,0.13824232761527747,1.384484161695725,1.3083096831459766,3.0,False,1.6419088713844103,0.329186118878116,0.04671589644867501,1.61389832371504,0.08555169403553009,0.14643079800289552,0.1686174729341314,1.4023291003371468,1.3078643192078465,1.0,False,1.6703392540190107,0.29523620905484793,0.06087910396736543,1.7116060605659311
tirex,m4_hourly,M4,L8,8,block_depth,True,0.6666666666666666,0.07429049164056778,0.11750240048095015,0.1304283137113311,1.3246169887123396,1.234358743291861,3.0,False,1.7011060840063066,0.3149516170558144,0.04321190884038237,1.5816613658912126,0.08772236108779907,0.14148360109738722,0.15643038629120543,1.3549511014440794,1.2133364182850053,3.0,False,1.6293909974022704,0.28526158841663174,0.05376124000958815,1.6128567373577634
tirex,m4_hourly,M4,L9,9,block_depth,True,0.75,0.07350602746009827,0.11297756319737616,0.12467758162729158,1.2736080194278967,1.1799344681764607,3.0,False,1.5876771661450844,0.30282331317825145,0.039471535737277894,1.5369836610841807,0.08529561012983322,0.13396903841208865,0.1492521240311952,1.2829861181644453,1.1576589554431145,3.0,False,1.615090736336068,0.27011060221584154,0.04867342828225543,1.5706440015865633
tirex,m4_hourly,M4,L10,10,block_depth,True,0.8333333333333334,0.0696784183382988,0.10087899954719398,0.11895130955763446,1.1372196317485568,1.1257416798583275,3.0,False,1.7557014234710484,0.2703945102765155,0.031200581208895184,1.4477796992665914,0.08344541490077972,0.12080919211517081,0.14174225939906962,1.1569577438755405,1.0994094524495852,10.0,False,1.4257340350943852,0.24357750135566816,0.03736377721439109,1.4477630946987112
tirex,m4_hourly,M4,L11,11,block_depth,True,0.9166666666666666,0.0660707950592041,0.09472478998696986,0.11039238749427423,1.0678425764526491,1.0447410138108872,10.0,False,1.4240538245539593,0.2538988621471211,0.028653994927765755,1.4336862437040412,0.07748669385910034,0.1115177380034828,0.13458907731474584,1.067975940436829,1.0439265214455222,10.0,False,1.3713107236776567,0.22484391712369803,0.03403104414438246,1.4391856517489774
tirex,m4_hourly,M4,L12,12,block_depth,True,1.0,0.06075531244277954,0.08870669897958522,0.10566483562428305,1.0,1.0,10.0,False,1.2359011609420771,0.23776806408166254,0.027951386536805678,1.460064896598644,0.07205379009246826,0.10441971001506761,0.12892581474832224,1.0,1.0,10.0,False,1.2473509309271968,0.2105327551028268,0.03236591992259935,1.4491910818440423
tirex,m4_hourly,M4,L12+RMS,13,head_input_diagnostic,False,,0.06061561405658722,0.0892325185580563,0.10897964881804154,,,3.0,False,1.556753136521596,0.239177462747913,0.028616904501469087,1.47210450552813,0.07570604234933853,0.10648394938387716,0.13724402653209808,,,3.0,False,1.5777385748973083,0.2146947088321034,0.03077790703453863,1.40654492137519
tirex,monash_electricity_hourly,Electricity,Emb,0,block_depth,True,0.0,0.22662875056266785,0.26491054505792283,0.25710497705536034,2.505632483037396,1.6993630409309326,0.1,False,1.853112634383292,0.8709021386625994,0.038281794495254984,1.168918526004357,0.2980256974697113,0.3616302529819139,0.33440811533964315,2.7324740896499584,1.7867916087755225,1e-05,False,1.839467327402021,0.8564576611354584,0.06360455551220262,1.213419701898917
tirex,monash_electricity_hourly,Electricity,L1,1,block_depth,True,0.08333333333333333,0.15994839370250702,0.20459877804831694,0.1974482406072944,1.9351790777355822,1.3050554152151865,10.0,False,1.2823177647966173,0.6726252189435243,0.044650384345809924,1.2791549406170128,0.19967426359653473,0.2630292364886699,0.24798672706002498,1.9874459274336402,1.325029455545722,10.0,False,1.3027012807041414,0.6229384926614481,0.06335497289213515,1.3172916316353684
tirex,monash_electricity_hourly,Electricity,L2,2,block_depth,True,0.16666666666666666,0.12435777485370636,0.17830269999858986,0.17699357776241448,1.686459996645487,1.169858117786722,1.0,False,1.146241709425998,0.5861759965958878,0.0539449251448835,1.4337881182607517,0.15366999804973602,0.21478057254589242,0.21821306608901678,1.6228795699545242,1.1659444179966405,0.1,False,1.1589166111450737,0.5086700166901952,0.061110574496156395,1.3976740760833333
tirex,monash_electricity_hourly,Electricity,L3,3,block_depth,True,0.25,0.12458537518978119,0.15820523681303927,0.1726758511353085,1.4963699548415519,1.1413196385437963,3.0,False,1.1171828538796758,0.520104924694383,0.033619861623258085,1.2698539982886825,0.15809662640094757,0.19559095231176332,0.21289370038354669,1.4778830171285007,1.137522266826987,3.0,False,1.1210150024538674,0.46322277568013004,0.03749432591081575,1.2371608222412456
tirex,monash_electricity_hourly,Electricity,L4,4,block_depth,True,0.3333333333333333,0.11917329579591751,0.15303536538631862,0.16532772133937318,1.447471192517516,1.0927513831245825,3.0,False,1.1142332561418746,0.5031088021687311,0.03386206959040111,1.284141420812842,0.15147170424461365,0.18657876562526207,0.20366582496248128,1.4097870367482737,1.0882163749755316,3.0,False,1.0842633740561631,0.4418789963154567,0.035107061380648424,1.2317730664992952
tirex,monash_electricity_hourly,Electricity,L5,5,block_depth,True,0.4166666666666667,0.12197557091712952,0.15909143181816313,0.17097140004047912,1.5047519503210385,1.1300538854308038,10.0,False,1.1512507595759403,0.5230183199503767,0.03711586090103361,1.3042892984387031,0.15547610819339752,0.19653545416720952,0.21378138559010193,1.4850196624350043,1.1422652990847304,10.0,False,1.1414484472906798,0.46545966223313096,0.041059345973812,1.2640878167772123
tirex,monash_electricity_hourly,Electricity,L6,6,block_depth,True,0.5,0.11863279342651367,0.1664912846820955,0.1760205026744431,1.574742790819714,1.1634264731741282,10.0,False,1.1841612577341845,0.5473455798696758,0.047858491255581836,1.403417047456001,0.14283791184425354,0.20393119331534582,0.22517786809165058,1.5409017835503052,1.2031583766424994,3.0,False,1.2094343053297507,0.4829751698571503,0.061093281471092276,1.427710547447002
tirex,monash_electricity_hourly,Electricity,L7,7,block_depth,True,0.5833333333333334,0.11572727560997009,0.1755051122878799,0.17474542185664177,1.6599992657577511,1.1549986891584767,10.0,False,1.172715806537109,0.576978834890525,0.05977783667790981,1.5165406025747645,0.13896845281124115,0.21691093974896059,0.22182687889528638,1.6389766003766857,1.1852535498679466,3.0,False,1.1874469688577882,0.5137154167833967,0.07794248693771944,1.5608646089165834
tirex,monash_electricity_hourly,Electricity,L8,8,block_depth,True,0.6666666666666666,0.11253844946622849,0.14802619169345338,0.18361011542777977,1.4000923752066565,1.2135908362125818,10.0,False,1.269257364467486,0.48664097873386214,0.035487742227224894,1.3153388232692362,0.14306804537773132,0.18655069434005794,0.23145557408228176,1.4095749304356768,1.236701080518053,10.0,False,1.2637333270462927,0.4418125144128151,0.04348264896232662,1.3039298457424424
tirex,monash_electricity_hourly,Electricity,L9,9,block_depth,True,0.75,0.10837234556674957,0.13239702229736416,0.17252495464022832,1.2522652869600466,1.1403222719051487,10.0,False,1.1384770791149055,0.4352595697771217,0.02402467673061459,1.2216864146011965,0.13774877786636353,0.16667397866267283,0.21377648128808,1.2593866922339623,1.1422390946797005,10.0,False,1.148696304687141,0.394738008671839,0.02892520079630931,1.2099851718784103
tirex,monash_electricity_hourly,Electricity,L10,10,block_depth,True,0.8333333333333334,0.10186607390642166,0.11476641520857811,0.1648035931280096,1.0855077809208942,1.0892871012530234,10.0,False,1.0963242731709697,0.3772983685112888,0.012900341302156448,1.1266402130507869,0.1292017251253128,0.14422153061582843,0.20237082595588596,1.0897362494645007,1.08129700534239,10.0,False,1.0916683723105793,0.3415633337589869,0.015019805490515625,1.1162508122546189
tirex,monash_electricity_hourly,Electricity,L11,11,block_depth,True,0.9166666666666666,0.09788605570793152,0.10589311385655222,0.15808661424249182,1.001580460871953,1.0448905057631408,10.0,False,1.0595690133223952,0.34812709817628795,0.008007058148620697,1.0817997833369835,0.12408818304538727,0.13197985607135387,0.19582654598332544,0.9972382954606991,1.0463299575822826,10.0,False,1.053176136798527,0.31257108031146763,0.007891673025966606,1.0635972969567948
tirex,monash_electricity_hourly,Electricity,L12,12,block_depth,True,1.0,0.0948384702205658,0.10572601802192116,0.15129490924700525,1.0,1.0,10.0,False,1.004968238245087,0.3475777651185572,0.010887547801355368,1.1148009639551777,0.12009177356958389,0.13234535483856694,0.1871556334254396,1.0,1.0,10.0,False,1.002275322857329,0.3134366998682773,0.012253581268983044,1.1020351428308537
tirex,monash_electricity_hourly,Electricity,L12+RMS,13,head_input_diagnostic,False,,0.09305763989686966,0.10096476844135131,0.1519131691884676,,,10.0,False,1.0040281958243804,0.331925000365391,0.007907128544481654,1.084970224403334,0.11740659922361374,0.12648825850053372,0.18711566997564022,,,10.0,False,1.0024215153779894,0.2995651971680653,0.009081659276919979,1.0773522045351382
tirex,uber_tlc_hourly,Uber TLC,Emb,0,block_depth,True,0.0,0.2601759731769562,0.2510767554053823,0.335024323115367,1.2910308204510303,1.353268010786356,0.1,False,1.2053276378922937,0.9208077478263437,-0.009099217771573853,0.9650266792107467,0.3290551006793976,0.3143602962826044,0.41101558633034924,1.282708899610527,1.3218174560154456,3.0,False,1.2050406363754882,0.9240926809626797,-0.01469480439679316,0.9553424202619777
tirex,uber_tlc_hourly,Uber TLC,L1,1,block_depth,True,0.08333333333333333,0.23693153262138367,0.22934140832312688,0.31605731865803477,1.1792681726858658,1.2766543483696386,3.0,False,1.1473893757450477,0.8410947693679384,-0.007590124298256784,0.9679649043996782,0.29510390758514404,0.2886404248366829,0.3923701708923087,1.177762096879231,1.2618541932576848,1.0,False,1.1399514317335229,0.8484866160761952,-0.006463482748461147,0.9780976036496695
tirex,uber_tlc_hourly,Uber TLC,L2,2,block_depth,True,0.16666666666666666,0.2224692851305008,0.22212735741249934,0.30938371437253387,1.1421736911561617,1.2496975736727005,3.0,False,1.1341948733605445,0.8146377046309248,-0.0003419277180014557,0.9984630340417515,0.28338974714279175,0.2784185347836891,0.3856169798816661,1.136052919553516,1.2401360734136861,3.0,False,1.1185108154968615,0.81843837558502,-0.004971212359102639,0.9824580373523613
tirex,uber_tlc_hourly,Uber TLC,L3,3,block_depth,True,0.25,0.22425255179405212,0.2185798485742043,0.30701770735833483,1.1239324834479185,1.2401405314381608,10.0,False,1.1072354825872384,0.8016274456027229,-0.0056727032198478355,0.9747039524212081,0.2775563895702362,0.2750082056514407,0.3885422444383379,1.1221374869105734,1.2495436625248306,3.0,False,1.1286860891865937,0.8084133812455584,-0.0025481839187955213,0.9908192208338598
tirex,uber_tlc_hourly,Uber TLC,L4,4,block_depth,True,0.3333333333333333,0.21725133061408997,0.2175923068047935,0.30205700031787386,1.1188545667019674,1.2201026843758542,10.0,False,1.1083838327837812,0.7980057000886572,0.00034097619070352914,1.0015695010462753,0.2767554223537445,0.2733555511066704,0.38063885090972177,1.1153940313354682,1.2241265156444499,10.0,False,1.1093531623756527,0.8035552423932876,-0.003399871247074082,0.9877152497387082
tirex,uber_tlc_hourly,Uber TLC,L5,5,block_depth,True,0.4166666666666667,0.21110011637210846,0.21705687169753413,0.2900383206269213,1.1161013718683506,1.1715554785896851,10.0,False,1.055835398022002,0.7960420264924033,0.005956755325425667,1.028217679022619,0.2696551978588104,0.27321022487323704,0.36276749433338185,1.114801045340811,1.1666526098585606,10.0,False,1.058380465455208,0.803128041788581,0.003555027014426615,1.0131836027736725
tirex,uber_tlc_hourly,Uber TLC,L6,6,block_depth,True,0.5,0.20934680104255676,0.21592818566007924,0.2845480376783446,1.1102976945880134,1.1493785088240713,10.0,False,1.037742996598096,0.7919026435117931,0.006581384617522473,1.03143771285134,0.2669587731361389,0.27095649333116206,0.3574619089601604,1.1056049682899303,1.1495899592099115,10.0,False,1.0412302735425658,0.7965029786126195,0.003997720195023147,1.0149750470758436
tirex,uber_tlc_hourly,Uber TLC,L7,7,block_depth,True,0.5833333333333334,0.19896799325942993,0.21353386669554783,0.26822189080976805,1.097986162314906,1.0834320960645525,3.0,False,0.9792200769807625,0.7831216336976891,0.014565873436117899,1.0732071183787122,0.26325440406799316,0.26808521694695675,0.33882677572146624,1.0938890747282615,1.0896597637883645,10.0,False,0.9893802963850801,0.7880625822806354,0.004830812878963586,1.0183503592126644
tirex,uber_tlc_hourly,Uber TLC,L8,8,block_depth,True,0.6666666666666666,0.20510146021842957,0.20886525119306476,0.2683084718314291,1.0739802502868907,1.0837818238868955,10.0,False,0.973972887312603,0.7659997885497075,0.003763790974635195,1.0183508736145848,0.26027926802635193,0.26247361612342696,0.33557363831303044,1.0709916210659436,1.0791977425018258,10.0,False,0.9783089157009295,0.7715667356014282,0.0021943480970750273,1.0084307448446215
tirex,uber_tlc_hourly,Uber TLC,L9,9,block_depth,True,0.75,0.20004135370254517,0.20521091008629963,0.2569115651870957,1.055189713545815,1.0377461538785901,10.0,False,0.9382237489749558,0.752597729092325,0.0051695563837544645,1.025842438516195,0.2538014054298401,0.2575335037674158,0.32363043399883135,1.0508340943074281,1.040788649347439,10.0,False,0.9379339349272988,0.7570447946142647,0.0037320983375757066,1.014704797758133
tirex,uber_tlc_hourly,Uber TLC,L10,10,block_depth,True,0.8333333333333334,0.1967468410730362,0.19940340348327432,0.2509762865583633,1.0253276500410793,1.0137717074005606,10.0,False,0.9059521827535605,0.7312990745554514,0.0026565624102381225,1.013502439966759,0.2491401880979538,0.25053292350800893,0.31565360818769184,1.0222690792359754,1.015135345795383,10.0,False,0.9125800235212315,0.7364659077233005,0.0013927354100551348,1.0055901676108054
tirex,uber_tlc_hourly,Uber TLC,L11,11,block_depth,True,0.9166666666666666,0.1949937641620636,0.1948184436542615,0.2479746936187717,1.0017518935349532,1.0016473348511898,10.0,False,0.8854314246438624,0.7144840311747488,-0.0001753205078021125,0.9991008917205352,0.2468544989824295,0.2446904920809369,0.31033468176788503,0.9984297494112815,0.9980297906223204,10.0,False,0.8889219354488324,0.7192915120231194,-0.002164006901492599,0.9912336744502817
tirex,uber_tlc_hourly,Uber TLC,L12,12,block_depth,True,1.0,0.1961936056613922,0.19447773935998441,0.24756686808896883,1.0,1.0,10.0,False,0.8949181497385142,0.7132345202298526,-0.001715866301407798,0.9912542190372443,0.25054967403411865,0.24507532174919397,0.31094731308007967,1.0,1.0,10.0,False,0.8901264440760989,0.7204227562802948,-0.005474352284924683,0.9781506309835422
tirex,uber_tlc_hourly,Uber TLC,L12+RMS,13,head_input_diagnostic,False,,0.1913171261548996,0.191359251062208,0.2430937081390551,,,10.0,False,0.8621482912197036,0.7017976662627778,4.212490730839957e-05,1.0002201836717655,0.24841435253620148,0.24110287003475064,0.3041837990980681,,,30.0,False,0.8639914433576372,0.7087453479109674,-0.007311482501450833,0.9705673910271133
tirex,wind_farms_hourly,Wind Farms,Emb,0,block_depth,True,0.0,12.072848320007324,0.22986562952456127,0.6563544061376165,1.20753854679478,1.113517526178734,30.0,False,5.042418027790855,0.825120140852181,-11.842982690482764,0.019039883831193684,12.12675666809082,0.27440713289129826,0.7064455997355226,1.1581755205442426,1.1216656472602762,30.0,False,5.0347968006551564,0.8126017821871327,-11.852349535199522,0.02262823773922559
tirex,wind_farms_hourly,Wind Farms,L1,1,block_depth,True,0.08333333333333333,12.030824661254883,0.19988877203969554,0.6146077335250514,1.0500630207684707,1.0426935152799781,3.0,False,4.742080346725525,0.7175159334664253,-11.830935889215187,0.016614719079352455,12.087235450744629,0.25008746009064087,0.6629069071860259,1.0555307772804998,1.0525366785503283,3.0,False,4.732927262415558,0.740583940479459,-11.837147990653989,0.020690211679067965
tirex,wind_farms_hourly,Wind Farms,L2,2,block_depth,True,0.16666666666666666,12.019654273986816,0.1924638143306925,0.6065524858884684,1.0110579608972463,1.02902763700268,3.0,False,4.709691690743257,0.6908634836706656,-11.827190459656125,0.016012425144974984,12.078252792358398,0.23853186136893645,0.6526711485952935,1.0067586793262824,1.0362847565492965,10.0,False,4.664362594360149,0.7063643485302362,-11.839720930989461,0.0197488714195359
tirex,wind_farms_hourly,Wind Farms,L3,3,block_depth,True,0.25,12.023285865783691,0.19276156978866527,0.6046102064739884,1.0126221407781806,1.0257325236484685,10.0,False,4.668017839651968,0.6919322995085538,-11.830524295995026,0.016032353546315756,12.074997901916504,0.23845540949690888,0.6480717768835771,1.0064360029958634,1.0289820608428695,10.0,False,4.64575808647197,0.7061379516184411,-11.836542492419595,0.019747863431020724
tirex,wind_farms_hourly,Wind Farms,L4,4,block_depth,True,0.3333333333333333,12.019060134887695,0.19427823848339892,0.6023438496529373,1.0205895603327955,1.0218876069126066,10.0,False,4.665540381268744,0.69737649701478,-11.824781896404296,0.016164178921067876,12.069878578186035,0.24065442870989556,0.64529010512731,1.0157172858650538,1.024565435341731,10.0,False,4.638324093643031,0.7126499067294789,-11.82922414947614,0.019938429964393493
tirex,wind_farms_hourly,Wind Farms,L5,5,block_depth,True,0.4166666666666667,12.017971992492676,0.19545783439494727,0.6046365844227999,1.0267862567931678,1.0257772743319886,10.0,False,4.654006507131271,0.7016107461571965,-11.822514158097729,0.01626379513257685,12.060234069824219,0.24378766811218197,0.6493795365379512,1.0289415819593186,1.0310584685375788,3.0,False,4.669381511858005,0.7219283678813087,-11.816446401712037,0.02021417384610805
tirex,wind_farms_hourly,Wind Farms,L6,6,block_depth,True,0.5,12.016988754272461,0.2013457415710765,0.6103608619478595,1.0577168264909136,1.0354886182176402,10.0,False,4.693142694316017,0.7227458362902485,-11.815643012701385,0.016755091120434894,12.069684982299805,0.25380465279525244,0.6549893692846744,1.071219733869439,1.0399655332588127,10.0,False,4.6983089451783755,0.7515916624168363,-11.815880329504552,0.0210282748197204
tirex,wind_farms_hourly,Wind Farms,L7,7,block_depth,True,0.5833333333333334,12.015539169311523,0.20802119756757304,0.6137492685784934,1.0927845765058877,1.041237113441789,10.0,False,4.727604819733428,0.7467078927467716,-11.80751797174395,0.017312681073760956,12.067669868469238,0.26128222529584444,0.658663063551804,1.102779924495792,1.0457984758937713,10.0,False,4.72861720326265,0.7737349962157488,-11.806387643173395,0.021651423028942008
tirex,wind_farms_hourly,Wind Farms,L8,8,block_depth,True,0.6666666666666666,12.0071439743042,0.203594827093184,0.6157902271508147,1.069531804957247,1.04469963783293,10.0,False,4.736096160786467,0.7308190996425308,-11.803549147211015,0.016956141071422615,12.056900978088379,0.25394549835046737,0.6605678639367564,1.0718141931770693,1.0488228406254494,10.0,False,4.730213113623193,0.7520087483284701,-11.802955479737912,0.021062252963010602
tirex,wind_farms_hourly,Wind Farms,L9,9,block_depth,True,0.75,11.994195938110352,0.20264350024286573,0.6067335122399999,1.06453425989261,1.029334751593891,10.0,False,4.672746525667746,0.7274042396377766,-11.791552437867486,0.016895130051943406,12.040178298950195,0.25435111127111293,0.6498257470537574,1.0735261419539044,1.0317669434820238,10.0,False,4.666043379885228,0.7532098897810332,-11.785827187679082,0.021125194740121936
tirex,wind_farms_hourly,Wind Farms,L10,10,block_depth,True,0.8333333333333334,11.981328010559082,0.20030981568861325,0.6005354235233128,1.052274862691088,1.0188195781596858,10.0,False,4.628858211732649,0.7190273016323336,-11.78101819487047,0.016718498609843688,12.022782325744629,0.2514718093034875,0.6433935724554285,1.0613736260188336,1.0215541977492644,10.0,False,4.6212175260796755,0.7446834134985301,-11.771310516441142,0.020916273994664763
tirex,wind_farms_hourly,Wind Farms,L11,11,block_depth,True,0.9166666666666666,11.970816612243652,0.19196860170176694,0.5938630836326202,1.0084564917714616,1.0074998287385935,10.0,False,4.548447093839079,0.6890858803161494,-11.778848010541886,0.016036383140764436,12.007448196411133,0.23852534241661544,0.6331813914544937,1.006731165132616,1.0053397112882532,10.0,False,4.545649327878858,0.7063450439581639,-11.768922853994518,0.019864782134800925
tirex,wind_farms_hourly,Wind Farms,L12,12,block_depth,True,1.0,11.971549987792969,0.19035883379019514,0.5894423668301231,1.0,1.0,10.0,False,4.510614401458697,0.6833074960980186,-11.781191154002773,0.01590093463121303,12.008424758911133,0.23693052393505137,0.6298183433370281,1.0,1.0,10.0,False,4.519451173759044,0.7016223083400002,-11.771494234976082,0.019730358368547175
tirex,wind_farms_hourly,Wind Farms,L12+RMS,13,head_input_diagnostic,False,,11.955171585083008,0.18572006308836222,0.5835196546826312,,,10.0,False,4.444617687650775,0.6666562762406002,-11.769451521994645,0.015534704940587661,11.987899780273438,0.22960098923845146,0.6207731328584709,,,10.0,False,4.449152925354436,0.679917358857441,-11.758298791034987,0.01915272845509344
tirex,sg_carpark,SG Carpark,Emb,0,block_depth,True,0.0,0.2329416126012802,0.2650111557568534,0.2319216423873174,2.087721842067784,1.9217392543646175,3.0,False,1.6065859767939268,0.7926537118795448,0.0320695431555732,1.1376720234630888,0.3060142397880554,0.3463093096884967,0.3067346266391924,2.2412358999320006,2.109796830621306,3.0,False,1.5906552693136387,0.773149633353493,0.040295069900441294,1.1316771073409837
tirex,sg_carpark,SG Carpark,L1,1,block_depth,True,0.08333333333333333,0.14558687806129456,0.18996560135803653,0.14348839824272078,1.4965231711248748,1.1889674659531415,0.1,False,0.8445201987431771,0.5681909450786715,0.04437872329674197,1.3048263956732267,0.1865922212600708,0.23635990669329962,0.16879129719178557,1.5296681127691822,1.1609884014515963,0.3,False,0.8359653516592824,0.5276831147385712,0.04976768543322882,1.2667189719761307
tirex,sg_carpark,SG Carpark,L2,2,block_depth,True,0.16666666666666666,0.1328744888305664,0.17357620908378882,0.13608917498192882,1.3674097678364583,1.1276563367040446,1.0,False,0.814476703060743,0.5191699422286946,0.04070172025322241,1.3063170410771838,0.16858874261379242,0.21406641970835838,0.16522312974609898,1.3853896831472343,1.1364456608731388,1.0,False,0.8247801022414104,0.47791199739817386,0.04547767709456596,1.269755123559747
tirex,sg_carpark,SG Carpark,L3,3,block_depth,True,0.25,0.13182680308818817,0.16550046199206578,0.13548353195485086,1.3037901305941888,1.1226378831984238,3.0,False,0.8029771908171972,0.49501521979758367,0.03367365890387761,1.2554386370224797,0.17760160565376282,0.20901472094116239,0.1636908324277502,1.3526962258362945,1.1259061399157462,10.0,False,0.8150103499093723,0.46663387422792746,0.03141311528739957,1.1768740500502002
tirex,sg_carpark,SG Carpark,L4,4,block_depth,True,0.3333333333333333,0.13134491443634033,0.1662587432748517,0.13394426437631501,1.309763767409523,1.1098832696220722,10.0,False,0.81166311003141,0.49728325440817384,0.03491382883851138,1.265817896249293,0.1663491129875183,0.2083130096858841,0.16342643667328155,1.3481549085435809,1.1240875603477347,10.0,False,0.8130595876286814,0.46506727528137753,0.04196389669836578,1.2522640244045935
tirex,sg_carpark,SG Carpark,L5,5,block_depth,True,0.4166666666666667,0.11653103679418564,0.16830886292171343,0.1321163392588917,1.325914331159875,1.0947367942175692,3.0,False,0.8029599512964875,0.5034152036208066,0.05177782612752779,1.444326486333221,0.14791375398635864,0.20889428306349928,0.1619993829626148,1.3519167790019806,1.1142719310238478,3.0,False,0.8044773207769109,0.4663649917625936,0.06098052907714063,1.4122708499627734
tirex,sg_carpark,SG Carpark,L6,6,block_depth,True,0.5,0.11901495605707169,0.1663710597039616,0.13118211603013136,1.3106485809623942,1.0869956734124235,10.0,False,0.7929981510968915,0.49761919511295194,0.04735610364688991,1.397900442228295,0.15048980712890625,0.206313352863499,0.1579663327837226,1.335213579701152,1.0865316117178951,10.0,False,0.7853287180524543,0.46060296001231793,0.05582354573459275,1.3709456925994699
tirex,sg_carpark,SG Carpark,L7,7,block_depth,True,0.5833333333333334,0.11559055745601654,0.16470092772848188,0.13231672255038204,1.2974915084067622,1.0963972017293988,10.0,False,0.782573813698233,0.49262379668939527,0.04911037027246534,1.4248648968680022,0.14593598246574402,0.20434899727082523,0.15809392643892495,1.3225007124712969,1.0874092325209417,10.0,False,0.7801147165393864,0.4562174561758265,0.05841301480508121,1.4002646490476922
tirex,sg_carpark,SG Carpark,L8,8,block_depth,True,0.6666666666666666,0.11381445080041885,0.16069111257454768,0.12789412545787412,1.2659027299811343,1.0597508657021748,10.0,False,0.7620785529078729,0.4806303586900042,0.04687666177412883,1.4118691558449827,0.14368383586406708,0.19830726139710447,0.15498530294346272,1.283399957858982,1.0660273491966443,10.0,False,0.7647875680017076,0.44272903485735965,0.054623425533037395,1.3801640261380146
tirex,sg_carpark,SG Carpark,L9,9,block_depth,True,0.75,0.112523652613163,0.1465947908259886,0.12427691255543528,1.1548538244238036,1.0297780699145274,10.0,False,0.7478100882023964,0.4384679760313083,0.03407113821282562,1.302790901482343,0.1412079632282257,0.18095117590605875,0.15096721604550625,1.1710752793228778,1.0383899510477834,10.0,False,0.7481344961147159,0.4039808673711201,0.03974321267783304,1.28145163891075
tirex,sg_carpark,SG Carpark,L10,10,block_depth,True,0.8333333333333334,0.10913754999637604,0.13619647646522792,0.12217742687691066,1.0729373181180655,1.0123814009324275,10.0,False,0.732425805020189,0.40736640805463953,0.027058926468851885,1.2479341571232851,0.13695508241653442,0.16645301880556984,0.14752486278697596,1.077246470026074,1.0147125916498532,10.0,False,0.7315008429703129,0.3716131413731474,0.029497936389035417,1.215384021305033
tirex,sg_carpark,SG Carpark,L11,11,block_depth,True,0.9166666666666666,0.10666778683662415,0.1298364768236202,0.1184514754657018,1.0228341059366504,0.9815075807357881,10.0,False,0.7079023031838065,0.38834352085173895,0.02316868998699606,1.2172041876380353,0.13414688408374786,0.15860996964666466,0.14360321535186915,1.0264880212980243,0.9877385280429588,10.0,False,0.7118036229916963,0.35410321480768664,0.024463085562916792,1.1823604456413948
tirex,sg_carpark,SG Carpark,L12,12,block_depth,True,1.0,0.10518712550401688,0.12693796195300286,0.12068319979444736,1.0,1.0,10.0,False,0.7215897227056953,0.37967400441356736,0.021750836448985983,1.2067823067201828,0.13198471069335938,0.1545171169616745,0.14538585999717482,1.0,1.0,10.0,False,0.7224079865074117,0.344965754553972,0.022532406268315125,1.1707198216364982
tirex,sg_carpark,SG Carpark,L12+RMS,13,head_input_diagnostic,False,,0.1031898558139801,0.12382406638251187,0.11634276729434898,,,10.0,False,0.6915618996264857,0.3703602799580597,0.020634210568531763,1.1999635565508393,0.12989844381809235,0.15057891430491108,0.1397912427572544,,,10.0,False,0.691719561680753,0.33617355678462185,0.02068047048681873,1.1592049133073474
tirex,coastal_ts,Coastal T-S,Emb,0,block_depth,True,0.0,0.3504854142665863,0.3678894682476918,0.3669889820739627,1.2620230643386114,1.2516787904632896,90.0,True,1.8143510436850683,0.8213035344788777,0.017404053981105505,1.0496569993291294,0.44227221608161926,0.4735354433457057,0.4711358460287253,1.2624563980407022,1.2663514623854406,65.0,False,1.8079075136025675,0.8115267288122691,0.031263227264086424,1.0706877486925765
tirex,coastal_ts,Coastal T-S,L1,1,block_depth,True,0.08333333333333333,0.26638761162757874,0.29548045170182985,0.29123965891388554,1.0136282152492417,0.9933227475772132,30.0,False,1.2554643935356748,0.659652314886975,0.029092840074251114,1.1092124363310263,0.30700498819351196,0.3755366901556651,0.36580040693903965,1.0011894650089188,0.9832235950057571,1.0,False,1.2223645041102742,0.6435802556990949,0.06853170196215314,1.223226672522194
tirex,coastal_ts,Coastal T-S,L2,2,block_depth,True,0.16666666666666666,0.2599189579486847,0.29385156005931395,0.27908593028162915,1.0080403988000375,0.9518703740806819,30.0,False,1.1844125988862244,0.6560158572584008,0.03393260211062926,1.1305507007970097,0.32559800148010254,0.376939815779527,0.3548467089422047,1.0049302302377763,0.9537814890956612,30.0,False,1.1818101357176667,0.6459848781273553,0.05134181429942447,1.1576846727130847
tirex,coastal_ts,Coastal T-S,L3,3,block_depth,True,0.25,0.2599056363105774,0.29936986478666466,0.2822294000846644,1.0269706168221433,0.9625917163364777,30.0,False,1.2074565793048946,0.6683353270124336,0.03946422847608727,1.1518406027521813,0.3366677761077881,0.3846719165643056,0.3685470347603162,1.0255441890094177,0.9906061709388353,45.0,False,1.2563554148473492,0.6592358534131424,0.04800414045651752,1.1425860859375756
tirex,coastal_ts,Coastal T-S,L4,4,block_depth,True,0.3333333333333333,0.2581300735473633,0.2941192255044977,0.2809242303483188,1.0089586092803682,0.9581402113683828,30.0,False,1.20764784917257,0.6566134133048795,0.035989151957134424,1.1394225456280704,0.32312700152397156,0.3760111505786578,0.35810611583292484,1.0024543874240017,0.962542348022793,30.0,False,1.2013915943912903,0.6443933676222526,0.05288414905468625,1.163663664148361
tirex,coastal_ts,Coastal T-S,L5,5,block_depth,True,0.4166666666666667,0.25890427827835083,0.2943298957931499,0.2801346580963582,1.0096813012468338,0.9554472399452835,30.0,False,1.214491896684653,0.6570837291676953,0.03542561751479906,1.1368290155356668,0.3250748813152313,0.37549280856425565,0.3585676499642432,1.0010724756755762,0.9637828913333102,30.0,False,1.21111913563475,0.6435050531248588,0.05041792724902433,1.1550963490166843
tirex,coastal_ts,Coastal T-S,L6,6,block_depth,True,0.5,0.2586701512336731,0.2931702227021257,0.2842258500556151,1.005703111289572,0.9694009509645528,30.0,False,1.221904004610942,0.6544947895793053,0.03450007146845263,1.1333747682286177,0.3252209722995758,0.37497375967601937,0.36265981492275995,0.9996886793852288,0.9747820949031957,30.0,False,1.2215770386446743,0.6426155272144266,0.049752787376443564,1.1529814852487865
tirex,coastal_ts,Coastal T-S,L7,7,block_depth,True,0.5833333333333334,0.26141157746315,0.2938596617120008,0.2965229813319941,1.0080681910404587,1.0113424237444746,30.0,False,1.2828776298534363,0.6560339439843365,0.03244808424885076,1.1241264237940067,0.32900798320770264,0.37892046306903165,0.37566579210882384,1.0102106815282443,1.0097404585432221,30.0,False,1.2830126313321524,0.6493792348505313,0.04991247986132902,1.151705984075831
tirex,coastal_ts,Coastal T-S,L8,8,block_depth,True,0.6666666666666666,0.25963568687438965,0.2914609575333695,0.2837218002726634,0.9998395782117818,0.9676818028334758,30.0,False,1.2196963743349543,0.6506789001733168,0.03182527065897983,1.1225766420714605,0.32606783509254456,0.37695753869290155,0.3630891290182869,1.0049774799330125,0.97593603497648,30.0,False,1.2165882744245418,0.6460152509708625,0.050889703600356995,1.1560709095575572
tirex,coastal_ts,Coastal T-S,L9,9,block_depth,True,0.75,0.25915369391441345,0.2831525343159835,0.28275064456587035,0.97133802371344,0.9643695099314908,30.0,False,1.2246067831704703,0.6321305644819257,0.02399884040157002,1.0926046626581976,0.32534119486808777,0.3658028704424699,0.3612222457304597,0.9752388774721654,0.9709180971533011,30.0,False,1.2231790183251126,0.6268988119303107,0.04046167557438213,1.124366899158859
tirex,coastal_ts,Coastal T-S,L10,10,block_depth,True,0.8333333333333334,0.2588057219982147,0.2900562382613619,0.2901074360124767,0.9950207718223558,0.9894611074163523,30.0,False,1.2618765271379184,0.6475429014491737,0.03125051626314718,1.1207489387091787,0.30860635638237,0.3749661923696597,0.36885298943767947,0.9996685047721899,0.9914285370490952,10.0,False,1.2446743760743662,0.6426025586574532,0.06635983598728973,1.2150306842839895
tirex,coastal_ts,Coastal T-S,L11,11,block_depth,True,0.9166666666666666,0.24335230886936188,0.2918769648919503,0.2918019783683121,1.0012666668532813,0.9952406344047495,10.0,False,1.2437930753321307,0.6516076256288158,0.04852465602258843,1.1994008450054927,0.3080922067165375,0.3747719529395302,0.36780308466404676,0.9991506579779009,0.9886065304948026,10.0,False,1.2396473682991151,0.6422696786343114,0.06667974622299272,1.216427889993147
tirex,coastal_ts,Coastal T-S,L12,12,block_depth,True,1.0,0.25627800822257996,0.29150772172336775,0.2931974120438099,1.0,1.0,30.0,False,1.272508689689081,0.6507832999940443,0.035229713500787796,1.137466783611766,0.32259508967399597,0.37509053309137624,0.37204193308328587,1.0,1.0,30.0,False,1.2736026063996018,0.6428156489774508,0.05249544341738027,1.1627285879348952
tirex,coastal_ts,Coastal T-S,L12+RMS,13,head_input_diagnostic,False,,0.2525921165943146,0.28975523822009563,0.2858394129822652,,,45.0,False,1.1962428869516413,0.6468709267961678,0.03716312162578106,1.1471270050975833,0.31756818294525146,0.3742166070345168,0.36003154997403425,,,45.0,False,1.1957586980975143,0.6413179483003145,0.05664842408926535,1.178381925934411
tirex,boom_hourly,BOOM,Emb,0,block_depth,True,0.0,10.830522537231445,0.19950539394581723,0.24788792681811894,1.1888813076804328,1.1668651662220366,10.0,False,1.4019449305626235,0.7765073715064429,-10.631017143285629,0.01842066190804639,10.873405456542969,0.2296758735668188,0.28275022286353474,1.1837658166642344,1.1626617155745076,3.0,False,1.4130890621779866,0.7683350501284612,-10.64372958297615,0.02112271766970793
tirex,boom_hourly,BOOM,L1,1,block_depth,True,0.08333333333333333,10.791666984558105,0.16442832033975988,0.2156359580592752,0.9798519861489153,1.0150477728949756,3.0,False,1.207317955455297,0.6399817082786359,-10.627238664218346,0.015236600663738222,10.840283393859863,0.19196318001565288,0.24575191479449893,0.989391907089374,1.010525615035833,10.0,False,1.1852361217791416,0.6421747188750155,-10.64832021384421,0.017708317489594817
tirex,boom_hourly,BOOM,L2,2,block_depth,True,0.16666666666666666,10.79352855682373,0.1664819815064554,0.2155847733177371,0.9920900481135788,1.0148068346100434,10.0,False,1.171313405976087,0.6479748908336332,-10.627046575317275,0.015424240611398998,10.836142539978027,0.1945643031780245,0.24470760624350632,1.002798281197072,1.0062314448697067,10.0,False,1.172257652550855,0.6508762601571463,-10.641578236800003,0.017955125863305506
tirex,boom_hourly,BOOM,L3,3,block_depth,True,0.25,10.791461944580078,0.16796187079895689,0.218015872110418,1.0009089210397377,1.026250572646165,10.0,False,1.1865620376403738,0.65373486013528,-10.623500073781122,0.015564329621095902,10.834330558776855,0.19591741070761687,0.24766174328150387,1.009772293812883,1.0183787811365224,10.0,False,1.1834940240474774,0.6554028128395554,-10.638413148069239,0.018083019494813623
tirex,boom_hourly,BOOM,L4,4,block_depth,True,0.3333333333333333,10.788494110107422,0.1725489335755507,0.21905221589078,1.0282438871997512,1.031128879843524,10.0,False,1.1960498788744331,0.6715884529085926,-10.615945176531872,0.015993792258170183,10.831568717956543,0.20261339493895655,0.24907630664627936,1.044283873627019,1.0241954296675917,10.0,False,1.203981818273078,0.6778028991008972,-10.628955323017587,0.01870582186337097
tirex,boom_hourly,BOOM,L5,5,block_depth,True,0.4166666666666667,10.785825729370117,0.17277810996724555,0.2194850970859413,1.0296095822461802,1.0331665506338281,10.0,False,1.206044547038716,0.6724804446187246,-10.613047619402872,0.016018996996842415,10.829227447509766,0.2028966763209404,0.24961493106948285,1.0457439260534325,1.0264102395785792,10.0,False,1.2024704948900578,0.6787505607400884,-10.626330771188826,0.01873602501234726
tirex,boom_hourly,BOOM,L6,6,block_depth,True,0.5,10.784529685974121,0.1758877900665847,0.22137349177846463,1.048140612760444,1.0420556563481245,10.0,False,1.2165716444531618,0.6845838242437363,-10.608641895907537,0.01630926847884118,10.828633308410645,0.20623000290265864,0.2507860773942817,1.0629241287536013,1.0312259634404013,10.0,False,1.2188228851492715,0.6899015432376642,-10.622403305507985,0.019044878243543343
tirex,boom_hourly,BOOM,L7,7,block_depth,True,0.5833333333333334,10.783820152282715,0.17912234505901567,0.22425794815065833,1.0674157907048056,1.0556334521988662,10.0,False,1.2319043113624477,0.6971732372189451,-10.6046978072237,0.016610286756414343,10.827848434448242,0.20881187961052702,0.2550101637219389,1.0762313052634884,1.0485952988443172,10.0,False,1.2397301008229078,0.6985386993261918,-10.619036554837715,0.01928470654855149
tirex,boom_hourly,BOOM,L8,8,block_depth,True,0.6666666666666666,10.78297233581543,0.17547198375529152,0.22237489628737087,1.0456627632079338,1.0467694964037466,10.0,False,1.2274859835614065,0.6829654385978537,-10.607500352060137,0.016273062592627154,10.826865196228027,0.20386676879147184,0.25259351779280576,1.050743851765196,1.0386581123287892,10.0,False,1.2230354773047847,0.6819958125612736,-10.622998427436556,0.018829713411643564
tirex,boom_hourly,BOOM,L9,9,block_depth,True,0.75,10.792953491210938,0.17307724784743989,0.21846224419709484,1.031392187854722,1.0283517481483475,30.0,False,1.2069979643893223,0.6736447377963356,-10.619876243363498,0.01603613394502093,10.825642585754395,0.20251686546930486,0.25032896751611583,1.0437863538627536,1.0293463392626658,10.0,False,1.203541169531766,0.6774799789188515,-10.62312572028509,0.018707144990709326
tirex,boom_hourly,BOOM,L10,10,block_depth,True,0.8333333333333334,10.781962394714355,0.17258382072977427,0.21623627884618643,1.0284517847643946,1.0178736201389185,10.0,False,1.18049899771773,0.6717242393747612,-10.609378573984582,0.016006716997490185,10.824185371398926,0.20161729491194763,0.246678812645039,1.039149903116144,1.0143369953918138,10.0,False,1.1818416499454765,0.6744706441613629,-10.622568076486978,0.018626555994198615
tirex,boom_hourly,BOOM,L11,11,block_depth,True,0.9166666666666666,10.78022575378418,0.16740071309446278,0.21262788574742733,0.9975649016508931,1.0008880885439597,10.0,False,1.1584946836688317,0.6515507432775892,-10.612825040689717,0.015528497910695436,10.82150650024414,0.19501878269606054,0.2435680090076169,1.0051407010144873,1.0015454500580152,10.0,False,1.1591133589456173,0.6523966311819722,-10.62648771754808,0.01802140789654941
tirex,boom_hourly,BOOM,L12,12,block_depth,True,1.0,10.784367561340332,0.16780934535429975,0.2124392209090503,1.0,1.0,10.0,False,1.1735978869062436,0.6531412063509081,-10.616558215986032,0.015560425254408115,10.825589179992676,0.19402137680747414,0.24319216765800103,1.0,1.0,10.0,False,1.1709595470746688,0.6490600077417112,-10.631567803185202,0.017922477343409165
tirex,boom_hourly,BOOM,L12+RMS,13,head_input_diagnostic,False,,10.76634693145752,0.1568050439585274,0.20172691528585418,,,10.0,False,1.0697681401221109,0.6103106794007618,-10.609541887498992,0.014564368486061739,10.806661605834961,0.1817644829730277,0.23089015953989941,,,10.0,False,1.069922045656147,0.6080570021039908,-10.624897122861933,0.016819670088946394
tirex,LOOP_SEATTLE_5T,Loop Seattle,Emb,0,block_depth,True,0.0,0.32583796977996826,0.3084152203252297,0.23651210303979975,1.1706865696314324,1.1321614062991985,90.0,True,1.1298049433501332,0.9848183200277923,-0.01742274945473854,0.946529407034718,0.3918388783931732,0.37326609499695645,0.29606410093207397,1.157702880851066,1.1069963495068602,65.0,False,1.1426768427120273,0.9858073285725135,-0.018572783396216763,0.9526009683562315
tirex,LOOP_SEATTLE_5T,Loop Seattle,L1,1,block_depth,True,0.08333333333333333,0.32278162240982056,0.31739889056855486,0.24361416657689874,1.2047869038781267,1.1661583228985795,90.0,True,1.2155971980722784,1.0135045924737032,-0.005382731841265698,0.9833239209807568,0.3835687041282654,0.3837557199432422,0.3145703932426813,1.1902369609138728,1.176192168811712,65.0,False,1.2418989724223883,1.0135107532462972,0.00018701581497682085,1.0004875679714325
tirex,LOOP_SEATTLE_5T,Loop Seattle,L2,2,block_depth,True,0.16666666666666666,0.32136452198028564,0.31710777972035736,0.24290799619701073,1.2036819014729296,1.1627779510693783,90.0,True,1.2091620469473496,1.0125750297362954,-0.004256742259928281,0.9867541624268362,0.38171952962875366,0.3814708101385422,0.3056130794850925,1.1831502024355611,1.1427003891605434,65.0,False,1.201281656985669,1.007476235617208,-0.00024871949021143536,0.9993484234604048
tirex,LOOP_SEATTLE_5T,Loop Seattle,L3,3,block_depth,True,0.25,0.320061594247818,0.3155852238157096,0.2412528116113812,1.197902563646461,1.1548547366373638,90.0,True,1.2024574743355356,1.00771326919613,-0.004476370432108412,0.9860140344466245,0.3800812065601349,0.38139890449988934,0.30128554840579286,1.182927183612974,1.1265195651697912,65.0,False,1.1801352698167116,1.0072863305963669,0.0013176979397544475,1.003466885278754
tirex,LOOP_SEATTLE_5T,Loop Seattle,L4,4,block_depth,True,0.3333333333333333,0.3147057294845581,0.31141780336735814,0.23921837177099162,1.1820838140278538,1.1451160626281989,90.0,True,1.1729550374283704,0.9944060400637057,-0.0032879261171999685,0.9895523792255543,0.3834683895111084,0.3763098739912264,0.29613053289647323,1.1671433088930745,1.1072447414660644,90.0,True,1.1722569309677284,0.9938460432570896,-0.007158515519882003,0.9813321887391852
tirex,LOOP_SEATTLE_5T,Loop Seattle,L5,5,block_depth,True,0.4166666666666667,0.2935640215873718,0.29958024703478087,0.20981880703955205,1.1371506612437916,1.0043830848095974,65.0,False,0.9898163070628677,0.9566068603462142,0.00601622544740904,1.0204937424377751,0.3668785095214844,0.3627956527505667,0.25745468299466234,1.1252282968615157,0.962634082758737,90.0,True,1.0154788692908843,0.9581545660038413,-0.004082856770917687,0.9888713656838529
tirex,LOOP_SEATTLE_5T,Loop Seattle,L6,6,block_depth,True,0.5,0.25954779982566833,0.2868543490483106,0.20896407599269434,1.0888455294686796,1.0002915669059442,10.0,False,1.0483450837807857,0.9159710659691898,0.02730654922264225,1.1052081706760117,0.34188517928123474,0.3538211006813377,0.2463901855677139,1.0973932887422302,0.9212634531477861,45.0,False,0.9623438864147746,0.934452495767396,0.011935921400102967,1.0349120761104549
tirex,LOOP_SEATTLE_5T,Loop Seattle,L7,7,block_depth,True,0.5833333333333334,0.2849220335483551,0.2792808407533715,0.1982539569432954,1.0600979065837655,0.949023224657265,65.0,False,0.9389881456982526,0.8917876624786834,-0.005641192794983596,0.9802009247065612,0.3560098707675934,0.3482012588616091,0.24054416466703396,1.079963077019732,0.8994049307000469,90.0,True,0.943046810677222,0.9196103192998227,-0.007808611905984308,0.9780663050461266
tirex,LOOP_SEATTLE_5T,Loop Seattle,L8,8,block_depth,True,0.6666666666666666,0.28813350200653076,0.2731304002058415,0.20270608615784244,1.0367519830631389,0.9703351524942904,90.0,True,0.9736932129100924,0.8721483381902712,-0.015003101800689256,0.9479300334872229,0.3493090271949768,0.34046883070628153,0.24587386173999493,1.0559805764085537,0.9193328962493007,90.0,True,0.9732664000451307,0.8991887368272853,-0.008840196488695273,0.9746923331478609
tirex,LOOP_SEATTLE_5T,Loop Seattle,L9,9,block_depth,True,0.75,0.2688925266265869,0.2726287481211524,0.20925337508434558,1.0348478054497454,1.001676414709652,45.0,False,1.0568354119528183,0.8705464841612741,0.0037362214945654837,1.013894850635823,0.3239702880382538,0.3403656810294581,0.2649933233686531,1.0556606526875998,0.9908213818874735,30.0,False,1.0845765823983753,0.898916315333034,0.016395392991204294,1.0506077056957408
tirex,LOOP_SEATTLE_5T,Loop Seattle,L10,10,block_depth,True,0.8333333333333334,0.2812241315841675,0.26437341831340133,0.20358480608360913,1.0035121154548712,0.974541502926732,90.0,True,0.997096257636774,0.8441859173125579,-0.01685071327076615,0.9400808416552159,0.32235220074653625,0.3300174100480917,0.26052214139859187,1.0235649887965277,0.9741034410656841,30.0,False,1.0594699671242742,0.8715862108627407,0.0076652093015554534,1.0237789885839264
tirex,LOOP_SEATTLE_5T,Loop Seattle,L11,11,block_depth,True,0.9166666666666666,0.2794560194015503,0.26123554413100236,0.20700661277839247,0.9916013311600691,0.9909213728355375,90.0,True,1.0449067705702602,0.834166191381036,-0.01822047527054793,0.9348002046634504,0.3334735929965973,0.32150976993996677,0.26370604805477704,0.9971781307495876,0.986008204373601,65.0,False,1.0726314811486881,0.849117269590388,-0.011963823056630518,0.9641236268541582
tirex,LOOP_SEATTLE_5T,Loop Seattle,L12,12,block_depth,True,1.0,0.276740700006485,0.2634481579662507,0.20890316674272522,1.0,1.0,90.0,True,1.0570499501696597,0.8412314154572074,-0.013292542040234279,0.9519675203541699,0.33160635828971863,0.3224195958833203,0.26744812759677417,1.0,1.0,65.0,False,1.0984091683692896,0.8515201481124531,-0.009186762406398319,0.9722961813706479
tirex,LOOP_SEATTLE_5T,Loop Seattle,L12+RMS,13,head_input_diagnostic,False,,0.2690459191799164,0.26227514623515025,0.2083798770487081,,,90.0,True,1.0713735556753528,0.8374858044553345,-0.006770772944766135,0.9748341362492906,0.33012357354164124,0.32203229602056604,0.26242338711011953,,,90.0,True,1.070176415167083,0.8504972771681704,-0.00809127752107519,0.9754901552946671
tirex,electricity_15min,Electricity 15min,Emb,0,block_depth,True,0.0,0.2727552652359009,0.3138148268215529,0.2894090405516042,2.246210451112063,1.439380958585003,0.3,False,1.937427586168151,0.8711519219587948,0.041059561585651994,1.150536274891487,0.36384302377700806,0.41308139133771865,0.3654285166554779,2.3638006169706287,1.4977589396991942,3.0,False,1.945536300059543,0.8762492398302412,0.049238367560710594,1.1353286014654709
tirex,electricity_15min,Electricity 15min,L1,1,block_depth,True,0.08333333333333333,0.16118894517421722,0.1877289134298117,0.2260607945384415,1.3437180505232704,1.1243173417148655,0.3,False,1.4970067928130637,0.5211366378001381,0.026539968255594487,1.1646512930952517,0.20198428630828857,0.23173539314902467,0.2768118759432367,1.3260734489289931,1.1345514728938495,1e-05,False,1.5000582243505334,0.4915688925880056,0.02975110684073609,1.1472941652269275
tirex,electricity_15min,Electricity 15min,L2,2,block_depth,True,0.16666666666666666,0.14244705438613892,0.1703671193503924,0.2133772328552854,1.2194465375860468,1.0612354243740079,1.0,False,1.3956742316744126,0.472940188849243,0.027920064964253477,1.196003105045395,0.18190231919288635,0.20891821768333893,0.26053634905860623,1.1955053464331349,1.0678439917348133,1.0,False,1.3944426094186129,0.4431679404363401,0.027015898490452578,1.1485187138367672
tirex,electricity_15min,Electricity 15min,L3,3,block_depth,True,0.25,0.14350847899913788,0.16888564610356138,0.21432333104028048,1.2088425112442098,1.0659408603543012,3.0,False,1.4093194666664526,0.46882760985041433,0.025377167104423504,1.1768339214617134,0.18297423422336578,0.20838364572015428,0.26029054047042177,1.192446332972618,1.066836511492774,3.0,False,1.403097158955432,0.44203397922143717,0.025409411496788492,1.1388687954052041
tirex,electricity_15min,Electricity 15min,L4,4,block_depth,True,0.3333333333333333,0.14149631559848785,0.15651675387648226,0.20129946979004462,1.1203089793185739,1.0011664571251806,10.0,False,1.3363713103696495,0.43449148766888224,0.015020438277994402,1.1061542713282841,0.17157846689224243,0.1954375772616108,0.2500068590272474,1.1183642628252601,1.024687431405917,3.0,False,1.3534435075779636,0.41457212089648876,0.023859110369368358,1.139056554132476
tirex,electricity_15min,Electricity 15min,L5,5,block_depth,True,0.4166666666666667,0.13113360106945038,0.16294202329377636,0.20416444113463847,1.1662995001059921,1.0154154425488573,3.0,False,1.3469660444185776,0.4523280757570598,0.03180842222432598,1.2425650021422026,0.16766256093978882,0.20036217403946488,0.2490149244438601,1.1465445806655912,1.0206218513481191,3.0,False,1.346642408545512,0.4250184258464428,0.03269961309967606,1.1950322893577845
tirex,electricity_15min,Electricity 15min,L6,6,block_depth,True,0.5,0.1329079419374466,0.16521998861705073,0.20135367623324157,1.1826046236345225,1.0014360538247917,10.0,False,1.330572519152541,0.4586517217416213,0.032312046679604134,1.2431159959937674,0.16953858733177185,0.20892558317944293,0.24678771550418765,1.1955474944567448,1.011493329768843,10.0,False,1.3274363892884493,0.44318356450098556,0.03938699584767108,1.2323187686505506
tirex,electricity_15min,Electricity 15min,L7,7,block_depth,True,0.5833333333333334,0.13028600811958313,0.16542211200558501,0.20888555102505302,1.1840513738481382,1.0388959657097718,10.0,False,1.3745009807571638,0.4592128175323392,0.035136103886001885,1.269684399676688,0.16629746556282043,0.20775647017791982,0.2564692865516848,1.1888574084536951,1.051174577744334,10.0,False,1.3730103124410165,0.4407035825886008,0.04145900461509938,1.24930629264123
tirex,electricity_15min,Electricity 15min,L8,8,block_depth,True,0.6666666666666666,0.1260388195514679,0.1551118356438766,0.21570505636907716,1.1102529152090497,1.072812895604043,10.0,False,1.4126438995319888,0.43059142586834365,0.0290730160924087,1.2306671563243001,0.16074208915233612,0.19413421937186298,0.26509687335777826,1.1109059791830407,1.086535926620782,10.0,False,1.4175969646800337,0.41180737190496486,0.03339213021952686,1.2077373163159586
tirex,electricity_15min,Electricity 15min,L9,9,block_depth,True,0.75,0.12015027552843094,0.14926050783966788,0.2117516525544738,1.0683705293453314,1.0531505721275838,10.0,False,1.3884177585401323,0.41434810328771254,0.02911023231123694,1.2422818606383357,0.15269538760185242,0.18735821003392908,0.25918897107698535,1.0721312113298163,1.0623215781158752,10.0,False,1.3920653728215842,0.3974337565450007,0.03466282243207666,1.2270063488915506
tirex,electricity_15min,Electricity 15min,L10,10,block_depth,True,0.8333333333333334,0.1171840950846672,0.14175036475631117,0.20676565766050162,1.014614745866129,1.0283526387378492,10.0,False,1.3640395969443755,0.3934998991173849,0.024566269671643964,1.2096382589624852,0.1490669697523117,0.17761933216327475,0.2524597727842913,1.0164018417624676,1.0347410351628108,10.0,False,1.3656056089125663,0.37677515388239946,0.02855236241096304,1.1915405032946291
tirex,electricity_15min,Electricity 15min,L11,11,block_depth,True,0.9166666666666666,0.1144963800907135,0.13844564056578484,0.20201416377632217,0.9909603312867179,1.0047210002489972,10.0,False,1.3382557126066363,0.38432596409564107,0.023949260475071343,1.2091704598529383,0.14039045572280884,0.1738401337576504,0.2483322650961976,0.9947759062684,1.0178238782996867,3.0,False,1.3431169888940628,0.36875852616801125,0.03344967803484156,1.2382617668888092
tirex,electricity_15min,Electricity 15min,L12,12,block_depth,True,1.0,0.11264366656541824,0.13970855966153492,0.20106493616263374,1.0,1.0,10.0,False,1.3252179282229317,0.3878318354041588,0.027064893096116677,1.2402699940559787,0.1435832977294922,0.17475306012362013,0.24398353230919093,1.0,1.0,10.0,False,1.3177656853156792,0.3706950719698238,0.031169762394127942,1.2170848760755661
tirex,electricity_15min,Electricity 15min,L12+RMS,13,head_input_diagnostic,False,,0.11042903363704681,0.13511895289545067,0.19911970100756593,,,10.0,False,1.3143382440583564,0.3750910583165837,0.02468991925840386,1.2235817741514752,0.14044050872325897,0.16756875313932204,0.2424411944376717,,,10.0,False,1.311751524741287,0.35545535489297403,0.02712824441606307,1.193165381289809
tirex,SZ_TAXI_15T,SZ Taxi,Emb,0,block_depth,True,0.0,0.28964489698410034,0.29148620806443387,0.32772649050905156,1.0468413642192724,1.04787410849295,65.0,False,0.8460946586695101,0.9955204799699638,0.0018413110803335297,1.0063571328185168,0.3638719320297241,0.3723507313869702,0.41306218571769887,1.047939047671853,1.051449710741707,30.0,False,0.8451613204418991,0.9910674618812052,0.008478799357246103,1.0233016031490814
tirex,SZ_TAXI_15T,SZ Taxi,L1,1,block_depth,True,0.08333333333333333,0.2778901159763336,0.29140825560077643,0.32461521841394597,1.046561406330557,1.0379261135418134,45.0,False,0.8306920215049838,0.9952542468793816,0.013518139624442815,1.0486456295034043,0.3408972918987274,0.36899878648229134,0.4043046543613458,1.0385053775990873,1.0291574164338906,10.0,False,0.8263973275890711,0.9821457564862094,0.028101494583563924,1.082433903851346
tirex,SZ_TAXI_15T,SZ Taxi,L2,2,block_depth,True,0.16666666666666666,0.2781710624694824,0.29073905653487414,0.3246309345540328,1.044158049863933,1.0379763643965945,90.0,True,0.8318799896223166,0.9929687137843295,0.012567994065391719,1.0451808105193203,0.3468804955482483,0.36853192589030814,0.4060718048459444,1.0371914512309666,1.0336556976373366,65.0,False,0.8300077085993476,0.9809031368189252,0.021651430342059852,1.0624175490404542
tirex,SZ_TAXI_15T,SZ Taxi,L3,3,block_depth,True,0.25,0.2700479328632355,0.2889142311536349,0.32269097625827176,1.0376043857841004,1.0317735332903064,65.0,False,0.8238861936939623,0.9867363398704629,0.01886629829039943,1.0698627761759398,0.3373902142047882,0.36684501610505277,0.40405716479588777,1.0324438343073095,1.0285274317947488,45.0,False,0.8252895424855391,0.9764131727652272,0.02945480190026456,1.0873018856509755
tirex,SZ_TAXI_15T,SZ Taxi,L4,4,block_depth,True,0.3333333333333333,0.26430460810661316,0.2864246861770367,0.3215232032995958,1.0286634527742917,1.028039690944837,65.0,False,0.8219440247847766,0.9782337317146013,0.022120078070423543,1.0836916095745894,0.32930228114128113,0.36317940548253363,0.40396085314643687,1.0221273875244876,1.0282822705104249,45.0,False,0.8251962748873134,0.966656598896357,0.03387712434125251,1.1028754620947134
tirex,SZ_TAXI_15T,SZ Taxi,L5,5,block_depth,True,0.4166666666666667,0.2615554928779602,0.28573759248814523,0.3215436823666096,1.0261958296939344,1.028105170802924,65.0,False,0.8224269794613983,0.9758870826450221,0.024182099610185026,1.0924549484474724,0.33083102107048035,0.36289363789061707,0.4022311209104,1.0213231269365923,1.0238792374511736,65.0,False,0.8213992837963631,0.9658959854796633,0.032062616820136725,1.0969153881531142
tirex,SZ_TAXI_15T,SZ Taxi,L6,6,block_depth,True,0.5,0.2586991786956787,0.28530973215133715,0.3186706538574818,1.0246592153146343,1.0189189369315002,65.0,False,0.8122909881712714,0.974425800031729,0.026610553455658437,1.1028629220619282,0.3271580636501312,0.361840701303803,0.39780845216069466,1.0183597559236373,1.012621335037511,65.0,False,0.8118962872351891,0.9630934364240227,0.0346826376536718,1.1060118685956095
tirex,SZ_TAXI_15T,SZ Taxi,L7,7,block_depth,True,0.5833333333333334,0.2586289644241333,0.28385816867917013,0.3171032480895519,1.0194460812334558,1.0139073069007234,65.0,False,0.8109625357925133,0.9694682372910619,0.02522920425503683,1.097549801938126,0.3277198374271393,0.36083059614667523,0.3981770801429565,1.015516929128411,1.0135596774922848,65.0,False,0.8126142865836339,0.9604048896590444,0.03311075871953595,1.1010337335068932
tirex,SZ_TAXI_15T,SZ Taxi,L8,8,block_depth,True,0.6666666666666666,0.25790563225746155,0.28147898805447114,0.3140229201183105,1.0109015099227836,1.0040582528260382,65.0,False,0.8052482517654601,0.9613425593965111,0.023573355797009587,1.0914030282730578,0.322252094745636,0.3582356675313069,0.39540514732018495,1.0082137958383641,1.006503723048925,45.0,False,0.8073276148079623,0.9534980969504159,0.035983572785670936,1.11166280490457
tirex,SZ_TAXI_15T,SZ Taxi,L9,9,block_depth,True,0.75,0.2569698393344879,0.28064011983000314,0.31482640701608783,1.0078888049226618,1.0066273253333793,65.0,False,0.809618095648624,0.95847755078084,0.023670280495515228,1.0921130688209075,0.3259281814098358,0.35757147463468403,0.3957408285484864,1.0063445000027826,1.0073581995481131,65.0,False,0.8081958651063665,0.9517302476815193,0.03164329322484821,1.0970867050770876
tirex,SZ_TAXI_15T,SZ Taxi,L10,10,block_depth,True,0.8333333333333334,0.2519391179084778,0.28013326643178094,0.3150772726497589,1.006068495459729,1.0074294442033742,45.0,False,0.8090030357930107,0.9567464810961945,0.028194148523303153,1.1119085783794214,0.3249874711036682,0.3572512788172716,0.3965416761736075,1.0054433450655602,1.0093967570169329,65.0,False,0.8095040888253298,0.9508779983657039,0.032263807713603376,1.0992770816795934
tirex,SZ_TAXI_15T,SZ Taxi,L11,11,block_depth,True,0.9166666666666666,0.25519075989723206,0.27904518239964277,0.3141548898644172,1.0021607586918304,1.0044802134671653,65.0,False,0.8048862612910082,0.9530303192060156,0.02385442250241071,1.0934768269510116,0.3194665312767029,0.3557830212207941,0.3946676600055817,1.0013111000135408,1.0046264492377968,45.0,False,0.8055279075997563,0.9469700099911181,0.0363164899440912,1.1136785434109717
tirex,SZ_TAXI_15T,SZ Taxi,L12,12,block_depth,True,1.0,0.2555135488510132,0.27844353311528,0.31275368658586955,1.0,1.0,65.0,False,0.8019286626829409,0.9509754906488783,0.02292998426426679,1.0897407764377967,0.3202930986881256,0.35531716488110715,0.3928501586883496,1.0,1.0,45.0,False,0.8016321283550851,0.9457300632923296,0.03502406619298154,1.1093500494904045
tirex,SZ_TAXI_15T,SZ Taxi,L12+RMS,13,head_input_diagnostic,False,,0.25389379262924194,0.2785654921944325,0.3114523195112363,,,65.0,False,0.798822896473442,0.9513920206858253,0.024671699565190552,1.0971733074278753,0.31802019476890564,0.35563930126432425,0.39221526968937653,,,45.0,False,0.8003971649478504,0.9465874777158365,0.03761910649541861,1.1182915648572416
tirex,monash_london_smart_meters,London Smart Meters,Emb,0,block_depth,True,0.0,0.24857501685619354,0.2901773116345169,0.24934406032544057,1.1850866912070015,1.2310005688441097,3.0,False,1.049533568088735,0.966308403411965,0.041602294778323334,1.1673631377138405,0.3026188611984253,0.3419243889284953,0.30072369776268043,1.1865740906427171,1.2327580593475977,1.0,False,1.0524651271143595,0.9600570388162036,0.03930552773007001,1.1298845933608137
tirex,monash_london_smart_meters,London Smart Meters,L1,1,block_depth,True,0.08333333333333333,0.21942929923534393,0.26890820486627465,0.22523515301806327,1.0982234722222874,1.1119759625597012,3.0,False,0.9497234215083483,0.8954809617782614,0.049478905630930714,1.2254890563992697,0.2699669599533081,0.31793869157385735,0.2722881718304094,1.103336954162924,1.1161921750305657,3.0,False,0.9500124020788313,0.8927098757536384,0.04797173162054924,1.1776948246883476
tirex,monash_london_smart_meters,London Smart Meters,L2,2,block_depth,True,0.16666666666666666,0.21213209629058838,0.2614347678360366,0.21704666713210008,1.067701889703583,1.071549770853204,10.0,False,0.9107713181463659,0.8705939540242403,0.04930267154544821,1.2324149546795178,0.2612874209880829,0.30911973587998,0.26144747480124464,1.072732689969681,1.0717528550465625,10.0,False,0.9109896461528776,0.8679479670888376,0.0478323148918971,1.1830639787825021
tirex,monash_london_smart_meters,London Smart Meters,L3,3,block_depth,True,0.25,0.20637495815753937,0.25819001227389765,0.21481445997612167,1.054450279468273,1.0605294631097557,10.0,False,0.8988441177306683,0.8597887172224683,0.05181505411635828,1.2510723906570316,0.2548847794532776,0.30507854059452316,0.25829297278559843,1.0587086022584258,1.0588215901946487,10.0,False,0.898802943445585,0.8566010784062492,0.050193761141245574,1.1969272596382967
tirex,monash_london_smart_meters,London Smart Meters,L4,4,block_depth,True,0.3333333333333333,0.20926252007484436,0.2576854061050952,0.2144849506555168,1.052389463439686,1.0589026902057825,30.0,False,0.9023868296075634,0.8581083474562011,0.048422886030250856,1.2313977964756042,0.2513749897480011,0.30480649728925174,0.25899963006945964,1.0577645352423832,1.0617183937001844,10.0,False,0.9046909548733254,0.855837233829654,0.053431507541250645,1.212556975516199
tirex,monash_london_smart_meters,London Smart Meters,L5,5,block_depth,True,0.4166666666666667,0.20806308090686798,0.258680451590255,0.21562206708179174,1.0564532379469558,1.064516583577694,30.0,False,0.9052510252629382,0.8614219104934729,0.05061737068338701,1.2432789635852988,0.25604134798049927,0.30581220803881876,0.2596154090102392,1.0612546352667094,1.0642426591893033,30.0,False,0.9044652722264453,0.8586610735889666,0.04977086005831949,1.1943860257371797
tirex,monash_london_smart_meters,London Smart Meters,L6,6,block_depth,True,0.5,0.20745690166950226,0.259258798288025,0.21605964650520842,1.0588152109439832,1.066676893786958,30.0,False,0.9078933183168564,0.8633478407841382,0.05180189661852275,1.2496995578438161,0.2488069236278534,0.3063810659956386,0.2614003739511694,1.063228732858676,1.071559774311774,10.0,False,0.9125546088153473,0.8602583158542608,0.057574142367785186,1.2314008851855756
tirex,monash_london_smart_meters,London Smart Meters,L7,7,block_depth,True,0.5833333333333334,0.2075681835412979,0.2588033910755438,0.21525799733309345,1.0569553238854426,1.062719187372781,30.0,False,0.905102612963777,0.8618313065867669,0.051235207534245875,1.2468355537931086,0.24878321588039398,0.3056905303463226,0.26035889408743107,1.0608323793469794,1.0672904310401143,10.0,False,0.9083958955319181,0.8583194263449255,0.056907314465928616,1.2287425792151814
tirex,monash_london_smart_meters,London Smart Meters,L8,8,block_depth,True,0.6666666666666666,0.2062438279390335,0.25515259338812973,0.21306566077903027,1.042045434041632,1.051895719022955,30.0,False,0.8923262836636588,0.8496739243826458,0.048908765449096225,1.2371405047018127,0.24726471304893494,0.30087721700431735,0.25671808057613954,1.0441288241555342,1.0523656272018476,10.0,False,0.8940068060592519,0.844804580654914,0.05361250395538242,1.2168223006603138
tirex,monash_london_smart_meters,London Smart Meters,L9,9,block_depth,True,0.75,0.20482128858566284,0.25311678197263304,0.21057375767872533,1.0337311623271326,1.039593303918396,30.0,False,0.8850190767823244,0.8428945463965605,0.0482954933869702,1.2357933285180533,0.25276967883110046,0.2989749689906381,0.2540831859330185,1.037527486900588,1.0415643912799528,30.0,False,0.8842134853639861,0.8394634390041825,0.046205290159537615,1.1827960156186763
tirex,monash_london_smart_meters,London Smart Meters,L10,10,block_depth,True,0.8333333333333334,0.20193500816822052,0.2503449744509377,0.20872998806356474,1.022411076045935,1.0304906950889825,30.0,False,0.8762918425903476,0.8336642558346704,0.048409966282717154,1.2397304297152358,0.24963881075382233,0.29585064051829224,0.25273874291140613,1.026685185690193,1.0360531097196475,30.0,False,0.8783018281825844,0.8306909336241209,0.046211829764469914,1.1851147649074527
tirex,monash_london_smart_meters,London Smart Meters,L11,11,block_depth,True,0.9166666666666666,0.1996743530035019,0.24644774307304892,0.20422109796573187,1.0064947488442157,1.0082305046194622,30.0,False,0.8549573791559387,0.820686234192379,0.04677339006954703,1.2342483617248867,0.2397288829088211,0.29107990660455846,0.24650548028809424,1.0101293931270283,1.0105010671234504,10.0,False,0.8547141261714416,0.8172956426694382,0.05135102369573735,1.2142045759053084
tirex,monash_london_smart_meters,London Smart Meters,L12,12,block_depth,True,1.0,0.19891121983528137,0.24485745539760773,0.20255397652624219,1.0,1.0,30.0,False,0.8516940718098304,0.8153904778289152,0.045946235562326354,1.2309886571525452,0.23801350593566895,0.2881610104458705,0.24394380996529838,1.0,1.0,10.0,False,0.8522492571086909,0.8090999511848276,0.05014750451020156,1.210691844200453
tirex,monash_london_smart_meters,London Smart Meters,L12+RMS,13,head_input_diagnostic,False,,0.1961277425289154,0.2423700720057574,0.20035543024028077,,,30.0,False,0.8451073064239268,0.8071073372190811,0.04624232947684198,1.2357765856098832,0.23472847044467926,0.28579312567208104,0.24259116133063577,,,10.0,False,0.8490036214642246,0.8024513922700738,0.05106465522740178,1.217547769687515
tirex,m5,M5,Emb,0,block_depth,True,0.0,0.26324397325515747,0.2808496684319418,0.29939144067750634,1.0353753657847888,1.0386498697339646,45.0,False,1.09581987462423,0.9965599740761747,0.01760569517678434,1.0668797654095559,0.31733787059783936,0.3323607964953052,0.3576840997908179,1.0202091223753673,1.020288717864345,30.0,False,1.0920025436944207,0.9982113096269224,0.015022925897465844,1.0473404761592553
tirex,m5,M5,L1,1,block_depth,True,0.08333333333333333,0.25198861956596375,0.2736008707433939,0.2900723695954066,1.0086520778415133,1.0063201146028198,30.0,False,1.0771347543855188,0.9708385207559145,0.021612251177430153,1.0857667747640987,0.3088027238845825,0.33011599520633694,0.35417343870885953,1.0133185180168662,1.0102746079381215,10.0,False,1.0731110760067881,0.9914692809095106,0.021313271321754423,1.0690190522079734
tirex,m5,M5,L2,2,block_depth,True,0.16666666666666666,0.24934227764606476,0.27235033343197734,0.28845865215452116,1.0040418693500293,1.0007218002155742,30.0,False,1.0733743723137585,0.9664011452816808,0.023008055785912584,1.0922749884340592,0.3087156116962433,0.3276142703994881,0.3532084380169861,1.0056392655402404,1.0075219574310803,30.0,False,1.0718125015320985,0.9839556089539013,0.01889865870324481,1.061217048918925
tirex,m5,M5,L3,3,block_depth,True,0.25,0.25154203176498413,0.27148761428210116,0.2889278620652115,1.000861384358326,1.0023495849361845,65.0,False,1.0838548317385353,0.9633398941203892,0.019945582517117033,1.0792932392935117,0.30688607692718506,0.3272481329724875,0.3530935201196725,1.0045153762397936,1.0071941557922086,30.0,False,1.07092357055521,0.9828559530246712,0.020362056045302446,1.0663505371412916
tirex,m5,M5,L4,4,block_depth,True,0.3333333333333333,0.24725353717803955,0.26969457652334494,0.28692076540061534,0.9942512034180983,0.9953865579220897,45.0,False,1.0707536896481287,0.9569775235597962,0.02244103934530539,1.0907612469428347,0.3051547706127167,0.32560908114039944,0.3509160589696911,0.9994841702468631,1.0009829793764462,30.0,False,1.0645150238391201,0.9779332302092619,0.020454310527682762,1.0670292995472848
tirex,m5,M5,L5,5,block_depth,True,0.4166666666666667,0.24569164216518402,0.26942212792923886,0.2868979520356382,0.993246799302704,0.9953074137137314,45.0,False,1.0680245856719504,0.9560107737487838,0.023730485764054843,1.096586459168604,0.30305251479148865,0.32462485042180267,0.3505987243030135,0.9964629921529881,1.000077786832557,30.0,False,1.0649379191157986,0.9749771949459412,0.02157233563031402,1.0711834899147978
tirex,m5,M5,L6,6,block_depth,True,0.5,0.24837228655815125,0.2687783431091154,0.28720359632190856,0.9908734336963154,0.9963677559780301,65.0,False,1.0752581758252442,0.9537263837146602,0.02040605655096417,1.082159152430988,0.3036147952079773,0.32420284168098035,0.35130024371483853,0.9951676012054124,1.0020788608016444,30.0,False,1.068399181969657,0.9737097352987977,0.020588046473003052,1.0678097602552608
tirex,m5,M5,L7,7,block_depth,True,0.5833333333333334,0.24764010310173035,0.26812877338237434,0.2866843668672875,0.9884787415566298,0.9945664432745546,65.0,False,1.0701061381565675,0.9514214666618611,0.020488670280643995,1.082735671743067,0.30221322178840637,0.32317624494205904,0.3493569548035623,0.9920163770866463,0.9965356573075962,30.0,False,1.0617005878016288,0.9706264580710882,0.02096302315365267,1.0693650100071725
tirex,m5,M5,L8,8,block_depth,True,0.6666666666666666,0.24519819021224976,0.2679297786689442,0.2854002314754797,0.9877451312043111,0.9901115161249885,45.0,False,1.060169393310095,0.9507153587730234,0.02273158845669443,1.0927069993339567,0.30446016788482666,0.32325436747170816,0.3490256016348837,0.992256180692401,0.9955904771896399,45.0,False,1.059448971886251,0.970861091016534,0.0187941995868815,1.0617295842587564
tirex,m5,M5,L9,9,block_depth,True,0.75,0.24497327208518982,0.2674823357076704,0.28464319773075236,0.9860955959839803,0.9874852119174736,45.0,False,1.0558284196502759,0.9491276633045644,0.022509063622480563,1.0918837529942982,0.3038260042667389,0.32296810445610347,0.3478427156308339,0.991377472544514,0.9922163119830861,45.0,False,1.0559143274408822,0.9700013296285553,0.019142100189364575,1.0630034951602072
tirex,m5,M5,L10,10,block_depth,True,0.8333333333333334,0.2474612593650818,0.26744837899699464,0.28437103860023366,0.9859704117815811,0.986541036476718,65.0,False,1.0603212073000845,0.9490071721574691,0.019987119631912853,1.0807686814622797,0.3004136085510254,0.3220396073933207,0.3457632153046154,0.9885273735450579,0.9862845673993129,30.0,False,1.049255642113863,0.9672126846415458,0.021625998842295324,1.071987414107514
tirex,m5,M5,L11,11,block_depth,True,0.9166666666666666,0.24810974299907684,0.2682283264478199,0.28502457361412414,0.988845752107599,0.9888082825125695,45.0,False,1.0619182722271698,0.9517747182817529,0.020118583448743066,1.081087438185843,0.3058757781982422,0.3235830857297619,0.34830893851987277,0.9932652087399146,0.9935462060263904,45.0,False,1.0579697836313267,0.971848362338333,0.017707307531519723,1.0578905189414618
tirex,m5,M5,L12,12,block_depth,True,1.0,0.25327616930007935,0.27125396036351,0.2882505928144883,1.0,1.0,45.0,False,1.0829500052730914,0.9625108023705072,0.01797779106343067,1.0709809814050477,0.30940842628479004,0.32577712667522996,0.35057145445998616,1.0,1.0,45.0,False,1.0675007124200788,0.9784379376090786,0.016368700390439916,1.052903214650572
tirex,m5,M5,L12+RMS,13,head_input_diagnostic,False,,0.24729380011558533,0.26905036722629805,0.2825852604085253,,,30.0,False,1.046428153861985,0.9546916273223212,0.02175656711071272,1.0879786193610341,0.3081163167953491,0.32624623736807407,0.34719441155725306,,,45.0,False,1.047111453756538,0.9798468631021023,0.018129920572724945,1.0588411570061926
tirex,wiki_daily_100k,Wiki Daily,Emb,0,block_depth,True,0.0,0.29086679220199585,0.27538985413506284,0.2655422803412639,1.0768520611870083,1.0989253545409128,3.0,False,0.9343537004694854,0.9331791152174899,-0.01547693806693301,0.9467902886068037,0.3454311490058899,0.3276751254194679,0.32200243498220016,1.0613973695442778,1.081945414741143,3.0,False,0.9354256158705478,0.938807712085618,-0.017756023586421976,0.9485975030407022
tirex,wiki_daily_100k,Wiki Daily,L1,1,block_depth,True,0.08333333333333333,0.2766324579715729,0.26333215232682594,0.2549370825219587,1.029703043710823,1.0550365969442737,10.0,False,0.9152824117837083,0.8923206909291049,-0.013300305644746935,0.951920661290897,0.3280600607395172,0.3193135151554269,0.3175882261587691,1.0343126430852694,1.0671134368510218,3.0,False,0.9236469744312371,0.9148512271638926,-0.008746545584090326,0.9733385845129281
tirex,wiki_daily_100k,Wiki Daily,L2,2,block_depth,True,0.16666666666666666,0.2776147127151489,0.2635180105860452,0.2531246044708572,1.030429801964708,1.0475358024103691,30.0,False,0.9052102571534111,0.8929504855395085,-0.014096702129103744,0.9492220639488661,0.33461302518844604,0.31948503309448484,0.3141545237376148,1.0348682198600176,1.0555760129481286,30.0,False,0.9074593902143366,0.9153426357312732,-0.015127992093961207,0.9547895898988347
tirex,wiki_daily_100k,Wiki Daily,L3,3,block_depth,True,0.25,0.27869105339050293,0.264141203117564,0.2526581041969871,1.0328666606652224,1.0456052285740771,45.0,False,0.9020635943443692,0.8950622200367702,-0.014549850272938925,0.9477921874565826,0.3327920436859131,0.3192673706741051,0.31271360517401275,1.0341631729934178,1.050734449458117,30.0,False,0.9045148311247254,0.914719020622796,-0.013524673011807986,0.9593599869095053
tirex,wiki_daily_100k,Wiki Daily,L4,4,block_depth,True,0.3333333333333333,0.2769854962825775,0.2633312254120375,0.2534281676564053,1.0296994192123692,1.048792074220927,45.0,False,0.9089521311428582,0.8923175500090269,-0.013654270870539997,0.9507040222185134,0.3304208815097809,0.3185026271425131,0.3134646295704914,1.0316860341756064,1.0532579316242496,30.0,False,0.906063697657579,0.9125279872805272,-0.011918254367267789,0.9639300811958067
tirex,wiki_daily_100k,Wiki Daily,L5,5,block_depth,True,0.4166666666666667,0.2712027132511139,0.26234973803560696,0.2519460910689512,1.025861526535975,1.042658619551367,30.0,False,0.8978527817497414,0.8889917066354166,-0.00885297521550693,0.9673566126629798,0.32680651545524597,0.3180425010536236,0.31112315738929136,1.0301956048371548,1.045390459782512,30.0,False,0.8977480348391462,0.911209700089126,-0.008764014401622389,0.9731828651291912
tirex,wiki_daily_100k,Wiki Daily,L6,6,block_depth,True,0.5,0.27370980381965637,0.2617782735557274,0.2506569963204497,1.023626939118126,1.037323804689819,45.0,False,0.8937143712586997,0.8870552565095138,-0.011931530263928958,0.9564081004866363,0.3259526789188385,0.3167189696931657,0.31006362112878844,1.025908453950431,1.041830361242057,30.0,False,0.8939309343811402,0.9074177081068405,-0.009233709225672793,0.9716716265186089
tirex,wiki_daily_100k,Wiki Daily,L7,7,block_depth,True,0.5833333333333334,0.27315375208854675,0.26098450342946833,0.2496451144639886,1.0205230738749587,1.0331362130699988,45.0,False,0.8847545209174585,0.8843655070761696,-0.012169248659078424,0.9554490884125451,0.328769326210022,0.31570546377364916,0.3080126631805915,1.0226255300006337,1.0349390327711987,45.0,False,0.8844860181784522,0.9045139564953365,-0.013063862436372808,0.9602643513402845
tirex,wiki_daily_100k,Wiki Daily,L8,8,block_depth,True,0.6666666666666666,0.2675032615661621,0.2580477944397517,0.24791748417925288,1.0090397128099142,1.0259865541880728,30.0,False,0.8824982964821528,0.8744142490485917,-0.009455467126410433,0.964652890319725,0.32225266098976135,0.31244128857177633,0.30631444128301305,1.0120522923507989,1.029232916308447,30.0,False,0.8803821479404913,0.8951619104735521,-0.00981137241798502,0.9695537892911402
tirex,wiki_daily_100k,Wiki Daily,L9,9,block_depth,True,0.75,0.26693296432495117,0.2579127234897313,0.24631331468583972,1.0085115472702189,1.0193478278540697,30.0,False,0.8708303542334829,0.8739565510334362,-0.00902024083521985,0.9662078422647004,0.32130447030067444,0.31151946142088366,0.3033703316486519,1.0090663320589413,1.0193405503716233,30.0,False,0.8703596358579256,0.8925208237039656,-0.00978500887979078,0.9695459920908226
tirex,wiki_daily_100k,Wiki Daily,L10,10,block_depth,True,0.8333333333333334,0.26878419518470764,0.25734339198026496,0.2450046190522782,1.0062853003687375,1.0139318963073138,45.0,False,0.8665141429774569,0.8720273286372884,-0.011440803204442684,0.9574349853547728,0.3230019509792328,0.3111623333951899,0.30171828391385896,1.0079095315646205,1.0137895815670193,45.0,False,0.864113987791103,0.8914976317717308,-0.011839617584042894,0.9633450586036735
tirex,wiki_daily_100k,Wiki Daily,L11,11,block_depth,True,0.9166666666666666,0.26605066657066345,0.25614341878765867,0.2422117675220921,1.0015930664813064,1.0023739050373528,30.0,False,0.8506982552362906,0.8679611297365407,-0.00990724778300478,0.9627618005596186,0.31987693905830383,0.3093999585435363,0.2985204840150043,1.002200889417001,1.0030448027642853,30.0,False,0.8515866628586325,0.8864483284405728,-0.010476980514767531,0.9672468401579337
tirex,wiki_daily_100k,Wiki Daily,L12,12,block_depth,True,1.0,0.267022043466568,0.2557360143151902,0.2416381415207195,1.0,1.0,30.0,False,0.8526871327819101,0.8665806092146506,-0.011286029151377774,0.9577337173932952,0.32008522748947144,0.3087204988647736,0.29761430714990345,1.0,1.0,30.0,False,0.8552706302209637,0.8845016381458576,-0.01136472862469784,0.9644946793895021
tirex,wiki_daily_100k,Wiki Daily,L12+RMS,13,head_input_diagnostic,False,,0.265929251909256,0.25289135247127703,0.23866496424240466,,,45.0,False,0.8359386858720886,0.85694125982419,-0.01303789943797895,0.9509723005484635,0.31991493701934814,0.30576300390690336,0.2952165530269383,,,45.0,False,0.8396057867379538,0.876028248316988,-0.014151933112444781,0.9557634499836158
tirex,monash_traffic,Traffic,Emb,0,block_depth,True,0.0,0.21488824486732483,0.18167190464170835,0.16594994622673698,1.756694805841242,1.681870960362686,0.01,False,1.2214664132455175,0.7908606067984808,-0.03321634022561648,0.8454250475817104,0.27191245555877686,0.22511692660796734,0.20356298838066691,1.7846361670083948,1.687613558443258,0.01,False,1.1846088039310785,0.7817903728171324,-0.04679552895080952,0.8279022236967951
tirex,monash_traffic,Traffic,L1,1,block_depth,True,0.08333333333333333,0.13916327059268951,0.14152655215891263,0.1354837481870906,1.3685052708425414,1.3731018711245946,0.001,False,0.9428923251247552,0.6160984283135986,0.002363281566223119,1.0169820783613235,0.17362067103385925,0.16541535191181053,0.16448511430666646,1.3113461704029428,1.3636433188283006,0.0001,False,0.9438846656407697,0.5744576011648278,-0.008205319122048721,0.9527399642381953
tirex,monash_traffic,Traffic,L2,2,block_depth,True,0.16666666666666666,0.1275787055492401,0.12665940461438577,0.12910196449579173,1.2247458881209614,1.3084237141877622,1.0,False,0.9167944682958601,0.5513782320255939,-0.0009193009348543446,0.9927942446907839,0.17512419819831848,0.1537634941628416,0.16136352885656685,1.2189749433034385,1.337764204106444,10.0,False,0.9238348899561253,0.5339928064875171,-0.02136070403547688,0.8780253999433758
tirex,monash_traffic,Traffic,L3,3,block_depth,True,0.25,0.1268894523382187,0.12987054952683338,0.12467380206434782,1.2557963777364327,1.2635451350104066,3.0,False,0.8776655797722965,0.5653571024457873,0.0029810971886146953,1.023493656357415,0.16858597099781036,0.15733566342760588,0.1589983484160354,1.2472936599838416,1.318155970746549,10.0,False,0.9106379998068832,0.5463983043030116,-0.011250307570204482,0.9332666442906414
tirex,monash_traffic,Traffic,L4,4,block_depth,True,0.3333333333333333,0.12742581963539124,0.13044251055094122,0.12232691530166691,1.2613270125485434,1.2397598866077368,10.0,False,0.8595653332363946,0.5678469835503153,0.0030166909155499855,1.0236740946550846,0.15971650183200836,0.15890728547202268,0.1520024133376948,1.2597528454551248,1.2601570437995828,10.0,False,0.8680126633725039,0.5518562634291679,-0.0008092163599856816,0.994933420462484
tirex,monash_traffic,Traffic,L5,5,block_depth,True,0.4166666666666667,0.12146420776844025,0.1307270393230533,0.11998690285129857,1.2640782922088047,1.2160443080453645,10.0,False,0.8392240348164014,0.5690856043365505,0.009262831554613049,1.0762597618244194,0.1510390192270279,0.16051176577123977,0.14792489212091642,1.2724725179132594,1.2263528628676,10.0,False,0.8463248577520893,0.5574283333316995,0.009472746544211874,1.0627172143509043
tirex,monash_traffic,Traffic,L6,6,block_depth,True,0.5,0.11775502562522888,0.13986207735333733,0.12107364971276002,1.352410463826705,1.227058279601945,10.0,False,0.8677665183135671,0.608852577298087,0.02210705172810845,1.1877376495035303,0.1471208930015564,0.16922622100087523,0.1501704907144299,1.3415572029830156,1.2449697178439456,10.0,False,0.8594230864015915,0.5876920603003041,0.02210532799931883,1.1502528128284606
tirex,monash_traffic,Traffic,L7,7,block_depth,True,0.5833333333333334,0.11470696330070496,0.13934894560175087,0.11311813439633556,1.3474486845989155,1.1464306536843467,10.0,False,0.7995871701548928,0.606618793878314,0.024641982301045917,1.214825513569275,0.1431608498096466,0.17131079653747208,0.1399195131113511,1.3580828767807496,1.1599852669480726,10.0,False,0.7975209883963699,0.5949314141351207,0.028149946727825476,1.1966315984101448
tirex,monash_traffic,Traffic,L8,8,block_depth,True,0.6666666666666666,0.11123621463775635,0.13639688224510382,0.11522625153528825,1.3189034102189081,1.1677960176248874,10.0,False,0.825108923118125,0.5937677665158285,0.025160667607347476,1.226191332465635,0.13916896283626556,0.16837334706810594,0.14439354974861818,1.3347959625500856,1.1970767095039478,10.0,False,0.8227748176170833,0.5847301833774423,0.02920438423184038,1.2098484003663934
tirex,monash_traffic,Traffic,L9,9,block_depth,True,0.75,0.10493163019418716,0.1273112848173571,0.11095602309885826,1.231049309493952,1.1245180692757277,10.0,False,0.7873110352972027,0.5542160201464295,0.02237965462316993,1.2132784421794838,0.12961752712726593,0.15980749059724444,0.13674356312071548,1.2668893084852673,1.1336554497854776,10.0,False,0.7781349576621994,0.5549825130233826,0.030189963469978515,1.2329157494289817
tirex,monash_traffic,Traffic,L10,10,block_depth,True,0.8333333333333334,0.09746059775352478,0.12081284246599401,0.10920617046929498,1.1682119657273837,1.106783647605258,10.0,False,0.7760661196442741,0.5259267694151193,0.02335224471246923,1.2396070335165235,0.13299818336963654,0.1502362526668847,0.139098247726455,1.1910123958472905,1.153176668736501,30.0,False,0.7950937462601264,0.5217433346877248,0.017238069297248165,1.1296113139330564
tirex,monash_traffic,Traffic,L11,11,block_depth,True,0.9166666666666666,0.09103327989578247,0.11076961164824835,0.09942278010017089,1.0710979323483996,1.00763085768365,10.0,False,0.6975848803156878,0.48220621925958346,0.019736331752465877,1.2168034786295803,0.11186855286359787,0.13850089762615794,0.12222681062310252,1.0979792359070908,1.0133061243289088,10.0,False,0.692524657612885,0.4809885690169568,0.026632344762560073,1.2380681977269616
tirex,monash_traffic,Traffic,L12,12,block_depth,True,1.0,0.09347601979970932,0.10341688495783405,0.09866984455867578,1.0,1.0,30.0,False,0.6981769395774609,0.45019806751221947,0.009940865158124729,1.1063466884814412,0.10695111006498337,0.12614163646886822,0.12062180192984698,1.0,1.0,10.0,False,0.68112971486981,0.43806709023927054,0.019190526403884856,1.1794326995972713
tirex,monash_traffic,Traffic,L12+RMS,13,head_input_diagnostic,False,,0.08616054803133011,0.09958816232970198,0.08948822874746477,,,10.0,False,0.6190362979085855,0.43353073578077006,0.013427614298371873,1.1558441143328064,0.10419581085443497,0.12018088035228598,0.10722958624988567,,,10.0,False,0.6014849839506721,0.41736646227285307,0.015985069497851015,1.1534137444372183
