dataset,H,K,output_patch_size,quantile_set,num_quantiles,readout,metric,layer,point,ci_lo,ci_hi,delta_vs_L11,delta_ci_lo,delta_ci_hi,delta_above_zero,is_primary_comparison,val_selected_layer,n_test_series,n_test_windows,bootstrap_seed,n_replicates
monash_electricity_hourly,64,4,16,q21,21,content,quantile_loss,0,5.1841888427734375,4.886577523743705,5.483229145399131,-0.12994623184204102,-0.22326682764780195,-0.04373716734309632,False,False,2,318,1500,0,5000
monash_electricity_hourly,64,4,16,q21,21,content,quantile_loss,1,4.997244834899902,4.710136981694028,5.2885365675990075,0.05699777603149414,-0.022959738802212935,0.13206688653971788,False,False,2,318,1500,0,5000
monash_electricity_hourly,64,4,16,q21,21,content,quantile_loss,2,4.787846565246582,4.520112315241124,5.057531949732433,0.26639604568481445,0.2010510993658327,0.3316680975739638,True,True,2,318,1500,0,5000
monash_electricity_hourly,64,4,16,q21,21,content,quantile_loss,3,4.858223915100098,4.596980033183625,5.124004587187383,0.19601869583129883,0.12775980979384843,0.26438823246575816,True,False,2,318,1500,0,5000
monash_electricity_hourly,64,4,16,q21,21,content,quantile_loss,4,4.9393110275268555,4.671062247925468,5.204920850097134,0.11493158340454102,0.04448156296280816,0.18318702843976367,True,False,2,318,1500,0,5000
monash_electricity_hourly,64,4,16,q21,21,content,quantile_loss,5,5.032782077789307,4.7690219567738605,5.297133264230708,0.021460533142089844,-0.05702823115297349,0.096489933973744,False,False,2,318,1500,0,5000
monash_electricity_hourly,64,4,16,q21,21,content,quantile_loss,6,5.136445045471191,4.868722093431148,5.403078904698391,-0.08220243453979492,-0.15391601945406402,-0.014738744853865803,False,False,2,318,1500,0,5000
monash_electricity_hourly,64,4,16,q21,21,content,quantile_loss,7,5.272824764251709,5.005130214745955,5.539484244595289,-0.2185821533203125,-0.28978539331579684,-0.14914720932965767,False,False,2,318,1500,0,5000
monash_electricity_hourly,64,4,16,q21,21,content,quantile_loss,8,5.336223125457764,5.0748413545369875,5.600610582813192,-0.2819805145263672,-0.3508962703061679,-0.21646652886199036,False,False,2,318,1500,0,5000
monash_electricity_hourly,64,4,16,q21,21,content,quantile_loss,9,5.205071449279785,4.945021327486762,5.458212063691713,-0.15082883834838867,-0.2140403801608977,-0.09116696506850966,False,False,2,318,1500,0,5000
monash_electricity_hourly,64,4,16,q21,21,content,quantile_loss,10,5.122270107269287,4.861019112447614,5.379079853256489,-0.06802749633789062,-0.12005686087962167,-0.015857925094899604,False,False,2,318,1500,0,5000
monash_electricity_hourly,64,4,16,q21,21,content,quantile_loss,11,5.0542426109313965,4.800650526925782,5.308822936419343,0.0,0.0,0.0,False,False,2,318,1500,0,5000
monash_electricity_hourly,64,4,16,q21,21,content,mase_context,0,1.5183279656271107,1.4660424100278184,1.5756311507928145,0.02720996032497114,-0.0003263145902449748,0.05575037952333523,False,False,2,318,1500,0,5000
monash_electricity_hourly,64,4,16,q21,21,content,mase_context,1,1.4792307198056933,1.4239480292094946,1.5406848749390694,0.06630720614638852,0.04198684510636954,0.09135813251037556,True,False,2,318,1500,0,5000
monash_electricity_hourly,64,4,16,q21,21,content,mase_context,2,1.422495698235438,1.3683939847210858,1.4835683335607956,0.12304222771664386,0.10111769793401443,0.1450134812567902,True,True,2,318,1500,0,5000
monash_electricity_hourly,64,4,16,q21,21,content,mase_context,3,1.4656943029850251,1.406480560234022,1.5311764881252428,0.07984362296705672,0.05826037942076721,0.10203558407859467,True,False,2,318,1500,0,5000
monash_electricity_hourly,64,4,16,q21,21,content,mase_context,4,1.489016477546101,1.4288048216558973,1.556667624699688,0.056521448405980834,0.03727434264876483,0.07487152768271853,True,False,2,318,1500,0,5000
monash_electricity_hourly,64,4,16,q21,21,content,mase_context,5,1.5219044114648652,1.458501270681919,1.5911085828737233,0.023633514487216623,0.0027899810226129753,0.043196567701784844,True,False,2,318,1500,0,5000
monash_electricity_hourly,64,4,16,q21,21,content,mase_context,6,1.5473198210518704,1.486341891416468,1.6137529510594992,-0.001781895099788544,-0.023422248342755362,0.020219667163443804,False,False,2,318,1500,0,5000
monash_electricity_hourly,64,4,16,q21,21,content,mase_context,7,1.6025231079350235,1.5369239473586462,1.675210908363854,-0.05698518198294167,-0.07676628781113576,-0.037362890631143626,False,False,2,318,1500,0,5000
monash_electricity_hourly,64,4,16,q21,21,content,mase_context,8,1.6260764184094427,1.559645366931297,1.6973445221341736,-0.08053849245736089,-0.10193184112052162,-0.059754638519629345,False,False,2,318,1500,0,5000
monash_electricity_hourly,64,4,16,q21,21,content,mase_context,9,1.5722862472130172,1.5106488572740164,1.6397027232359758,-0.026748321260935404,-0.045585514651927075,-0.007695141292331394,False,False,2,318,1500,0,5000
monash_electricity_hourly,64,4,16,q21,21,content,mase_context,10,1.5536577404707652,1.4901676429017883,1.624039067815865,-0.008119814518683377,-0.02408515529436655,0.008262506213487272,False,False,2,318,1500,0,5000
monash_electricity_hourly,64,4,16,q21,21,content,mase_context,11,1.5455379259520818,1.4833269158564084,1.6133813225108597,0.0,0.0,0.0,False,False,2,318,1500,0,5000
monash_electricity_hourly,64,4,16,q21,21,reg,quantile_loss,0,4.927204608917236,4.642011797813379,5.208127356448438,-0.17393112182617188,-0.26525588082142326,-0.08888084862309312,False,False,3,318,1500,0,5000
monash_electricity_hourly,64,4,16,q21,21,reg,quantile_loss,1,4.719818115234375,4.451517964283284,4.98262874665667,0.03345537185668945,-0.039076604426912166,0.10513361400686101,False,False,3,318,1500,0,5000
monash_electricity_hourly,64,4,16,q21,21,reg,quantile_loss,2,4.505058765411377,4.2564096536666955,4.75263212072613,0.2482147216796875,0.19220942931262675,0.303144409816505,True,False,3,318,1500,0,5000
monash_electricity_hourly,64,4,16,q21,21,reg,quantile_loss,3,4.377381324768066,4.142893862434394,4.615477515424358,0.37589216232299805,0.32417850867173614,0.42692923324945425,True,True,3,318,1500,0,5000
monash_electricity_hourly,64,4,16,q21,21,reg,quantile_loss,4,4.367560386657715,4.138624611546315,4.597055850518776,0.3857131004333496,0.3366744664130161,0.43401874665850976,True,False,3,318,1500,0,5000
monash_electricity_hourly,64,4,16,q21,21,reg,quantile_loss,5,4.422093868255615,4.188693844661673,4.658676178215057,0.3311796188354492,0.27798556717507483,0.38252192324199946,True,False,3,318,1500,0,5000
monash_electricity_hourly,64,4,16,q21,21,reg,quantile_loss,6,4.4716033935546875,4.236386469132954,4.7066684162629935,0.28167009353637695,0.2311430103718314,0.33027175324954994,True,False,3,318,1500,0,5000
monash_electricity_hourly,64,4,16,q21,21,reg,quantile_loss,7,4.573641777038574,4.339451889535261,4.809393706991685,0.17963171005249023,0.12772471088112508,0.22887047448629325,True,False,3,318,1500,0,5000
monash_electricity_hourly,64,4,16,q21,21,reg,quantile_loss,8,4.655423164367676,4.417598525368936,4.89382933539911,0.09785032272338867,0.04633909403095175,0.14790431151143824,True,False,3,318,1500,0,5000
monash_electricity_hourly,64,4,16,q21,21,reg,quantile_loss,9,4.736046314239502,4.507708513481451,4.964501367270723,0.0172271728515625,-0.021978123735416633,0.05640512123297407,False,False,3,318,1500,0,5000
monash_electricity_hourly,64,4,16,q21,21,reg,quantile_loss,10,4.760764122009277,4.5262287378531445,4.9951091844024385,-0.007490634918212891,-0.040119261056325926,0.024383382850077386,False,False,3,318,1500,0,5000
monash_electricity_hourly,64,4,16,q21,21,reg,quantile_loss,11,4.7532734870910645,4.523429034393847,4.9807112711822485,0.0,0.0,0.0,False,False,3,318,1500,0,5000
monash_electricity_hourly,64,4,16,q21,21,reg,mase_context,0,1.4159371170474984,1.369577328806775,1.4667241105801028,0.03810526421407778,0.010403473492788085,0.0676820873039709,True,False,3,318,1500,0,5000
monash_electricity_hourly,64,4,16,q21,21,reg,mase_context,1,1.3720268872327337,1.3248945078655734,1.4231483376818386,0.08201549402884245,0.05698438400297952,0.10761888654047802,True,False,3,318,1500,0,5000
monash_electricity_hourly,64,4,16,q21,21,reg,mase_context,2,1.3183336541850112,1.2709263023625634,1.3696677997556304,0.1357087270765649,0.11259708862743238,0.15962542628743065,True,False,3,318,1500,0,5000
monash_electricity_hourly,64,4,16,q21,21,reg,mase_context,3,1.296742058497747,1.2467614388059722,1.3511315619951858,0.15730032276382921,0.13730372342761368,0.17781932133323256,True,True,3,318,1500,0,5000
monash_electricity_hourly,64,4,16,q21,21,reg,mase_context,4,1.2986802335367802,1.2478933057935981,1.3547600158234816,0.15536214772479595,0.13594278865618523,0.17602632953783345,True,False,3,318,1500,0,5000
monash_electricity_hourly,64,4,16,q21,21,reg,mase_context,5,1.322749069292904,1.2711455471550988,1.3792786154018135,0.1312933119686721,0.11277836295046098,0.1503908428361519,True,False,3,318,1500,0,5000
monash_electricity_hourly,64,4,16,q21,21,reg,mase_context,6,1.3505428261875647,1.2964233624688357,1.4101921059595381,0.10349955507401143,0.08681018519974543,0.12025613537679947,True,False,3,318,1500,0,5000
monash_electricity_hourly,64,4,16,q21,21,reg,mase_context,7,1.395444128286262,1.3366045891875502,1.4598949464383015,0.05859825297531418,0.043087287033400735,0.07394153123173927,True,False,3,318,1500,0,5000
monash_electricity_hourly,64,4,16,q21,21,reg,mase_context,8,1.41674688447514,1.3592978781247131,1.4812365300165389,0.037295496786436066,0.019914218748926984,0.05455204931189519,True,False,3,318,1500,0,5000
monash_electricity_hourly,64,4,16,q21,21,reg,mase_context,9,1.4425272000717344,1.3853568089260355,1.5063939576772232,0.011515181189841739,-0.002204828316607882,0.025645504538851793,False,False,3,318,1500,0,5000
monash_electricity_hourly,64,4,16,q21,21,reg,mase_context,10,1.4658461675774594,1.4072686997229147,1.5312586528253302,-0.011803786315883302,-0.02379097563155818,0.00011870592812682038,False,False,3,318,1500,0,5000
monash_electricity_hourly,64,4,16,q21,21,reg,mase_context,11,1.4540423812615761,1.3957507569655598,1.51847221121086,0.0,0.0,0.0,False,False,3,318,1500,0,5000
monash_electricity_hourly,64,4,16,q21,21,content_K,quantile_loss,0,5.204776763916016,4.90249062384465,5.506996014834158,0.10457420349121094,0.011700033348299835,0.18997769416328533,True,False,2,318,1500,0,5000
monash_electricity_hourly,64,4,16,q21,21,content_K,quantile_loss,1,5.016471862792969,4.730403470474234,5.30440927424324,0.2928791046142578,0.21206346358160175,0.3688338888055232,True,False,2,318,1500,0,5000
monash_electricity_hourly,64,4,16,q21,21,content_K,quantile_loss,2,4.862163543701172,4.59405611401891,5.12946713913768,0.4471874237060547,0.3718743450779903,0.521620895063635,True,True,2,318,1500,0,5000
monash_electricity_hourly,64,4,16,q21,21,content_K,quantile_loss,3,4.937175273895264,4.677982853031676,5.199044645119007,0.3721756935119629,0.29646151266864296,0.44686562944572983,True,False,2,318,1500,0,5000
monash_electricity_hourly,64,4,16,q21,21,content_K,quantile_loss,4,5.079626083374023,4.810497010139025,5.349176885988977,0.22972488403320312,0.14884070650770062,0.30680979624062116,True,False,2,318,1500,0,5000
monash_electricity_hourly,64,4,16,q21,21,content_K,quantile_loss,5,5.176295757293701,4.910910329340243,5.44377582408751,0.1330552101135254,0.0462958464310582,0.21285124306572714,True,False,2,318,1500,0,5000
monash_electricity_hourly,64,4,16,q21,21,content_K,quantile_loss,6,5.30048942565918,5.028062683114359,5.570980053348434,0.008861541748046875,-0.07014079873833996,0.08428490607880393,False,False,2,318,1500,0,5000
monash_electricity_hourly,64,4,16,q21,21,content_K,quantile_loss,7,5.450104713439941,5.1775695223077935,5.723489054042163,-0.14075374603271484,-0.21805068632914246,-0.06803798496126558,False,False,2,318,1500,0,5000
monash_electricity_hourly,64,4,16,q21,21,content_K,quantile_loss,8,5.512469291687012,5.242895564189626,5.780558876798091,-0.20311832427978516,-0.2759033925399009,-0.13217374019179562,False,False,2,318,1500,0,5000
monash_electricity_hourly,64,4,16,q21,21,content_K,quantile_loss,9,5.488583087921143,5.219395230121301,5.758173155038088,-0.17923212051391602,-0.2448147692469957,-0.1162286710967847,False,False,2,318,1500,0,5000
monash_electricity_hourly,64,4,16,q21,21,content_K,quantile_loss,10,5.490982532501221,5.220220246960574,5.765702932406747,-0.18163156509399414,-0.2422787836195413,-0.12361711166101544,False,False,2,318,1500,0,5000
monash_electricity_hourly,64,4,16,q21,21,content_K,quantile_loss,11,5.309350967407227,5.04514544973402,5.577395680461042,0.0,0.0,0.0,False,False,2,318,1500,0,5000
monash_electricity_hourly,64,4,16,q21,21,content_K,mase_context,0,1.5328475892351758,1.4788790250067085,1.5916834629528929,0.09340813988945973,0.06487600111413352,0.12241424186486263,True,False,2,318,1500,0,5000
monash_electricity_hourly,64,4,16,q21,21,content_K,mase_context,1,1.4798910206305578,1.4243288982342868,1.5409555554010026,0.1463647084940778,0.11953971474304453,0.17381155163069076,True,False,2,318,1500,0,5000
monash_electricity_hourly,64,4,16,q21,21,content_K,mase_context,2,1.4547944238552033,1.3978349181644099,1.516457315607685,0.17146130526943226,0.1489077942636403,0.1939538816662851,True,True,2,318,1500,0,5000
monash_electricity_hourly,64,4,16,q21,21,content_K,mase_context,3,1.4880780319268903,1.428357728029292,1.5528596930497727,0.1381776971977453,0.11460481483056313,0.1616880224551919,True,False,2,318,1500,0,5000
monash_electricity_hourly,64,4,16,q21,21,content_K,mase_context,4,1.5297592044182402,1.465269800764985,1.6003739647305457,0.09649652470639536,0.07376314304264606,0.11837740641612841,True,False,2,318,1500,0,5000
monash_electricity_hourly,64,4,16,q21,21,content_K,mase_context,5,1.561274814117912,1.4959326811587583,1.632266762288637,0.06498091500672354,0.04315228206434259,0.08629010298794909,True,False,2,318,1500,0,5000
monash_electricity_hourly,64,4,16,q21,21,content_K,mase_context,6,1.6029651841293675,1.54027306538568,1.6711276291790798,0.02329054499526806,-0.0014588657331078168,0.04819873839675035,False,False,2,318,1500,0,5000
monash_electricity_hourly,64,4,16,q21,21,content_K,mase_context,7,1.6607815420784051,1.5917373531040577,1.7362347701312706,-0.03452581295376955,-0.05796368862849856,-0.01107514964867234,False,False,2,318,1500,0,5000
monash_electricity_hourly,64,4,16,q21,21,content_K,mase_context,8,1.6776470097559102,1.6111634693222572,1.7489878384896116,-0.05139128063127463,-0.07628993773655582,-0.026720713290354824,False,False,2,318,1500,0,5000
monash_electricity_hourly,64,4,16,q21,21,content_K,mase_context,9,1.6600278741984726,1.5952079712274143,1.7318884957656127,-0.03377214507383708,-0.05582147482001077,-0.012386301309322188,False,False,2,318,1500,0,5000
monash_electricity_hourly,64,4,16,q21,21,content_K,mase_context,10,1.6803691488716015,1.6120289877164076,1.755224284902892,-0.05411341974696593,-0.07531762764385805,-0.03373513013230337,False,False,2,318,1500,0,5000
monash_electricity_hourly,64,4,16,q21,21,content_K,mase_context,11,1.6262557291246356,1.5608365065499301,1.6955778198226532,0.0,0.0,0.0,False,False,2,318,1500,0,5000
monash_electricity_hourly,64,4,16,q21,21,reg_K,quantile_loss,0,4.938919544219971,4.6535138665735385,5.220383340611262,-0.11174631118774414,-0.20621297940915584,-0.0231224447874276,False,False,3,318,1500,0,5000
monash_electricity_hourly,64,4,16,q21,21,reg_K,quantile_loss,1,4.722395896911621,4.453488418778094,4.985828590623577,0.10477733612060547,0.02798971439513249,0.1767756138617296,True,False,3,318,1500,0,5000
monash_electricity_hourly,64,4,16,q21,21,reg_K,quantile_loss,2,4.490437030792236,4.240897818486134,4.742017268803079,0.33673620223999023,0.27695183690727165,0.3927242170669681,True,False,3,318,1500,0,5000
monash_electricity_hourly,64,4,16,q21,21,reg_K,quantile_loss,3,4.383105278015137,4.147589652198518,4.625745299453442,0.44406795501708984,0.3919575807312258,0.4953978878789931,True,True,3,318,1500,0,5000
monash_electricity_hourly,64,4,16,q21,21,reg_K,quantile_loss,4,4.393964767456055,4.162409608240467,4.626789149510937,0.4332084655761719,0.3838272497702751,0.48295280107084076,True,False,3,318,1500,0,5000
monash_electricity_hourly,64,4,16,q21,21,reg_K,quantile_loss,5,4.395191192626953,4.163132873015327,4.629384322865118,0.43198204040527344,0.3818232913378571,0.4818012855932918,True,False,3,318,1500,0,5000
monash_electricity_hourly,64,4,16,q21,21,reg_K,quantile_loss,6,4.46319580078125,4.229488374687466,4.697181563227966,0.36397743225097656,0.31116294267481653,0.4156504617373547,True,False,3,318,1500,0,5000
monash_electricity_hourly,64,4,16,q21,21,reg_K,quantile_loss,7,4.548405647277832,4.314253926508357,4.785333125086124,0.27876758575439453,0.21771568220666243,0.3356779138567137,True,False,3,318,1500,0,5000
monash_electricity_hourly,64,4,16,q21,21,reg_K,quantile_loss,8,4.622117042541504,4.390310281693282,4.854361624506862,0.20505619049072266,0.1512449036959546,0.2557724296065138,True,False,3,318,1500,0,5000
monash_electricity_hourly,64,4,16,q21,21,reg_K,quantile_loss,9,4.750186443328857,4.51535218562103,4.983298809098591,0.07698678970336914,0.028095088686861083,0.12494416068160756,True,False,3,318,1500,0,5000
monash_electricity_hourly,64,4,16,q21,21,reg_K,quantile_loss,10,4.802261829376221,4.561054703305505,5.045522968684514,0.02491140365600586,-0.01805195912927657,0.06607437523358707,False,False,3,318,1500,0,5000
monash_electricity_hourly,64,4,16,q21,21,reg_K,quantile_loss,11,4.827173233032227,4.593177185737668,5.060203985018538,0.0,0.0,0.0,False,False,3,318,1500,0,5000
monash_electricity_hourly,64,4,16,q21,21,reg_K,mase_context,0,1.4312883010593216,1.3826132662587507,1.4838806870206667,0.04606252003595679,0.01896285182322416,0.07347026800208097,True,False,3,318,1500,0,5000
monash_electricity_hourly,64,4,16,q21,21,reg_K,mase_context,1,1.3692898762044794,1.3218886015906637,1.4194999494661336,0.10806094489079898,0.08265025344456532,0.13449571132478427,True,False,3,318,1500,0,5000
monash_electricity_hourly,64,4,16,q21,21,reg_K,mase_context,2,1.3276244843800298,1.278064744998985,1.3809432805884343,0.1497263367152486,0.12658259917745596,0.17299219995135218,True,False,3,318,1500,0,5000
monash_electricity_hourly,64,4,16,q21,21,reg_K,mase_context,3,1.304463924813651,1.253683999589609,1.3586906393592366,0.17288689628162746,0.15170672551349196,0.194332189748321,True,True,3,318,1500,0,5000
monash_electricity_hourly,64,4,16,q21,21,reg_K,mase_context,4,1.3123748167690623,1.261405003659515,1.368197255141425,0.16497600432621606,0.14633694441640968,0.18423920959784432,True,False,3,318,1500,0,5000
monash_electricity_hourly,64,4,16,q21,21,reg_K,mase_context,5,1.3128248042580508,1.2605099808074605,1.3705412223354128,0.16452601683722756,0.14604311223352254,0.18265083775802957,True,False,3,318,1500,0,5000
monash_electricity_hourly,64,4,16,q21,21,reg_K,mase_context,6,1.3427995941509219,1.2897551112248598,1.401320924025191,0.1345512269443565,0.11630713705541448,0.1524711909864845,True,False,3,318,1500,0,5000
monash_electricity_hourly,64,4,16,q21,21,reg_K,mase_context,7,1.372320091233692,1.3190297979197267,1.4316885834122175,0.10503072986158646,0.0867585200635423,0.12329662727650602,True,False,3,318,1500,0,5000
monash_electricity_hourly,64,4,16,q21,21,reg_K,mase_context,8,1.4030489016929673,1.3470813318126376,1.465451932525265,0.07430191940231112,0.05729525066050865,0.09133730672868458,True,False,3,318,1500,0,5000
monash_electricity_hourly,64,4,16,q21,21,reg_K,mase_context,9,1.4538266622777316,1.3948619875522845,1.5201177440983473,0.02352415881754677,0.008150794680352891,0.03890333578480682,True,False,3,318,1500,0,5000
monash_electricity_hourly,64,4,16,q21,21,reg_K,mase_context,10,1.464365203579081,1.4067351370387107,1.529010751036204,0.012985617516197312,-0.001093399673769235,0.027074090638943865,False,False,3,318,1500,0,5000
monash_electricity_hourly,64,4,16,q21,21,reg_K,mase_context,11,1.4773508210952784,1.418253321602318,1.5414977800044096,0.0,0.0,0.0,False,False,3,318,1500,0,5000
monash_electricity_hourly,64,4,16,q21,21,fslot_K,quantile_loss,0,7.226951599121094,7.098704275969812,7.356203846104237,-3.655867099761963,-3.7613642516599732,-3.553810135023906,False,False,11,318,1500,0,5000
monash_electricity_hourly,64,4,16,q21,21,fslot_K,quantile_loss,1,4.507241249084473,4.288406682686062,4.7281956038086435,-0.9361567497253418,-1.0955794562583547,-0.7816124828847288,False,False,11,318,1500,0,5000
monash_electricity_hourly,64,4,16,q21,21,fslot_K,quantile_loss,2,3.8666939735412598,3.6880374816485495,4.053303287194825,-0.2956094741821289,-0.3943358244459573,-0.20285089658124839,False,False,11,318,1500,0,5000
monash_electricity_hourly,64,4,16,q21,21,fslot_K,quantile_loss,3,3.756150722503662,3.5829975259483398,3.936704579361059,-0.18506622314453125,-0.27615244766576,-0.10152586497263684,False,False,11,318,1500,0,5000
monash_electricity_hourly,64,4,16,q21,21,fslot_K,quantile_loss,4,3.669659376144409,3.508701805295391,3.840176506507472,-0.09857487678527832,-0.17912787696512095,-0.029717420875313743,False,False,11,318,1500,0,5000
monash_electricity_hourly,64,4,16,q21,21,fslot_K,quantile_loss,5,3.654600143432617,3.491425181894615,3.8275979420370536,-0.08351564407348633,-0.15904554292915749,-0.01594867298587933,False,False,11,318,1500,0,5000
monash_electricity_hourly,64,4,16,q21,21,fslot_K,quantile_loss,6,3.637604236602783,3.478516429268145,3.803647348654615,-0.06651973724365234,-0.13545479902673802,-0.006102875708307746,False,False,11,318,1500,0,5000
monash_electricity_hourly,64,4,16,q21,21,fslot_K,quantile_loss,7,3.61413836479187,3.4555768209717725,3.7828095774929587,-0.04305386543273926,-0.10892362186044462,0.015930140216353632,False,False,11,318,1500,0,5000
monash_electricity_hourly,64,4,16,q21,21,fslot_K,quantile_loss,8,3.622365951538086,3.4724614191775705,3.7836743873907075,-0.05128145217895508,-0.0996140542882861,-0.006520134504704518,False,False,11,318,1500,0,5000
monash_electricity_hourly,64,4,16,q21,21,fslot_K,quantile_loss,9,3.5959742069244385,3.453840577246651,3.750703013554827,-0.024889707565307617,-0.05706808363664665,0.006461175724515315,False,False,11,318,1500,0,5000
monash_electricity_hourly,64,4,16,q21,21,fslot_K,quantile_loss,10,3.6248857975006104,3.4887158112430114,3.773382560817081,-0.05380129814147949,-0.06856307713352085,-0.03849190908091733,False,False,11,318,1500,0,5000
monash_electricity_hourly,64,4,16,q21,21,fslot_K,quantile_loss,11,3.571084499359131,3.438923441078405,3.7142314554535907,0.0,0.0,0.0,False,True,11,318,1500,0,5000
monash_electricity_hourly,64,4,16,q21,21,fslot_K,mase_context,0,2.483533291185944,2.3505982513707053,2.6245494373834126,-1.376201487590352,-1.4661801860639934,-1.2907298343824765,False,False,11,318,1500,0,5000
monash_electricity_hourly,64,4,16,q21,21,fslot_K,mase_context,1,1.3159009822013623,1.2702994598850244,1.3659621565036535,-0.20856917860577062,-0.23817661891805753,-0.17795774601526088,False,False,11,318,1500,0,5000
monash_electricity_hourly,64,4,16,q21,21,fslot_K,mase_context,2,1.1610835200332779,1.1160857785375338,1.2096432817151375,-0.05375171643768617,-0.07575682118221616,-0.032029378942829416,False,False,11,318,1500,0,5000
monash_electricity_hourly,64,4,16,q21,21,fslot_K,mase_context,3,1.1374544183579285,1.0906034244171348,1.188691763488918,-0.030122614762336797,-0.04999250983309932,-0.010687572563120307,False,False,11,318,1500,0,5000
monash_electricity_hourly,64,4,16,q21,21,fslot_K,mase_context,4,1.1187877630805676,1.0711734861318205,1.1701465006727696,-0.011455959484975908,-0.02920644009722079,0.006021194034163888,False,False,11,318,1500,0,5000
monash_electricity_hourly,64,4,16,q21,21,fslot_K,mase_context,5,1.0998135679211885,1.0534510067769396,1.1489420784696989,0.00751823567440324,-0.011783892268450547,0.0268275871386706,False,False,11,318,1500,0,5000
monash_electricity_hourly,64,4,16,q21,21,fslot_K,mase_context,6,1.1290167921631624,1.078126321385607,1.1834695377824243,-0.02168498856757073,-0.036216188154633934,-0.0071258547065016446,False,False,11,318,1500,0,5000
monash_electricity_hourly,64,4,16,q21,21,fslot_K,mase_context,7,1.0965650718448297,1.0480975675567714,1.1476735524737645,0.010766731750762037,-0.005861964065743336,0.02791333616807811,False,False,11,318,1500,0,5000
monash_electricity_hourly,64,4,16,q21,21,fslot_K,mase_context,8,1.1079083681083421,1.0558179717003628,1.1631250941906977,-0.0005765645127504548,-0.012634521558695894,0.01142982568292784,False,False,11,318,1500,0,5000
monash_electricity_hourly,64,4,16,q21,21,fslot_K,mase_context,9,1.0984958174402515,1.045623163236416,1.1530542653555447,0.008835986155340203,-0.0008921011271050604,0.018620134206415666,False,False,11,318,1500,0,5000
monash_electricity_hourly,64,4,16,q21,21,fslot_K,mase_context,10,1.1253557731445512,1.0689008508005586,1.1849865170582885,-0.018023969548959462,-0.0235123740540706,-0.012508233147391674,False,False,11,318,1500,0,5000
monash_electricity_hourly,64,4,16,q21,21,fslot_K,mase_context,11,1.1073318035955917,1.0504890095833659,1.1668457332346371,0.0,0.0,0.0,False,True,11,318,1500,0,5000
monash_electricity_hourly,64,4,16,q21,21,native,mase_context,,0.8508159866034439,0.8083956440381994,0.8953094384261651,,,,,,,318,1500,0,5000
monash_kdd_cup_2018,64,4,16,q21,21,content,quantile_loss,0,10.25283432006836,9.93198499586238,10.60260302761867,1.752253532409668,1.316687656094691,2.1773472647214738,True,False,11,75,506,0,5000
monash_kdd_cup_2018,64,4,16,q21,21,content,quantile_loss,1,11.355193138122559,10.926754695159204,11.833602087946247,0.6498947143554688,0.12413512205140229,1.1410294932339826,True,False,11,75,506,0,5000
monash_kdd_cup_2018,64,4,16,q21,21,content,quantile_loss,2,12.026429176330566,11.611112565458013,12.472301058802104,-0.021341323852539062,-0.5859758329709411,0.505715893190326,False,False,11,75,506,0,5000
monash_kdd_cup_2018,64,4,16,q21,21,content,quantile_loss,3,12.28551959991455,11.938789985182707,12.697182782294604,-0.28043174743652344,-0.7566781612357935,0.14919720598769906,False,False,11,75,506,0,5000
monash_kdd_cup_2018,64,4,16,q21,21,content,quantile_loss,4,12.970821380615234,12.565491829664385,13.46275084450067,-0.965733528137207,-1.499755477981529,-0.47763422055149757,False,False,11,75,506,0,5000
monash_kdd_cup_2018,64,4,16,q21,21,content,quantile_loss,5,13.385211944580078,12.887292240546333,13.89805783213625,-1.3801240921020508,-1.932649933102483,-0.8524924226159332,False,False,11,75,506,0,5000
monash_kdd_cup_2018,64,4,16,q21,21,content,quantile_loss,6,13.199578285217285,12.7256284802757,13.722232648602144,-1.1944904327392578,-1.6928032985724837,-0.7633887683802014,False,False,11,75,506,0,5000
monash_kdd_cup_2018,64,4,16,q21,21,content,quantile_loss,7,12.360413551330566,11.968990889929946,12.783301003982524,-0.35532569885253906,-0.7816425464189577,0.039771938323974985,False,False,11,75,506,0,5000
monash_kdd_cup_2018,64,4,16,q21,21,content,quantile_loss,8,12.3847074508667,11.99761432600965,12.826754395108912,-0.3796195983886719,-0.7479720668219974,-0.04557187615444892,False,False,11,75,506,0,5000
monash_kdd_cup_2018,64,4,16,q21,21,content,quantile_loss,9,13.164551734924316,12.580123748181128,13.805016348864577,-1.159463882446289,-1.5910354600633267,-0.7613379536587366,False,False,11,75,506,0,5000
monash_kdd_cup_2018,64,4,16,q21,21,content,quantile_loss,10,13.290992736816406,12.708327514537217,13.878094195045934,-1.285904884338379,-1.6576624409021214,-0.9125226645994041,False,False,11,75,506,0,5000
monash_kdd_cup_2018,64,4,16,q21,21,content,quantile_loss,11,12.005087852478027,11.5626497218525,12.454327807877155,0.0,0.0,0.0,False,True,11,75,506,0,5000
monash_kdd_cup_2018,64,4,16,q21,21,content,mase_context,0,1.0229658993659305,0.9760284201097987,1.071478052435632,0.09920865758809216,0.06113245582043004,0.13658689993248968,True,False,11,75,506,0,5000
monash_kdd_cup_2018,64,4,16,q21,21,content,mase_context,1,1.1041976462092333,1.0528808348951715,1.1597468737333465,0.017976910744789354,-0.028335173213456764,0.05970882170037648,False,False,11,75,506,0,5000
monash_kdd_cup_2018,64,4,16,q21,21,content,mase_context,2,1.1487973613789535,1.0980971642886024,1.2033457714941502,-0.026622804424930813,-0.08055157697683156,0.02227803249766065,False,False,11,75,506,0,5000
monash_kdd_cup_2018,64,4,16,q21,21,content,mase_context,3,1.1531292777584916,1.1050994554938558,1.2051498390638369,-0.030954720804468927,-0.08206588706347413,0.014189096003857737,False,False,11,75,506,0,5000
monash_kdd_cup_2018,64,4,16,q21,21,content,mase_context,4,1.2292828372759779,1.1716590430934657,1.2920540788784443,-0.10710828032195518,-0.16026524991890106,-0.06193341908442324,False,False,11,75,506,0,5000
monash_kdd_cup_2018,64,4,16,q21,21,content,mase_context,5,1.2577820112188662,1.196922634469055,1.3207316199654524,-0.13560745426484355,-0.19230801576819703,-0.08499401823583488,False,False,11,75,506,0,5000
monash_kdd_cup_2018,64,4,16,q21,21,content,mase_context,6,1.2417801121920915,1.1801785839158618,1.3059952230264407,-0.11960555523806882,-0.17034348290019613,-0.07814025543987621,False,False,11,75,506,0,5000
monash_kdd_cup_2018,64,4,16,q21,21,content,mase_context,7,1.179354368055423,1.1257660932873208,1.2355367453706583,-0.05717981110140036,-0.09934812388475593,-0.020630606657707756,False,False,11,75,506,0,5000
monash_kdd_cup_2018,64,4,16,q21,21,content,mase_context,8,1.185510050850564,1.1322858690082906,1.2419020756851205,-0.06333549389654136,-0.10155855476663353,-0.029868939923188956,False,False,11,75,506,0,5000
monash_kdd_cup_2018,64,4,16,q21,21,content,mase_context,9,1.254426555646213,1.1644203865170404,1.3590552224473373,-0.1322519986921904,-0.19020359523337516,-0.08379351382089384,False,False,11,75,506,0,5000
monash_kdd_cup_2018,64,4,16,q21,21,content,mase_context,10,1.2629066415197243,1.1629287876346472,1.3741887670003976,-0.14073208456570163,-0.1999536489944497,-0.08673463373380784,False,False,11,75,506,0,5000
monash_kdd_cup_2018,64,4,16,q21,21,content,mase_context,11,1.1221745569540227,1.0602617397138656,1.1864748797169848,0.0,0.0,0.0,False,True,11,75,506,0,5000
monash_kdd_cup_2018,64,4,16,q21,21,reg,quantile_loss,0,9.591623306274414,9.256246337612437,9.952536999157672,2.0470685958862305,1.725346285127941,2.3543167027407677,True,False,11,75,506,0,5000
monash_kdd_cup_2018,64,4,16,q21,21,reg,quantile_loss,1,9.762157440185547,9.462673821865394,10.114373121819225,1.8765344619750977,1.5265928750827886,2.190952728763933,True,False,11,75,506,0,5000
monash_kdd_cup_2018,64,4,16,q21,21,reg,quantile_loss,2,9.851675033569336,9.524546227426926,10.214792114207182,1.7870168685913086,1.4264742062271953,2.122886300352311,True,False,11,75,506,0,5000
monash_kdd_cup_2018,64,4,16,q21,21,reg,quantile_loss,3,10.24013614654541,9.896162439445,10.616934610691212,1.3985557556152344,1.0427839501845984,1.737096032938698,True,False,11,75,506,0,5000
monash_kdd_cup_2018,64,4,16,q21,21,reg,quantile_loss,4,10.409869194030762,10.099972411239897,10.7318163784603,1.2288227081298828,0.887885495462733,1.5591839420513358,True,False,11,75,506,0,5000
monash_kdd_cup_2018,64,4,16,q21,21,reg,quantile_loss,5,10.913128852844238,10.595876649787796,11.251782567927844,0.7255630493164062,0.3566973012102638,1.0673458550708506,True,False,11,75,506,0,5000
monash_kdd_cup_2018,64,4,16,q21,21,reg,quantile_loss,6,11.10678768157959,10.765062616613106,11.477676635292116,0.5319042205810547,0.13569110179109073,0.8901629252425647,True,False,11,75,506,0,5000
monash_kdd_cup_2018,64,4,16,q21,21,reg,quantile_loss,7,11.390822410583496,11.057521040503271,11.757717363197443,0.24786949157714844,-0.11711238288721901,0.5782143573092388,False,False,11,75,506,0,5000
monash_kdd_cup_2018,64,4,16,q21,21,reg,quantile_loss,8,11.779886245727539,11.463150715381413,12.13038184037849,-0.14119434356689453,-0.448774227334536,0.14463938821071146,False,False,11,75,506,0,5000
monash_kdd_cup_2018,64,4,16,q21,21,reg,quantile_loss,9,11.421995162963867,11.100355105735693,11.741003074238204,0.21669673919677734,-0.0945023383861768,0.5075246011529504,False,False,11,75,506,0,5000
monash_kdd_cup_2018,64,4,16,q21,21,reg,quantile_loss,10,11.511605262756348,11.179391054494287,11.839360070124428,0.12708663940429688,-0.05787859375631252,0.3018291495596658,False,False,11,75,506,0,5000
monash_kdd_cup_2018,64,4,16,q21,21,reg,quantile_loss,11,11.638691902160645,11.286073017466636,11.967224258309635,0.0,0.0,0.0,False,True,11,75,506,0,5000
monash_kdd_cup_2018,64,4,16,q21,21,reg,mase_context,0,0.9621660149091006,0.9168556275538858,1.0090692366738354,0.13385947073035787,0.1011123197236662,0.16448582931574598,True,False,11,75,506,0,5000
monash_kdd_cup_2018,64,4,16,q21,21,reg,mase_context,1,0.9900038455374964,0.9475356828256248,1.036039394220835,0.10602164010196202,0.0699379168061857,0.13855402196617192,True,False,11,75,506,0,5000
monash_kdd_cup_2018,64,4,16,q21,21,reg,mase_context,2,0.994715858382053,0.9495179675656407,1.0434046580758345,0.10130962725740544,0.06304870463211709,0.1355215341920791,True,False,11,75,506,0,5000
monash_kdd_cup_2018,64,4,16,q21,21,reg,mase_context,3,1.0103620506300026,0.9642692013670024,1.0566970455738882,0.08566343500945584,0.05267890094789335,0.1169946230225939,True,False,11,75,506,0,5000
monash_kdd_cup_2018,64,4,16,q21,21,reg,mase_context,4,1.0215049621486865,0.9781560442396854,1.0634332286091948,0.07452052349077198,0.04138958334729236,0.10596490611552617,True,False,11,75,506,0,5000
monash_kdd_cup_2018,64,4,16,q21,21,reg,mase_context,5,1.056264504011698,1.0152690234036557,1.0986677291395284,0.03976098162776043,0.005072581725817949,0.07123385169814782,True,False,11,75,506,0,5000
monash_kdd_cup_2018,64,4,16,q21,21,reg,mase_context,6,1.0562544371515508,1.0142943463872067,1.0989294117213595,0.03977104848790769,0.006574155784172681,0.07080703754710732,True,False,11,75,506,0,5000
monash_kdd_cup_2018,64,4,16,q21,21,reg,mase_context,7,1.0709312888508704,1.0281076374064764,1.1150225529268745,0.02509419678858804,-0.007293297974677831,0.05441675555072526,False,False,11,75,506,0,5000
monash_kdd_cup_2018,64,4,16,q21,21,reg,mase_context,8,1.0997796350510836,1.0596671979051906,1.1404200397588249,-0.0037541494116251073,-0.03357915416592829,0.02430372540469947,False,False,11,75,506,0,5000
monash_kdd_cup_2018,64,4,16,q21,21,reg,mase_context,9,1.080961211194226,1.0386299907878667,1.121272818870716,0.015064274445232506,-0.01512129445136226,0.04450742365650796,False,False,11,75,506,0,5000
monash_kdd_cup_2018,64,4,16,q21,21,reg,mase_context,10,1.080928918165743,1.0283424454687327,1.135987196474054,0.01509656747371535,-0.009363436897531285,0.0357881604305784,False,False,11,75,506,0,5000
monash_kdd_cup_2018,64,4,16,q21,21,reg,mase_context,11,1.0960254856394585,1.0410973273484545,1.1494258010612093,0.0,0.0,0.0,False,True,11,75,506,0,5000
monash_kdd_cup_2018,64,4,16,q21,21,content_K,quantile_loss,0,10.316441535949707,9.999303611253366,10.675553040862457,1.4577665328979492,0.9453734041968134,1.9451897717282,True,False,11,75,506,0,5000
monash_kdd_cup_2018,64,4,16,q21,21,content_K,quantile_loss,1,11.371933937072754,10.932412882449364,11.857612175480078,0.40227413177490234,-0.2140316829589174,0.958113487856208,False,False,11,75,506,0,5000
monash_kdd_cup_2018,64,4,16,q21,21,content_K,quantile_loss,2,12.062007904052734,11.666872326129699,12.504075078004524,-0.2877998352050781,-0.9032419804430206,0.29891004088639966,False,False,11,75,506,0,5000
monash_kdd_cup_2018,64,4,16,q21,21,content_K,quantile_loss,3,12.380472183227539,12.011740842912804,12.825898642583521,-0.6062641143798828,-1.2310557882009356,-0.041188171961882146,False,False,11,75,506,0,5000
monash_kdd_cup_2018,64,4,16,q21,21,content_K,quantile_loss,4,13.036974906921387,12.60142691857129,13.56133959296629,-1.2627668380737305,-1.8656556628415226,-0.7335552190545392,False,False,11,75,506,0,5000
monash_kdd_cup_2018,64,4,16,q21,21,content_K,quantile_loss,5,13.494637489318848,12.996915604750113,14.013809381289462,-1.7204294204711914,-2.3008917675886926,-1.2182308778265782,False,False,11,75,506,0,5000
monash_kdd_cup_2018,64,4,16,q21,21,content_K,quantile_loss,6,13.294713973999023,12.761925485835638,13.90092376291316,-1.5205059051513672,-2.1564389311723873,-0.9853638537085937,False,False,11,75,506,0,5000
monash_kdd_cup_2018,64,4,16,q21,21,content_K,quantile_loss,7,12.164857864379883,11.748195205607548,12.6142018432622,-0.39064979553222656,-0.9079292319202781,0.08242870543830381,False,False,11,75,506,0,5000
monash_kdd_cup_2018,64,4,16,q21,21,content_K,quantile_loss,8,12.328984260559082,11.912726641269279,12.779151913256985,-0.5547761917114258,-1.0425119236842395,-0.08259315347711886,False,False,11,75,506,0,5000
monash_kdd_cup_2018,64,4,16,q21,21,content_K,quantile_loss,9,12.422962188720703,11.791313244420284,13.13010398323045,-0.6487541198730469,-0.9647621181736438,-0.34195517833323325,False,False,11,75,506,0,5000
monash_kdd_cup_2018,64,4,16,q21,21,content_K,quantile_loss,10,12.558059692382812,11.855988255568732,13.298970380929083,-0.7838516235351562,-1.0968521192509555,-0.4717463070098693,False,False,11,75,506,0,5000
monash_kdd_cup_2018,64,4,16,q21,21,content_K,quantile_loss,11,11.774208068847656,11.200099870121242,12.34063224990489,0.0,0.0,0.0,False,True,11,75,506,0,5000
monash_kdd_cup_2018,64,4,16,q21,21,content_K,mase_context,0,1.031411702339301,0.9844445830059291,1.0799109507732632,0.08873019273368765,0.04070208616593712,0.13714196283546115,True,False,11,75,506,0,5000
monash_kdd_cup_2018,64,4,16,q21,21,content_K,mase_context,1,1.1079706389151134,1.0574615457875638,1.1639953452816656,0.012171256157875288,-0.04419194344752365,0.06368044406329927,False,False,11,75,506,0,5000
monash_kdd_cup_2018,64,4,16,q21,21,content_K,mase_context,2,1.1496896910229581,1.100141727076181,1.2049611157242528,-0.02954779594996948,-0.08906642571033532,0.03108295391811367,False,False,11,75,506,0,5000
monash_kdd_cup_2018,64,4,16,q21,21,content_K,mase_context,3,1.1649479391444941,1.1173148624786573,1.2187399795611995,-0.04480604407150546,-0.10856913918147242,0.019923367417314933,False,False,11,75,506,0,5000
monash_kdd_cup_2018,64,4,16,q21,21,content_K,mase_context,4,1.2403174197605633,1.1851403234614153,1.3009288715746028,-0.12017552468757464,-0.18025670909375327,-0.06515640374881278,False,False,11,75,506,0,5000
monash_kdd_cup_2018,64,4,16,q21,21,content_K,mase_context,5,1.276227093691055,1.2123197380220136,1.3433896951615283,-0.15608519861806625,-0.21668425883811732,-0.10268863019747733,False,False,11,75,506,0,5000
monash_kdd_cup_2018,64,4,16,q21,21,content_K,mase_context,6,1.2452931533645064,1.183373602911967,1.3118020485583655,-0.12515125829151774,-0.19070604378315706,-0.06664263831316335,False,False,11,75,506,0,5000
monash_kdd_cup_2018,64,4,16,q21,21,content_K,mase_context,7,1.1647457033155624,1.1117888793676813,1.2183525860004762,-0.044603808242573706,-0.09812454198208694,0.007325458060295413,False,False,11,75,506,0,5000
monash_kdd_cup_2018,64,4,16,q21,21,content_K,mase_context,8,1.1797326733903613,1.1208670354650798,1.243618461954781,-0.059590778317372584,-0.11436495623752647,-0.00553866157174823,False,False,11,75,506,0,5000
monash_kdd_cup_2018,64,4,16,q21,21,content_K,mase_context,9,1.1788314180788395,1.0835761946152334,1.2947752642654105,-0.05868952300585084,-0.11802392728676356,-0.01155305929368846,False,False,11,75,506,0,5000
monash_kdd_cup_2018,64,4,16,q21,21,content_K,mase_context,10,1.1586439758685843,1.0641620291865383,1.2674387880945137,-0.038502080795595583,-0.07876277003858194,0.002125666060752587,False,False,11,75,506,0,5000
monash_kdd_cup_2018,64,4,16,q21,21,content_K,mase_context,11,1.1201418950729887,1.0473319523271782,1.1992443742494732,0.0,0.0,0.0,False,True,11,75,506,0,5000
monash_kdd_cup_2018,64,4,16,q21,21,reg_K,quantile_loss,0,9.568143844604492,9.231477073248465,9.9261820856916,1.3711843490600586,1.0879162626662964,1.6254181365491724,True,False,11,75,506,0,5000
monash_kdd_cup_2018,64,4,16,q21,21,reg_K,quantile_loss,1,9.67612361907959,9.370490671073226,10.040897158362345,1.263204574584961,0.9186538123649671,1.5840480010970779,True,False,11,75,506,0,5000
monash_kdd_cup_2018,64,4,16,q21,21,reg_K,quantile_loss,2,9.936668395996094,9.603685447217362,10.298517648879091,1.002659797668457,0.6486751650368886,1.3177910358080007,True,False,11,75,506,0,5000
monash_kdd_cup_2018,64,4,16,q21,21,reg_K,quantile_loss,3,10.26658821105957,9.93537089129947,10.639087635792535,0.6727399826049805,0.2798608411025435,1.033472062577971,True,False,11,75,506,0,5000
monash_kdd_cup_2018,64,4,16,q21,21,reg_K,quantile_loss,4,10.461432456970215,10.1383315482513,10.814661070962929,0.47789573669433594,0.09461265303783772,0.8372658844686677,True,False,11,75,506,0,5000
monash_kdd_cup_2018,64,4,16,q21,21,reg_K,quantile_loss,5,11.033116340637207,10.669906888541338,11.435171435648403,-0.09378814697265625,-0.5365598860133367,0.32668627166028935,False,False,11,75,506,0,5000
monash_kdd_cup_2018,64,4,16,q21,21,reg_K,quantile_loss,6,11.335480690002441,10.948259717332727,11.75240182475487,-0.3961524963378906,-0.8111256585397574,0.0061701847540997935,False,False,11,75,506,0,5000
monash_kdd_cup_2018,64,4,16,q21,21,reg_K,quantile_loss,7,11.482039451599121,11.062625834817753,11.924739436161598,-0.5427112579345703,-0.9755644141954871,-0.1414066631230004,False,False,11,75,506,0,5000
monash_kdd_cup_2018,64,4,16,q21,21,reg_K,quantile_loss,8,11.907354354858398,11.54438109480208,12.280868121862339,-0.9680261611938477,-1.3302516443145045,-0.6070874415746975,False,False,11,75,506,0,5000
monash_kdd_cup_2018,64,4,16,q21,21,reg_K,quantile_loss,9,11.191251754760742,10.835700649628123,11.532243728388528,-0.2519235610961914,-0.4967306121095115,-0.015239078145097434,False,False,11,75,506,0,5000
monash_kdd_cup_2018,64,4,16,q21,21,reg_K,quantile_loss,10,11.227838516235352,10.852796518461469,11.574587085531704,-0.2885103225708008,-0.4501589962212224,-0.12625861823224696,False,False,11,75,506,0,5000
monash_kdd_cup_2018,64,4,16,q21,21,reg_K,quantile_loss,11,10.93932819366455,10.495963093438878,11.366208903722747,0.0,0.0,0.0,False,True,11,75,506,0,5000
monash_kdd_cup_2018,64,4,16,q21,21,reg_K,mase_context,0,0.9614076904289909,0.9153997675412533,1.0087009513058869,0.08635720248017209,0.0547082114832782,0.1169351708689599,True,False,11,75,506,0,5000
monash_kdd_cup_2018,64,4,16,q21,21,reg_K,mase_context,1,0.9788147013493804,0.9362938118188546,1.025387568717489,0.06895019155978255,0.02933816032183692,0.10556281962906892,True,False,11,75,506,0,5000
monash_kdd_cup_2018,64,4,16,q21,21,reg_K,mase_context,2,0.9999072773181196,0.9523991765011411,1.0499973330358638,0.0478576155910434,0.0075042259337293644,0.08608809417968433,True,False,11,75,506,0,5000
monash_kdd_cup_2018,64,4,16,q21,21,reg_K,mase_context,3,1.0129061367734078,0.9675977509339803,1.0583186140435037,0.034858756135755176,-0.005680664594314414,0.07298662555735039,False,False,11,75,506,0,5000
monash_kdd_cup_2018,64,4,16,q21,21,reg_K,mase_context,4,1.0216772147122506,0.9797239215298394,1.0633817906531426,0.02608767819691238,-0.01618055515213527,0.06623737217942656,False,False,11,75,506,0,5000
monash_kdd_cup_2018,64,4,16,q21,21,reg_K,mase_context,5,1.0490745203084781,1.005362923597463,1.095204678306843,-0.001309627399315172,-0.048651054238164626,0.04281843766710092,False,False,11,75,506,0,5000
monash_kdd_cup_2018,64,4,16,q21,21,reg_K,mase_context,6,1.0573254901993525,1.0127023436035494,1.1039119517513012,-0.009560597290189543,-0.05253165362835319,0.03202659873678816,False,False,11,75,506,0,5000
monash_kdd_cup_2018,64,4,16,q21,21,reg_K,mase_context,7,1.0580278359425273,1.012382215764887,1.105552972107441,-0.01026294303336428,-0.050687930826527165,0.028882836595965515,False,False,11,75,506,0,5000
monash_kdd_cup_2018,64,4,16,q21,21,reg_K,mase_context,8,1.1172840452443709,1.074677135123106,1.1594883339434143,-0.06951915233520789,-0.10423874382694887,-0.03493317144584305,False,False,11,75,506,0,5000
monash_kdd_cup_2018,64,4,16,q21,21,reg_K,mase_context,9,1.0443383621671778,0.9955053621446065,1.09127255622194,0.0034265307419851787,-0.02144472604216797,0.0278683779586628,False,False,11,75,506,0,5000
monash_kdd_cup_2018,64,4,16,q21,21,reg_K,mase_context,10,1.0551983950986088,1.003495143537166,1.1067303223307339,-0.007433502189445829,-0.024461984975305932,0.010352091872459035,False,False,11,75,506,0,5000
monash_kdd_cup_2018,64,4,16,q21,21,reg_K,mase_context,11,1.047764892909163,0.9885743319569084,1.1052081585392806,0.0,0.0,0.0,False,True,11,75,506,0,5000
monash_kdd_cup_2018,64,4,16,q21,21,fslot_K,quantile_loss,0,9.2166748046875,8.881344601928598,9.603898792817333,-0.5024614334106445,-0.9361404548973625,-0.12843580907983523,False,False,11,75,506,0,5000
monash_kdd_cup_2018,64,4,16,q21,21,fslot_K,quantile_loss,1,9.069822311401367,8.781436196495125,9.39271661883216,-0.3556089401245117,-0.754782757428674,-0.009633934985871985,False,False,11,75,506,0,5000
monash_kdd_cup_2018,64,4,16,q21,21,fslot_K,quantile_loss,2,9.422707557678223,9.126451866374927,9.750367543278912,-0.7084941864013672,-1.118151747212601,-0.33745235147627073,False,False,11,75,506,0,5000
monash_kdd_cup_2018,64,4,16,q21,21,fslot_K,quantile_loss,3,9.799382209777832,9.510776287078274,10.107508659432666,-1.0851688385009766,-1.4690006744169133,-0.7404049326539545,False,False,11,75,506,0,5000
monash_kdd_cup_2018,64,4,16,q21,21,fslot_K,quantile_loss,4,9.9766263961792,9.64060564015195,10.316200559521475,-1.2624130249023438,-1.612153084887726,-0.943609483909586,False,False,11,75,506,0,5000
monash_kdd_cup_2018,64,4,16,q21,21,fslot_K,quantile_loss,5,10.420308113098145,10.12062056852745,10.73603342077104,-1.706094741821289,-2.1119090376640424,-1.354519922852042,False,False,11,75,506,0,5000
monash_kdd_cup_2018,64,4,16,q21,21,fslot_K,quantile_loss,6,10.000572204589844,9.662076068819086,10.353340833078967,-1.2863588333129883,-1.641104186153525,-0.9747321274840849,False,False,11,75,506,0,5000
monash_kdd_cup_2018,64,4,16,q21,21,fslot_K,quantile_loss,7,9.85214900970459,9.558066300842055,10.145275713429434,-1.1379356384277344,-1.4793222706592308,-0.8246595579889728,False,False,11,75,506,0,5000
monash_kdd_cup_2018,64,4,16,q21,21,fslot_K,quantile_loss,8,9.299725532531738,8.849021093372508,9.705730320109438,-0.5855121612548828,-0.7899265772308813,-0.3887358505629793,False,False,11,75,506,0,5000
monash_kdd_cup_2018,64,4,16,q21,21,fslot_K,quantile_loss,9,8.93332576751709,8.52025764733329,9.315540228489231,-0.21911239624023438,-0.34889129004981795,-0.09798366823585872,False,False,11,75,506,0,5000
monash_kdd_cup_2018,64,4,16,q21,21,fslot_K,quantile_loss,10,8.808403015136719,8.354558892535017,9.225431938251402,-0.09418964385986328,-0.1593674937149551,-0.036567298347518394,False,False,11,75,506,0,5000
monash_kdd_cup_2018,64,4,16,q21,21,fslot_K,quantile_loss,11,8.714213371276855,8.24313333931719,9.133985674581314,0.0,0.0,0.0,False,True,11,75,506,0,5000
monash_kdd_cup_2018,64,4,16,q21,21,fslot_K,mase_context,0,0.9240089210075968,0.8814657483050374,0.9693938990471791,-0.06392628998749428,-0.10439550178516784,-0.02917305704418721,False,False,11,75,506,0,5000
monash_kdd_cup_2018,64,4,16,q21,21,fslot_K,mase_context,1,0.9121481033492929,0.8696267765209299,0.956677502020933,-0.05206547232919034,-0.08920438598952073,-0.019808892380953864,False,False,11,75,506,0,5000
monash_kdd_cup_2018,64,4,16,q21,21,fslot_K,mase_context,2,0.9416520195009747,0.9011952030161096,0.9828678483701303,-0.08156938848087214,-0.11795270492649206,-0.048098146943592705,False,False,11,75,506,0,5000
monash_kdd_cup_2018,64,4,16,q21,21,fslot_K,mase_context,3,0.9641217228845466,0.9216149067109319,1.0076535268741893,-0.10403909186444404,-0.13737709548546387,-0.07338083539184108,False,False,11,75,506,0,5000
monash_kdd_cup_2018,64,4,16,q21,21,fslot_K,mase_context,4,0.9722319867313137,0.9271331119783227,1.0171909940612405,-0.11214935571121121,-0.14248769804904993,-0.08450201281530026,False,False,11,75,506,0,5000
monash_kdd_cup_2018,64,4,16,q21,21,fslot_K,mase_context,5,0.9977324933106791,0.9560178789076416,1.03775306511663,-0.13764986229057663,-0.17341120369986698,-0.10629944827827718,False,False,11,75,506,0,5000
monash_kdd_cup_2018,64,4,16,q21,21,fslot_K,mase_context,6,0.9528207388966937,0.9079393019753172,0.9964696950801349,-0.0927381078765912,-0.12204940464369989,-0.06730677647477883,False,False,11,75,506,0,5000
monash_kdd_cup_2018,64,4,16,q21,21,fslot_K,mase_context,7,0.9550555662656529,0.913018240026351,0.995309848780903,-0.0949729352455504,-0.1263452758186712,-0.06658680927187556,False,False,11,75,506,0,5000
monash_kdd_cup_2018,64,4,16,q21,21,fslot_K,mase_context,8,0.8952052348794922,0.8466201695131084,0.9416979337097708,-0.0351226038593897,-0.05475271635641447,-0.01679394066319362,False,False,11,75,506,0,5000
monash_kdd_cup_2018,64,4,16,q21,21,fslot_K,mase_context,9,0.8774807467022683,0.8319910172150534,0.9215048645575725,-0.01739811568216576,-0.03484377424464601,-0.0025895635835553607,False,False,11,75,506,0,5000
monash_kdd_cup_2018,64,4,16,q21,21,fslot_K,mase_context,10,0.8632063825105394,0.814084668899758,0.9084386740740303,-0.0031237514904368657,-0.01287035187368063,0.005228477718820372,False,False,11,75,506,0,5000
monash_kdd_cup_2018,64,4,16,q21,21,fslot_K,mase_context,11,0.8600826310201025,0.8049680036046083,0.9097818743337276,0.0,0.0,0.0,False,True,11,75,506,0,5000
monash_kdd_cup_2018,64,4,16,q21,21,native,mase_context,,0.8282584781046308,0.7720346593571464,0.8779713097087343,,,,,,,75,506,0,5000
monash_pedestrian_counts,64,4,16,q21,21,content,quantile_loss,0,5.14989709854126,4.824134116657082,5.4768947257083935,-0.30531835556030273,-0.3863684035741531,-0.21925010355053018,False,False,4,59,1500,0,5000
monash_pedestrian_counts,64,4,16,q21,21,content,quantile_loss,1,4.863847732543945,4.552251376306302,5.175951473547864,-0.01926898956298828,-0.09131421759379628,0.05416557313824936,False,False,4,59,1500,0,5000
monash_pedestrian_counts,64,4,16,q21,21,content,quantile_loss,2,4.6861748695373535,4.374439918867193,5.002104255613138,0.15840387344360352,0.08416094499731167,0.23202210939970078,True,False,4,59,1500,0,5000
monash_pedestrian_counts,64,4,16,q21,21,content,quantile_loss,3,4.684844493865967,4.379994729832758,4.98788503834373,0.15973424911499023,0.09715898289764531,0.22685764315001752,True,False,4,59,1500,0,5000
monash_pedestrian_counts,64,4,16,q21,21,content,quantile_loss,4,4.6617302894592285,4.3622059297803615,4.958834192332622,0.18284845352172852,0.12108968656179517,0.24513837552118126,True,True,4,59,1500,0,5000
monash_pedestrian_counts,64,4,16,q21,21,content,quantile_loss,5,4.692099094390869,4.398495156418471,4.9825769221935685,0.1524796485900879,0.07888715154907475,0.2253988890376248,True,False,4,59,1500,0,5000
monash_pedestrian_counts,64,4,16,q21,21,content,quantile_loss,6,4.7840046882629395,4.4812475801477785,5.0864027169903006,0.06057405471801758,-0.009895435255292127,0.12775217207180625,False,False,4,59,1500,0,5000
monash_pedestrian_counts,64,4,16,q21,21,content,quantile_loss,7,4.902000427246094,4.598806907278063,5.2030478214487585,-0.05742168426513672,-0.14100339575092127,0.025527682985610867,False,False,4,59,1500,0,5000
monash_pedestrian_counts,64,4,16,q21,21,content,quantile_loss,8,4.969429016113281,4.663582231908861,5.273730772102832,-0.12485027313232422,-0.2066505240562714,-0.04146640783284823,False,False,4,59,1500,0,5000
monash_pedestrian_counts,64,4,16,q21,21,content,quantile_loss,9,4.900767803192139,4.61063090886301,5.203379511211831,-0.05618906021118164,-0.13328189559297945,0.022916923864884312,False,False,4,59,1500,0,5000
monash_pedestrian_counts,64,4,16,q21,21,content,quantile_loss,10,4.84882926940918,4.541596470160248,5.165533719460887,-0.004250526428222656,-0.07774797358614809,0.07051638360385054,False,False,4,59,1500,0,5000
monash_pedestrian_counts,64,4,16,q21,21,content,quantile_loss,11,4.844578742980957,4.551338241153332,5.136999561035202,0.0,0.0,0.0,False,False,4,59,1500,0,5000
monash_pedestrian_counts,64,4,16,q21,21,content,mase_context,0,1.4797315563017945,1.4145746718794259,1.5469017912533374,-0.06648325854904913,-0.09181726110167976,-0.03961941305429307,False,False,4,59,1500,0,5000
monash_pedestrian_counts,64,4,16,q21,21,content,mase_context,1,1.4001525171161402,1.3432518788145362,1.4578904443493546,0.013095780636605214,-0.013007543470735827,0.039150409110283335,False,False,4,59,1500,0,5000
monash_pedestrian_counts,64,4,16,q21,21,content,mase_context,2,1.342351995327422,1.2873634446524165,1.3967807432996242,0.0708963024253233,0.045621502620547934,0.097210551079498,True,False,4,59,1500,0,5000
monash_pedestrian_counts,64,4,16,q21,21,content,mase_context,3,1.3439142806061621,1.2892443280069914,1.4005503817752052,0.06933401714658327,0.04622636175731645,0.0927940881741253,True,False,4,59,1500,0,5000
monash_pedestrian_counts,64,4,16,q21,21,content,mase_context,4,1.349940913652221,1.2956422280236,1.4053015838913991,0.0633073841005245,0.0407914379892769,0.08660065893960987,True,True,4,59,1500,0,5000
monash_pedestrian_counts,64,4,16,q21,21,content,mase_context,5,1.3585115176274167,1.3067750810797538,1.4099540954627916,0.05473678012532868,0.029467103026099485,0.07973284359934636,True,False,4,59,1500,0,5000
monash_pedestrian_counts,64,4,16,q21,21,content,mase_context,6,1.3806229757386257,1.3282434121762785,1.434411018569448,0.03262532201411972,0.009959003989298432,0.05466847169985598,True,False,4,59,1500,0,5000
monash_pedestrian_counts,64,4,16,q21,21,content,mase_context,7,1.4219744868945976,1.3598593196887765,1.4869223442660204,-0.008726189141852192,-0.035319471938630394,0.017218379844014853,False,False,4,59,1500,0,5000
monash_pedestrian_counts,64,4,16,q21,21,content,mase_context,8,1.4396603226683664,1.3788307751089148,1.501740651544054,-0.026412024915621002,-0.050477599099414065,-0.002468317764437518,False,False,4,59,1500,0,5000
monash_pedestrian_counts,64,4,16,q21,21,content,mase_context,9,1.4342259912000113,1.3665241712061593,1.5066633969171621,-0.020977693447265855,-0.047802409627505496,0.0036352547722282354,False,False,4,59,1500,0,5000
monash_pedestrian_counts,64,4,16,q21,21,content,mase_context,10,1.4089090116047027,1.3468769325675418,1.4744497279707043,0.004339286148042687,-0.019047066517181705,0.028094609171400324,False,False,4,59,1500,0,5000
monash_pedestrian_counts,64,4,16,q21,21,content,mase_context,11,1.4132482977527454,1.3544977540273144,1.4748037437630748,0.0,0.0,0.0,False,False,4,59,1500,0,5000
monash_pedestrian_counts,64,4,16,q21,21,reg,quantile_loss,0,4.97955846786499,4.664839469866845,5.289678432319976,-0.43218469619750977,-0.5111817996438002,-0.3556364883810272,False,False,4,59,1500,0,5000
monash_pedestrian_counts,64,4,16,q21,21,reg,quantile_loss,1,4.785175323486328,4.473727817032627,5.097710464302879,-0.23780155181884766,-0.30387162534976503,-0.1727922742550671,False,False,4,59,1500,0,5000
monash_pedestrian_counts,64,4,16,q21,21,reg,quantile_loss,2,4.463987827301025,4.165535153934342,4.759678189137929,0.08338594436645508,0.01949727333965905,0.1479862597760831,True,False,4,59,1500,0,5000
monash_pedestrian_counts,64,4,16,q21,21,reg,quantile_loss,3,4.28204870223999,3.990078451976878,4.574088329662135,0.26532506942749023,0.2103357563657805,0.3231500074489741,True,False,4,59,1500,0,5000
monash_pedestrian_counts,64,4,16,q21,21,reg,quantile_loss,4,4.1781229972839355,3.886223324792432,4.474435552592645,0.3692507743835449,0.3167654833261043,0.42388109070548435,True,True,4,59,1500,0,5000
monash_pedestrian_counts,64,4,16,q21,21,reg,quantile_loss,5,4.180368900299072,3.892586809239975,4.473959083809202,0.3670048713684082,0.3110603345340283,0.42558056868964406,True,False,4,59,1500,0,5000
monash_pedestrian_counts,64,4,16,q21,21,reg,quantile_loss,6,4.227754592895508,3.9430968921806144,4.518933657691151,0.31961917877197266,0.26576735190062734,0.37661135776904436,True,False,4,59,1500,0,5000
monash_pedestrian_counts,64,4,16,q21,21,reg,quantile_loss,7,4.289876461029053,4.001921946630908,4.585115873647291,0.25749731063842773,0.20251576821151102,0.3171575716044184,True,False,4,59,1500,0,5000
monash_pedestrian_counts,64,4,16,q21,21,reg,quantile_loss,8,4.328556060791016,4.042553615931473,4.622153866307213,0.21881771087646484,0.1606294282971387,0.2808498481241871,True,False,4,59,1500,0,5000
monash_pedestrian_counts,64,4,16,q21,21,reg,quantile_loss,9,4.374226093292236,4.087036268977745,4.670028899975056,0.17314767837524414,0.11741982984483859,0.22978637553723588,True,False,4,59,1500,0,5000
monash_pedestrian_counts,64,4,16,q21,21,reg,quantile_loss,10,4.462972640991211,4.167775574877378,4.758858582985281,0.08440113067626953,0.03792912150715537,0.13030493787325426,True,False,4,59,1500,0,5000
monash_pedestrian_counts,64,4,16,q21,21,reg,quantile_loss,11,4.5473737716674805,4.248533173183219,4.84707923382759,0.0,0.0,0.0,False,False,4,59,1500,0,5000
monash_pedestrian_counts,64,4,16,q21,21,reg,mase_context,0,1.4169862560506579,1.3570637641327439,1.4742889350933734,-0.10454715750580434,-0.12862549520965635,-0.07970104919195123,False,False,4,59,1500,0,5000
monash_pedestrian_counts,64,4,16,q21,21,reg,mase_context,1,1.3626294894950954,1.3075776681455549,1.4172388217830314,-0.050190390950241914,-0.06976240430384431,-0.029273812711041024,False,False,4,59,1500,0,5000
monash_pedestrian_counts,64,4,16,q21,21,reg,mase_context,2,1.2797182755466305,1.2313410010936021,1.3275908678542077,0.03272082299822299,0.010580478012165679,0.0557855946447022,True,False,4,59,1500,0,5000
monash_pedestrian_counts,64,4,16,q21,21,reg,mase_context,3,1.2328057129963994,1.1860316969203488,1.279122615519633,0.07963338554845412,0.05968443267927221,0.10183921149289814,True,False,4,59,1500,0,5000
monash_pedestrian_counts,64,4,16,q21,21,reg,mase_context,4,1.197018932761037,1.15018690747059,1.2457267243987789,0.11542016578381653,0.09559998680702,0.1351430958012346,True,True,4,59,1500,0,5000
monash_pedestrian_counts,64,4,16,q21,21,reg,mase_context,5,1.2013289166261047,1.1557691923973896,1.2485976529093699,0.11111018191874877,0.09185702060599006,0.13007872799747225,True,False,4,59,1500,0,5000
monash_pedestrian_counts,64,4,16,q21,21,reg,mase_context,6,1.216190908781593,1.1688119810967783,1.2654065799709449,0.09624818976326055,0.07912734690195501,0.11340197729912488,True,False,4,59,1500,0,5000
monash_pedestrian_counts,64,4,16,q21,21,reg,mase_context,7,1.238080706572312,1.1886862174304709,1.289232885225484,0.07435839197254146,0.058356417508047286,0.09228337100015839,True,False,4,59,1500,0,5000
monash_pedestrian_counts,64,4,16,q21,21,reg,mase_context,8,1.2497828487187328,1.1952214166180832,1.30710067865555,0.06265624982612072,0.04739689351176722,0.07959809261276292,True,False,4,59,1500,0,5000
monash_pedestrian_counts,64,4,16,q21,21,reg,mase_context,9,1.2650783147214275,1.2114684082621303,1.3230728098330822,0.04736078382342601,0.031244703206389772,0.0635145553613602,True,False,4,59,1500,0,5000
monash_pedestrian_counts,64,4,16,q21,21,reg,mase_context,10,1.2896729630803756,1.2366010987365275,1.3463714981552508,0.02276613546447792,0.007076251494810715,0.03746723457298344,True,False,4,59,1500,0,5000
monash_pedestrian_counts,64,4,16,q21,21,reg,mase_context,11,1.3124390985448535,1.255897067419122,1.3705041934864222,0.0,0.0,0.0,False,False,4,59,1500,0,5000
monash_pedestrian_counts,64,4,16,q21,21,content_K,quantile_loss,0,5.158333778381348,4.830708504851187,5.488581489177029,-0.027842998504638672,-0.12007219448202397,0.07161078100845049,False,False,3,59,1500,0,5000
monash_pedestrian_counts,64,4,16,q21,21,content_K,quantile_loss,1,4.884556293487549,4.5710318091606945,5.1961443627899175,0.24593448638916016,0.16581316014919537,0.33006137346468545,True,False,3,59,1500,0,5000
monash_pedestrian_counts,64,4,16,q21,21,content_K,quantile_loss,2,4.714449882507324,4.414632031201779,5.021422903459949,0.41604089736938477,0.33330192753118565,0.5044730518576297,True,False,3,59,1500,0,5000
monash_pedestrian_counts,64,4,16,q21,21,content_K,quantile_loss,3,4.732827186584473,4.428917751108765,5.034377505333812,0.39766359329223633,0.32199777145936936,0.4839329281937672,True,True,3,59,1500,0,5000
monash_pedestrian_counts,64,4,16,q21,21,content_K,quantile_loss,4,4.773396015167236,4.4723034521455185,5.068601074128504,0.35709476470947266,0.2807153436867889,0.43666442343090667,True,False,3,59,1500,0,5000
monash_pedestrian_counts,64,4,16,q21,21,content_K,quantile_loss,5,4.814091682434082,4.521256361708125,5.100496526488889,0.31639909744262695,0.2310541947960197,0.4046704118913687,True,False,3,59,1500,0,5000
monash_pedestrian_counts,64,4,16,q21,21,content_K,quantile_loss,6,4.92434549331665,4.6246158990041515,5.22533867394144,0.2061452865600586,0.11549205754518446,0.29666860185920335,True,False,3,59,1500,0,5000
monash_pedestrian_counts,64,4,16,q21,21,content_K,quantile_loss,7,5.043370246887207,4.737681046518452,5.35134865999726,0.08712053298950195,-0.0028930654424076372,0.17662269885358953,False,False,3,59,1500,0,5000
monash_pedestrian_counts,64,4,16,q21,21,content_K,quantile_loss,8,5.132172584533691,4.826281825842038,5.4443223443035995,-0.0016818046569824219,-0.10405629448007245,0.09963689414125894,False,False,3,59,1500,0,5000
monash_pedestrian_counts,64,4,16,q21,21,content_K,quantile_loss,9,5.094007968902588,4.799440084772294,5.3993487191521,0.036482810974121094,-0.05348108190170782,0.13142217212440369,False,False,3,59,1500,0,5000
monash_pedestrian_counts,64,4,16,q21,21,content_K,quantile_loss,10,5.167181015014648,4.8541429111243,5.491153607901515,-0.03669023513793945,-0.11859201888698445,0.04325178036191915,False,False,3,59,1500,0,5000
monash_pedestrian_counts,64,4,16,q21,21,content_K,quantile_loss,11,5.130490779876709,4.825905805145457,5.431230802551989,0.0,0.0,0.0,False,False,3,59,1500,0,5000
monash_pedestrian_counts,64,4,16,q21,21,content_K,mase_context,0,1.4810912638367466,1.4142917380149813,1.5511529614837365,0.01827532791796882,-0.010742267717059788,0.04868210072376681,False,False,3,59,1500,0,5000
monash_pedestrian_counts,64,4,16,q21,21,content_K,mase_context,1,1.4116991672234378,1.3542603170615197,1.470045036445941,0.08766742453127763,0.05804511182662665,0.11803622600420612,True,False,3,59,1500,0,5000
monash_pedestrian_counts,64,4,16,q21,21,content_K,mase_context,2,1.3475159789508948,1.293385000109612,1.4009883054573442,0.15185061280382062,0.12070894290078062,0.185013981801144,True,False,3,59,1500,0,5000
monash_pedestrian_counts,64,4,16,q21,21,content_K,mase_context,3,1.363873319804215,1.308092133576326,1.4203990068790928,0.13549327195050043,0.109479781974299,0.16352081165527918,True,True,3,59,1500,0,5000
monash_pedestrian_counts,64,4,16,q21,21,content_K,mase_context,4,1.3813636854630504,1.3250435459686727,1.4384248076430364,0.11800290629166499,0.0886800002959227,0.14789873119544475,True,False,3,59,1500,0,5000
monash_pedestrian_counts,64,4,16,q21,21,content_K,mase_context,5,1.4021693373790631,1.346203293299819,1.4572086723948623,0.0971972543756523,0.06933320875371654,0.1255749345882891,True,False,3,59,1500,0,5000
monash_pedestrian_counts,64,4,16,q21,21,content_K,mase_context,6,1.4306855467547774,1.3729260596333768,1.4885475987894718,0.06868104499993799,0.041568520228667416,0.09639882539182844,True,False,3,59,1500,0,5000
monash_pedestrian_counts,64,4,16,q21,21,content_K,mase_context,7,1.4668097751878704,1.402360833642847,1.5358321308808078,0.03255681656684506,0.004312416871434121,0.06114973280356166,True,False,3,59,1500,0,5000
monash_pedestrian_counts,64,4,16,q21,21,content_K,mase_context,8,1.4967347729424383,1.4334390331832185,1.5613867352928734,0.0026318188122771424,-0.026482575461467497,0.03153675513558714,False,False,3,59,1500,0,5000
monash_pedestrian_counts,64,4,16,q21,21,content_K,mase_context,9,1.4874389127907701,1.4194524795433725,1.5589173523982562,0.01192767896394531,-0.015944796503861082,0.040669636960923905,False,False,3,59,1500,0,5000
monash_pedestrian_counts,64,4,16,q21,21,content_K,mase_context,10,1.5201654878003623,1.451438883603359,1.5906297655368717,-0.020798896045646886,-0.04312667238436952,0.0023781800597597563,False,False,3,59,1500,0,5000
monash_pedestrian_counts,64,4,16,q21,21,content_K,mase_context,11,1.4993665917547154,1.4349396334845017,1.5641124808548592,0.0,0.0,0.0,False,False,3,59,1500,0,5000
monash_pedestrian_counts,64,4,16,q21,21,reg_K,quantile_loss,0,4.991603374481201,4.670750867427201,5.306028775903272,-0.38700437545776367,-0.4767602454294268,-0.3007984430760017,False,False,5,59,1500,0,5000
monash_pedestrian_counts,64,4,16,q21,21,reg_K,quantile_loss,1,4.782219886779785,4.471995314869332,5.090834764704519,-0.17762088775634766,-0.2513195392573926,-0.10625317904498613,False,False,5,59,1500,0,5000
monash_pedestrian_counts,64,4,16,q21,21,reg_K,quantile_loss,2,4.4493727684021,4.155275170890703,4.7389224765945555,0.1552262306213379,0.092757526830281,0.21738930923594982,True,False,5,59,1500,0,5000
monash_pedestrian_counts,64,4,16,q21,21,reg_K,quantile_loss,3,4.342525482177734,4.049735715258634,4.635702192944283,0.2620735168457031,0.21915203617909382,0.3044539314065746,True,False,5,59,1500,0,5000
monash_pedestrian_counts,64,4,16,q21,21,reg_K,quantile_loss,4,4.261548042297363,3.977210155610607,4.5490110839501705,0.3430509567260742,0.29699413940677244,0.38811814285689794,True,False,5,59,1500,0,5000
monash_pedestrian_counts,64,4,16,q21,21,reg_K,quantile_loss,5,4.1886887550354,3.90389001914573,4.479968373681881,0.4159102439880371,0.3726121666041359,0.45955729104472715,True,True,5,59,1500,0,5000
monash_pedestrian_counts,64,4,16,q21,21,reg_K,quantile_loss,6,4.233343124389648,3.94789550542903,4.527221529496399,0.37125587463378906,0.32363794632680865,0.41855692407804523,True,False,5,59,1500,0,5000
monash_pedestrian_counts,64,4,16,q21,21,reg_K,quantile_loss,7,4.260040760040283,3.9787010638577094,4.549178346051786,0.3445582389831543,0.2946428962094396,0.3926781523711902,True,False,5,59,1500,0,5000
monash_pedestrian_counts,64,4,16,q21,21,reg_K,quantile_loss,8,4.3195085525512695,4.04116958402435,4.602754913918719,0.28509044647216797,0.23874925499002145,0.3315108341736682,True,False,5,59,1500,0,5000
monash_pedestrian_counts,64,4,16,q21,21,reg_K,quantile_loss,9,4.396169662475586,4.118460423620952,4.680806142050605,0.20842933654785156,0.1606014992966308,0.25351327469891877,True,False,5,59,1500,0,5000
monash_pedestrian_counts,64,4,16,q21,21,reg_K,quantile_loss,10,4.47121524810791,4.182050491916276,4.767391839667146,0.13338375091552734,0.09391719468539264,0.16790910529589437,True,False,5,59,1500,0,5000
monash_pedestrian_counts,64,4,16,q21,21,reg_K,quantile_loss,11,4.6045989990234375,4.317246676997884,4.895772395966151,0.0,0.0,0.0,False,False,5,59,1500,0,5000
monash_pedestrian_counts,64,4,16,q21,21,reg_K,mase_context,0,1.4231417615255286,1.3627690663226864,1.481609790890005,-0.09008580971581615,-0.11534333753286315,-0.06439173172897125,False,False,5,59,1500,0,5000
monash_pedestrian_counts,64,4,16,q21,21,reg_K,mase_context,1,1.3691319473508308,1.3142804180094114,1.422672239689925,-0.03607599554111829,-0.05948758491616653,-0.012054331656576163,False,False,5,59,1500,0,5000
monash_pedestrian_counts,64,4,16,q21,21,reg_K,mase_context,2,1.2819144758839,1.233307157060268,1.3304386563811184,0.05114147592581242,0.0289398819850027,0.07383011883091263,True,False,5,59,1500,0,5000
monash_pedestrian_counts,64,4,16,q21,21,reg_K,mase_context,3,1.2393688687807582,1.192277324078133,1.2858679100526744,0.09368708302895423,0.07459651328912156,0.11254179803846315,True,False,5,59,1500,0,5000
monash_pedestrian_counts,64,4,16,q21,21,reg_K,mase_context,4,1.2279781033449635,1.1794793174092881,1.2757027735906272,0.10507784846474899,0.08655476469184789,0.1228581845624711,True,False,5,59,1500,0,5000
monash_pedestrian_counts,64,4,16,q21,21,reg_K,mase_context,5,1.2065408258057801,1.161644986581233,1.252134786932542,0.12651512600393233,0.10758875390243168,0.1439419015956659,True,True,5,59,1500,0,5000
monash_pedestrian_counts,64,4,16,q21,21,reg_K,mase_context,6,1.2234791173533885,1.1781102896292994,1.2696971548496911,0.10957683445632393,0.09155769739685578,0.12678407198885042,True,False,5,59,1500,0,5000
monash_pedestrian_counts,64,4,16,q21,21,reg_K,mase_context,7,1.2344473869725705,1.1859329216687222,1.284290148397622,0.09860856483714198,0.08206669664581631,0.11420270975725076,True,False,5,59,1500,0,5000
monash_pedestrian_counts,64,4,16,q21,21,reg_K,mase_context,8,1.2563281776671797,1.2038418117122387,1.3090773554574495,0.07672777414253273,0.06254405479204672,0.09074816602022513,True,False,5,59,1500,0,5000
monash_pedestrian_counts,64,4,16,q21,21,reg_K,mase_context,9,1.2806686928952062,1.2286371762828328,1.3359497855426228,0.05238725891450624,0.03841660135663636,0.06604365936576255,True,False,5,59,1500,0,5000
monash_pedestrian_counts,64,4,16,q21,21,reg_K,mase_context,10,1.2936137429074615,1.2422351115939252,1.3472600765905183,0.03944220890225103,0.02798788343380032,0.05029388797446751,True,False,5,59,1500,0,5000
monash_pedestrian_counts,64,4,16,q21,21,reg_K,mase_context,11,1.3330559518097125,1.2763755507859098,1.389600235472733,0.0,0.0,0.0,False,False,5,59,1500,0,5000
monash_pedestrian_counts,64,4,16,q21,21,fslot_K,quantile_loss,0,6.923749923706055,6.793061113201735,7.069055094379351,-3.8559491634368896,-3.984442470723473,-3.707468705695369,False,False,8,59,1500,0,5000
monash_pedestrian_counts,64,4,16,q21,21,fslot_K,quantile_loss,1,4.7261152267456055,4.438545254510579,5.001805736431638,-1.6583144664764404,-1.9127031330748743,-1.408344151504716,False,False,8,59,1500,0,5000
monash_pedestrian_counts,64,4,16,q21,21,fslot_K,quantile_loss,2,3.535212278366089,3.300961253540731,3.7904754601279755,-0.46741151809692383,-0.5803642604974485,-0.3570017771661284,False,False,8,59,1500,0,5000
monash_pedestrian_counts,64,4,16,q21,21,fslot_K,quantile_loss,3,3.3656299114227295,3.135830423329152,3.6162097184953805,-0.29782915115356445,-0.4047305770503612,-0.19590206337856314,False,False,8,59,1500,0,5000
monash_pedestrian_counts,64,4,16,q21,21,fslot_K,quantile_loss,4,3.2359797954559326,3.0294270131388457,3.466907295457939,-0.16817903518676758,-0.22822952264649862,-0.11136185232044034,False,False,8,59,1500,0,5000
monash_pedestrian_counts,64,4,16,q21,21,fslot_K,quantile_loss,5,3.186685085296631,2.97746676773552,3.423441177823168,-0.11888432502746582,-0.18228870235186548,-0.056790529435750386,False,False,8,59,1500,0,5000
monash_pedestrian_counts,64,4,16,q21,21,fslot_K,quantile_loss,6,3.113588809967041,2.9073658329361343,3.3480376015377367,-0.04578804969787598,-0.10109310692711057,0.007167993224995438,False,False,8,59,1500,0,5000
monash_pedestrian_counts,64,4,16,q21,21,fslot_K,quantile_loss,7,3.055183172225952,2.8476710209358047,3.293545855315201,0.01261758804321289,-0.03826081417168453,0.06270090933265723,False,False,8,59,1500,0,5000
monash_pedestrian_counts,64,4,16,q21,21,fslot_K,quantile_loss,8,3.0267486572265625,2.828868712000093,3.254274523483826,0.04105210304260254,0.006236169826100791,0.07328942030994497,True,True,8,59,1500,0,5000
monash_pedestrian_counts,64,4,16,q21,21,fslot_K,quantile_loss,9,3.0638906955718994,2.8736031212107207,3.2826069656432444,0.003910064697265625,-0.02157358692038197,0.02702449685830168,False,False,8,59,1500,0,5000
monash_pedestrian_counts,64,4,16,q21,21,fslot_K,quantile_loss,10,3.024737596511841,2.83911847607851,3.2376590208566642,0.04306316375732422,0.017829247345683776,0.06706339276333985,True,False,8,59,1500,0,5000
monash_pedestrian_counts,64,4,16,q21,21,fslot_K,quantile_loss,11,3.067800760269165,2.893431604488599,3.2708265052452226,0.0,0.0,0.0,False,False,8,59,1500,0,5000
monash_pedestrian_counts,64,4,16,q21,21,fslot_K,mase_context,0,2.040073815017376,1.8836901948755378,2.2011179259802014,-1.1132977961692085,-1.2111946422676017,-1.0099239727570444,False,False,8,59,1500,0,5000
monash_pedestrian_counts,64,4,16,q21,21,fslot_K,mase_context,1,1.3364668855901511,1.2837084801130791,1.386223122590566,-0.40969086674198396,-0.49958439182310604,-0.3225617464474681,False,False,8,59,1500,0,5000
monash_pedestrian_counts,64,4,16,q21,21,fslot_K,mase_context,2,0.9781784401138566,0.9415969384044875,1.0136733134388067,-0.05140242126568939,-0.11043606489408163,0.009834975651469683,False,False,8,59,1500,0,5000
monash_pedestrian_counts,64,4,16,q21,21,fslot_K,mase_context,3,0.9539704030739343,0.9137897126597833,0.9932121483446906,-0.027194384225767143,-0.07934749536397802,0.02601123884534331,False,False,8,59,1500,0,5000
monash_pedestrian_counts,64,4,16,q21,21,fslot_K,mase_context,4,0.9263977412108322,0.8752122921010066,0.9786839153792057,0.00037827763733500053,-0.03305928271591184,0.03641943050195347,False,False,8,59,1500,0,5000
monash_pedestrian_counts,64,4,16,q21,21,fslot_K,mase_context,5,0.8936597578113902,0.8485436926045786,0.9378622988715928,0.033116261036777006,-0.008795661270110028,0.07767395934222801,False,False,8,59,1500,0,5000
monash_pedestrian_counts,64,4,16,q21,21,fslot_K,mase_context,6,0.856370863417769,0.8086050054649279,0.9032062047529686,0.07040515543039816,0.030373374114364273,0.1137669821498078,True,False,8,59,1500,0,5000
monash_pedestrian_counts,64,4,16,q21,21,fslot_K,mase_context,7,0.8449756671493847,0.7947573755270313,0.8943871287919045,0.08180035169878253,0.04308307141811036,0.12470170433344072,True,False,8,59,1500,0,5000
monash_pedestrian_counts,64,4,16,q21,21,fslot_K,mase_context,8,0.8329922916341399,0.7755449257675852,0.8914246677829384,0.09378372721402728,0.06452596560054882,0.1256239836511995,True,True,8,59,1500,0,5000
monash_pedestrian_counts,64,4,16,q21,21,fslot_K,mase_context,9,0.8172196157684886,0.7611111566699015,0.8732827498024883,0.10955640307967862,0.07867882460561175,0.1423186951765818,True,False,8,59,1500,0,5000
monash_pedestrian_counts,64,4,16,q21,21,fslot_K,mase_context,10,0.907753119765898,0.830225933797758,0.989671205096723,0.019022899082269173,0.009056921228161008,0.029410062783015875,True,False,8,59,1500,0,5000
monash_pedestrian_counts,64,4,16,q21,21,fslot_K,mase_context,11,0.9267760188481672,0.8511949233650358,1.0060849234920972,0.0,0.0,0.0,False,False,8,59,1500,0,5000
monash_pedestrian_counts,64,4,16,q21,21,native,mase_context,,0.5700722939748525,0.5184040615658411,0.6208585491465739,,,,,,,59,1500,0,5000
uber_tlc_hourly,64,4,16,q21,21,content,quantile_loss,0,8.634416580200195,8.510914049149253,8.755544480299934,0.33884525299072266,0.26163877726103135,0.4174902551010823,True,False,9,260,1500,0,5000
uber_tlc_hourly,64,4,16,q21,21,content,quantile_loss,1,8.472699165344238,8.343623609973829,8.602410069213498,0.5005626678466797,0.42555233366962514,0.5781729721184944,True,False,9,260,1500,0,5000
uber_tlc_hourly,64,4,16,q21,21,content,quantile_loss,2,8.276653289794922,8.150003739805765,8.408574082028174,0.6966085433959961,0.6094803579360124,0.7850767290877952,True,False,9,260,1500,0,5000
uber_tlc_hourly,64,4,16,q21,21,content,quantile_loss,3,8.238536834716797,8.10742787447927,8.370571525743696,0.7347249984741211,0.6443865866677024,0.8262299446481586,True,False,9,260,1500,0,5000
uber_tlc_hourly,64,4,16,q21,21,content,quantile_loss,4,8.244208335876465,8.097153251178948,8.3897847927262,0.7290534973144531,0.6354253097296618,0.8255854610800907,True,False,9,260,1500,0,5000
uber_tlc_hourly,64,4,16,q21,21,content,quantile_loss,5,8.188729286193848,8.046516640779195,8.328113465907352,0.7845325469970703,0.6918460447312285,0.8786526796325422,True,False,9,260,1500,0,5000
uber_tlc_hourly,64,4,16,q21,21,content,quantile_loss,6,8.418193817138672,8.276955779986128,8.55748838315606,0.5550680160522461,0.4689311752750644,0.6418347256844492,True,False,9,260,1500,0,5000
uber_tlc_hourly,64,4,16,q21,21,content,quantile_loss,7,8.389374732971191,8.24824197885987,8.526677985673178,0.5838871002197266,0.5007863146017681,0.6686631580840187,True,False,9,260,1500,0,5000
uber_tlc_hourly,64,4,16,q21,21,content,quantile_loss,8,8.403282165527344,8.264341659545662,8.541992844706746,0.5699796676635742,0.48358122938917614,0.6561263987015049,True,False,9,260,1500,0,5000
uber_tlc_hourly,64,4,16,q21,21,content,quantile_loss,9,8.291558265686035,8.149128489303415,8.428008586936365,0.6817035675048828,0.5991123857038354,0.7668517860411509,True,True,9,260,1500,0,5000
uber_tlc_hourly,64,4,16,q21,21,content,quantile_loss,10,8.52464485168457,8.372957819785137,8.671119227621121,0.44861698150634766,0.3751191493844107,0.5242023550994697,True,False,9,260,1500,0,5000
uber_tlc_hourly,64,4,16,q21,21,content,quantile_loss,11,8.973261833190918,8.835348375415059,9.106847416767568,0.0,0.0,0.0,False,False,9,260,1500,0,5000
uber_tlc_hourly,64,4,16,q21,21,content,mase_context,0,1.1372874016611776,1.0791659423732438,1.2040525234139994,0.04912600088115893,0.0335677434822087,0.06549518475628392,True,False,9,260,1500,0,5000
uber_tlc_hourly,64,4,16,q21,21,content,mase_context,1,1.1053019900286503,1.0536167383705624,1.162535640718036,0.08111141251368625,0.06050412330208839,0.1042028241555016,True,False,9,260,1500,0,5000
uber_tlc_hourly,64,4,16,q21,21,content,mase_context,2,1.0637769481804664,1.0201634225052127,1.1110069575052228,0.1226364543618701,0.09740404371387913,0.15375093624833602,True,False,9,260,1500,0,5000
uber_tlc_hourly,64,4,16,q21,21,content,mase_context,3,1.0511837021967292,1.0098130686470317,1.0969449990627473,0.13522970034560733,0.10919982145661544,0.16646023083588887,True,False,9,260,1500,0,5000
uber_tlc_hourly,64,4,16,q21,21,content,mase_context,4,1.0349745645776587,1.0009870990712821,1.0725437762020977,0.15143883796467783,0.11722437780239035,0.19433228931610275,True,False,9,260,1500,0,5000
uber_tlc_hourly,64,4,16,q21,21,content,mase_context,5,1.020696339931135,0.9856884523614361,1.0586602906109934,0.16571706261120145,0.1325144066498863,0.20760406449807095,True,False,9,260,1500,0,5000
uber_tlc_hourly,64,4,16,q21,21,content,mase_context,6,1.048911172162634,1.0148231951450972,1.0855558040126783,0.13750223037970244,0.1025202785054054,0.18151726268179982,True,False,9,260,1500,0,5000
uber_tlc_hourly,64,4,16,q21,21,content,mase_context,7,1.0418467680352272,1.0070650791481217,1.079955606830246,0.14456663450710927,0.11152746825592262,0.18606510202177398,True,False,9,260,1500,0,5000
uber_tlc_hourly,64,4,16,q21,21,content,mase_context,8,1.0520408109135924,1.0159637890201512,1.0916826501015944,0.13437259162874415,0.10296061809322747,0.17372995578019615,True,False,9,260,1500,0,5000
uber_tlc_hourly,64,4,16,q21,21,content,mase_context,9,1.0483153630401638,1.0096000807591536,1.0924792167754926,0.1380980395021727,0.11070918440436639,0.1725196324843506,True,True,9,260,1500,0,5000
uber_tlc_hourly,64,4,16,q21,21,content,mase_context,10,1.0748509297568283,1.0352799956494685,1.1180772036736852,0.11156247278550824,0.0826844434566252,0.14852641882117765,True,False,9,260,1500,0,5000
uber_tlc_hourly,64,4,16,q21,21,content,mase_context,11,1.1864134025423365,1.1227166131237798,1.2604274473488968,0.0,0.0,0.0,False,False,9,260,1500,0,5000
uber_tlc_hourly,64,4,16,q21,21,reg,quantile_loss,0,8.784571647644043,8.649798673376525,8.921356378116151,-0.3516559600830078,-0.43643239508398496,-0.2702557215986529,False,False,9,260,1500,0,5000
uber_tlc_hourly,64,4,16,q21,21,reg,quantile_loss,1,8.553095817565918,8.42497966235523,8.683700601339185,-0.12018013000488281,-0.18951014175302952,-0.052607795209019335,False,False,9,260,1500,0,5000
uber_tlc_hourly,64,4,16,q21,21,reg,quantile_loss,2,8.186573028564453,8.050862440394301,8.32458456006878,0.24634265899658203,0.18129499837391508,0.30929738320472194,True,False,9,260,1500,0,5000
uber_tlc_hourly,64,4,16,q21,21,reg,quantile_loss,3,8.032061576843262,7.896299547650988,8.169890019576426,0.40085411071777344,0.3372524843892196,0.463772391188323,True,False,9,260,1500,0,5000
uber_tlc_hourly,64,4,16,q21,21,reg,quantile_loss,4,7.939520835876465,7.798027905778164,8.081726712748518,0.4933948516845703,0.4274592043882586,0.5606039774866111,True,False,9,260,1500,0,5000
uber_tlc_hourly,64,4,16,q21,21,reg,quantile_loss,5,7.982272624969482,7.846798338643595,8.117494611344222,0.45064306259155273,0.39072018274436815,0.5124479987089802,True,False,9,260,1500,0,5000
uber_tlc_hourly,64,4,16,q21,21,reg,quantile_loss,6,7.89836311340332,7.763722458382411,8.033697230269738,0.5345525741577148,0.4738775855682967,0.5962541734607657,True,False,9,260,1500,0,5000
uber_tlc_hourly,64,4,16,q21,21,reg,quantile_loss,7,8.007538795471191,7.873892095877113,8.14625056487553,0.42537689208984375,0.36084617748589476,0.49064019649884666,True,False,9,260,1500,0,5000
uber_tlc_hourly,64,4,16,q21,21,reg,quantile_loss,8,8.052565574645996,7.923552160930916,8.183702425795532,0.38035011291503906,0.318000575293238,0.44337318254556796,True,False,9,260,1500,0,5000
uber_tlc_hourly,64,4,16,q21,21,reg,quantile_loss,9,7.999053478240967,7.8653120330049395,8.137204683257904,0.43386220932006836,0.3695758246900419,0.49888776930306944,True,True,9,260,1500,0,5000
uber_tlc_hourly,64,4,16,q21,21,reg,quantile_loss,10,8.16459846496582,8.033753098120943,8.299216243943427,0.26831722259521484,0.22062528771140416,0.31825484080721994,True,False,9,260,1500,0,5000
uber_tlc_hourly,64,4,16,q21,21,reg,quantile_loss,11,8.432915687561035,8.311051527900338,8.552832008845096,0.0,0.0,0.0,False,False,9,260,1500,0,5000
uber_tlc_hourly,64,4,16,q21,21,reg,mase_context,0,1.2100091501013215,1.0953179125824153,1.3615091632156435,-0.05024637720016978,-0.08919520285950112,-0.021285701188275302,False,False,9,260,1500,0,5000
uber_tlc_hourly,64,4,16,q21,21,reg,mase_context,1,1.229234881360079,1.0961004652139048,1.4080600016091458,-0.06947210845892737,-0.13437915349107982,-0.023074979075742796,False,False,9,260,1500,0,5000
uber_tlc_hourly,64,4,16,q21,21,reg,mase_context,2,1.166934711284116,1.0482758117935012,1.3249229691469968,-0.00717193838296426,-0.052482986473953205,0.023825964634207338,False,False,9,260,1500,0,5000
uber_tlc_hourly,64,4,16,q21,21,reg,mase_context,3,1.1078703875102702,1.005078707893783,1.245167901261661,0.05189238539088148,0.025515565762361383,0.07091091205733052,True,False,9,260,1500,0,5000
uber_tlc_hourly,64,4,16,q21,21,reg,mase_context,4,1.0894818277871754,0.9941382482063035,1.215239188686015,0.07028094511397631,0.05499943614945647,0.08443233982887763,True,False,9,260,1500,0,5000
uber_tlc_hourly,64,4,16,q21,21,reg,mase_context,5,1.0706120926944411,0.9914413140618313,1.171974534837627,0.08915068020671058,0.0728429889078943,0.1079408034369593,True,False,9,260,1500,0,5000
uber_tlc_hourly,64,4,16,q21,21,reg,mase_context,6,1.0610595470326702,0.9907849690732373,1.1479799033633662,0.09870322586848146,0.07479147816796168,0.12881829973130557,True,False,9,260,1500,0,5000
uber_tlc_hourly,64,4,16,q21,21,reg,mase_context,7,1.057032535614584,0.9920277525861715,1.136183807250993,0.10273023728656772,0.07329687739446315,0.14123196554115752,True,False,9,260,1500,0,5000
uber_tlc_hourly,64,4,16,q21,21,reg,mase_context,8,1.049214178427001,0.9888121315855978,1.1241807675759616,0.11054859447415066,0.07672114954255682,0.1526853651331715,True,False,9,260,1500,0,5000
uber_tlc_hourly,64,4,16,q21,21,reg,mase_context,9,1.0379330249104464,0.9825501198055463,1.1064796005841737,0.12182974799070534,0.08246474559902589,0.17121943266032627,True,True,9,260,1500,0,5000
uber_tlc_hourly,64,4,16,q21,21,reg,mase_context,10,1.0808835322455206,1.012567881455723,1.1655126101804572,0.07887924065563112,0.05295956326087176,0.11173204571525011,True,False,9,260,1500,0,5000
uber_tlc_hourly,64,4,16,q21,21,reg,mase_context,11,1.1597627729011517,1.0671038766987133,1.275593229274859,0.0,0.0,0.0,False,False,9,260,1500,0,5000
uber_tlc_hourly,64,4,16,q21,21,content_K,quantile_loss,0,8.647480010986328,8.525380058577378,8.766919739667143,0.5042839050292969,0.4102870588344266,0.5994173255694674,True,False,4,260,1500,0,5000
uber_tlc_hourly,64,4,16,q21,21,content_K,quantile_loss,1,8.435343742370605,8.307120115810413,8.563084295509514,0.7164201736450195,0.6238532595958236,0.8138549927285225,True,False,4,260,1500,0,5000
uber_tlc_hourly,64,4,16,q21,21,content_K,quantile_loss,2,8.287410736083984,8.157664723803178,8.420752511218572,0.8643531799316406,0.7606227611315532,0.9694441337159204,True,False,4,260,1500,0,5000
uber_tlc_hourly,64,4,16,q21,21,content_K,quantile_loss,3,8.206317901611328,8.070979507107998,8.342798160728243,0.9454460144042969,0.8359897239294888,1.0563261971819022,True,False,4,260,1500,0,5000
uber_tlc_hourly,64,4,16,q21,21,content_K,quantile_loss,4,8.181722640991211,8.040535336335793,8.322077064749116,0.9700412750244141,0.8593550409110192,1.081220748847127,True,True,4,260,1500,0,5000
uber_tlc_hourly,64,4,16,q21,21,content_K,quantile_loss,5,8.136016845703125,7.992094347801696,8.278572940108436,1.0157470703125,0.9037097238510692,1.1278273284490006,True,False,4,260,1500,0,5000
uber_tlc_hourly,64,4,16,q21,21,content_K,quantile_loss,6,8.376049041748047,8.235002031600914,8.516396458797088,0.7757148742675781,0.6771650337540673,0.8775247761733889,True,False,4,260,1500,0,5000
uber_tlc_hourly,64,4,16,q21,21,content_K,quantile_loss,7,8.407782554626465,8.271196020853926,8.540779663452863,0.7439813613891602,0.6455106170734882,0.8457901931071351,True,False,4,260,1500,0,5000
uber_tlc_hourly,64,4,16,q21,21,content_K,quantile_loss,8,8.529496192932129,8.39053546726118,8.667068240687508,0.6222677230834961,0.5212120781216688,0.7254582683005509,True,False,4,260,1500,0,5000
uber_tlc_hourly,64,4,16,q21,21,content_K,quantile_loss,9,8.4917631149292,8.355230690332903,8.62800360380721,0.6600008010864258,0.5685018791396941,0.7528754152101613,True,False,4,260,1500,0,5000
uber_tlc_hourly,64,4,16,q21,21,content_K,quantile_loss,10,8.749490737915039,8.596659401984653,8.898245974705668,0.40227317810058594,0.32259755245670163,0.48573930821324124,True,False,4,260,1500,0,5000
uber_tlc_hourly,64,4,16,q21,21,content_K,quantile_loss,11,9.151763916015625,8.999963508891858,9.30301942294744,0.0,0.0,0.0,False,False,4,260,1500,0,5000
uber_tlc_hourly,64,4,16,q21,21,content_K,mase_context,0,1.1562873033227372,1.0947761609804443,1.224807822000054,0.06229331992762965,0.04155384812470705,0.08472580265582523,True,False,4,260,1500,0,5000
uber_tlc_hourly,64,4,16,q21,21,content_K,mase_context,1,1.097689604749997,1.0462869385270557,1.1543511299657532,0.12089101850036976,0.09580850335595964,0.1497985385126695,True,False,4,260,1500,0,5000
uber_tlc_hourly,64,4,16,q21,21,content_K,mase_context,2,1.0647496893595612,1.0244511796092415,1.1089851155526673,0.1538309338908057,0.11947494316082685,0.19582552202764056,True,False,4,260,1500,0,5000
uber_tlc_hourly,64,4,16,q21,21,content_K,mase_context,3,1.0289956593604328,0.994465689789131,1.067200206772254,0.18958496388993407,0.15072844192830162,0.23664330599596775,True,False,4,260,1500,0,5000
uber_tlc_hourly,64,4,16,q21,21,content_K,mase_context,4,1.0294278249526938,0.9932298543410064,1.069340920651165,0.18915279829767306,0.1525538292598449,0.23347059042686433,True,True,4,260,1500,0,5000
uber_tlc_hourly,64,4,16,q21,21,content_K,mase_context,5,1.0218244832103447,0.9866082899761418,1.0607199740126614,0.19675614004002218,0.15933830228595047,0.24254612807158327,True,False,4,260,1500,0,5000
uber_tlc_hourly,64,4,16,q21,21,content_K,mase_context,6,1.040693280745326,1.0075361476634832,1.076392120242808,0.1778873425050409,0.13753595491932147,0.2290235817285714,True,False,4,260,1500,0,5000
uber_tlc_hourly,64,4,16,q21,21,content_K,mase_context,7,1.0558688442398985,1.019385289886083,1.095153290594364,0.1627117790104684,0.12521625355648905,0.21041156549961235,True,False,4,260,1500,0,5000
uber_tlc_hourly,64,4,16,q21,21,content_K,mase_context,8,1.0665172619798264,1.030498528752835,1.1048386802795416,0.15206336127054043,0.11396557351538855,0.2008797782583495,True,False,4,260,1500,0,5000
uber_tlc_hourly,64,4,16,q21,21,content_K,mase_context,9,1.068300895608468,1.0301553363098372,1.1106697818831424,0.15027972764189879,0.11602189118835307,0.19372818027130584,True,False,4,260,1500,0,5000
uber_tlc_hourly,64,4,16,q21,21,content_K,mase_context,10,1.1085587514243256,1.0657207255050989,1.156581969343104,0.11002187182604128,0.07939278431072203,0.14768579074034624,True,False,4,260,1500,0,5000
uber_tlc_hourly,64,4,16,q21,21,content_K,mase_context,11,1.2185806232503669,1.1494621558319476,1.299125537621046,0.0,0.0,0.0,False,False,4,260,1500,0,5000
uber_tlc_hourly,64,4,16,q21,21,reg_K,quantile_loss,0,8.732077598571777,8.597361051875014,8.869683080028523,-0.32635021209716797,-0.41385732545140996,-0.2427971409024296,False,False,9,260,1500,0,5000
uber_tlc_hourly,64,4,16,q21,21,reg_K,quantile_loss,1,8.523083686828613,8.389643913618,8.662620055011459,-0.1173563003540039,-0.19450620630118554,-0.04356703061048189,False,False,9,260,1500,0,5000
uber_tlc_hourly,64,4,16,q21,21,reg_K,quantile_loss,2,8.190986633300781,8.054135223444199,8.33001999269148,0.21474075317382812,0.14741248734130163,0.27764037374389106,True,False,9,260,1500,0,5000
uber_tlc_hourly,64,4,16,q21,21,reg_K,quantile_loss,3,8.051319122314453,7.914721715371421,8.19083514058986,0.35440826416015625,0.28756320281484754,0.41677114056804465,True,False,9,260,1500,0,5000
uber_tlc_hourly,64,4,16,q21,21,reg_K,quantile_loss,4,8.018818855285645,7.8775891394481645,8.161134143310043,0.38690853118896484,0.32069645846305883,0.44850135020688103,True,False,9,260,1500,0,5000
uber_tlc_hourly,64,4,16,q21,21,reg_K,quantile_loss,5,7.939178466796875,7.800440710635674,8.075332679209636,0.4665489196777344,0.40738965288061446,0.5230665385431406,True,False,9,260,1500,0,5000
uber_tlc_hourly,64,4,16,q21,21,reg_K,quantile_loss,6,7.9447526931762695,7.813846411515738,8.076015607909786,0.46097469329833984,0.4078631528829419,0.5122650872645392,True,False,9,260,1500,0,5000
uber_tlc_hourly,64,4,16,q21,21,reg_K,quantile_loss,7,8.0117826461792,7.880783225181502,8.141992228467434,0.39394474029541016,0.33929676680059107,0.44787025058988644,True,False,9,260,1500,0,5000
uber_tlc_hourly,64,4,16,q21,21,reg_K,quantile_loss,8,8.049602508544922,7.922242915912903,8.176773000112133,0.3561248779296875,0.2971603558955037,0.4155424708770678,True,False,9,260,1500,0,5000
uber_tlc_hourly,64,4,16,q21,21,reg_K,quantile_loss,9,8.085567474365234,7.952766147025153,8.221380143472434,0.320159912109375,0.26055282004718733,0.38010157621633206,True,True,9,260,1500,0,5000
uber_tlc_hourly,64,4,16,q21,21,reg_K,quantile_loss,10,8.121818542480469,7.990805845553536,8.2538364405266,0.2839088439941406,0.24014203631778605,0.3302627708703805,True,False,9,260,1500,0,5000
uber_tlc_hourly,64,4,16,q21,21,reg_K,quantile_loss,11,8.40572738647461,8.282032214774205,8.529757927281237,0.0,0.0,0.0,False,False,9,260,1500,0,5000
uber_tlc_hourly,64,4,16,q21,21,reg_K,mase_context,0,1.2210223137048994,1.098011794255064,1.387650515517157,-0.07053765826813407,-0.13614700418863424,-0.02614620267574836,False,False,9,260,1500,0,5000
uber_tlc_hourly,64,4,16,q21,21,reg_K,mase_context,1,1.192946652770512,1.0798445951615316,1.3414031425102886,-0.04246199733374656,-0.08956370902674982,-0.00968315695855924,False,False,9,260,1500,0,5000
uber_tlc_hourly,64,4,16,q21,21,reg_K,mase_context,2,1.1483965327493464,1.0329450500836113,1.3021050856093066,0.0020881226874189807,-0.05079117604775021,0.037569912502421476,False,False,9,260,1500,0,5000
uber_tlc_hourly,64,4,16,q21,21,reg_K,mase_context,3,1.1270070663222929,1.01489322775544,1.2770896366086018,0.023477589114472508,-0.02569725272612167,0.05713635510868504,False,False,9,260,1500,0,5000
uber_tlc_hourly,64,4,16,q21,21,reg_K,mase_context,4,1.1230347237331857,1.0169525851234678,1.264334902574391,0.027449931703579677,-0.012799191983285201,0.05468847403659835,False,False,9,260,1500,0,5000
uber_tlc_hourly,64,4,16,q21,21,reg_K,mase_context,5,1.0646050985911382,0.982811021903585,1.1711390593249642,0.0858795568456272,0.07017579008708033,0.1017749836894935,True,False,9,260,1500,0,5000
uber_tlc_hourly,64,4,16,q21,21,reg_K,mase_context,6,1.077127774432384,0.9948842225237954,1.183780818715518,0.07335688100438142,0.058737494470066105,0.08819203216946848,True,False,9,260,1500,0,5000
uber_tlc_hourly,64,4,16,q21,21,reg_K,mase_context,7,1.0705098491231055,0.9997205020307381,1.159480291395518,0.07997480631365983,0.06102621521257937,0.10107739195489734,True,False,9,260,1500,0,5000
uber_tlc_hourly,64,4,16,q21,21,reg_K,mase_context,8,1.070386693790047,1.0035724077275567,1.1536200623398674,0.08009796164671834,0.05766794756373146,0.10565583425220465,True,False,9,260,1500,0,5000
uber_tlc_hourly,64,4,16,q21,21,reg_K,mase_context,9,1.0390580008682408,0.9857565911013151,1.1028499845945643,0.11142665456852452,0.0758659179950567,0.15582122390853476,True,True,9,260,1500,0,5000
uber_tlc_hourly,64,4,16,q21,21,reg_K,mase_context,10,1.0820869517673533,1.0100933081107482,1.1711080995650327,0.06839770366941211,0.05150005586659583,0.08792105972887689,True,False,9,260,1500,0,5000
uber_tlc_hourly,64,4,16,q21,21,reg_K,mase_context,11,1.1504846554367654,1.063613545521641,1.2566419723784656,0.0,0.0,0.0,False,False,9,260,1500,0,5000
uber_tlc_hourly,64,4,16,q21,21,fslot_K,quantile_loss,0,8.3877592086792,8.274948618244935,8.493257689232795,-2.0803418159484863,-2.264428615984567,-1.9009364454063746,False,False,8,260,1500,0,5000
uber_tlc_hourly,64,4,16,q21,21,fslot_K,quantile_loss,1,7.850734233856201,7.712020516917895,7.9849182671171155,-1.5433168411254883,-1.680843433824958,-1.408399980379965,False,False,8,260,1500,0,5000
uber_tlc_hourly,64,4,16,q21,21,fslot_K,quantile_loss,2,6.797418117523193,6.608922267444681,6.980963151006422,-0.49000072479248047,-0.5516861312421526,-0.4286381850882314,False,False,8,260,1500,0,5000
uber_tlc_hourly,64,4,16,q21,21,fslot_K,quantile_loss,3,6.627015113830566,6.423977111277665,6.828547249160551,-0.3195977210998535,-0.3857361433227192,-0.2499751063323372,False,False,8,260,1500,0,5000
uber_tlc_hourly,64,4,16,q21,21,fslot_K,quantile_loss,4,6.428149223327637,6.213018871727751,6.639058553252187,-0.12073183059692383,-0.1868413143213756,-0.04845398221970505,False,False,8,260,1500,0,5000
uber_tlc_hourly,64,4,16,q21,21,fslot_K,quantile_loss,5,6.424420356750488,6.21032360511364,6.6340230070871895,-0.11700296401977539,-0.1873464867793045,-0.03966562754769538,False,False,8,260,1500,0,5000
uber_tlc_hourly,64,4,16,q21,21,fslot_K,quantile_loss,6,6.341914176940918,6.120532092890772,6.558956651211702,-0.03449678421020508,-0.10745883376026313,0.04612985446967722,False,False,8,260,1500,0,5000
uber_tlc_hourly,64,4,16,q21,21,fslot_K,quantile_loss,7,6.340022087097168,6.1180452921631625,6.558927851167667,-0.03260469436645508,-0.1041806872311006,0.0466901238002296,False,False,8,260,1500,0,5000
uber_tlc_hourly,64,4,16,q21,21,fslot_K,quantile_loss,8,6.259005069732666,6.0382778914114725,6.47838496989624,0.048412322998046875,-0.02033545266878895,0.12401273665513804,False,True,8,260,1500,0,5000
uber_tlc_hourly,64,4,16,q21,21,fslot_K,quantile_loss,9,6.276227951049805,6.062107685908848,6.487245407215472,0.031189441680908203,-0.013000638704903644,0.07828954035774656,False,False,8,260,1500,0,5000
uber_tlc_hourly,64,4,16,q21,21,fslot_K,quantile_loss,10,6.344355583190918,6.133129017653648,6.556843249974993,-0.03693819046020508,-0.05856702386780244,-0.015175783592951611,False,False,8,260,1500,0,5000
uber_tlc_hourly,64,4,16,q21,21,fslot_K,quantile_loss,11,6.307417392730713,6.092609506705544,6.519751649140182,0.0,0.0,0.0,False,False,8,260,1500,0,5000
uber_tlc_hourly,64,4,16,q21,21,fslot_K,mase_context,0,1.092742500817054,1.0493174899100295,1.1381670458860487,-0.2686067063650629,-0.3099989149356902,-0.22582279047665435,False,False,8,260,1500,0,5000
uber_tlc_hourly,64,4,16,q21,21,fslot_K,mase_context,1,0.9958027308265001,0.9607881838902168,1.0344207641887901,-0.17166693637450903,-0.20309012405439575,-0.13670765048127578,False,False,8,260,1500,0,5000
uber_tlc_hourly,64,4,16,q21,21,fslot_K,mase_context,2,0.8433095066916376,0.8212435619017027,0.8687833960113296,-0.01917371223964659,-0.04750789707063143,0.017521443026854537,False,False,8,260,1500,0,5000
uber_tlc_hourly,64,4,16,q21,21,fslot_K,mase_context,3,0.8090711188115544,0.7929778517799552,0.8267278168576291,0.015064675640436676,-0.020087240939688878,0.06038692360903361,False,False,8,260,1500,0,5000
uber_tlc_hourly,64,4,16,q21,21,fslot_K,mase_context,4,0.8030190589360068,0.7861094902168346,0.8221100855796782,0.021116735515984253,-0.012066551550023471,0.0645612269272812,False,False,8,260,1500,0,5000
uber_tlc_hourly,64,4,16,q21,21,fslot_K,mase_context,5,0.7851706580033767,0.7714233524925362,0.799371507414585,0.038965136448614324,-0.00028384063742963305,0.09006450838084626,False,False,8,260,1500,0,5000
uber_tlc_hourly,64,4,16,q21,21,fslot_K,mase_context,6,0.7801668591881821,0.7661953262829231,0.7948092338458497,0.04396893526380896,0.00572773868716866,0.0936507927666026,True,False,8,260,1500,0,5000
uber_tlc_hourly,64,4,16,q21,21,fslot_K,mase_context,7,0.773546632047442,0.7604971542061945,0.786934762717436,0.050589162404549026,0.010859276569046143,0.10234888571191227,True,False,8,260,1500,0,5000
uber_tlc_hourly,64,4,16,q21,21,fslot_K,mase_context,8,0.7566859427967402,0.743899647079115,0.7699078412486202,0.06744985165525086,0.027624234225847945,0.11946037837646167,True,True,8,260,1500,0,5000
uber_tlc_hourly,64,4,16,q21,21,fslot_K,mase_context,9,0.8120614630746031,0.7804311484835991,0.8515873032546899,0.012074331377387892,-0.004533638940904905,0.03326444343914786,False,False,8,260,1500,0,5000
uber_tlc_hourly,64,4,16,q21,21,fslot_K,mase_context,10,0.8168834053867641,0.7740673561485244,0.8738496404783503,0.007252389065226961,-0.0005954854986882668,0.015555206474551723,False,False,8,260,1500,0,5000
uber_tlc_hourly,64,4,16,q21,21,fslot_K,mase_context,11,0.824135794451991,0.7778402856257624,0.8825297481850815,0.0,0.0,0.0,False,False,8,260,1500,0,5000
uber_tlc_hourly,64,4,16,q21,21,native,mase_context,,0.6582269958161624,0.6427970268922538,0.6727377144742643,,,,,,,260,1500,0,5000
monash_electricity_hourly,64,4,16,q1,1,content,quantile_loss,0,0.35428914427757263,0.333733176982053,0.3752172436927202,-0.010850459337234497,-0.017829336699653617,-0.004487751606076033,False,False,2,318,1500,0,5000
monash_electricity_hourly,64,4,16,q1,1,content,quantile_loss,1,0.3391832113265991,0.3197714759917723,0.3584950809589594,0.004255473613739014,-0.0009413371289848966,0.009259518425969336,False,False,2,318,1500,0,5000
monash_electricity_hourly,64,4,16,q1,1,content,quantile_loss,2,0.32450318336486816,0.3064633046285291,0.3426254995230436,0.01893550157546997,0.014322813238364082,0.023434652353891444,True,True,2,318,1500,0,5000
monash_electricity_hourly,64,4,16,q1,1,content,quantile_loss,3,0.3270309269428253,0.3098878294604503,0.3444080468421082,0.016407757997512817,0.011964880542054019,0.020961006023710038,True,False,2,318,1500,0,5000
monash_electricity_hourly,64,4,16,q1,1,content,quantile_loss,4,0.3317064344882965,0.3140533705730745,0.3493228008040937,0.011732250452041626,0.007118363052200617,0.01627651721978968,True,False,2,318,1500,0,5000
monash_electricity_hourly,64,4,16,q1,1,content,quantile_loss,5,0.3375173509120941,0.3201532153513764,0.35487821699888156,0.0059213340282440186,0.0010628149211550405,0.010641732386882864,True,False,2,318,1500,0,5000
monash_electricity_hourly,64,4,16,q1,1,content,quantile_loss,6,0.34519603848457336,0.32763056193247264,0.3626121115914957,-0.0017573535442352295,-0.006240175647306241,0.002519766855084633,False,False,2,318,1500,0,5000
monash_electricity_hourly,64,4,16,q1,1,content,quantile_loss,7,0.35243329405784607,0.33530754036614374,0.36963618816044275,-0.008994609117507935,-0.01322167840324605,-0.004726060271033631,False,False,2,318,1500,0,5000
monash_electricity_hourly,64,4,16,q1,1,content,quantile_loss,8,0.35671231150627136,0.339918183778321,0.3736588119996959,-0.013273626565933228,-0.01763739381463957,-0.00910421888424576,False,False,2,318,1500,0,5000
monash_electricity_hourly,64,4,16,q1,1,content,quantile_loss,9,0.347208172082901,0.33041724769286485,0.3635649327618364,-0.003769487142562866,-0.007621148840906884,0.00011156805827786283,False,False,2,318,1500,0,5000
monash_electricity_hourly,64,4,16,q1,1,content,quantile_loss,10,0.34115901589393616,0.3244495008771519,0.3578298527597714,0.0022796690464019775,-0.0011109937931150268,0.005660368058332426,False,False,2,318,1500,0,5000
monash_electricity_hourly,64,4,16,q1,1,content,quantile_loss,11,0.34343868494033813,0.3265102270670044,0.3606284214369166,0.0,0.0,0.0,False,False,2,318,1500,0,5000
monash_electricity_hourly,64,4,16,q1,1,content,mase_context,0,1.5279944900257953,1.4733641779290376,1.5885671731436528,0.014301499299002929,-0.012281374465555606,0.04143213499478722,False,False,2,318,1500,0,5000
monash_electricity_hourly,64,4,16,q1,1,content,mase_context,1,1.477762409133333,1.4219911761616701,1.5389894388345366,0.06453358019146527,0.040028624884290286,0.08972303115066903,True,False,2,318,1500,0,5000
monash_electricity_hourly,64,4,16,q1,1,content,mase_context,2,1.4334152876409119,1.37749444888995,1.4960718543939133,0.10888070168388642,0.08728786417342399,0.13026617382751965,True,True,2,318,1500,0,5000
monash_electricity_hourly,64,4,16,q1,1,content,mase_context,3,1.4634689324723125,1.4033434163036036,1.5295933267002348,0.07882705685248581,0.0563958604422936,0.10154826064871782,True,False,2,318,1500,0,5000
monash_electricity_hourly,64,4,16,q1,1,content,mase_context,4,1.4899312764920836,1.4277636309961865,1.5581586440581898,0.05236471283271471,0.032151651519086215,0.07188024559816211,True,False,2,318,1500,0,5000
monash_electricity_hourly,64,4,16,q1,1,content,mase_context,5,1.5178211295242223,1.4547078862055653,1.5861961888518572,0.024474859800575954,0.0037895981071330467,0.043938074844750985,True,False,2,318,1500,0,5000
monash_electricity_hourly,64,4,16,q1,1,content,mase_context,6,1.560268727027962,1.499118723173495,1.627187729267022,-0.017972737703163766,-0.04083655039935308,0.004341600033106778,False,False,2,318,1500,0,5000
monash_electricity_hourly,64,4,16,q1,1,content,mase_context,7,1.6039225585257324,1.5372766112457026,1.6788064987109823,-0.06162656920093412,-0.08260297641928763,-0.04070293166407524,False,False,2,318,1500,0,5000
monash_electricity_hourly,64,4,16,q1,1,content,mase_context,8,1.6254229503253754,1.5585952057860981,1.6982701302692105,-0.08312696100057715,-0.10514456547893983,-0.06222843388723053,False,False,2,318,1500,0,5000
monash_electricity_hourly,64,4,16,q1,1,content,mase_context,9,1.5743911582580956,1.513554379974836,1.6416522941063705,-0.032095168933297336,-0.05180783575850989,-0.013041689279159894,False,False,2,318,1500,0,5000
monash_electricity_hourly,64,4,16,q1,1,content,mase_context,10,1.5525191246804788,1.4882480821061086,1.6237148969708377,-0.010223135355680535,-0.026828839287465683,0.006179398793507559,False,False,2,318,1500,0,5000
monash_electricity_hourly,64,4,16,q1,1,content,mase_context,11,1.5422959893247983,1.480522973872839,1.6087193734763265,0.0,0.0,0.0,False,False,2,318,1500,0,5000
monash_electricity_hourly,64,4,16,q1,1,reg,quantile_loss,0,0.3377511501312256,0.31778533542818455,0.357457616119598,-0.01450425386428833,-0.021266776006826603,-0.00808803072035974,False,False,3,318,1500,0,5000
monash_electricity_hourly,64,4,16,q1,1,reg,quantile_loss,1,0.32100045680999756,0.30253926964912126,0.33913893129149375,0.0022464394569396973,-0.002974630813589074,0.007282045012775029,False,False,3,318,1500,0,5000
monash_electricity_hourly,64,4,16,q1,1,reg,quantile_loss,2,0.30401334166526794,0.2870028997178681,0.3209773605210627,0.01923355460166931,0.015246740730104631,0.023208147318457974,True,False,3,318,1500,0,5000
monash_electricity_hourly,64,4,16,q1,1,reg,quantile_loss,3,0.2952158451080322,0.2793907745338984,0.3112251094570039,0.02803105115890503,0.02454499344849568,0.03147352848602887,True,True,3,318,1500,0,5000
monash_electricity_hourly,64,4,16,q1,1,reg,quantile_loss,4,0.29385146498680115,0.27847658267508524,0.3094825705920082,0.02939543128013611,0.026007952656664734,0.03276369413669138,True,False,3,318,1500,0,5000
monash_electricity_hourly,64,4,16,q1,1,reg,quantile_loss,5,0.29692575335502625,0.2814365991297608,0.31278495209897733,0.02632114291191101,0.02264752353268075,0.029937455068273472,True,False,3,318,1500,0,5000
monash_electricity_hourly,64,4,16,q1,1,reg,quantile_loss,6,0.30095869302749634,0.285195047820479,0.31690615415324414,0.022288203239440918,0.01869530024547789,0.0256770882121982,True,False,3,318,1500,0,5000
monash_electricity_hourly,64,4,16,q1,1,reg,quantile_loss,7,0.30813339352607727,0.29250514004550293,0.32413005987503096,0.015113502740859985,0.011628593954381114,0.018355316303924955,True,False,3,318,1500,0,5000
monash_electricity_hourly,64,4,16,q1,1,reg,quantile_loss,8,0.3117027282714844,0.29568572811135607,0.32777135122124523,0.01154416799545288,0.008033396361300384,0.014948027798281213,True,False,3,318,1500,0,5000
monash_electricity_hourly,64,4,16,q1,1,reg,quantile_loss,9,0.31943246722221375,0.3041753125308673,0.3348649253408799,0.0038144290447235107,0.0011082354650218383,0.0064379482424845305,True,False,3,318,1500,0,5000
monash_electricity_hourly,64,4,16,q1,1,reg,quantile_loss,10,0.32000893354415894,0.30445865187060867,0.33576362834409595,0.0032379627227783203,0.001104127314030566,0.005422478669550045,True,False,3,318,1500,0,5000
monash_electricity_hourly,64,4,16,q1,1,reg,quantile_loss,11,0.32324689626693726,0.30750742456650065,0.3390303204524155,0.0,0.0,0.0,False,False,3,318,1500,0,5000
monash_electricity_hourly,64,4,16,q1,1,reg,mase_context,0,1.4278782009223299,1.3801855640937082,1.4796679740054057,0.03430065952928274,0.0061301708403604,0.06277572710286435,True,False,3,318,1500,0,5000
monash_electricity_hourly,64,4,16,q1,1,reg,mase_context,1,1.3747695678978331,1.3268558816899816,1.4271986131658807,0.0874092925537795,0.06283477526965686,0.11217266775698705,True,False,3,318,1500,0,5000
monash_electricity_hourly,64,4,16,q1,1,reg,mase_context,2,1.3168285651576122,1.2696276623983689,1.3679502434855533,0.14535029529400045,0.12131585916942728,0.16989010157114667,True,False,3,318,1500,0,5000
monash_electricity_hourly,64,4,16,q1,1,reg,mase_context,3,1.2980004853894513,1.2480391701510576,1.3523183856937948,0.16417837506216126,0.14340572718021524,0.18523904850048545,True,True,3,318,1500,0,5000
monash_electricity_hourly,64,4,16,q1,1,reg,mase_context,4,1.3066526829056178,1.2543659608998312,1.3638459201169832,0.15552617754599485,0.1371157882415986,0.17454980712559012,True,False,3,318,1500,0,5000
monash_electricity_hourly,64,4,16,q1,1,reg,mase_context,5,1.3268449155009696,1.2737606667349854,1.3858382026368654,0.135333944950643,0.11766238276715679,0.15263171129089176,True,False,3,318,1500,0,5000
monash_electricity_hourly,64,4,16,q1,1,reg,mase_context,6,1.3408416266036847,1.289059227584591,1.3987058429911718,0.12133723384792794,0.10318390089064368,0.13950079468535262,True,False,3,318,1500,0,5000
monash_electricity_hourly,64,4,16,q1,1,reg,mase_context,7,1.3856451735117674,1.3292479428526294,1.4480454862357108,0.07653368693984519,0.060755541948756646,0.09242249081961582,True,False,3,318,1500,0,5000
monash_electricity_hourly,64,4,16,q1,1,reg,mase_context,8,1.4012028672916628,1.346239039102841,1.4627912781104266,0.06097599315994984,0.04416658015329298,0.07820530857911989,True,False,3,318,1500,0,5000
monash_electricity_hourly,64,4,16,q1,1,reg,mase_context,9,1.4516658102927777,1.394553801123997,1.5155944991333252,0.010513050158834858,-0.0026585533727273903,0.023877436223688646,False,False,3,318,1500,0,5000
monash_electricity_hourly,64,4,16,q1,1,reg,mase_context,10,1.4513278247695556,1.3946191195889095,1.5143158612917171,0.01085103568205703,-0.0012147525709682858,0.02285701322849061,False,False,3,318,1500,0,5000
monash_electricity_hourly,64,4,16,q1,1,reg,mase_context,11,1.4621788604516126,1.4030062683358202,1.5269008285875896,0.0,0.0,0.0,False,False,3,318,1500,0,5000
monash_electricity_hourly,64,4,16,q1,1,content_K,quantile_loss,0,0.35670092701911926,0.3358991943541018,0.3775671708888611,0.005141526460647583,-0.0013474363039067488,0.011133284621722554,False,False,2,318,1500,0,5000
monash_electricity_hourly,64,4,16,q1,1,content_K,quantile_loss,1,0.34034091234207153,0.3211212114814522,0.3595119863711531,0.021501541137695312,0.01620530648611584,0.0265503222115678,True,False,2,318,1500,0,5000
monash_electricity_hourly,64,4,16,q1,1,content_K,quantile_loss,2,0.33101463317871094,0.31326636133828184,0.349062048174792,0.030827820301055908,0.025646959957340138,0.03574918151504589,True,True,2,318,1500,0,5000
monash_electricity_hourly,64,4,16,q1,1,content_K,quantile_loss,3,0.3322305977344513,0.31512843814314384,0.3492123912242519,0.029611855745315552,0.024555261698128217,0.03472153246171789,True,False,2,318,1500,0,5000
monash_electricity_hourly,64,4,16,q1,1,content_K,quantile_loss,4,0.3414212167263031,0.3238814507706824,0.35911775384691264,0.020421236753463745,0.01531387764716958,0.025353820181532174,True,False,2,318,1500,0,5000
monash_electricity_hourly,64,4,16,q1,1,content_K,quantile_loss,5,0.3458455502986908,0.32851291125981363,0.3633593897542853,0.01599690318107605,0.010404216624703972,0.02137803052857097,True,False,2,318,1500,0,5000
monash_electricity_hourly,64,4,16,q1,1,content_K,quantile_loss,6,0.35467562079429626,0.33697369057320864,0.37215246464341944,0.007166832685470581,0.0019808959679381106,0.012263392737936205,True,False,2,318,1500,0,5000
monash_electricity_hourly,64,4,16,q1,1,content_K,quantile_loss,7,0.36478665471076965,0.34716917381004725,0.38247653565414075,-0.0029442012310028076,-0.007772040892503523,0.001864359437016786,False,False,2,318,1500,0,5000
monash_electricity_hourly,64,4,16,q1,1,content_K,quantile_loss,8,0.369405597448349,0.3523535511443677,0.3868441879079755,-0.007563143968582153,-0.012123159635142029,-0.003019536212035022,False,False,2,318,1500,0,5000
monash_electricity_hourly,64,4,16,q1,1,content_K,quantile_loss,9,0.36686384677886963,0.3492471843799132,0.38431748257262666,-0.005021393299102783,-0.009127326989621182,-0.00089732281537983,False,False,2,318,1500,0,5000
monash_electricity_hourly,64,4,16,q1,1,content_K,quantile_loss,10,0.36719226837158203,0.3494857001922398,0.38500251683957837,-0.0053498148918151855,-0.009067130834668294,-0.0017507414415667971,False,False,2,318,1500,0,5000
monash_electricity_hourly,64,4,16,q1,1,content_K,quantile_loss,11,0.36184245347976685,0.34372695125652203,0.38004059325020906,0.0,0.0,0.0,False,False,2,318,1500,0,5000
monash_electricity_hourly,64,4,16,q1,1,content_K,mase_context,0,1.5408079721744525,1.485707673274926,1.6016677084450646,0.08617719383347167,0.05739061524324774,0.11465138070576034,True,False,2,318,1500,0,5000
monash_electricity_hourly,64,4,16,q1,1,content_K,mase_context,1,1.484552955098057,1.4279886392573042,1.5464358452179203,0.14243221090986724,0.11485395832176586,0.1695294120998267,True,False,2,318,1500,0,5000
monash_electricity_hourly,64,4,16,q1,1,content_K,mase_context,2,1.4688765360733909,1.4105247785690542,1.533628963709412,0.15810862993453334,0.13497226662015727,0.18091536460022795,True,True,2,318,1500,0,5000
monash_electricity_hourly,64,4,16,q1,1,content_K,mase_context,3,1.4871732976836465,1.4272368188464428,1.552800183943148,0.13981186832427772,0.11581013995892572,0.16345424616106538,True,False,2,318,1500,0,5000
monash_electricity_hourly,64,4,16,q1,1,content_K,mase_context,4,1.5360030940247171,1.4714351731332773,1.6056705965085083,0.09098207198320707,0.06834295136285706,0.11246019949152673,True,False,2,318,1500,0,5000
monash_electricity_hourly,64,4,16,q1,1,content_K,mase_context,5,1.562178092865957,1.496543564433956,1.6339280453733454,0.06480707314196721,0.04242018968704159,0.0866083007077202,True,False,2,318,1500,0,5000
monash_electricity_hourly,64,4,16,q1,1,content_K,mase_context,6,1.6040875510600565,1.5404748266275858,1.673249773314395,0.022897614947867684,-0.0027781704875322775,0.04892119024921579,False,False,2,318,1500,0,5000
monash_electricity_hourly,64,4,16,q1,1,content_K,mase_context,7,1.6632914546595554,1.5944483499221962,1.739662226459137,-0.03630628865163121,-0.05903852247173611,-0.012977642482418172,False,False,2,318,1500,0,5000
monash_electricity_hourly,64,4,16,q1,1,content_K,mase_context,8,1.6826697949708498,1.614539724054278,1.7560765520664134,-0.055684628962925586,-0.07991134096089407,-0.03198791427927166,False,False,2,318,1500,0,5000
monash_electricity_hourly,64,4,16,q1,1,content_K,mase_context,9,1.6643078266243825,1.5986951793210873,1.73631643261951,-0.03732266061645828,-0.06000025456968643,-0.015301298640100797,False,False,2,318,1500,0,5000
monash_electricity_hourly,64,4,16,q1,1,content_K,mase_context,10,1.6783228639756111,1.609014477341565,1.7536968075769839,-0.051337697967686946,-0.07192247004606928,-0.031842349918092594,False,False,2,318,1500,0,5000
monash_electricity_hourly,64,4,16,q1,1,content_K,mase_context,11,1.6269851660079242,1.5603924800683795,1.696709491548917,0.0,0.0,0.0,False,False,2,318,1500,0,5000
monash_electricity_hourly,64,4,16,q1,1,reg_K,quantile_loss,0,0.33764412999153137,0.31749984815669186,0.3572795229724925,-0.008318603038787842,-0.0152729682531972,-0.0016926454288595896,False,False,3,318,1500,0,5000
monash_electricity_hourly,64,4,16,q1,1,reg_K,quantile_loss,1,0.32127395272254944,0.3027900446059406,0.33940655602479364,0.008051574230194092,0.002388879942893202,0.013544796625413462,True,False,3,318,1500,0,5000
monash_electricity_hourly,64,4,16,q1,1,reg_K,quantile_loss,2,0.3046945333480835,0.2875820952958302,0.3216512851238682,0.024630993604660034,0.02037289417744101,0.028829872018440422,True,False,3,318,1500,0,5000
monash_electricity_hourly,64,4,16,q1,1,reg_K,quantile_loss,3,0.2947453558444977,0.27886364015665965,0.31103473236162377,0.03458017110824585,0.03074196637437278,0.03818333708765904,True,True,3,318,1500,0,5000
monash_electricity_hourly,64,4,16,q1,1,reg_K,quantile_loss,4,0.29645684361457825,0.2807359397675984,0.31215921032001237,0.03286868333816528,0.029370449290500856,0.03630880428027668,True,False,3,318,1500,0,5000
monash_electricity_hourly,64,4,16,q1,1,reg_K,quantile_loss,5,0.2965857684612274,0.280897428388048,0.31277492935010615,0.03273975849151611,0.029031281454643662,0.03640573594283738,True,False,3,318,1500,0,5000
monash_electricity_hourly,64,4,16,q1,1,reg_K,quantile_loss,6,0.29956722259521484,0.28413060822157965,0.31523061921765816,0.029758304357528687,0.025962385300824925,0.03347671641804518,True,False,3,318,1500,0,5000
monash_electricity_hourly,64,4,16,q1,1,reg_K,quantile_loss,7,0.3082188665866852,0.2924292132110138,0.32430197416917445,0.02110666036605835,0.016670340347781795,0.025108047731805614,True,False,3,318,1500,0,5000
monash_electricity_hourly,64,4,16,q1,1,reg_K,quantile_loss,8,0.31069570779800415,0.29539842809377576,0.32630104774205143,0.01862981915473938,0.015005168541776527,0.02208546747539035,True,False,3,318,1500,0,5000
monash_electricity_hourly,64,4,16,q1,1,reg_K,quantile_loss,9,0.3188822269439697,0.303341611057094,0.33442766857659306,0.010443300008773804,0.0071903803008747545,0.013651509792823273,True,False,3,318,1500,0,5000
monash_electricity_hourly,64,4,16,q1,1,reg_K,quantile_loss,10,0.3229653537273407,0.3072350623851918,0.3389492461145484,0.006360173225402832,0.003728485491300801,0.008865983851323016,True,False,3,318,1500,0,5000
monash_electricity_hourly,64,4,16,q1,1,reg_K,quantile_loss,11,0.32932552695274353,0.31327665137930627,0.34509036000371507,0.0,0.0,0.0,False,False,3,318,1500,0,5000
monash_electricity_hourly,64,4,16,q1,1,reg_K,mase_context,0,1.4241280502154248,1.3761870631229358,1.4755972853128814,0.07158291261411232,0.042675972485544146,0.1019565087683958,True,False,3,318,1500,0,5000
monash_electricity_hourly,64,4,16,q1,1,reg_K,mase_context,1,1.3694296555865508,1.321836785424397,1.4206845699059623,0.12628130724298625,0.09963693674171828,0.15331978601551358,True,False,3,318,1500,0,5000
monash_electricity_hourly,64,4,16,q1,1,reg_K,mase_context,2,1.324679911433169,1.275786590903695,1.3779393920992273,0.17103105139636798,0.1478256611498385,0.19498628706034934,True,False,3,318,1500,0,5000
monash_electricity_hourly,64,4,16,q1,1,reg_K,mase_context,3,1.2966886217092533,1.2465347722856708,1.3509003619735214,0.19902234112028383,0.17686719517556232,0.22164558828804956,True,True,3,318,1500,0,5000
monash_electricity_hourly,64,4,16,q1,1,reg_K,mase_context,4,1.318410206103448,1.267227133558744,1.3747753360150434,0.17730075672608914,0.15731857980361436,0.19766015718249358,True,False,3,318,1500,0,5000
monash_electricity_hourly,64,4,16,q1,1,reg_K,mase_context,5,1.328706772772871,1.2746899937276075,1.3880447519729127,0.1670041900566661,0.14915317098384476,0.18482748789388456,True,False,3,318,1500,0,5000
monash_electricity_hourly,64,4,16,q1,1,reg_K,mase_context,6,1.3440530641074988,1.2898872078915835,1.4039248507315978,0.15165789872203828,0.1336004352017599,0.16963390779936757,True,False,3,318,1500,0,5000
monash_electricity_hourly,64,4,16,q1,1,reg_K,mase_context,7,1.3950188947009774,1.3388168613083873,1.4564896488537882,0.10069206812855969,0.08385085118487293,0.11761673465336092,True,False,3,318,1500,0,5000
monash_electricity_hourly,64,4,16,q1,1,reg_K,mase_context,8,1.4086562012701376,1.3522296329508459,1.4708284525791522,0.08705476155939951,0.07093640601533939,0.10345705083474777,True,False,3,318,1500,0,5000
monash_electricity_hourly,64,4,16,q1,1,reg_K,mase_context,9,1.4508950632922437,1.3926877456617353,1.5152793990500693,0.04481589953729337,0.03036984443136983,0.05919731178278155,True,False,3,318,1500,0,5000
monash_electricity_hourly,64,4,16,q1,1,reg_K,mase_context,10,1.4705896296860568,1.4120085753643874,1.5362562680948955,0.025121333143480307,0.012170332228278064,0.03797219314975693,True,False,3,318,1500,0,5000
monash_electricity_hourly,64,4,16,q1,1,reg_K,mase_context,11,1.495710962829537,1.4357912567659388,1.5613161753664275,0.0,0.0,0.0,False,False,3,318,1500,0,5000
monash_electricity_hourly,64,4,16,q1,1,fslot_K,quantile_loss,0,0.5170953869819641,0.5077010576930263,0.5266135618207758,-0.2784736603498459,-0.28662257210457337,-0.27051707688651855,False,False,10,318,1500,0,5000
monash_electricity_hourly,64,4,16,q1,1,fslot_K,quantile_loss,1,0.30304738879203796,0.287352390066308,0.3188853529259518,-0.06442566215991974,-0.07685294794045916,-0.05221540739935083,False,False,10,318,1500,0,5000
monash_electricity_hourly,64,4,16,q1,1,fslot_K,quantile_loss,2,0.2575390636920929,0.2453949255296145,0.27048391023539275,-0.01891733705997467,-0.026288764820867293,-0.011674139548211771,False,False,10,318,1500,0,5000
monash_electricity_hourly,64,4,16,q1,1,fslot_K,quantile_loss,3,0.24944135546684265,0.23746816427142797,0.2619175750095577,-0.010819628834724426,-0.017930536392090034,-0.004038563378628952,False,False,10,318,1500,0,5000
monash_electricity_hourly,64,4,16,q1,1,fslot_K,quantile_loss,4,0.24131236970424652,0.23010311337543632,0.2533388808247822,-0.002690643072128296,-0.008960398667973605,0.003136570157739845,False,False,10,318,1500,0,5000
monash_electricity_hourly,64,4,16,q1,1,fslot_K,quantile_loss,5,0.23801440000534058,0.22656819779600096,0.25014942575659554,0.0006073266267776489,-0.005563175220684146,0.006374543043000945,False,False,10,318,1500,0,5000
monash_electricity_hourly,64,4,16,q1,1,fslot_K,quantile_loss,6,0.23713122308254242,0.22604798785642724,0.24881342649508612,0.0014905035495758057,-0.004021095166035408,0.006534764831810838,False,False,10,318,1500,0,5000
monash_electricity_hourly,64,4,16,q1,1,fslot_K,quantile_loss,7,0.23839297890663147,0.22749943160589017,0.25002990015049104,0.00022874772548675537,-0.005020683722944562,0.0049839690647678495,False,False,10,318,1500,0,5000
monash_electricity_hourly,64,4,16,q1,1,fslot_K,quantile_loss,8,0.23310095071792603,0.22268342740273592,0.24437526526771805,0.0055207759141922,0.001517762062899513,0.009337411090407729,True,False,10,318,1500,0,5000
monash_electricity_hourly,64,4,16,q1,1,fslot_K,quantile_loss,9,0.22975154221057892,0.21969662911963322,0.24073934319032148,0.008870184421539307,0.005883716385319111,0.01179048629446482,True,False,10,318,1500,0,5000
monash_electricity_hourly,64,4,16,q1,1,fslot_K,quantile_loss,10,0.23324568569660187,0.22398591515319152,0.2433113495340867,0.005376040935516357,0.003833563873106856,0.006974246726282617,True,True,10,318,1500,0,5000
monash_electricity_hourly,64,4,16,q1,1,fslot_K,quantile_loss,11,0.23862172663211823,0.22971515994519048,0.24809409505165614,0.0,0.0,0.0,False,False,10,318,1500,0,5000
monash_electricity_hourly,64,4,16,q1,1,fslot_K,mase_context,0,2.4732501092386525,2.3418058302458755,2.613494497659507,-1.2369173989088245,-1.3161148594858503,-1.1632226740296332,False,False,10,318,1500,0,5000
monash_electricity_hourly,64,4,16,q1,1,fslot_K,mase_context,1,1.3345008323800764,1.2883892780536719,1.3851141952424875,-0.09816812205024839,-0.1362430761911029,-0.05841849383022263,False,False,10,318,1500,0,5000
monash_electricity_hourly,64,4,16,q1,1,fslot_K,mase_context,2,1.1796582384939485,1.1330475550779904,1.230222278833054,0.05667447183587959,0.0256771503358404,0.08936612544024042,True,False,10,318,1500,0,5000
monash_electricity_hourly,64,4,16,q1,1,fslot_K,mase_context,3,1.1435947403901248,1.0965726927328532,1.1944110602601943,0.09273796993970329,0.06222279911306451,0.12502072978313866,True,False,10,318,1500,0,5000
monash_electricity_hourly,64,4,16,q1,1,fslot_K,mase_context,4,1.1197300593866708,1.0731715969458004,1.170397176016141,0.11660265094315725,0.08679044622616959,0.1477480954227184,True,False,10,318,1500,0,5000
monash_electricity_hourly,64,4,16,q1,1,fslot_K,mase_context,5,1.0922615199513948,1.046419324046082,1.1415959070304114,0.1440711903784333,0.11182553728475202,0.17808019957715301,True,False,10,318,1500,0,5000
monash_electricity_hourly,64,4,16,q1,1,fslot_K,mase_context,6,1.1075508036547983,1.058020660043073,1.160048851766675,0.12878190667502976,0.10168572127999387,0.15751611435744164,True,False,10,318,1500,0,5000
monash_electricity_hourly,64,4,16,q1,1,fslot_K,mase_context,7,1.1243565022040731,1.0732454641436906,1.1783720930450179,0.11197620812575493,0.08648238471774136,0.13841017285311955,True,False,10,318,1500,0,5000
monash_electricity_hourly,64,4,16,q1,1,fslot_K,mase_context,8,1.1065879559585077,1.054150029099578,1.1615249907785867,0.12974475437132038,0.10707519249529654,0.15409819208457484,True,False,10,318,1500,0,5000
monash_electricity_hourly,64,4,16,q1,1,fslot_K,mase_context,9,1.1159562465297168,1.0604189888828093,1.174047606720349,0.12037646380011124,0.1014195535111322,0.14056782501167542,True,False,10,318,1500,0,5000
monash_electricity_hourly,64,4,16,q1,1,fslot_K,mase_context,10,1.1498108546305683,1.089439723488024,1.2133915125198893,0.08652185569925974,0.07406468089251898,0.09994235898711189,True,True,10,318,1500,0,5000
monash_electricity_hourly,64,4,16,q1,1,fslot_K,mase_context,11,1.236332710329828,1.1676856140523333,1.3087462145094377,0.0,0.0,0.0,False,False,10,318,1500,0,5000
monash_electricity_hourly,64,4,16,q1,1,native,mase_context,,0.8508159866034439,0.8083956440381994,0.8953094384261651,,,,,,,318,1500,0,5000
monash_kdd_cup_2018,64,4,16,q1,1,content,quantile_loss,0,0.7068182826042175,0.6861985130991961,0.7290066069396468,0.0597265362739563,0.03542976326646611,0.0832407043885545,True,False,10,75,506,0,5000
monash_kdd_cup_2018,64,4,16,q1,1,content,quantile_loss,1,0.7435882687568665,0.7188112224998179,0.7686744591306318,0.022956550121307373,-0.005627983841381825,0.050233608975228515,False,False,10,75,506,0,5000
monash_kdd_cup_2018,64,4,16,q1,1,content,quantile_loss,2,0.7627282738685608,0.7399923142080022,0.787756690545114,0.003816545009613037,-0.027654695247227683,0.032828510703089134,False,False,10,75,506,0,5000
monash_kdd_cup_2018,64,4,16,q1,1,content,quantile_loss,3,0.7673986554145813,0.7475909825678918,0.7895256330633738,-0.0008538365364074707,-0.026835451461835916,0.023303686354335724,False,False,10,75,506,0,5000
monash_kdd_cup_2018,64,4,16,q1,1,content,quantile_loss,4,0.8117513656616211,0.7914065394407622,0.8365209295284266,-0.045206546783447266,-0.07556797598015393,-0.019296361678465424,False,False,10,75,506,0,5000
monash_kdd_cup_2018,64,4,16,q1,1,content,quantile_loss,5,0.830550491809845,0.8055267872005619,0.8572127497362256,-0.06400567293167114,-0.09503115000572163,-0.034823013806482124,False,False,10,75,506,0,5000
monash_kdd_cup_2018,64,4,16,q1,1,content,quantile_loss,6,0.8305177688598633,0.806755723380165,0.8567504869570729,-0.06397294998168945,-0.0901177772803071,-0.04104090078241176,False,False,10,75,506,0,5000
monash_kdd_cup_2018,64,4,16,q1,1,content,quantile_loss,7,0.7905552387237549,0.7683662048233182,0.8148134349589621,-0.024010419845581055,-0.04843721647757889,-0.0017758784746367655,False,False,10,75,506,0,5000
monash_kdd_cup_2018,64,4,16,q1,1,content,quantile_loss,8,0.7980055212974548,0.7749581457396488,0.8232227020182884,-0.031460702419281006,-0.0539109596125817,-0.01131162237909744,False,False,10,75,506,0,5000
monash_kdd_cup_2018,64,4,16,q1,1,content,quantile_loss,9,0.8300133943557739,0.7969825835888641,0.8645612116320832,-0.0634685754776001,-0.08643545149669547,-0.04068010538356949,False,False,10,75,506,0,5000
monash_kdd_cup_2018,64,4,16,q1,1,content,quantile_loss,10,0.8300529718399048,0.7930228191975426,0.8670228868778871,-0.06350815296173096,-0.08932502368441148,-0.038381431441472866,False,True,10,75,506,0,5000
monash_kdd_cup_2018,64,4,16,q1,1,content,quantile_loss,11,0.7665448188781738,0.7408050518081332,0.7914124318371124,0.0,0.0,0.0,False,False,10,75,506,0,5000
monash_kdd_cup_2018,64,4,16,q1,1,content,mase_context,0,1.0247513527745702,0.9778700143205794,1.0733107155418418,0.09544200394159952,0.05729794709305973,0.13224019179488838,True,False,10,75,506,0,5000
monash_kdd_cup_2018,64,4,16,q1,1,content,mase_context,1,1.1015298737217372,1.0514989684488356,1.1567098295596503,0.018663482994432545,-0.026174829570711804,0.05957101726819232,False,False,10,75,506,0,5000
monash_kdd_cup_2018,64,4,16,q1,1,content,mase_context,2,1.142086279316455,1.0908967319494636,1.1987091303150688,-0.021892922600285303,-0.07598062579885424,0.026835798344152624,False,False,10,75,506,0,5000
monash_kdd_cup_2018,64,4,16,q1,1,content,mase_context,3,1.1493154883584527,1.1015374636812763,1.2012559308685202,-0.029122131642282945,-0.07938055214134705,0.015349020577847594,False,False,10,75,506,0,5000
monash_kdd_cup_2018,64,4,16,q1,1,content,mase_context,4,1.2390905242083292,1.1807218551019352,1.303763551602397,-0.1188971674921595,-0.17513462073717534,-0.07134468539937051,False,False,10,75,506,0,5000
monash_kdd_cup_2018,64,4,16,q1,1,content,mase_context,5,1.2649305655298764,1.2030711394068097,1.329642646259206,-0.14473720881370666,-0.20009085965465737,-0.09529679277138303,False,False,10,75,506,0,5000
monash_kdd_cup_2018,64,4,16,q1,1,content,mase_context,6,1.2440216142262825,1.18158451463104,1.3097034917202806,-0.12382825751011284,-0.1741202902060845,-0.08403603991724069,False,False,10,75,506,0,5000
monash_kdd_cup_2018,64,4,16,q1,1,content,mase_context,7,1.1814920387747432,1.1268001988336405,1.2395412554133571,-0.06129868205857347,-0.10334863117698226,-0.025781841423404884,False,False,10,75,506,0,5000
monash_kdd_cup_2018,64,4,16,q1,1,content,mase_context,8,1.1819708850204735,1.1301255325680437,1.2380441983724644,-0.06177752830430383,-0.09944336995071786,-0.027809501220245354,False,False,10,75,506,0,5000
monash_kdd_cup_2018,64,4,16,q1,1,content,mase_context,9,1.2454044492487266,1.1601662732931373,1.3425859398078588,-0.1252110925325569,-0.17549194199866736,-0.08170899028079728,False,False,10,75,506,0,5000
monash_kdd_cup_2018,64,4,16,q1,1,content,mase_context,10,1.254797942291718,1.1559484361082875,1.3655468428783795,-0.13460458557554822,-0.19271603927239636,-0.08246764907131858,False,True,10,75,506,0,5000
monash_kdd_cup_2018,64,4,16,q1,1,content,mase_context,11,1.1201933567161697,1.057858080895054,1.184853938562608,0.0,0.0,0.0,False,False,10,75,506,0,5000
monash_kdd_cup_2018,64,4,16,q1,1,reg,quantile_loss,0,0.6659001111984253,0.6432637061004151,0.6902861302289633,0.09868955612182617,0.07479062901830072,0.11999382293158838,True,False,11,75,506,0,5000
monash_kdd_cup_2018,64,4,16,q1,1,reg,quantile_loss,1,0.675757646560669,0.6552759167999418,0.7000039826284604,0.08883202075958252,0.0641391984955733,0.1108529725397326,True,False,11,75,506,0,5000
monash_kdd_cup_2018,64,4,16,q1,1,reg,quantile_loss,2,0.685552716255188,0.6641492581450791,0.7089920770848721,0.07903695106506348,0.05393844385433745,0.10173297318902887,True,False,11,75,506,0,5000
monash_kdd_cup_2018,64,4,16,q1,1,reg,quantile_loss,3,0.6936739683151245,0.6723926807081264,0.7161665885248639,0.07091569900512695,0.0485426307281306,0.09114934369346828,True,False,11,75,506,0,5000
monash_kdd_cup_2018,64,4,16,q1,1,reg,quantile_loss,4,0.7064896821975708,0.6867469068338258,0.7254226377426339,0.058099985122680664,0.037275363497822254,0.07782355976518109,True,False,11,75,506,0,5000
monash_kdd_cup_2018,64,4,16,q1,1,reg,quantile_loss,5,0.7218778133392334,0.7025197649101189,0.7416083054936626,0.042711853981018066,0.02098157197248965,0.06266696071266377,True,False,11,75,506,0,5000
monash_kdd_cup_2018,64,4,16,q1,1,reg,quantile_loss,6,0.7283456921577454,0.7091350985249525,0.7481914150477796,0.036243975162506104,0.01421542006661319,0.05710484215685415,True,False,11,75,506,0,5000
monash_kdd_cup_2018,64,4,16,q1,1,reg,quantile_loss,7,0.7402473092079163,0.7212931628159387,0.7602083815879521,0.024342358112335205,0.002669582753738931,0.04422946281827242,True,False,11,75,506,0,5000
monash_kdd_cup_2018,64,4,16,q1,1,reg,quantile_loss,8,0.7544417381286621,0.7344456212111165,0.7746785517769043,0.010147929191589355,-0.009964183921436536,0.02857376798621045,False,False,11,75,506,0,5000
monash_kdd_cup_2018,64,4,16,q1,1,reg,quantile_loss,9,0.7383105754852295,0.7165210202956139,0.7584859314497692,0.026279091835021973,0.006270475917520743,0.045238086653331684,True,False,11,75,506,0,5000
monash_kdd_cup_2018,64,4,16,q1,1,reg,quantile_loss,10,0.7348284721374512,0.7131083534343278,0.7550018723713461,0.029761195182800293,0.01745053793538687,0.04124594803815187,True,False,11,75,506,0,5000
monash_kdd_cup_2018,64,4,16,q1,1,reg,quantile_loss,11,0.7645896673202515,0.7414862183033727,0.785432383445118,0.0,0.0,0.0,False,True,11,75,506,0,5000
monash_kdd_cup_2018,64,4,16,q1,1,reg,mase_context,0,0.9565801828269866,0.9114503327454586,1.0038663697465957,0.1505815526212415,0.1172446357217529,0.18204540631506363,True,False,11,75,506,0,5000
monash_kdd_cup_2018,64,4,16,q1,1,reg,mase_context,1,0.9804822189572516,0.9390169007444311,1.02588002418665,0.12667951649097653,0.0895500768535584,0.1606385725222299,True,False,11,75,506,0,5000
monash_kdd_cup_2018,64,4,16,q1,1,reg,mase_context,2,0.9991627216871956,0.9541244282771092,1.0479173346558361,0.1079990137610326,0.06886994327662332,0.14349240006902914,True,False,11,75,506,0,5000
monash_kdd_cup_2018,64,4,16,q1,1,reg,mase_context,3,1.009945882461346,0.9645803370139561,1.0560367052221298,0.09721585298688207,0.06416258339840386,0.12870660919233262,True,False,11,75,506,0,5000
monash_kdd_cup_2018,64,4,16,q1,1,reg,mase_context,4,1.0264793094392137,0.9820698057739354,1.0689462524008306,0.08068242600901443,0.04874403910691452,0.11174932199603098,True,False,11,75,506,0,5000
monash_kdd_cup_2018,64,4,16,q1,1,reg,mase_context,5,1.052142890645029,1.0117524778374645,1.0940913969690376,0.055018844803199185,0.02060622790185143,0.08691531805753935,True,False,11,75,506,0,5000
monash_kdd_cup_2018,64,4,16,q1,1,reg,mase_context,6,1.0585700666135742,1.016654898223468,1.10086103834303,0.048591668834653934,0.01451660274044173,0.08045822950472714,True,False,11,75,506,0,5000
monash_kdd_cup_2018,64,4,16,q1,1,reg,mase_context,7,1.0740476055748198,1.0317523340434775,1.117945710554934,0.03311412987340834,-0.0001400817250684901,0.06286556103135403,False,False,11,75,506,0,5000
monash_kdd_cup_2018,64,4,16,q1,1,reg,mase_context,8,1.0985697479342764,1.0586949063477111,1.1388283573697358,0.008591987513951738,-0.022780988708039823,0.03829652646284631,False,False,11,75,506,0,5000
monash_kdd_cup_2018,64,4,16,q1,1,reg,mase_context,9,1.0783739192792383,1.0355007735457797,1.1197008238449866,0.028787816168989844,-0.0010186807043765676,0.057916366327959226,False,False,11,75,506,0,5000
monash_kdd_cup_2018,64,4,16,q1,1,reg,mase_context,10,1.079125920719007,1.025782386691629,1.1348921603496311,0.02803581472922123,0.004592495139071123,0.048806142815499484,True,False,11,75,506,0,5000
monash_kdd_cup_2018,64,4,16,q1,1,reg,mase_context,11,1.1071617354482282,1.0515902629178016,1.1605769404290336,0.0,0.0,0.0,False,True,11,75,506,0,5000
monash_kdd_cup_2018,64,4,16,q1,1,content_K,quantile_loss,0,0.7074111104011536,0.6868356149513902,0.7296186234297045,0.04443591833114624,0.01323877539581213,0.07224550729114912,True,False,10,75,506,0,5000
monash_kdd_cup_2018,64,4,16,q1,1,content_K,quantile_loss,1,0.7467511296272278,0.7213128894905466,0.7733843164283801,0.0050958991050720215,-0.029573024702251285,0.03762809981435938,False,False,10,75,506,0,5000
monash_kdd_cup_2018,64,4,16,q1,1,content_K,quantile_loss,2,0.7719771265983582,0.7504800801717364,0.7956030267566441,-0.02013009786605835,-0.05534930456424017,0.014070140020743133,False,False,10,75,506,0,5000
monash_kdd_cup_2018,64,4,16,q1,1,content_K,quantile_loss,3,0.7769384980201721,0.7562485116340261,0.7999640529559554,-0.025091469287872314,-0.060241507423003535,0.009972142130998153,False,False,10,75,506,0,5000
monash_kdd_cup_2018,64,4,16,q1,1,content_K,quantile_loss,4,0.8177831172943115,0.7965520119773472,0.8438273691273804,-0.06593608856201172,-0.09928174311891153,-0.03454133531807592,False,False,10,75,506,0,5000
monash_kdd_cup_2018,64,4,16,q1,1,content_K,quantile_loss,5,0.8436195254325867,0.8188137858158142,0.8697472481589854,-0.09177249670028687,-0.12628601934959388,-0.060627623694261806,False,False,10,75,506,0,5000
monash_kdd_cup_2018,64,4,16,q1,1,content_K,quantile_loss,6,0.8375932574272156,0.8104193129612862,0.8671813905208163,-0.08574622869491577,-0.12111506596545649,-0.053592351190012835,False,False,10,75,506,0,5000
monash_kdd_cup_2018,64,4,16,q1,1,content_K,quantile_loss,7,0.7787802219390869,0.7555538885294382,0.8027474457428109,-0.02693319320678711,-0.05890051667006942,0.004278992739541476,False,False,10,75,506,0,5000
monash_kdd_cup_2018,64,4,16,q1,1,content_K,quantile_loss,8,0.7926297187805176,0.7681904857004096,0.818493651642499,-0.04078269004821777,-0.07113436009204038,-0.01101337389431046,False,False,10,75,506,0,5000
monash_kdd_cup_2018,64,4,16,q1,1,content_K,quantile_loss,9,0.7764619588851929,0.7421628218912776,0.8135603752396443,-0.024614930152893066,-0.03972702180729485,-0.008733320691824106,False,False,10,75,506,0,5000
monash_kdd_cup_2018,64,4,16,q1,1,content_K,quantile_loss,10,0.77020663022995,0.7335416385567587,0.8082382766617925,-0.018359601497650146,-0.03146978350629152,-0.002436889569705051,False,True,10,75,506,0,5000
monash_kdd_cup_2018,64,4,16,q1,1,content_K,quantile_loss,11,0.7518470287322998,0.7188800439109694,0.7848772613382694,0.0,0.0,0.0,False,False,10,75,506,0,5000
monash_kdd_cup_2018,64,4,16,q1,1,content_K,mase_context,0,1.0258645378863784,0.9797430400429573,1.0743727150125775,0.09823843719700998,0.044953153125000464,0.1539411354378749,True,False,10,75,506,0,5000
monash_kdd_cup_2018,64,4,16,q1,1,content_K,mase_context,1,1.1094003242340826,1.0588587616695146,1.1669337944038312,0.014702650849305776,-0.04859099106249886,0.0742661643081386,False,False,10,75,506,0,5000
monash_kdd_cup_2018,64,4,16,q1,1,content_K,mase_context,2,1.1495084040416834,1.1003667405709052,1.205259456035805,-0.025405428958295007,-0.08963896511952632,0.04144623836660132,False,False,10,75,506,0,5000
monash_kdd_cup_2018,64,4,16,q1,1,content_K,mase_context,3,1.1611665296168299,1.1139374148644947,1.214285206058615,-0.037063554533441456,-0.10366673595900758,0.033046297591848794,False,False,10,75,506,0,5000
monash_kdd_cup_2018,64,4,16,q1,1,content_K,mase_context,4,1.2450242807390448,1.1901315644694268,1.3062905940108578,-0.1209213056556564,-0.18665191669237124,-0.060081388776511806,False,False,10,75,506,0,5000
monash_kdd_cup_2018,64,4,16,q1,1,content_K,mase_context,5,1.2804582130406994,1.216764278976161,1.3469500749152885,-0.156355237957311,-0.21998015921374106,-0.09859270586047587,False,False,10,75,506,0,5000
monash_kdd_cup_2018,64,4,16,q1,1,content_K,mase_context,6,1.2486223399149674,1.1866790963992808,1.3161314501499444,-0.124519364831579,-0.193499688377342,-0.06130282457254085,False,False,10,75,506,0,5000
monash_kdd_cup_2018,64,4,16,q1,1,content_K,mase_context,7,1.1649918020057484,1.111656508697558,1.2198740233055758,-0.040888826922359955,-0.09869930217179834,0.016976732400968433,False,False,10,75,506,0,5000
monash_kdd_cup_2018,64,4,16,q1,1,content_K,mase_context,8,1.1798124075837004,1.121898469238805,1.243299345129296,-0.05570943250031202,-0.11549671217129627,0.005220797309565003,False,False,10,75,506,0,5000
monash_kdd_cup_2018,64,4,16,q1,1,content_K,mase_context,9,1.1839122145749328,1.0861864351380548,1.303796253265017,-0.059809239491544375,-0.12309107964902347,-0.012827267099890464,False,False,10,75,506,0,5000
monash_kdd_cup_2018,64,4,16,q1,1,content_K,mase_context,10,1.1600179602849678,1.0720637165079876,1.2603648121059172,-0.03591498520157943,-0.06270293719957201,-0.004607006690933488,False,True,10,75,506,0,5000
monash_kdd_cup_2018,64,4,16,q1,1,content_K,mase_context,11,1.1241029750833884,1.0480947961032996,1.2081277629385438,0.0,0.0,0.0,False,False,10,75,506,0,5000
monash_kdd_cup_2018,64,4,16,q1,1,reg_K,quantile_loss,0,0.6694163680076599,0.6464239725296366,0.6941234277542566,0.03906989097595215,0.01769973669818735,0.0587854664833758,True,False,11,75,506,0,5000
monash_kdd_cup_2018,64,4,16,q1,1,reg_K,quantile_loss,1,0.681613028049469,0.660912433594713,0.7057162846530098,0.026873230934143066,0.0021417344476790143,0.04953964720289203,True,False,11,75,506,0,5000
monash_kdd_cup_2018,64,4,16,q1,1,reg_K,quantile_loss,2,0.6854175925254822,0.6634594400290179,0.7093012959337712,0.023068666458129883,-0.0022731730193794753,0.04611892364220511,False,False,11,75,506,0,5000
monash_kdd_cup_2018,64,4,16,q1,1,reg_K,quantile_loss,3,0.7012107372283936,0.680323340437336,0.7228288095012605,0.007275521755218506,-0.01841758579195637,0.031452107295338094,False,False,11,75,506,0,5000
monash_kdd_cup_2018,64,4,16,q1,1,reg_K,quantile_loss,4,0.7098740339279175,0.6905258521399749,0.7293448681759284,-0.00138777494430542,-0.026953814516851627,0.023790541554898088,False,False,11,75,506,0,5000
monash_kdd_cup_2018,64,4,16,q1,1,reg_K,quantile_loss,5,0.721558690071106,0.6996792140015876,0.744879496550183,-0.013072431087493896,-0.04163881393389492,0.013626246885620467,False,False,11,75,506,0,5000
monash_kdd_cup_2018,64,4,16,q1,1,reg_K,quantile_loss,6,0.7281692624092102,0.7059987083556204,0.751570630829752,-0.019683003425598145,-0.045523533989844066,0.004924628080591047,False,False,11,75,506,0,5000
monash_kdd_cup_2018,64,4,16,q1,1,reg_K,quantile_loss,7,0.7273523211479187,0.7045518533373349,0.7511728351601801,-0.01886606216430664,-0.045447339432998904,0.00610978063720712,False,False,11,75,506,0,5000
monash_kdd_cup_2018,64,4,16,q1,1,reg_K,quantile_loss,8,0.760850727558136,0.7382954810895375,0.7828157601412847,-0.052364468574523926,-0.07404849100949874,-0.03021468323928032,False,False,11,75,506,0,5000
monash_kdd_cup_2018,64,4,16,q1,1,reg_K,quantile_loss,9,0.7158206701278687,0.694433549484681,0.7351532225845068,-0.007334411144256592,-0.02406038240104633,0.008816320100522464,False,False,11,75,506,0,5000
monash_kdd_cup_2018,64,4,16,q1,1,reg_K,quantile_loss,10,0.7108598351478577,0.6884859539459544,0.730919834580391,-0.0023735761642456055,-0.014370305006784346,0.00965747173071873,False,False,11,75,506,0,5000
monash_kdd_cup_2018,64,4,16,q1,1,reg_K,quantile_loss,11,0.7084862589836121,0.6808739865221457,0.7338557368706043,0.0,0.0,0.0,False,True,11,75,506,0,5000
monash_kdd_cup_2018,64,4,16,q1,1,reg_K,mase_context,0,0.9651978692633884,0.9206449753823777,1.0123999530885055,0.08333613678315299,0.047632023280111895,0.11867653364024247,True,False,11,75,506,0,5000
monash_kdd_cup_2018,64,4,16,q1,1,reg_K,mase_context,1,0.990902923745154,0.9496140087390447,1.0365742758880163,0.05763108230138736,0.01404092403326166,0.099445174668665,True,False,11,75,506,0,5000
monash_kdd_cup_2018,64,4,16,q1,1,reg_K,mase_context,2,0.9937126541431154,0.9467736271017102,1.0432153585953812,0.05482135190342596,0.012623176321815279,0.0942942859290135,True,False,11,75,506,0,5000
monash_kdd_cup_2018,64,4,16,q1,1,reg_K,mase_context,3,1.0206137090195826,0.9741601797845408,1.0662859522652182,0.02792029702695875,-0.014783673041301603,0.06856695363324758,False,False,11,75,506,0,5000
monash_kdd_cup_2018,64,4,16,q1,1,reg_K,mase_context,4,1.0349415106424102,0.9940361843065865,1.0752420749290892,0.0135924954041311,-0.029859167445859012,0.05525951942232937,False,False,11,75,506,0,5000
monash_kdd_cup_2018,64,4,16,q1,1,reg_K,mase_context,5,1.0493077350397222,1.0055318499611416,1.0958593709280444,-0.0007737289931808444,-0.04969309331888209,0.045836749634882386,False,False,11,75,506,0,5000
monash_kdd_cup_2018,64,4,16,q1,1,reg_K,mase_context,6,1.0576602347798973,1.0140601765826647,1.1034249881094054,-0.009126228733356001,-0.05314881982917019,0.034245881299536,False,False,11,75,506,0,5000
monash_kdd_cup_2018,64,4,16,q1,1,reg_K,mase_context,7,1.0599912316390117,1.015301304423551,1.1070412837744228,-0.01145722559247031,-0.054569536918659886,0.029764164100517344,False,False,11,75,506,0,5000
monash_kdd_cup_2018,64,4,16,q1,1,reg_K,mase_context,8,1.1205156519392734,1.0766115014262831,1.1639708719589337,-0.07198164589273204,-0.10778086612662931,-0.0355740180841586,False,False,11,75,506,0,5000
monash_kdd_cup_2018,64,4,16,q1,1,reg_K,mase_context,9,1.046724406949858,0.9979575802020747,1.0939717875089268,0.001809599096683323,-0.02512456981135198,0.027822105516125743,False,False,11,75,506,0,5000
monash_kdd_cup_2018,64,4,16,q1,1,reg_K,mase_context,10,1.0515397513445732,1.0004107060679928,1.1024764898709483,-0.003005745298031881,-0.022104720026442832,0.016209513258140115,False,False,11,75,506,0,5000
monash_kdd_cup_2018,64,4,16,q1,1,reg_K,mase_context,11,1.0485340060465413,0.9868890087970409,1.1091996460091194,0.0,0.0,0.0,False,True,11,75,506,0,5000
monash_kdd_cup_2018,64,4,16,q1,1,fslot_K,quantile_loss,0,0.6467081904411316,0.622037573846225,0.674163868692701,-0.059306323528289795,-0.08893374739054519,-0.03426408229120404,False,False,11,75,506,0,5000
monash_kdd_cup_2018,64,4,16,q1,1,fslot_K,quantile_loss,1,0.6336076259613037,0.6119699302546782,0.6571848160446532,-0.046205759048461914,-0.07323391857250475,-0.022589532876053267,False,False,11,75,506,0,5000
monash_kdd_cup_2018,64,4,16,q1,1,fslot_K,quantile_loss,2,0.6496831178665161,0.6296006909284377,0.6712743645428302,-0.062281250953674316,-0.08903801475625597,-0.03798352059995869,False,False,11,75,506,0,5000
monash_kdd_cup_2018,64,4,16,q1,1,fslot_K,quantile_loss,3,0.6687608957290649,0.6496802814191374,0.6886520285887316,-0.08135902881622314,-0.10671055646415989,-0.0587027881983986,False,False,11,75,506,0,5000
monash_kdd_cup_2018,64,4,16,q1,1,fslot_K,quantile_loss,4,0.676753580570221,0.6556757412733762,0.6974959077046111,-0.08935171365737915,-0.11198278332787466,-0.06880054519505033,False,False,11,75,506,0,5000
monash_kdd_cup_2018,64,4,16,q1,1,fslot_K,quantile_loss,5,0.6925496459007263,0.6764293677165782,0.7096666183923427,-0.10514777898788452,-0.13104471061902148,-0.08307106538486482,False,False,11,75,506,0,5000
monash_kdd_cup_2018,64,4,16,q1,1,fslot_K,quantile_loss,6,0.6569761633872986,0.6367452906337798,0.6774426490312887,-0.06957429647445679,-0.0908391736693973,-0.05135988466994571,False,False,11,75,506,0,5000
monash_kdd_cup_2018,64,4,16,q1,1,fslot_K,quantile_loss,7,0.6616536378860474,0.6439422129455304,0.6790400382625047,-0.07425177097320557,-0.09595828605269109,-0.05450596029997686,False,False,11,75,506,0,5000
monash_kdd_cup_2018,64,4,16,q1,1,fslot_K,quantile_loss,8,0.6190814971923828,0.5924896198610322,0.6432552296061484,-0.031679630279541016,-0.04449368256507228,-0.01941796167131911,False,False,11,75,506,0,5000
monash_kdd_cup_2018,64,4,16,q1,1,fslot_K,quantile_loss,9,0.6015699505805969,0.5760377606711381,0.625081955676702,-0.014168083667755127,-0.02349901469051862,-0.006116267700747783,False,False,11,75,506,0,5000
monash_kdd_cup_2018,64,4,16,q1,1,fslot_K,quantile_loss,10,0.5905882716178894,0.5611519852941548,0.616658849332692,-0.0031864047050476074,-0.008147455513020114,0.0010903733828722245,False,False,11,75,506,0,5000
monash_kdd_cup_2018,64,4,16,q1,1,fslot_K,quantile_loss,11,0.5874018669128418,0.5568611099516435,0.613617934639338,0.0,0.0,0.0,False,True,11,75,506,0,5000
monash_kdd_cup_2018,64,4,16,q1,1,fslot_K,mase_context,0,0.9263165878734957,0.883585286008285,0.9720974336873165,-0.0679794857543613,-0.10823701030420957,-0.033667497804287766,False,False,11,75,506,0,5000
monash_kdd_cup_2018,64,4,16,q1,1,fslot_K,mase_context,1,0.9148349172455605,0.8718057658618742,0.9597388186291528,-0.056497815126426154,-0.09333885378005637,-0.024644437042207323,False,False,11,75,506,0,5000
monash_kdd_cup_2018,64,4,16,q1,1,fslot_K,mase_context,2,0.9367750835851151,0.8965796799323346,0.9776912898161173,-0.07843798146598069,-0.11432649102032545,-0.04623567349301165,False,False,11,75,506,0,5000
monash_kdd_cup_2018,64,4,16,q1,1,fslot_K,mase_context,3,0.9620021676525602,0.9194789597744948,1.0055467931532993,-0.1036650655334258,-0.13718353189489285,-0.07356313199580067,False,False,11,75,506,0,5000
monash_kdd_cup_2018,64,4,16,q1,1,fslot_K,mase_context,4,0.9720655021657737,0.9272464538845676,1.016668439168848,-0.11372840004663931,-0.14343604846015953,-0.08719236753118963,False,False,11,75,506,0,5000
monash_kdd_cup_2018,64,4,16,q1,1,fslot_K,mase_context,5,0.9980447192377965,0.9565770066595953,1.03796075116885,-0.1397076171186621,-0.1742175802113522,-0.10970987014925107,False,False,11,75,506,0,5000
monash_kdd_cup_2018,64,4,16,q1,1,fslot_K,mase_context,6,0.9517150912770072,0.9071562665590038,0.9953720039124263,-0.09337798915787276,-0.12164637216532442,-0.06917221233185199,False,False,11,75,506,0,5000
monash_kdd_cup_2018,64,4,16,q1,1,fslot_K,mase_context,7,0.9560982800189164,0.9139563808309158,0.996517899387974,-0.097761177899782,-0.12801860692649236,-0.0705046856415699,False,False,11,75,506,0,5000
monash_kdd_cup_2018,64,4,16,q1,1,fslot_K,mase_context,8,0.8937768359532292,0.8452834125563672,0.9400488332104785,-0.03543973383409482,-0.054089032668409705,-0.017957179040159442,False,False,11,75,506,0,5000
monash_kdd_cup_2018,64,4,16,q1,1,fslot_K,mase_context,9,0.8835635351116482,0.8388155164005451,0.9271901408769041,-0.025226432992513814,-0.04253363131279184,-0.01083337837559419,False,False,11,75,506,0,5000
monash_kdd_cup_2018,64,4,16,q1,1,fslot_K,mase_context,10,0.8654560511053329,0.8155929549341984,0.9111572670280015,-0.00711894898619847,-0.015821765439106582,0.00026120863708954163,False,False,11,75,506,0,5000
monash_kdd_cup_2018,64,4,16,q1,1,fslot_K,mase_context,11,0.8583371021191344,0.803676059979199,0.9076271632488658,0.0,0.0,0.0,False,True,11,75,506,0,5000
monash_kdd_cup_2018,64,4,16,q1,1,native,mase_context,,0.8282584781046308,0.7720346593571464,0.8779713097087343,,,,,,,75,506,0,5000
monash_pedestrian_counts,64,4,16,q1,1,content,quantile_loss,0,0.3547704219818115,0.33196822277160354,0.3774672501584337,-0.026550263166427612,-0.032232184935933314,-0.020642844752719647,False,False,4,59,1500,0,5000
monash_pedestrian_counts,64,4,16,q1,1,content,quantile_loss,1,0.33219945430755615,0.3098427719588957,0.3544717129456708,-0.003979295492172241,-0.009131101742729734,0.0011046448952922129,False,False,4,59,1500,0,5000
monash_pedestrian_counts,64,4,16,q1,1,content,quantile_loss,2,0.31544074416160583,0.2935939491505266,0.33754156264893403,0.012779414653778076,0.007753694655007979,0.01777831204012913,True,False,4,59,1500,0,5000
monash_pedestrian_counts,64,4,16,q1,1,content,quantile_loss,3,0.3166273236274719,0.29551993460430653,0.33739748623448274,0.011592835187911987,0.007440059178097118,0.016078146489386855,True,False,4,59,1500,0,5000
monash_pedestrian_counts,64,4,16,q1,1,content,quantile_loss,4,0.3181946277618408,0.2969788733082867,0.33897240402879636,0.01002553105354309,0.00625133459487294,0.013919018969367458,True,True,4,59,1500,0,5000
monash_pedestrian_counts,64,4,16,q1,1,content,quantile_loss,5,0.31861230731010437,0.2983084961276217,0.3389162729980627,0.009607851505279541,0.004881146800746296,0.014336810066047617,True,False,4,59,1500,0,5000
monash_pedestrian_counts,64,4,16,q1,1,content,quantile_loss,6,0.3239370882511139,0.3028936650421513,0.345026967760181,0.0042830705642700195,-0.000473597405863313,0.00884085481580025,False,False,4,59,1500,0,5000
monash_pedestrian_counts,64,4,16,q1,1,content,quantile_loss,7,0.3325854539871216,0.3118203212521719,0.35345114908471237,-0.004365295171737671,-0.009827631846444175,0.0008311710883739621,False,False,4,59,1500,0,5000
monash_pedestrian_counts,64,4,16,q1,1,content,quantile_loss,8,0.33707788586616516,0.31629655605990825,0.35750275848384566,-0.00885772705078125,-0.013772812036622768,-0.004115787266362991,False,False,4,59,1500,0,5000
monash_pedestrian_counts,64,4,16,q1,1,content,quantile_loss,9,0.3310205936431885,0.3115892021810752,0.350689241842223,-0.0028004348278045654,-0.006993727542005679,0.0016322299372969243,False,False,4,59,1500,0,5000
monash_pedestrian_counts,64,4,16,q1,1,content,quantile_loss,10,0.3247377574443817,0.30434988805748786,0.3451656915861392,0.0034824013710021973,-0.0007195200794435905,0.007956957292626875,False,False,4,59,1500,0,5000
monash_pedestrian_counts,64,4,16,q1,1,content,quantile_loss,11,0.3282201588153839,0.30811296589158765,0.34798590837631926,0.0,0.0,0.0,False,False,4,59,1500,0,5000
monash_pedestrian_counts,64,4,16,q1,1,content,mase_context,0,1.4899339124728717,1.423262873497581,1.5572481488220282,-0.08509208714465122,-0.11120431617683582,-0.05816522127373401,False,False,4,59,1500,0,5000
monash_pedestrian_counts,64,4,16,q1,1,content,mase_context,1,1.3983421075833096,1.3425937627751066,1.4553120726217832,0.006499717744910871,-0.018082455641219304,0.0313486842234408,False,False,4,59,1500,0,5000
monash_pedestrian_counts,64,4,16,q1,1,content,mase_context,2,1.3291429206014447,1.2772115550349137,1.3788144218577647,0.07569890472677576,0.04839696979120884,0.10467538978260942,True,False,4,59,1500,0,5000
monash_pedestrian_counts,64,4,16,q1,1,content,mase_context,3,1.3424005890261095,1.2885227282721907,1.3984616479417666,0.06244123630211096,0.04046428449931418,0.08609901278815368,True,False,4,59,1500,0,5000
monash_pedestrian_counts,64,4,16,q1,1,content,mase_context,4,1.3585718838678116,1.3030944420059667,1.4173079962176507,0.04626994146040886,0.024523841086588623,0.0695021840266272,True,True,4,59,1500,0,5000
monash_pedestrian_counts,64,4,16,q1,1,content,mase_context,5,1.3618145588670847,1.3088469390704398,1.414178413438259,0.04302726646113575,0.019022279151500437,0.06682846400170588,True,False,4,59,1500,0,5000
monash_pedestrian_counts,64,4,16,q1,1,content,mase_context,6,1.383248981221811,1.3301459282479253,1.4373427876697307,0.021592844106409492,0.0011287100242115156,0.04179895594987076,True,False,4,59,1500,0,5000
monash_pedestrian_counts,64,4,16,q1,1,content,mase_context,7,1.426617972639262,1.3638197302241712,1.4942229504771973,-0.021776147311041605,-0.04853475995335783,0.002966577790525829,False,False,4,59,1500,0,5000
monash_pedestrian_counts,64,4,16,q1,1,content,mase_context,8,1.444611750214966,1.384784132959191,1.505113118542199,-0.03976992488674558,-0.06238026625479745,-0.017307185124550723,False,False,4,59,1500,0,5000
monash_pedestrian_counts,64,4,16,q1,1,content,mase_context,9,1.4336664126761938,1.3665804065393061,1.505328748853495,-0.02882458734797333,-0.05339972857792742,-0.0060226472335729265,False,False,4,59,1500,0,5000
monash_pedestrian_counts,64,4,16,q1,1,content,mase_context,10,1.4088071395010993,1.3463403005524457,1.4751225292062826,-0.00396531417287882,-0.025249789430252006,0.01732124429328714,False,False,4,59,1500,0,5000
monash_pedestrian_counts,64,4,16,q1,1,content,mase_context,11,1.4048418253282204,1.347779242780412,1.464626145724542,0.0,0.0,0.0,False,False,4,59,1500,0,5000
monash_pedestrian_counts,64,4,16,q1,1,reg,quantile_loss,0,0.3402440547943115,0.3174416887330026,0.36289704777674314,-0.03202885389328003,-0.03853240126658742,-0.025813937603586967,False,False,4,59,1500,0,5000
monash_pedestrian_counts,64,4,16,q1,1,reg,quantile_loss,1,0.3268253207206726,0.304212461857939,0.3493934474672677,-0.018610119819641113,-0.02385884369273485,-0.013637582433242606,False,False,4,59,1500,0,5000
monash_pedestrian_counts,64,4,16,q1,1,reg,quantile_loss,2,0.30300357937812805,0.2819763975114463,0.3241150385365976,0.005211621522903442,0.0006156518616485404,0.009743362114146215,True,False,4,59,1500,0,5000
monash_pedestrian_counts,64,4,16,q1,1,reg,quantile_loss,3,0.2897639572620392,0.26932862986367373,0.3107451110848007,0.01845124363899231,0.014539671084443349,0.022340797403368227,True,False,4,59,1500,0,5000
monash_pedestrian_counts,64,4,16,q1,1,reg,quantile_loss,4,0.28195613622665405,0.26188837758987477,0.30202228553567867,0.02625906467437744,0.022346423288199094,0.030323743592634,True,True,4,59,1500,0,5000
monash_pedestrian_counts,64,4,16,q1,1,reg,quantile_loss,5,0.2836757302284241,0.2638818105673837,0.3037199209419809,0.024539470672607422,0.020609590027883453,0.028601920444937885,True,False,4,59,1500,0,5000
monash_pedestrian_counts,64,4,16,q1,1,reg,quantile_loss,6,0.2876957952976227,0.2681023155036165,0.3076889114641074,0.020519405603408813,0.016661228481623762,0.024746579273192664,True,False,4,59,1500,0,5000
monash_pedestrian_counts,64,4,16,q1,1,reg,quantile_loss,7,0.29089564085006714,0.27138901571032026,0.31087665438694173,0.017319560050964355,0.013580124488939447,0.02134272344949677,True,False,4,59,1500,0,5000
monash_pedestrian_counts,64,4,16,q1,1,reg,quantile_loss,8,0.2952674627304077,0.27589012532717816,0.3151189881213293,0.01294773817062378,0.008916966225280543,0.0174908392919213,True,False,4,59,1500,0,5000
monash_pedestrian_counts,64,4,16,q1,1,reg,quantile_loss,9,0.29599085450172424,0.2762984105874735,0.31614877699081173,0.012224346399307251,0.00822498541574541,0.016323863257430047,True,False,4,59,1500,0,5000
monash_pedestrian_counts,64,4,16,q1,1,reg,quantile_loss,10,0.30197420716285706,0.28191467203184584,0.3218779627188084,0.0062409937381744385,0.0031449507028203498,0.009398356256614677,True,False,4,59,1500,0,5000
monash_pedestrian_counts,64,4,16,q1,1,reg,quantile_loss,11,0.3082152009010315,0.28754077181458115,0.3290701334525779,0.0,0.0,0.0,False,False,4,59,1500,0,5000
monash_pedestrian_counts,64,4,16,q1,1,reg,mase_context,0,1.418488770673189,1.3593748939970876,1.4758524252691125,-0.10062344960675307,-0.12543244202304502,-0.07493605656134274,False,False,4,59,1500,0,5000
monash_pedestrian_counts,64,4,16,q1,1,reg,mase_context,1,1.366779524277982,1.3114456185584236,1.4213553950731168,-0.04891420321154616,-0.06915394081514685,-0.027375773318383676,False,False,4,59,1500,0,5000
monash_pedestrian_counts,64,4,16,q1,1,reg,mase_context,2,1.2753563826383445,1.2267772539600128,1.3239384099833296,0.04250893842809145,0.018387490590785743,0.0683895225408085,True,False,4,59,1500,0,5000
monash_pedestrian_counts,64,4,16,q1,1,reg,mase_context,3,1.220929094920919,1.1754268527115517,1.268072267229881,0.09693622614551689,0.07436605727103632,0.12036655151803366,True,False,4,59,1500,0,5000
monash_pedestrian_counts,64,4,16,q1,1,reg,mase_context,4,1.1957229672737852,1.1495186666445265,1.24399932763254,0.1221423537926507,0.0999995679194249,0.14338423531542285,True,True,4,59,1500,0,5000
monash_pedestrian_counts,64,4,16,q1,1,reg,mase_context,5,1.2042560904744957,1.1601050339934247,1.2501420293386263,0.11360923059194028,0.09242638737369004,0.13467579907434052,True,False,4,59,1500,0,5000
monash_pedestrian_counts,64,4,16,q1,1,reg,mase_context,6,1.2238096222857344,1.176140179635082,1.2727357429683412,0.09405569878070152,0.07547209268666824,0.11372099874716235,True,False,4,59,1500,0,5000
monash_pedestrian_counts,64,4,16,q1,1,reg,mase_context,7,1.2377119967963748,1.1881489164483647,1.2893443309777215,0.08015332427006117,0.06324873818631055,0.09733956282386265,True,False,4,59,1500,0,5000
monash_pedestrian_counts,64,4,16,q1,1,reg,mase_context,8,1.2633747812029832,1.207551862904226,1.3220025470108394,0.05449053986345276,0.03774745063175781,0.07215092391613226,True,False,4,59,1500,0,5000
monash_pedestrian_counts,64,4,16,q1,1,reg,mase_context,9,1.266430006518974,1.2126801946000116,1.3242264954019507,0.051435314547461974,0.03480922567884297,0.06788673417623192,True,False,4,59,1500,0,5000
monash_pedestrian_counts,64,4,16,q1,1,reg,mase_context,10,1.2917174518192247,1.2367283402700517,1.3495019240465702,0.02614786924721124,0.012500324865619783,0.03927153686250188,True,False,4,59,1500,0,5000
monash_pedestrian_counts,64,4,16,q1,1,reg,mase_context,11,1.317865321066436,1.260077075726744,1.3769604940742448,0.0,0.0,0.0,False,False,4,59,1500,0,5000
monash_pedestrian_counts,64,4,16,q1,1,content_K,quantile_loss,0,0.3543126583099365,0.3311590233879914,0.3774949071321603,-0.00451168417930603,-0.010674057521954567,0.0022101993313717776,False,False,2,59,1500,0,5000
monash_pedestrian_counts,64,4,16,q1,1,content_K,quantile_loss,1,0.3334093689918518,0.3115939418560059,0.3550180583123577,0.016391605138778687,0.010792961958989659,0.022207408131143046,True,False,2,59,1500,0,5000
monash_pedestrian_counts,64,4,16,q1,1,content_K,quantile_loss,2,0.32182133197784424,0.3001173160118934,0.34371484145375475,0.027979642152786255,0.02251747472179172,0.03353788609351678,True,True,2,59,1500,0,5000
monash_pedestrian_counts,64,4,16,q1,1,content_K,quantile_loss,3,0.32214170694351196,0.3008727260703085,0.3432416864789463,0.02765926718711853,0.02263317478066673,0.03330781534262296,True,False,2,59,1500,0,5000
monash_pedestrian_counts,64,4,16,q1,1,content_K,quantile_loss,4,0.3259755074977875,0.3048710432234467,0.34685213194045955,0.023825466632843018,0.018795399131845386,0.02908166046563672,True,False,2,59,1500,0,5000
monash_pedestrian_counts,64,4,16,q1,1,content_K,quantile_loss,5,0.32620397210121155,0.3065314973300169,0.3459590817846373,0.023597002029418945,0.018131449395904452,0.02928223017971985,True,False,2,59,1500,0,5000
monash_pedestrian_counts,64,4,16,q1,1,content_K,quantile_loss,6,0.3342409133911133,0.3134836043154884,0.35453279831758117,0.015560060739517212,0.010006135071457966,0.021312076019858038,True,False,2,59,1500,0,5000
monash_pedestrian_counts,64,4,16,q1,1,content_K,quantile_loss,7,0.34225791692733765,0.32116991882199986,0.3629941213925514,0.007543057203292847,0.001735711161366585,0.013223498591627959,True,False,2,59,1500,0,5000
monash_pedestrian_counts,64,4,16,q1,1,content_K,quantile_loss,8,0.3489910364151001,0.3276800609294838,0.3700426123518448,0.0008099377155303955,-0.005677473985457452,0.007221508059082735,False,False,2,59,1500,0,5000
monash_pedestrian_counts,64,4,16,q1,1,content_K,quantile_loss,9,0.3451445400714874,0.325285915178081,0.3654628971754987,0.004656434059143066,-0.0007687232613461547,0.010575070352009506,False,False,2,59,1500,0,5000
monash_pedestrian_counts,64,4,16,q1,1,content_K,quantile_loss,10,0.3494662940502167,0.3284211984233306,0.3711627791988157,0.00033468008041381836,-0.0050173550072171984,0.0055254318731699685,False,False,2,59,1500,0,5000
monash_pedestrian_counts,64,4,16,q1,1,content_K,quantile_loss,11,0.3498009741306305,0.32908711280420105,0.3702698648899427,0.0,0.0,0.0,False,False,2,59,1500,0,5000
monash_pedestrian_counts,64,4,16,q1,1,content_K,mase_context,0,1.4861887816584258,1.4195907818924134,1.5549301940899385,0.013917152544245637,-0.01649201262916857,0.04625405249370509,False,False,2,59,1500,0,5000
monash_pedestrian_counts,64,4,16,q1,1,content_K,mase_context,1,1.4057380050925328,1.3500597661554639,1.461693697061143,0.09436792911013869,0.06408891139813983,0.12414506185548084,True,False,2,59,1500,0,5000
monash_pedestrian_counts,64,4,16,q1,1,content_K,mase_context,2,1.3562374101826606,1.302077580817529,1.4100807678456966,0.14386852402001082,0.11308688785897722,0.17633150534676967,True,True,2,59,1500,0,5000
monash_pedestrian_counts,64,4,16,q1,1,content_K,mase_context,3,1.3662304659690288,1.3098470987322912,1.4243034214667976,0.1338754682336427,0.1060521242755441,0.16418553428573246,True,False,2,59,1500,0,5000
monash_pedestrian_counts,64,4,16,q1,1,content_K,mase_context,4,1.3919479933732581,1.336172967820465,1.449309532572995,0.10815794082941332,0.08056520606845445,0.13770506652734776,True,False,2,59,1500,0,5000
monash_pedestrian_counts,64,4,16,q1,1,content_K,mase_context,5,1.3996006921691901,1.342200566045802,1.4564137574127887,0.10050524203348132,0.07360671369327121,0.12792206010884782,True,False,2,59,1500,0,5000
monash_pedestrian_counts,64,4,16,q1,1,content_K,mase_context,6,1.4313837467866537,1.37386394794421,1.4896343316245044,0.06872218741601777,0.0426294390968496,0.09561251485414829,True,False,2,59,1500,0,5000
monash_pedestrian_counts,64,4,16,q1,1,content_K,mase_context,7,1.467672909881803,1.404706333323349,1.5360005116718767,0.032433024320868364,0.003486120982746105,0.06054188093370432,True,False,2,59,1500,0,5000
monash_pedestrian_counts,64,4,16,q1,1,content_K,mase_context,8,1.4972621701812447,1.4341421894760742,1.561552544519038,0.00284376402142672,-0.026249804100671098,0.03119726794742808,False,False,2,59,1500,0,5000
monash_pedestrian_counts,64,4,16,q1,1,content_K,mase_context,9,1.4896561283156677,1.4198524169699773,1.563024828922705,0.010449805887003727,-0.016735227087112087,0.03804163251258658,False,False,2,59,1500,0,5000
monash_pedestrian_counts,64,4,16,q1,1,content_K,mase_context,10,1.5161924551035302,1.4483679565993697,1.5857749617723975,-0.016086520900858714,-0.037551740347467215,0.0053782262655745474,False,False,2,59,1500,0,5000
monash_pedestrian_counts,64,4,16,q1,1,content_K,mase_context,11,1.5001059342026715,1.4356971172463537,1.5655966226652585,0.0,0.0,0.0,False,False,2,59,1500,0,5000
monash_pedestrian_counts,64,4,16,q1,1,reg_K,quantile_loss,0,0.3407970070838928,0.3174495641096133,0.3635675265861417,-0.027341216802597046,-0.03558489202274309,-0.01911185161571013,False,False,5,59,1500,0,5000
monash_pedestrian_counts,64,4,16,q1,1,reg_K,quantile_loss,1,0.3253765106201172,0.30288640824708635,0.34758117741426636,-0.011920720338821411,-0.0186281407163398,-0.005294345126750025,False,False,5,59,1500,0,5000
monash_pedestrian_counts,64,4,16,q1,1,reg_K,quantile_loss,2,0.3023267090320587,0.28160117696628373,0.32282281356668163,0.01112908124923706,0.005850495909480261,0.016406282820234534,True,False,5,59,1500,0,5000
monash_pedestrian_counts,64,4,16,q1,1,reg_K,quantile_loss,3,0.2943964898586273,0.27439620267198633,0.31446242187714324,0.019059300422668457,0.015388933893369155,0.02277640010587734,True,False,5,59,1500,0,5000
monash_pedestrian_counts,64,4,16,q1,1,reg_K,quantile_loss,4,0.288849413394928,0.26914722017399173,0.3085036849511031,0.024606376886367798,0.021020638349171325,0.02814085014456721,True,False,5,59,1500,0,5000
monash_pedestrian_counts,64,4,16,q1,1,reg_K,quantile_loss,5,0.2856641113758087,0.26578996786019,0.30579669992780256,0.02779167890548706,0.02455534438018608,0.031015848010397848,True,True,5,59,1500,0,5000
monash_pedestrian_counts,64,4,16,q1,1,reg_K,quantile_loss,6,0.2870754897594452,0.2674628199417791,0.307130787515596,0.026380300521850586,0.023045161732928074,0.02991333557473268,True,False,5,59,1500,0,5000
monash_pedestrian_counts,64,4,16,q1,1,reg_K,quantile_loss,7,0.2884988486766815,0.26907838646944526,0.30846256351805246,0.024956941604614258,0.02116946839978541,0.028716350593674948,True,False,5,59,1500,0,5000
monash_pedestrian_counts,64,4,16,q1,1,reg_K,quantile_loss,8,0.2926799952983856,0.273526239087492,0.3124128928533864,0.020775794982910156,0.017273128819951376,0.02457064415368863,True,False,5,59,1500,0,5000
monash_pedestrian_counts,64,4,16,q1,1,reg_K,quantile_loss,9,0.299029141664505,0.2799528361366208,0.31843160224005557,0.014426648616790771,0.010961410213011233,0.018092072490872545,True,False,5,59,1500,0,5000
monash_pedestrian_counts,64,4,16,q1,1,reg_K,quantile_loss,10,0.3018817603588104,0.28193251944994824,0.3219731651786183,0.011574029922485352,0.008832286375315215,0.014202064121840548,True,False,5,59,1500,0,5000
monash_pedestrian_counts,64,4,16,q1,1,reg_K,quantile_loss,11,0.3134557902812958,0.2932825661959963,0.33392610151031793,0.0,0.0,0.0,False,False,5,59,1500,0,5000
monash_pedestrian_counts,64,4,16,q1,1,reg_K,mase_context,0,1.4184049461126114,1.3577440781227936,1.4762714584413679,-0.07517406439589758,-0.10450646201747682,-0.04540981968705675,False,False,5,59,1500,0,5000
monash_pedestrian_counts,64,4,16,q1,1,reg_K,mase_context,1,1.3596278499908179,1.304162547908449,1.4146086152372557,-0.016396968274104085,-0.04031828940096579,0.008242717301570822,False,False,5,59,1500,0,5000
monash_pedestrian_counts,64,4,16,q1,1,reg_K,mase_context,2,1.2720346283820991,1.225584204592007,1.3187626160974395,0.07119625333461466,0.0465311291786321,0.09623269491215374,True,False,5,59,1500,0,5000
monash_pedestrian_counts,64,4,16,q1,1,reg_K,mase_context,3,1.2445777508577769,1.1964532398423595,1.2925140979534366,0.0986531308589369,0.0781935136029012,0.11871082610374016,True,False,5,59,1500,0,5000
monash_pedestrian_counts,64,4,16,q1,1,reg_K,mase_context,4,1.2271946428564102,1.1800059598320827,1.2736160468664635,0.11603623886030356,0.09521778774304465,0.13565287591208827,True,False,5,59,1500,0,5000
monash_pedestrian_counts,64,4,16,q1,1,reg_K,mase_context,5,1.213745043517466,1.169233912698615,1.2593698916927976,0.12948583819924786,0.10880796945697069,0.14787202086174414,True,True,5,59,1500,0,5000
monash_pedestrian_counts,64,4,16,q1,1,reg_K,mase_context,6,1.218787757127064,1.1731774505384864,1.2644774314868792,0.12444312458964979,0.10492947880251006,0.14325514854501445,True,False,5,59,1500,0,5000
monash_pedestrian_counts,64,4,16,q1,1,reg_K,mase_context,7,1.2291375938387108,1.1834482362393148,1.275721359098258,0.11409328787800299,0.09485694640426166,0.13193601693400295,True,False,5,59,1500,0,5000
monash_pedestrian_counts,64,4,16,q1,1,reg_K,mase_context,8,1.2483698991796253,1.1972624579212148,1.300757025040134,0.09486098253708852,0.0779537525868488,0.11045981557212978,True,False,5,59,1500,0,5000
monash_pedestrian_counts,64,4,16,q1,1,reg_K,mase_context,9,1.279355021094625,1.2274412596076214,1.3338163752582413,0.06387586062208883,0.04819754489874673,0.07881693639039003,True,False,5,59,1500,0,5000
monash_pedestrian_counts,64,4,16,q1,1,reg_K,mase_context,10,1.2923659327194177,1.2417428330181548,1.3442192729918065,0.0508649489972961,0.03749731194569866,0.06251588733736918,True,False,5,59,1500,0,5000
monash_pedestrian_counts,64,4,16,q1,1,reg_K,mase_context,11,1.3432308817167138,1.285445999727063,1.4010052132070174,0.0,0.0,0.0,False,False,5,59,1500,0,5000
monash_pedestrian_counts,64,4,16,q1,1,fslot_K,quantile_loss,0,0.492540568113327,0.4826577135737728,0.5031617195864384,-0.2958707958459854,-0.30617334123782447,-0.28459879433087737,False,False,8,59,1500,0,5000
monash_pedestrian_counts,64,4,16,q1,1,fslot_K,quantile_loss,1,0.32109758257865906,0.2987376842165832,0.34256899376090727,-0.12442781031131744,-0.14701924305591518,-0.1024850727553702,False,False,8,59,1500,0,5000
monash_pedestrian_counts,64,4,16,q1,1,fslot_K,quantile_loss,2,0.2286061942577362,0.21185821845636682,0.24649982912771992,-0.03193642199039459,-0.04230561495320539,-0.02167933548839805,False,False,8,59,1500,0,5000
monash_pedestrian_counts,64,4,16,q1,1,fslot_K,quantile_loss,3,0.22110538184642792,0.20529711356176422,0.23856357297634487,-0.024435609579086304,-0.033655360070360685,-0.015574271042820866,False,False,8,59,1500,0,5000
monash_pedestrian_counts,64,4,16,q1,1,fslot_K,quantile_loss,4,0.2061855047941208,0.19130545787721348,0.22291324046465735,-0.009515732526779175,-0.01593652096288368,-0.0031380232167386346,False,False,8,59,1500,0,5000
monash_pedestrian_counts,64,4,16,q1,1,fslot_K,quantile_loss,5,0.2098076492547989,0.19593243474696298,0.22566451234336235,-0.013137876987457275,-0.01870762461680195,-0.007581794273007879,False,False,8,59,1500,0,5000
monash_pedestrian_counts,64,4,16,q1,1,fslot_K,quantile_loss,6,0.19729481637477875,0.18290893465388108,0.21385241054720688,-0.0006250441074371338,-0.005660268257981228,0.004198327558803282,False,False,8,59,1500,0,5000
monash_pedestrian_counts,64,4,16,q1,1,fslot_K,quantile_loss,7,0.19474007189273834,0.1803376471450959,0.21156452143549284,0.0019297003746032715,-0.00295756666161315,0.006781556973726279,False,False,8,59,1500,0,5000
monash_pedestrian_counts,64,4,16,q1,1,fslot_K,quantile_loss,8,0.18692441284656525,0.17294007578468706,0.20315974411730425,0.009745359420776367,0.005719164226584341,0.013458285161948746,True,True,8,59,1500,0,5000
monash_pedestrian_counts,64,4,16,q1,1,fslot_K,quantile_loss,9,0.18860965967178345,0.17532563335283083,0.20421013153104278,0.008060112595558167,0.004713129870415212,0.011168105318336705,True,False,8,59,1500,0,5000
monash_pedestrian_counts,64,4,16,q1,1,fslot_K,quantile_loss,10,0.19264762103557587,0.17981472720095848,0.20755953937959934,0.004022151231765747,0.0017261433401707814,0.006135574335238201,True,False,8,59,1500,0,5000
monash_pedestrian_counts,64,4,16,q1,1,fslot_K,quantile_loss,11,0.1966697722673416,0.18492591516731635,0.210223009250338,0.0,0.0,0.0,False,False,8,59,1500,0,5000
monash_pedestrian_counts,64,4,16,q1,1,fslot_K,mase_context,0,2.045774098266314,1.8867937909097265,2.2084243808584643,-1.153529356237014,-1.2576342786839585,-1.0422194639387725,False,False,8,59,1500,0,5000
monash_pedestrian_counts,64,4,16,q1,1,fslot_K,mase_context,1,1.347545745945089,1.2940964108705513,1.3984917340889718,-0.45530100391578887,-0.5410773671501969,-0.3725298640136127,False,False,8,59,1500,0,5000
monash_pedestrian_counts,64,4,16,q1,1,fslot_K,mase_context,2,0.9748048715714426,0.9369345140235885,1.012552797222273,-0.08256012954214242,-0.13674194289248037,-0.02752208001280162,False,False,8,59,1500,0,5000
monash_pedestrian_counts,64,4,16,q1,1,fslot_K,mase_context,3,0.9483727789976419,0.9087253221054324,0.9870893756699364,-0.05612803696834179,-0.10564006225726899,-0.006279182297971026,False,False,8,59,1500,0,5000
monash_pedestrian_counts,64,4,16,q1,1,fslot_K,mase_context,4,0.8867568999372958,0.8430397537121973,0.9284351365053884,0.005487842092004369,-0.03480075098416934,0.047588017565174605,False,False,8,59,1500,0,5000
monash_pedestrian_counts,64,4,16,q1,1,fslot_K,mase_context,5,0.9240404614460537,0.8734670450001846,0.9758357966798559,-0.03179571941675352,-0.06162682055365098,-0.001400718850890972,False,False,8,59,1500,0,5000
monash_pedestrian_counts,64,4,16,q1,1,fslot_K,mase_context,6,0.8611186444020366,0.8101186078303271,0.9109657115458264,0.031126097627263594,-2.148454806024082e-05,0.06383572506618188,False,False,8,59,1500,0,5000
monash_pedestrian_counts,64,4,16,q1,1,fslot_K,mase_context,7,0.849065788542467,0.7974667060792944,0.8988239810551861,0.043178953486833205,0.01168498911517136,0.07692041434017394,True,False,8,59,1500,0,5000
monash_pedestrian_counts,64,4,16,q1,1,fslot_K,mase_context,8,0.8182981528154013,0.7622378261637478,0.8744081612055332,0.07394658921389885,0.04672990749964655,0.10242846782869044,True,True,8,59,1500,0,5000
monash_pedestrian_counts,64,4,16,q1,1,fslot_K,mase_context,9,0.8299670293692316,0.7740107343419966,0.8855952623933545,0.06227771266006854,0.03718438891461985,0.08911854606130873,True,False,8,59,1500,0,5000
monash_pedestrian_counts,64,4,16,q1,1,fslot_K,mase_context,10,0.8472876807287515,0.7817756509181903,0.9142094469756875,0.04495706130054866,0.03045277812524844,0.058498161657112246,True,False,8,59,1500,0,5000
monash_pedestrian_counts,64,4,16,q1,1,fslot_K,mase_context,11,0.8922447420293002,0.8210408545422428,0.9670782265670781,0.0,0.0,0.0,False,False,8,59,1500,0,5000
monash_pedestrian_counts,64,4,16,q1,1,native,mase_context,,0.5700722939748525,0.5184040615658411,0.6208585491465739,,,,,,,59,1500,0,5000
uber_tlc_hourly,64,4,16,q1,1,content,quantile_loss,0,0.6017640829086304,0.5919521898535255,0.6113807358953991,0.01070183515548706,0.005482179693245767,0.015934045867392322,True,False,4,260,1500,0,5000
uber_tlc_hourly,64,4,16,q1,1,content,quantile_loss,1,0.594183087348938,0.5844426788029565,0.6036258233946419,0.018282830715179443,0.012874306606967886,0.02394504336984003,True,False,4,260,1500,0,5000
uber_tlc_hourly,64,4,16,q1,1,content,quantile_loss,2,0.5710393786430359,0.5602310002579081,0.5818629578254111,0.04142653942108154,0.034995871252831566,0.04798539831264082,True,False,4,260,1500,0,5000
uber_tlc_hourly,64,4,16,q1,1,content,quantile_loss,3,0.5684168338775635,0.5571594121492143,0.579686883770272,0.044049084186553955,0.037489943431533855,0.05068922590349918,True,False,4,260,1500,0,5000
uber_tlc_hourly,64,4,16,q1,1,content,quantile_loss,4,0.5588494539260864,0.5470291072758794,0.5704869993792125,0.053616464138031006,0.046791026009432087,0.060329655271957515,True,True,4,260,1500,0,5000
uber_tlc_hourly,64,4,16,q1,1,content,quantile_loss,5,0.5608209371566772,0.548862573660646,0.5727879096925627,0.051644980907440186,0.04472177678658358,0.05835335629472603,True,False,4,260,1500,0,5000
uber_tlc_hourly,64,4,16,q1,1,content,quantile_loss,6,0.5666947960853577,0.5543371025290366,0.5787653341666283,0.045771121978759766,0.0389815589072932,0.05274168958853647,True,False,4,260,1500,0,5000
uber_tlc_hourly,64,4,16,q1,1,content,quantile_loss,7,0.5732311010360718,0.561803221143726,0.5845550960317881,0.039234817028045654,0.033072973342285344,0.04536585154542477,True,False,4,260,1500,0,5000
uber_tlc_hourly,64,4,16,q1,1,content,quantile_loss,8,0.5729672908782959,0.560799030315755,0.5848580589280996,0.03949862718582153,0.03242305512927591,0.04660829487012482,True,False,4,260,1500,0,5000
uber_tlc_hourly,64,4,16,q1,1,content,quantile_loss,9,0.5740795731544495,0.5628357408018589,0.5850164591378411,0.03838634490966797,0.03224882378480266,0.044705263434122566,True,False,4,260,1500,0,5000
uber_tlc_hourly,64,4,16,q1,1,content,quantile_loss,10,0.5891634821891785,0.577495716987276,0.6002555844984192,0.023302435874938965,0.017759922972559416,0.02882228125775909,True,False,4,260,1500,0,5000
uber_tlc_hourly,64,4,16,q1,1,content,quantile_loss,11,0.6124659180641174,0.6025479455933543,0.6221043790953564,0.0,0.0,0.0,False,False,4,260,1500,0,5000
uber_tlc_hourly,64,4,16,q1,1,content,mase_context,0,1.1304001660851708,1.074912665301252,1.1930528372068363,0.04596988023880022,0.029383645715014062,0.064622925216489,True,False,4,260,1500,0,5000
uber_tlc_hourly,64,4,16,q1,1,content,mase_context,1,1.1166381313144946,1.0628525770516213,1.175058785955221,0.05973191500947639,0.040158320008028034,0.0825048066592843,True,False,4,260,1500,0,5000
uber_tlc_hourly,64,4,16,q1,1,content,mase_context,2,1.0635208950599138,1.0217679364842618,1.1093861370794613,0.11284915126405726,0.08446370872784835,0.14734349132192148,True,False,4,260,1500,0,5000
uber_tlc_hourly,64,4,16,q1,1,content,mase_context,3,1.0535151437917414,1.013533094631036,1.0981402778713298,0.12285490253222964,0.09506647629773493,0.1569932416191312,True,False,4,260,1500,0,5000
uber_tlc_hourly,64,4,16,q1,1,content,mase_context,4,1.029918627757036,0.9931647697220868,1.0706749383127916,0.146451418566935,0.1152913737375496,0.18516131821789594,True,True,4,260,1500,0,5000
uber_tlc_hourly,64,4,16,q1,1,content,mase_context,5,1.0366892851555223,0.9996747461250507,1.0780175813950834,0.13968076116844874,0.10809252700280761,0.1787713322078471,True,False,4,260,1500,0,5000
uber_tlc_hourly,64,4,16,q1,1,content,mase_context,6,1.0372447803625544,1.004406333806814,1.0727093632492952,0.1391252659614166,0.1035626282624014,0.1846874938364658,True,False,4,260,1500,0,5000
uber_tlc_hourly,64,4,16,q1,1,content,mase_context,7,1.057834898289529,1.0185327064553682,1.1016361490563489,0.1185351480344421,0.08968374304641304,0.1547269769271018,True,False,4,260,1500,0,5000
uber_tlc_hourly,64,4,16,q1,1,content,mase_context,8,1.0498449075352094,1.0160286568018824,1.0864156935183702,0.1265251387887616,0.09203259541667641,0.17053829453946595,True,False,4,260,1500,0,5000
uber_tlc_hourly,64,4,16,q1,1,content,mase_context,9,1.064588150079761,1.0236484785642805,1.1119730215368824,0.11178189624421009,0.08507080837976733,0.1450937055912295,True,False,4,260,1500,0,5000
uber_tlc_hourly,64,4,16,q1,1,content,mase_context,10,1.096599647584295,1.0522113622571754,1.14658923791836,0.07977039873967606,0.056235139640976074,0.10908320360363775,True,False,4,260,1500,0,5000
uber_tlc_hourly,64,4,16,q1,1,content,mase_context,11,1.176370046323971,1.1129634995886133,1.2509175257281069,0.0,0.0,0.0,False,False,4,260,1500,0,5000
uber_tlc_hourly,64,4,16,q1,1,reg,quantile_loss,0,0.6100267171859741,0.599533613835435,0.620599607979271,-0.02209073305130005,-0.027822789668693296,-0.016347696708579756,False,False,9,260,1500,0,5000
uber_tlc_hourly,64,4,16,q1,1,reg,quantile_loss,1,0.5992225408554077,0.5881941838601494,0.6106322697319801,-0.011286556720733643,-0.01667727752154042,-0.005978209588356681,False,False,9,260,1500,0,5000
uber_tlc_hourly,64,4,16,q1,1,reg,quantile_loss,2,0.5696641206741333,0.5583012443422295,0.580855990995095,0.01827186346054077,0.014042897137436103,0.022663918071397293,True,False,9,260,1500,0,5000
uber_tlc_hourly,64,4,16,q1,1,reg,quantile_loss,3,0.5594357848167419,0.5486052940240121,0.5702179152117102,0.02850019931793213,0.024480490316464883,0.0326048859629225,True,False,9,260,1500,0,5000
uber_tlc_hourly,64,4,16,q1,1,reg,quantile_loss,4,0.5460657477378845,0.5345748889277044,0.5578007628385889,0.04187023639678955,0.03740368232813185,0.04651604961096365,True,False,9,260,1500,0,5000
uber_tlc_hourly,64,4,16,q1,1,reg,quantile_loss,5,0.5507320165634155,0.5398324011242512,0.5615182145338603,0.037203967571258545,0.0324878063589986,0.04201829676284621,True,False,9,260,1500,0,5000
uber_tlc_hourly,64,4,16,q1,1,reg,quantile_loss,6,0.5520705580711365,0.5414345889600346,0.5626404068767115,0.0358654260635376,0.031009648853650568,0.04106766404687629,True,False,9,260,1500,0,5000
uber_tlc_hourly,64,4,16,q1,1,reg,quantile_loss,7,0.5561471581459045,0.5456297732987554,0.5667874188103198,0.03178882598876953,0.027026363758834215,0.036856495567806395,True,False,9,260,1500,0,5000
uber_tlc_hourly,64,4,16,q1,1,reg,quantile_loss,8,0.5579739809036255,0.547447730583927,0.5685655128655573,0.029962003231048584,0.024510139978575072,0.035775810820233664,True,False,9,260,1500,0,5000
uber_tlc_hourly,64,4,16,q1,1,reg,quantile_loss,9,0.5483750104904175,0.5368370057799071,0.5598772410124561,0.03956097364425659,0.03289737806264289,0.04664706548315388,True,True,9,260,1500,0,5000
uber_tlc_hourly,64,4,16,q1,1,reg,quantile_loss,10,0.5662981867790222,0.5556642814035845,0.5770135669270537,0.021637797355651855,0.01764044971729816,0.025852589726294263,True,False,9,260,1500,0,5000
uber_tlc_hourly,64,4,16,q1,1,reg,quantile_loss,11,0.5879359841346741,0.5778059034212499,0.5980740938164136,0.0,0.0,0.0,False,False,9,260,1500,0,5000
uber_tlc_hourly,64,4,16,q1,1,reg,mase_context,0,1.2349553909188258,1.1119390439409322,1.397226019185718,-0.07218046884719653,-0.11735371657307876,-0.039292612760129846,False,False,9,260,1500,0,5000
uber_tlc_hourly,64,4,16,q1,1,reg,mase_context,1,1.214572956053817,1.091592526052261,1.377476778348976,-0.05179803398218774,-0.09620965442630773,-0.019195220769224763,False,False,9,260,1500,0,5000
uber_tlc_hourly,64,4,16,q1,1,reg,mase_context,2,1.154111611831638,1.0393435051930264,1.3066572730257233,0.00866331023999134,-0.026297111592730925,0.03339300171687266,False,False,9,260,1500,0,5000
uber_tlc_hourly,64,4,16,q1,1,reg,mase_context,3,1.1194532487431712,1.0177740644226487,1.251965226618004,0.043321673328458044,0.028401942269071247,0.056530360991426984,True,False,9,260,1500,0,5000
uber_tlc_hourly,64,4,16,q1,1,reg,mase_context,4,1.078146467423159,0.9874590903832714,1.1987299779545453,0.08462845464847035,0.07223897247465681,0.09746687913233315,True,False,9,260,1500,0,5000
uber_tlc_hourly,64,4,16,q1,1,reg,mase_context,5,1.068736105683602,0.9923129284584856,1.166063121736994,0.09403881638802725,0.07327429298706892,0.11899750359655532,True,False,9,260,1500,0,5000
uber_tlc_hourly,64,4,16,q1,1,reg,mase_context,6,1.0655332969310878,0.993346959947618,1.1586853160273327,0.09724162514054147,0.07186494334971723,0.12742876318804133,True,False,9,260,1500,0,5000
uber_tlc_hourly,64,4,16,q1,1,reg,mase_context,7,1.070244997691427,1.0011445738676035,1.157246349214238,0.09252992438020224,0.06471911200198077,0.1280758235482954,True,False,9,260,1500,0,5000
uber_tlc_hourly,64,4,16,q1,1,reg,mase_context,8,1.0663378185126517,1.0024866716784158,1.1463148935308476,0.0964371035589775,0.06316441275951816,0.13915688708099883,True,False,9,260,1500,0,5000
uber_tlc_hourly,64,4,16,q1,1,reg,mase_context,9,1.0353983550001196,0.9791537602541993,1.1065389627394218,0.12737656707150968,0.08550781709010112,0.17933989571753078,True,True,9,260,1500,0,5000
uber_tlc_hourly,64,4,16,q1,1,reg,mase_context,10,1.0918236100187588,1.0189702420150846,1.1830554068634127,0.07095131205287042,0.04653877527534828,0.10199005188792819,True,False,9,260,1500,0,5000
uber_tlc_hourly,64,4,16,q1,1,reg,mase_context,11,1.1627749220716292,1.066514926099844,1.283491462936229,0.0,0.0,0.0,False,False,9,260,1500,0,5000
uber_tlc_hourly,64,4,16,q1,1,content_K,quantile_loss,0,0.6053513288497925,0.5957901340872727,0.6146270761697606,0.023499727249145508,0.016617854758273015,0.030601762306503105,True,False,4,260,1500,0,5000
uber_tlc_hourly,64,4,16,q1,1,content_K,quantile_loss,1,0.5893639922142029,0.5795030744800674,0.5991300295632526,0.03948706388473511,0.03286830156623035,0.04643420532022023,True,False,4,260,1500,0,5000
uber_tlc_hourly,64,4,16,q1,1,content_K,quantile_loss,2,0.5688132047653198,0.5580941598782113,0.579551679961543,0.060037851333618164,0.05247608689774214,0.06751356804618872,True,False,4,260,1500,0,5000
uber_tlc_hourly,64,4,16,q1,1,content_K,quantile_loss,3,0.5603669285774231,0.5489479243565909,0.5716027830610976,0.06848412752151489,0.060854786647493796,0.07626066136660087,True,False,4,260,1500,0,5000
uber_tlc_hourly,64,4,16,q1,1,content_K,quantile_loss,4,0.5618734359741211,0.5498820434756634,0.5737583543693675,0.0669776201248169,0.05909585908000114,0.07490299618732635,True,True,4,260,1500,0,5000
uber_tlc_hourly,64,4,16,q1,1,content_K,quantile_loss,5,0.5588420629501343,0.546715680024783,0.5707552396647876,0.07000899314880371,0.0618728611882892,0.07796245250154903,True,False,4,260,1500,0,5000
uber_tlc_hourly,64,4,16,q1,1,content_K,quantile_loss,6,0.5725113749504089,0.560844110588082,0.5839634896415272,0.05633968114852905,0.04934500577546645,0.06356467615992782,True,False,4,260,1500,0,5000
uber_tlc_hourly,64,4,16,q1,1,content_K,quantile_loss,7,0.5778030753135681,0.5668415993149528,0.5885975455951283,0.05104798078536987,0.04383445374050738,0.05849424214123693,True,False,4,260,1500,0,5000
uber_tlc_hourly,64,4,16,q1,1,content_K,quantile_loss,8,0.5817089080810547,0.5699493138912509,0.5932749929621908,0.0471421480178833,0.039558827667566306,0.05467473159584203,True,False,4,260,1500,0,5000
uber_tlc_hourly,64,4,16,q1,1,content_K,quantile_loss,9,0.5820894837379456,0.5708896336467009,0.5930815461237086,0.04676157236099243,0.03990350129346142,0.053683146718544496,True,False,4,260,1500,0,5000
uber_tlc_hourly,64,4,16,q1,1,content_K,quantile_loss,10,0.6044772267341614,0.5925065885137183,0.6159999047719192,0.02437382936477661,0.01861788583811671,0.030243278308736257,True,False,4,260,1500,0,5000
uber_tlc_hourly,64,4,16,q1,1,content_K,quantile_loss,11,0.628851056098938,0.6178486031110275,0.6394231784390868,0.0,0.0,0.0,False,False,4,260,1500,0,5000
uber_tlc_hourly,64,4,16,q1,1,content_K,mase_context,0,1.1352735606060675,1.0806775966130138,1.1969596014685877,0.07488236966525186,0.05497023523519267,0.09584518445936341,True,False,4,260,1500,0,5000
uber_tlc_hourly,64,4,16,q1,1,content_K,mase_context,1,1.1088995009011344,1.0539191414667657,1.1708421259163035,0.10125642937018497,0.08220041320507565,0.12103918402470532,True,False,4,260,1500,0,5000
uber_tlc_hourly,64,4,16,q1,1,content_K,mase_context,2,1.0587630689695402,1.0178198198958883,1.1034523832384842,0.1513928613017792,0.1219743007232468,0.18384184925579755,True,False,4,260,1500,0,5000
uber_tlc_hourly,64,4,16,q1,1,content_K,mase_context,3,1.0318511107679886,0.9964333611162298,1.0711097012690165,0.17830481950333077,0.14620405188268262,0.2152961576729387,True,False,4,260,1500,0,5000
uber_tlc_hourly,64,4,16,q1,1,content_K,mase_context,4,1.0343962457098248,0.9985024416937206,1.0746876665584546,0.1757596845614946,0.14462311513053466,0.21142483835900772,True,True,4,260,1500,0,5000
uber_tlc_hourly,64,4,16,q1,1,content_K,mase_context,5,1.0291220689150242,0.9936407110670008,1.0681653868444319,0.18103386135629518,0.14847939285133685,0.21792653139441542,True,False,4,260,1500,0,5000
uber_tlc_hourly,64,4,16,q1,1,content_K,mase_context,6,1.0491790988601348,1.0145921704740026,1.0860737770173883,0.16097683141118457,0.12748940317286545,0.2017800491194434,True,False,4,260,1500,0,5000
uber_tlc_hourly,64,4,16,q1,1,content_K,mase_context,7,1.0665438262932723,1.0268921059011347,1.1091025609550713,0.14361210397804713,0.1144973818642992,0.1778488971099864,True,False,4,260,1500,0,5000
uber_tlc_hourly,64,4,16,q1,1,content_K,mase_context,8,1.0708474127515455,1.0331880305178438,1.1114054055024087,0.1393085175197739,0.10929746750639194,0.17493541285380262,True,False,4,260,1500,0,5000
uber_tlc_hourly,64,4,16,q1,1,content_K,mase_context,9,1.0749753180241661,1.0359109288212547,1.119328712600088,0.13518061224715328,0.10732433507310818,0.16914555368322134,True,False,4,260,1500,0,5000
uber_tlc_hourly,64,4,16,q1,1,content_K,mase_context,10,1.1262613810459559,1.080221302005636,1.1774946848275936,0.08389454922536355,0.062306724394321236,0.1095675409134418,True,False,4,260,1500,0,5000
uber_tlc_hourly,64,4,16,q1,1,content_K,mase_context,11,1.2101559302713194,1.1469206496185553,1.2825671727225272,0.0,0.0,0.0,False,False,4,260,1500,0,5000
uber_tlc_hourly,64,4,16,q1,1,reg_K,quantile_loss,0,0.6089980602264404,0.5981406277495727,0.6200260656203048,-0.021069884300231934,-0.02708005148922003,-0.014983004634510667,False,False,9,260,1500,0,5000
uber_tlc_hourly,64,4,16,q1,1,reg_K,quantile_loss,1,0.5891830921173096,0.5778404584630412,0.6007404208461302,-0.0012549161911010742,-0.006485640815563834,0.0037499440249057063,False,False,9,260,1500,0,5000
uber_tlc_hourly,64,4,16,q1,1,reg_K,quantile_loss,2,0.5668167471885681,0.5550904629721598,0.5783968248097072,0.02111142873764038,0.01637371937267583,0.025656029053958758,True,False,9,260,1500,0,5000
uber_tlc_hourly,64,4,16,q1,1,reg_K,quantile_loss,3,0.5561468601226807,0.5452750157826997,0.5670607931959291,0.03178131580352783,0.02715891374971458,0.03629789209742019,True,False,9,260,1500,0,5000
uber_tlc_hourly,64,4,16,q1,1,reg_K,quantile_loss,4,0.5488545894622803,0.5376714747173229,0.5601653067802962,0.03907358646392822,0.03429846522749138,0.04372258377551929,True,False,9,260,1500,0,5000
uber_tlc_hourly,64,4,16,q1,1,reg_K,quantile_loss,5,0.5493531227111816,0.5381325002244791,0.5605483691000529,0.038575053215026855,0.033945591231986066,0.043191155020281896,True,False,9,260,1500,0,5000
uber_tlc_hourly,64,4,16,q1,1,reg_K,quantile_loss,6,0.5512661933898926,0.5405878072176931,0.5620578376459563,0.03666198253631592,0.03220833164949967,0.04120180736130374,True,False,9,260,1500,0,5000
uber_tlc_hourly,64,4,16,q1,1,reg_K,quantile_loss,7,0.5519721508026123,0.541512301093121,0.5623110234535585,0.03595602512359619,0.030787823421398203,0.04147395843377663,True,False,9,260,1500,0,5000
uber_tlc_hourly,64,4,16,q1,1,reg_K,quantile_loss,8,0.5665819644927979,0.557001148926499,0.5762338931019241,0.021346211433410645,0.016098318690569158,0.0267568533483339,True,False,9,260,1500,0,5000
uber_tlc_hourly,64,4,16,q1,1,reg_K,quantile_loss,9,0.5544164776802063,0.5439054541981636,0.5651118277237451,0.0335116982460022,0.027945939974940954,0.0395390508787438,True,True,9,260,1500,0,5000
uber_tlc_hourly,64,4,16,q1,1,reg_K,quantile_loss,10,0.5573827028274536,0.5465104197054854,0.5681837760305665,0.030545473098754883,0.025238333424275432,0.0362687520621936,True,False,9,260,1500,0,5000
uber_tlc_hourly,64,4,16,q1,1,reg_K,quantile_loss,11,0.5879281759262085,0.5777594273730686,0.5981890865797028,0.0,0.0,0.0,False,False,9,260,1500,0,5000
uber_tlc_hourly,64,4,16,q1,1,reg_K,mase_context,0,1.2344211810672887,1.1083554801816708,1.4022294481628343,-0.07533647469925753,-0.13347238092846977,-0.03380545933381846,False,False,9,260,1500,0,5000
uber_tlc_hourly,64,4,16,q1,1,reg_K,mase_context,1,1.1869993059809965,1.0672342771966195,1.3445919058872688,-0.027914599612965274,-0.07658211445368379,0.0064197833407173815,False,False,9,260,1500,0,5000
uber_tlc_hourly,64,4,16,q1,1,reg_K,mase_context,2,1.1629215971698885,1.0347484503380755,1.337076529545542,-0.00383689080185734,-0.06904282159580544,0.040908830535805935,False,False,9,260,1500,0,5000
uber_tlc_hourly,64,4,16,q1,1,reg_K,mase_context,3,1.1144178250317502,1.0115896147215955,1.2521276592295894,0.04466688133628094,0.015412003097428852,0.06606106789882901,True,False,9,260,1500,0,5000
uber_tlc_hourly,64,4,16,q1,1,reg_K,mase_context,4,1.0945869683103164,0.9964635815858868,1.2258213689629256,0.06449773805771475,0.040270423146462314,0.08325740502058426,True,False,9,260,1500,0,5000
uber_tlc_hourly,64,4,16,q1,1,reg_K,mase_context,5,1.0804757914269296,0.9942857648971618,1.192751644549697,0.07860891494110156,0.06598735194758794,0.09205599394347033,True,False,9,260,1500,0,5000
uber_tlc_hourly,64,4,16,q1,1,reg_K,mase_context,6,1.0761809389381571,0.9954716739174546,1.181535519354599,0.08290376742987404,0.06832968094847951,0.09880773103201491,True,False,9,260,1500,0,5000
uber_tlc_hourly,64,4,16,q1,1,reg_K,mase_context,7,1.0616755627114238,0.9930824184715067,1.1493239767871863,0.09740914365660736,0.07292029797763798,0.1262527137203858,True,False,9,260,1500,0,5000
uber_tlc_hourly,64,4,16,q1,1,reg_K,mase_context,8,1.097868475877249,1.0255420024309025,1.189320873337607,0.061216230490782175,0.0394209329282561,0.08669898199458997,True,False,9,260,1500,0,5000
uber_tlc_hourly,64,4,16,q1,1,reg_K,mase_context,9,1.0581073071974056,0.9967069576415176,1.1328019345764628,0.10097739917062554,0.06914318152085855,0.14186313890929836,True,True,9,260,1500,0,5000
uber_tlc_hourly,64,4,16,q1,1,reg_K,mase_context,10,1.0629136675872042,1.000742252527359,1.1378727075475596,0.096171038780827,0.06488470187053227,0.13588432398437417,True,False,9,260,1500,0,5000
uber_tlc_hourly,64,4,16,q1,1,reg_K,mase_context,11,1.1590847063680312,1.0682165552989566,1.271478348126673,0.0,0.0,0.0,False,False,9,260,1500,0,5000
uber_tlc_hourly,64,4,16,q1,1,fslot_K,quantile_loss,0,0.5932498574256897,0.5831110586622548,0.6028643100547186,-0.1525644063949585,-0.1667688246039483,-0.13840858129530378,False,False,8,260,1500,0,5000
uber_tlc_hourly,64,4,16,q1,1,fslot_K,quantile_loss,1,0.5386660695075989,0.5257432787338375,0.5513310473258107,-0.09798061847686768,-0.10846303430705682,-0.08744176479833107,False,False,8,260,1500,0,5000
uber_tlc_hourly,64,4,16,q1,1,fslot_K,quantile_loss,2,0.47347086668014526,0.45858424262422315,0.48819697307580917,-0.03278541564941406,-0.03758379936574057,-0.027939727586105852,False,False,8,260,1500,0,5000
uber_tlc_hourly,64,4,16,q1,1,fslot_K,quantile_loss,3,0.45968708395957947,0.4432188196892825,0.476016996072643,-0.019001632928848267,-0.025082849620900415,-0.012430717176157194,False,False,8,260,1500,0,5000
uber_tlc_hourly,64,4,16,q1,1,fslot_K,quantile_loss,4,0.44515562057495117,0.42823334048619766,0.4621662543283213,-0.004470169544219971,-0.010571049901339637,0.0019740031348341484,False,False,8,260,1500,0,5000
uber_tlc_hourly,64,4,16,q1,1,fslot_K,quantile_loss,5,0.44399338960647583,0.426936879823907,0.4609396020531647,-0.003307938575744629,-0.009864607799695177,0.003739886044273883,False,False,8,260,1500,0,5000
uber_tlc_hourly,64,4,16,q1,1,fslot_K,quantile_loss,6,0.4387491047382355,0.42114328420465386,0.45625182970646383,0.0019363462924957275,-0.004721698437680698,0.009112609829927155,False,False,8,260,1500,0,5000
uber_tlc_hourly,64,4,16,q1,1,fslot_K,quantile_loss,7,0.4370311498641968,0.4192910239018846,0.45462283911135226,0.003654301166534424,-0.0029885753078586707,0.010993789217997336,False,False,8,260,1500,0,5000
uber_tlc_hourly,64,4,16,q1,1,fslot_K,quantile_loss,8,0.4326663911342621,0.4151692211822018,0.4499973553179813,0.008019059896469116,0.001841131787486229,0.014754055155295364,True,True,8,260,1500,0,5000
uber_tlc_hourly,64,4,16,q1,1,fslot_K,quantile_loss,9,0.4397857189178467,0.4233026445021053,0.4561477978498197,0.0008997321128845215,-0.0022067449801520755,0.004239888940105666,False,False,8,260,1500,0,5000
uber_tlc_hourly,64,4,16,q1,1,fslot_K,quantile_loss,10,0.4398251175880432,0.4236111463984676,0.45613500714093036,0.0008603334426879883,-0.0019828964291032716,0.003907755777590946,False,False,8,260,1500,0,5000
uber_tlc_hourly,64,4,16,q1,1,fslot_K,quantile_loss,11,0.4406854510307312,0.4242772940004588,0.4569417060822209,0.0,0.0,0.0,False,False,8,260,1500,0,5000
uber_tlc_hourly,64,4,16,q1,1,fslot_K,mase_context,0,1.0957570988766077,1.050079395227584,1.1439739466094967,-0.27961544050983345,-0.3167514244459041,-0.2431427385833585,False,False,8,260,1500,0,5000
uber_tlc_hourly,64,4,16,q1,1,fslot_K,mase_context,1,0.9824784432923388,0.9509091295734584,1.017775291710156,-0.16633678492556458,-0.1945625515250924,-0.13706922706392605,False,False,8,260,1500,0,5000
uber_tlc_hourly,64,4,16,q1,1,fslot_K,mase_context,2,0.8621681291281041,0.8359481102918547,0.8921845602887112,-0.04602647076132993,-0.06346569361470424,-0.024460501163064932,False,False,8,260,1500,0,5000
uber_tlc_hourly,64,4,16,q1,1,fslot_K,mase_context,3,0.8202460870375239,0.8028554709245519,0.8399751007619367,-0.004104428670749671,-0.029715733666857123,0.027805407541274002,False,False,8,260,1500,0,5000
uber_tlc_hourly,64,4,16,q1,1,fslot_K,mase_context,4,0.7913312475881042,0.7755208638223735,0.8092206986034417,0.024810410778669967,-0.0016242295076958704,0.058498410555739434,False,False,8,260,1500,0,5000
uber_tlc_hourly,64,4,16,q1,1,fslot_K,mase_context,5,0.7881143733628989,0.773717277710161,0.803408546289771,0.028027285003875302,-0.0013337285509527367,0.06583229436732918,False,False,8,260,1500,0,5000
uber_tlc_hourly,64,4,16,q1,1,fslot_K,mase_context,6,0.7732998759311362,0.7598602967296288,0.7873552759326382,0.042841782435637965,0.012261662504135457,0.08144705740685912,True,False,8,260,1500,0,5000
uber_tlc_hourly,64,4,16,q1,1,fslot_K,mase_context,7,0.7690395708101108,0.756081522506182,0.7821918437651997,0.04710208755666345,0.014950640570262973,0.08808363594852252,True,False,8,260,1500,0,5000
uber_tlc_hourly,64,4,16,q1,1,fslot_K,mase_context,8,0.7671440697343344,0.7530377461397112,0.7821149450130072,0.04899758863243986,0.019744999545213592,0.08556081284860245,True,True,8,260,1500,0,5000
uber_tlc_hourly,64,4,16,q1,1,fslot_K,mase_context,9,0.8105027507721865,0.775190532409291,0.8543649723604746,0.005638907594587739,-0.003977579454998853,0.016029365799919253,False,False,8,260,1500,0,5000
uber_tlc_hourly,64,4,16,q1,1,fslot_K,mase_context,10,0.8140318059152605,0.7749973552004445,0.8644502885973662,0.0021098524515137385,-0.005773447725913519,0.009651527204907527,False,False,8,260,1500,0,5000
uber_tlc_hourly,64,4,16,q1,1,fslot_K,mase_context,11,0.8161416583667742,0.7774216211838921,0.8641538793670653,0.0,0.0,0.0,False,False,8,260,1500,0,5000
uber_tlc_hourly,64,4,16,q1,1,native,mase_context,,0.6582269958161624,0.6427970268922538,0.6727377144742643,,,,,,,260,1500,0,5000
monash_electricity_hourly,64,4,16,q9,9,content,quantile_loss,0,2.5193138122558594,2.375294732830137,2.6638957957768414,-0.06962275505065918,-0.11487372077952196,-0.02831155479315031,False,False,2,318,1500,0,5000
monash_electricity_hourly,64,4,16,q9,9,content,quantile_loss,1,2.4283125400543213,2.289878046273801,2.5684548389820856,0.021378517150878906,-0.01668754603004171,0.05730177113688699,False,False,2,318,1500,0,5000
monash_electricity_hourly,64,4,16,q9,9,content,quantile_loss,2,2.3133814334869385,2.1859970803375135,2.4410321254516765,0.13630962371826172,0.10596753801393868,0.1672759875815971,True,True,2,318,1500,0,5000
monash_electricity_hourly,64,4,16,q9,9,content,quantile_loss,3,2.349440097808838,2.2254159639645836,2.4751418420639153,0.1002509593963623,0.06891062208962376,0.13192484928639203,True,False,2,318,1500,0,5000
monash_electricity_hourly,64,4,16,q9,9,content,quantile_loss,4,2.3784751892089844,2.2512375613100692,2.5049500860370237,0.07121586799621582,0.038262415761769086,0.10400275839895225,True,False,2,318,1500,0,5000
monash_electricity_hourly,64,4,16,q9,9,content,quantile_loss,5,2.4258768558502197,2.299839689254444,2.551241078456495,0.02381420135498047,-0.012732824734189683,0.05906698077738813,False,False,2,318,1500,0,5000
monash_electricity_hourly,64,4,16,q9,9,content,quantile_loss,6,2.4713776111602783,2.3437675883977795,2.597873029011841,-0.021686553955078125,-0.05508268955675599,0.010048182997924269,False,False,2,318,1500,0,5000
monash_electricity_hourly,64,4,16,q9,9,content,quantile_loss,7,2.5380849838256836,2.411462741141608,2.664413084567389,-0.0883939266204834,-0.121497885040901,-0.056077745030767547,False,False,2,318,1500,0,5000
monash_electricity_hourly,64,4,16,q9,9,content,quantile_loss,8,2.5652096271514893,2.4420319859472692,2.6892085307597737,-0.11551856994628906,-0.14732188604550353,-0.08477200149514784,False,False,2,318,1500,0,5000
monash_electricity_hourly,64,4,16,q9,9,content,quantile_loss,9,2.5073869228363037,2.3846044496123975,2.627223354693544,-0.057695865631103516,-0.08676552725051065,-0.029533732961714382,False,False,2,318,1500,0,5000
monash_electricity_hourly,64,4,16,q9,9,content,quantile_loss,10,2.4626760482788086,2.338461070532777,2.585044530287742,-0.012984991073608398,-0.03720537164673243,0.011414847508767803,False,False,2,318,1500,0,5000
monash_electricity_hourly,64,4,16,q9,9,content,quantile_loss,11,2.4496910572052,2.3275048987152696,2.5725056480235375,0.0,0.0,0.0,False,False,2,318,1500,0,5000
monash_electricity_hourly,64,4,16,q9,9,content,mase_context,0,1.5254237344414523,1.4726297738960294,1.5847418454136981,0.013359696392858611,-0.012195816568340484,0.03954661967163969,False,False,2,318,1500,0,5000
monash_electricity_hourly,64,4,16,q9,9,content,mase_context,1,1.4867373613432358,1.42980961838535,1.5490318826599843,0.05204606949107515,0.02887237959385728,0.07573540327208324,True,False,2,318,1500,0,5000
monash_electricity_hourly,64,4,16,q9,9,content,mase_context,2,1.430136941811153,1.376554426152709,1.4909048039709079,0.10864648902315799,0.08644751375200713,0.1305932225556959,True,True,2,318,1500,0,5000
monash_electricity_hourly,64,4,16,q9,9,content,mase_context,3,1.4595360169492932,1.4003853788656204,1.5253840451374643,0.07924741388501766,0.057379890842905436,0.10100171398141566,True,False,2,318,1500,0,5000
monash_electricity_hourly,64,4,16,q9,9,content,mase_context,4,1.4786450039274914,1.4187669779518122,1.5454009122932106,0.060138426906819475,0.03987347518921348,0.07957466382714411,True,False,2,318,1500,0,5000
monash_electricity_hourly,64,4,16,q9,9,content,mase_context,5,1.5209609516409592,1.4575776058763623,1.589573339583485,0.01782247919335167,-0.0036866023506451073,0.03764074385942497,False,False,2,318,1500,0,5000
monash_electricity_hourly,64,4,16,q9,9,content,mase_context,6,1.5460902291771244,1.4857204398868005,1.6129452422392099,-0.0073067983428134475,-0.02913213130111208,0.014252374793669463,False,False,2,318,1500,0,5000
monash_electricity_hourly,64,4,16,q9,9,content,mase_context,7,1.6002935505918312,1.5351343665307908,1.6725038610931753,-0.0615101197575203,-0.0818752356642381,-0.041544093937841406,False,False,2,318,1500,0,5000
monash_electricity_hourly,64,4,16,q9,9,content,mase_context,8,1.6225995336112085,1.557475946021869,1.6926635888139123,-0.08381610277689755,-0.10684669175451154,-0.06226326108503197,False,False,2,318,1500,0,5000
monash_electricity_hourly,64,4,16,q9,9,content,mase_context,9,1.574857890919449,1.5135969416789958,1.6432825575943957,-0.03607446008513815,-0.0566860358052773,-0.016473678991990905,False,False,2,318,1500,0,5000
monash_electricity_hourly,64,4,16,q9,9,content,mase_context,10,1.5473364397413407,1.4827207205588113,1.617922952211851,-0.008553008907029813,-0.02513302480012103,0.007446596950701959,False,False,2,318,1500,0,5000
monash_electricity_hourly,64,4,16,q9,9,content,mase_context,11,1.538783430834311,1.4767360808711594,1.6046472640749654,0.0,0.0,0.0,False,False,2,318,1500,0,5000
monash_electricity_hourly,64,4,16,q9,9,reg,quantile_loss,0,2.3963429927825928,2.2565562857165955,2.533024832870717,-0.09277892112731934,-0.13748595953452086,-0.05048935761778297,False,False,3,318,1500,0,5000
monash_electricity_hourly,64,4,16,q9,9,reg,quantile_loss,1,2.2937490940093994,2.1630046332324127,2.421928220020927,0.009814977645874023,-0.02627769872220508,0.04451018685936794,False,False,3,318,1500,0,5000
monash_electricity_hourly,64,4,16,q9,9,reg,quantile_loss,2,2.1871612071990967,2.065934285499009,2.3081370511790893,0.11640286445617676,0.08925315926879131,0.14351761847439498,True,False,3,318,1500,0,5000
monash_electricity_hourly,64,4,16,q9,9,reg,quantile_loss,3,2.125903844833374,2.0120602636601954,2.2419471152037813,0.17766022682189941,0.15280199049031135,0.20197233559780917,True,True,3,318,1500,0,5000
monash_electricity_hourly,64,4,16,q9,9,reg,quantile_loss,4,2.1172471046447754,2.007908782231755,2.22825246830618,0.18631696701049805,0.16281331713757488,0.20917273067055805,True,False,3,318,1500,0,5000
monash_electricity_hourly,64,4,16,q9,9,reg,quantile_loss,5,2.139563798904419,2.027113763080208,2.252507785541995,0.1640002727508545,0.13864286174737273,0.1887483931048172,True,False,3,318,1500,0,5000
monash_electricity_hourly,64,4,16,q9,9,reg,quantile_loss,6,2.168403387069702,2.054941790083782,2.2830580260812106,0.1351606845855713,0.11115763123957331,0.15803332028627537,True,False,3,318,1500,0,5000
monash_electricity_hourly,64,4,16,q9,9,reg,quantile_loss,7,2.2129297256469727,2.100312981943561,2.3259049496403184,0.09063434600830078,0.06605091635738124,0.11425177219056006,True,False,3,318,1500,0,5000
monash_electricity_hourly,64,4,16,q9,9,reg,quantile_loss,8,2.2501699924468994,2.136199640326265,2.364935190665779,0.05339407920837402,0.02901424997786154,0.07693925327385287,True,False,3,318,1500,0,5000
monash_electricity_hourly,64,4,16,q9,9,reg,quantile_loss,9,2.2922842502593994,2.1825167616046506,2.4023281107390964,0.011279821395874023,-0.007483744331839059,0.03022055034501708,False,False,3,318,1500,0,5000
monash_electricity_hourly,64,4,16,q9,9,reg,quantile_loss,10,2.302199602127075,2.1903038565916657,2.414641162645262,0.0013644695281982422,-0.014503269956361465,0.01712488415937504,False,False,3,318,1500,0,5000
monash_electricity_hourly,64,4,16,q9,9,reg,quantile_loss,11,2.3035640716552734,2.1922375307974553,2.4138702933660565,0.0,0.0,0.0,False,False,3,318,1500,0,5000
monash_electricity_hourly,64,4,16,q9,9,reg,mase_context,0,1.4280492926118402,1.379789602727861,1.480782249371952,0.0259973795009929,-0.0002533754777781723,0.05311035111526067,False,False,3,318,1500,0,5000
monash_electricity_hourly,64,4,16,q9,9,reg,mase_context,1,1.3680829118240565,1.3207111355127354,1.419782358630873,0.08596376028877661,0.06100596912110442,0.11113625251471758,True,False,3,318,1500,0,5000
monash_electricity_hourly,64,4,16,q9,9,reg,mase_context,2,1.3220186683860147,1.2741235753804288,1.3742809586507996,0.13202800372681844,0.10833628197539596,0.1563574406486861,True,False,3,318,1500,0,5000
monash_electricity_hourly,64,4,16,q9,9,reg,mase_context,3,1.297963695294679,1.248752890334275,1.3512379117853959,0.1560829768181542,0.13470168955786024,0.17757443017743657,True,True,3,318,1500,0,5000
monash_electricity_hourly,64,4,16,q9,9,reg,mase_context,4,1.3136262822269502,1.2607076781100417,1.372369587031982,0.1404203898858829,0.12319351690580913,0.15838207230681361,True,False,3,318,1500,0,5000
monash_electricity_hourly,64,4,16,q9,9,reg,mase_context,5,1.3209912597910218,1.2684258695809696,1.3789947395011577,0.13305541232181128,0.1154044496868029,0.15067105787442822,True,False,3,318,1500,0,5000
monash_electricity_hourly,64,4,16,q9,9,reg,mase_context,6,1.3418691891734247,1.288405249871513,1.4008029945823741,0.11217748293940843,0.0949044904970511,0.12923588564328492,True,False,3,318,1500,0,5000
monash_electricity_hourly,64,4,16,q9,9,reg,mase_context,7,1.3833266179692856,1.326646011896406,1.4455264646229962,0.07072005414354754,0.05491586790205214,0.08642707266508595,True,False,3,318,1500,0,5000
monash_electricity_hourly,64,4,16,q9,9,reg,mase_context,8,1.4084374636393313,1.3523340096266048,1.4718142034900765,0.045609208473501806,0.02865631085676244,0.06214983172708653,True,False,3,318,1500,0,5000
monash_electricity_hourly,64,4,16,q9,9,reg,mase_context,9,1.455749806589486,1.396144272797756,1.5221032651714808,-0.0017031344766529344,-0.015700409038542522,0.012076565065839089,False,False,3,318,1500,0,5000
monash_electricity_hourly,64,4,16,q9,9,reg,mase_context,10,1.4513737106637306,1.3948237652738127,1.5143438008906158,0.002672961449102562,-0.010571987693007956,0.016137757944607475,False,False,3,318,1500,0,5000
monash_electricity_hourly,64,4,16,q9,9,reg,mase_context,11,1.4540466721128331,1.3952570640685298,1.518226392527139,0.0,0.0,0.0,False,False,3,318,1500,0,5000
monash_electricity_hourly,64,4,16,q9,9,content_K,quantile_loss,0,2.528304100036621,2.3832808280061575,2.6722276325205603,0.04586029052734375,0.004310140475360103,0.0847899811916633,True,False,2,318,1500,0,5000
monash_electricity_hourly,64,4,16,q9,9,content_K,quantile_loss,1,2.436431884765625,2.298100818900631,2.5756831050438143,0.13773250579833984,0.10027123343473007,0.17345277192754513,True,False,2,318,1500,0,5000
monash_electricity_hourly,64,4,16,q9,9,content_K,quantile_loss,2,2.354031801223755,2.2248142011154446,2.4819643088411683,0.22013258934020996,0.18440438989653984,0.25452242951268084,True,True,2,318,1500,0,5000
monash_electricity_hourly,64,4,16,q9,9,content_K,quantile_loss,3,2.387028217315674,2.264834644668894,2.5119164203309623,0.18713617324829102,0.15172683579127877,0.22207279659438892,True,False,2,318,1500,0,5000
monash_electricity_hourly,64,4,16,q9,9,content_K,quantile_loss,4,2.446861743927002,2.319143488064986,2.5749452152418875,0.1273026466369629,0.08966424129233509,0.16319654647302484,True,False,2,318,1500,0,5000
monash_electricity_hourly,64,4,16,q9,9,content_K,quantile_loss,5,2.490194320678711,2.3648669147054915,2.6171723485684506,0.0839700698852539,0.04271473753072669,0.12203988013716441,True,False,2,318,1500,0,5000
monash_electricity_hourly,64,4,16,q9,9,content_K,quantile_loss,6,2.546691656112671,2.4180570271475963,2.675015075327289,0.027472734451293945,-0.009744478137168944,0.0625775066880106,False,False,2,318,1500,0,5000
monash_electricity_hourly,64,4,16,q9,9,content_K,quantile_loss,7,2.6206552982330322,2.491051903967708,2.7497466346166033,-0.04649090766906738,-0.08171562286896973,-0.01275574785334807,False,False,2,318,1500,0,5000
monash_electricity_hourly,64,4,16,q9,9,content_K,quantile_loss,8,2.6522719860076904,2.5245413145021183,2.7800870403926785,-0.07810759544372559,-0.11197185467146663,-0.045076705327640874,False,False,2,318,1500,0,5000
monash_electricity_hourly,64,4,16,q9,9,content_K,quantile_loss,9,2.6370747089385986,2.5103512586093726,2.76435062941411,-0.06291031837463379,-0.09322914461098873,-0.0336216957826646,False,False,2,318,1500,0,5000
monash_electricity_hourly,64,4,16,q9,9,content_K,quantile_loss,10,2.6436729431152344,2.5153144834865904,2.773024389453534,-0.06950855255126953,-0.09724790512406441,-0.04283292353923948,False,False,2,318,1500,0,5000
monash_electricity_hourly,64,4,16,q9,9,content_K,quantile_loss,11,2.574164390563965,2.447592807417807,2.702598525851227,0.0,0.0,0.0,False,False,2,318,1500,0,5000
monash_electricity_hourly,64,4,16,q9,9,content_K,mase_context,0,1.5417767851338882,1.4855066352200943,1.604562368681412,0.08652715974852954,0.059196006706552146,0.11389123264788431,True,False,2,318,1500,0,5000
monash_electricity_hourly,64,4,16,q9,9,content_K,mase_context,1,1.4839512415952574,1.4282859643200374,1.5450309279900651,0.14435270328716032,0.11710730018025522,0.1715467473450942,True,False,2,318,1500,0,5000
monash_electricity_hourly,64,4,16,q9,9,content_K,mase_context,2,1.4462053040351928,1.3914457105930267,1.5065379603657032,0.18209864084722494,0.15824481085581293,0.20613711477707278,True,True,2,318,1500,0,5000
monash_electricity_hourly,64,4,16,q9,9,content_K,mase_context,3,1.4929479843094184,1.4346934632886816,1.5566792091850843,0.13535596057299926,0.1110594127322326,0.1594532365594996,True,False,2,318,1500,0,5000
monash_electricity_hourly,64,4,16,q9,9,content_K,mase_context,4,1.5338370920550035,1.4683279385623897,1.605079315990421,0.09446685282741418,0.07162190142727104,0.11653502889877243,True,False,2,318,1500,0,5000
monash_electricity_hourly,64,4,16,q9,9,content_K,mase_context,5,1.5689791424124286,1.5041471146147407,1.6396139830581102,0.05932480246998906,0.03646050532347279,0.0809151445762818,True,False,2,318,1500,0,5000
monash_electricity_hourly,64,4,16,q9,9,content_K,mase_context,6,1.5932330485524782,1.5319746361225637,1.6590668214961224,0.03507089632993954,0.009307832603816507,0.061420380630741025,True,False,2,318,1500,0,5000
monash_electricity_hourly,64,4,16,q9,9,content_K,mase_context,7,1.6562891779630269,1.5884572784610098,1.7296242847261913,-0.027985233080609184,-0.05005608892888689,-0.006282730203030067,False,False,2,318,1500,0,5000
monash_electricity_hourly,64,4,16,q9,9,content_K,mase_context,8,1.6814143385952987,1.613165048905271,1.7554919572565002,-0.053110393712880954,-0.07816839346312486,-0.028754170708618874,False,False,2,318,1500,0,5000
monash_electricity_hourly,64,4,16,q9,9,content_K,mase_context,9,1.6571736615776762,1.5926555679006507,1.7280710465715388,-0.028869716695258507,-0.0515286665464679,-0.006888506568390811,False,False,2,318,1500,0,5000
monash_electricity_hourly,64,4,16,q9,9,content_K,mase_context,10,1.6827945016938926,1.6131183601139003,1.759350770052979,-0.054490556811474855,-0.0753163150919603,-0.034494828286911534,False,False,2,318,1500,0,5000
monash_electricity_hourly,64,4,16,q9,9,content_K,mase_context,11,1.6283039448824177,1.5620558478685453,1.69781271928643,0.0,0.0,0.0,False,False,2,318,1500,0,5000
monash_electricity_hourly,64,4,16,q9,9,reg_K,quantile_loss,0,2.413684606552124,2.273749249616955,2.551969225706209,-0.07061266899108887,-0.11723107970659616,-0.02679364763831174,False,False,3,318,1500,0,5000
monash_electricity_hourly,64,4,16,q9,9,reg_K,quantile_loss,1,2.30037522315979,2.1692875853240667,2.4296268675008945,0.04269671440124512,0.004983448635977928,0.07793714463282966,True,False,3,318,1500,0,5000
monash_electricity_hourly,64,4,16,q9,9,reg_K,quantile_loss,2,2.1877381801605225,2.0669154382198753,2.3098625700667696,0.1553337574005127,0.1259428246903249,0.18286597174826655,True,False,3,318,1500,0,5000
monash_electricity_hourly,64,4,16,q9,9,reg_K,quantile_loss,3,2.124626398086548,2.0112117210687783,2.2415559817913278,0.2184455394744873,0.19280487142874045,0.24342880297368702,True,True,3,318,1500,0,5000
monash_electricity_hourly,64,4,16,q9,9,reg_K,quantile_loss,4,2.129302740097046,2.0183127781165777,2.2416136283779076,0.21376919746398926,0.19058072118869662,0.23702304729442186,True,False,3,318,1500,0,5000
monash_electricity_hourly,64,4,16,q9,9,reg_K,quantile_loss,5,2.1275806427001953,2.015749107947592,2.2408985329588904,0.21549129486083984,0.19121616211574083,0.23975796171755226,True,False,3,318,1500,0,5000
monash_electricity_hourly,64,4,16,q9,9,reg_K,quantile_loss,6,2.1578381061553955,2.047152059538722,2.2692588515260437,0.18523383140563965,0.1600531880207773,0.2101740035984063,True,False,3,318,1500,0,5000
monash_electricity_hourly,64,4,16,q9,9,reg_K,quantile_loss,7,2.2023885250091553,2.089901895194729,2.316236405408844,0.14068341255187988,0.11079371031704972,0.16840455472211024,True,False,3,318,1500,0,5000
monash_electricity_hourly,64,4,16,q9,9,reg_K,quantile_loss,8,2.229914426803589,2.1189887048350307,2.3422226438344946,0.11315751075744629,0.08679833313487702,0.13774560539400835,True,False,3,318,1500,0,5000
monash_electricity_hourly,64,4,16,q9,9,reg_K,quantile_loss,9,2.2940635681152344,2.1815829695973092,2.405778612145226,0.04900836944580078,0.025657692115452758,0.07135970316963626,True,False,3,318,1500,0,5000
monash_electricity_hourly,64,4,16,q9,9,reg_K,quantile_loss,10,2.3161001205444336,2.2014180421752054,2.432477781632624,0.026971817016601562,0.006485906985801104,0.04598844747309178,True,False,3,318,1500,0,5000
monash_electricity_hourly,64,4,16,q9,9,reg_K,quantile_loss,11,2.343071937561035,2.2299517864873284,2.455436464168765,0.0,0.0,0.0,False,False,3,318,1500,0,5000
monash_electricity_hourly,64,4,16,q9,9,reg_K,mase_context,0,1.424836131907659,1.3759628324673912,1.4778853968512848,0.05432357211500416,0.027275148077059948,0.08193557079443026,True,False,3,318,1500,0,5000
monash_electricity_hourly,64,4,16,q9,9,reg_K,mase_context,1,1.3672618625424668,1.3201926509251884,1.4171487282139565,0.11189784148019633,0.08542501894735464,0.13863876004214745,True,False,3,318,1500,0,5000
monash_electricity_hourly,64,4,16,q9,9,reg_K,mase_context,2,1.3252052385159663,1.2768272380657504,1.377775780596007,0.1539544655066969,0.1313502047457948,0.1769120511633302,True,False,3,318,1500,0,5000
monash_electricity_hourly,64,4,16,q9,9,reg_K,mase_context,3,1.2893331669312116,1.2416284709052225,1.3404808701186641,0.18982653709145159,0.16856360559843553,0.21236199367810799,True,True,3,318,1500,0,5000
monash_electricity_hourly,64,4,16,q9,9,reg_K,mase_context,4,1.3059844540600716,1.2556988437842935,1.360894543633548,0.1731752499625916,0.15445425036737478,0.19192231468697518,True,False,3,318,1500,0,5000
monash_electricity_hourly,64,4,16,q9,9,reg_K,mase_context,5,1.310861879511269,1.258918055633266,1.367949327603639,0.1682978245113942,0.1499763667101329,0.18650278655504243,True,False,3,318,1500,0,5000
monash_electricity_hourly,64,4,16,q9,9,reg_K,mase_context,6,1.3419984365761577,1.2896681664342828,1.4006100565966313,0.13716126744650547,0.11917717166976732,0.15504092017889895,True,False,3,318,1500,0,5000
monash_electricity_hourly,64,4,16,q9,9,reg_K,mase_context,7,1.3858915747038816,1.3291115722327822,1.4490508596126523,0.09326812931878159,0.07611030494148649,0.10974504774940196,True,False,3,318,1500,0,5000
monash_electricity_hourly,64,4,16,q9,9,reg_K,mase_context,8,1.4072645597963613,1.3501167599830262,1.471119736513416,0.07189514422630183,0.05460838266931492,0.08827266345662685,True,False,3,318,1500,0,5000
monash_electricity_hourly,64,4,16,q9,9,reg_K,mase_context,9,1.45227764964078,1.3935984392973182,1.5169653837949293,0.02688205438188307,0.011948563258140487,0.041596050478787,True,False,3,318,1500,0,5000
monash_electricity_hourly,64,4,16,q9,9,reg_K,mase_context,10,1.464050786912439,1.406572943612305,1.5286976818811007,0.015108917110224107,0.0012259436707772193,0.028618899184191828,True,False,3,318,1500,0,5000
monash_electricity_hourly,64,4,16,q9,9,reg_K,mase_context,11,1.4791597040226632,1.4203028883341393,1.543024878991338,0.0,0.0,0.0,False,False,3,318,1500,0,5000
monash_electricity_hourly,64,4,16,q9,9,fslot_K,quantile_loss,0,3.5540246963500977,3.491312867199323,3.6165660901774825,-1.8142367601394653,-1.8653445090740854,-1.7647090123828264,False,False,10,318,1500,0,5000
monash_electricity_hourly,64,4,16,q9,9,fslot_K,quantile_loss,1,2.207376003265381,2.1007031736234443,2.315551259406673,-0.46758806705474854,-0.5459523763237456,-0.39136021436469165,False,False,10,318,1500,0,5000
monash_electricity_hourly,64,4,16,q9,9,fslot_K,quantile_loss,2,1.8800609111785889,1.793684383137508,1.9704867237520598,-0.14027297496795654,-0.18778079852096347,-0.09510740811247548,False,False,10,318,1500,0,5000
monash_electricity_hourly,64,4,16,q9,9,fslot_K,quantile_loss,3,1.820886254310608,1.737488241117968,1.9081048419850943,-0.08109831809997559,-0.12499541633564926,-0.04060286016118185,False,False,10,318,1500,0,5000
monash_electricity_hourly,64,4,16,q9,9,fslot_K,quantile_loss,4,1.7934958934783936,1.7170800491259108,1.875032590446112,-0.05370795726776123,-0.09250598067392146,-0.020757572899566874,False,False,10,318,1500,0,5000
monash_electricity_hourly,64,4,16,q9,9,fslot_K,quantile_loss,5,1.7758556604385376,1.6959978166351928,1.859877538878732,-0.03606772422790527,-0.07284643990312713,-0.0030498644611873637,False,False,10,318,1500,0,5000
monash_electricity_hourly,64,4,16,q9,9,fslot_K,quantile_loss,6,1.8071740865707397,1.7312636575640585,1.8864178565488294,-0.06738615036010742,-0.09962735212922373,-0.039555014733628574,False,False,10,318,1500,0,5000
monash_electricity_hourly,64,4,16,q9,9,fslot_K,quantile_loss,7,1.784873366355896,1.7101497206146827,1.8638353630900881,-0.04508543014526367,-0.07508087692059284,-0.018933202386382995,False,False,10,318,1500,0,5000
monash_electricity_hourly,64,4,16,q9,9,fslot_K,quantile_loss,8,1.759168267250061,1.6870694739592085,1.8364636098454126,-0.01938033103942871,-0.04264997880110213,0.0018795282963591203,False,False,10,318,1500,0,5000
monash_electricity_hourly,64,4,16,q9,9,fslot_K,quantile_loss,9,1.7584916353225708,1.689912237308102,1.833344917933073,-0.018703699111938477,-0.033579423247134116,-0.004003469211768798,False,False,10,318,1500,0,5000
monash_electricity_hourly,64,4,16,q9,9,fslot_K,quantile_loss,10,1.755674958229065,1.6902828463001707,1.8265912918180547,-0.015887022018432617,-0.023410523470949834,-0.008145462379013127,False,True,10,318,1500,0,5000
monash_electricity_hourly,64,4,16,q9,9,fslot_K,quantile_loss,11,1.7397879362106323,1.6758629740112951,1.8084412456642078,0.0,0.0,0.0,False,False,10,318,1500,0,5000
monash_electricity_hourly,64,4,16,q9,9,fslot_K,mase_context,0,2.46588678494442,2.334185073442614,2.605428115067136,-1.3268630262724956,-1.4119615472081486,-1.2454064664967606,False,False,10,318,1500,0,5000
monash_electricity_hourly,64,4,16,q9,9,fslot_K,mase_context,1,1.3209803601345096,1.2760291845201086,1.3703281940150769,-0.1819566014625853,-0.2137698781675821,-0.14932048128592576,False,False,10,318,1500,0,5000
monash_electricity_hourly,64,4,16,q9,9,fslot_K,mase_context,2,1.1593002152317087,1.1144032563733461,1.2081572954628612,-0.020276456559784384,-0.046082695291503196,0.005673638114388021,False,False,10,318,1500,0,5000
monash_electricity_hourly,64,4,16,q9,9,fslot_K,mase_context,3,1.1402277769801752,1.0929176049116365,1.1916410268407436,-0.0012040183082508982,-0.02463126127726183,0.022165052254886807,False,False,10,318,1500,0,5000
monash_electricity_hourly,64,4,16,q9,9,fslot_K,mase_context,4,1.100671972790784,1.0540324777610934,1.1515504967261194,0.03835178588114019,0.01484850573883278,0.061778611752522514,True,False,10,318,1500,0,5000
monash_electricity_hourly,64,4,16,q9,9,fslot_K,mase_context,5,1.1214186215562019,1.0727739147994526,1.1734532444992811,0.017605137115722425,-0.0031870742356780828,0.03849163222728276,False,False,10,318,1500,0,5000
monash_electricity_hourly,64,4,16,q9,9,fslot_K,mase_context,6,1.1168751891229847,1.0664977799345752,1.1711285062397718,0.022148569548939623,0.003295795523924727,0.04079628058317494,True,False,10,318,1500,0,5000
monash_electricity_hourly,64,4,16,q9,9,fslot_K,mase_context,7,1.1164697909860726,1.066072372548268,1.1706266523283544,0.022553967685851717,0.003963777660178952,0.040783118033722275,True,False,10,318,1500,0,5000
monash_electricity_hourly,64,4,16,q9,9,fslot_K,mase_context,8,1.1417356630176594,1.0856224375459245,1.2004340366163373,-0.0027119043457350944,-0.014994260353315452,0.010104930989399442,False,False,10,318,1500,0,5000
monash_electricity_hourly,64,4,16,q9,9,fslot_K,mase_context,9,1.119403019719543,1.0648299161156083,1.1754018968053745,0.019620738952381256,0.006798339695511579,0.03334930289149468,True,False,10,318,1500,0,5000
monash_electricity_hourly,64,4,16,q9,9,fslot_K,mase_context,10,1.1389371249700053,1.0800995659859016,1.2012148384455574,8.663370191897002e-05,-0.006566915100898013,0.007034646116154525,False,True,10,318,1500,0,5000
monash_electricity_hourly,64,4,16,q9,9,fslot_K,mase_context,11,1.1390237586719243,1.078480208984632,1.202589297888097,0.0,0.0,0.0,False,False,10,318,1500,0,5000
monash_electricity_hourly,64,4,16,q9,9,native,mase_context,,0.8508159866034439,0.8083956440381994,0.8953094384261651,,,,,,,318,1500,0,5000
monash_kdd_cup_2018,64,4,16,q9,9,content,quantile_loss,0,4.9478864669799805,4.79784093917733,5.112203746396763,0.7045488357543945,0.50327728293515,0.9026920779268676,True,False,11,75,506,0,5000
monash_kdd_cup_2018,64,4,16,q9,9,content,quantile_loss,1,5.392580509185791,5.198163127928975,5.608988841842244,0.259854793548584,0.014510315935408441,0.4867709052480535,True,False,11,75,506,0,5000
monash_kdd_cup_2018,64,4,16,q9,9,content,quantile_loss,2,5.663099765777588,5.479384980718112,5.860862210974463,-0.01066446304321289,-0.26632750643914416,0.2259067702455259,False,False,11,75,506,0,5000
monash_kdd_cup_2018,64,4,16,q9,9,content,quantile_loss,3,5.771894931793213,5.617664801927207,5.955016768582178,-0.11945962905883789,-0.3388783756595202,0.07497229591538226,False,False,11,75,506,0,5000
monash_kdd_cup_2018,64,4,16,q9,9,content,quantile_loss,4,6.06468391418457,5.888474165651244,6.278320586301988,-0.4122486114501953,-0.6494125432603697,-0.19814181226017977,False,False,11,75,506,0,5000
monash_kdd_cup_2018,64,4,16,q9,9,content,quantile_loss,5,6.237226963043213,6.017369413211904,6.463264476708527,-0.5847916603088379,-0.835408832975353,-0.3509231949493046,False,False,11,75,506,0,5000
monash_kdd_cup_2018,64,4,16,q9,9,content,quantile_loss,6,6.202406406402588,5.9917453454663985,6.434425417481451,-0.5499711036682129,-0.7726966861770087,-0.3571754605035326,False,False,11,75,506,0,5000
monash_kdd_cup_2018,64,4,16,q9,9,content,quantile_loss,7,5.827045440673828,5.648987236265025,6.01672351218052,-0.17461013793945312,-0.36741049272080256,0.004100260779682746,False,False,11,75,506,0,5000
monash_kdd_cup_2018,64,4,16,q9,9,content,quantile_loss,8,5.847658634185791,5.668528815026422,6.047920773822505,-0.19522333145141602,-0.3663397215153474,-0.0387025551750358,False,False,11,75,506,0,5000
monash_kdd_cup_2018,64,4,16,q9,9,content,quantile_loss,9,6.169695854187012,5.905516174161206,6.453712919287411,-0.5172605514526367,-0.7054810785551618,-0.33922779095871375,False,False,11,75,506,0,5000
monash_kdd_cup_2018,64,4,16,q9,9,content,quantile_loss,10,6.201988697052002,5.928576763808916,6.4754068589179585,-0.549553394317627,-0.7251373944324779,-0.37583589636868875,False,False,11,75,506,0,5000
monash_kdd_cup_2018,64,4,16,q9,9,content,quantile_loss,11,5.652435302734375,5.445865317023322,5.858121626952886,0.0,0.0,0.0,False,True,11,75,506,0,5000
monash_kdd_cup_2018,64,4,16,q9,9,content,mase_context,0,1.0239885075032187,0.9762558863460261,1.072918571020432,0.10727567232155288,0.06863672885344746,0.14509606163935332,True,False,11,75,506,0,5000
monash_kdd_cup_2018,64,4,16,q9,9,content,mase_context,1,1.1028936062618842,1.0523286199762172,1.157790911092964,0.028370573562887413,-0.01773617504763783,0.06982346051720746,False,False,11,75,506,0,5000
monash_kdd_cup_2018,64,4,16,q9,9,content,mase_context,2,1.1425380114221648,1.0915040569203847,1.1957401996868242,-0.011273831597393258,-0.06399185488167515,0.03752002411853006,False,False,11,75,506,0,5000
monash_kdd_cup_2018,64,4,16,q9,9,content,mase_context,3,1.1544898018796423,1.1060628717531953,1.2070652842384366,-0.023225622054870776,-0.07483359679274598,0.022498678464849257,False,False,11,75,506,0,5000
monash_kdd_cup_2018,64,4,16,q9,9,content,mase_context,4,1.2313589636426783,1.173427675780515,1.2952553336589334,-0.10009478381790671,-0.15531750832850005,-0.05420782735006695,False,False,11,75,506,0,5000
monash_kdd_cup_2018,64,4,16,q9,9,content,mase_context,5,1.261441334003195,1.1996471247315978,1.32481359808892,-0.13017715417842335,-0.18505759222500137,-0.08099834893809349,False,False,11,75,506,0,5000
monash_kdd_cup_2018,64,4,16,q9,9,content,mase_context,6,1.2482257083780417,1.186252591259273,1.3133626737234771,-0.11696152855327013,-0.16703936755390517,-0.07673276240565705,False,False,11,75,506,0,5000
monash_kdd_cup_2018,64,4,16,q9,9,content,mase_context,7,1.1857009921116684,1.1313260434050507,1.2441170231108647,-0.054436812286896785,-0.09491743644017038,-0.01924853569707931,False,False,11,75,506,0,5000
monash_kdd_cup_2018,64,4,16,q9,9,content,mase_context,8,1.1825465920812377,1.1298426733623645,1.2392018739973933,-0.051282412256466126,-0.09080398318525054,-0.015596535001159924,False,False,11,75,506,0,5000
monash_kdd_cup_2018,64,4,16,q9,9,content,mase_context,9,1.2564233139576768,1.1668072049742002,1.3617795362444096,-0.12515913413290525,-0.18184994142576336,-0.07775953489178618,False,False,11,75,506,0,5000
monash_kdd_cup_2018,64,4,16,q9,9,content,mase_context,10,1.2757900881262145,1.1710829027634855,1.3939488461474185,-0.14452590830144296,-0.21106763958383165,-0.08564637798917114,False,False,11,75,506,0,5000
monash_kdd_cup_2018,64,4,16,q9,9,content,mase_context,11,1.1312641798247716,1.0679684483110177,1.196923358514307,0.0,0.0,0.0,False,True,11,75,506,0,5000
monash_kdd_cup_2018,64,4,16,q9,9,reg,quantile_loss,0,4.641778945922852,4.483246842905037,4.813076304666276,0.8924808502197266,0.7374550670195565,1.0373982851267354,True,False,11,75,506,0,5000
monash_kdd_cup_2018,64,4,16,q9,9,reg,quantile_loss,1,4.743721961975098,4.601938444983359,4.910195629119873,0.7905378341674805,0.6267528576955974,0.9404829511604222,True,False,11,75,506,0,5000
monash_kdd_cup_2018,64,4,16,q9,9,reg,quantile_loss,2,4.818617343902588,4.662970484918181,4.990678070163031,0.7156424522399902,0.5418365995570184,0.8765944625801415,True,False,11,75,506,0,5000
monash_kdd_cup_2018,64,4,16,q9,9,reg,quantile_loss,3,4.938807964324951,4.781199415162421,5.112373049626292,0.595451831817627,0.42946666487205193,0.7527466394024867,True,False,11,75,506,0,5000
monash_kdd_cup_2018,64,4,16,q9,9,reg,quantile_loss,4,5.010077953338623,4.865277230717981,5.157747692214891,0.5241818428039551,0.36569620945921766,0.6764935761346511,True,False,11,75,506,0,5000
monash_kdd_cup_2018,64,4,16,q9,9,reg,quantile_loss,5,5.2024970054626465,5.056248799283156,5.356474449484095,0.33176279067993164,0.16539863402448093,0.4880099299507848,True,False,11,75,506,0,5000
monash_kdd_cup_2018,64,4,16,q9,9,reg,quantile_loss,6,5.281620025634766,5.127876428970541,5.4463011854754795,0.2526397705078125,0.07491241630227707,0.4167304696207025,True,False,11,75,506,0,5000
monash_kdd_cup_2018,64,4,16,q9,9,reg,quantile_loss,7,5.395375728607178,5.243710064486646,5.56094272586782,0.1388840675354004,-0.028145583549535603,0.2899959733548859,False,False,11,75,506,0,5000
monash_kdd_cup_2018,64,4,16,q9,9,reg,quantile_loss,8,5.550290107727051,5.403420577071265,5.7120931048264065,-0.016030311584472656,-0.1642106827401975,0.12098837021911617,False,False,11,75,506,0,5000
monash_kdd_cup_2018,64,4,16,q9,9,reg,quantile_loss,9,5.415493011474609,5.263117168578256,5.564540866760037,0.11876678466796875,-0.02886265454782728,0.256733606803214,False,False,11,75,506,0,5000
monash_kdd_cup_2018,64,4,16,q9,9,reg,quantile_loss,10,5.432878017425537,5.274881396343721,5.583793470122132,0.10138177871704102,0.016631849353287098,0.18237984741825347,True,False,11,75,506,0,5000
monash_kdd_cup_2018,64,4,16,q9,9,reg,quantile_loss,11,5.534259796142578,5.368711363004721,5.685118017646739,0.0,0.0,0.0,False,True,11,75,506,0,5000
monash_kdd_cup_2018,64,4,16,q9,9,reg,mase_context,0,0.965454985919528,0.9192373850617843,1.0133542364653625,0.13387642519741938,0.09973323809241622,0.1660495275577316,True,False,11,75,506,0,5000
monash_kdd_cup_2018,64,4,16,q9,9,reg,mase_context,1,0.9925285439185773,0.949921534336078,1.0389629108428058,0.10680286719837018,0.06810648158513513,0.1421164640191945,True,False,11,75,506,0,5000
monash_kdd_cup_2018,64,4,16,q9,9,reg,mase_context,2,1.0138727251406185,0.9665102661369845,1.0635635301684996,0.08545868597632889,0.04616771141735549,0.12083148159907724,True,False,11,75,506,0,5000
monash_kdd_cup_2018,64,4,16,q9,9,reg,mase_context,3,1.0108160954936432,0.965667087402194,1.0566232147105397,0.08851531562330428,0.05339213988199588,0.12151980429628031,True,False,11,75,506,0,5000
monash_kdd_cup_2018,64,4,16,q9,9,reg,mase_context,4,1.0248144922697446,0.9814663120235739,1.0671023565993678,0.0745169188472028,0.04194065056869969,0.10584226446734338,True,False,11,75,506,0,5000
monash_kdd_cup_2018,64,4,16,q9,9,reg,mase_context,5,1.0487458690258677,1.0082618951626852,1.0905876168400876,0.05058554209107968,0.014293251645930672,0.08388874052511952,True,False,11,75,506,0,5000
monash_kdd_cup_2018,64,4,16,q9,9,reg,mase_context,6,1.059601746323844,1.0176066009699474,1.102483584668883,0.03972966479310336,0.0036646300928699143,0.07342355091913484,True,False,11,75,506,0,5000
monash_kdd_cup_2018,64,4,16,q9,9,reg,mase_context,7,1.072243144595537,1.028851852849184,1.1165344012972718,0.027088266521410498,-0.00525121847938642,0.05673285853814746,False,False,11,75,506,0,5000
monash_kdd_cup_2018,64,4,16,q9,9,reg,mase_context,8,1.0939088903669283,1.0542893227594743,1.13397883311241,0.005422520750019144,-0.027180651396607535,0.03657329211404927,False,False,11,75,506,0,5000
monash_kdd_cup_2018,64,4,16,q9,9,reg,mase_context,9,1.0779727511957455,1.0362908520433456,1.1179315304563102,0.021358659921201895,-0.011597834194521239,0.05391859513527648,False,False,11,75,506,0,5000
monash_kdd_cup_2018,64,4,16,q9,9,reg,mase_context,10,1.0788597791038514,1.0244625815468613,1.13579156922346,0.020471632013095986,-0.00440782951080394,0.04201328876891035,False,False,11,75,506,0,5000
monash_kdd_cup_2018,64,4,16,q9,9,reg,mase_context,11,1.0993314111169474,1.0427042719744852,1.1535884068281363,0.0,0.0,0.0,False,True,11,75,506,0,5000
monash_kdd_cup_2018,64,4,16,q9,9,content_K,quantile_loss,0,4.9720282554626465,4.8218821279097694,5.140222539577162,0.5704631805419922,0.3355213280747435,0.7904634030553869,True,False,11,75,506,0,5000
monash_kdd_cup_2018,64,4,16,q9,9,content_K,quantile_loss,1,5.401073932647705,5.203409882739234,5.616018381552436,0.1414175033569336,-0.1393006582767893,0.39598784365200806,False,False,11,75,506,0,5000
monash_kdd_cup_2018,64,4,16,q9,9,content_K,quantile_loss,2,5.690292835235596,5.5150941992734275,5.887393857726584,-0.14780139923095703,-0.43053331001822903,0.12194562132718419,False,False,11,75,506,0,5000
monash_kdd_cup_2018,64,4,16,q9,9,content_K,quantile_loss,3,5.822628498077393,5.654361741377574,6.022548447283705,-0.2801370620727539,-0.5632141071102732,-0.020340927227804846,False,False,11,75,506,0,5000
monash_kdd_cup_2018,64,4,16,q9,9,content_K,quantile_loss,4,6.095304012298584,5.90598803509602,6.3220815572989375,-0.5528125762939453,-0.8194460679378601,-0.31459389279043337,False,False,11,75,506,0,5000
monash_kdd_cup_2018,64,4,16,q9,9,content_K,quantile_loss,5,6.3161187171936035,6.092273534352276,6.54156485685786,-0.7736272811889648,-1.0383614446327858,-0.5468267915011629,False,False,11,75,506,0,5000
monash_kdd_cup_2018,64,4,16,q9,9,content_K,quantile_loss,6,6.243786811828613,6.004086810443386,6.516168115420675,-0.7012953758239746,-0.9926747397246405,-0.4550445884038877,False,False,11,75,506,0,5000
monash_kdd_cup_2018,64,4,16,q9,9,content_K,quantile_loss,7,5.723779678344727,5.538208328389956,5.923588206867333,-0.1812882423400879,-0.42121328545517145,0.03909580884231177,False,False,11,75,506,0,5000
monash_kdd_cup_2018,64,4,16,q9,9,content_K,quantile_loss,8,5.797794818878174,5.605943981348945,6.004712690439066,-0.25530338287353516,-0.4830447983726037,-0.03828682084175331,False,False,11,75,506,0,5000
monash_kdd_cup_2018,64,4,16,q9,9,content_K,quantile_loss,9,5.814434051513672,5.528958622216836,6.131801633953337,-0.2719426155090332,-0.41153155349090637,-0.13842878346150753,False,False,11,75,506,0,5000
monash_kdd_cup_2018,64,4,16,q9,9,content_K,quantile_loss,10,5.846482276916504,5.535086061282214,6.174021132480161,-0.30399084091186523,-0.43611923133344055,-0.16740688751037394,False,False,11,75,506,0,5000
monash_kdd_cup_2018,64,4,16,q9,9,content_K,quantile_loss,11,5.542491436004639,5.27866228094818,5.800867622867074,0.0,0.0,0.0,False,True,11,75,506,0,5000
monash_kdd_cup_2018,64,4,16,q9,9,content_K,mase_context,0,1.028269569269364,0.980250341234761,1.0776251700838577,0.08182520490600043,0.0345285468121195,0.12866221785347445,True,False,11,75,506,0,5000
monash_kdd_cup_2018,64,4,16,q9,9,content_K,mase_context,1,1.112005882309462,1.0623199345568533,1.1691341624259182,-0.001911108134097672,-0.05975620609655345,0.05035863014081329,False,False,11,75,506,0,5000
monash_kdd_cup_2018,64,4,16,q9,9,content_K,mase_context,2,1.147458339577272,1.0989705455239573,1.2006399172864983,-0.03736356540190755,-0.09744456649298816,0.024155723580959867,False,False,11,75,506,0,5000
monash_kdd_cup_2018,64,4,16,q9,9,content_K,mase_context,3,1.16064771006085,1.1140164324035784,1.213119022000949,-0.050552935885485706,-0.11220969294523445,0.01389437324558663,False,False,11,75,506,0,5000
monash_kdd_cup_2018,64,4,16,q9,9,content_K,mase_context,4,1.2399732882641852,1.1858892353359707,1.3004260937299679,-0.12987851408882078,-0.19067898707309078,-0.07475790809716436,False,False,11,75,506,0,5000
monash_kdd_cup_2018,64,4,16,q9,9,content_K,mase_context,5,1.2815329009647678,1.2178366564311922,1.3483941612545332,-0.1714381267894034,-0.23240630190360986,-0.11748011892384295,False,False,11,75,506,0,5000
monash_kdd_cup_2018,64,4,16,q9,9,content_K,mase_context,6,1.2467780904234187,1.1847223364466362,1.3146434440773747,-0.1366833162480543,-0.2018605275043888,-0.07966012096725357,False,False,11,75,506,0,5000
monash_kdd_cup_2018,64,4,16,q9,9,content_K,mase_context,7,1.173031917514825,1.1191095455352493,1.2285762171829198,-0.06293714333946054,-0.11754473814787486,-0.011844840966713361,False,False,11,75,506,0,5000
monash_kdd_cup_2018,64,4,16,q9,9,content_K,mase_context,8,1.1818299652027244,1.1244391733642563,1.245036091259507,-0.07173519102736003,-0.12761889527778283,-0.015802981265650464,False,False,11,75,506,0,5000
monash_kdd_cup_2018,64,4,16,q9,9,content_K,mase_context,9,1.1877225634536768,1.0896619732251498,1.3078201745165938,-0.07762778927831238,-0.1398143201627161,-0.028751137041792194,False,False,11,75,506,0,5000
monash_kdd_cup_2018,64,4,16,q9,9,content_K,mase_context,10,1.1520960159765448,1.0645577646647209,1.2510819960612751,-0.04200124180118037,-0.07220290107613575,-0.010551519729023509,False,False,11,75,506,0,5000
monash_kdd_cup_2018,64,4,16,q9,9,content_K,mase_context,11,1.1100947741753644,1.0385780596106302,1.188829136908494,0.0,0.0,0.0,False,True,11,75,506,0,5000
monash_kdd_cup_2018,64,4,16,q9,9,reg_K,quantile_loss,0,4.664487838745117,4.504703032996465,4.8372663716652164,0.5228500366210938,0.3881546551685673,0.6455426513465916,True,False,11,75,506,0,5000
monash_kdd_cup_2018,64,4,16,q9,9,reg_K,quantile_loss,1,4.730568885803223,4.5844023600963295,4.902014635487332,0.4567689895629883,0.288187414598759,0.609950910114144,True,False,11,75,506,0,5000
monash_kdd_cup_2018,64,4,16,q9,9,reg_K,quantile_loss,2,4.8306684494018555,4.672009556082815,5.002007181337644,0.35666942596435547,0.18711271900869503,0.5085950560932625,True,False,11,75,506,0,5000
monash_kdd_cup_2018,64,4,16,q9,9,reg_K,quantile_loss,3,4.942018508911133,4.78697586456257,5.115536111939036,0.24531936645507812,0.05715168725221709,0.41767773570697564,True,False,11,75,506,0,5000
monash_kdd_cup_2018,64,4,16,q9,9,reg_K,quantile_loss,4,5.022904396057129,4.874664063852153,5.1828784443272315,0.16443347930908203,-0.01503915492460579,0.3342650536923026,False,False,11,75,506,0,5000
monash_kdd_cup_2018,64,4,16,q9,9,reg_K,quantile_loss,5,5.235315322875977,5.069637686234877,5.418494696981724,-0.047977447509765625,-0.25620474812040495,0.14951858234613238,False,False,11,75,506,0,5000
monash_kdd_cup_2018,64,4,16,q9,9,reg_K,quantile_loss,6,5.356394290924072,5.17962164399137,5.545759867762877,-0.16905641555786133,-0.36595273097728037,0.022051428361965275,False,False,11,75,506,0,5000
monash_kdd_cup_2018,64,4,16,q9,9,reg_K,quantile_loss,7,5.4079999923706055,5.21993540696195,5.603553149778449,-0.22066211700439453,-0.42203867369823284,-0.030945339821657394,False,False,11,75,506,0,5000
monash_kdd_cup_2018,64,4,16,q9,9,reg_K,quantile_loss,8,5.626934051513672,5.462140251422806,5.796339899959685,-0.43959617614746094,-0.607211703488034,-0.27140672028129154,False,False,11,75,506,0,5000
monash_kdd_cup_2018,64,4,16,q9,9,reg_K,quantile_loss,9,5.29423189163208,5.1307674009299875,5.447975365031658,-0.10689401626586914,-0.22195974756925702,0.0028017467845332824,False,False,11,75,506,0,5000
monash_kdd_cup_2018,64,4,16,q9,9,reg_K,quantile_loss,10,5.286859512329102,5.11409069107796,5.444623765241882,-0.09952163696289062,-0.17450591452371084,-0.025322173348125854,False,False,11,75,506,0,5000
monash_kdd_cup_2018,64,4,16,q9,9,reg_K,quantile_loss,11,5.187337875366211,4.979582589988585,5.384146045339578,0.0,0.0,0.0,False,True,11,75,506,0,5000
monash_kdd_cup_2018,64,4,16,q9,9,reg_K,mase_context,0,0.9611652961967829,0.9163358106490321,1.0076313378093675,0.08448987020924248,0.05001496008511607,0.11802123661813181,True,False,11,75,506,0,5000
monash_kdd_cup_2018,64,4,16,q9,9,reg_K,mase_context,1,0.9872641491698212,0.9442636340969682,1.0334081813754343,0.05839101723620421,0.01683823347898413,0.09781725839769514,True,False,11,75,506,0,5000
monash_kdd_cup_2018,64,4,16,q9,9,reg_K,mase_context,2,1.0134877976163819,0.96645159931109,1.0629174814133804,0.03216736878964355,-0.010914616785700026,0.07227950839455143,False,False,11,75,506,0,5000
monash_kdd_cup_2018,64,4,16,q9,9,reg_K,mase_context,3,1.0140520572668443,0.9685087778937183,1.0600933275227236,0.031603109139181074,-0.010986158806563567,0.0718442906679307,False,False,11,75,506,0,5000
monash_kdd_cup_2018,64,4,16,q9,9,reg_K,mase_context,4,1.0212519941453566,0.979260825738682,1.0626014752510409,0.024403172260668793,-0.019073425895965532,0.06590477995480915,False,False,11,75,506,0,5000
monash_kdd_cup_2018,64,4,16,q9,9,reg_K,mase_context,5,1.0550707215307256,1.0103807829359377,1.1016572056996956,-0.009415555124700159,-0.058528039151791104,0.03715678549562111,False,False,11,75,506,0,5000
monash_kdd_cup_2018,64,4,16,q9,9,reg_K,mase_context,6,1.0565159106943085,1.012222898174678,1.1030239654120322,-0.010860744288283097,-0.05449560532593038,0.03204950347611342,False,False,11,75,506,0,5000
monash_kdd_cup_2018,64,4,16,q9,9,reg_K,mase_context,7,1.0557781155376929,1.0098398886128162,1.1033881452736687,-0.010122949131667447,-0.05260697408399012,0.03081662638117551,False,False,11,75,506,0,5000
monash_kdd_cup_2018,64,4,16,q9,9,reg_K,mase_context,8,1.117363185036315,1.074124320587972,1.1604542781694933,-0.07170801863028964,-0.10798834345128137,-0.03590657862135694,False,False,11,75,506,0,5000
monash_kdd_cup_2018,64,4,16,q9,9,reg_K,mase_context,9,1.0476403909535417,0.9986650240393091,1.0948152354644571,-0.001985224547516262,-0.028221770675074736,0.023084345657895036,False,False,11,75,506,0,5000
monash_kdd_cup_2018,64,4,16,q9,9,reg_K,mase_context,10,1.0514808455408124,1.001365700114257,1.1017171638791619,-0.005825679134787043,-0.0239409782505014,0.012677298100745797,False,False,11,75,506,0,5000
monash_kdd_cup_2018,64,4,16,q9,9,reg_K,mase_context,11,1.0456551664060254,0.9851907516402401,1.1054352612101375,0.0,0.0,0.0,False,True,11,75,506,0,5000
monash_kdd_cup_2018,64,4,16,q9,9,fslot_K,quantile_loss,0,4.504798412322998,4.344462436187738,4.688734823670757,-0.30324506759643555,-0.5102266873457834,-0.12384514730465997,False,False,11,75,506,0,5000
monash_kdd_cup_2018,64,4,16,q9,9,fslot_K,quantile_loss,1,4.43497371673584,4.294244519333452,4.591442251344845,-0.23342037200927734,-0.4205187166462158,-0.06929436115645699,False,False,11,75,506,0,5000
monash_kdd_cup_2018,64,4,16,q9,9,fslot_K,quantile_loss,2,4.571031093597412,4.431419531756225,4.72402169234622,-0.3694777488708496,-0.5640264931667682,-0.19446013009321683,False,False,11,75,506,0,5000
monash_kdd_cup_2018,64,4,16,q9,9,fslot_K,quantile_loss,3,4.736364841461182,4.60106466321274,4.880384193329065,-0.5348114967346191,-0.7205573447386862,-0.36966182421106775,False,False,11,75,506,0,5000
monash_kdd_cup_2018,64,4,16,q9,9,fslot_K,quantile_loss,4,4.792503356933594,4.63902652944697,4.948741981645589,-0.5909500122070312,-0.7577615190150211,-0.43942620927851445,False,False,11,75,506,0,5000
monash_kdd_cup_2018,64,4,16,q9,9,fslot_K,quantile_loss,5,4.980470657348633,4.844509239615029,5.120644538243733,-0.7789173126220703,-0.9716024048716126,-0.6122301954148835,False,False,11,75,506,0,5000
monash_kdd_cup_2018,64,4,16,q9,9,fslot_K,quantile_loss,6,4.776369094848633,4.621469246884392,4.938211154631997,-0.5748157501220703,-0.7382365908292434,-0.4300205135866312,False,False,11,75,506,0,5000
monash_kdd_cup_2018,64,4,16,q9,9,fslot_K,quantile_loss,7,4.721473693847656,4.5874906939687445,4.854990622067719,-0.5199203491210938,-0.6825887893636712,-0.37385438803694937,False,False,11,75,506,0,5000
monash_kdd_cup_2018,64,4,16,q9,9,fslot_K,quantile_loss,8,4.461114406585693,4.254496012465359,4.646617605344047,-0.25956106185913086,-0.35508480257274344,-0.16883357487191442,False,False,11,75,506,0,5000
monash_kdd_cup_2018,64,4,16,q9,9,fslot_K,quantile_loss,9,4.292954921722412,4.102000007199367,4.470596077304058,-0.09140157699584961,-0.1548923483741813,-0.0334984259634632,False,False,11,75,506,0,5000
monash_kdd_cup_2018,64,4,16,q9,9,fslot_K,quantile_loss,10,4.222714900970459,4.006543471139331,4.416733264159719,-0.021161556243896484,-0.053459863126366566,0.0068473276536427305,False,False,11,75,506,0,5000
monash_kdd_cup_2018,64,4,16,q9,9,fslot_K,quantile_loss,11,4.2015533447265625,3.9774485920284883,4.3989932559335525,0.0,0.0,0.0,False,True,11,75,506,0,5000
monash_kdd_cup_2018,64,4,16,q9,9,fslot_K,mase_context,0,0.9273629395839323,0.8843552497441293,0.9734335266475911,-0.07339160624493679,-0.11317312029051263,-0.03948163905349502,False,False,11,75,506,0,5000
monash_kdd_cup_2018,64,4,16,q9,9,fslot_K,mase_context,1,0.9126582466800928,0.8688778082111618,0.9576401857516503,-0.05868691334109721,-0.09465377293323748,-0.027129762699971437,False,False,11,75,506,0,5000
monash_kdd_cup_2018,64,4,16,q9,9,fslot_K,mase_context,2,0.938541349069728,0.8976728017536242,0.9799347012605758,-0.08457001573073242,-0.12035863239565349,-0.05188550764307968,False,False,11,75,506,0,5000
monash_kdd_cup_2018,64,4,16,q9,9,fslot_K,mase_context,3,0.9620859308280528,0.9197948733034469,1.0054296954979187,-0.10811459748905727,-0.14104980793704625,-0.078417852844911,False,False,11,75,506,0,5000
monash_kdd_cup_2018,64,4,16,q9,9,fslot_K,mase_context,4,0.973318640145717,0.9287356787860575,1.01793568139475,-0.11934730680672145,-0.14972912868220065,-0.09180306415159115,False,False,11,75,506,0,5000
monash_kdd_cup_2018,64,4,16,q9,9,fslot_K,mase_context,5,0.9979018005526327,0.956428811355626,1.037778362380342,-0.14393046721363711,-0.17838916876170746,-0.11361023173593049,False,False,11,75,506,0,5000
monash_kdd_cup_2018,64,4,16,q9,9,fslot_K,mase_context,6,0.9533663650617409,0.9088467186671647,0.9966856875483984,-0.09939503172274533,-0.12813925961280376,-0.07457517582756859,False,False,11,75,506,0,5000
monash_kdd_cup_2018,64,4,16,q9,9,fslot_K,mase_context,7,0.9551003523442018,0.9127784637475483,0.9958434443485285,-0.10112901900520621,-0.13128387453889098,-0.07373639747789779,False,False,11,75,506,0,5000
monash_kdd_cup_2018,64,4,16,q9,9,fslot_K,mase_context,8,0.8949366299560978,0.8466614198327466,0.9412696067963899,-0.04096529661710224,-0.06008011116932474,-0.02281069772345757,False,False,11,75,506,0,5000
monash_kdd_cup_2018,64,4,16,q9,9,fslot_K,mase_context,9,0.8720433218613388,0.8259898040027809,0.9163410132240132,-0.018071988522343263,-0.03373387395367898,-0.00479772169667984,False,False,11,75,506,0,5000
monash_kdd_cup_2018,64,4,16,q9,9,fslot_K,mase_context,10,0.8573785976652766,0.8080482788558438,0.9027474523850597,-0.003407264326281023,-0.012272989961200733,0.004073526748817294,False,False,11,75,506,0,5000
monash_kdd_cup_2018,64,4,16,q9,9,fslot_K,mase_context,11,0.8539713333389956,0.7996277034383539,0.903124099487238,0.0,0.0,0.0,False,True,11,75,506,0,5000
monash_kdd_cup_2018,64,4,16,q9,9,native,mase_context,,0.8282584781046308,0.7720346593571464,0.8779713097087343,,,,,,,75,506,0,5000
monash_pedestrian_counts,64,4,16,q9,9,content,quantile_loss,0,2.513845920562744,2.355160418656603,2.6739137501127845,-0.16594457626342773,-0.20651879614641233,-0.12479922972182052,False,False,4,59,1500,0,5000
monash_pedestrian_counts,64,4,16,q9,9,content,quantile_loss,1,2.37214732170105,2.21998359278867,2.525005100291016,-0.0242459774017334,-0.059106603146614846,0.011028446090821908,False,False,4,59,1500,0,5000
monash_pedestrian_counts,64,4,16,q9,9,content,quantile_loss,2,2.2753710746765137,2.126310020940349,2.427748404431676,0.07253026962280273,0.039427059652101346,0.1057803636449065,True,False,4,59,1500,0,5000
monash_pedestrian_counts,64,4,16,q9,9,content,quantile_loss,3,2.2675106525421143,2.1196204560275436,2.41439323303816,0.08039069175720215,0.05217017441438404,0.11091617665277942,True,False,4,59,1500,0,5000
monash_pedestrian_counts,64,4,16,q9,9,content,quantile_loss,4,2.2601735591888428,2.1153774903952804,2.4025099137676595,0.08772778511047363,0.05841687316767593,0.11721943649943344,True,True,4,59,1500,0,5000
monash_pedestrian_counts,64,4,16,q9,9,content,quantile_loss,5,2.271402597427368,2.1301448454111647,2.4114633436890767,0.07649874687194824,0.04221623345922121,0.11027033517886387,True,False,4,59,1500,0,5000
monash_pedestrian_counts,64,4,16,q9,9,content,quantile_loss,6,2.315610408782959,2.170531321111125,2.460146688877414,0.03229093551635742,-0.0013576099167485788,0.06442098000413851,False,False,4,59,1500,0,5000
monash_pedestrian_counts,64,4,16,q9,9,content,quantile_loss,7,2.3702480792999268,2.225554415462586,2.514444296731585,-0.02234673500061035,-0.06255496988235583,0.016984467178530145,False,False,4,59,1500,0,5000
monash_pedestrian_counts,64,4,16,q9,9,content,quantile_loss,8,2.403351068496704,2.2574690425247352,2.5486344003084564,-0.055449724197387695,-0.09404166110834673,-0.016096549076867347,False,False,4,59,1500,0,5000
monash_pedestrian_counts,64,4,16,q9,9,content,quantile_loss,9,2.367020845413208,2.2295736565262128,2.509343265208041,-0.0191195011138916,-0.056347568108351086,0.018059998263404146,False,False,4,59,1500,0,5000
monash_pedestrian_counts,64,4,16,q9,9,content,quantile_loss,10,2.3364951610565186,2.1919975622099748,2.4853761416036875,0.011406183242797852,-0.02105889832925336,0.044935526145344074,False,False,4,59,1500,0,5000
monash_pedestrian_counts,64,4,16,q9,9,content,quantile_loss,11,2.3479013442993164,2.206305970712122,2.4899705797684106,0.0,0.0,0.0,False,False,4,59,1500,0,5000
monash_pedestrian_counts,64,4,16,q9,9,content,mase_context,0,1.4789677693546188,1.4121944211109267,1.5464097013597284,-0.07670676749553262,-0.10204680375867561,-0.05053483604042944,False,False,4,59,1500,0,5000
monash_pedestrian_counts,64,4,16,q9,9,content,mase_context,1,1.4037461313546198,1.3455994894118068,1.4628127566968268,-0.001485129495533588,-0.026229129024410706,0.02361908117590081,False,False,4,59,1500,0,5000
monash_pedestrian_counts,64,4,16,q9,9,content,mase_context,2,1.3508194529655269,1.2958792235052616,1.4042872845937875,0.05144154889355934,0.026944289483754786,0.07668668860630384,True,False,4,59,1500,0,5000
monash_pedestrian_counts,64,4,16,q9,9,content,mase_context,3,1.3409182971838907,1.2871550542736314,1.3957178337494436,0.061342704675195536,0.03844665493407503,0.08572633561347713,True,False,4,59,1500,0,5000
monash_pedestrian_counts,64,4,16,q9,9,content,mase_context,4,1.3482627642983953,1.2938018196473247,1.4054075866938236,0.05399823756069089,0.030640462297689353,0.07736159131586229,True,True,4,59,1500,0,5000
monash_pedestrian_counts,64,4,16,q9,9,content,mase_context,5,1.3558311910776384,1.3046339788859944,1.4064943583660385,0.04642981078144781,0.020483126785197137,0.07184969719861095,True,False,4,59,1500,0,5000
monash_pedestrian_counts,64,4,16,q9,9,content,mase_context,6,1.385259301591654,1.3325102543862941,1.4393008142794406,0.017001700267432307,-0.004465961616876635,0.037817579295910966,False,False,4,59,1500,0,5000
monash_pedestrian_counts,64,4,16,q9,9,content,mase_context,7,1.4218130804977833,1.3591689897362482,1.488489702555454,-0.019552078638697123,-0.04654833037501414,0.00619046629123199,False,False,4,59,1500,0,5000
monash_pedestrian_counts,64,4,16,q9,9,content,mase_context,8,1.4450380938969059,1.3831960949354585,1.5077180495986693,-0.04277709203781965,-0.06690100419586345,-0.0196723384494554,False,False,4,59,1500,0,5000
monash_pedestrian_counts,64,4,16,q9,9,content,mase_context,9,1.4351347238464445,1.36623990981038,1.5090387127908234,-0.03287372198735827,-0.06007920335957979,-0.007451847301885459,False,False,4,59,1500,0,5000
monash_pedestrian_counts,64,4,16,q9,9,content,mase_context,10,1.4144972874715405,1.3523253418979926,1.4810582564397063,-0.012236285612454267,-0.034949655396787856,0.010565545837110002,False,False,4,59,1500,0,5000
monash_pedestrian_counts,64,4,16,q9,9,content,mase_context,11,1.4022610018590862,1.344690157279665,1.4614097367028174,0.0,0.0,0.0,False,False,4,59,1500,0,5000
monash_pedestrian_counts,64,4,16,q9,9,reg,quantile_loss,0,2.426321506500244,2.271726807601091,2.5792968279918616,-0.21364855766296387,-0.2501774252947737,-0.17862929641250572,False,False,4,59,1500,0,5000
monash_pedestrian_counts,64,4,16,q9,9,reg,quantile_loss,1,2.3450536727905273,2.194441603235364,2.495075731536715,-0.13238072395324707,-0.16377042545971504,-0.10149069803461011,False,False,4,59,1500,0,5000
monash_pedestrian_counts,64,4,16,q9,9,reg,quantile_loss,2,2.17053484916687,2.026546682113401,2.313270096944307,0.042138099670410156,0.012036319977534782,0.07201000837349694,True,False,4,59,1500,0,5000
monash_pedestrian_counts,64,4,16,q9,9,reg,quantile_loss,3,2.086481809616089,1.9442453584973012,2.2295880673855333,0.1261911392211914,0.10105964775458506,0.15207613726056715,True,False,4,59,1500,0,5000
monash_pedestrian_counts,64,4,16,q9,9,reg,quantile_loss,4,2.024207353591919,1.8834752929256704,2.1658405627730475,0.18846559524536133,0.16364621151363812,0.21379233869121272,True,True,4,59,1500,0,5000
monash_pedestrian_counts,64,4,16,q9,9,reg,quantile_loss,5,2.035428762435913,1.8950372042571308,2.1784048059533467,0.1772441864013672,0.1513689952704791,0.20404938645018694,True,False,4,59,1500,0,5000
monash_pedestrian_counts,64,4,16,q9,9,reg,quantile_loss,6,2.0520448684692383,1.9141202079334314,2.1916877040928338,0.160628080368042,0.1348519245353122,0.18750069983408563,True,False,4,59,1500,0,5000
monash_pedestrian_counts,64,4,16,q9,9,reg,quantile_loss,7,2.0778307914733887,1.9395960411679682,2.2191368953711748,0.1348421573638916,0.1084399973011363,0.16286874031147436,True,False,4,59,1500,0,5000
monash_pedestrian_counts,64,4,16,q9,9,reg,quantile_loss,8,2.0978469848632812,1.9591241137741204,2.2393244767443448,0.11482596397399902,0.08702559127035789,0.14437659473305747,True,False,4,59,1500,0,5000
monash_pedestrian_counts,64,4,16,q9,9,reg,quantile_loss,9,2.1171071529388428,1.9793091782295158,2.2584355934066487,0.0955657958984375,0.06799433796435583,0.12383601166598218,True,False,4,59,1500,0,5000
monash_pedestrian_counts,64,4,16,q9,9,reg,quantile_loss,10,2.1606388092041016,2.018588157209448,2.303259992971717,0.05203413963317871,0.02958329174477382,0.07460588979142391,True,False,4,59,1500,0,5000
monash_pedestrian_counts,64,4,16,q9,9,reg,quantile_loss,11,2.2126729488372803,2.067898029052059,2.357417552849908,0.0,0.0,0.0,False,False,4,59,1500,0,5000
monash_pedestrian_counts,64,4,16,q9,9,reg,mase_context,0,1.4224496162482676,1.3619624969823036,1.479894753917789,-0.10539483752124768,-0.12918705667843702,-0.08066008233376844,False,False,4,59,1500,0,5000
monash_pedestrian_counts,64,4,16,q9,9,reg,mase_context,1,1.3823896148420924,1.325498904902483,1.438592975893055,-0.06533483611507251,-0.08384008787496205,-0.04523306945153568,False,False,4,59,1500,0,5000
monash_pedestrian_counts,64,4,16,q9,9,reg,mase_context,2,1.2797121947424535,1.2296205055593699,1.328865426995854,0.03734258398456647,0.014553006035261046,0.06146064609259694,True,False,4,59,1500,0,5000
monash_pedestrian_counts,64,4,16,q9,9,reg,mase_context,3,1.2220978687971942,1.1773931115604663,1.2675577944415652,0.09495690992982575,0.07382051700679897,0.11653465326197728,True,False,4,59,1500,0,5000
monash_pedestrian_counts,64,4,16,q9,9,reg,mase_context,4,1.191558620020173,1.1449895228014477,1.2400125094243484,0.12549615870684683,0.10478224921445346,0.14611599077400636,True,True,4,59,1500,0,5000
monash_pedestrian_counts,64,4,16,q9,9,reg,mase_context,5,1.2032626862164486,1.158573143101723,1.2495207275212652,0.11379209251057132,0.09301113450316215,0.13323533350814576,True,False,4,59,1500,0,5000
monash_pedestrian_counts,64,4,16,q9,9,reg,mase_context,6,1.2165406622777097,1.1697932791866021,1.2645429891489868,0.10051411644931019,0.08216965006365284,0.11830196275934575,True,False,4,59,1500,0,5000
monash_pedestrian_counts,64,4,16,q9,9,reg,mase_context,7,1.2395608021948126,1.1897266871428975,1.2917797520786962,0.07749397653220735,0.06180014781689901,0.09403958145886177,True,False,4,59,1500,0,5000
monash_pedestrian_counts,64,4,16,q9,9,reg,mase_context,8,1.2555357180995943,1.202290875785678,1.3118146990368242,0.061519060627425626,0.04549449070046825,0.07876499084769946,True,False,4,59,1500,0,5000
monash_pedestrian_counts,64,4,16,q9,9,reg,mase_context,9,1.2653077477367007,1.2096557622672495,1.3249106280084262,0.05174703099031919,0.03469502251907748,0.06932215145965434,True,False,4,59,1500,0,5000
monash_pedestrian_counts,64,4,16,q9,9,reg,mase_context,10,1.2940208662307275,1.2399701944400239,1.3511304743869121,0.023033912496292386,0.009646953268470065,0.03683165015244556,True,False,4,59,1500,0,5000
monash_pedestrian_counts,64,4,16,q9,9,reg,mase_context,11,1.31705477872702,1.2605587800377347,1.3741033770395192,0.0,0.0,0.0,False,False,4,59,1500,0,5000
monash_pedestrian_counts,64,4,16,q9,9,content_K,quantile_loss,0,2.5157041549682617,2.356150381625687,2.6755128546299654,-0.027373790740966797,-0.07078036330573977,0.01928303894239557,False,False,3,59,1500,0,5000
monash_pedestrian_counts,64,4,16,q9,9,content_K,quantile_loss,1,2.3789350986480713,2.226614579603073,2.5307474223752844,0.10939526557922363,0.07091691798795577,0.15005542182396134,True,False,3,59,1500,0,5000
monash_pedestrian_counts,64,4,16,q9,9,content_K,quantile_loss,2,2.301309823989868,2.151992784507519,2.4550263551191476,0.18702054023742676,0.14868439965396898,0.2273055105156723,True,False,3,59,1500,0,5000
monash_pedestrian_counts,64,4,16,q9,9,content_K,quantile_loss,3,2.3053371906280518,2.1596209597334624,2.4490003025658402,0.18299317359924316,0.14741219372504527,0.22344575785183526,True,True,3,59,1500,0,5000
monash_pedestrian_counts,64,4,16,q9,9,content_K,quantile_loss,4,2.3086328506469727,2.1627870040286212,2.4509474333631998,0.17969751358032227,0.1442327473048679,0.2170473372316057,True,False,3,59,1500,0,5000
monash_pedestrian_counts,64,4,16,q9,9,content_K,quantile_loss,5,2.3272929191589355,2.18593759862934,2.4667006044975586,0.16103744506835938,0.12092814662157425,0.2029952549893068,True,False,3,59,1500,0,5000
monash_pedestrian_counts,64,4,16,q9,9,content_K,quantile_loss,6,2.3804097175598145,2.2350734170205113,2.523822139048824,0.10792064666748047,0.06714262189201978,0.1491196335897982,True,False,3,59,1500,0,5000
monash_pedestrian_counts,64,4,16,q9,9,content_K,quantile_loss,7,2.434843063354492,2.288535395045694,2.5816291506576508,0.053487300872802734,0.010891607203934384,0.09516577363570641,True,False,3,59,1500,0,5000
monash_pedestrian_counts,64,4,16,q9,9,content_K,quantile_loss,8,2.478464126586914,2.33259157959329,2.627699731603233,0.00986623764038086,-0.037838486878328345,0.056843683842825274,False,False,3,59,1500,0,5000
monash_pedestrian_counts,64,4,16,q9,9,content_K,quantile_loss,9,2.457131862640381,2.3174962804996895,2.6019954436797352,0.031198501586914062,-0.01143977647464578,0.07546655239592984,False,False,3,59,1500,0,5000
monash_pedestrian_counts,64,4,16,q9,9,content_K,quantile_loss,10,2.4986400604248047,2.348949175512923,2.653364467890218,-0.010309696197509766,-0.04635248499869525,0.024989951254377106,False,False,3,59,1500,0,5000
monash_pedestrian_counts,64,4,16,q9,9,content_K,quantile_loss,11,2.488330364227295,2.3427065999284973,2.63181183752949,0.0,0.0,0.0,False,False,3,59,1500,0,5000
monash_pedestrian_counts,64,4,16,q9,9,content_K,mase_context,0,1.4774655125707732,1.41028530203511,1.5467369502215391,0.030454471406974992,-0.0021739135161854993,0.0630033501648496,False,False,3,59,1500,0,5000
monash_pedestrian_counts,64,4,16,q9,9,content_K,mase_context,1,1.4060341520882544,1.3497102962967287,1.4631253721148545,0.10188583188949374,0.06877338069092506,0.13538401720526683,True,False,3,59,1500,0,5000
monash_pedestrian_counts,64,4,16,q9,9,content_K,mase_context,2,1.3563440268586158,1.301091247515971,1.410668066782044,0.1515759571191324,0.1205903590402981,0.18341580375546007,True,False,3,59,1500,0,5000
monash_pedestrian_counts,64,4,16,q9,9,content_K,mase_context,3,1.3658914558809974,1.3080135063278964,1.4243483914523507,0.14202852809675082,0.11398878196087794,0.1721800448218352,True,True,3,59,1500,0,5000
monash_pedestrian_counts,64,4,16,q9,9,content_K,mase_context,4,1.3767949708623841,1.3219191112088833,1.4325687025904181,0.13112501311536406,0.10184321825734734,0.16190287889190816,True,False,3,59,1500,0,5000
monash_pedestrian_counts,64,4,16,q9,9,content_K,mase_context,5,1.3945223809728169,1.3401745059341659,1.4493720076066918,0.11339760300493129,0.08344391916347094,0.14235369249839125,True,False,3,59,1500,0,5000
monash_pedestrian_counts,64,4,16,q9,9,content_K,mase_context,6,1.4281729963662204,1.370641657847145,1.4862493235496461,0.07974698761152776,0.051653108879010645,0.10733597913601838,True,False,3,59,1500,0,5000
monash_pedestrian_counts,64,4,16,q9,9,content_K,mase_context,7,1.4629040329500616,1.3989023256643325,1.5302020397625986,0.04501595102768663,0.016485625490394125,0.07352288226652183,True,False,3,59,1500,0,5000
monash_pedestrian_counts,64,4,16,q9,9,content_K,mase_context,8,1.4924990518257264,1.4286432262599493,1.5569648596888814,0.015420932152021782,-0.014648229437157934,0.04464344048369066,False,False,3,59,1500,0,5000
monash_pedestrian_counts,64,4,16,q9,9,content_K,mase_context,9,1.491631759551204,1.4216467106269224,1.564648558629319,0.016288224426544096,-0.012170062768011553,0.04480661477307357,False,False,3,59,1500,0,5000
monash_pedestrian_counts,64,4,16,q9,9,content_K,mase_context,10,1.5155125863890206,1.4475608659345862,1.5843410530330366,-0.007592602411272464,-0.029031004602438185,0.013745563261694049,False,False,3,59,1500,0,5000
monash_pedestrian_counts,64,4,16,q9,9,content_K,mase_context,11,1.5079199839777482,1.4416985940070612,1.5739523676431477,0.0,0.0,0.0,False,False,3,59,1500,0,5000
monash_pedestrian_counts,64,4,16,q9,9,reg_K,quantile_loss,0,2.4423322677612305,2.286760749681547,2.5956281353550934,-0.2010643482208252,-0.24402291546135285,-0.1586928269013045,False,False,5,59,1500,0,5000
monash_pedestrian_counts,64,4,16,q9,9,reg_K,quantile_loss,1,2.3338377475738525,2.1836066052816707,2.484315938666516,-0.09256982803344727,-0.1290911337300121,-0.05638208431805248,False,False,5,59,1500,0,5000
monash_pedestrian_counts,64,4,16,q9,9,reg_K,quantile_loss,2,2.164492130279541,2.0207980611617593,2.305192232982325,0.07677578926086426,0.04705638462664417,0.10649610112466892,True,False,5,59,1500,0,5000
monash_pedestrian_counts,64,4,16,q9,9,reg_K,quantile_loss,3,2.103224515914917,1.9629909305459745,2.243730662367856,0.13804340362548828,0.11751458768598486,0.15808873664935702,True,False,5,59,1500,0,5000
monash_pedestrian_counts,64,4,16,q9,9,reg_K,quantile_loss,4,2.0656559467315674,1.9288833228541769,2.202641972894004,0.1756119728088379,0.15507111276718827,0.19577616272754125,True,False,5,59,1500,0,5000
monash_pedestrian_counts,64,4,16,q9,9,reg_K,quantile_loss,5,2.041116237640381,1.902991973700292,2.1836760036557017,0.20015168190002441,0.180804395521679,0.21925506249189594,True,True,5,59,1500,0,5000
monash_pedestrian_counts,64,4,16,q9,9,reg_K,quantile_loss,6,2.0596537590026855,1.921898621279693,2.201068479725568,0.18161416053771973,0.16063326844736425,0.20257447754549726,True,False,5,59,1500,0,5000
monash_pedestrian_counts,64,4,16,q9,9,reg_K,quantile_loss,7,2.070394515991211,1.9354521067185937,2.20975802186509,0.17087340354919434,0.14877523681553964,0.19243378253883778,True,False,5,59,1500,0,5000
monash_pedestrian_counts,64,4,16,q9,9,reg_K,quantile_loss,8,2.094219923019409,1.9607262895372608,2.2300333370214247,0.1470479965209961,0.12599038396351547,0.16881278562480578,True,False,5,59,1500,0,5000
monash_pedestrian_counts,64,4,16,q9,9,reg_K,quantile_loss,9,2.1290392875671387,1.9936890508316127,2.266959837930664,0.1122286319732666,0.09013595280547454,0.1335242318352135,True,False,5,59,1500,0,5000
monash_pedestrian_counts,64,4,16,q9,9,reg_K,quantile_loss,10,2.164926767349243,2.0239952646833093,2.3075083834331234,0.07634115219116211,0.05789993386180704,0.0925834096145725,True,False,5,59,1500,0,5000
monash_pedestrian_counts,64,4,16,q9,9,reg_K,quantile_loss,11,2.2412679195404053,2.1012447707209323,2.381918377088678,0.0,0.0,0.0,False,False,5,59,1500,0,5000
monash_pedestrian_counts,64,4,16,q9,9,reg_K,mase_context,0,1.4360051868989991,1.3746600931985145,1.4957470353157423,-0.0939600136650025,-0.12066818505590347,-0.06624791637189403,False,False,5,59,1500,0,5000
monash_pedestrian_counts,64,4,16,q9,9,reg_K,mase_context,1,1.364103061570786,1.3068984777654056,1.419823675350548,-0.022057888336789455,-0.047835690888443645,0.004615164079862624,False,False,5,59,1500,0,5000
monash_pedestrian_counts,64,4,16,q9,9,reg_K,mase_context,2,1.2780647398464546,1.2284895733338799,1.326014967151223,0.063980433387542,0.04174068517261412,0.08668998018415167,True,False,5,59,1500,0,5000
monash_pedestrian_counts,64,4,16,q9,9,reg_K,mase_context,3,1.2484780174684382,1.2000376540992503,1.2961150624341378,0.09356715576555841,0.07557326225715967,0.1121136561399219,True,False,5,59,1500,0,5000
monash_pedestrian_counts,64,4,16,q9,9,reg_K,mase_context,4,1.2250295494162182,1.1772631500633433,1.2723664865504178,0.11701562381777841,0.09803029853842365,0.13661121896686304,True,False,5,59,1500,0,5000
monash_pedestrian_counts,64,4,16,q9,9,reg_K,mase_context,5,1.2080511169973043,1.1629335328031374,1.2530913045573457,0.13399405623669236,0.11528502449103431,0.1522980514084657,True,True,5,59,1500,0,5000
monash_pedestrian_counts,64,4,16,q9,9,reg_K,mase_context,6,1.2195724632007463,1.1747762486031577,1.2652362634309116,0.12247271003325033,0.10326822983830042,0.14090113601734444,True,False,5,59,1500,0,5000
monash_pedestrian_counts,64,4,16,q9,9,reg_K,mase_context,7,1.2300674307331563,1.1828488231097782,1.2779660785889828,0.11197774250084036,0.09570405984282614,0.1273616346279556,True,False,5,59,1500,0,5000
monash_pedestrian_counts,64,4,16,q9,9,reg_K,mase_context,8,1.2528837097412098,1.1999492905338196,1.3064048662481822,0.08916146349278686,0.07595664933906048,0.10212521191253775,True,False,5,59,1500,0,5000
monash_pedestrian_counts,64,4,16,q9,9,reg_K,mase_context,9,1.271968336733138,1.2206807578250463,1.3268426567659755,0.07007683650085861,0.05658819135821646,0.08307530259592645,True,False,5,59,1500,0,5000
monash_pedestrian_counts,64,4,16,q9,9,reg_K,mase_context,10,1.2919945993589177,1.2418290452732468,1.343925553084306,0.05005057387507894,0.038393610334905875,0.06096795099125807,True,False,5,59,1500,0,5000
monash_pedestrian_counts,64,4,16,q9,9,reg_K,mase_context,11,1.3420451732339966,1.2863708472021427,1.3983184341804367,0.0,0.0,0.0,False,False,5,59,1500,0,5000
monash_pedestrian_counts,64,4,16,q9,9,fslot_K,quantile_loss,0,3.387295961380005,3.324001333489912,3.457203983056568,-1.8928680419921875,-1.9582380594979842,-1.8178280646554923,False,False,8,59,1500,0,5000
monash_pedestrian_counts,64,4,16,q9,9,fslot_K,quantile_loss,1,2.302185535430908,2.1607699146023993,2.43598423616418,-0.8077576160430908,-0.933183684621148,-0.685462691650315,False,False,8,59,1500,0,5000
monash_pedestrian_counts,64,4,16,q9,9,fslot_K,quantile_loss,2,1.7244277000427246,1.610211457619965,1.848440170547568,-0.22999978065490723,-0.2876612486216736,-0.17464964788966816,False,False,8,59,1500,0,5000
monash_pedestrian_counts,64,4,16,q9,9,fslot_K,quantile_loss,3,1.6334586143493652,1.522205222938889,1.754673151212834,-0.13903069496154785,-0.18964500447975982,-0.09026411389612937,False,False,8,59,1500,0,5000
monash_pedestrian_counts,64,4,16,q9,9,fslot_K,quantile_loss,4,1.5605180263519287,1.4594543243931417,1.6748177772103308,-0.06609010696411133,-0.09757193500819301,-0.03631166884018353,False,False,8,59,1500,0,5000
monash_pedestrian_counts,64,4,16,q9,9,fslot_K,quantile_loss,5,1.5447423458099365,1.444372034199137,1.6584783209190672,-0.05031442642211914,-0.08102866439062831,-0.02056229952132413,False,False,8,59,1500,0,5000
monash_pedestrian_counts,64,4,16,q9,9,fslot_K,quantile_loss,6,1.5101126432418823,1.4106663020514085,1.624604910543244,-0.01568472385406494,-0.04222201563073258,0.009019618017460563,False,False,8,59,1500,0,5000
monash_pedestrian_counts,64,4,16,q9,9,fslot_K,quantile_loss,7,1.4936721324920654,1.3945852316229241,1.6070732054748136,0.0007557868957519531,-0.0235155548512092,0.024135163072537436,False,False,8,59,1500,0,5000
monash_pedestrian_counts,64,4,16,q9,9,fslot_K,quantile_loss,8,1.4508658647537231,1.3550823005906545,1.5606659330169115,0.04356205463409424,0.024874250683944544,0.06016374763360841,True,True,8,59,1500,0,5000
monash_pedestrian_counts,64,4,16,q9,9,fslot_K,quantile_loss,9,1.5048043727874756,1.4148954700888463,1.608564217788207,-0.010376453399658203,-0.024782865637283324,0.0029806193396125762,False,False,8,59,1500,0,5000
monash_pedestrian_counts,64,4,16,q9,9,fslot_K,quantile_loss,10,1.5204195976257324,1.434417928134365,1.6186022683366228,-0.02599167823791504,-0.042167725797004604,-0.010134436991387963,False,False,8,59,1500,0,5000
monash_pedestrian_counts,64,4,16,q9,9,fslot_K,quantile_loss,11,1.4944279193878174,1.4098189093634754,1.5921489222397507,0.0,0.0,0.0,False,False,8,59,1500,0,5000
monash_pedestrian_counts,64,4,16,q9,9,fslot_K,mase_context,0,2.0361559494911585,1.8796415326297136,2.1963643063955156,-1.12421894892274,-1.2272829185639866,-1.0162869234717566,False,False,8,59,1500,0,5000
monash_pedestrian_counts,64,4,16,q9,9,fslot_K,mase_context,1,1.352276590076263,1.2991684507242331,1.4017021565834415,-0.4403395895078446,-0.5200146281044858,-0.36451870707238115,False,False,8,59,1500,0,5000
monash_pedestrian_counts,64,4,16,q9,9,fslot_K,mase_context,2,0.9838888702567042,0.9463460370974132,1.0212795366560148,-0.07195186968828582,-0.11898828272182424,-0.024049778907990257,False,False,8,59,1500,0,5000
monash_pedestrian_counts,64,4,16,q9,9,fslot_K,mase_context,3,0.9558462690955586,0.916074411667366,0.9941550575468778,-0.043909268527140166,-0.0860585418322718,-0.0009027628945675215,False,False,8,59,1500,0,5000
monash_pedestrian_counts,64,4,16,q9,9,fslot_K,mase_context,4,0.8874648163531504,0.8446688104793977,0.9296201415015333,0.024472184215267978,-0.011627199772949745,0.06305565203040651,False,False,8,59,1500,0,5000
monash_pedestrian_counts,64,4,16,q9,9,fslot_K,mase_context,5,0.9138271590120515,0.8639943492785987,0.9636721535637608,-0.0018901584436330499,-0.02877769560665593,0.027359661979047697,False,False,8,59,1500,0,5000
monash_pedestrian_counts,64,4,16,q9,9,fslot_K,mase_context,6,0.8736945400464171,0.8214557173547989,0.9259012964436104,0.03824246052200131,0.013372667669856671,0.06438067079766059,True,False,8,59,1500,0,5000
monash_pedestrian_counts,64,4,16,q9,9,fslot_K,mase_context,7,0.8594120212383957,0.8078239956254388,0.9104011182504247,0.05252497933002276,0.024931029838686124,0.08171962899770677,True,False,8,59,1500,0,5000
monash_pedestrian_counts,64,4,16,q9,9,fslot_K,mase_context,8,0.8278057765292266,0.7718881643961616,0.8841883029697367,0.08413122403919182,0.060032597460366904,0.10920988327522606,True,True,8,59,1500,0,5000
monash_pedestrian_counts,64,4,16,q9,9,fslot_K,mase_context,9,0.8535394239442877,0.7923180753564285,0.9155264567230228,0.0583975766241307,0.04080273548401263,0.07519913668671721,True,False,8,59,1500,0,5000
monash_pedestrian_counts,64,4,16,q9,9,fslot_K,mase_context,10,0.9812307567259411,0.8933573264262958,1.0742634338396204,-0.06929375615752265,-0.09389721578876999,-0.04580764001264032,False,False,8,59,1500,0,5000
monash_pedestrian_counts,64,4,16,q9,9,fslot_K,mase_context,11,0.9119370005684184,0.8448413027990402,0.9831332620045762,0.0,0.0,0.0,False,False,8,59,1500,0,5000
monash_pedestrian_counts,64,4,16,q9,9,native,mase_context,,0.5700722939748525,0.5184040615658411,0.6208585491465739,,,,,,,59,1500,0,5000
uber_tlc_hourly,64,4,16,q9,9,content,quantile_loss,0,4.222539901733398,4.163321696835773,4.280538219875673,0.12736225128173828,0.09174441265715358,0.16330609806887242,True,False,9,260,1500,0,5000
uber_tlc_hourly,64,4,16,q9,9,content,quantile_loss,1,4.116136074066162,4.051420647921251,4.179751646229982,0.2337660789489746,0.19939735780457005,0.2699858197877274,True,False,9,260,1500,0,5000
uber_tlc_hourly,64,4,16,q9,9,content,quantile_loss,2,4.039088249206543,3.9753891935771177,4.105050290244276,0.31081390380859375,0.2698857181218509,0.3522627268113246,True,False,9,260,1500,0,5000
uber_tlc_hourly,64,4,16,q9,9,content,quantile_loss,3,3.9961979389190674,3.929335911636409,4.063009259199376,0.35370421409606934,0.31166777557223113,0.39656418974372976,True,False,9,260,1500,0,5000
uber_tlc_hourly,64,4,16,q9,9,content,quantile_loss,4,3.9753639698028564,3.90463406798398,4.045792291356295,0.3745381832122803,0.33249424788788184,0.4176383906131701,True,False,9,260,1500,0,5000
uber_tlc_hourly,64,4,16,q9,9,content,quantile_loss,5,3.9578769207000732,3.887617812259811,4.027391636198781,0.3920252323150635,0.3498481528814036,0.43548721979746147,True,False,9,260,1500,0,5000
uber_tlc_hourly,64,4,16,q9,9,content,quantile_loss,6,4.074777126312256,4.006733429626667,4.142353191803705,0.27512502670288086,0.23654128602014723,0.31632149649109276,True,False,9,260,1500,0,5000
uber_tlc_hourly,64,4,16,q9,9,content,quantile_loss,7,4.090325355529785,4.021057873517611,4.1575944821824375,0.25957679748535156,0.22014748588973693,0.2993717273449588,True,False,9,260,1500,0,5000
uber_tlc_hourly,64,4,16,q9,9,content,quantile_loss,8,4.0970611572265625,4.02765962978536,4.166602718576294,0.2528409957885742,0.21266028391403596,0.29402266419657214,True,False,9,260,1500,0,5000
uber_tlc_hourly,64,4,16,q9,9,content,quantile_loss,9,4.022311687469482,3.9538261888620245,4.089419202655852,0.3275904655456543,0.2902920522510195,0.36652777314107887,True,True,9,260,1500,0,5000
uber_tlc_hourly,64,4,16,q9,9,content,quantile_loss,10,4.12760066986084,4.055874766224719,4.197480255792947,0.22230148315429688,0.1900819038625775,0.2554577857094055,True,False,9,260,1500,0,5000
uber_tlc_hourly,64,4,16,q9,9,content,quantile_loss,11,4.349902153015137,4.282887132414419,4.4151036611101535,0.0,0.0,0.0,False,False,9,260,1500,0,5000
uber_tlc_hourly,64,4,16,q9,9,content,mase_context,0,1.1566695305317793,1.0947305150600173,1.2272506796201637,0.03078935500744473,0.012922968314738659,0.050839754595257136,True,False,9,260,1500,0,5000
uber_tlc_hourly,64,4,16,q9,9,content,mase_context,1,1.0981671334314587,1.0481247352822263,1.1536263914581748,0.08929175210776541,0.06553968080629821,0.11931455243415677,True,False,9,260,1500,0,5000
uber_tlc_hourly,64,4,16,q9,9,content,mase_context,2,1.0621728528367544,1.0192977702709418,1.1092214375215972,0.12528603270246963,0.09510514879872607,0.16379438034817806,True,False,9,260,1500,0,5000
uber_tlc_hourly,64,4,16,q9,9,content,mase_context,3,1.047676778920415,1.0078821849871222,1.091591611337819,0.13978210661880897,0.10775105966564344,0.18139452791401825,True,False,9,260,1500,0,5000
uber_tlc_hourly,64,4,16,q9,9,content,mase_context,4,1.022476918270534,0.9881605386878444,1.0603224622245588,0.16498196726869008,0.12761922044547502,0.21439729042079994,True,False,9,260,1500,0,5000
uber_tlc_hourly,64,4,16,q9,9,content,mase_context,5,1.029166329723413,0.9907034933498252,1.0719965200197203,0.15829255581581103,0.12480424746700669,0.20187955907116684,True,False,9,260,1500,0,5000
uber_tlc_hourly,64,4,16,q9,9,content,mase_context,6,1.0428953819588596,1.008849423377882,1.0789813479126658,0.14456350358036452,0.10547158686995595,0.1959811127404017,True,False,9,260,1500,0,5000
uber_tlc_hourly,64,4,16,q9,9,content,mase_context,7,1.060058067806911,1.0229746933143158,1.1001789405775095,0.12740081773231315,0.09117755652050943,0.17411278926395207,True,False,9,260,1500,0,5000
uber_tlc_hourly,64,4,16,q9,9,content,mase_context,8,1.0668558181549006,1.0296566134851717,1.1075742262894146,0.12060306738432347,0.08581308720018213,0.16667643474884167,True,False,9,260,1500,0,5000
uber_tlc_hourly,64,4,16,q9,9,content,mase_context,9,1.0556945458451201,1.015576313823137,1.1011052771170462,0.13176433969410395,0.10103307835318277,0.17289234893876226,True,True,9,260,1500,0,5000
uber_tlc_hourly,64,4,16,q9,9,content,mase_context,10,1.0912033253284412,1.0462908198306986,1.1419215094266826,0.09625556021078285,0.07007644026487493,0.13097662862408807,True,False,9,260,1500,0,5000
uber_tlc_hourly,64,4,16,q9,9,content,mase_context,11,1.187458885539224,1.1201268155415958,1.2682753488248373,0.0,0.0,0.0,False,False,9,260,1500,0,5000
uber_tlc_hourly,64,4,16,q9,9,reg,quantile_loss,0,4.308624744415283,4.240273847409086,4.378472159630689,-0.15973901748657227,-0.2011448703470973,-0.12100166950790071,False,False,9,260,1500,0,5000
uber_tlc_hourly,64,4,16,q9,9,reg,quantile_loss,1,4.215280532836914,4.147460487852116,4.284183303906919,-0.06639480590820312,-0.10085092298755971,-0.03355980604576244,False,False,9,260,1500,0,5000
uber_tlc_hourly,64,4,16,q9,9,reg,quantile_loss,2,4.025310039520264,3.957164133305346,4.094958838889755,0.12357568740844727,0.09512410989457183,0.15129927702028056,True,False,9,260,1500,0,5000
uber_tlc_hourly,64,4,16,q9,9,reg,quantile_loss,3,3.955850124359131,3.8858362272127427,4.0270247034480215,0.19303560256958008,0.16413928740382144,0.2214106763018736,True,False,9,260,1500,0,5000
uber_tlc_hourly,64,4,16,q9,9,reg,quantile_loss,4,3.8682687282562256,3.7976243151965208,3.9404993129848025,0.28061699867248535,0.25059607202239825,0.3112768970334635,True,False,9,260,1500,0,5000
uber_tlc_hourly,64,4,16,q9,9,reg,quantile_loss,5,3.8981411457061768,3.827899013659735,3.9672133573860995,0.2507445812225342,0.22157095152643502,0.28087066582063014,True,False,9,260,1500,0,5000
uber_tlc_hourly,64,4,16,q9,9,reg,quantile_loss,6,3.8797404766082764,3.81216159868671,3.946005733809979,0.26914525032043457,0.23803646896810293,0.30121173929339795,True,False,9,260,1500,0,5000
uber_tlc_hourly,64,4,16,q9,9,reg,quantile_loss,7,3.911339044570923,3.8464651159034013,3.97766212660135,0.23754668235778809,0.2050164423198244,0.2703730505222903,True,False,9,260,1500,0,5000
uber_tlc_hourly,64,4,16,q9,9,reg,quantile_loss,8,3.9298312664031982,3.866935286494439,3.99383933041569,0.2190544605255127,0.18381640714858205,0.2555802485051098,True,False,9,260,1500,0,5000
uber_tlc_hourly,64,4,16,q9,9,reg,quantile_loss,9,3.8803229331970215,3.8135888839785084,3.948516512307675,0.26856279373168945,0.2325951551414272,0.30682995527088613,True,True,9,260,1500,0,5000
uber_tlc_hourly,64,4,16,q9,9,reg,quantile_loss,10,3.9404618740081787,3.8754132795990195,4.007627596942205,0.20842385292053223,0.18015932310220378,0.2388574336902358,True,False,9,260,1500,0,5000
uber_tlc_hourly,64,4,16,q9,9,reg,quantile_loss,11,4.148885726928711,4.085319635007063,4.211520677491691,0.0,0.0,0.0,False,False,9,260,1500,0,5000
uber_tlc_hourly,64,4,16,q9,9,reg,mase_context,0,1.2012418734188275,1.0955832052979653,1.3404465897524271,-0.058063602125890235,-0.09722621239356845,-0.029037129826721332,False,False,9,260,1500,0,5000
uber_tlc_hourly,64,4,16,q9,9,reg,mase_context,1,1.1862474987729652,1.0697445223584503,1.3413850963128733,-0.04306922748002795,-0.0983663277371473,-0.004215483335509553,False,False,9,260,1500,0,5000
uber_tlc_hourly,64,4,16,q9,9,reg,mase_context,2,1.1377057509375308,1.034039285185108,1.2712873771749496,0.005472520355406463,-0.027642528701477688,0.029366728933693513,False,False,9,260,1500,0,5000
uber_tlc_hourly,64,4,16,q9,9,reg,mase_context,3,1.0881043933013568,0.9974745027703344,1.2038663466583297,0.05507387799158048,0.037954302542942436,0.06931863288630467,True,False,9,260,1500,0,5000
uber_tlc_hourly,64,4,16,q9,9,reg,mase_context,4,1.073604304661853,0.9804827174188252,1.1952559052307565,0.06957396663108417,0.046752329678442214,0.08772889313020196,True,False,9,260,1500,0,5000
uber_tlc_hourly,64,4,16,q9,9,reg,mase_context,5,1.0637443481973465,0.9858534333484481,1.1660524391144764,0.07943392309559072,0.06492918495673236,0.09518690289519734,True,False,9,260,1500,0,5000
uber_tlc_hourly,64,4,16,q9,9,reg,mase_context,6,1.059080074338986,0.9922464362503322,1.1425768805583434,0.08409819695395115,0.06489528804362403,0.10699658573202472,True,False,9,260,1500,0,5000
uber_tlc_hourly,64,4,16,q9,9,reg,mase_context,7,1.0610617674106104,0.9923218217805768,1.1486899563244775,0.08211650388232683,0.06360966074651984,0.10256755963737825,True,False,9,260,1500,0,5000
uber_tlc_hourly,64,4,16,q9,9,reg,mase_context,8,1.061075184112905,0.9996235133413497,1.137300205990359,0.08210308718003234,0.056779213064817494,0.11283183133407108,True,False,9,260,1500,0,5000
uber_tlc_hourly,64,4,16,q9,9,reg,mase_context,9,1.0345705418152356,0.9790466659778173,1.102085029072496,0.1086077294777017,0.07768706790994184,0.14695945104572894,True,True,9,260,1500,0,5000
uber_tlc_hourly,64,4,16,q9,9,reg,mase_context,10,1.0680121836852543,1.0034264111942701,1.147435855094034,0.07516608760768295,0.05389157238308783,0.10135611408051327,True,False,9,260,1500,0,5000
uber_tlc_hourly,64,4,16,q9,9,reg,mase_context,11,1.1431782712929373,1.058746949476896,1.2461014024909745,0.0,0.0,0.0,False,False,9,260,1500,0,5000
uber_tlc_hourly,64,4,16,q9,9,content_K,quantile_loss,0,4.230025768280029,4.170388424125279,4.288274641657918,0.2182483673095703,0.17500363967244645,0.2619639595132757,True,False,4,260,1500,0,5000
uber_tlc_hourly,64,4,16,q9,9,content_K,quantile_loss,1,4.116157531738281,4.051933317407838,4.180486270514173,0.33211660385131836,0.2872414280060396,0.3792062416186415,True,False,4,260,1500,0,5000
uber_tlc_hourly,64,4,16,q9,9,content_K,quantile_loss,2,4.043825626373291,3.9822014758231172,4.107562512921233,0.4044485092163086,0.35636853172079513,0.4533873334482215,True,False,4,260,1500,0,5000
uber_tlc_hourly,64,4,16,q9,9,content_K,quantile_loss,3,3.9884719848632812,3.9217621490975327,4.05584581607132,0.45980215072631836,0.40795597526599925,0.5129165729921247,True,False,4,260,1500,0,5000
uber_tlc_hourly,64,4,16,q9,9,content_K,quantile_loss,4,3.964454174041748,3.895127630256837,4.0339695664386905,0.48381996154785156,0.4305540074928894,0.5367726679296633,True,True,4,260,1500,0,5000
uber_tlc_hourly,64,4,16,q9,9,content_K,quantile_loss,5,3.948525905609131,3.8770004192605008,4.01882977172918,0.49974822998046875,0.4461476871557992,0.5538514340666971,True,False,4,260,1500,0,5000
uber_tlc_hourly,64,4,16,q9,9,content_K,quantile_loss,6,4.060903549194336,3.9932655906300405,4.128878718074394,0.38737058639526367,0.33843956143891035,0.4373415607936805,True,False,4,260,1500,0,5000
uber_tlc_hourly,64,4,16,q9,9,content_K,quantile_loss,7,4.0750579833984375,4.008632578436963,4.1395249470027355,0.3732161521911621,0.3240358124711419,0.4232018751585696,True,False,4,260,1500,0,5000
uber_tlc_hourly,64,4,16,q9,9,content_K,quantile_loss,8,4.093009948730469,4.024817082016594,4.16095709986102,0.35526418685913086,0.30610931541539876,0.40598289746597044,True,False,4,260,1500,0,5000
uber_tlc_hourly,64,4,16,q9,9,content_K,quantile_loss,9,4.142096996307373,4.073809120227522,4.209588261455339,0.30617713928222656,0.2617344236912792,0.3508555171190082,True,False,4,260,1500,0,5000
uber_tlc_hourly,64,4,16,q9,9,content_K,quantile_loss,10,4.232460975646973,4.156824135237655,4.30556591844076,0.21581315994262695,0.1756974222299849,0.2571737709520077,True,False,4,260,1500,0,5000
uber_tlc_hourly,64,4,16,q9,9,content_K,quantile_loss,11,4.4482741355896,4.376964427602766,4.518160411235046,0.0,0.0,0.0,False,False,4,260,1500,0,5000
uber_tlc_hourly,64,4,16,q9,9,content_K,mase_context,0,1.1519165976392167,1.0902746603394855,1.2222763451307144,0.07202119913277838,0.05361153622802193,0.09127087287588778,True,False,4,260,1500,0,5000
uber_tlc_hourly,64,4,16,q9,9,content_K,mase_context,1,1.1106844825925157,1.0561229592798953,1.1716926652674584,0.11325331417947937,0.09220606649295726,0.13676612884026365,True,False,4,260,1500,0,5000
uber_tlc_hourly,64,4,16,q9,9,content_K,mase_context,2,1.085243397261431,1.0372796358647898,1.137696258568213,0.13869439951056406,0.11127418406910011,0.1702593710067607,True,False,4,260,1500,0,5000
uber_tlc_hourly,64,4,16,q9,9,content_K,mase_context,3,1.0332316348711914,0.9961159819244185,1.0736740965875542,0.1907061619008037,0.1544418923464427,0.23347146486832807,True,False,4,260,1500,0,5000
uber_tlc_hourly,64,4,16,q9,9,content_K,mase_context,4,1.0292550152047868,0.9929524934494588,1.0700059013980072,0.1946827815672083,0.15833531162414335,0.23833041888970685,True,True,4,260,1500,0,5000
uber_tlc_hourly,64,4,16,q9,9,content_K,mase_context,5,1.0165077490371934,0.9814999068292999,1.0541823361774314,0.20743004773480167,0.16892926324508767,0.2553958720102104,True,False,4,260,1500,0,5000
uber_tlc_hourly,64,4,16,q9,9,content_K,mase_context,6,1.0544952660169045,1.0191383180258422,1.0919855041320043,0.16944253075509064,0.13013928856793605,0.2188612079794511,True,False,4,260,1500,0,5000
uber_tlc_hourly,64,4,16,q9,9,content_K,mase_context,7,1.0622685008683714,1.0231039111751081,1.1042886754406842,0.16166929590362367,0.12643719077562077,0.20584169443819872,True,False,4,260,1500,0,5000
uber_tlc_hourly,64,4,16,q9,9,content_K,mase_context,8,1.0648759022709988,1.0281622915153437,1.1045780243338346,0.15906189450099628,0.12219142729857757,0.2051602301179147,True,False,4,260,1500,0,5000
uber_tlc_hourly,64,4,16,q9,9,content_K,mase_context,9,1.084936012060206,1.0412593813182875,1.1350919681596048,0.13900178471178903,0.11042189427541405,0.17400926353996457,True,False,4,260,1500,0,5000
uber_tlc_hourly,64,4,16,q9,9,content_K,mase_context,10,1.1160301327593398,1.071860779922116,1.165219159705981,0.10790766401265528,0.07800933195877131,0.14505446742520273,True,False,4,260,1500,0,5000
uber_tlc_hourly,64,4,16,q9,9,content_K,mase_context,11,1.223937796771995,1.1547887448430598,1.3041472881483827,0.0,0.0,0.0,False,False,4,260,1500,0,5000
uber_tlc_hourly,64,4,16,q9,9,reg_K,quantile_loss,0,4.303359508514404,4.231122030275882,4.3791058957828355,-0.1860671043395996,-0.23282552251456098,-0.14185024264244633,False,False,9,260,1500,0,5000
uber_tlc_hourly,64,4,16,q9,9,reg_K,quantile_loss,1,4.219333171844482,4.1488117481582165,4.292834451346752,-0.10204076766967773,-0.14242492988251906,-0.06427719044135702,False,False,9,260,1500,0,5000
uber_tlc_hourly,64,4,16,q9,9,reg_K,quantile_loss,2,4.048890113830566,3.9773906293689287,4.122809536404696,0.06840229034423828,0.0327426671270644,0.10164288456192846,True,False,9,260,1500,0,5000
uber_tlc_hourly,64,4,16,q9,9,reg_K,quantile_loss,3,3.9437758922576904,3.873628732290663,4.01649369222953,0.17351651191711426,0.14091113329017438,0.2037477953189802,True,False,9,260,1500,0,5000
uber_tlc_hourly,64,4,16,q9,9,reg_K,quantile_loss,4,3.9431111812591553,3.8733160175623844,4.014522991489442,0.17418122291564941,0.14316893234955388,0.20359351464082873,True,False,9,260,1500,0,5000
uber_tlc_hourly,64,4,16,q9,9,reg_K,quantile_loss,5,3.897007703781128,3.827878315842185,3.966754518302284,0.22028470039367676,0.19166761622514936,0.24741341034521305,True,False,9,260,1500,0,5000
uber_tlc_hourly,64,4,16,q9,9,reg_K,quantile_loss,6,3.881300687789917,3.813714292752642,3.9480835787506168,0.2359917163848877,0.208135913474375,0.26394969446514777,True,False,9,260,1500,0,5000
uber_tlc_hourly,64,4,16,q9,9,reg_K,quantile_loss,7,3.8968238830566406,3.8325814849439217,3.9603629275905403,0.22046852111816406,0.19075763797378795,0.25017526775657406,True,False,9,260,1500,0,5000
uber_tlc_hourly,64,4,16,q9,9,reg_K,quantile_loss,8,3.9185783863067627,3.8576640834923044,3.9803725721989207,0.198714017868042,0.16549730568671409,0.2327025718492355,True,False,9,260,1500,0,5000
uber_tlc_hourly,64,4,16,q9,9,reg_K,quantile_loss,9,3.892723798751831,3.8257858453676525,3.960726590073253,0.22456860542297363,0.1911748081869623,0.25934538276095565,True,True,9,260,1500,0,5000
uber_tlc_hourly,64,4,16,q9,9,reg_K,quantile_loss,10,3.9452972412109375,3.878575228967667,4.012126159582879,0.1719951629638672,0.1443155753600514,0.20162059992334358,True,False,9,260,1500,0,5000
uber_tlc_hourly,64,4,16,q9,9,reg_K,quantile_loss,11,4.117292404174805,4.05328878582386,4.182748734622815,0.0,0.0,0.0,False,False,9,260,1500,0,5000
uber_tlc_hourly,64,4,16,q9,9,reg_K,mase_context,0,1.2189231473930333,1.0981037597855416,1.3791055316064171,-0.09552402264734772,-0.16696473027119146,-0.045662591920483185,False,False,9,260,1500,0,5000
uber_tlc_hourly,64,4,16,q9,9,reg_K,mase_context,1,1.2150212094749835,1.0833595907355988,1.3904684262172404,-0.09162208472929789,-0.1791590194711971,-0.02998509986298469,False,False,9,260,1500,0,5000
uber_tlc_hourly,64,4,16,q9,9,reg_K,mase_context,2,1.1240757456616841,1.0263568219212533,1.2499363413306588,-0.0006766209159985159,-0.037840882529208024,0.026698996573431624,False,False,9,260,1500,0,5000
uber_tlc_hourly,64,4,16,q9,9,reg_K,mase_context,3,1.1182035499743481,1.0106110481726047,1.2594385629514457,0.0051955747713374745,-0.04721181181138653,0.041852940928847435,False,False,9,260,1500,0,5000
uber_tlc_hourly,64,4,16,q9,9,reg_K,mase_context,4,1.1120886352786747,1.0104899274474493,1.2477180269563843,0.011310489467010854,-0.03543056483901672,0.04394486202716601,False,False,9,260,1500,0,5000
uber_tlc_hourly,64,4,16,q9,9,reg_K,mase_context,5,1.0777355903730481,0.9926620715840446,1.1887129830105891,0.04566353437263748,0.021622046774814763,0.06358093606578026,True,False,9,260,1500,0,5000
uber_tlc_hourly,64,4,16,q9,9,reg_K,mase_context,6,1.0702294561742252,0.9917222884259682,1.1719574313609626,0.05316966857146044,0.0369636075030212,0.06680277776068244,True,False,9,260,1500,0,5000
uber_tlc_hourly,64,4,16,q9,9,reg_K,mase_context,7,1.067892361973494,0.9938979614250247,1.161845107914925,0.05550676277219169,0.04311395889506113,0.0685996493316841,True,False,9,260,1500,0,5000
uber_tlc_hourly,64,4,16,q9,9,reg_K,mase_context,8,1.0714048186148557,1.004693526410119,1.1562052179463964,0.05199430613082989,0.03738171818118338,0.0683048064636907,True,False,9,260,1500,0,5000
uber_tlc_hourly,64,4,16,q9,9,reg_K,mase_context,9,1.0611142465885512,0.9971077359418002,1.1415389465702448,0.06228487815713435,0.04643272462289398,0.0804533615783531,True,True,9,260,1500,0,5000
uber_tlc_hourly,64,4,16,q9,9,reg_K,mase_context,10,1.06040571176226,0.9962568670817823,1.1404721633613792,0.06299341298342553,0.047253886912579326,0.08060697161955965,True,False,9,260,1500,0,5000
uber_tlc_hourly,64,4,16,q9,9,reg_K,mase_context,11,1.1233991247456856,1.045389659978959,1.2171806647204393,0.0,0.0,0.0,False,False,9,260,1500,0,5000
uber_tlc_hourly,64,4,16,q9,9,fslot_K,quantile_loss,0,4.099483489990234,4.041581820986889,4.152891857915002,-1.0185635089874268,-1.1115348892302757,-0.9269769834390013,False,False,8,260,1500,0,5000
uber_tlc_hourly,64,4,16,q9,9,fslot_K,quantile_loss,1,3.8592305183410645,3.7923573018648873,3.924829349576719,-0.7783105373382568,-0.8435665187145714,-0.7139836943615031,False,False,8,260,1500,0,5000
uber_tlc_hourly,64,4,16,q9,9,fslot_K,quantile_loss,2,3.3162283897399902,3.220127859968804,3.41053448914975,-0.23530840873718262,-0.2704399989134607,-0.19960433905465982,False,False,8,260,1500,0,5000
uber_tlc_hourly,64,4,16,q9,9,fslot_K,quantile_loss,3,3.2413535118103027,3.1412564870422286,3.3410854734866184,-0.16043353080749512,-0.1958520562065239,-0.12279529959988933,False,False,8,260,1500,0,5000
uber_tlc_hourly,64,4,16,q9,9,fslot_K,quantile_loss,4,3.141296148300171,3.035277738443958,3.245789907248175,-0.06037616729736328,-0.09611484147916984,-0.021105565241536988,False,False,8,260,1500,0,5000
uber_tlc_hourly,64,4,16,q9,9,fslot_K,quantile_loss,5,3.1501448154449463,3.044232743696939,3.253438996573743,-0.06922483444213867,-0.10555717379181481,-0.02936096871262961,False,False,8,260,1500,0,5000
uber_tlc_hourly,64,4,16,q9,9,fslot_K,quantile_loss,6,3.1020936965942383,2.9927192596272345,3.210036119346058,-0.021173715591430664,-0.06127071603767945,0.02279133827764913,False,False,8,260,1500,0,5000
uber_tlc_hourly,64,4,16,q9,9,fslot_K,quantile_loss,7,3.0951881408691406,2.9866564743635413,3.2020277386936122,-0.014268159866333008,-0.051429020529544345,0.026751921002380136,False,False,8,260,1500,0,5000
uber_tlc_hourly,64,4,16,q9,9,fslot_K,quantile_loss,8,3.056943893432617,2.94683587975617,3.165594264034273,0.02397608757019043,-0.013624571113885141,0.06522136136243077,False,True,8,260,1500,0,5000
uber_tlc_hourly,64,4,16,q9,9,fslot_K,quantile_loss,9,3.0596883296966553,2.9518042905732456,3.1653405246878834,0.021231651306152344,-0.0034594726642577234,0.04750982607791431,False,False,8,260,1500,0,5000
uber_tlc_hourly,64,4,16,q9,9,fslot_K,quantile_loss,10,3.0945491790771484,2.9893004915778647,3.1998165889737065,-0.01362919807434082,-0.0258461207197056,-0.0010181161183204705,False,False,8,260,1500,0,5000
uber_tlc_hourly,64,4,16,q9,9,fslot_K,quantile_loss,11,3.0809199810028076,2.973817284962783,3.1864580360356545,0.0,0.0,0.0,False,False,8,260,1500,0,5000
uber_tlc_hourly,64,4,16,q9,9,fslot_K,mase_context,0,1.1109432645123327,1.0594188586271938,1.167934889977155,-0.2825945511581346,-0.3186854490934456,-0.24694181967962894,False,False,8,260,1500,0,5000
uber_tlc_hourly,64,4,16,q9,9,fslot_K,mase_context,1,1.034660108821855,0.9892412439302568,1.0856855945736597,-0.20631139546765687,-0.23205768339974717,-0.18052223440166776,False,False,8,260,1500,0,5000
uber_tlc_hourly,64,4,16,q9,9,fslot_K,mase_context,2,0.8540844390125859,0.8310584133627281,0.88105283161694,-0.025735725658387776,-0.05243642476967853,0.008642901769048262,False,False,8,260,1500,0,5000
uber_tlc_hourly,64,4,16,q9,9,fslot_K,mase_context,3,0.8196854155398763,0.8013079424067228,0.8400909475880115,0.008663297814321846,-0.02211558217777658,0.04849548216300896,False,False,8,260,1500,0,5000
uber_tlc_hourly,64,4,16,q9,9,fslot_K,mase_context,4,0.7837449790537421,0.7698401051250665,0.7984497952423036,0.044603734300456055,0.008312454065021077,0.09126580789419009,True,False,8,260,1500,0,5000
uber_tlc_hourly,64,4,16,q9,9,fslot_K,mase_context,5,0.7974773696873937,0.7823309154307464,0.814095374537269,0.03087134366680444,-0.0037112728648495056,0.07591005447072238,False,False,8,260,1500,0,5000
uber_tlc_hourly,64,4,16,q9,9,fslot_K,mase_context,6,0.7708690713912145,0.7571971039944834,0.7849772164263572,0.05747964196298361,0.020214917170667108,0.10512167075976196,True,False,8,260,1500,0,5000
uber_tlc_hourly,64,4,16,q9,9,fslot_K,mase_context,7,0.7741836216458666,0.7599480381126633,0.789290596819537,0.0541650917083315,0.01792807619367892,0.10010091717260403,True,False,8,260,1500,0,5000
uber_tlc_hourly,64,4,16,q9,9,fslot_K,mase_context,8,0.7591295000731916,0.7459399416664858,0.7730955012997192,0.06921921328100655,0.03206367296837333,0.1166069301800197,True,True,8,260,1500,0,5000
uber_tlc_hourly,64,4,16,q9,9,fslot_K,mase_context,9,0.8091280348246022,0.7770699139406932,0.8494177881843691,0.01922067852959597,0.003551216161468573,0.03864164559073362,True,False,8,260,1500,0,5000
uber_tlc_hourly,64,4,16,q9,9,fslot_K,mase_context,10,0.8293668990050033,0.7840103783529374,0.8885785196772089,-0.0010181856508051368,-0.009025426707381132,0.006587847705681002,False,False,8,260,1500,0,5000
uber_tlc_hourly,64,4,16,q9,9,fslot_K,mase_context,11,0.8283487133541981,0.7831589887032943,0.8850886766198729,0.0,0.0,0.0,False,False,8,260,1500,0,5000
uber_tlc_hourly,64,4,16,q9,9,native,mase_context,,0.6582269958161624,0.6427970268922538,0.6727377144742643,,,,,,,260,1500,0,5000
