model,dataset,arm,budget,truncated,depth_index,label,blocks_removed,fraction_blocks_removed,val_mase_ratio,test_mase_ratio,test_mase_ci_lo,test_mase_ci_hi,within_budget_test,low_skill,speedup_e2e_b1,speedup_e2e_b256,speedup_device_b1,active_params,params_removed_fraction
chronos2,LOOP_SEATTLE_5T,hard,0.02,False,12,L12,0,0.0,1.0,1.0,1.0,1.0,True,False,1.0,1.0,1.0,,0.0
chronos2,LOOP_SEATTLE_5T,hard,0.05,False,12,L12,0,0.0,1.0,1.0,1.0,1.0,True,False,1.0,1.0,1.0,,0.0
chronos2,LOOP_SEATTLE_5T,hard,0.1,False,12,L12,0,0.0,1.0,1.0,1.0,1.0,True,False,1.0,1.0,1.0,,0.0
chronos2,LOOP_SEATTLE_5T,hard,0.2,True,9,L9,3,0.25,1.1352718720386183,0.9670341217325624,0.9189879584262195,1.0186929391801596,True,False,1.2909113819444162,1.2932067946479453,1.3037397536706057,91159200,0.23701889584985525
chronos2,LOOP_SEATTLE_5T,noa,0.02,True,9,L9,3,0.25,1.0095246164488139,0.9565713508470491,0.9256413640545426,0.9895381613136202,True,False,1.2837562507005005,1.28584454927648,1.2981720968854011,91749792,0.2320757794528021
chronos2,LOOP_SEATTLE_5T,noa,0.05,True,8,L8,4,0.3333333333333333,1.0204261838907207,0.9310214787020116,0.8824007862234227,0.9805369449067665,True,False,1.4214069507549765,1.4267112880306814,1.438478862685893,82310304,0.31108207806942056
chronos2,LOOP_SEATTLE_5T,noa,0.1,True,7,L7,5,0.4166666666666667,1.0667906159117138,0.9549901712979421,0.8962287544168099,1.0108763362338007,True,False,1.5727225564742562,1.599869712860413,1.604475393490942,72870816,0.390088376686039
chronos2,LOOP_SEATTLE_5T,noa,0.2,True,3,L3,9,0.75,1.1497223838446198,0.883603918744769,0.8258912883724462,0.9450183417565882,True,False,2.9060737457147736,3.103199858675667,3.1115721817298603,35112864,0.7061135711525126
chronos2,LOOP_SEATTLE_5T,fl,0.02,True,11,L11,1,0.08333333333333333,1.015870395956017,0.7776594187695915,0.7361392412548079,0.8219274188666768,True,False,1.0811576727377534,1.0756825215310732,1.0818004500728113,110628768,0.07406318221956532
chronos2,LOOP_SEATTLE_5T,fl,0.05,True,9,L9,3,0.25,1.0349957134610768,0.7887583887478536,0.7461198721317901,0.8350154678732908,True,False,1.2837562507005005,1.28584454927648,1.2981720968854011,91749792,0.2320757794528021
chronos2,LOOP_SEATTLE_5T,fl,0.1,True,8,L8,4,0.3333333333333333,1.0925221296493512,0.7578183845522202,0.7171172642167489,0.8020861525131534,True,False,1.4214069507549765,1.4267112880306814,1.438478862685893,82310304,0.31108207806942056
chronos2,LOOP_SEATTLE_5T,fl,0.2,True,6,L6,6,0.5,1.1795089843236304,0.8122410143464922,0.762495227119365,0.8675562759414044,True,False,1.7849770182898328,1.8208712638862465,1.8361216926310084,63431328,0.46909467530265736
chronos2,LOOP_SEATTLE_5T,ra,0.02,True,9,L9,3,0.25,1.0146650069167042,0.9439543863854765,0.9174071695258262,0.9721641177063192,True,False,1.2837562507005005,1.28584454927648,1.2981720968854011,91749792,0.2320757794528021
chronos2,LOOP_SEATTLE_5T,ra,0.05,True,8,L8,4,0.3333333333333333,1.0248113009742585,0.9190739752308011,0.8749026627120151,0.962861267226116,True,False,1.4214069507549765,1.4267112880306814,1.438478862685893,82310304,0.31108207806942056
chronos2,LOOP_SEATTLE_5T,ra,0.1,True,8,L8,4,0.3333333333333333,1.0248113009742585,0.9190739752308011,0.8749026627120151,0.962861267226116,True,False,1.4214069507549765,1.4267112880306814,1.438478862685893,82310304,0.31108207806942056
chronos2,LOOP_SEATTLE_5T,ra,0.2,True,4,L4,8,0.6666666666666666,1.1901711329689966,0.9435352722089086,0.890777061315897,1.0016092089368485,True,False,2.427405321160691,2.5137438539401016,2.5573634789044886,44552352,0.6271072725358943
chronos2,LOOP_SEATTLE_5T,probe,0.02,False,12,L12,0,0.0,1.0,1.0,1.0,1.0,True,False,1.0,1.0,1.0,,0.0
chronos2,LOOP_SEATTLE_5T,probe,0.05,False,12,L12,0,0.0,1.0,1.0,1.0,1.0,True,False,1.0,1.0,1.0,,0.0
chronos2,LOOP_SEATTLE_5T,probe,0.1,True,11,L11,1,0.08333333333333333,1.0981889920330439,0.8463459823245642,0.8021528033756776,0.8929750655219426,True,False,1.093484265617934,1.0920462140108989,1.0961091716966818,106642512,0.10742720915601434
chronos2,LOOP_SEATTLE_5T,probe,0.2,True,8,L8,4,0.3333333333333333,1.1669923670320235,0.771382488848478,0.7232813338764745,0.8225931087287777,True,False,1.4377524771581145,1.453611006402406,1.4613419969079908,78324048,0.3444461050058696
chronos2,SZ_TAXI_15T,hard,0.02,False,12,L12,0,0.0,1.0,1.0,1.0,1.0,True,True,1.0,1.0,1.0,,0.0
chronos2,SZ_TAXI_15T,hard,0.05,True,8,L8,4,0.3333333333333333,1.0375941725695026,1.0217400512965629,1.0002327650326905,1.052965463376873,True,True,1.4292906000585754,1.4346768161540855,1.4496867578283303,81719712,0.3160251944664737
chronos2,SZ_TAXI_15T,hard,0.1,True,4,L4,8,0.6666666666666666,1.0904509423972673,1.0548765980995656,1.0222531739739802,1.1053847348866153,True,True,2.420332210254884,2.5329268760868775,2.5415753600276236,43961760,0.6320503889329474
chronos2,SZ_TAXI_15T,hard,0.2,True,0,Emb,12,1.0,1.1385036206829624,1.0920239874568802,1.0400926265573949,1.177572970032837,True,True,8.576338360126098,10.241261902288686,11.609728510976588,6203808,0.948075583399421
chronos2,SZ_TAXI_15T,noa,0.02,True,3,L3,9,0.75,1.0130950782875783,1.0048593578183322,0.9844269881643678,1.033227308594728,True,True,2.9060737457147736,3.103199858675667,3.1115721817298603,35112864,0.7061135711525126
chronos2,SZ_TAXI_15T,noa,0.05,True,1,L1,11,0.9166666666666666,1.0463260192914186,1.0357980936376319,1.0069667230015062,1.078093485500996,True,True,5.191288505596132,5.878024315024798,6.052952301207836,16233888,0.8641261683857495
chronos2,SZ_TAXI_15T,noa,0.1,True,1,L1,11,0.9166666666666666,1.0463260192914186,1.0357980936376319,1.0069667230015062,1.078093485500996,True,True,5.191288505596132,5.878024315024798,6.052952301207836,16233888,0.8641261683857495
chronos2,SZ_TAXI_15T,noa,0.2,True,0,Emb,12,1.0,1.1057527770995081,1.0807802916483056,1.0288037162200219,1.1685888343127437,True,True,8.413659017103269,9.926948725133702,11.267174084150678,6794400,0.9431324670023679
chronos2,SZ_TAXI_15T,fl,0.02,True,9,L9,3,0.25,1.0198059484652189,1.0092153521502285,0.9862693057706161,1.04257776269836,True,True,1.2837562507005005,1.28584454927648,1.2981720968854011,91749792,0.2320757794528021
chronos2,SZ_TAXI_15T,fl,0.05,True,2,L2,10,0.8333333333333334,1.047706397338045,1.0408223420335112,1.004595627409225,1.1034316525737642,True,True,3.718278084855714,4.0698978209627,4.1019772892887,25673376,0.7851198697691311
chronos2,SZ_TAXI_15T,fl,0.1,True,1,L1,11,0.9166666666666666,1.073286085915733,1.0525786453250499,1.0104412025981082,1.1218596946555173,True,True,5.191288505596132,5.878024315024798,6.052952301207836,16233888,0.8641261683857495
chronos2,SZ_TAXI_15T,fl,0.2,True,0,Emb,12,1.0,1.1109018550990897,1.0951695280095095,1.0412823628107257,1.185141187235384,True,True,8.413659017103269,9.926948725133702,11.267174084150678,6794400,0.9431324670023679
chronos2,SZ_TAXI_15T,ra,0.02,True,3,L3,9,0.75,1.017026281269932,1.009930403372163,0.9873746972227069,1.0432867256651603,True,True,2.9060737457147736,3.103199858675667,3.1115721817298603,35112864,0.7061135711525126
chronos2,SZ_TAXI_15T,ra,0.05,True,2,L2,10,0.8333333333333334,1.0268523285293052,1.019378629673403,0.9983646833008504,1.0478292086723229,True,True,3.718278084855714,4.0698978209627,4.1019772892887,25673376,0.7851198697691311
chronos2,SZ_TAXI_15T,ra,0.1,True,1,L1,11,0.9166666666666666,1.0505844753219602,1.0427340216931018,1.0147016019861987,1.0839631212686374,True,True,5.191288505596132,5.878024315024798,6.052952301207836,16233888,0.8641261683857495
chronos2,SZ_TAXI_15T,ra,0.2,True,0,Emb,12,1.0,1.1079820474201578,1.089130566170562,1.0360090417467744,1.1782629590759341,True,True,8.413659017103269,9.926948725133702,11.267174084150678,6794400,0.9431324670023679
chronos2,SZ_TAXI_15T,probe,0.02,False,12,L12,0,0.0,1.0,1.0,1.0,1.0,True,True,1.0,1.0,1.0,,0.0
chronos2,SZ_TAXI_15T,probe,0.05,True,3,L3,9,0.75,1.047257150861388,1.0467316512545877,1.0060800959240126,1.117363324630113,True,True,3.0157473813663773,3.2419696915177743,3.246385602309118,31126608,0.7394775980889616
chronos2,SZ_TAXI_15T,probe,0.1,True,1,L1,11,0.9166666666666666,1.0881873805900832,1.0722641575500533,1.024264177927086,1.154092249923822,True,True,5.477715164439884,6.378898127340574,6.504226494678046,12247632,0.8974901953221984
chronos2,SZ_TAXI_15T,probe,0.2,True,0,Emb,12,1.0,1.1177255762858889,1.1031800688654858,1.0485593225735244,1.1938452046079333,True,True,9.42704958214726,11.553304936847095,13.028473585363002,2808144,0.9764964939388169
chronos2,boom_hourly,hard,0.02,False,12,L12,0,0.0,1.0,1.0,1.0,1.0,True,False,1.0,1.0,1.0,,0.0
chronos2,boom_hourly,hard,0.05,False,12,L12,0,0.0,1.0,1.0,1.0,1.0,True,False,1.0,1.0,1.0,,0.0
chronos2,boom_hourly,hard,0.1,False,12,L12,0,0.0,1.0,1.0,1.0,1.0,True,False,1.0,1.0,1.0,,0.0
chronos2,boom_hourly,hard,0.2,False,12,L12,0,0.0,1.0,1.0,1.0,1.0,True,False,1.0,1.0,1.0,,0.0
chronos2,boom_hourly,noa,0.02,False,12,L12,0,0.0,1.0,1.0,1.0,1.0,True,False,1.0,1.0,1.0,,0.0
chronos2,boom_hourly,noa,0.05,False,12,L12,0,0.0,1.0,1.0,1.0,1.0,True,False,1.0,1.0,1.0,,0.0
chronos2,boom_hourly,noa,0.1,False,12,L12,0,0.0,1.0,1.0,1.0,1.0,True,False,1.0,1.0,1.0,,0.0
chronos2,boom_hourly,noa,0.2,True,11,L11,1,0.08333333333333333,1.147491589926271,1.012287004133815,1.0058540181745617,1.0249856190682383,True,False,1.0811576727377534,1.0756825215310732,1.0818004500728113,110628768,0.07406318221956532
chronos2,boom_hourly,fl,0.02,False,12,L12,0,0.0,1.0,1.0,1.0,1.0,True,False,1.0,1.0,1.0,,0.0
chronos2,boom_hourly,fl,0.05,False,12,L12,0,0.0,1.0,1.0,1.0,1.0,True,False,1.0,1.0,1.0,,0.0
chronos2,boom_hourly,fl,0.1,False,12,L12,0,0.0,1.0,1.0,1.0,1.0,True,False,1.0,1.0,1.0,,0.0
chronos2,boom_hourly,fl,0.2,False,12,L12,0,0.0,1.0,1.0,1.0,1.0,True,False,1.0,1.0,1.0,,0.0
chronos2,boom_hourly,ra,0.02,False,12,L12,0,0.0,1.0,1.0,1.0,1.0,True,False,1.0,1.0,1.0,,0.0
chronos2,boom_hourly,ra,0.05,False,12,L12,0,0.0,1.0,1.0,1.0,1.0,True,False,1.0,1.0,1.0,,0.0
chronos2,boom_hourly,ra,0.1,True,11,L11,1,0.08333333333333333,1.0699700457436616,1.006583248995343,1.0001222755816148,1.016538117174258,True,False,1.0811576727377534,1.0756825215310732,1.0818004500728113,110628768,0.07406318221956532
chronos2,boom_hourly,ra,0.2,True,11,L11,1,0.08333333333333333,1.0699700457436616,1.006583248995343,1.0001222755816148,1.016538117174258,True,False,1.0811576727377534,1.0756825215310732,1.0818004500728113,110628768,0.07406318221956532
chronos2,boom_hourly,probe,0.02,False,12,L12,0,0.0,1.0,1.0,1.0,1.0,True,False,1.0,1.0,1.0,,0.0
chronos2,boom_hourly,probe,0.05,False,12,L12,0,0.0,1.0,1.0,1.0,1.0,True,False,1.0,1.0,1.0,,0.0
chronos2,boom_hourly,probe,0.1,False,12,L12,0,0.0,1.0,1.0,1.0,1.0,True,False,1.0,1.0,1.0,,0.0
chronos2,boom_hourly,probe,0.2,False,12,L12,0,0.0,1.0,1.0,1.0,1.0,True,False,1.0,1.0,1.0,,0.0
chronos2,coastal_ts,hard,0.02,False,12,L12,0,0.0,1.0,1.0,1.0,1.0,True,False,1.0,1.0,1.0,,0.0
chronos2,coastal_ts,hard,0.05,False,12,L12,0,0.0,1.0,1.0,1.0,1.0,True,False,1.0,1.0,1.0,,0.0
chronos2,coastal_ts,hard,0.1,True,3,L3,9,0.75,1.0800961914677676,1.3404789093882965,1.1161901432412702,1.6273909189888955,False,False,2.9519118679894136,3.1462523033642835,3.180026637439195,34522272,0.7110566875495657
chronos2,coastal_ts,hard,0.2,True,2,L2,10,0.8333333333333334,1.11914325544024,1.4075621439067914,1.1611295496692766,1.7252458414885379,False,False,3.745063180802789,4.123614487114269,4.143777225508858,25082784,0.7900629861661842
chronos2,coastal_ts,noa,0.02,False,12,L12,0,0.0,1.0,1.0,1.0,1.0,True,False,1.0,1.0,1.0,,0.0
chronos2,coastal_ts,noa,0.05,True,1,L1,11,0.9166666666666666,0.9632703041084592,1.0737213492180857,0.9843165540239097,1.1723596281781234,False,False,5.191288505596132,5.878024315024798,6.052952301207836,16233888,0.8641261683857495
chronos2,coastal_ts,noa,0.1,True,1,L1,11,0.9166666666666666,0.9632703041084592,1.0737213492180857,0.9843165540239097,1.1723596281781234,True,False,5.191288505596132,5.878024315024798,6.052952301207836,16233888,0.8641261683857495
chronos2,coastal_ts,noa,0.2,True,1,L1,11,0.9166666666666666,0.9632703041084592,1.0737213492180857,0.9843165540239097,1.1723596281781234,True,False,5.191288505596132,5.878024315024798,6.052952301207836,16233888,0.8641261683857495
chronos2,coastal_ts,fl,0.02,True,1,L1,11,0.9166666666666666,0.9906888429749526,1.063851464699622,0.9784643739509986,1.1620394383320347,False,False,5.191288505596132,5.878024315024798,6.052952301207836,16233888,0.8641261683857495
chronos2,coastal_ts,fl,0.05,True,1,L1,11,0.9166666666666666,0.9906888429749526,1.063851464699622,0.9784643739509986,1.1620394383320347,False,False,5.191288505596132,5.878024315024798,6.052952301207836,16233888,0.8641261683857495
chronos2,coastal_ts,fl,0.1,True,1,L1,11,0.9166666666666666,0.9906888429749526,1.063851464699622,0.9784643739509986,1.1620394383320347,True,False,5.191288505596132,5.878024315024798,6.052952301207836,16233888,0.8641261683857495
chronos2,coastal_ts,fl,0.2,True,1,L1,11,0.9166666666666666,0.9906888429749526,1.063851464699622,0.9784643739509986,1.1620394383320347,True,False,5.191288505596132,5.878024315024798,6.052952301207836,16233888,0.8641261683857495
chronos2,coastal_ts,ra,0.02,True,1,L1,11,0.9166666666666666,0.9535943698646495,1.0452745272336519,0.9471304635082505,1.1579474315787002,False,False,5.191288505596132,5.878024315024798,6.052952301207836,16233888,0.8641261683857495
chronos2,coastal_ts,ra,0.05,True,1,L1,11,0.9166666666666666,0.9535943698646495,1.0452745272336519,0.9471304635082505,1.1579474315787002,True,False,5.191288505596132,5.878024315024798,6.052952301207836,16233888,0.8641261683857495
chronos2,coastal_ts,ra,0.1,True,1,L1,11,0.9166666666666666,0.9535943698646495,1.0452745272336519,0.9471304635082505,1.1579474315787002,True,False,5.191288505596132,5.878024315024798,6.052952301207836,16233888,0.8641261683857495
chronos2,coastal_ts,ra,0.2,True,1,L1,11,0.9166666666666666,0.9535943698646495,1.0452745272336519,0.9471304635082505,1.1579474315787002,True,False,5.191288505596132,5.878024315024798,6.052952301207836,16233888,0.8641261683857495
chronos2,coastal_ts,probe,0.02,True,1,L1,11,0.9166666666666666,1.0108355579129433,1.1413372170311342,1.0011916507455327,1.3088293430290763,False,False,5.477715164439884,6.378898127340574,6.504226494678046,12247632,0.8974901953221984
chronos2,coastal_ts,probe,0.05,True,1,L1,11,0.9166666666666666,1.0108355579129433,1.1413372170311342,1.0011916507455327,1.3088293430290763,False,False,5.477715164439884,6.378898127340574,6.504226494678046,12247632,0.8974901953221984
chronos2,coastal_ts,probe,0.1,True,1,L1,11,0.9166666666666666,1.0108355579129433,1.1413372170311342,1.0011916507455327,1.3088293430290763,False,False,5.477715164439884,6.378898127340574,6.504226494678046,12247632,0.8974901953221984
chronos2,coastal_ts,probe,0.2,True,1,L1,11,0.9166666666666666,1.0108355579129433,1.1413372170311342,1.0011916507455327,1.3088293430290763,True,False,5.477715164439884,6.378898127340574,6.504226494678046,12247632,0.8974901953221984
chronos2,electricity_15min,hard,0.02,False,12,L12,0,0.0,1.0,1.0,1.0,1.0,True,False,1.0,1.0,1.0,,0.0
chronos2,electricity_15min,hard,0.05,False,12,L12,0,0.0,1.0,1.0,1.0,1.0,True,False,1.0,1.0,1.0,,0.0
chronos2,electricity_15min,hard,0.1,False,12,L12,0,0.0,1.0,1.0,1.0,1.0,True,False,1.0,1.0,1.0,,0.0
chronos2,electricity_15min,hard,0.2,False,12,L12,0,0.0,1.0,1.0,1.0,1.0,True,False,1.0,1.0,1.0,,0.0
chronos2,electricity_15min,noa,0.02,False,12,L12,0,0.0,1.0,1.0,1.0,1.0,True,False,1.0,1.0,1.0,,0.0
chronos2,electricity_15min,noa,0.05,True,10,L10,2,0.16666666666666666,1.0362277095844132,1.005136197697491,0.9920249450973821,1.0172920707585433,True,False,1.1801723035772915,1.1718074105910956,1.1882121115327804,101189280,0.15306948083618377
chronos2,electricity_15min,noa,0.1,True,9,L9,3,0.25,1.0692627269602226,1.0281425374620985,1.0108425798209915,1.0458825920336288,True,False,1.2837562507005005,1.28584454927648,1.2981720968854011,91749792,0.2320757794528021
chronos2,electricity_15min,noa,0.2,True,2,L2,10,0.8333333333333334,1.1689079663217545,1.021779887153508,0.9935288486823681,1.0502000660343689,True,False,3.718278084855714,4.0698978209627,4.1019772892887,25673376,0.7851198697691311
chronos2,electricity_15min,fl,0.02,True,11,L11,1,0.08333333333333333,1.016784281372286,1.0344886077999111,1.0238692430255918,1.0461604902053974,False,False,1.0811576727377534,1.0756825215310732,1.0818004500728113,110628768,0.07406318221956532
chronos2,electricity_15min,fl,0.05,True,11,L11,1,0.08333333333333333,1.016784281372286,1.0344886077999111,1.0238692430255918,1.0461604902053974,True,False,1.0811576727377534,1.0756825215310732,1.0818004500728113,110628768,0.07406318221956532
chronos2,electricity_15min,fl,0.1,True,9,L9,3,0.25,1.076320570462254,1.0602651396505653,1.0411126860395026,1.0792879002976266,True,False,1.2837562507005005,1.28584454927648,1.2981720968854011,91749792,0.2320757794528021
chronos2,electricity_15min,fl,0.2,True,2,L2,10,0.8333333333333334,1.1781400736896979,1.0796745829684957,1.0427375555707097,1.1132251761709036,True,False,3.718278084855714,4.0698978209627,4.1019772892887,25673376,0.7851198697691311
chronos2,electricity_15min,ra,0.02,True,11,L11,1,0.08333333333333333,1.016774768953664,1.0000450184636063,0.9928313202538197,1.0066750760588372,True,False,1.0811576727377534,1.0756825215310732,1.0818004500728113,110628768,0.07406318221956532
chronos2,electricity_15min,ra,0.05,True,11,L11,1,0.08333333333333333,1.016774768953664,1.0000450184636063,0.9928313202538197,1.0066750760588372,True,False,1.0811576727377534,1.0756825215310732,1.0818004500728113,110628768,0.07406318221956532
chronos2,electricity_15min,ra,0.1,True,9,L9,3,0.25,1.0968355664503497,1.0174837671731034,1.0005477134806098,1.0337484452579944,True,False,1.2837562507005005,1.28584454927648,1.2981720968854011,91749792,0.2320757794528021
chronos2,electricity_15min,ra,0.2,True,3,L3,9,0.75,1.1866194290012566,0.987572687327454,0.9597147150918296,1.0136977105308722,True,False,2.9060737457147736,3.103199858675667,3.1115721817298603,35112864,0.7061135711525126
chronos2,electricity_15min,probe,0.02,False,12,L12,0,0.0,1.0,1.0,1.0,1.0,True,False,1.0,1.0,1.0,,0.0
chronos2,electricity_15min,probe,0.05,False,12,L12,0,0.0,1.0,1.0,1.0,1.0,True,False,1.0,1.0,1.0,,0.0
chronos2,electricity_15min,probe,0.1,False,12,L12,0,0.0,1.0,1.0,1.0,1.0,True,False,1.0,1.0,1.0,,0.0
chronos2,electricity_15min,probe,0.2,False,12,L12,0,0.0,1.0,1.0,1.0,1.0,True,False,1.0,1.0,1.0,,0.0
chronos2,m4_hourly,hard,0.02,False,12,L12,0,0.0,1.0,1.0,1.0,1.0,True,False,1.0,1.0,1.0,,0.0
chronos2,m4_hourly,hard,0.05,False,12,L12,0,0.0,1.0,1.0,1.0,1.0,True,False,1.0,1.0,1.0,,0.0
chronos2,m4_hourly,hard,0.1,False,12,L12,0,0.0,1.0,1.0,1.0,1.0,True,False,1.0,1.0,1.0,,0.0
chronos2,m4_hourly,hard,0.2,False,12,L12,0,0.0,1.0,1.0,1.0,1.0,True,False,1.0,1.0,1.0,,0.0
chronos2,m4_hourly,noa,0.02,True,11,L11,1,0.08333333333333333,1.0097985583933626,1.0111960479995488,0.9905643568713325,1.0376557743869366,True,False,1.0811576727377534,1.0756825215310732,1.0818004500728113,110628768,0.07406318221956532
chronos2,m4_hourly,noa,0.05,True,9,L9,3,0.25,1.0274421905782025,1.0758271396356727,1.032930632547896,1.1417022930344638,False,False,1.2837562507005005,1.28584454927648,1.2981720968854011,91749792,0.2320757794528021
chronos2,m4_hourly,noa,0.1,True,7,L7,5,0.4166666666666667,1.0913652944220158,1.1353631148735375,1.085243980570098,1.1940970275580354,False,False,1.5727225564742562,1.599869712860413,1.604475393490942,72870816,0.390088376686039
chronos2,m4_hourly,noa,0.2,True,5,L5,7,0.5833333333333334,1.150997649830462,1.202163446267826,1.1410963814773736,1.2714999366087143,False,False,2.063114236323405,2.1098237209397337,2.134960704751238,53991840,0.5481009739192758
chronos2,m4_hourly,fl,0.02,True,11,L11,1,0.08333333333333333,1.0051033354147585,1.0354524522974398,0.9985799277550347,1.081360781310996,False,False,1.0811576727377534,1.0756825215310732,1.0818004500728113,110628768,0.07406318221956532
chronos2,m4_hourly,fl,0.05,True,9,L9,3,0.25,1.0172020659137853,1.0602686071240242,1.0013980815650525,1.133550039997871,False,False,1.2837562507005005,1.28584454927648,1.2981720968854011,91749792,0.2320757794528021
chronos2,m4_hourly,fl,0.1,True,9,L9,3,0.25,1.0172020659137853,1.0602686071240242,1.0013980815650525,1.133550039997871,True,False,1.2837562507005005,1.28584454927648,1.2981720968854011,91749792,0.2320757794528021
chronos2,m4_hourly,fl,0.2,True,7,L7,5,0.4166666666666667,1.1176599342751687,1.1668118121925048,1.0979704396813563,1.2433672381266072,True,False,1.5727225564742562,1.599869712860413,1.604475393490942,72870816,0.390088376686039
chronos2,m4_hourly,ra,0.02,True,11,L11,1,0.08333333333333333,1.0152537191564854,1.0209096006453915,0.995682402664025,1.0585664764640583,False,False,1.0811576727377534,1.0756825215310732,1.0818004500728113,110628768,0.07406318221956532
chronos2,m4_hourly,ra,0.05,True,9,L9,3,0.25,1.0311452649084645,1.088994746879677,1.040082607124588,1.1606850547606515,False,False,1.2837562507005005,1.28584454927648,1.2981720968854011,91749792,0.2320757794528021
chronos2,m4_hourly,ra,0.1,True,8,L8,4,0.3333333333333333,1.0708560097633737,1.1040426254506384,1.0543764477199975,1.1676004761467969,False,False,1.4214069507549765,1.4267112880306814,1.438478862685893,82310304,0.31108207806942056
chronos2,m4_hourly,ra,0.2,True,5,L5,7,0.5833333333333334,1.1394569312580942,1.147762687320992,1.0905327133641547,1.215790330577376,True,False,2.063114236323405,2.1098237209397337,2.134960704751238,53991840,0.5481009739192758
chronos2,m4_hourly,probe,0.02,False,12,L12,0,0.0,1.0,1.0,1.0,1.0,True,False,1.0,1.0,1.0,,0.0
chronos2,m4_hourly,probe,0.05,False,12,L12,0,0.0,1.0,1.0,1.0,1.0,True,False,1.0,1.0,1.0,,0.0
chronos2,m4_hourly,probe,0.1,False,12,L12,0,0.0,1.0,1.0,1.0,1.0,True,False,1.0,1.0,1.0,,0.0
chronos2,m4_hourly,probe,0.2,False,12,L12,0,0.0,1.0,1.0,1.0,1.0,True,False,1.0,1.0,1.0,,0.0
chronos2,m5,hard,0.02,False,12,L12,0,0.0,1.0,1.0,1.0,1.0,True,False,1.0,1.0,1.0,,0.0
chronos2,m5,hard,0.05,False,12,L12,0,0.0,1.0,1.0,1.0,1.0,True,False,1.0,1.0,1.0,,0.0
chronos2,m5,hard,0.1,True,10,L10,2,0.16666666666666666,1.0713247942532362,1.048582266200483,1.032889205077773,1.0645467248302103,True,False,1.1801682120264665,1.1778164283514365,1.1861786794735782,100598688,0.1580125972332368
chronos2,m5,hard,0.2,True,1,L1,11,0.9166666666666666,1.1680969346954229,1.160237609900846,1.1247280380392475,1.1995887169050257,True,False,5.1926034665751635,6.017660965274821,6.068856190984485,15643296,0.8690692847828025
chronos2,m5,noa,0.02,True,10,L10,2,0.16666666666666666,1.0151263936461665,1.0022042119894152,0.9915309539583476,1.010455567779876,True,False,1.1801723035772915,1.1718074105910956,1.1882121115327804,101189280,0.15306948083618377
chronos2,m5,noa,0.05,True,1,L1,11,0.9166666666666666,1.0316531014950072,1.0231637366851847,1.0031451015948778,1.04187906390965,True,False,5.191288505596132,5.878024315024798,6.052952301207836,16233888,0.8641261683857495
chronos2,m5,noa,0.1,True,0,Emb,12,1.0,1.0822620506528333,1.1262255036565294,1.0888563841422902,1.1705387812915493,False,False,8.413659017103269,9.926948725133702,11.267174084150678,6794400,0.9431324670023679
chronos2,m5,noa,0.2,True,0,Emb,12,1.0,1.0822620506528333,1.1262255036565294,1.0888563841422902,1.1705387812915493,True,False,8.413659017103269,9.926948725133702,11.267174084150678,6794400,0.9431324670023679
chronos2,m5,fl,0.02,True,7,L7,5,0.4166666666666667,1.0167717278351787,1.012810935788374,0.9987110658026557,1.0291964326235388,True,False,1.5727225564742562,1.599869712860413,1.604475393490942,72870816,0.390088376686039
chronos2,m5,fl,0.05,True,1,L1,11,0.9166666666666666,1.011027681246198,1.0253984696392175,1.0010411330317668,1.0549466092227038,True,False,5.191288505596132,5.878024315024798,6.052952301207836,16233888,0.8641261683857495
chronos2,m5,fl,0.1,True,0,Emb,12,1.0,1.0818640998511293,1.1256209634630407,1.088344260385779,1.1698081129488567,False,False,8.413659017103269,9.926948725133702,11.267174084150678,6794400,0.9431324670023679
chronos2,m5,fl,0.2,True,0,Emb,12,1.0,1.0818640998511293,1.1256209634630407,1.088344260385779,1.1698081129488567,True,False,8.413659017103269,9.926948725133702,11.267174084150678,6794400,0.9431324670023679
chronos2,m5,ra,0.02,True,1,L1,11,0.9166666666666666,1.0126343024967763,1.0221994612720342,1.0003539787625384,1.0496297363379228,False,False,5.191288505596132,5.878024315024798,6.052952301207836,16233888,0.8641261683857495
chronos2,m5,ra,0.05,True,1,L1,11,0.9166666666666666,1.0126343024967763,1.0221994612720342,1.0003539787625384,1.0496297363379228,True,False,5.191288505596132,5.878024315024798,6.052952301207836,16233888,0.8641261683857495
chronos2,m5,ra,0.1,True,1,L1,11,0.9166666666666666,1.0126343024967763,1.0221994612720342,1.0003539787625384,1.0496297363379228,True,False,5.191288505596132,5.878024315024798,6.052952301207836,16233888,0.8641261683857495
chronos2,m5,ra,0.2,True,0,Emb,12,1.0,1.1220163606055158,1.1696088163855656,1.12709222349414,1.2170978406860995,True,False,8.413659017103269,9.926948725133702,11.267174084150678,6794400,0.9431324670023679
chronos2,m5,probe,0.02,False,12,L12,0,0.0,1.0,1.0,1.0,1.0,True,False,1.0,1.0,1.0,,0.0
chronos2,m5,probe,0.05,False,12,L12,0,0.0,1.0,1.0,1.0,1.0,True,False,1.0,1.0,1.0,,0.0
chronos2,m5,probe,0.1,False,12,L12,0,0.0,1.0,1.0,1.0,1.0,True,False,1.0,1.0,1.0,,0.0
chronos2,m5,probe,0.2,True,0,Emb,12,1.0,1.1469359604934137,1.179070233735871,1.1402370618886974,1.224038378375165,True,False,9.42704958214726,11.553304936847095,13.028473585363002,2808144,0.9764964939388169
chronos2,monash_electricity_hourly,hard,0.02,False,12,L12,0,0.0,1.0,1.0,1.0,1.0,True,False,1.0,1.0,1.0,,0.0
chronos2,monash_electricity_hourly,hard,0.05,False,12,L12,0,0.0,1.0,1.0,1.0,1.0,True,False,1.0,1.0,1.0,,0.0
chronos2,monash_electricity_hourly,hard,0.1,False,12,L12,0,0.0,1.0,1.0,1.0,1.0,True,False,1.0,1.0,1.0,,0.0
chronos2,monash_electricity_hourly,hard,0.2,False,12,L12,0,0.0,1.0,1.0,1.0,1.0,True,False,1.0,1.0,1.0,,0.0
chronos2,monash_electricity_hourly,noa,0.02,False,12,L12,0,0.0,1.0,1.0,1.0,1.0,True,False,1.0,1.0,1.0,,0.0
chronos2,monash_electricity_hourly,noa,0.05,True,10,L10,2,0.16666666666666666,1.0477840895312842,1.1349391410840872,1.1079038114346045,1.1648051251880387,False,False,1.1801723035772915,1.1718074105910956,1.1882121115327804,101189280,0.15306948083618377
chronos2,monash_electricity_hourly,noa,0.1,True,9,L9,3,0.25,1.094057749943085,1.158030469195903,1.1262580799474753,1.1927655961264265,False,False,1.2837562507005005,1.28584454927648,1.2981720968854011,91749792,0.2320757794528021
chronos2,monash_electricity_hourly,noa,0.2,True,5,L5,7,0.5833333333333334,1.193173511821659,1.129277412451503,1.1018563301622222,1.1595346935543596,True,False,2.063114236323405,2.1098237209397337,2.134960704751238,53991840,0.5481009739192758
chronos2,monash_electricity_hourly,fl,0.02,True,11,L11,1,0.08333333333333333,1.011275234125477,1.051202916289557,1.0371739477499426,1.0662964230704182,False,False,1.0811576727377534,1.0756825215310732,1.0818004500728113,110628768,0.07406318221956532
chronos2,monash_electricity_hourly,fl,0.05,True,11,L11,1,0.08333333333333333,1.011275234125477,1.051202916289557,1.0371739477499426,1.0662964230704182,False,False,1.0811576727377534,1.0756825215310732,1.0818004500728113,110628768,0.07406318221956532
chronos2,monash_electricity_hourly,fl,0.1,True,9,L9,3,0.25,1.0798187562459585,1.134977871978857,1.109428708414842,1.1632251845666233,False,False,1.2837562507005005,1.28584454927648,1.2981720968854011,91749792,0.2320757794528021
chronos2,monash_electricity_hourly,fl,0.2,True,5,L5,7,0.5833333333333334,1.176928398728815,1.1193203912456395,1.0871012246838017,1.1554821711361192,True,False,2.063114236323405,2.1098237209397337,2.134960704751238,53991840,0.5481009739192758
chronos2,monash_electricity_hourly,ra,0.02,False,12,L12,0,0.0,1.0,1.0,1.0,1.0,True,False,1.0,1.0,1.0,,0.0
chronos2,monash_electricity_hourly,ra,0.05,True,11,L11,1,0.08333333333333333,1.0253503855018973,1.0681889672482792,1.053324251348463,1.0842777919642048,False,False,1.0811576727377534,1.0756825215310732,1.0818004500728113,110628768,0.07406318221956532
chronos2,monash_electricity_hourly,ra,0.1,True,10,L10,2,0.16666666666666666,1.0610336189115295,1.129453307907799,1.105278966491813,1.1552541366145972,False,False,1.1801723035772915,1.1718074105910956,1.1882121115327804,101189280,0.15306948083618377
chronos2,monash_electricity_hourly,ra,0.2,True,5,L5,7,0.5833333333333334,1.1992095707754535,1.1524647815455298,1.1237570632149187,1.1841834006843173,True,False,2.063114236323405,2.1098237209397337,2.134960704751238,53991840,0.5481009739192758
chronos2,monash_electricity_hourly,probe,0.02,False,12,L12,0,0.0,1.0,1.0,1.0,1.0,True,False,1.0,1.0,1.0,,0.0
chronos2,monash_electricity_hourly,probe,0.05,False,12,L12,0,0.0,1.0,1.0,1.0,1.0,True,False,1.0,1.0,1.0,,0.0
chronos2,monash_electricity_hourly,probe,0.1,False,12,L12,0,0.0,1.0,1.0,1.0,1.0,True,False,1.0,1.0,1.0,,0.0
chronos2,monash_electricity_hourly,probe,0.2,False,12,L12,0,0.0,1.0,1.0,1.0,1.0,True,False,1.0,1.0,1.0,,0.0
chronos2,monash_london_smart_meters,hard,0.02,False,12,L12,0,0.0,1.0,1.0,1.0,1.0,True,False,1.0,1.0,1.0,,0.0
chronos2,monash_london_smart_meters,hard,0.05,False,12,L12,0,0.0,1.0,1.0,1.0,1.0,True,False,1.0,1.0,1.0,,0.0
chronos2,monash_london_smart_meters,hard,0.1,True,7,L7,5,0.4166666666666667,1.0887683931992178,1.137628501947308,1.1072269720542411,1.1762991849490465,False,False,1.5972474255107876,1.6101041682876744,1.6298105168429835,72280224,0.39503149308309204
chronos2,monash_london_smart_meters,hard,0.2,True,5,L5,7,0.5833333333333334,1.135052199415254,1.2198156810332756,1.1675106771025843,1.2870684767928025,False,False,2.0492508075360334,2.1305793727263675,2.1275825957384105,53401248,0.553044090316329
chronos2,monash_london_smart_meters,noa,0.02,True,9,L9,3,0.25,1.016367445262287,1.0258575951784168,1.0150373295482915,1.0410724411422105,False,False,1.2837562507005005,1.28584454927648,1.2981720968854011,91749792,0.2320757794528021
chronos2,monash_london_smart_meters,noa,0.05,True,3,L3,9,0.75,1.044492677636263,1.0935820839825696,1.0540485277244656,1.15589592426797,False,False,2.9060737457147736,3.103199858675667,3.1115721817298603,35112864,0.7061135711525126
chronos2,monash_london_smart_meters,noa,0.1,True,2,L2,10,0.8333333333333334,1.0822199886437716,1.1125435231823535,1.077008701939425,1.160134932742755,False,False,3.718278084855714,4.0698978209627,4.1019772892887,25673376,0.7851198697691311
chronos2,monash_london_smart_meters,noa,0.2,True,1,L1,11,0.9166666666666666,1.180670127252118,1.2756336293917827,1.209178121014931,1.3550904193326159,False,False,5.191288505596132,5.878024315024798,6.052952301207836,16233888,0.8641261683857495
chronos2,monash_london_smart_meters,fl,0.02,True,10,L10,2,0.16666666666666666,1.018271639219266,1.0212038926524956,1.0096070162858926,1.0342907475856746,False,False,1.1801723035772915,1.1718074105910956,1.1882121115327804,101189280,0.15306948083618377
chronos2,monash_london_smart_meters,fl,0.05,True,5,L5,7,0.5833333333333334,1.0457070936910282,1.065895372585788,1.0425298144132409,1.095709992591855,False,False,2.063114236323405,2.1098237209397337,2.134960704751238,53991840,0.5481009739192758
chronos2,monash_london_smart_meters,fl,0.1,True,2,L2,10,0.8333333333333334,1.099240033018422,1.1139993412604192,1.0769342216829827,1.1597028125942936,False,False,3.718278084855714,4.0698978209627,4.1019772892887,25673376,0.7851198697691311
chronos2,monash_london_smart_meters,fl,0.2,True,1,L1,11,0.9166666666666666,1.189817700404519,1.2871252731304732,1.2162444706588114,1.373529800402869,False,False,5.191288505596132,5.878024315024798,6.052952301207836,16233888,0.8641261683857495
chronos2,monash_london_smart_meters,ra,0.02,True,9,L9,3,0.25,1.0179611807193893,1.0282150567556307,1.0188537796512238,1.039613716503372,False,False,1.2837562507005005,1.28584454927648,1.2981720968854011,91749792,0.2320757794528021
chronos2,monash_london_smart_meters,ra,0.05,True,4,L4,8,0.6666666666666666,1.0402550176501768,1.057059585021757,1.036558287080889,1.0816036290297077,False,False,2.427405321160691,2.5137438539401016,2.5573634789044886,44552352,0.6271072725358943
chronos2,monash_london_smart_meters,ra,0.1,True,2,L2,10,0.8333333333333334,1.0865296583488364,1.103902982036969,1.070605561462154,1.1448301515214945,False,False,3.718278084855714,4.0698978209627,4.1019772892887,25673376,0.7851198697691311
chronos2,monash_london_smart_meters,ra,0.2,True,2,L2,10,0.8333333333333334,1.0865296583488364,1.103902982036969,1.070605561462154,1.1448301515214945,True,False,3.718278084855714,4.0698978209627,4.1019772892887,25673376,0.7851198697691311
chronos2,monash_london_smart_meters,probe,0.02,False,12,L12,0,0.0,1.0,1.0,1.0,1.0,True,False,1.0,1.0,1.0,,0.0
chronos2,monash_london_smart_meters,probe,0.05,False,12,L12,0,0.0,1.0,1.0,1.0,1.0,True,False,1.0,1.0,1.0,,0.0
chronos2,monash_london_smart_meters,probe,0.1,True,4,L4,8,0.6666666666666666,1.092753405571348,1.1296638839089745,1.0914340107298792,1.1775837681917147,False,False,2.4705713564132417,2.6030569339433205,2.6028468744823834,40566096,0.6604712994723432
chronos2,monash_london_smart_meters,probe,0.2,True,2,L2,10,0.8333333333333334,1.1426020611368328,1.1769315849469628,1.1282889640003892,1.2379639965877005,True,False,3.898376022269169,4.296989872076861,4.3342089018345575,21687120,0.8184838967055801
chronos2,monash_traffic,hard,0.02,False,12,L12,0,0.0,1.0,1.0,1.0,1.0,True,False,1.0,1.0,1.0,,0.0
chronos2,monash_traffic,hard,0.05,False,12,L12,0,0.0,1.0,1.0,1.0,1.0,True,False,1.0,1.0,1.0,,0.0
chronos2,monash_traffic,hard,0.1,False,12,L12,0,0.0,1.0,1.0,1.0,1.0,True,False,1.0,1.0,1.0,,0.0
chronos2,monash_traffic,hard,0.2,False,12,L12,0,0.0,1.0,1.0,1.0,1.0,True,False,1.0,1.0,1.0,,0.0
chronos2,monash_traffic,noa,0.02,False,12,L12,0,0.0,1.0,1.0,1.0,1.0,True,False,1.0,1.0,1.0,,0.0
chronos2,monash_traffic,noa,0.05,False,12,L12,0,0.0,1.0,1.0,1.0,1.0,True,False,1.0,1.0,1.0,,0.0
chronos2,monash_traffic,noa,0.1,True,11,L11,1,0.08333333333333333,1.0624759486853153,1.0353814858728545,1.0278111597988722,1.043574288943371,True,False,1.0811576727377534,1.0756825215310732,1.0818004500728113,110628768,0.07406318221956532
chronos2,monash_traffic,noa,0.2,True,10,L10,2,0.16666666666666666,1.1589907574144411,1.0559463484580962,1.0420228753620009,1.0705853708006585,True,False,1.1801723035772915,1.1718074105910956,1.1882121115327804,101189280,0.15306948083618377
chronos2,monash_traffic,fl,0.02,False,12,L12,0,0.0,1.0,1.0,1.0,1.0,True,False,1.0,1.0,1.0,,0.0
chronos2,monash_traffic,fl,0.05,False,12,L12,0,0.0,1.0,1.0,1.0,1.0,True,False,1.0,1.0,1.0,,0.0
chronos2,monash_traffic,fl,0.1,True,11,L11,1,0.08333333333333333,1.0995035180339467,1.0700949141789384,1.0588110864691647,1.0826213272641143,True,False,1.0811576727377534,1.0756825215310732,1.0818004500728113,110628768,0.07406318221956532
chronos2,monash_traffic,fl,0.2,True,10,L10,2,0.16666666666666666,1.1718654507456132,1.0660221008377182,1.0515217541513497,1.0814750106909012,True,False,1.1801723035772915,1.1718074105910956,1.1882121115327804,101189280,0.15306948083618377
chronos2,monash_traffic,ra,0.02,False,12,L12,0,0.0,1.0,1.0,1.0,1.0,True,False,1.0,1.0,1.0,,0.0
chronos2,monash_traffic,ra,0.05,False,12,L12,0,0.0,1.0,1.0,1.0,1.0,True,False,1.0,1.0,1.0,,0.0
chronos2,monash_traffic,ra,0.1,True,11,L11,1,0.08333333333333333,1.066660771402907,1.0433398483884926,1.0345808119561435,1.0525017557987695,True,False,1.0811576727377534,1.0756825215310732,1.0818004500728113,110628768,0.07406318221956532
chronos2,monash_traffic,ra,0.2,True,10,L10,2,0.16666666666666666,1.1743141032621291,1.0821935744290017,1.0670130768841641,1.0986703948798389,True,False,1.1801723035772915,1.1718074105910956,1.1882121115327804,101189280,0.15306948083618377
chronos2,monash_traffic,probe,0.02,False,12,L12,0,0.0,1.0,1.0,1.0,1.0,True,False,1.0,1.0,1.0,,0.0
chronos2,monash_traffic,probe,0.05,False,12,L12,0,0.0,1.0,1.0,1.0,1.0,True,False,1.0,1.0,1.0,,0.0
chronos2,monash_traffic,probe,0.1,False,12,L12,0,0.0,1.0,1.0,1.0,1.0,True,False,1.0,1.0,1.0,,0.0
chronos2,monash_traffic,probe,0.2,False,12,L12,0,0.0,1.0,1.0,1.0,1.0,True,False,1.0,1.0,1.0,,0.0
chronos2,sg_carpark,hard,0.02,False,12,L12,0,0.0,1.0,1.0,1.0,1.0,True,False,1.0,1.0,1.0,,0.0
chronos2,sg_carpark,hard,0.05,False,12,L12,0,0.0,1.0,1.0,1.0,1.0,True,False,1.0,1.0,1.0,,0.0
chronos2,sg_carpark,hard,0.1,False,12,L12,0,0.0,1.0,1.0,1.0,1.0,True,False,1.0,1.0,1.0,,0.0
chronos2,sg_carpark,hard,0.2,False,12,L12,0,0.0,1.0,1.0,1.0,1.0,True,False,1.0,1.0,1.0,,0.0
chronos2,sg_carpark,noa,0.02,False,12,L12,0,0.0,1.0,1.0,1.0,1.0,True,False,1.0,1.0,1.0,,0.0
chronos2,sg_carpark,noa,0.05,True,11,L11,1,0.08333333333333333,1.0224490888249669,1.0191051612348734,1.0135106290765041,1.0252870008111752,True,False,1.0811576727377534,1.0756825215310732,1.0818004500728113,110628768,0.07406318221956532
chronos2,sg_carpark,noa,0.1,True,9,L9,3,0.25,1.096117352457223,1.0454816191319276,1.0246276496995814,1.0692214938774869,True,False,1.2837562507005005,1.28584454927648,1.2981720968854011,91749792,0.2320757794528021
chronos2,sg_carpark,noa,0.2,True,8,L8,4,0.3333333333333333,1.187175753441769,1.0827984768637724,1.0527145215361997,1.1186014572590572,True,False,1.4214069507549765,1.4267112880306814,1.438478862685893,82310304,0.31108207806942056
chronos2,sg_carpark,fl,0.02,False,12,L12,0,0.0,1.0,1.0,1.0,1.0,True,False,1.0,1.0,1.0,,0.0
chronos2,sg_carpark,fl,0.05,True,11,L11,1,0.08333333333333333,1.0498913450390037,1.0209456467157856,1.003375338880073,1.0388370035257413,True,False,1.0811576727377534,1.0756825215310732,1.0818004500728113,110628768,0.07406318221956532
chronos2,sg_carpark,fl,0.1,True,10,L10,2,0.16666666666666666,1.0925106469621806,1.0510777090778032,1.0312357704009811,1.0736443777444433,True,False,1.1801723035772915,1.1718074105910956,1.1882121115327804,101189280,0.15306948083618377
chronos2,sg_carpark,fl,0.2,True,9,L9,3,0.25,1.1477775993432096,1.0505066414232838,1.0260911397254282,1.0776000118041147,True,False,1.2837562507005005,1.28584454927648,1.2981720968854011,91749792,0.2320757794528021
chronos2,sg_carpark,ra,0.02,False,12,L12,0,0.0,1.0,1.0,1.0,1.0,True,False,1.0,1.0,1.0,,0.0
chronos2,sg_carpark,ra,0.05,True,11,L11,1,0.08333333333333333,1.0203827228088904,1.01797319247374,1.0116565846869865,1.0245708292821023,True,False,1.0811576727377534,1.0756825215310732,1.0818004500728113,110628768,0.07406318221956532
chronos2,sg_carpark,ra,0.1,True,10,L10,2,0.16666666666666666,1.0839648177866104,1.0463390238294672,1.0328735157025548,1.061329327507285,True,False,1.1801723035772915,1.1718074105910956,1.1882121115327804,101189280,0.15306948083618377
chronos2,sg_carpark,ra,0.2,True,9,L9,3,0.25,1.1301440472567283,1.070535791286019,1.0465979452243392,1.0966748955068255,True,False,1.2837562507005005,1.28584454927648,1.2981720968854011,91749792,0.2320757794528021
chronos2,sg_carpark,probe,0.02,False,12,L12,0,0.0,1.0,1.0,1.0,1.0,True,False,1.0,1.0,1.0,,0.0
chronos2,sg_carpark,probe,0.05,False,12,L12,0,0.0,1.0,1.0,1.0,1.0,True,False,1.0,1.0,1.0,,0.0
chronos2,sg_carpark,probe,0.1,False,12,L12,0,0.0,1.0,1.0,1.0,1.0,True,False,1.0,1.0,1.0,,0.0
chronos2,sg_carpark,probe,0.2,False,12,L12,0,0.0,1.0,1.0,1.0,1.0,True,False,1.0,1.0,1.0,,0.0
chronos2,uber_tlc_hourly,hard,0.02,False,12,L12,0,0.0,1.0,1.0,1.0,1.0,True,False,1.0,1.0,1.0,,0.0
chronos2,uber_tlc_hourly,hard,0.05,False,12,L12,0,0.0,1.0,1.0,1.0,1.0,True,False,1.0,1.0,1.0,,0.0
chronos2,uber_tlc_hourly,hard,0.1,False,12,L12,0,0.0,1.0,1.0,1.0,1.0,True,False,1.0,1.0,1.0,,0.0
chronos2,uber_tlc_hourly,hard,0.2,False,12,L12,0,0.0,1.0,1.0,1.0,1.0,True,False,1.0,1.0,1.0,,0.0
chronos2,uber_tlc_hourly,noa,0.02,True,8,L8,4,0.3333333333333333,1.0167447142302704,1.014409740448677,1.0072979046117687,1.0213778817252321,True,False,1.4214069507549765,1.4267112880306814,1.438478862685893,82310304,0.31108207806942056
chronos2,uber_tlc_hourly,noa,0.05,True,4,L4,8,0.6666666666666666,1.0393024031485203,1.0376233377051571,1.0287516515569792,1.0463807677529642,True,False,2.427405321160691,2.5137438539401016,2.5573634789044886,44552352,0.6271072725358943
chronos2,uber_tlc_hourly,noa,0.1,True,3,L3,9,0.75,1.0500668328044636,1.05676206721389,1.0458965945997647,1.0686806506059165,True,False,2.9060737457147736,3.103199858675667,3.1115721817298603,35112864,0.7061135711525126
chronos2,uber_tlc_hourly,noa,0.2,True,2,L2,10,0.8333333333333334,1.1590163838595762,1.1885211292466298,1.1614846676057347,1.2174897777656928,True,False,3.718278084855714,4.0698978209627,4.1019772892887,25673376,0.7851198697691311
chronos2,uber_tlc_hourly,fl,0.02,True,9,L9,3,0.25,1.0153319727173977,1.010233737753317,1.0043217409691494,1.0161739334686026,True,False,1.2837562507005005,1.28584454927648,1.2981720968854011,91749792,0.2320757794528021
chronos2,uber_tlc_hourly,fl,0.05,True,5,L5,7,0.5833333333333334,1.0441181555339376,1.0402936276056516,1.0313410805036864,1.0495396608251883,True,False,2.063114236323405,2.1098237209397337,2.134960704751238,53991840,0.5481009739192758
chronos2,uber_tlc_hourly,fl,0.1,True,3,L3,9,0.75,1.0626209166325196,1.0715972197277672,1.0588675808477126,1.0846639940396678,True,False,2.9060737457147736,3.103199858675667,3.1115721817298603,35112864,0.7061135711525126
chronos2,uber_tlc_hourly,fl,0.2,True,2,L2,10,0.8333333333333334,1.1808068965518637,1.255025860430971,1.2207041346463836,1.2906503212870695,False,False,3.718278084855714,4.0698978209627,4.1019772892887,25673376,0.7851198697691311
chronos2,uber_tlc_hourly,ra,0.02,True,7,L7,5,0.4166666666666667,1.0153966690808858,1.0080146674358228,1.0016018249977128,1.0141099873879527,True,False,1.5727225564742562,1.599869712860413,1.604475393490942,72870816,0.390088376686039
chronos2,uber_tlc_hourly,ra,0.05,True,4,L4,8,0.6666666666666666,1.042028340167914,1.055558384411632,1.0443392553444573,1.067101017182042,False,False,2.427405321160691,2.5137438539401016,2.5573634789044886,44552352,0.6271072725358943
chronos2,uber_tlc_hourly,ra,0.1,True,3,L3,9,0.75,1.0509734462006104,1.0766319015615013,1.0635359213368405,1.0903746444686584,True,False,2.9060737457147736,3.103199858675667,3.1115721817298603,35112864,0.7061135711525126
chronos2,uber_tlc_hourly,ra,0.2,True,3,L3,9,0.75,1.0509734462006104,1.0766319015615013,1.0635359213368405,1.0903746444686584,True,False,2.9060737457147736,3.103199858675667,3.1115721817298603,35112864,0.7061135711525126
chronos2,uber_tlc_hourly,probe,0.02,False,12,L12,0,0.0,1.0,1.0,1.0,1.0,True,False,1.0,1.0,1.0,,0.0
chronos2,uber_tlc_hourly,probe,0.05,False,12,L12,0,0.0,1.0,1.0,1.0,1.0,True,False,1.0,1.0,1.0,,0.0
chronos2,uber_tlc_hourly,probe,0.1,False,12,L12,0,0.0,1.0,1.0,1.0,1.0,True,False,1.0,1.0,1.0,,0.0
chronos2,uber_tlc_hourly,probe,0.2,True,5,L5,7,0.5833333333333334,1.14215026507802,1.1441898201264467,1.1116837196213578,1.1843239591063475,True,False,2.0907244060169132,2.1720631937970447,2.188522724747401,50005584,0.5814650008557247
chronos2,wiki_daily_100k,hard,0.02,False,12,L12,0,0.0,1.0,1.0,1.0,1.0,True,False,1.0,1.0,1.0,,0.0
chronos2,wiki_daily_100k,hard,0.05,False,12,L12,0,0.0,1.0,1.0,1.0,1.0,True,False,1.0,1.0,1.0,,0.0
chronos2,wiki_daily_100k,hard,0.1,False,12,L12,0,0.0,1.0,1.0,1.0,1.0,True,False,1.0,1.0,1.0,,0.0
chronos2,wiki_daily_100k,hard,0.2,True,1,L1,11,0.9166666666666666,1.1647867994614902,1.176500194534923,1.12727323300875,1.2337275721868606,True,False,5.1926034665751635,6.017660965274821,6.068856190984485,15643296,0.8690692847828025
chronos2,wiki_daily_100k,noa,0.02,True,5,L5,7,0.5833333333333334,1.0188541356963243,1.0209976813767834,0.9977273498543472,1.0467133558395207,False,False,2.063114236323405,2.1098237209397337,2.134960704751238,53991840,0.5481009739192758
chronos2,wiki_daily_100k,noa,0.05,True,2,L2,10,0.8333333333333334,1.0460121542936103,1.0726236418188484,1.0397346254968316,1.1090944151552473,False,False,3.718278084855714,4.0698978209627,4.1019772892887,25673376,0.7851198697691311
chronos2,wiki_daily_100k,noa,0.1,True,1,L1,11,0.9166666666666666,1.0542346817235906,1.0953738356749723,1.057713368061646,1.1416470158650511,True,False,5.191288505596132,5.878024315024798,6.052952301207836,16233888,0.8641261683857495
chronos2,wiki_daily_100k,noa,0.2,True,1,L1,11,0.9166666666666666,1.0542346817235906,1.0953738356749723,1.057713368061646,1.1416470158650511,True,False,5.191288505596132,5.878024315024798,6.052952301207836,16233888,0.8641261683857495
chronos2,wiki_daily_100k,fl,0.02,True,9,L9,3,0.25,1.0171646960584413,1.020949923351844,0.9970829834405347,1.046386368342322,False,False,1.2837562507005005,1.28584454927648,1.2981720968854011,91749792,0.2320757794528021
chronos2,wiki_daily_100k,fl,0.05,True,3,L3,9,0.75,1.041282927682895,1.058460052433427,1.0242246377544117,1.0993899629546744,False,False,2.9060737457147736,3.103199858675667,3.1115721817298603,35112864,0.7061135711525126
chronos2,wiki_daily_100k,fl,0.1,True,1,L1,11,0.9166666666666666,1.0666949158055863,1.1058591633755626,1.063604551860532,1.1576687716623222,False,False,5.191288505596132,5.878024315024798,6.052952301207836,16233888,0.8641261683857495
chronos2,wiki_daily_100k,fl,0.2,True,1,L1,11,0.9166666666666666,1.0666949158055863,1.1058591633755626,1.063604551860532,1.1576687716623222,True,False,5.191288505596132,5.878024315024798,6.052952301207836,16233888,0.8641261683857495
chronos2,wiki_daily_100k,ra,0.02,True,9,L9,3,0.25,1.01394937043837,1.0224759291802148,1.0058253580338314,1.0425478675532573,False,False,1.2837562507005005,1.28584454927648,1.2981720968854011,91749792,0.2320757794528021
chronos2,wiki_daily_100k,ra,0.05,True,2,L2,10,0.8333333333333334,1.0316599357950582,1.0811596438007538,1.0403415245240561,1.1276623184479881,False,False,3.718278084855714,4.0698978209627,4.1019772892887,25673376,0.7851198697691311
chronos2,wiki_daily_100k,ra,0.1,True,1,L1,11,0.9166666666666666,1.0523643379636023,1.0979781701470455,1.0581944337325162,1.1473881728343946,True,False,5.191288505596132,5.878024315024798,6.052952301207836,16233888,0.8641261683857495
chronos2,wiki_daily_100k,ra,0.2,True,1,L1,11,0.9166666666666666,1.0523643379636023,1.0979781701470455,1.0581944337325162,1.1473881728343946,True,False,5.191288505596132,5.878024315024798,6.052952301207836,16233888,0.8641261683857495
chronos2,wiki_daily_100k,probe,0.02,False,12,L12,0,0.0,1.0,1.0,1.0,1.0,True,False,1.0,1.0,1.0,,0.0
chronos2,wiki_daily_100k,probe,0.05,False,12,L12,0,0.0,1.0,1.0,1.0,1.0,True,False,1.0,1.0,1.0,,0.0
chronos2,wiki_daily_100k,probe,0.1,True,3,L3,9,0.75,1.0986207325393866,1.1191265073375911,1.077981806822498,1.169501970442749,False,False,3.0157473813663773,3.2419696915177743,3.246385602309118,31126608,0.7394775980889616
chronos2,wiki_daily_100k,probe,0.2,True,1,L1,11,0.9166666666666666,1.130093281048202,1.1739807919990726,1.125799494053856,1.2335728319595234,True,False,5.477715164439884,6.378898127340574,6.504226494678046,12247632,0.8974901953221984
chronos2,wind_farms_hourly,hard,0.02,False,12,L12,0,0.0,1.0,1.0,1.0,1.0,True,False,1.0,1.0,1.0,,0.0
chronos2,wind_farms_hourly,hard,0.05,False,12,L12,0,0.0,1.0,1.0,1.0,1.0,True,False,1.0,1.0,1.0,,0.0
chronos2,wind_farms_hourly,hard,0.1,False,12,L12,0,0.0,1.0,1.0,1.0,1.0,True,False,1.0,1.0,1.0,,0.0
chronos2,wind_farms_hourly,hard,0.2,False,12,L12,0,0.0,1.0,1.0,1.0,1.0,True,False,1.0,1.0,1.0,,0.0
chronos2,wind_farms_hourly,noa,0.02,False,12,L12,0,0.0,1.0,1.0,1.0,1.0,True,False,1.0,1.0,1.0,,0.0
chronos2,wind_farms_hourly,noa,0.05,True,11,L11,1,0.08333333333333333,1.0311016771559975,1.0046016371694981,1.0011571488039157,1.0336471176633033,True,False,1.0811576727377534,1.0756825215310732,1.0818004500728113,110628768,0.07406318221956532
chronos2,wind_farms_hourly,noa,0.1,True,9,L9,3,0.25,1.0794865849887858,1.0107716133687656,1.0011313129806343,1.0898664611683875,True,False,1.2837562507005005,1.28584454927648,1.2981720968854011,91749792,0.2320757794528021
chronos2,wind_farms_hourly,noa,0.2,True,2,L2,10,0.8333333333333334,1.1275920963521415,1.0336408612396364,1.010240616491078,1.228964144494012,True,False,3.718278084855714,4.0698978209627,4.1019772892887,25673376,0.7851198697691311
chronos2,wind_farms_hourly,fl,0.02,False,12,L12,0,0.0,1.0,1.0,1.0,1.0,True,False,1.0,1.0,1.0,,0.0
chronos2,wind_farms_hourly,fl,0.05,True,11,L11,1,0.08333333333333333,1.0440954023418916,1.0043723425481978,1.0001093481696597,1.0384200280713618,True,False,1.0811576727377534,1.0756825215310732,1.0818004500728113,110628768,0.07406318221956532
chronos2,wind_farms_hourly,fl,0.1,True,2,L2,10,0.8333333333333334,1.0965656663951464,1.0311072708152274,1.0091062764299914,1.2162980083664279,True,False,3.718278084855714,4.0698978209627,4.1019772892887,25673376,0.7851198697691311
chronos2,wind_farms_hourly,fl,0.2,True,2,L2,10,0.8333333333333334,1.0965656663951464,1.0311072708152274,1.0091062764299914,1.2162980083664279,True,False,3.718278084855714,4.0698978209627,4.1019772892887,25673376,0.7851198697691311
chronos2,wind_farms_hourly,ra,0.02,False,12,L12,0,0.0,1.0,1.0,1.0,1.0,True,False,1.0,1.0,1.0,,0.0
chronos2,wind_farms_hourly,ra,0.05,True,11,L11,1,0.08333333333333333,1.0279744578248764,1.0009046684693754,0.9935817388850651,1.0162072912516413,True,False,1.0811576727377534,1.0756825215310732,1.0818004500728113,110628768,0.07406318221956532
chronos2,wind_farms_hourly,ra,0.1,True,3,L3,9,0.75,1.0865727583764924,1.0135721347791562,1.000910272659364,1.1179505956091822,True,False,2.9060737457147736,3.103199858675667,3.1115721817298603,35112864,0.7061135711525126
chronos2,wind_farms_hourly,ra,0.2,True,2,L2,10,0.8333333333333334,1.1204160848145843,1.0265592029073738,1.0071580295944604,1.1916837250418355,True,False,3.718278084855714,4.0698978209627,4.1019772892887,25673376,0.7851198697691311
chronos2,wind_farms_hourly,probe,0.02,False,12,L12,0,0.0,1.0,1.0,1.0,1.0,True,False,1.0,1.0,1.0,,0.0
chronos2,wind_farms_hourly,probe,0.05,False,12,L12,0,0.0,1.0,1.0,1.0,1.0,True,False,1.0,1.0,1.0,,0.0
chronos2,wind_farms_hourly,probe,0.1,False,12,L12,0,0.0,1.0,1.0,1.0,1.0,True,False,1.0,1.0,1.0,,0.0
chronos2,wind_farms_hourly,probe,0.2,False,12,L12,0,0.0,1.0,1.0,1.0,1.0,True,False,1.0,1.0,1.0,,0.0
timesfm3,LOOP_SEATTLE_5T,hard,0.02,False,20,L20,0,0.0,1.0,1.0,1.0,1.0,True,False,1.0,1.0,1.0,,0.0
timesfm3,LOOP_SEATTLE_5T,hard,0.05,False,20,L20,0,0.0,1.0,1.0,1.0,1.0,True,False,1.0,1.0,1.0,,0.0
timesfm3,LOOP_SEATTLE_5T,hard,0.1,False,20,L20,0,0.0,1.0,1.0,1.0,1.0,True,False,1.0,1.0,1.0,,0.0
timesfm3,LOOP_SEATTLE_5T,hard,0.2,False,20,L20,0,0.0,1.0,1.0,1.0,1.0,True,False,1.0,1.0,1.0,,0.0
timesfm3,LOOP_SEATTLE_5T,noa,0.02,True,19,L19,1,0.05,1.0035875119771427,1.0343059305547009,1.0248864956984505,1.0441227869602292,False,False,0.9853789896052291,1.0364938384035858,1.0361126716924947,315958496,0.044608377316149306
timesfm3,LOOP_SEATTLE_5T,noa,0.05,True,18,L18,2,0.1,1.0365195389319835,1.0358293072054898,1.0146985221546656,1.058686085028395,True,False,1.0333876565350084,1.0921604666591322,1.0605005392296576,299566336,0.0941747999316479
timesfm3,LOOP_SEATTLE_5T,noa,0.1,True,18,L18,2,0.1,1.0365195389319835,1.0358293072054898,1.0146985221546656,1.058686085028395,True,False,1.0333876565350084,1.0921604666591322,1.0605005392296576,299566336,0.0941747999316479
timesfm3,LOOP_SEATTLE_5T,noa,0.2,True,17,L17,3,0.15,1.1485879114492923,1.101948970253589,1.0597342607221958,1.1491492199186564,True,False,1.0701685775028895,1.1481853515676812,1.1056119598549459,283174176,0.14374122254714639
timesfm3,LOOP_SEATTLE_5T,ra,0.02,False,20,L20,0,0.0,1.0,1.0,1.0,1.0,True,False,1.0,1.0,1.0,,0.0
timesfm3,LOOP_SEATTLE_5T,ra,0.05,False,20,L20,0,0.0,1.0,1.0,1.0,1.0,True,False,1.0,1.0,1.0,,0.0
timesfm3,LOOP_SEATTLE_5T,ra,0.1,False,20,L20,0,0.0,1.0,1.0,1.0,1.0,True,False,1.0,1.0,1.0,,0.0
timesfm3,LOOP_SEATTLE_5T,ra,0.2,True,19,L19,1,0.05,1.1594763791613698,1.2379589866519902,1.2059022937044523,1.2712363267561686,False,False,0.9853789896052291,1.0364938384035858,1.0361126716924947,315958496,0.044608377316149306
timesfm3,LOOP_SEATTLE_5T,probe,0.02,False,20,L20,0,0.0,1.0,1.0,1.0,1.0,True,False,1.0,1.0,1.0,,0.0
timesfm3,LOOP_SEATTLE_5T,probe,0.05,False,20,L20,0,0.0,1.0,1.0,1.0,1.0,True,False,1.0,1.0,1.0,,0.0
timesfm3,LOOP_SEATTLE_5T,probe,0.1,False,20,L20,0,0.0,1.0,1.0,1.0,1.0,True,False,1.0,1.0,1.0,,0.0
timesfm3,LOOP_SEATTLE_5T,probe,0.2,True,15,L15,5,0.25,1.1998048528766405,0.8028190350993587,0.7658780044940071,0.8459803177504587,True,False,1.047841732494481,1.258794234854057,1.1748579767991973,248750176,0.24783211307749275
timesfm3,SZ_TAXI_15T,hard,0.02,False,20,L20,0,0.0,1.0,1.0,1.0,1.0,True,False,1.0,1.0,1.0,,0.0
timesfm3,SZ_TAXI_15T,hard,0.05,False,20,L20,0,0.0,1.0,1.0,1.0,1.0,True,False,1.0,1.0,1.0,,0.0
timesfm3,SZ_TAXI_15T,hard,0.1,False,20,L20,0,0.0,1.0,1.0,1.0,1.0,True,False,1.0,1.0,1.0,,0.0
timesfm3,SZ_TAXI_15T,hard,0.2,False,20,L20,0,0.0,1.0,1.0,1.0,1.0,True,False,1.0,1.0,1.0,,0.0
timesfm3,SZ_TAXI_15T,noa,0.02,True,19,L19,1,0.05,1.0129395541643431,1.0097077191989636,1.005617192844411,1.0145918101485243,True,False,0.9853789896052291,1.0364938384035858,1.0361126716924947,315958496,0.044608377316149306
timesfm3,SZ_TAXI_15T,noa,0.05,True,18,L18,2,0.1,1.0383825942066902,1.0288281821194394,1.0188945393707727,1.0412302569796452,True,False,1.0333876565350084,1.0921604666591322,1.0605005392296576,299566336,0.0941747999316479
timesfm3,SZ_TAXI_15T,noa,0.1,True,16,L16,4,0.2,1.0770015252223981,1.0713828849584315,1.055064929377052,1.089917151297013,True,False,1.046439374321341,1.203877805840885,1.1383895132994997,266782016,0.19330764516264498
timesfm3,SZ_TAXI_15T,noa,0.2,True,10,L10,10,0.5,1.1826583101306798,1.1262446245962858,1.0972774341347848,1.159006441792787,True,False,1.187272509332605,1.7084380667649146,1.415355562459521,168429056,0.49070618085563633
timesfm3,SZ_TAXI_15T,ra,0.02,False,20,L20,0,0.0,1.0,1.0,1.0,1.0,True,False,1.0,1.0,1.0,,0.0
timesfm3,SZ_TAXI_15T,ra,0.05,False,20,L20,0,0.0,1.0,1.0,1.0,1.0,True,False,1.0,1.0,1.0,,0.0
timesfm3,SZ_TAXI_15T,ra,0.1,True,19,L19,1,0.05,1.068287463546108,1.0413069915799418,1.0257752670716558,1.0600186831188387,True,False,0.9853789896052291,1.0364938384035858,1.0361126716924947,315958496,0.044608377316149306
timesfm3,SZ_TAXI_15T,ra,0.2,True,18,L18,2,0.1,1.17211529058243,1.1337523675685102,1.107535559060254,1.1653025277104299,True,False,1.0333876565350084,1.0921604666591322,1.0605005392296576,299566336,0.0941747999316479
timesfm3,SZ_TAXI_15T,probe,0.02,False,20,L20,0,0.0,1.0,1.0,1.0,1.0,True,False,1.0,1.0,1.0,,0.0
timesfm3,SZ_TAXI_15T,probe,0.05,False,20,L20,0,0.0,1.0,1.0,1.0,1.0,True,False,1.0,1.0,1.0,,0.0
timesfm3,SZ_TAXI_15T,probe,0.1,True,19,L19,1,0.05,1.0870054854197677,1.0863792178451321,1.040189727471982,1.1709348373822743,True,False,1.0257071623569451,1.0443337694735073,1.0358672533846622,314318816,0.049566422615498595
timesfm3,SZ_TAXI_15T,probe,0.2,True,0,Emb,20,1.0,1.1713745592295437,1.1220860715770216,1.0691177466158055,1.2115672007994003,True,False,1.4356928621091063,6.119012488732347,2.4222187678894507,2867776,0.9913284523099711
timesfm3,boom_hourly,hard,0.02,False,20,L20,0,0.0,1.0,1.0,1.0,1.0,True,False,1.0,1.0,1.0,,0.0
timesfm3,boom_hourly,hard,0.05,False,20,L20,0,0.0,1.0,1.0,1.0,1.0,True,False,1.0,1.0,1.0,,0.0
timesfm3,boom_hourly,hard,0.1,False,20,L20,0,0.0,1.0,1.0,1.0,1.0,True,False,1.0,1.0,1.0,,0.0
timesfm3,boom_hourly,hard,0.2,False,20,L20,0,0.0,1.0,1.0,1.0,1.0,True,False,1.0,1.0,1.0,,0.0
timesfm3,boom_hourly,noa,0.02,False,20,L20,0,0.0,1.0,1.0,1.0,1.0,True,False,1.0,1.0,1.0,,0.0
timesfm3,boom_hourly,noa,0.05,False,20,L20,0,0.0,1.0,1.0,1.0,1.0,True,False,1.0,1.0,1.0,,0.0
timesfm3,boom_hourly,noa,0.1,False,20,L20,0,0.0,1.0,1.0,1.0,1.0,True,False,1.0,1.0,1.0,,0.0
timesfm3,boom_hourly,noa,0.2,False,20,L20,0,0.0,1.0,1.0,1.0,1.0,True,False,1.0,1.0,1.0,,0.0
timesfm3,boom_hourly,ra,0.02,False,20,L20,0,0.0,1.0,1.0,1.0,1.0,True,False,1.0,1.0,1.0,,0.0
timesfm3,boom_hourly,ra,0.05,False,20,L20,0,0.0,1.0,1.0,1.0,1.0,True,False,1.0,1.0,1.0,,0.0
timesfm3,boom_hourly,ra,0.1,False,20,L20,0,0.0,1.0,1.0,1.0,1.0,True,False,1.0,1.0,1.0,,0.0
timesfm3,boom_hourly,ra,0.2,False,20,L20,0,0.0,1.0,1.0,1.0,1.0,True,False,1.0,1.0,1.0,,0.0
timesfm3,boom_hourly,probe,0.02,False,20,L20,0,0.0,1.0,1.0,1.0,1.0,True,False,1.0,1.0,1.0,,0.0
timesfm3,boom_hourly,probe,0.05,False,20,L20,0,0.0,1.0,1.0,1.0,1.0,True,False,1.0,1.0,1.0,,0.0
timesfm3,boom_hourly,probe,0.1,False,20,L20,0,0.0,1.0,1.0,1.0,1.0,True,False,1.0,1.0,1.0,,0.0
timesfm3,boom_hourly,probe,0.2,False,20,L20,0,0.0,1.0,1.0,1.0,1.0,True,False,1.0,1.0,1.0,,0.0
timesfm3,coastal_ts,hard,0.02,False,20,L20,0,0.0,1.0,1.0,1.0,1.0,True,False,1.0,1.0,1.0,,0.0
timesfm3,coastal_ts,hard,0.05,False,20,L20,0,0.0,1.0,1.0,1.0,1.0,True,False,1.0,1.0,1.0,,0.0
timesfm3,coastal_ts,hard,0.1,False,20,L20,0,0.0,1.0,1.0,1.0,1.0,True,False,1.0,1.0,1.0,,0.0
timesfm3,coastal_ts,hard,0.2,False,20,L20,0,0.0,1.0,1.0,1.0,1.0,True,False,1.0,1.0,1.0,,0.0
timesfm3,coastal_ts,noa,0.02,True,19,L19,1,0.05,1.003766996939636,1.0085014199385354,0.9869471202653975,1.0288247550563532,True,False,0.9853789896052291,1.0364938384035858,1.0361126716924947,315958496,0.044608377316149306
timesfm3,coastal_ts,noa,0.05,True,19,L19,1,0.05,1.003766996939636,1.0085014199385354,0.9869471202653975,1.0288247550563532,True,False,0.9853789896052291,1.0364938384035858,1.0361126716924947,315958496,0.044608377316149306
timesfm3,coastal_ts,noa,0.1,True,16,L16,4,0.2,1.068247490722916,1.0723341622920852,0.9983349794903463,1.1497378511083713,True,False,1.046439374321341,1.203877805840885,1.1383895132994997,266782016,0.19330764516264498
timesfm3,coastal_ts,noa,0.2,True,16,L16,4,0.2,1.068247490722916,1.0723341622920852,0.9983349794903463,1.1497378511083713,True,False,1.046439374321341,1.203877805840885,1.1383895132994997,266782016,0.19330764516264498
timesfm3,coastal_ts,ra,0.02,False,20,L20,0,0.0,1.0,1.0,1.0,1.0,True,False,1.0,1.0,1.0,,0.0
timesfm3,coastal_ts,ra,0.05,False,20,L20,0,0.0,1.0,1.0,1.0,1.0,True,False,1.0,1.0,1.0,,0.0
timesfm3,coastal_ts,ra,0.1,False,20,L20,0,0.0,1.0,1.0,1.0,1.0,True,False,1.0,1.0,1.0,,0.0
timesfm3,coastal_ts,ra,0.2,True,19,L19,1,0.05,1.1250053285310577,1.1579598914386924,1.0891688607954497,1.2433744166263434,True,False,0.9853789896052291,1.0364938384035858,1.0361126716924947,315958496,0.044608377316149306
timesfm3,coastal_ts,probe,0.02,False,20,L20,0,0.0,1.0,1.0,1.0,1.0,True,False,1.0,1.0,1.0,,0.0
timesfm3,coastal_ts,probe,0.05,False,20,L20,0,0.0,1.0,1.0,1.0,1.0,True,False,1.0,1.0,1.0,,0.0
timesfm3,coastal_ts,probe,0.1,True,18,L18,2,0.1,1.0954397733426835,1.1800216047701646,1.0228192960813944,1.3789132421385535,False,False,1.0333545825258326,1.0918377749533135,1.0703695544609477,297926656,0.09913284523099708
timesfm3,coastal_ts,probe,0.2,True,0,Emb,20,1.0,1.0964052615691355,1.1161344128778612,0.99671230727393,1.2425623852613727,True,False,1.4356928621091063,6.119012488732347,2.4222187678894507,2867776,0.9913284523099711
timesfm3,electricity_15min,hard,0.02,False,20,L20,0,0.0,1.0,1.0,1.0,1.0,True,False,1.0,1.0,1.0,,0.0
timesfm3,electricity_15min,hard,0.05,False,20,L20,0,0.0,1.0,1.0,1.0,1.0,True,False,1.0,1.0,1.0,,0.0
timesfm3,electricity_15min,hard,0.1,False,20,L20,0,0.0,1.0,1.0,1.0,1.0,True,False,1.0,1.0,1.0,,0.0
timesfm3,electricity_15min,hard,0.2,False,20,L20,0,0.0,1.0,1.0,1.0,1.0,True,False,1.0,1.0,1.0,,0.0
timesfm3,electricity_15min,noa,0.02,False,20,L20,0,0.0,1.0,1.0,1.0,1.0,True,False,1.0,1.0,1.0,,0.0
timesfm3,electricity_15min,noa,0.05,False,20,L20,0,0.0,1.0,1.0,1.0,1.0,True,False,1.0,1.0,1.0,,0.0
timesfm3,electricity_15min,noa,0.1,True,19,L19,1,0.05,1.057562582223208,1.02666541913593,1.0183602706336967,1.0372533984823584,True,False,0.9853789896052291,1.0364938384035858,1.0361126716924947,315958496,0.044608377316149306
timesfm3,electricity_15min,noa,0.2,True,19,L19,1,0.05,1.057562582223208,1.02666541913593,1.0183602706336967,1.0372533984823584,True,False,0.9853789896052291,1.0364938384035858,1.0361126716924947,315958496,0.044608377316149306
timesfm3,electricity_15min,ra,0.02,False,20,L20,0,0.0,1.0,1.0,1.0,1.0,True,False,1.0,1.0,1.0,,0.0
timesfm3,electricity_15min,ra,0.05,False,20,L20,0,0.0,1.0,1.0,1.0,1.0,True,False,1.0,1.0,1.0,,0.0
timesfm3,electricity_15min,ra,0.1,False,20,L20,0,0.0,1.0,1.0,1.0,1.0,True,False,1.0,1.0,1.0,,0.0
timesfm3,electricity_15min,ra,0.2,False,20,L20,0,0.0,1.0,1.0,1.0,1.0,True,False,1.0,1.0,1.0,,0.0
timesfm3,electricity_15min,probe,0.02,False,20,L20,0,0.0,1.0,1.0,1.0,1.0,True,False,1.0,1.0,1.0,,0.0
timesfm3,electricity_15min,probe,0.05,False,20,L20,0,0.0,1.0,1.0,1.0,1.0,True,False,1.0,1.0,1.0,,0.0
timesfm3,electricity_15min,probe,0.1,False,20,L20,0,0.0,1.0,1.0,1.0,1.0,True,False,1.0,1.0,1.0,,0.0
timesfm3,electricity_15min,probe,0.2,False,20,L20,0,0.0,1.0,1.0,1.0,1.0,True,False,1.0,1.0,1.0,,0.0
timesfm3,m4_hourly,hard,0.02,False,20,L20,0,0.0,1.0,1.0,1.0,1.0,True,False,1.0,1.0,1.0,,0.0
timesfm3,m4_hourly,hard,0.05,False,20,L20,0,0.0,1.0,1.0,1.0,1.0,True,False,1.0,1.0,1.0,,0.0
timesfm3,m4_hourly,hard,0.1,False,20,L20,0,0.0,1.0,1.0,1.0,1.0,True,False,1.0,1.0,1.0,,0.0
timesfm3,m4_hourly,hard,0.2,False,20,L20,0,0.0,1.0,1.0,1.0,1.0,True,False,1.0,1.0,1.0,,0.0
timesfm3,m4_hourly,noa,0.02,False,20,L20,0,0.0,1.0,1.0,1.0,1.0,True,False,1.0,1.0,1.0,,0.0
timesfm3,m4_hourly,noa,0.05,False,20,L20,0,0.0,1.0,1.0,1.0,1.0,True,False,1.0,1.0,1.0,,0.0
timesfm3,m4_hourly,noa,0.1,False,20,L20,0,0.0,1.0,1.0,1.0,1.0,True,False,1.0,1.0,1.0,,0.0
timesfm3,m4_hourly,noa,0.2,True,19,L19,1,0.05,1.147060320573869,1.166300998227848,1.1421750549455834,1.191276920866447,True,False,0.9853789896052291,1.0364938384035858,1.0361126716924947,315958496,0.044608377316149306
timesfm3,m4_hourly,ra,0.02,False,20,L20,0,0.0,1.0,1.0,1.0,1.0,True,False,1.0,1.0,1.0,,0.0
timesfm3,m4_hourly,ra,0.05,False,20,L20,0,0.0,1.0,1.0,1.0,1.0,True,False,1.0,1.0,1.0,,0.0
timesfm3,m4_hourly,ra,0.1,False,20,L20,0,0.0,1.0,1.0,1.0,1.0,True,False,1.0,1.0,1.0,,0.0
timesfm3,m4_hourly,ra,0.2,False,20,L20,0,0.0,1.0,1.0,1.0,1.0,True,False,1.0,1.0,1.0,,0.0
timesfm3,m4_hourly,probe,0.02,False,20,L20,0,0.0,1.0,1.0,1.0,1.0,True,False,1.0,1.0,1.0,,0.0
timesfm3,m4_hourly,probe,0.05,False,20,L20,0,0.0,1.0,1.0,1.0,1.0,True,False,1.0,1.0,1.0,,0.0
timesfm3,m4_hourly,probe,0.1,False,20,L20,0,0.0,1.0,1.0,1.0,1.0,True,False,1.0,1.0,1.0,,0.0
timesfm3,m4_hourly,probe,0.2,False,20,L20,0,0.0,1.0,1.0,1.0,1.0,True,False,1.0,1.0,1.0,,0.0
timesfm3,m5,hard,0.02,False,20,L20,0,0.0,1.0,1.0,1.0,1.0,True,True,1.0,1.0,1.0,,0.0
timesfm3,m5,hard,0.05,False,20,L20,0,0.0,1.0,1.0,1.0,1.0,True,True,1.0,1.0,1.0,,0.0
timesfm3,m5,hard,0.1,False,20,L20,0,0.0,1.0,1.0,1.0,1.0,True,True,1.0,1.0,1.0,,0.0
timesfm3,m5,hard,0.2,False,20,L20,0,0.0,1.0,1.0,1.0,1.0,True,True,1.0,1.0,1.0,,0.0
timesfm3,m5,noa,0.02,False,20,L20,0,0.0,1.0,1.0,1.0,1.0,True,True,1.0,1.0,1.0,,0.0
timesfm3,m5,noa,0.05,False,20,L20,0,0.0,1.0,1.0,1.0,1.0,True,True,1.0,1.0,1.0,,0.0
timesfm3,m5,noa,0.1,True,18,L18,2,0.1,1.0903798111527019,1.0967252213909133,1.079621680329135,1.116516066397852,True,True,1.0333876565350084,1.0921604666591322,1.0605005392296576,299566336,0.0941747999316479
timesfm3,m5,noa,0.2,True,18,L18,2,0.1,1.0903798111527019,1.0967252213909133,1.079621680329135,1.116516066397852,True,True,1.0333876565350084,1.0921604666591322,1.0605005392296576,299566336,0.0941747999316479
timesfm3,m5,ra,0.02,False,20,L20,0,0.0,1.0,1.0,1.0,1.0,True,True,1.0,1.0,1.0,,0.0
timesfm3,m5,ra,0.05,False,20,L20,0,0.0,1.0,1.0,1.0,1.0,True,True,1.0,1.0,1.0,,0.0
timesfm3,m5,ra,0.1,False,20,L20,0,0.0,1.0,1.0,1.0,1.0,True,True,1.0,1.0,1.0,,0.0
timesfm3,m5,ra,0.2,True,19,L19,1,0.05,1.1793126424491545,1.19135990109955,1.1636551268483122,1.2239072982534867,True,True,0.9853789896052291,1.0364938384035858,1.0361126716924947,315958496,0.044608377316149306
timesfm3,m5,probe,0.02,False,20,L20,0,0.0,1.0,1.0,1.0,1.0,True,True,1.0,1.0,1.0,,0.0
timesfm3,m5,probe,0.05,False,20,L20,0,0.0,1.0,1.0,1.0,1.0,True,True,1.0,1.0,1.0,,0.0
timesfm3,m5,probe,0.1,False,20,L20,0,0.0,1.0,1.0,1.0,1.0,True,True,1.0,1.0,1.0,,0.0
timesfm3,m5,probe,0.2,True,0,Emb,20,1.0,1.119374656862062,1.1430236130260492,1.114044955592823,1.1749343734838111,True,True,1.4356928621091063,6.119012488732347,2.4222187678894507,2867776,0.9913284523099711
timesfm3,monash_electricity_hourly,hard,0.02,False,20,L20,0,0.0,1.0,1.0,1.0,1.0,True,False,1.0,1.0,1.0,,0.0
timesfm3,monash_electricity_hourly,hard,0.05,False,20,L20,0,0.0,1.0,1.0,1.0,1.0,True,False,1.0,1.0,1.0,,0.0
timesfm3,monash_electricity_hourly,hard,0.1,False,20,L20,0,0.0,1.0,1.0,1.0,1.0,True,False,1.0,1.0,1.0,,0.0
timesfm3,monash_electricity_hourly,hard,0.2,False,20,L20,0,0.0,1.0,1.0,1.0,1.0,True,False,1.0,1.0,1.0,,0.0
timesfm3,monash_electricity_hourly,noa,0.02,False,20,L20,0,0.0,1.0,1.0,1.0,1.0,True,False,1.0,1.0,1.0,,0.0
timesfm3,monash_electricity_hourly,noa,0.05,False,20,L20,0,0.0,1.0,1.0,1.0,1.0,True,False,1.0,1.0,1.0,,0.0
timesfm3,monash_electricity_hourly,noa,0.1,False,20,L20,0,0.0,1.0,1.0,1.0,1.0,True,False,1.0,1.0,1.0,,0.0
timesfm3,monash_electricity_hourly,noa,0.2,True,19,L19,1,0.05,1.1313992786081575,1.036074390305049,1.026035354027784,1.0472024838329663,True,False,0.9853789896052291,1.0364938384035858,1.0361126716924947,315958496,0.044608377316149306
timesfm3,monash_electricity_hourly,ra,0.02,False,20,L20,0,0.0,1.0,1.0,1.0,1.0,True,False,1.0,1.0,1.0,,0.0
timesfm3,monash_electricity_hourly,ra,0.05,False,20,L20,0,0.0,1.0,1.0,1.0,1.0,True,False,1.0,1.0,1.0,,0.0
timesfm3,monash_electricity_hourly,ra,0.1,False,20,L20,0,0.0,1.0,1.0,1.0,1.0,True,False,1.0,1.0,1.0,,0.0
timesfm3,monash_electricity_hourly,ra,0.2,False,20,L20,0,0.0,1.0,1.0,1.0,1.0,True,False,1.0,1.0,1.0,,0.0
timesfm3,monash_electricity_hourly,probe,0.02,False,20,L20,0,0.0,1.0,1.0,1.0,1.0,True,False,1.0,1.0,1.0,,0.0
timesfm3,monash_electricity_hourly,probe,0.05,False,20,L20,0,0.0,1.0,1.0,1.0,1.0,True,False,1.0,1.0,1.0,,0.0
timesfm3,monash_electricity_hourly,probe,0.1,False,20,L20,0,0.0,1.0,1.0,1.0,1.0,True,False,1.0,1.0,1.0,,0.0
timesfm3,monash_electricity_hourly,probe,0.2,False,20,L20,0,0.0,1.0,1.0,1.0,1.0,True,False,1.0,1.0,1.0,,0.0
timesfm3,monash_london_smart_meters,hard,0.02,False,20,L20,0,0.0,1.0,1.0,1.0,1.0,True,False,1.0,1.0,1.0,,0.0
timesfm3,monash_london_smart_meters,hard,0.05,False,20,L20,0,0.0,1.0,1.0,1.0,1.0,True,False,1.0,1.0,1.0,,0.0
timesfm3,monash_london_smart_meters,hard,0.1,False,20,L20,0,0.0,1.0,1.0,1.0,1.0,True,False,1.0,1.0,1.0,,0.0
timesfm3,monash_london_smart_meters,hard,0.2,False,20,L20,0,0.0,1.0,1.0,1.0,1.0,True,False,1.0,1.0,1.0,,0.0
timesfm3,monash_london_smart_meters,noa,0.02,False,20,L20,0,0.0,1.0,1.0,1.0,1.0,True,False,1.0,1.0,1.0,,0.0
timesfm3,monash_london_smart_meters,noa,0.05,True,19,L19,1,0.05,1.031559760352888,1.0560019151749471,1.0385701419489939,1.0830579021148838,False,False,0.9853789896052291,1.0364938384035858,1.0361126716924947,315958496,0.044608377316149306
timesfm3,monash_london_smart_meters,noa,0.1,True,19,L19,1,0.05,1.031559760352888,1.0560019151749471,1.0385701419489939,1.0830579021148838,True,False,0.9853789896052291,1.0364938384035858,1.0361126716924947,315958496,0.044608377316149306
timesfm3,monash_london_smart_meters,noa,0.2,True,17,L17,3,0.15,1.185285342232508,1.3480972681461272,1.2549437271465536,1.4950203867100373,False,False,1.0701685775028895,1.1481853515676812,1.1056119598549459,283174176,0.14374122254714639
timesfm3,monash_london_smart_meters,ra,0.02,False,20,L20,0,0.0,1.0,1.0,1.0,1.0,True,False,1.0,1.0,1.0,,0.0
timesfm3,monash_london_smart_meters,ra,0.05,False,20,L20,0,0.0,1.0,1.0,1.0,1.0,True,False,1.0,1.0,1.0,,0.0
timesfm3,monash_london_smart_meters,ra,0.1,True,19,L19,1,0.05,1.0881672384617502,1.1577293841460428,1.1195095858218678,1.2105226388841421,False,False,0.9853789896052291,1.0364938384035858,1.0361126716924947,315958496,0.044608377316149306
timesfm3,monash_london_smart_meters,ra,0.2,True,18,L18,2,0.1,1.1870274552453495,1.3339333304935084,1.2437636648978958,1.4695785488148536,False,False,1.0333876565350084,1.0921604666591322,1.0605005392296576,299566336,0.0941747999316479
timesfm3,monash_london_smart_meters,probe,0.02,False,20,L20,0,0.0,1.0,1.0,1.0,1.0,True,False,1.0,1.0,1.0,,0.0
timesfm3,monash_london_smart_meters,probe,0.05,False,20,L20,0,0.0,1.0,1.0,1.0,1.0,True,False,1.0,1.0,1.0,,0.0
timesfm3,monash_london_smart_meters,probe,0.1,True,17,L17,3,0.15,1.0939183804554018,1.1363864498797356,1.0972299123503717,1.1876426570819918,False,False,1.0793892085796601,1.1496181872055264,1.1127600118817336,281534496,0.14869926784649568
timesfm3,monash_london_smart_meters,probe,0.2,True,0,Emb,20,1.0,1.1765732910645894,1.2913658610632976,1.1991927112290441,1.432998368058214,False,False,1.4356928621091063,6.119012488732347,2.4222187678894507,2867776,0.9913284523099711
timesfm3,monash_traffic,hard,0.02,False,20,L20,0,0.0,1.0,1.0,1.0,1.0,True,False,1.0,1.0,1.0,,0.0
timesfm3,monash_traffic,hard,0.05,False,20,L20,0,0.0,1.0,1.0,1.0,1.0,True,False,1.0,1.0,1.0,,0.0
timesfm3,monash_traffic,hard,0.1,False,20,L20,0,0.0,1.0,1.0,1.0,1.0,True,False,1.0,1.0,1.0,,0.0
timesfm3,monash_traffic,hard,0.2,False,20,L20,0,0.0,1.0,1.0,1.0,1.0,True,False,1.0,1.0,1.0,,0.0
timesfm3,monash_traffic,noa,0.02,False,20,L20,0,0.0,1.0,1.0,1.0,1.0,True,False,1.0,1.0,1.0,,0.0
timesfm3,monash_traffic,noa,0.05,False,20,L20,0,0.0,1.0,1.0,1.0,1.0,True,False,1.0,1.0,1.0,,0.0
timesfm3,monash_traffic,noa,0.1,False,20,L20,0,0.0,1.0,1.0,1.0,1.0,True,False,1.0,1.0,1.0,,0.0
timesfm3,monash_traffic,noa,0.2,False,20,L20,0,0.0,1.0,1.0,1.0,1.0,True,False,1.0,1.0,1.0,,0.0
timesfm3,monash_traffic,ra,0.02,False,20,L20,0,0.0,1.0,1.0,1.0,1.0,True,False,1.0,1.0,1.0,,0.0
timesfm3,monash_traffic,ra,0.05,False,20,L20,0,0.0,1.0,1.0,1.0,1.0,True,False,1.0,1.0,1.0,,0.0
timesfm3,monash_traffic,ra,0.1,False,20,L20,0,0.0,1.0,1.0,1.0,1.0,True,False,1.0,1.0,1.0,,0.0
timesfm3,monash_traffic,ra,0.2,False,20,L20,0,0.0,1.0,1.0,1.0,1.0,True,False,1.0,1.0,1.0,,0.0
timesfm3,monash_traffic,probe,0.02,False,20,L20,0,0.0,1.0,1.0,1.0,1.0,True,False,1.0,1.0,1.0,,0.0
timesfm3,monash_traffic,probe,0.05,False,20,L20,0,0.0,1.0,1.0,1.0,1.0,True,False,1.0,1.0,1.0,,0.0
timesfm3,monash_traffic,probe,0.1,False,20,L20,0,0.0,1.0,1.0,1.0,1.0,True,False,1.0,1.0,1.0,,0.0
timesfm3,monash_traffic,probe,0.2,False,20,L20,0,0.0,1.0,1.0,1.0,1.0,True,False,1.0,1.0,1.0,,0.0
timesfm3,sg_carpark,hard,0.02,False,20,L20,0,0.0,1.0,1.0,1.0,1.0,True,False,1.0,1.0,1.0,,0.0
timesfm3,sg_carpark,hard,0.05,False,20,L20,0,0.0,1.0,1.0,1.0,1.0,True,False,1.0,1.0,1.0,,0.0
timesfm3,sg_carpark,hard,0.1,False,20,L20,0,0.0,1.0,1.0,1.0,1.0,True,False,1.0,1.0,1.0,,0.0
timesfm3,sg_carpark,hard,0.2,False,20,L20,0,0.0,1.0,1.0,1.0,1.0,True,False,1.0,1.0,1.0,,0.0
timesfm3,sg_carpark,noa,0.02,False,20,L20,0,0.0,1.0,1.0,1.0,1.0,True,False,1.0,1.0,1.0,,0.0
timesfm3,sg_carpark,noa,0.05,False,20,L20,0,0.0,1.0,1.0,1.0,1.0,True,False,1.0,1.0,1.0,,0.0
timesfm3,sg_carpark,noa,0.1,True,19,L19,1,0.05,1.0883747921512865,1.0521299420761572,1.0388713849232716,1.0667940005811658,True,False,0.9853789896052291,1.0364938384035858,1.0361126716924947,315958496,0.044608377316149306
timesfm3,sg_carpark,noa,0.2,True,19,L19,1,0.05,1.0883747921512865,1.0521299420761572,1.0388713849232716,1.0667940005811658,True,False,0.9853789896052291,1.0364938384035858,1.0361126716924947,315958496,0.044608377316149306
timesfm3,sg_carpark,ra,0.02,False,20,L20,0,0.0,1.0,1.0,1.0,1.0,True,False,1.0,1.0,1.0,,0.0
timesfm3,sg_carpark,ra,0.05,False,20,L20,0,0.0,1.0,1.0,1.0,1.0,True,False,1.0,1.0,1.0,,0.0
timesfm3,sg_carpark,ra,0.1,False,20,L20,0,0.0,1.0,1.0,1.0,1.0,True,False,1.0,1.0,1.0,,0.0
timesfm3,sg_carpark,ra,0.2,False,20,L20,0,0.0,1.0,1.0,1.0,1.0,True,False,1.0,1.0,1.0,,0.0
timesfm3,sg_carpark,probe,0.02,False,20,L20,0,0.0,1.0,1.0,1.0,1.0,True,False,1.0,1.0,1.0,,0.0
timesfm3,sg_carpark,probe,0.05,False,20,L20,0,0.0,1.0,1.0,1.0,1.0,True,False,1.0,1.0,1.0,,0.0
timesfm3,sg_carpark,probe,0.1,False,20,L20,0,0.0,1.0,1.0,1.0,1.0,True,False,1.0,1.0,1.0,,0.0
timesfm3,sg_carpark,probe,0.2,False,20,L20,0,0.0,1.0,1.0,1.0,1.0,True,False,1.0,1.0,1.0,,0.0
timesfm3,uber_tlc_hourly,hard,0.02,False,20,L20,0,0.0,1.0,1.0,1.0,1.0,True,False,1.0,1.0,1.0,,0.0
timesfm3,uber_tlc_hourly,hard,0.05,False,20,L20,0,0.0,1.0,1.0,1.0,1.0,True,False,1.0,1.0,1.0,,0.0
timesfm3,uber_tlc_hourly,hard,0.1,False,20,L20,0,0.0,1.0,1.0,1.0,1.0,True,False,1.0,1.0,1.0,,0.0
timesfm3,uber_tlc_hourly,hard,0.2,False,20,L20,0,0.0,1.0,1.0,1.0,1.0,True,False,1.0,1.0,1.0,,0.0
timesfm3,uber_tlc_hourly,noa,0.02,False,20,L20,0,0.0,1.0,1.0,1.0,1.0,True,False,1.0,1.0,1.0,,0.0
timesfm3,uber_tlc_hourly,noa,0.05,False,20,L20,0,0.0,1.0,1.0,1.0,1.0,True,False,1.0,1.0,1.0,,0.0
timesfm3,uber_tlc_hourly,noa,0.1,True,19,L19,1,0.05,1.058695867355596,1.0607416591824463,1.040465004164609,1.0908415670843128,True,False,0.9853789896052291,1.0364938384035858,1.0361126716924947,315958496,0.044608377316149306
timesfm3,uber_tlc_hourly,noa,0.2,True,18,L18,2,0.1,1.1628152074285973,1.1478788054530744,1.111892516478138,1.1981099238116457,True,False,1.0333876565350084,1.0921604666591322,1.0605005392296576,299566336,0.0941747999316479
timesfm3,uber_tlc_hourly,ra,0.02,False,20,L20,0,0.0,1.0,1.0,1.0,1.0,True,False,1.0,1.0,1.0,,0.0
timesfm3,uber_tlc_hourly,ra,0.05,False,20,L20,0,0.0,1.0,1.0,1.0,1.0,True,False,1.0,1.0,1.0,,0.0
timesfm3,uber_tlc_hourly,ra,0.1,False,20,L20,0,0.0,1.0,1.0,1.0,1.0,True,False,1.0,1.0,1.0,,0.0
timesfm3,uber_tlc_hourly,ra,0.2,False,20,L20,0,0.0,1.0,1.0,1.0,1.0,True,False,1.0,1.0,1.0,,0.0
timesfm3,uber_tlc_hourly,probe,0.02,False,20,L20,0,0.0,1.0,1.0,1.0,1.0,True,False,1.0,1.0,1.0,,0.0
timesfm3,uber_tlc_hourly,probe,0.05,False,20,L20,0,0.0,1.0,1.0,1.0,1.0,True,False,1.0,1.0,1.0,,0.0
timesfm3,uber_tlc_hourly,probe,0.1,False,20,L20,0,0.0,1.0,1.0,1.0,1.0,True,False,1.0,1.0,1.0,,0.0
timesfm3,uber_tlc_hourly,probe,0.2,True,17,L17,3,0.15,1.1974682964315746,1.1521535077212497,1.114339395143635,1.2007556384390983,True,False,1.0793892085796601,1.1496181872055264,1.1127600118817336,281534496,0.14869926784649568
timesfm3,wiki_daily_100k,hard,0.02,False,20,L20,0,0.0,1.0,1.0,1.0,1.0,True,False,1.0,1.0,1.0,,0.0
timesfm3,wiki_daily_100k,hard,0.05,False,20,L20,0,0.0,1.0,1.0,1.0,1.0,True,False,1.0,1.0,1.0,,0.0
timesfm3,wiki_daily_100k,hard,0.1,False,20,L20,0,0.0,1.0,1.0,1.0,1.0,True,False,1.0,1.0,1.0,,0.0
timesfm3,wiki_daily_100k,hard,0.2,False,20,L20,0,0.0,1.0,1.0,1.0,1.0,True,False,1.0,1.0,1.0,,0.0
timesfm3,wiki_daily_100k,noa,0.02,True,19,L19,1,0.05,1.0127101691808353,1.0171337730911563,1.0094275022709613,1.0280086778025022,True,False,0.9853789896052291,1.0364938384035858,1.0361126716924947,315958496,0.044608377316149306
timesfm3,wiki_daily_100k,noa,0.05,True,19,L19,1,0.05,1.0127101691808353,1.0171337730911563,1.0094275022709613,1.0280086778025022,True,False,0.9853789896052291,1.0364938384035858,1.0361126716924947,315958496,0.044608377316149306
timesfm3,wiki_daily_100k,noa,0.1,True,17,L17,3,0.15,1.076856963730458,1.0906913130917073,1.0666875499409476,1.1211975705127852,True,False,1.0701685775028895,1.1481853515676812,1.1056119598549459,283174176,0.14374122254714639
timesfm3,wiki_daily_100k,noa,0.2,True,13,L13,7,0.35,1.1871009636382899,1.22783007077612,1.1746214858889743,1.2918738933762584,False,False,1.1077368087709483,1.4157351897929482,1.2545559494667289,217605536,0.34200691300914066
timesfm3,wiki_daily_100k,ra,0.02,False,20,L20,0,0.0,1.0,1.0,1.0,1.0,True,False,1.0,1.0,1.0,,0.0
timesfm3,wiki_daily_100k,ra,0.05,False,20,L20,0,0.0,1.0,1.0,1.0,1.0,True,False,1.0,1.0,1.0,,0.0
timesfm3,wiki_daily_100k,ra,0.1,False,20,L20,0,0.0,1.0,1.0,1.0,1.0,True,False,1.0,1.0,1.0,,0.0
timesfm3,wiki_daily_100k,ra,0.2,True,19,L19,1,0.05,1.1432593049761914,1.2170063934807338,1.1536716891619512,1.301213476495259,False,False,0.9853789896052291,1.0364938384035858,1.0361126716924947,315958496,0.044608377316149306
timesfm3,wiki_daily_100k,probe,0.02,False,20,L20,0,0.0,1.0,1.0,1.0,1.0,True,False,1.0,1.0,1.0,,0.0
timesfm3,wiki_daily_100k,probe,0.05,False,20,L20,0,0.0,1.0,1.0,1.0,1.0,True,False,1.0,1.0,1.0,,0.0
timesfm3,wiki_daily_100k,probe,0.1,True,7,L7,13,0.65,1.0997687263432667,1.1533977975627825,1.1097275250616807,1.206910257917547,False,False,1.2297134137251413,2.22138170167276,1.6170914414985211,117612896,0.6443634940014813
timesfm3,wiki_daily_100k,probe,0.2,True,0,Emb,20,1.0,1.1007986913763825,1.2135499069804145,1.147692405502255,1.2956336435290956,False,False,1.4356928621091063,6.119012488732347,2.4222187678894507,2867776,0.9913284523099711
timesfm3,wind_farms_hourly,hard,0.02,False,20,L20,0,0.0,1.0,1.0,1.0,1.0,True,False,1.0,1.0,1.0,,0.0
timesfm3,wind_farms_hourly,hard,0.05,False,20,L20,0,0.0,1.0,1.0,1.0,1.0,True,False,1.0,1.0,1.0,,0.0
timesfm3,wind_farms_hourly,hard,0.1,False,20,L20,0,0.0,1.0,1.0,1.0,1.0,True,False,1.0,1.0,1.0,,0.0
timesfm3,wind_farms_hourly,hard,0.2,False,20,L20,0,0.0,1.0,1.0,1.0,1.0,True,False,1.0,1.0,1.0,,0.0
timesfm3,wind_farms_hourly,noa,0.02,False,20,L20,0,0.0,1.0,1.0,1.0,1.0,True,False,1.0,1.0,1.0,,0.0
timesfm3,wind_farms_hourly,noa,0.05,False,20,L20,0,0.0,1.0,1.0,1.0,1.0,True,False,1.0,1.0,1.0,,0.0
timesfm3,wind_farms_hourly,noa,0.1,False,20,L20,0,0.0,1.0,1.0,1.0,1.0,True,False,1.0,1.0,1.0,,0.0
timesfm3,wind_farms_hourly,noa,0.2,False,20,L20,0,0.0,1.0,1.0,1.0,1.0,True,False,1.0,1.0,1.0,,0.0
timesfm3,wind_farms_hourly,ra,0.02,False,20,L20,0,0.0,1.0,1.0,1.0,1.0,True,False,1.0,1.0,1.0,,0.0
timesfm3,wind_farms_hourly,ra,0.05,False,20,L20,0,0.0,1.0,1.0,1.0,1.0,True,False,1.0,1.0,1.0,,0.0
timesfm3,wind_farms_hourly,ra,0.1,False,20,L20,0,0.0,1.0,1.0,1.0,1.0,True,False,1.0,1.0,1.0,,0.0
timesfm3,wind_farms_hourly,ra,0.2,False,20,L20,0,0.0,1.0,1.0,1.0,1.0,True,False,1.0,1.0,1.0,,0.0
timesfm3,wind_farms_hourly,probe,0.02,False,20,L20,0,0.0,1.0,1.0,1.0,1.0,True,False,1.0,1.0,1.0,,0.0
timesfm3,wind_farms_hourly,probe,0.05,False,20,L20,0,0.0,1.0,1.0,1.0,1.0,True,False,1.0,1.0,1.0,,0.0
timesfm3,wind_farms_hourly,probe,0.1,False,20,L20,0,0.0,1.0,1.0,1.0,1.0,True,False,1.0,1.0,1.0,,0.0
timesfm3,wind_farms_hourly,probe,0.2,False,20,L20,0,0.0,1.0,1.0,1.0,1.0,True,False,1.0,1.0,1.0,,0.0
tirex,LOOP_SEATTLE_5T,hard,0.02,False,12,L12,0,0.0,1.0,1.0,1.0,1.0,True,False,1.0,1.0,1.0,,0.0
tirex,LOOP_SEATTLE_5T,hard,0.05,False,12,L12,0,0.0,1.0,1.0,1.0,1.0,True,False,1.0,1.0,1.0,,0.0
tirex,LOOP_SEATTLE_5T,hard,0.1,False,12,L12,0,0.0,1.0,1.0,1.0,1.0,True,False,1.0,1.0,1.0,,0.0
tirex,LOOP_SEATTLE_5T,hard,0.2,False,12,L12,0,0.0,1.0,1.0,1.0,1.0,True,False,1.0,1.0,1.0,,0.0
tirex,LOOP_SEATTLE_5T,noa,0.02,True,11,L11,1,0.08333333333333333,1.0191889610746647,0.9948232215976502,0.9874369770185083,1.0020555635081712,True,False,1.0921829826529053,1.0873720184941127,1.0885802049463533,32863296,0.06879630049417418
tirex,LOOP_SEATTLE_5T,noa,0.05,True,10,L10,2,0.16666666666666666,1.0306925623994292,1.0087781615953135,0.9949888490283739,1.022052195198886,True,False,1.2084424061714134,1.1933197569250569,1.209010968359812,30172736,0.14503513623792896
tirex,LOOP_SEATTLE_5T,noa,0.1,True,7,L7,5,0.4166666666666667,1.0898727078945716,1.0226820797441154,0.987693695852633,1.0599521250573323,True,False,1.7143162286872053,1.6863467550583349,1.7185356659106008,22101056,0.37375164346919343
tirex,LOOP_SEATTLE_5T,noa,0.2,True,5,L5,7,0.5833333333333334,1.183087106745785,1.0940685746883123,1.0429866251707014,1.1490468597953005,True,False,2.3885548671630037,2.3291230563257113,2.38733504400129,16719936,0.5262293149567031
tirex,LOOP_SEATTLE_5T,fl,0.02,False,12,L12,0,0.0,1.0,1.0,1.0,1.0,True,False,1.0,1.0,1.0,,0.0
tirex,LOOP_SEATTLE_5T,fl,0.05,True,11,L11,1,0.08333333333333333,1.0267811419595445,0.992599087476597,0.9687852160883852,1.0186659655914956,True,False,1.0921829826529053,1.0873720184941127,1.0885802049463533,32863296,0.06879630049417418
tirex,LOOP_SEATTLE_5T,fl,0.1,True,10,L10,2,0.16666666666666666,1.09688992399595,0.898132223512435,0.8628423701015391,0.9376814558903328,True,False,1.2084424061714134,1.1933197569250569,1.209010968359812,30172736,0.14503513623792896
tirex,LOOP_SEATTLE_5T,fl,0.2,True,8,L8,4,0.3333333333333333,1.1917723377960714,0.8398367890129224,0.798199063178741,0.885966988473787,True,False,1.4990520763661965,1.4831772451493994,1.4919401611343168,24791616,0.29751280772543864
tirex,LOOP_SEATTLE_5T,ra,0.02,True,11,L11,1,0.08333333333333333,1.0079972520284275,0.984995083214026,0.9753157394807208,0.9944593458915834,True,False,1.0921829826529053,1.0873720184941127,1.0885802049463533,32863296,0.06879630049417418
tirex,LOOP_SEATTLE_5T,ra,0.05,True,10,L10,2,0.16666666666666666,1.043166986743055,0.9609583773946853,0.9420900825214645,0.9801084023432004,True,False,1.2084424061714134,1.1933197569250569,1.209010968359812,30172736,0.14503513623792896
tirex,LOOP_SEATTLE_5T,ra,0.1,True,9,L9,3,0.25,1.083346493838459,1.0064134253308958,0.9801719581535389,1.0335933917186442,True,False,1.3344069533770697,1.322744937689187,1.333818916100592,27482176,0.22127397198168386
tirex,LOOP_SEATTLE_5T,ra,0.2,True,7,L7,5,0.4166666666666667,1.1237070895586236,1.0125640189193423,0.973238719633234,1.0523040278205122,True,False,1.7143162286872053,1.6863467550583349,1.7185356659106008,22101056,0.37375164346919343
tirex,LOOP_SEATTLE_5T,probe,0.02,False,12,L12,0,0.0,1.0,1.0,1.0,1.0,True,False,1.0,1.0,1.0,,0.0
tirex,LOOP_SEATTLE_5T,probe,0.05,False,12,L12,0,0.0,1.0,1.0,1.0,1.0,True,False,1.0,1.0,1.0,,0.0
tirex,LOOP_SEATTLE_5T,probe,0.1,True,11,L11,1,0.08333333333333333,1.098089428764814,0.8654772305327485,0.8378311879138528,0.896127852264559,True,False,1.1003140106487086,1.0991176626287305,1.1001485264611388,30959392,0.12274470689577
tirex,LOOP_SEATTLE_5T,probe,0.2,True,9,L9,3,0.25,1.1700439695250315,0.9108264083304802,0.8755338594896181,0.9515229579460637,True,False,1.3217158231676784,1.337671179936788,1.3196822463193023,25578272,0.2752223783832797
tirex,SZ_TAXI_15T,hard,0.02,False,12,L12,0,0.0,1.0,1.0,1.0,1.0,True,True,1.0,1.0,1.0,,0.0
tirex,SZ_TAXI_15T,hard,0.05,False,12,L12,0,0.0,1.0,1.0,1.0,1.0,True,True,1.0,1.0,1.0,,0.0
tirex,SZ_TAXI_15T,hard,0.1,False,12,L12,0,0.0,1.0,1.0,1.0,1.0,True,True,1.0,1.0,1.0,,0.0
tirex,SZ_TAXI_15T,hard,0.2,True,10,L10,2,0.16666666666666666,1.1659669447587682,1.1599733802116183,1.1277775761606654,1.1989999840002998,True,True,1.181713160265159,1.195503386668841,1.1814950248486669,29910080,0.15247767148750968
tirex,SZ_TAXI_15T,noa,0.02,True,9,L9,3,0.25,1.0008170773499752,1.005706764526871,0.9930637679107392,1.021502859739111,True,True,1.3344069533770697,1.322744937689187,1.333818916100592,27482176,0.22127397198168386
tirex,SZ_TAXI_15T,noa,0.05,True,1,L1,11,0.9166666666666666,1.0393489628895578,1.0500299705964335,1.0122123634511426,1.1082157213690242,False,True,11.660921104149486,9.829352565156375,11.692816650895029,5957696,0.8311846579317224
tirex,SZ_TAXI_15T,noa,0.1,True,0,Emb,12,1.0,1.0596105679087024,1.0690562992731674,1.0287261590509673,1.1301039238824344,True,True,339.7538550577322,50.16862166932148,369.0675405374053,3267136,0.9074234936754771
tirex,SZ_TAXI_15T,noa,0.2,True,0,Emb,12,1.0,1.0596105679087024,1.0690562992731674,1.0287261590509673,1.1301039238824344,True,True,339.7538550577322,50.16862166932148,369.0675405374053,3267136,0.9074234936754771
tirex,SZ_TAXI_15T,fl,0.02,True,9,L9,3,0.25,1.0115645826431587,1.0220180672222057,1.0008643164700224,1.0555168864322444,False,True,1.3344069533770697,1.322744937689187,1.333818916100592,27482176,0.22127397198168386
tirex,SZ_TAXI_15T,fl,0.05,True,3,L3,9,0.75,1.0461793020014822,1.061091588004173,1.0203319737716576,1.129351121443854,False,True,3.934260090355502,3.7606406571569306,3.933475583362612,11338816,0.6787069864442128
tirex,SZ_TAXI_15T,fl,0.1,True,0,Emb,12,1.0,1.0643676705779872,1.0877339104634822,1.0390605672673114,1.1672296283669152,True,True,339.7538550577322,50.16862166932148,369.0675405374053,3267136,0.9074234936754771
tirex,SZ_TAXI_15T,fl,0.2,True,0,Emb,12,1.0,1.0643676705779872,1.0877339104634822,1.0390605672673114,1.1672296283669152,True,True,339.7538550577322,50.16862166932148,369.0675405374053,3267136,0.9074234936754771
tirex,SZ_TAXI_15T,ra,0.02,True,4,L4,8,0.6666666666666666,1.0110021062120464,1.030428486572588,1.0075078655233782,1.063608626112322,False,True,2.992763544698721,2.880986877542075,2.9941640357923873,14029376,0.6024681507004579
tirex,SZ_TAXI_15T,ra,0.05,True,1,L1,11,0.9166666666666666,1.041368427828618,1.0494184362448473,1.0106032316313813,1.1109194003930496,True,True,11.660921104149486,9.829352565156375,11.692816650895029,5957696,0.8311846579317224
tirex,SZ_TAXI_15T,ra,0.1,True,0,Emb,12,1.0,1.0699199858952846,1.0852070431449945,1.034545890244254,1.1695843622943856,True,True,339.7538550577322,50.16862166932148,369.0675405374053,3267136,0.9074234936754771
tirex,SZ_TAXI_15T,ra,0.2,True,0,Emb,12,1.0,1.0699199858952846,1.0852070431449945,1.034545890244254,1.1695843622943856,True,True,339.7538550577322,50.16862166932148,369.0675405374053,3267136,0.9074234936754771
tirex,SZ_TAXI_15T,probe,0.02,False,12,L12,0,0.0,1.0,1.0,1.0,1.0,True,True,1.0,1.0,1.0,,0.0
tirex,SZ_TAXI_15T,probe,0.05,True,6,L6,6,0.5,1.0495964216708797,1.0596807477326529,1.0132282551283538,1.1395984802356751,False,True,1.989564913737925,1.996723131961962,1.9908788214095983,17506592,0.5039388856145441
tirex,SZ_TAXI_15T,probe,0.1,True,0,Emb,12,1.0,1.0840714794078607,1.103779598207809,1.0509867931499834,1.1908669868143213,False,True,442.6715191464626,97.8977426369209,492.8575409220243,1363232,0.9613719000770731
tirex,SZ_TAXI_15T,probe,0.2,True,0,Emb,12,1.0,1.0840714794078607,1.103779598207809,1.0509867931499834,1.1908669868143213,True,True,442.6715191464626,97.8977426369209,492.8575409220243,1363232,0.9613719000770731
tirex,boom_hourly,hard,0.02,False,12,L12,0,0.0,1.0,1.0,1.0,1.0,True,False,1.0,1.0,1.0,,0.0
tirex,boom_hourly,hard,0.05,False,12,L12,0,0.0,1.0,1.0,1.0,1.0,True,False,1.0,1.0,1.0,,0.0
tirex,boom_hourly,hard,0.1,False,12,L12,0,0.0,1.0,1.0,1.0,1.0,True,False,1.0,1.0,1.0,,0.0
tirex,boom_hourly,hard,0.2,False,12,L12,0,0.0,1.0,1.0,1.0,1.0,True,False,1.0,1.0,1.0,,0.0
tirex,boom_hourly,noa,0.02,False,12,L12,0,0.0,1.0,1.0,1.0,1.0,True,False,1.0,1.0,1.0,,0.0
tirex,boom_hourly,noa,0.05,False,12,L12,0,0.0,1.0,1.0,1.0,1.0,True,False,1.0,1.0,1.0,,0.0
tirex,boom_hourly,noa,0.1,False,12,L12,0,0.0,1.0,1.0,1.0,1.0,True,False,1.0,1.0,1.0,,0.0
tirex,boom_hourly,noa,0.2,True,10,L10,2,0.16666666666666666,1.1734502695769031,1.0644919031390059,1.039376810500145,1.1109876578447522,True,False,1.2084424061714134,1.1933197569250569,1.209010968359812,30172736,0.14503513623792896
tirex,boom_hourly,fl,0.02,False,12,L12,0,0.0,1.0,1.0,1.0,1.0,True,False,1.0,1.0,1.0,,0.0
tirex,boom_hourly,fl,0.05,False,12,L12,0,0.0,1.0,1.0,1.0,1.0,True,False,1.0,1.0,1.0,,0.0
tirex,boom_hourly,fl,0.1,False,12,L12,0,0.0,1.0,1.0,1.0,1.0,True,False,1.0,1.0,1.0,,0.0
tirex,boom_hourly,fl,0.2,True,9,L9,3,0.25,1.1967965681322725,1.120425464694337,1.0797213383618074,1.1973358281744628,True,False,1.3344069533770697,1.322744937689187,1.333818916100592,27482176,0.22127397198168386
tirex,boom_hourly,ra,0.02,False,12,L12,0,0.0,1.0,1.0,1.0,1.0,True,False,1.0,1.0,1.0,,0.0
tirex,boom_hourly,ra,0.05,False,12,L12,0,0.0,1.0,1.0,1.0,1.0,True,False,1.0,1.0,1.0,,0.0
tirex,boom_hourly,ra,0.1,False,12,L12,0,0.0,1.0,1.0,1.0,1.0,True,False,1.0,1.0,1.0,,0.0
tirex,boom_hourly,ra,0.2,False,12,L12,0,0.0,1.0,1.0,1.0,1.0,True,False,1.0,1.0,1.0,,0.0
tirex,boom_hourly,probe,0.02,False,12,L12,0,0.0,1.0,1.0,1.0,1.0,True,False,1.0,1.0,1.0,,0.0
tirex,boom_hourly,probe,0.05,False,12,L12,0,0.0,1.0,1.0,1.0,1.0,True,False,1.0,1.0,1.0,,0.0
tirex,boom_hourly,probe,0.1,False,12,L12,0,0.0,1.0,1.0,1.0,1.0,True,False,1.0,1.0,1.0,,0.0
tirex,boom_hourly,probe,0.2,False,12,L12,0,0.0,1.0,1.0,1.0,1.0,True,False,1.0,1.0,1.0,,0.0
tirex,coastal_ts,hard,0.02,False,12,L12,0,0.0,1.0,1.0,1.0,1.0,True,False,1.0,1.0,1.0,,0.0
tirex,coastal_ts,hard,0.05,False,12,L12,0,0.0,1.0,1.0,1.0,1.0,True,False,1.0,1.0,1.0,,0.0
tirex,coastal_ts,hard,0.1,False,12,L12,0,0.0,1.0,1.0,1.0,1.0,True,False,1.0,1.0,1.0,,0.0
tirex,coastal_ts,hard,0.2,False,12,L12,0,0.0,1.0,1.0,1.0,1.0,True,False,1.0,1.0,1.0,,0.0
tirex,coastal_ts,noa,0.02,True,9,L9,3,0.25,1.018173193585069,1.048738803950139,0.995876498400824,1.1258411099074777,False,False,1.3344069533770697,1.322744937689187,1.333818916100592,27482176,0.22127397198168386
tirex,coastal_ts,noa,0.05,True,1,L1,11,0.9166666666666666,1.0354525633268807,1.057808798734854,0.9629899056724515,1.1842343108517683,False,False,11.660921104149486,9.829352565156375,11.692816650895029,5957696,0.8311846579317224
tirex,coastal_ts,noa,0.1,True,1,L1,11,0.9166666666666666,1.0354525633268807,1.057808798734854,0.9629899056724515,1.1842343108517683,True,False,11.660921104149486,9.829352565156375,11.692816650895029,5957696,0.8311846579317224
tirex,coastal_ts,noa,0.2,True,1,L1,11,0.9166666666666666,1.0354525633268807,1.057808798734854,0.9629899056724515,1.1842343108517683,True,False,11.660921104149486,9.829352565156375,11.692816650895029,5957696,0.8311846579317224
tirex,coastal_ts,fl,0.02,True,11,L11,1,0.08333333333333333,1.011060030152018,1.0550680205412213,0.961155523399446,1.1638734045570092,False,False,1.0921829826529053,1.0873720184941127,1.0885802049463533,32863296,0.06879630049417418
tirex,coastal_ts,fl,0.05,True,9,L9,3,0.25,1.022879202376444,1.2711882847217764,0.9806864909573271,1.8060778260837,False,False,1.3344069533770697,1.322744937689187,1.333818916100592,27482176,0.22127397198168386
tirex,coastal_ts,fl,0.1,True,1,L1,11,0.9166666666666666,1.0661461474520353,1.0766670456920346,0.967790522025792,1.1980091277393645,True,False,11.660921104149486,9.829352565156375,11.692816650895029,5957696,0.8311846579317224
tirex,coastal_ts,fl,0.2,True,1,L1,11,0.9166666666666666,1.0661461474520353,1.0766670456920346,0.967790522025792,1.1980091277393645,True,False,11.660921104149486,9.829352565156375,11.692816650895029,5957696,0.8311846579317224
tirex,coastal_ts,ra,0.02,True,7,L7,5,0.4166666666666667,1.0097905999775239,1.0448736312751825,0.9622889488516938,1.1355404099663207,False,False,1.7143162286872053,1.6863467550583349,1.7185356659106008,22101056,0.37375164346919343
tirex,coastal_ts,ra,0.05,True,1,L1,11,0.9166666666666666,1.0187496196837325,1.1004251874861455,0.9889458906988439,1.2418380840880507,False,False,11.660921104149486,9.829352565156375,11.692816650895029,5957696,0.8311846579317224
tirex,coastal_ts,ra,0.1,True,1,L1,11,0.9166666666666666,1.0187496196837325,1.1004251874861455,0.9889458906988439,1.2418380840880507,False,False,11.660921104149486,9.829352565156375,11.692816650895029,5957696,0.8311846579317224
tirex,coastal_ts,ra,0.2,True,1,L1,11,0.9166666666666666,1.0187496196837325,1.1004251874861455,0.9889458906988439,1.2418380840880507,True,False,11.660921104149486,9.829352565156375,11.692816650895029,5957696,0.8311846579317224
tirex,coastal_ts,probe,0.02,False,12,L12,0,0.0,1.0,1.0,1.0,1.0,True,False,1.0,1.0,1.0,,0.0
tirex,coastal_ts,probe,0.05,False,12,L12,0,0.0,1.0,1.0,1.0,1.0,True,False,1.0,1.0,1.0,,0.0
tirex,coastal_ts,probe,0.1,True,1,L1,11,0.9166666666666666,1.0508381023300184,1.1092335656907644,0.9908644401632198,1.2508356862936727,False,False,11.805594942424447,10.858695894912378,11.780538090999361,4053792,0.8851330643333182
tirex,coastal_ts,probe,0.2,True,1,L1,11,0.9166666666666666,1.0508381023300184,1.1092335656907644,0.9908644401632198,1.2508356862936727,True,False,11.805594942424447,10.858695894912378,11.780538090999361,4053792,0.8851330643333182
tirex,electricity_15min,hard,0.02,False,12,L12,0,0.0,1.0,1.0,1.0,1.0,True,False,1.0,1.0,1.0,,0.0
tirex,electricity_15min,hard,0.05,False,12,L12,0,0.0,1.0,1.0,1.0,1.0,True,False,1.0,1.0,1.0,,0.0
tirex,electricity_15min,hard,0.1,False,12,L12,0,0.0,1.0,1.0,1.0,1.0,True,False,1.0,1.0,1.0,,0.0
tirex,electricity_15min,hard,0.2,False,12,L12,0,0.0,1.0,1.0,1.0,1.0,True,False,1.0,1.0,1.0,,0.0
tirex,electricity_15min,noa,0.02,False,12,L12,0,0.0,1.0,1.0,1.0,1.0,True,False,1.0,1.0,1.0,,0.0
tirex,electricity_15min,noa,0.05,True,11,L11,1,0.08333333333333333,1.027187934361808,1.0136095827911502,1.0087170624493236,1.0190849907493251,True,False,1.0921829826529053,1.0873720184941127,1.0885802049463533,32863296,0.06879630049417418
tirex,electricity_15min,noa,0.1,True,10,L10,2,0.16666666666666666,1.066493267243707,1.0479749185089173,1.0348487036603855,1.0632033431773058,True,False,1.2084424061714134,1.1933197569250569,1.209010968359812,30172736,0.14503513623792896
tirex,electricity_15min,noa,0.2,True,8,L8,4,0.3333333333333333,1.175224573252721,1.105359958931625,1.0778532424466216,1.1366831861107023,True,False,1.4990520763661965,1.4831772451493994,1.4919401611343168,24791616,0.29751280772543864
tirex,electricity_15min,fl,0.02,False,12,L12,0,0.0,1.0,1.0,1.0,1.0,True,False,1.0,1.0,1.0,,0.0
tirex,electricity_15min,fl,0.05,True,11,L11,1,0.08333333333333333,1.0344121226938061,1.056007737321368,1.0446140639846428,1.0682307354457485,False,False,1.0921829826529053,1.0873720184941127,1.0885802049463533,32863296,0.06879630049417418
tirex,electricity_15min,fl,0.1,True,10,L10,2,0.16666666666666666,1.0879113005213974,1.1022166516322711,1.0839385318149632,1.1233776820077648,False,False,1.2084424061714134,1.1933197569250569,1.209010968359812,30172736,0.14503513623792896
tirex,electricity_15min,fl,0.2,True,9,L9,3,0.25,1.1269404070728344,1.1267840202914239,1.1023518255938676,1.1552512188662674,True,False,1.3344069533770697,1.322744937689187,1.333818916100592,27482176,0.22127397198168386
tirex,electricity_15min,ra,0.02,False,12,L12,0,0.0,1.0,1.0,1.0,1.0,True,False,1.0,1.0,1.0,,0.0
tirex,electricity_15min,ra,0.05,True,11,L11,1,0.08333333333333333,1.0376484505438266,1.018490641131336,1.0111899466020124,1.025867700625174,True,False,1.0921829826529053,1.0873720184941127,1.0885802049463533,32863296,0.06879630049417418
tirex,electricity_15min,ra,0.1,True,10,L10,2,0.16666666666666666,1.08308408373104,1.0526456174290344,1.0371710936833969,1.0691615764893723,True,False,1.2084424061714134,1.1933197569250569,1.209010968359812,30172736,0.14503513623792896
tirex,electricity_15min,ra,0.2,True,8,L8,4,0.3333333333333333,1.1965416751511344,1.1324330771441862,1.0990619028354485,1.1709957426182949,True,False,1.4990520763661965,1.4831772451493994,1.4919401611343168,24791616,0.29751280772543864
tirex,electricity_15min,probe,0.02,False,12,L12,0,0.0,1.0,1.0,1.0,1.0,True,False,1.0,1.0,1.0,,0.0
tirex,electricity_15min,probe,0.05,False,12,L12,0,0.0,1.0,1.0,1.0,1.0,True,False,1.0,1.0,1.0,,0.0
tirex,electricity_15min,probe,0.1,False,12,L12,0,0.0,1.0,1.0,1.0,1.0,True,False,1.0,1.0,1.0,,0.0
tirex,electricity_15min,probe,0.2,True,10,L10,2,0.16666666666666666,1.1750999560084536,1.0991798494862042,1.077907080794628,1.121759563320383,True,False,1.1977893095990029,1.2077663083536847,1.1985349964560177,28268832,0.1989835426395249
tirex,m4_hourly,hard,0.02,False,12,L12,0,0.0,1.0,1.0,1.0,1.0,True,False,1.0,1.0,1.0,,0.0
tirex,m4_hourly,hard,0.05,False,12,L12,0,0.0,1.0,1.0,1.0,1.0,True,False,1.0,1.0,1.0,,0.0
tirex,m4_hourly,hard,0.1,False,12,L12,0,0.0,1.0,1.0,1.0,1.0,True,False,1.0,1.0,1.0,,0.0
tirex,m4_hourly,hard,0.2,False,12,L12,0,0.0,1.0,1.0,1.0,1.0,True,False,1.0,1.0,1.0,,0.0
tirex,m4_hourly,noa,0.02,False,12,L12,0,0.0,1.0,1.0,1.0,1.0,True,False,1.0,1.0,1.0,,0.0
tirex,m4_hourly,noa,0.05,False,12,L12,0,0.0,1.0,1.0,1.0,1.0,True,False,1.0,1.0,1.0,,0.0
tirex,m4_hourly,noa,0.1,True,11,L11,1,0.08333333333333333,1.069843960251846,1.0429810788517258,1.0282814575058157,1.0591755505304778,True,False,1.0921829826529053,1.0873720184941127,1.0885802049463533,32863296,0.06879630049417418
tirex,m4_hourly,noa,0.2,True,10,L10,2,0.16666666666666666,1.1348960846716272,1.0975140857257928,1.0733593244303283,1.1232356953813665,True,False,1.2084424061714134,1.1933197569250569,1.209010968359812,30172736,0.14503513623792896
tirex,m4_hourly,fl,0.02,True,11,L11,1,0.08333333333333333,1.0098617823662595,1.0670204671019319,1.0368581631832345,1.0978590404149258,False,False,1.0921829826529053,1.0873720184941127,1.0885802049463533,32863296,0.06879630049417418
tirex,m4_hourly,fl,0.05,True,11,L11,1,0.08333333333333333,1.0098617823662595,1.0670204671019319,1.0368581631832345,1.0978590404149258,False,False,1.0921829826529053,1.0873720184941127,1.0885802049463533,32863296,0.06879630049417418
tirex,m4_hourly,fl,0.1,True,11,L11,1,0.08333333333333333,1.0098617823662595,1.0670204671019319,1.0368581631832345,1.0978590404149258,True,False,1.0921829826529053,1.0873720184941127,1.0885802049463533,32863296,0.06879630049417418
tirex,m4_hourly,fl,0.2,True,10,L10,2,0.16666666666666666,1.1012418969667535,1.1582167099487393,1.1169620028775669,1.2008432872982364,True,False,1.2084424061714134,1.1933197569250569,1.209010968359812,30172736,0.14503513623792896
tirex,m4_hourly,ra,0.02,False,12,L12,0,0.0,1.0,1.0,1.0,1.0,True,False,1.0,1.0,1.0,,0.0
tirex,m4_hourly,ra,0.05,False,12,L12,0,0.0,1.0,1.0,1.0,1.0,True,False,1.0,1.0,1.0,,0.0
tirex,m4_hourly,ra,0.1,True,11,L11,1,0.08333333333333333,1.09824502006186,1.09606733367779,1.0734198655921687,1.1219980683831225,True,False,1.0921829826529053,1.0873720184941127,1.0885802049463533,32863296,0.06879630049417418
tirex,m4_hourly,ra,0.2,True,11,L11,1,0.08333333333333333,1.09824502006186,1.09606733367779,1.0734198655921687,1.1219980683831225,True,False,1.0921829826529053,1.0873720184941127,1.0885802049463533,32863296,0.06879630049417418
tirex,m4_hourly,probe,0.02,False,12,L12,0,0.0,1.0,1.0,1.0,1.0,True,False,1.0,1.0,1.0,,0.0
tirex,m4_hourly,probe,0.05,False,12,L12,0,0.0,1.0,1.0,1.0,1.0,True,False,1.0,1.0,1.0,,0.0
tirex,m4_hourly,probe,0.1,False,12,L12,0,0.0,1.0,1.0,1.0,1.0,True,False,1.0,1.0,1.0,,0.0
tirex,m4_hourly,probe,0.2,False,12,L12,0,0.0,1.0,1.0,1.0,1.0,True,False,1.0,1.0,1.0,,0.0
tirex,m5,hard,0.02,False,12,L12,0,0.0,1.0,1.0,1.0,1.0,True,True,1.0,1.0,1.0,,0.0
tirex,m5,hard,0.05,False,12,L12,0,0.0,1.0,1.0,1.0,1.0,True,True,1.0,1.0,1.0,,0.0
tirex,m5,hard,0.1,False,12,L12,0,0.0,1.0,1.0,1.0,1.0,True,True,1.0,1.0,1.0,,0.0
tirex,m5,hard,0.2,False,12,L12,0,0.0,1.0,1.0,1.0,1.0,True,True,1.0,1.0,1.0,,0.0
tirex,m5,noa,0.02,False,12,L12,0,0.0,1.0,1.0,1.0,1.0,True,True,1.0,1.0,1.0,,0.0
tirex,m5,noa,0.05,True,8,L8,4,0.3333333333333333,1.042590264921026,1.0490873677571053,1.0303862323260315,1.069626840550339,True,True,1.4990520763661965,1.4831772451493994,1.4919401611343168,24791616,0.29751280772543864
tirex,m5,noa,0.1,True,0,Emb,12,1.0,1.069870801476828,1.0911255568594285,1.0668337989324417,1.1167402837272007,True,True,339.7538550577322,50.16862166932148,369.0675405374053,3267136,0.9074234936754771
tirex,m5,noa,0.2,True,0,Emb,12,1.0,1.069870801476828,1.0911255568594285,1.0668337989324417,1.1167402837272007,True,True,339.7538550577322,50.16862166932148,369.0675405374053,3267136,0.9074234936754771
tirex,m5,fl,0.02,True,10,L10,2,0.16666666666666666,1.0193043574410272,1.016376515062765,1.004366792087375,1.0284750545043717,True,True,1.2084424061714134,1.1933197569250569,1.209010968359812,30172736,0.14503513623792896
tirex,m5,fl,0.05,True,1,L1,11,0.9166666666666666,1.0353184193919407,1.0550010065455744,1.0372807647807385,1.0735796186560054,False,True,11.660921104149486,9.829352565156375,11.692816650895029,5957696,0.8311846579317224
tirex,m5,fl,0.1,True,0,Emb,12,1.0,1.059471754902161,1.0900851158737308,1.0644833739260087,1.1175970971999911,True,True,339.7538550577322,50.16862166932148,369.0675405374053,3267136,0.9074234936754771
tirex,m5,fl,0.2,True,0,Emb,12,1.0,1.059471754902161,1.0900851158737308,1.0644833739260087,1.1175970971999911,True,True,339.7538550577322,50.16862166932148,369.0675405374053,3267136,0.9074234936754771
tirex,m5,ra,0.02,True,10,L10,2,0.16666666666666666,1.015204861157098,1.0126966019737595,1.0003709737423039,1.024207839152851,True,True,1.2084424061714134,1.1933197569250569,1.209010968359812,30172736,0.14503513623792896
tirex,m5,ra,0.05,True,1,L1,11,0.9166666666666666,1.0453493830152,1.0497835700922131,1.03362330190535,1.0673523773994529,True,True,11.660921104149486,9.829352565156375,11.692816650895029,5957696,0.8311846579317224
tirex,m5,ra,0.1,True,0,Emb,12,1.0,1.0906231738222276,1.1209067515523654,1.0919179135486932,1.150480659087222,False,True,339.7538550577322,50.16862166932148,369.0675405374053,3267136,0.9074234936754771
tirex,m5,ra,0.2,True,0,Emb,12,1.0,1.0906231738222276,1.1209067515523654,1.0919179135486932,1.150480659087222,True,True,339.7538550577322,50.16862166932148,369.0675405374053,3267136,0.9074234936754771
tirex,m5,probe,0.02,False,12,L12,0,0.0,1.0,1.0,1.0,1.0,True,True,1.0,1.0,1.0,,0.0
tirex,m5,probe,0.05,False,12,L12,0,0.0,1.0,1.0,1.0,1.0,True,True,1.0,1.0,1.0,,0.0
tirex,m5,probe,0.1,True,0,Emb,12,1.0,1.0807274160004223,1.1022806881112113,1.077072098140437,1.128604082557013,False,True,442.6715191464626,97.8977426369209,492.8575409220243,1363232,0.9613719000770731
tirex,m5,probe,0.2,True,0,Emb,12,1.0,1.0807274160004223,1.1022806881112113,1.077072098140437,1.128604082557013,True,True,442.6715191464626,97.8977426369209,492.8575409220243,1363232,0.9613719000770731
tirex,monash_electricity_hourly,hard,0.02,False,12,L12,0,0.0,1.0,1.0,1.0,1.0,True,False,1.0,1.0,1.0,,0.0
tirex,monash_electricity_hourly,hard,0.05,False,12,L12,0,0.0,1.0,1.0,1.0,1.0,True,False,1.0,1.0,1.0,,0.0
tirex,monash_electricity_hourly,hard,0.1,False,12,L12,0,0.0,1.0,1.0,1.0,1.0,True,False,1.0,1.0,1.0,,0.0
tirex,monash_electricity_hourly,hard,0.2,False,12,L12,0,0.0,1.0,1.0,1.0,1.0,True,False,1.0,1.0,1.0,,0.0
tirex,monash_electricity_hourly,noa,0.02,False,12,L12,0,0.0,1.0,1.0,1.0,1.0,True,False,1.0,1.0,1.0,,0.0
tirex,monash_electricity_hourly,noa,0.05,False,12,L12,0,0.0,1.0,1.0,1.0,1.0,True,False,1.0,1.0,1.0,,0.0
tirex,monash_electricity_hourly,noa,0.1,True,11,L11,1,0.08333333333333333,1.0721045333601114,1.0870007948587845,1.0700601942185608,1.1059669461804829,True,False,1.0921829826529053,1.0873720184941127,1.0885802049463533,32863296,0.06879630049417418
tirex,monash_electricity_hourly,noa,0.2,True,10,L10,2,0.16666666666666666,1.190376593923285,1.1424609909703491,1.118669650476227,1.1683355082348612,True,False,1.2084424061714134,1.1933197569250569,1.209010968359812,30172736,0.14503513623792896
tirex,monash_electricity_hourly,fl,0.02,False,12,L12,0,0.0,1.0,1.0,1.0,1.0,True,False,1.0,1.0,1.0,,0.0
tirex,monash_electricity_hourly,fl,0.05,False,12,L12,0,0.0,1.0,1.0,1.0,1.0,True,False,1.0,1.0,1.0,,0.0
tirex,monash_electricity_hourly,fl,0.1,False,12,L12,0,0.0,1.0,1.0,1.0,1.0,True,False,1.0,1.0,1.0,,0.0
tirex,monash_electricity_hourly,fl,0.2,True,11,L11,1,0.08333333333333333,1.129602298182931,1.0862821755199905,1.0684138648550037,1.106556691677805,True,False,1.0921829826529053,1.0873720184941127,1.0885802049463533,32863296,0.06879630049417418
tirex,monash_electricity_hourly,ra,0.02,False,12,L12,0,0.0,1.0,1.0,1.0,1.0,True,False,1.0,1.0,1.0,,0.0
tirex,monash_electricity_hourly,ra,0.05,False,12,L12,0,0.0,1.0,1.0,1.0,1.0,True,False,1.0,1.0,1.0,,0.0
tirex,monash_electricity_hourly,ra,0.1,False,12,L12,0,0.0,1.0,1.0,1.0,1.0,True,False,1.0,1.0,1.0,,0.0
tirex,monash_electricity_hourly,ra,0.2,True,11,L11,1,0.08333333333333333,1.1092571026663585,1.1115180139996037,1.0929326499665357,1.1316389456893359,True,False,1.0921829826529053,1.0873720184941127,1.0885802049463533,32863296,0.06879630049417418
tirex,monash_electricity_hourly,probe,0.02,False,12,L12,0,0.0,1.0,1.0,1.0,1.0,True,False,1.0,1.0,1.0,,0.0
tirex,monash_electricity_hourly,probe,0.05,False,12,L12,0,0.0,1.0,1.0,1.0,1.0,True,False,1.0,1.0,1.0,,0.0
tirex,monash_electricity_hourly,probe,0.1,False,12,L12,0,0.0,1.0,1.0,1.0,1.0,True,False,1.0,1.0,1.0,,0.0
tirex,monash_electricity_hourly,probe,0.2,False,12,L12,0,0.0,1.0,1.0,1.0,1.0,True,False,1.0,1.0,1.0,,0.0
tirex,monash_london_smart_meters,hard,0.02,False,12,L12,0,0.0,1.0,1.0,1.0,1.0,True,False,1.0,1.0,1.0,,0.0
tirex,monash_london_smart_meters,hard,0.05,False,12,L12,0,0.0,1.0,1.0,1.0,1.0,True,False,1.0,1.0,1.0,,0.0
tirex,monash_london_smart_meters,hard,0.1,False,12,L12,0,0.0,1.0,1.0,1.0,1.0,True,False,1.0,1.0,1.0,,0.0
tirex,monash_london_smart_meters,hard,0.2,False,12,L12,0,0.0,1.0,1.0,1.0,1.0,True,False,1.0,1.0,1.0,,0.0
tirex,monash_london_smart_meters,noa,0.02,True,11,L11,1,0.08333333333333333,1.0128216436499986,1.03091663559422,1.0137400404267538,1.0623989161432483,False,False,1.0921829826529053,1.0873720184941127,1.0885802049463533,32863296,0.06879630049417418
tirex,monash_london_smart_meters,noa,0.05,True,9,L9,3,0.25,1.038983040741121,1.0692907747580178,1.0427744864470252,1.1123767973522813,False,False,1.3344069533770697,1.322744937689187,1.333818916100592,27482176,0.22127397198168386
tirex,monash_london_smart_meters,noa,0.1,True,2,L2,10,0.8333333333333334,1.0856905555711756,1.1153820437594764,1.0846780688145388,1.1527123949614144,False,False,5.952474008877456,5.426456497854646,5.948647090632599,8648256,0.7549458221879676
tirex,monash_london_smart_meters,noa,0.2,True,1,L1,11,0.9166666666666666,1.1185809633950585,1.1528247218525778,1.1108247941704632,1.2045713855636702,True,False,11.660921104149486,9.829352565156375,11.692816650895029,5957696,0.8311846579317224
tirex,monash_london_smart_meters,fl,0.02,False,12,L12,0,0.0,1.0,1.0,1.0,1.0,True,False,1.0,1.0,1.0,,0.0
tirex,monash_london_smart_meters,fl,0.05,True,9,L9,3,0.25,1.047430020443777,1.0873111029057256,1.059040232698859,1.1305693127022913,False,False,1.3344069533770697,1.322744937689187,1.333818916100592,27482176,0.22127397198168386
tirex,monash_london_smart_meters,fl,0.1,True,2,L2,10,0.8333333333333334,1.0973030389561462,1.1352233031900607,1.0974198677659168,1.1825295380862921,False,False,5.952474008877456,5.426456497854646,5.948647090632599,8648256,0.7549458221879676
tirex,monash_london_smart_meters,fl,0.2,True,1,L1,11,0.9166666666666666,1.1213747360916022,1.1640248567170903,1.1208142620753545,1.2177664050055879,True,False,11.660921104149486,9.829352565156375,11.692816650895029,5957696,0.8311846579317224
tirex,monash_london_smart_meters,ra,0.02,True,11,L11,1,0.08333333333333333,1.0153847768357251,1.0250201051724692,1.015236012178521,1.038313448704024,False,False,1.0921829826529053,1.0873720184941127,1.0885802049463533,32863296,0.06879630049417418
tirex,monash_london_smart_meters,ra,0.05,True,9,L9,3,0.25,1.045438210884401,1.0629767405397434,1.0460942722612252,1.0838143795675987,False,False,1.3344069533770697,1.322744937689187,1.333818916100592,27482176,0.22127397198168386
tirex,monash_london_smart_meters,ra,0.1,True,2,L2,10,0.8333333333333334,1.0835472527013283,1.104998685282644,1.0745505772888813,1.1432960545791067,False,False,5.952474008877456,5.426456497854646,5.948647090632599,8648256,0.7549458221879676
tirex,monash_london_smart_meters,ra,0.2,True,1,L1,11,0.9166666666666666,1.1093329884876177,1.1563635189671448,1.115575390255393,1.2066513150026557,True,False,11.660921104149486,9.829352565156375,11.692816650895029,5957696,0.8311846579317224
tirex,monash_london_smart_meters,probe,0.02,False,12,L12,0,0.0,1.0,1.0,1.0,1.0,True,False,1.0,1.0,1.0,,0.0
tirex,monash_london_smart_meters,probe,0.05,False,12,L12,0,0.0,1.0,1.0,1.0,1.0,True,False,1.0,1.0,1.0,,0.0
tirex,monash_london_smart_meters,probe,0.1,True,8,L8,4,0.3333333333333333,1.0962683243060858,1.1463819145209135,1.1084809332106302,1.1940694141336203,False,False,1.5008080131589845,1.5043793013138547,1.5045412478137417,22887712,0.35146121412703446
tirex,monash_london_smart_meters,probe,0.2,True,1,L1,11,0.9166666666666666,1.1450631119058128,1.2201206824750102,1.1626151082571514,1.2958040977728533,False,False,11.805594942424447,10.858695894912378,11.780538090999361,4053792,0.8851330643333182
tirex,monash_traffic,hard,0.02,False,12,L12,0,0.0,1.0,1.0,1.0,1.0,True,False,1.0,1.0,1.0,,0.0
tirex,monash_traffic,hard,0.05,False,12,L12,0,0.0,1.0,1.0,1.0,1.0,True,False,1.0,1.0,1.0,,0.0
tirex,monash_traffic,hard,0.1,False,12,L12,0,0.0,1.0,1.0,1.0,1.0,True,False,1.0,1.0,1.0,,0.0
tirex,monash_traffic,hard,0.2,False,12,L12,0,0.0,1.0,1.0,1.0,1.0,True,False,1.0,1.0,1.0,,0.0
tirex,monash_traffic,noa,0.02,False,12,L12,0,0.0,1.0,1.0,1.0,1.0,True,False,1.0,1.0,1.0,,0.0
tirex,monash_traffic,noa,0.05,False,12,L12,0,0.0,1.0,1.0,1.0,1.0,True,False,1.0,1.0,1.0,,0.0
tirex,monash_traffic,noa,0.1,True,11,L11,1,0.08333333333333333,1.0848756651752953,1.121723472132197,1.0877480976315996,1.1601186212382442,False,False,1.0921829826529053,1.0873720184941127,1.0885802049463533,32863296,0.06879630049417418
tirex,monash_traffic,noa,0.2,True,10,L10,2,0.16666666666666666,1.1422651840955078,1.1310631789314387,1.1026477932194678,1.163824629559559,True,False,1.2084424061714134,1.1933197569250569,1.209010968359812,30172736,0.14503513623792896
tirex,monash_traffic,fl,0.02,False,12,L12,0,0.0,1.0,1.0,1.0,1.0,True,False,1.0,1.0,1.0,,0.0
tirex,monash_traffic,fl,0.05,False,12,L12,0,0.0,1.0,1.0,1.0,1.0,True,False,1.0,1.0,1.0,,0.0
tirex,monash_traffic,fl,0.1,True,11,L11,1,0.08333333333333333,1.0790240274663954,1.2380127859780448,1.2060649262850032,1.2743143106746666,False,False,1.0921829826529053,1.0873720184941127,1.0885802049463533,32863296,0.06879630049417418
tirex,monash_traffic,fl,0.2,True,8,L8,4,0.3333333333333333,1.1514481730315924,1.3290979172649489,1.2872653206776061,1.3758993026099335,False,False,1.4990520763661965,1.4831772451493994,1.4919401611343168,24791616,0.29751280772543864
tirex,monash_traffic,ra,0.02,False,12,L12,0,0.0,1.0,1.0,1.0,1.0,True,False,1.0,1.0,1.0,,0.0
tirex,monash_traffic,ra,0.05,False,12,L12,0,0.0,1.0,1.0,1.0,1.0,True,False,1.0,1.0,1.0,,0.0
tirex,monash_traffic,ra,0.1,False,12,L12,0,0.0,1.0,1.0,1.0,1.0,True,False,1.0,1.0,1.0,,0.0
tirex,monash_traffic,ra,0.2,True,11,L11,1,0.08333333333333333,1.1062917048891245,1.0869151183652566,1.0725838631963438,1.102159946912821,True,False,1.0921829826529053,1.0873720184941127,1.0885802049463533,32863296,0.06879630049417418
tirex,monash_traffic,probe,0.02,False,12,L12,0,0.0,1.0,1.0,1.0,1.0,True,False,1.0,1.0,1.0,,0.0
tirex,monash_traffic,probe,0.05,False,12,L12,0,0.0,1.0,1.0,1.0,1.0,True,False,1.0,1.0,1.0,,0.0
tirex,monash_traffic,probe,0.1,False,12,L12,0,0.0,1.0,1.0,1.0,1.0,True,False,1.0,1.0,1.0,,0.0
tirex,monash_traffic,probe,0.2,False,12,L12,0,0.0,1.0,1.0,1.0,1.0,True,False,1.0,1.0,1.0,,0.0
tirex,sg_carpark,hard,0.02,False,12,L12,0,0.0,1.0,1.0,1.0,1.0,True,False,1.0,1.0,1.0,,0.0
tirex,sg_carpark,hard,0.05,False,12,L12,0,0.0,1.0,1.0,1.0,1.0,True,False,1.0,1.0,1.0,,0.0
tirex,sg_carpark,hard,0.1,False,12,L12,0,0.0,1.0,1.0,1.0,1.0,True,False,1.0,1.0,1.0,,0.0
tirex,sg_carpark,hard,0.2,False,12,L12,0,0.0,1.0,1.0,1.0,1.0,True,False,1.0,1.0,1.0,,0.0
tirex,sg_carpark,noa,0.02,False,12,L12,0,0.0,1.0,1.0,1.0,1.0,True,False,1.0,1.0,1.0,,0.0
tirex,sg_carpark,noa,0.05,True,11,L11,1,0.08333333333333333,1.0234318369026132,1.001796437497679,0.9915843406527345,1.012108707059256,True,False,1.0921829826529053,1.0873720184941127,1.0885802049463533,32863296,0.06879630049417418
tirex,sg_carpark,noa,0.1,True,9,L9,3,0.25,1.0957681985777128,1.0682864943255215,1.0383613522967583,1.0977276775889908,True,False,1.3344069533770697,1.322744937689187,1.333818916100592,27482176,0.22127397198168386
tirex,sg_carpark,noa,0.2,True,8,L8,4,0.3333333333333333,1.1440740081980643,1.0946692568449075,1.0580664249842073,1.1328823596843232,True,False,1.4990520763661965,1.4831772451493994,1.4919401611343168,24791616,0.29751280772543864
tirex,sg_carpark,fl,0.02,True,11,L11,1,0.08333333333333333,1.0060187664662725,1.0011850114638225,0.9752234282427575,1.026890908840945,True,False,1.0921829826529053,1.0873720184941127,1.0885802049463533,32863296,0.06879630049417418
tirex,sg_carpark,fl,0.05,True,11,L11,1,0.08333333333333333,1.0060187664662725,1.0011850114638225,0.9752234282427575,1.026890908840945,True,False,1.0921829826529053,1.0873720184941127,1.0885802049463533,32863296,0.06879630049417418
tirex,sg_carpark,fl,0.1,True,10,L10,2,0.16666666666666666,1.0522898030663475,1.023048811955177,0.9992276204547714,1.0478306218134354,True,False,1.2084424061714134,1.1933197569250569,1.209010968359812,30172736,0.14503513623792896
tirex,sg_carpark,fl,0.2,True,9,L9,3,0.25,1.1569045013795318,1.0543021754007698,1.0199755246254143,1.0912000682980032,True,False,1.3344069533770697,1.322744937689187,1.333818916100592,27482176,0.22127397198168386
tirex,sg_carpark,ra,0.02,False,12,L12,0,0.0,1.0,1.0,1.0,1.0,True,False,1.0,1.0,1.0,,0.0
tirex,sg_carpark,ra,0.05,False,12,L12,0,0.0,1.0,1.0,1.0,1.0,True,False,1.0,1.0,1.0,,0.0
tirex,sg_carpark,ra,0.1,True,11,L11,1,0.08333333333333333,1.0534491696756643,1.0225997173443002,1.0110996141758184,1.0349990730959662,True,False,1.0921829826529053,1.0873720184941127,1.0885802049463533,32863296,0.06879630049417418
tirex,sg_carpark,ra,0.2,True,9,L9,3,0.25,1.1572006149294227,1.0969033990017554,1.0681185357334797,1.128038531606526,True,False,1.3344069533770697,1.322744937689187,1.333818916100592,27482176,0.22127397198168386
tirex,sg_carpark,probe,0.02,False,12,L12,0,0.0,1.0,1.0,1.0,1.0,True,False,1.0,1.0,1.0,,0.0
tirex,sg_carpark,probe,0.05,False,12,L12,0,0.0,1.0,1.0,1.0,1.0,True,False,1.0,1.0,1.0,,0.0
tirex,sg_carpark,probe,0.1,False,12,L12,0,0.0,1.0,1.0,1.0,1.0,True,False,1.0,1.0,1.0,,0.0
tirex,sg_carpark,probe,0.2,True,11,L11,1,0.08333333333333333,1.1583502103788532,1.088515519447133,1.0543235296831226,1.1253367368975558,True,False,1.1003140106487086,1.0991176626287305,1.1001485264611388,30959392,0.12274470689577
tirex,uber_tlc_hourly,hard,0.02,False,12,L12,0,0.0,1.0,1.0,1.0,1.0,True,False,1.0,1.0,1.0,,0.0
tirex,uber_tlc_hourly,hard,0.05,False,12,L12,0,0.0,1.0,1.0,1.0,1.0,True,False,1.0,1.0,1.0,,0.0
tirex,uber_tlc_hourly,hard,0.1,False,12,L12,0,0.0,1.0,1.0,1.0,1.0,True,False,1.0,1.0,1.0,,0.0
tirex,uber_tlc_hourly,hard,0.2,False,12,L12,0,0.0,1.0,1.0,1.0,1.0,True,False,1.0,1.0,1.0,,0.0
tirex,uber_tlc_hourly,noa,0.02,True,11,L11,1,0.08333333333333333,1.015815857175167,1.0164032868327166,1.0114814564442005,1.0220306298752082,True,False,1.0921829826529053,1.0873720184941127,1.0885802049463533,32863296,0.06879630049417418
tirex,uber_tlc_hourly,noa,0.05,True,10,L10,2,0.16666666666666666,1.0274087199113822,1.029675648074312,1.0221640289927347,1.0377434325866262,True,False,1.2084424061714134,1.1933197569250569,1.209010968359812,30172736,0.14503513623792896
tirex,uber_tlc_hourly,noa,0.1,True,5,L5,7,0.5833333333333334,1.0986472952150366,1.1444194790704911,1.1264382702785833,1.1638819637568547,False,False,2.3885548671630037,2.3291230563257113,2.38733504400129,16719936,0.5262293149567031
tirex,uber_tlc_hourly,noa,0.2,True,1,L1,11,0.9166666666666666,1.1957610212584218,1.3316972822889932,1.2955801153078748,1.3723347923792053,False,False,11.660921104149486,9.829352565156375,11.692816650895029,5957696,0.8311846579317224
tirex,uber_tlc_hourly,fl,0.02,False,12,L12,0,0.0,1.0,1.0,1.0,1.0,True,False,1.0,1.0,1.0,,0.0
tirex,uber_tlc_hourly,fl,0.05,True,10,L10,2,0.16666666666666666,1.0484681026090654,1.0460121552007744,1.0360988003736848,1.0562934789453642,True,False,1.2084424061714134,1.1933197569250569,1.209010968359812,30172736,0.14503513623792896
tirex,uber_tlc_hourly,fl,0.1,True,9,L9,3,0.25,1.0804879368012232,1.0639109248505463,1.052677757969486,1.0757560930600882,True,False,1.3344069533770697,1.322744937689187,1.333818916100592,27482176,0.22127397198168386
tirex,uber_tlc_hourly,fl,0.2,True,2,L2,10,0.8333333333333334,1.1969326452384168,1.3344689401306282,1.2973625990277686,1.3741476400523178,False,False,5.952474008877456,5.426456497854646,5.948647090632599,8648256,0.7549458221879676
tirex,uber_tlc_hourly,ra,0.02,True,11,L11,1,0.08333333333333333,1.0137138535571235,1.0161642870550707,1.0125836032764668,1.019989149897413,True,False,1.0921829826529053,1.0873720184941127,1.0885802049463533,32863296,0.06879630049417418
tirex,uber_tlc_hourly,ra,0.05,True,10,L10,2,0.16666666666666666,1.0338691686381727,1.0274010189654796,1.0202896505724328,1.0345913385917336,True,False,1.2084424061714134,1.1933197569250569,1.209010968359812,30172736,0.14503513623792896
tirex,uber_tlc_hourly,ra,0.1,True,8,L8,4,0.3333333333333333,1.0955846771438706,1.1190027376245366,1.1013720823007451,1.137667905112674,False,False,1.4990520763661965,1.4831772451493994,1.4919401611343168,24791616,0.29751280772543864
tirex,uber_tlc_hourly,ra,0.2,True,3,L3,9,0.75,1.1882569789965256,1.299937918718674,1.2657981731147596,1.336617197572686,False,False,3.934260090355502,3.7606406571569306,3.933475583362612,11338816,0.6787069864442128
tirex,uber_tlc_hourly,probe,0.02,False,12,L12,0,0.0,1.0,1.0,1.0,1.0,True,False,1.0,1.0,1.0,,0.0
tirex,uber_tlc_hourly,probe,0.05,False,12,L12,0,0.0,1.0,1.0,1.0,1.0,True,False,1.0,1.0,1.0,,0.0
tirex,uber_tlc_hourly,probe,0.1,False,12,L12,0,0.0,1.0,1.0,1.0,1.0,True,False,1.0,1.0,1.0,,0.0
tirex,uber_tlc_hourly,probe,0.2,True,9,L9,3,0.25,1.1873370614037437,1.1697028793040947,1.1362966683655749,1.2099196533361098,True,False,1.3217158231676784,1.337671179936788,1.3196822463193023,25578272,0.2752223783832797
tirex,wiki_daily_100k,hard,0.02,False,12,L12,0,0.0,1.0,1.0,1.0,1.0,True,False,1.0,1.0,1.0,,0.0
tirex,wiki_daily_100k,hard,0.05,False,12,L12,0,0.0,1.0,1.0,1.0,1.0,True,False,1.0,1.0,1.0,,0.0
tirex,wiki_daily_100k,hard,0.1,False,12,L12,0,0.0,1.0,1.0,1.0,1.0,True,False,1.0,1.0,1.0,,0.0
tirex,wiki_daily_100k,hard,0.2,False,12,L12,0,0.0,1.0,1.0,1.0,1.0,True,False,1.0,1.0,1.0,,0.0
tirex,wiki_daily_100k,noa,0.02,True,6,L6,6,0.5,1.019423645176908,1.0346450712138775,1.0142622798243655,1.0568356632323217,False,False,1.9885259272839355,1.9578255678040348,1.9895953804304374,19410496,0.4499904792129483
tirex,wiki_daily_100k,noa,0.05,True,1,L1,11,0.9166666666666666,1.0397568414551313,1.0869377542896415,1.0585512754705206,1.1202713657964771,False,False,11.660921104149486,9.829352565156375,11.692816650895029,5957696,0.8311846579317224
tirex,wiki_daily_100k,noa,0.1,True,1,L1,11,0.9166666666666666,1.0397568414551313,1.0869377542896415,1.0585512754705206,1.1202713657964771,True,False,11.660921104149486,9.829352565156375,11.692816650895029,5957696,0.8311846579317224
tirex,wiki_daily_100k,noa,0.2,True,0,Emb,12,1.0,1.1003632544808917,1.1061165540970985,1.0640869073639572,1.1470007381873766,True,False,339.7538550577322,50.16862166932148,369.0675405374053,3267136,0.9074234936754771
tirex,wiki_daily_100k,fl,0.02,True,10,L10,2,0.16666666666666666,1.016595047759599,1.0295067248556915,1.0172627862000152,1.043981046819767,False,False,1.2084424061714134,1.1933197569250569,1.209010968359812,30172736,0.14503513623792896
tirex,wiki_daily_100k,fl,0.05,True,5,L5,7,0.5833333333333334,1.0402893341931754,1.0685340127170682,1.0326732425051872,1.1027444887290083,False,False,2.3885548671630037,2.3291230563257113,2.38733504400129,16719936,0.5262293149567031
tirex,wiki_daily_100k,fl,0.1,True,1,L1,11,0.9166666666666666,1.0582902011927149,1.098633125990073,1.057490140830727,1.1422429605110742,True,False,11.660921104149486,9.829352565156375,11.692816650895029,5957696,0.8311846579317224
tirex,wiki_daily_100k,fl,0.2,True,0,Emb,12,1.0,1.1066983533624284,1.1185718295899245,1.076327511494026,1.161027971310806,True,False,339.7538550577322,50.16862166932148,369.0675405374053,3267136,0.9074234936754771
tirex,wiki_daily_100k,ra,0.02,True,5,L5,7,0.5833333333333334,1.0161628741471391,1.044157649567082,1.01867254273406,1.0708562003126172,False,False,2.3885548671630037,2.3291230563257113,2.38733504400129,16719936,0.5262293149567031
tirex,wiki_daily_100k,ra,0.05,True,1,L1,11,0.9166666666666666,1.0359729858908897,1.0773974886445117,1.048164535245488,1.1113707203404963,False,False,11.660921104149486,9.829352565156375,11.692816650895029,5957696,0.8311846579317224
tirex,wiki_daily_100k,ra,0.1,True,1,L1,11,0.9166666666666666,1.0359729858908897,1.0773974886445117,1.048164535245488,1.1113707203404963,True,False,11.660921104149486,9.829352565156375,11.692816650895029,5957696,0.8311846579317224
tirex,wiki_daily_100k,ra,0.2,True,0,Emb,12,1.0,1.1095072051242834,1.1295273277504914,1.0875791950948706,1.1716883152151008,True,False,339.7538550577322,50.16862166932148,369.0675405374053,3267136,0.9074234936754771
tirex,wiki_daily_100k,probe,0.02,False,12,L12,0,0.0,1.0,1.0,1.0,1.0,True,False,1.0,1.0,1.0,,0.0
tirex,wiki_daily_100k,probe,0.05,True,11,L11,1,0.08333333333333333,1.0470911039049116,1.0443260683087205,1.0190672499362043,1.0692567336559933,True,False,1.1003140106487086,1.0991176626287305,1.1001485264611388,30959392,0.12274470689577
tirex,wiki_daily_100k,probe,0.1,True,1,L1,11,0.9166666666666666,1.0755415683246357,1.1236102538199104,1.0805591345967398,1.1696734875322417,False,False,11.805594942424447,10.858695894912378,11.780538090999361,4053792,0.8851330643333182
tirex,wiki_daily_100k,probe,0.2,True,0,Emb,12,1.0,1.1095693839380312,1.147022367114143,1.097006952961171,1.2002632367647725,True,False,442.6715191464626,97.8977426369209,492.8575409220243,1363232,0.9613719000770731
tirex,wind_farms_hourly,hard,0.02,False,12,L12,0,0.0,1.0,1.0,1.0,1.0,True,False,1.0,1.0,1.0,,0.0
tirex,wind_farms_hourly,hard,0.05,False,12,L12,0,0.0,1.0,1.0,1.0,1.0,True,False,1.0,1.0,1.0,,0.0
tirex,wind_farms_hourly,hard,0.1,False,12,L12,0,0.0,1.0,1.0,1.0,1.0,True,False,1.0,1.0,1.0,,0.0
tirex,wind_farms_hourly,hard,0.2,False,12,L12,0,0.0,1.0,1.0,1.0,1.0,True,False,1.0,1.0,1.0,,0.0
tirex,wind_farms_hourly,noa,0.02,False,12,L12,0,0.0,1.0,1.0,1.0,1.0,True,False,1.0,1.0,1.0,,0.0
tirex,wind_farms_hourly,noa,0.05,False,12,L12,0,0.0,1.0,1.0,1.0,1.0,True,False,1.0,1.0,1.0,,0.0
tirex,wind_farms_hourly,noa,0.1,True,11,L11,1,0.08333333333333333,1.0849665101453345,1.0189204181483178,1.006292579018514,1.1224871525606093,True,False,1.0921829826529053,1.0873720184941127,1.0885802049463533,32863296,0.06879630049417418
tirex,wind_farms_hourly,noa,0.2,True,10,L10,2,0.16666666666666666,1.1623892236605216,1.0372651276061684,1.0130925136735909,1.2293767410112193,True,False,1.2084424061714134,1.1933197569250569,1.209010968359812,30172736,0.14503513623792896
tirex,wind_farms_hourly,fl,0.02,False,12,L12,0,0.0,1.0,1.0,1.0,1.0,True,False,1.0,1.0,1.0,,0.0
tirex,wind_farms_hourly,fl,0.05,False,12,L12,0,0.0,1.0,1.0,1.0,1.0,True,False,1.0,1.0,1.0,,0.0
tirex,wind_farms_hourly,fl,0.1,True,11,L11,1,0.08333333333333333,1.0818126420855025,1.02149586780588,1.0072888616937858,1.1354881145487323,True,False,1.0921829826529053,1.0873720184941127,1.0885802049463533,32863296,0.06879630049417418
tirex,wind_farms_hourly,fl,0.2,True,1,L1,11,0.9166666666666666,1.0821069653448612,1.0466416188896468,1.015461206537515,1.3110319344023524,True,False,11.660921104149486,9.829352565156375,11.692816650895029,5957696,0.8311846579317224
tirex,wind_farms_hourly,ra,0.02,False,12,L12,0,0.0,1.0,1.0,1.0,1.0,True,False,1.0,1.0,1.0,,0.0
tirex,wind_farms_hourly,ra,0.05,False,12,L12,0,0.0,1.0,1.0,1.0,1.0,True,False,1.0,1.0,1.0,,0.0
tirex,wind_farms_hourly,ra,0.1,True,11,L11,1,0.08333333333333333,1.097356623486924,1.0184477965979468,1.006224554575044,1.1157201327032824,True,False,1.0921829826529053,1.0873720184941127,1.0885802049463533,32863296,0.06879630049417418
tirex,wind_farms_hourly,ra,0.2,True,1,L1,11,0.9166666666666666,1.1726197211578302,1.067536847491926,1.0238066841816873,1.418789734374932,True,False,11.660921104149486,9.829352565156375,11.692816650895029,5957696,0.8311846579317224
tirex,wind_farms_hourly,probe,0.02,False,12,L12,0,0.0,1.0,1.0,1.0,1.0,True,False,1.0,1.0,1.0,,0.0
tirex,wind_farms_hourly,probe,0.05,False,12,L12,0,0.0,1.0,1.0,1.0,1.0,True,False,1.0,1.0,1.0,,0.0
tirex,wind_farms_hourly,probe,0.1,False,12,L12,0,0.0,1.0,1.0,1.0,1.0,True,False,1.0,1.0,1.0,,0.0
tirex,wind_farms_hourly,probe,0.2,False,12,L12,0,0.0,1.0,1.0,1.0,1.0,True,False,1.0,1.0,1.0,,0.0
