model,dataset,display_name,point_index,layer,kind,point_type,include_in_main_depth_axis,block_index,relative_depth,relative_position,is_tunnel_entrance,is_reference_point,is_native_readout,is_first_crossing_0.01,is_first_crossing_0.02,is_first_crossing_0.05,is_first_crossing_0.1,is_tunnel_entrance_0.01,is_tunnel_entrance_0.02,is_tunnel_entrance_0.05,is_tunnel_entrance_0.1,n_probe_params,test_loss,test_loss_ci_hi,test_loss_ci_lo,test_loss_delta_ci_hi,test_loss_delta_ci_lo,test_loss_delta_vs_last,test_loss_point,test_mae,test_mae_ci_hi,test_mae_ci_lo,test_mae_delta_ci_hi,test_mae_delta_ci_lo,test_mae_delta_vs_last,test_mae_point,test_mase,test_mase_ci_hi,test_mase_ci_lo,test_mase_delta_ci_hi,test_mase_delta_ci_lo,test_mase_delta_vs_last,test_mase_point,test_ratio_to_final,test_suffix_excursion,test_wql,test_wql_ci_hi,test_wql_ci_lo,test_wql_delta_ci_hi,test_wql_delta_ci_lo,test_wql_delta_vs_last,test_wql_point,train_loss,val_loss,val_ratio_to_final,val_suffix_excursion,wd_at_grid_max,wd_at_grid_min,weight_decay
chronos2,m4_hourly,M4,0,Emb,embedding,block_depth,True,0,0.0,0.0,False,False,False,False,False,False,False,False,False,False,False,110736,0.2863358899609733,0.28989416506880794,0.2828990779063515,-0.18131682438178712,-0.19263498534213835,-0.18705102478559235,0.2863358899609733,910.4308315419806,1284.0406354439913,582.4739016245859,-358.95396017126774,-789.749251411272,-562.8577177594004,910.4308315419806,10.83645066590307,12.807303220836044,9.034021022164067,-6.705826827665157,-9.752020843261375,-8.157686073575679,10.83645066590307,2.883983268297515,1.883983268297515,1.246441709827969,1.3365495575421407,1.192151456491553,-0.6916915506969545,-0.811575302095834,-0.7422921021840769,1.246441709827969,0.2793122713415318,0.29523494344858725,3.207837462450762,2.207837462450762,True,False,90.0
chronos2,m4_hourly,M4,1,L1,block,block_depth,True,1,0.08333333333333333,0.08333333333333333,False,False,False,False,False,False,False,False,False,False,False,110736,0.19756452773363536,0.20533409896839894,0.19033174846420875,-0.09279334095576848,-0.10391184460755636,-0.0982796625582544,0.19756452773363536,636.248836540324,895.8908824871352,412.8639854549468,-194.06801471207675,-394.2812678994822,-288.6757227577437,636.248836540324,5.8123028332341296,6.858284944281692,4.900800731870473,-2.5520755961491073,-3.8274769479553123,-3.1335382409067374,5.8123028332341296,1.9898755705076405,0.9898755705076405,0.941907822246326,1.0375822544123054,0.8791018962356352,-0.40799761115712574,-0.4863436473782297,-0.4377582146024339,0.941907822246326,0.16281721079281106,0.2226796775828791,2.419497514531879,1.4194975145318791,False,False,0.1
chronos2,m4_hourly,M4,2,L2,block,block_depth,True,2,0.16666666666666666,0.16666666666666666,False,False,False,False,False,False,False,False,False,False,False,110736,0.12256940134324645,0.12994754604945485,0.11544489313720349,-0.018614390105691568,-0.02807805110017932,-0.023284536167865494,0.12256940134324645,401.4252715011128,577.7127209273144,251.19400986450708,-30.343364631029775,-80.521729075143,-53.85215771853251,401.4252715011128,2.8794923164250346,3.2490420429996703,2.5485138622703034,-0.11794908149295372,-0.28118487111652185,-0.2007277240976424,2.8794923164250346,1.234522513846745,0.23452251384674505,0.6122797639798939,0.6836740675533898,0.5528092682064126,-0.07289840228747398,-0.1396240175776709,-0.10813015633600187,0.6122797639798939,0.09606005619393616,0.12371622075731972,1.3442227502696307,0.3442227502696307,False,False,0.01
chronos2,m4_hourly,M4,3,L3,block,block_depth,True,3,0.25,0.25,False,False,False,False,False,False,False,False,False,False,False,110736,0.10989426478800428,0.11719414154636383,0.1029799047079051,-0.007217658372979811,-0.01402566883080276,-0.010609399612623319,0.10989426478800428,442.33210212046185,651.3096104169484,264.9355464101848,-42.30440999043646,-158.54198479408586,-94.75898833788159,442.33210212046185,2.7862569535161645,3.181979284646757,2.428321645730157,-0.04778249355134577,-0.17009451473414566,-0.10749236118877237,2.7862569535161645,1.1068581761568839,0.10685817615688387,0.6828437290366843,0.7513788507201314,0.6058032520298186,-0.11220107185142296,-0.2281576998940604,-0.17869412139279228,0.6828437290366843,0.08086808181636389,0.10196871101458109,1.1079279687207844,0.10792796872078436,False,False,1.0
chronos2,m4_hourly,M4,4,L4,block,block_depth,True,4,0.3333333333333333,0.3333333333333333,False,False,False,False,False,False,True,False,False,False,True,110736,0.10868429062703183,0.11569633567243644,0.10181794804129891,-0.006008497008499303,-0.012836363949663665,-0.009399425451650872,0.10868429062703183,445.0170177310045,655.1232717257377,264.18613255467386,-42.47573137959195,-164.03686166656829,-97.44390394842424,445.0170177310045,2.6047650834358396,2.944568065925012,2.2975995867645502,0.1600393711539929,-0.007452099086335817,0.0739995088915526,2.6047650834358396,1.0946712818217292,0.09467128182172924,0.6573279712557165,0.7272851638847406,0.5794630888171766,-0.08768630322344072,-0.20092024477490206,-0.15317836361182446,0.6573279712557165,0.08147520155858361,0.10092951473957709,1.0966367147016691,0.09663671470166912,False,False,10.0
chronos2,m4_hourly,M4,5,L5,block,block_depth,True,5,0.4166666666666667,0.4166666666666667,False,False,False,False,False,False,False,False,False,False,False,110736,0.105726346800118,0.11244914886214635,0.09935316402635729,-0.004085391316605556,-0.008809021583808061,-0.006441481624737039,0.105726346800118,405.12003750727,596.7941203153902,240.91771633788693,-18.43958851542576,-104.21773085931285,-57.54692372468975,405.12003750727,2.3527819623550474,2.6590578847899566,2.0706098636648207,0.43356550426723267,0.22392581576169118,0.32598262997234473,2.3527819623550474,1.0648787870473364,0.07772784345350336,0.6069937891976246,0.6725921631133793,0.5414112464049042,-0.05278357736231802,-0.14243077742928587,-0.10284418155373254,0.6069937891976246,0.08160871786561125,0.09820355335605964,1.0670181304477218,0.07261352383090713,False,False,30.0
chronos2,m4_hourly,M4,6,L6,block,block_depth,True,6,0.5,0.5,False,False,False,False,False,False,False,False,False,False,False,110736,0.10700206363303516,0.11359022420951882,0.10079059668759752,-0.0056137552545299394,-0.009907632123124397,-0.007717198457654201,0.10700206363303516,378.0489352033383,547.7714496806059,230.33082101727052,-6.79655952165263,-57.934059864835184,-30.475821420758052,378.0489352033383,2.329572038177738,2.6375140926109832,2.0482712064722683,0.4615735896981508,0.24238999890200014,0.3491925541496541,2.329572038177738,1.0777278434535034,0.07772784345350336,0.5918402014806287,0.6535524785708594,0.5369143100079713,-0.053865452738614074,-0.11323767035075918,-0.08769059383673661,0.5918402014806287,0.08242904807746923,0.09845453398373291,1.069745128310493,0.07261352383090713,False,False,30.0
chronos2,m4_hourly,M4,7,L7,block,block_depth,True,7,0.5833333333333334,0.5833333333333334,False,False,False,False,False,False,False,False,False,False,False,110736,0.10671595961765479,0.11352086647250156,0.1002002676405041,-0.005184056297413832,-0.009821176480587206,-0.007431094442273828,0.10671595961765479,400.10660567932456,584.8425476638456,241.60714575548513,-19.202632108973447,-92.27897193804935,-52.533491896744295,400.10660567932456,2.4845040444304707,2.849875403842518,2.1558164473852846,0.2736714682936133,0.11601794672433394,0.1942605478969215,2.4845040444304707,1.0748461956326096,0.07484619563260964,0.6116469129037776,0.6783833050105434,0.54608269059954,-0.06349450250200489,-0.14085666318427884,-0.10749730525988554,0.6116469129037776,0.08130155429457832,0.09871852821634926,1.0726135238309071,0.07261352383090713,False,False,30.0
chronos2,m4_hourly,M4,8,L8,block,block_depth,True,8,0.6666666666666666,0.6666666666666666,True,False,False,False,False,True,False,False,False,True,False,110736,0.10632393773616726,0.11313481265785642,0.09978447727048556,-0.004968292099772071,-0.009326305450117998,-0.0070390725607863,0.10632393773616726,374.34713995464426,544.041328654668,227.68077548415238,-5.772972942839883,-50.802209278555175,-26.774026172063998,374.34713995464426,2.4801937887472993,2.824912191485002,2.1686091813112216,0.2708623424179669,0.12662999390432036,0.19857080358009283,2.4801937887472993,1.0708977400367337,0.07089774003673366,0.5805413593858112,0.651076796876787,0.5180267788562323,-0.04396639941381794,-0.10065089030266554,-0.07639175174191914,0.5805413593858112,0.08039368789541498,0.09643336345676247,1.0477843588342126,0.047784358834212615,False,False,30.0
chronos2,m4_hourly,M4,9,L9,block,block_depth,True,9,0.75,0.75,False,False,False,True,True,False,False,False,False,False,False,110736,0.10414633466257849,0.11103970114610918,0.09755790148051242,-0.0028683726320341833,-0.007186653112765145,-0.004861469487197526,0.10414633466257849,364.936395615167,528.8651005420631,223.92874198690947,-3.584561927457136,-33.110311601169265,-17.363281832586722,364.936395615167,2.4856671139919966,2.8152737369589818,2.1840769191802765,0.29436724965766237,0.10583439707128192,0.1930974783353956,2.4856671139919966,1.0489648596350514,0.051053099701370064,0.5694469087211038,0.643275907347669,0.5076096736951277,-0.042961241719968096,-0.0819254301328818,-0.06529730107721177,0.5694469087211038,0.07915120897346965,0.09278002015905071,1.0080894251766253,0.033538244187043986,False,False,30.0
chronos2,m4_hourly,M4,10,L10,block,block_depth,True,10,0.8333333333333334,0.8333333333333334,False,False,False,False,False,False,False,False,False,False,False,110736,0.10435366529601676,0.11093560863421333,0.09803836430771319,-0.003375372805326956,-0.007102338117298503,-0.005068800120635805,0.10435366529601676,370.05345170041613,534.5297056763438,228.97121071823926,-8.451393107877594,-38.91868275372324,-22.480337917835868,370.05345170041613,2.518354500688881,2.8736793840671275,2.1969069615568966,0.2156293172075139,0.10571138603260741,0.16041009163851117,2.518354500688881,1.05105309970137,0.051053099701370064,0.5423970019382691,0.613139518624508,0.48687007367188195,-0.02596739119605468,-0.05039743379664877,-0.03824739429437707,0.5423970019382691,0.0822078965716545,0.09512221508922468,1.033538244187044,0.033538244187043986,False,False,30.0
chronos2,m4_hourly,M4,11,L11,block,block_depth,True,11,0.9166666666666666,0.9166666666666666,False,False,False,False,False,False,False,False,True,False,False,110736,0.10264187994349094,0.10892966164930062,0.0965286060303933,-0.002140302760597643,-0.004638305463195409,-0.0033570147681099838,0.10264187994349094,349.0076546259572,502.7631688147961,215.83205656291435,6.599517144370846,-9.903709268271996,-1.434540843376908,349.0076546259572,2.588325330092804,2.9593284618025613,2.248102776720897,0.12916380736379307,0.0520659793329684,0.0904392622345882,2.588325330092804,1.0338119487011441,0.03381194870114412,0.5299076015465324,0.601565660932476,0.47492572129058813,-0.017330261206985425,-0.03336500855418747,-0.02575799390264033,0.5299076015465324,0.08125196565396903,0.0930862226416819,1.0114164290312717,0.011416429031271713,False,False,45.0
chronos2,m4_hourly,M4,12,L12,block,block_depth,True,12,1.0,1.0,False,True,False,False,False,False,False,True,False,False,False,110736,0.09928486517538096,0.10567409789175478,0.09328562953537828,0.0,0.0,0.0,0.09928486517538096,347.57311378258026,503.1962851162021,212.4076690252555,0.0,0.0,0.0,347.57311378258026,2.678764592327392,3.068879066800017,2.3180541262168517,0.0,0.0,0.0,2.678764592327392,1.0,0.0,0.504149607643892,0.5791566500891507,0.4482508495698188,0.0,0.0,0.0,0.504149607643892,0.07953101691323596,0.09203550582111791,1.0,0.0,False,False,30.0
chronos2,m4_hourly,M4,13,L12+LN,final_norm,head_input_diagnostic,False,12,,,False,False,True,False,False,False,False,False,False,False,False,110736,0.09903551601157844,0.10549460704196671,0.09295800698899756,0.0010250479754287925,-0.0005624466639666134,0.00024934916380252303,0.09903551601157844,325.4890738753349,466.4286536089032,203.71163857550403,42.17945447383392,6.490043180625824,22.08403990724537,325.4890738753349,2.5055465208022913,2.8713770527478832,2.172980968921335,0.23342867484484156,0.12217430633147859,0.17321807152510083,2.5055465208022913,,,0.4947051405203075,0.5699782807155053,0.44151274315897737,0.02231839174955463,-0.004996614110255214,0.009444467123584543,0.4947051405203075,0.07816247144444088,0.09057644714835945,,,False,False,45.0
chronos2,monash_electricity_hourly,Electricity,0,Emb,embedding,block_depth,True,0,0.0,0.0,False,False,False,False,False,False,False,False,False,False,False,110736,0.2651963917012433,0.26967654730271523,0.26070166933172534,-0.141255361061074,-0.1524318686626027,-0.14698464109185544,0.2651963917012433,672.4151693261931,1108.3242907164781,387.34973986296774,-236.25441124572728,-724.8304794738531,-427.42680776572416,672.4151693261931,2.4958978715017017,2.61427537280426,2.377494061615695,-1.3858930765524236,-1.5724283846365266,-1.4784334558341838,2.4958978715017017,2.243401272159001,1.243401272159001,1.8512416767545201,2.074639226209715,1.6052254917318385,-0.8858365264369242,-1.2630510207260566,-1.0795559245968072,1.8512416767545201,0.26303879966908583,0.2555157448385508,3.0432553342842765,2.0432553342842765,False,False,0.0001
chronos2,monash_electricity_hourly,Electricity,1,L1,block,block_depth,True,1,0.08333333333333333,0.08333333333333333,False,False,False,False,False,False,False,False,False,False,False,110736,0.20781323717523167,0.21263575176104108,0.20334057691471497,-0.08483674823953449,-0.09450229779312402,-0.0896014865658438,0.20781323717523167,512.7998510067416,837.7092994741464,299.44221239656554,-147.40541895219985,-458.06697610607074,-267.8114894462727,512.7998510067416,1.936033422559101,2.0232410058825026,1.8519737350234045,-0.8570923308362672,-0.9810811412565484,-0.918569006891583,1.936033422559101,1.7579744492738103,0.7579744492738103,1.42238411222014,1.5821176044656613,1.2556224139108063,-0.512892435992844,-0.7728716540068776,-0.6506983600624271,1.42238411222014,0.1899912055565774,0.20282039205536587,2.4156407285747648,1.4156407285747648,False,False,0.001
chronos2,monash_electricity_hourly,Electricity,2,L2,block,block_depth,True,2,0.16666666666666666,0.16666666666666666,False,False,False,False,False,False,False,False,False,False,False,110736,0.14643926400947208,0.1525613594906874,0.14095789080997573,-0.024419557070359598,-0.032375481381713776,-0.028227513400084198,0.14643926400947208,287.62536065291937,422.67232355514193,186.356231450072,-21.260353319776247,-65.17375352298568,-42.636999092450424,287.62536065291937,1.210130966332319,1.267297963425504,1.1589812224304719,-0.16199436560490724,-0.22650812340658358,-0.1926665506648011,1.210130966332319,1.2387877114971215,0.23878771149712152,0.9280803365589066,1.0191196397932094,0.866782977293024,-0.09486311244579013,-0.23811669890379908,-0.1563945844011938,0.9280803365589066,0.10986184421258643,0.1326814982329161,1.5802692609540951,0.5802692609540951,False,False,0.1
chronos2,monash_electricity_hourly,Electricity,3,L3,block,block_depth,True,3,0.25,0.25,False,False,False,False,False,False,False,False,False,False,False,110736,0.1198541922708049,0.12672713408459915,0.11379962610151931,0.0017958836079013441,-0.005282994028792244,-0.0016424416614170267,0.1198541922708049,241.39168981711362,369.30359110831546,149.67750536394493,22.22055432158347,-11.911503922015656,3.59667174335533,241.39168981711362,1.0046301988604907,1.0617063260885795,0.9571312459758938,0.036199845140503506,-0.013038256111992325,0.012834216807027232,1.0046301988604907,1.0138940642782985,0.04957841423620035,0.7413414868499376,0.8088533512627963,0.6894283582584638,0.08740645407831128,-0.03355862625749914,0.03034426530777523,0.7413414868499376,0.09450373925546578,0.09858209757802595,1.1741370165225007,0.1741370165225007,False,False,0.3
chronos2,monash_electricity_hourly,Electricity,4,L4,block,block_depth,True,4,0.3333333333333333,0.3333333333333333,False,False,False,False,False,False,False,False,False,False,False,110736,0.12161096885004116,0.128048468764004,0.11576700876929037,-0.0005274157071813178,-0.006428009953051237,-0.0033992182406532845,0.12161096885004116,240.68994356858192,370.98337357759533,148.86293029960916,17.510981979119492,-6.001427179459495,4.298417991887021,240.68994356858192,1.0152683287299071,1.0720679638723518,0.965192765641726,0.0204722936485826,-0.017511696690414406,0.002196086937610753,1.0152683287299071,1.0287553328931356,0.04957841423620035,0.7403867185298529,0.8228489570561467,0.6774277165545909,0.09414290477591761,-0.031848440807243514,0.03129903362785991,0.7403867185298529,0.09651697319872153,0.0928583100352806,1.1059652998137086,0.10596529981370861,False,False,10.0
chronos2,monash_electricity_hourly,Electricity,5,L5,block,block_depth,True,5,0.4166666666666667,0.4166666666666667,False,False,False,False,False,False,True,False,False,False,True,110736,0.12356728609679764,0.13020205888541714,0.11761100618737459,-0.002792551099742183,-0.008095158721171029,-0.00535553548740976,0.12356728609679764,246.4551189642151,370.31475300619275,155.73250988495846,20.973737819832767,-16.31441493669202,-1.4667574037461577,246.4551189642151,1.0475563257836238,1.1051385444473116,0.9962002501620155,-0.012964450716553454,-0.048265514320551275,-0.030091910116105902,1.0475563257836238,1.0453045950153153,0.04957841423620035,0.7671458013707282,0.862165416008746,0.6905438141069289,0.07511201455144785,-0.06211938270391045,0.004539950786984659,0.7671458013707282,0.08974106962307539,0.08987650460073056,1.0704512640730697,0.07975790748614298,False,False,1.0
chronos2,monash_electricity_hourly,Electricity,6,L6,block,block_depth,True,6,0.5,0.5,False,False,False,False,False,False,False,False,False,False,False,110736,0.1232232868045796,0.12982256773518014,0.11727413719463098,-0.0026042640969896613,-0.007493330297266497,-0.005011536195191721,0.1232232868045796,251.55742377902916,388.80033492021374,155.04596282142776,4.004216733344346,-16.349533039345616,-6.569062218560219,251.55742377902916,1.0530765211187867,1.1110342288202462,1.0016839072775436,-0.018920553740433072,-0.052818079878497834,-0.035612105451268805,1.0530765211187867,1.0423945688085743,0.04957841423620035,0.7607866064542351,0.8536547711845093,0.6838171133438727,0.07387702246116384,-0.05143304594770493,0.01089914570347772,0.7607866064542351,0.0874168190175141,0.09065790269666045,1.079757907486143,0.07975790748614298,False,False,1.0
chronos2,monash_electricity_hourly,Electricity,7,L7,block,block_depth,True,7,0.5833333333333334,0.5833333333333334,False,False,False,False,False,False,False,False,False,False,False,110736,0.12391678951965034,0.1302731903888399,0.11809796170182242,-0.00357421564208415,-0.00795311874759789,-0.005705038910262458,0.12391678951965034,241.96940279058538,360.4372345088031,154.85744383855706,28.34569459614261,-12.387560921137922,3.018958769883568,241.96940279058538,1.0466868751207068,1.1040512142075734,0.9950134939597984,-0.013675872248350892,-0.04577414915775277,-0.02922245945318891,1.0466868751207068,1.0482611828422528,0.04957841423620035,0.7701242369430571,0.8636607874680818,0.6907582199535688,0.05865911370370654,-0.059380311682531266,0.001561515214655751,0.7701242369430571,0.09273187513095747,0.08965037161669204,1.0677579646430573,0.06775796464305728,False,False,10.0
chronos2,monash_electricity_hourly,Electricity,8,L8,block,block_depth,True,8,0.6666666666666666,0.6666666666666666,False,False,False,False,False,False,False,False,False,False,False,110736,0.12407250174868653,0.13070843737103216,0.11809197189499632,-0.0037705312401255264,-0.008074342596650345,-0.005860751139298653,0.12407250174868653,242.08444767602137,359.08214301311807,155.69167411605017,33.2596447153749,-16.15321411413851,2.903913884447576,242.08444767602137,1.0575685274442004,1.1153533962214948,1.0045730599472655,-0.02452292471361812,-0.056816554837982855,-0.040104111776682494,1.0575685274442004,1.0495784142362004,0.04957841423620035,0.7580332526425012,0.8658817097476613,0.6708979054786616,0.08596584736185972,-0.061510599988191306,0.013652499515211636,0.7580332526425012,0.09047124477923772,0.08891476700722262,1.058996732911109,0.05899673291110896,False,False,10.0
chronos2,monash_electricity_hourly,Electricity,9,L9,block,block_depth,True,9,0.75,0.75,True,False,False,False,False,True,False,False,False,True,False,110736,0.12172569078571013,0.12854638235316476,0.11562232618710695,-0.0017701310418432425,-0.005436982521574009,-0.0035139401763222555,0.12172569078571013,246.88608274756652,378.2773962724418,154.3545018882359,8.311524376859312,-10.51699235560048,-1.8977211870975736,246.88608274756652,1.0413373492767506,1.0982726882491924,0.9890037231287898,-0.008742520420676813,-0.04016834759328921,-0.023872933609232705,1.0413373492767506,1.0297258111668908,0.04602783215151929,0.7549407670749964,0.8384234063627541,0.682157989206897,0.06429689750265657,-0.03441553920203613,0.01674498508271649,0.7549407670749964,0.08831868496278522,0.0859897627232184,1.0241592128368582,0.03378308362675275,False,False,3.0
chronos2,monash_electricity_hourly,Electricity,10,L10,block,block_depth,True,10,0.8333333333333334,0.8333333333333334,False,False,False,False,False,False,False,False,False,False,False,110736,0.12365278122477404,0.13043192842342527,0.11754210718644371,-0.003942585511147292,-0.007069696595835439,-0.005441030615386158,0.12365278122477404,233.69564882589754,345.12714437163714,151.12976336951425,42.79593734183978,-6.431975108573183,11.29271273457141,233.69564882589754,1.0367056692863992,1.094300572348963,0.983902061560778,-0.006302751438999395,-0.03278312000388442,-0.019241253618881293,1.0367056692863992,1.0460278321515193,0.04602783215151929,0.7791840272529935,0.859317639852141,0.7029770255288443,0.028566719137483626,-0.054317287695577726,-0.007498275095280671,0.7791840272529935,0.09170282292453681,0.08679779564947572,1.0337830836267528,0.03378308362675275,False,False,3.0
chronos2,monash_electricity_hourly,Electricity,11,L11,block,block_depth,True,11,0.9166666666666666,0.9166666666666666,False,False,False,True,True,False,False,True,True,False,False,110736,0.12207604744222783,0.1288033511795331,0.11596284353508408,-0.00270383192709726,-0.005088568503705361,-0.003864296832839953,0.12207604744222783,255.44447974894305,394.63524627607546,159.05606249788735,-5.137600435236024,-15.742663387177403,-10.456118188474107,255.44447974894305,1.076533351670353,1.1365764946043504,1.0216058730322242,-0.04833689930503971,-0.07046305326649704,-0.05906893600283514,1.076533351670353,1.032689616835207,0.0326896168352071,0.7698081493760843,0.8427426372981134,0.6838364356247539,0.02389836323971639,-0.0313786595926083,0.001877602781628518,0.7698081493760843,0.09323254632770246,0.08442878495645888,1.0055675839006777,0.005567583900677686,False,False,30.0
chronos2,monash_electricity_hourly,Electricity,12,L12,block,block_depth,True,12,1.0,1.0,False,True,False,False,False,False,False,False,False,False,False,110736,0.11821175060938788,0.1251719168166964,0.1118428327285379,0.0,0.0,0.0,0.11821175060938788,244.98836156046895,386.46256541874675,148.11789204041992,0.0,0.0,0.0,244.98836156046895,1.0174644156675179,1.076456262849276,0.9634706219219109,0.0,0.0,0.0,1.0174644156675179,1.0,0.0,0.7716857521577128,0.8344836237367295,0.6839861558417986,0.0,0.0,0.0,0.7716857521577128,0.09365773177471873,0.08396132324488108,1.0,0.0,False,False,30.0
chronos2,monash_electricity_hourly,Electricity,13,L12+LN,final_norm,head_input_diagnostic,False,12,,,False,False,True,False,False,False,False,False,False,False,False,110736,0.11398394875057781,0.12104052802732655,0.107504627496388,0.005285875108590677,0.003165160017514622,0.004227801858810068,0.11398394875057781,246.68154338950072,404.4566849813638,143.30990404218,12.674555429529727,-24.23283097608454,-1.6931818290317722,246.68154338950072,0.9863408957473264,1.044248798795305,0.9329302281796029,0.04237519459349833,0.019670723633899687,0.031123519920191467,0.9863408957473264,,,0.756014740640376,0.8332512575218599,0.6469055569642601,0.041781811613041106,-0.008002743958737912,0.015671011517336852,0.756014740640376,0.0899676440104607,0.08163493149380648,,,False,False,3.0
chronos2,uber_tlc_hourly,Uber TLC,0,Emb,embedding,block_depth,True,0,0.0,0.0,False,False,False,False,False,False,False,False,False,False,False,110736,0.26682192451171294,0.27444997733558407,0.2592162787274436,-0.07937837244644193,-0.09634811160375031,-0.08795872165729071,0.26682192451171294,9.851613467346107,11.914795672066226,7.936302525110619,-3.7666828884806347,-5.826185621243266,-4.759115018856628,9.851613467346107,1.3354787155001604,1.4095261213620884,1.263064227995953,-0.3226188079261928,-0.44708416659045125,-0.3846228687188302,1.3354787155001604,1.491765328214998,0.4917653282149981,4.0673009885320734,4.19827490171709,3.930026607320202,-1.7981379417369763,-1.9775188774932786,-1.8881376931113945,4.0673009885320734,0.23085239362319027,0.22301977161915248,1.404466674966884,0.40446667496688393,False,False,0.01
chronos2,uber_tlc_hourly,Uber TLC,1,L1,block,block_depth,True,1,0.08333333333333333,0.08333333333333333,False,False,False,False,False,False,False,False,False,False,False,110736,0.2568302331705585,0.26387202942047183,0.24997407276226025,-0.07035053681141436,-0.08540714952725037,-0.07796703031613625,0.2568302331705585,9.27535864609323,11.253756432269721,7.46276716727988,-3.291757982772085,-5.143914640157252,-4.18286019760375,9.27535864609323,1.3135194117090736,1.3946227209925954,1.2375951560073393,-0.31440083650980966,-0.4117502116426674,-0.36266356492774343,1.3135194117090736,1.4359031319571867,0.43590313195718666,3.8723510541402435,4.010964305825497,3.7314763760573575,-1.601045058842699,-1.781699190214705,-1.6931877587195645,3.8723510541402435,0.21944880628239477,0.213639312430875,1.3453932473950874,0.34539324739508737,False,False,30.0
chronos2,uber_tlc_hourly,Uber TLC,2,L2,block,block_depth,True,2,0.16666666666666666,0.16666666666666666,False,False,False,False,False,False,False,False,False,False,False,110736,0.23220665121578987,0.23842991939497016,0.22608931210062658,-0.048553662547372464,-0.058414742159337285,-0.053343448361367646,0.23220665121578987,7.877952483863086,9.601385041366546,6.313895388687422,-2.1504830649651416,-3.493287305368865,-2.785454035373607,7.877952483863086,1.2704207644751366,1.3885277152328492,1.1691788245688288,-0.27666952558984653,-0.3686053687667879,-0.31956491769380646,1.2704207644751366,1.2982360122712562,0.2982360122712562,3.2784722873917898,3.4456441915349516,3.1144528602150072,-0.9842053490392566,-1.212604489336679,-1.0993089919711108,3.2784722873917898,0.19450137605476414,0.1929059770839815,1.2148250993595335,0.21482509935953353,False,False,1.0
chronos2,uber_tlc_hourly,Uber TLC,3,L3,block,block_depth,True,3,0.25,0.25,False,False,False,False,False,False,True,False,False,False,True,110736,0.19766753573567813,0.2033363930681962,0.1920566052688954,-0.016613204182900552,-0.02110825469646291,-0.01880433288125591,0.19766753573567813,6.046960610566301,7.3381286464077755,4.885141327734425,-0.7113929478521229,-1.2304514904541262,-0.9544621620768217,6.046960610566301,1.0186134661716346,1.0788455125381704,0.965321551765036,-0.038459541135836606,-0.09284056754121742,-0.06775761939030445,1.0186134661716346,1.1051324843856276,0.10513248438562761,2.6204930297524873,2.7445374075253453,2.500526136285459,-0.3811020525056813,-0.4989648421734249,-0.44132973433180833,2.6204930297524873,0.17384739666428936,0.1687783017356432,1.0628811002910177,0.06288110029101768,False,False,10.0
chronos2,uber_tlc_hourly,Uber TLC,4,L4,block,block_depth,True,4,0.3333333333333333,0.3333333333333333,True,False,False,False,False,True,False,False,False,True,False,110736,0.19025960267443237,0.1966405945424815,0.1839690757901159,-0.009494267309169866,-0.013341173430805224,-0.011396399820010145,0.19025960267443237,5.743396484328577,7.00150172777414,4.636577876730769,-0.43744663487788515,-0.889924450567382,-0.6508980358390977,5.743396484328577,0.9709126337119356,1.0225060776484127,0.9242107207060687,0.022700420914671282,-0.05557610624205059,-0.02005678693060542,0.9709126337119356,1.0637157315654564,0.0637157315654564,2.4511533325252466,2.578659902431987,2.3298607926701767,-0.21469599497539066,-0.32740037303797154,-0.2719900371045676,2.4511533325252466,0.16409657357348773,0.16496507180783584,1.0388672905793954,0.03886729057939542,False,False,3.0
chronos2,uber_tlc_hourly,Uber TLC,5,L5,block,block_depth,True,5,0.4166666666666667,0.4166666666666667,False,False,False,False,True,False,False,False,True,False,False,110736,0.18446727060065923,0.1908326026834263,0.1780755482287011,-0.004060129885995435,-0.007227304215962412,-0.005604067746237007,0.18446727060065923,5.460254784672759,6.600965278210361,4.426281029584275,-0.21610433885329017,-0.5261999188566496,-0.3677563361832794,5.460254784672759,0.9222240698999246,0.9647463735629269,0.883834069125626,0.0848432223615217,-0.017131685542632828,0.028631776881405613,0.9222240698999246,1.0313315855737986,0.03133158557379856,2.3153988490940156,2.421599983037402,2.210040126517612,-0.09250780303956306,-0.17540208848559213,-0.13623555367333662,2.3153988490940156,0.16189436095270998,0.16088499626471797,1.0131730210083456,0.013173021008345609,False,False,10.0
chronos2,uber_tlc_hourly,Uber TLC,6,L6,block,block_depth,True,6,0.5,0.5,False,False,False,True,False,False,False,True,False,False,False,110736,0.18235772228195468,0.18895554061275233,0.1757639728923762,-0.0017420120409312894,-0.005241716390774222,-0.0034945194275324554,0.18235772228195468,5.401050286658544,6.520118618912053,4.380938085757593,-0.1592631809735544,-0.45573190135436514,-0.3085518381690644,5.401050286658544,0.9184055769134104,0.9612799113110382,0.8800508394997627,0.08735844645539993,-0.011944420035352997,0.03245026986791977,0.9184055769134104,1.0195373859562196,0.019537385956219566,2.2837568409978464,2.388746956697792,2.1821435755875545,-0.05163427706135988,-0.1493105557324741,-0.10459354557716738,2.2837568409978464,0.1591804563021087,0.1593555578293691,1.0035413847714958,0.0035413847714957924,False,False,10.0
chronos2,uber_tlc_hourly,Uber TLC,7,L7,block,block_depth,True,7,0.5833333333333334,0.5833333333333334,False,False,False,False,False,False,False,False,False,False,False,110736,0.18122826998641017,0.1876809932977558,0.17467866578452176,-0.0006074034367183265,-0.004134158801841922,-0.002365067131987947,0.18122826998641017,5.245742498585882,6.3104573760409135,4.2757921561708665,-0.028151514519537863,-0.26859551608791754,-0.15324405009640252,5.245742498585882,0.9093434297372521,0.9522108207586065,0.872173099930525,0.09187855270708838,-0.00014357973181980952,0.04151241704407804,0.9093434297372521,1.0132227707781398,0.013222770778139825,2.246115910660608,2.343129041342854,2.15462861591487,-0.01609380578569248,-0.11240000725123604,-0.0669526152399289,2.246115910660608,0.1613907318460719,0.15793882722731764,0.994619525944625,0.00324530117836197,False,False,30.0
chronos2,uber_tlc_hourly,Uber TLC,8,L8,block,block_depth,True,8,0.6666666666666666,0.6666666666666666,False,False,False,False,False,False,False,False,False,False,False,110736,0.18011277339613166,0.1866020847851311,0.1735178537716563,0.0004005147122870602,-0.0028836205025836426,-0.0012495705417094327,0.18011277339613166,5.260159282469827,6.346530101763501,4.284181256746511,-0.03983712920541019,-0.29828490687241155,-0.1676608339803476,5.260159282469827,0.9042563195702398,0.9474828262959158,0.8657881775034778,0.09915493390099345,0.003537277541599146,0.0465995272110904,0.9042563195702398,1.0069861800625726,0.006986180062572567,2.2379779568629408,2.337266137921882,2.1430423207973948,-0.015859856677936407,-0.09907841923667156,-0.05881466144226177,2.2379779568629408,0.1604726919490133,0.15689859587613864,0.9880686705815338,0.00324530117836197,False,False,30.0
chronos2,uber_tlc_hourly,Uber TLC,9,L9,block,block_depth,True,9,0.75,0.75,False,False,False,False,False,False,False,False,False,False,False,110736,0.17788867302637063,0.18431422809131784,0.17134847555572577,0.0024247110682674624,-0.00048503794117282713,0.0009745298280516013,0.17788867302637063,5.171399115213877,6.249465395878277,4.204588403175221,0.0020408966729361286,-0.16046622895878504,-0.07890066672439744,5.171399115213877,0.9000928650024079,0.9442398772180941,0.8609019419662293,0.09809576100547931,0.012026679669186477,0.050762981778922245,0.9000928650024079,0.9945515354052741,0.005845434257281568,2.201006323082262,2.3104299920182085,2.0960736364014054,0.008198815014006506,-0.05085840637215548,-0.02184302766158286,2.201006323082262,0.15643754665882806,0.1557870433729796,0.9810686703715578,0.00324530117836197,False,False,10.0
chronos2,uber_tlc_hourly,Uber TLC,10,L10,block,block_depth,True,10,0.8333333333333334,0.8333333333333334,False,False,False,False,False,False,False,False,False,False,False,110736,0.17909126205526235,0.18503791250089424,0.17300646655503235,0.0008066490470282542,-0.0013422680009184756,-0.000228059200840125,0.17909126205526235,5.085101285694254,6.145862496077942,4.135266305364757,0.08898447335661869,-0.07089774050008366,0.007397162795225398,5.085101285694254,0.9553080107846299,1.039708168208159,0.8829743664903005,0.005070116254903252,-0.015466885368604005,-0.00445216400329973,0.9553080107846299,1.001275048177605,0.005845434257281568,2.1931658163443988,2.3086946804424473,2.0856269180897615,0.022420539754962127,-0.045838275102534944,-0.014002520923719786,2.1931658163443988,0.1625809314897233,0.15791543823389606,0.9944722337938746,0.00324530117836197,False,False,65.0
chronos2,uber_tlc_hourly,Uber TLC,11,L11,block,block_depth,True,11,0.9166666666666666,0.9166666666666666,False,False,False,False,False,False,False,False,False,False,False,110736,0.17990873594775456,0.18569519758252925,0.17401034421863334,-0.00021040240828773272,-0.00196714401956048,-0.0010455330933323292,0.17990873594775456,5.181041103591118,6.260141096676423,4.202731698855003,-0.041654662015851406,-0.14167723369283386,-0.08854265510163906,5.181041103591118,0.9486079504567644,1.018869572476007,0.8874559008705322,0.011765902463089565,-0.006091346961049205,0.00224789632456579,0.9486079504567644,1.0058454342572816,0.005845434257281568,2.1879125796919894,2.302134827632987,2.0829335429218636,0.010915462155599407,-0.026490582076264944,-0.008749284271310387,2.1879125796919894,0.163187080192536,0.15930854176519482,1.003245301178362,0.00324530117836197,False,False,45.0
chronos2,uber_tlc_hourly,Uber TLC,12,L12,block,block_depth,True,12,1.0,1.0,False,True,False,False,False,False,False,False,False,False,False,110736,0.17886320285442223,0.18497836053342992,0.17284518642962435,0.0,0.0,0.0,0.17886320285442223,5.092498448489479,6.1430469401564345,4.142789174782307,0.0,0.0,0.0,5.092498448489479,0.9508558467813302,1.028638165331866,0.8832673103922746,0.0,0.0,0.0,0.9508558467813302,1.0,0.0,2.179163295420679,2.291721761225592,2.074966082070648,0.0,0.0,0.0,2.179163295420679,0.162717813684724,0.15879320997375113,1.0,0.0,False,False,45.0
chronos2,uber_tlc_hourly,Uber TLC,13,L12+LN,final_norm,head_input_diagnostic,False,12,,,False,False,True,False,False,False,False,False,False,False,False,110736,0.1759469696526764,0.18234590012473514,0.16947648821874942,0.00388867613248071,0.001961671590506452,0.0029162332017458326,0.1759469696526764,5.03378523077821,6.058759703617351,4.097937910306999,0.16237566160912054,-0.011873347247307863,0.05871321771126947,5.03378523077821,0.9027709240624326,0.9522969152199454,0.8589489183108626,0.08466675276015857,0.018572331075835974,0.04808492271889753,0.9027709240624326,,,2.1322152576772506,2.2321855485145146,2.0353784538649267,0.08658163903602242,0.019160344630678183,0.04694803774342837,2.1322152576772506,0.15935927538075612,0.15667274574400814,,,False,False,45.0
chronos2,wind_farms_hourly,Wind Farms,0,Emb,embedding,block_depth,True,0,0.0,0.0,False,False,False,False,False,False,False,False,False,False,False,110736,0.21938864565418878,0.23077832701125445,0.2081085450954394,-0.04724227857690675,-0.07387514903977911,-0.06067243696169089,0.21938864565418878,25.57340270197903,30.926414398756982,20.723087092658133,-6.4075465951464405,-12.66892308133552,-9.349780845306473,25.57340270197903,5.573185169901168,12.563128813336835,1.993997766760247,-0.6956795255074788,-0.999976993613251,-0.8426821255524688,5.573185169901168,1.3822699487437966,0.3822699487437966,2.402613427009281,2.9927476612884503,1.9618631071982635,-0.5567117387404334,-1.050035716387839,-0.7783323521691226,2.402613427009281,0.24286886089758003,0.22553020670213772,1.454203526583726,0.4542035265837261,False,False,0.0001
chronos2,wind_farms_hourly,Wind Farms,1,L1,block,block_depth,True,1,0.08333333333333333,0.08333333333333333,False,False,False,False,False,False,False,False,False,False,False,110736,0.18636455470767185,0.1975306647961234,0.17517402918213082,-0.016490712032816907,-0.03853458876522498,-0.027648346015173964,0.18636455470767185,20.805390811045726,25.16122813833209,16.8110477637045,-2.6913758583483443,-6.616185141547149,-4.5817689543731674,20.805390811045726,5.149517614109883,12.110946681844007,1.6028020697207082,-0.31524432826259885,-0.5242163122106753,-0.4190145697611838,5.149517614109883,1.1741998894942154,0.1741998894942154,2.0135929171111933,2.5137473936317307,1.643801021897836,-0.2546651993071752,-0.5351671193329312,-0.3893118422710349,2.0135929171111933,0.1969912561642773,0.1794571552766871,1.1571276056103046,0.1571276056103046,False,False,45.0
chronos2,wind_farms_hourly,Wind Farms,2,L2,block,block_depth,True,2,0.16666666666666666,0.16666666666666666,False,False,False,False,False,False,True,False,False,False,True,110736,0.1732026639586414,0.1842214017281778,0.1623169904933773,-0.004763126528629955,-0.023823701853700363,-0.014486455266143505,0.1732026639586414,18.698597377227998,22.55963186462979,15.17307602978314,-1.076391972027567,-3.997254962620928,-2.4749755205554393,18.698597377227998,5.00714428686469,11.963646765296577,1.464163002584193,-0.19169950608007627,-0.3633287903872014,-0.2766412425159901,5.00714428686469,1.091272689698694,0.09127268969869395,1.8501438393006122,2.3135483652311115,1.5062720025175833,-0.11946308595370468,-0.3386858847325137,-0.22586276446045384,1.8501438393006122,0.18514326521044483,0.17030415253159198,1.098109662668732,0.09810966266873189,False,False,30.0
chronos2,wind_farms_hourly,Wind Farms,3,L3,block,block_depth,True,3,0.25,0.25,True,False,False,False,False,True,False,False,False,True,False,110736,0.16033140759033557,0.17171175689329854,0.1496231405402157,0.006521998689232669,-0.00937039894442862,-0.0016151988978376774,0.16033140759033557,17.40232818819753,20.89179432857226,14.248536956307083,-0.16658033165241126,-2.296782631233973,-1.178706331524971,17.40232818819753,4.957975044505279,11.918061566173574,1.4204773584134203,-0.1584641300003226,-0.2975068521412071,-0.2274720001565793,4.957975044505279,1.0101766474334517,0.010176647433451702,1.7098631269944176,2.1453759044011167,1.389268992279168,0.003175422446852408,-0.17459299843209342,-0.08558205215425918,1.7098631269944176,0.17415012521575735,0.16115081950112153,1.039089590069387,0.03908959006938706,False,False,30.0
chronos2,wind_farms_hourly,Wind Farms,4,L4,block,block_depth,True,4,0.3333333333333333,0.3333333333333333,False,False,False,False,True,False,False,False,False,False,False,110736,0.1554130808030831,0.1671672840911952,0.14441555134582382,0.011250827120588594,-0.004213025155015119,0.003303127889414781,0.1554130808030831,16.971555864047172,20.519641549140164,13.784654991382535,0.32613773281836284,-1.8823642822586057,-0.7479340073746137,16.971555864047172,4.783118818777491,11.739637941636044,1.249659276028617,0.005577493719380419,-0.11304705855744991,-0.05261577442879162,4.783118818777491,0.9791884652700193,0.0,1.682766384716004,2.1108839223520546,1.3658445583141317,0.029519644673740436,-0.14277489379145417,-0.05848530987584555,1.682766384716004,0.16906918633937665,0.15713152936339833,1.013173478972306,0.023256990688620416,False,False,30.0
chronos2,wind_farms_hourly,Wind Farms,5,L5,block,block_depth,True,5,0.4166666666666667,0.4166666666666667,False,False,False,True,False,False,False,False,False,False,False,110736,0.14965022289912208,0.16175155711665978,0.13813442857687197,0.01661841371274402,0.0017766777038545865,0.009065985793375808,0.14965022289912208,16.431804675780274,19.933217449917628,13.282198431884723,0.7343928893999261,-1.1539936920812512,-0.20818281910771574,16.431804675780274,4.702922586126289,11.656074442340524,1.1721775877507477,0.08051332357540654,-0.024466395822576273,0.02758045822241062,4.702922586126289,0.9428792694327739,0.0,1.6382382483376194,2.069278638296497,1.3187591014299003,0.07032705939945448,-0.08882613432596936,-0.013957173497461062,1.6382382483376194,0.16026233828798941,0.15222450500738074,0.9815333176480296,0.023256990688620416,False,False,10.0
chronos2,wind_farms_hourly,Wind Farms,6,L6,block,block_depth,True,6,0.5,0.5,False,False,False,False,False,False,False,False,False,False,False,110736,0.14978539574009772,0.16245040648318254,0.13766885067919227,0.016312558394821194,0.0019016208226671604,0.008930812952400169,0.14978539574009772,16.738832313743877,20.1579955572584,13.618655885926836,0.37079158328726364,-1.4563209025997919,-0.5152104570713192,16.738832313743877,4.664300105855442,11.62351971595072,1.1324786359641656,0.12358508108515037,0.00837070422587183,0.06620293849325787,4.664300105855442,0.9437309331795909,0.0,1.653508475869706,2.097328178657758,1.3305832005890132,0.04580664793259104,-0.10217362367957435,-0.029227401029547684,1.653508475869706,0.15584714653790852,0.15284033297411814,0.9855041347465178,0.023256990688620416,False,False,10.0
chronos2,wind_farms_hourly,Wind Farms,7,L7,block,block_depth,True,7,0.5833333333333334,0.5833333333333334,False,False,False,False,False,False,False,False,False,False,False,110736,0.1520374287772952,0.165182131937641,0.1397150434564287,0.013764162195974391,-0.00012035371188275701,0.006678779915202687,0.1520374287772952,17.114018691229134,20.571492239619637,13.937440243493821,0.01209944453901112,-1.8823989998427373,-0.8903968345565758,17.114018691229134,4.67432180579338,11.629275859090093,1.1458110701948587,0.11317276845038177,0.00042195225755122,0.05618123855531909,4.67432180579338,0.9579199883224128,0.0,1.6803891622807883,2.1346077521054294,1.3488825162145164,0.01729644813317659,-0.13152074325374638,-0.056108087440629895,1.6803891622807883,0.15235878722515048,0.155088524405226,1.000000321112676,0.023256990688620416,False,False,10.0
chronos2,wind_farms_hourly,Wind Farms,8,L8,block,block_depth,True,8,0.6666666666666666,0.6666666666666666,False,False,False,False,False,False,False,False,False,False,False,110736,0.1550275947656909,0.16876026234422448,0.14204192743512253,0.010439462509567893,-0.0026972861274479946,0.0036886139268069995,0.1550275947656909,17.485647928083534,20.989238940479545,14.259708022807155,-0.40677477506139365,-2.2525799608487547,-1.2620260714109754,17.485647928083534,4.691202137986501,11.64859285652633,1.160279621367501,0.09404670855209207,-0.013929755297630785,0.03930090636219852,4.691202137986501,0.9767596897809382,0.0,1.7122974517797591,2.177789863185573,1.3706520257418127,-0.022242521998076577,-0.1650697519750867,-0.08801637693960074,1.7122974517797591,0.1493815719878229,0.15498280262162212,0.9993186341989734,0.023256990688620416,False,False,10.0
chronos2,wind_farms_hourly,Wind Farms,9,L9,block,block_depth,True,9,0.75,0.75,False,False,False,False,False,False,False,False,False,False,False,110736,0.15212047269269255,0.16560316549415008,0.13924521384227537,0.012383906761155904,0.0012600055010633757,0.006595735999805341,0.15212047269269255,17.059454157309542,20.475611331233225,13.872324804772523,-0.04682674275070584,-1.8699861545957528,-0.8358323006369837,17.059454157309542,4.641927171294307,11.597658486363377,1.112020084148058,0.1437206138618097,0.03439367785462558,0.08857587305439285,4.641927171294307,0.9584432109729628,0.0,1.6716806062190492,2.1206135439874623,1.3435281262356131,0.012283426658755377,-0.1124574547621306,-0.04739953137889086,1.6716806062190492,0.14586810471150635,0.15412396343979445,0.9937808972135612,0.023256990688620416,False,False,10.0
chronos2,wind_farms_hourly,Wind Farms,10,L10,block,block_depth,True,10,0.8333333333333334,0.8333333333333334,False,False,False,False,False,False,False,False,False,False,False,110736,0.15677354537405586,0.16957539311140946,0.14456259310458794,0.006452338845035381,-0.0022957429506652283,0.0019426633184420339,0.15677354537405586,16.67452444814546,19.980325143844254,13.649618462985261,0.16430414753652012,-1.196021582800128,-0.4509025914729001,16.67452444814546,4.830265449153331,11.786422043658128,1.2937707409193624,-0.05320502592096937,-0.1464824928165125,-0.09976240480463172,4.830265449153331,0.9877601453912889,0.0,1.632124255648535,2.0682948854758783,1.3113445907825558,0.04238956448851066,-0.056535442096527756,-0.007843180808376538,1.632124255648535,0.14748430044431682,0.15869536581413665,1.0232569906886204,0.023256990688620416,False,False,30.0
chronos2,wind_farms_hourly,Wind Farms,11,L11,block,block_depth,True,11,0.9166666666666666,0.9166666666666666,False,False,False,False,False,False,False,False,True,False,False,110736,0.15851293255411486,0.1721622147398311,0.1452226732786432,0.0026426746438875967,-0.0020978847781608695,0.0002032761383830295,0.15851293255411486,16.330297498364136,19.603661778151583,13.373328348090569,0.2720042734437405,-0.502710485229646,-0.10667564169157728,16.330297498364136,4.870571057966844,11.82862333158852,1.3305352773848373,-0.09137072911624111,-0.19121566523280623,-0.14006801361814425,4.870571057966844,0.9987192477689733,0.0,1.611266311669254,2.0597205131159435,1.282115372183487,0.04915613929198645,-0.01962218651882262,0.013014763170904331,1.611266311669254,0.14595366876780816,0.15782313845084825,1.0176329276142138,0.017632927614213756,False,False,30.0
chronos2,wind_farms_hourly,Wind Farms,12,L12,block,block_depth,True,12,1.0,1.0,False,True,False,False,False,False,False,True,False,False,False,110736,0.1587162086924979,0.17398181241538857,0.1438761072204882,0.0,0.0,0.0,0.1587162086924979,16.22362185667256,19.46063808136051,13.315962070219156,0.0,0.0,0.0,16.22362185667256,4.7305030443486995,11.688837590498537,1.1998279390101743,0.0,0.0,0.0,4.7305030443486995,1.0,0.0,1.6242810748401584,2.077196718593497,1.2894059092500965,0.0,0.0,0.0,1.6242810748401584,0.14457491391112592,0.1550884746043509,1.0,0.0,False,False,45.0
chronos2,wind_farms_hourly,Wind Farms,13,L12+LN,final_norm,head_input_diagnostic,False,12,,,False,False,True,False,False,False,False,False,False,False,False,110736,0.15581039672020738,0.17248899818785515,0.13991157480120972,0.005197465352586089,0.0006408436856595118,0.0029058119722905063,0.15581039672020738,15.988648747524708,19.246667996170146,13.09021556498735,0.6291430050734133,-0.05430258699952283,0.23497310914784997,15.988648747524708,4.617376178764328,11.574887048253714,1.0840121078553846,0.14925328296431808,0.07965089305052131,0.11312686558437157,4.617376178764328,,,1.6008034589003362,2.0615921213488564,1.261718162428982,0.06393377444134211,-0.01113070256662369,0.023477615939822227,1.6008034589003362,0.13769925127294946,0.14917358482356063,,,False,False,45.0
chronos2,sg_carpark,SG Carpark,0,Emb,embedding,block_depth,True,0,0.0,0.0,False,False,False,False,False,False,False,False,False,False,False,110736,0.268995183883077,0.27484014776277504,0.2635287136628719,-0.16041321589237892,-0.1745164048876403,-0.16788274772717793,0.268995183883077,35.13916076904117,37.9991053989865,32.44977169037878,-20.55936154106639,-24.819121365310032,-22.66650569895586,35.13916076904117,2.3225680970626046,2.425451886523215,2.220932319359368,-1.4111332067205322,-1.5844539082776523,-1.4998407423933835,2.3225680970626046,2.6603570649640935,1.6603570649640935,0.921965451861571,1.008248920581352,0.8441612124336546,-0.47917482688702606,-0.5892459448485579,-0.531263384318463,0.921965451861571,0.2615414204308429,0.2705754882282456,2.7369640102268495,1.7369640102268495,False,False,0.001
chronos2,sg_carpark,SG Carpark,1,L1,block,block_depth,True,1,0.08333333333333333,0.08333333333333333,False,False,False,False,False,False,False,False,False,False,False,110736,0.20248191277522826,0.2094020249827181,0.19642770709838234,-0.09626444988057943,-0.1062921994902446,-0.10136947661932916,0.20248191277522826,27.01345716263357,29.395868161970423,24.79437360529724,-13.169938493878913,-15.928556274397618,-14.540802092548262,27.01345716263357,1.7933334585034182,1.899617836857317,1.6949718826976354,-0.9128623217602653,-1.0287125144589608,-0.970606103834197,1.7933334585034182,2.0025421251153888,1.0025421251153888,0.7191196275978087,0.7919206561036666,0.6543549841172259,-0.29892299292636304,-0.3625804074922752,-0.3284175600547007,0.7191196275978087,0.1917578836788064,0.22244069521120713,2.2500640438255313,1.2500640438255313,False,True,1e-05
chronos2,sg_carpark,SG Carpark,2,L2,block,block_depth,True,2,0.16666666666666666,0.16666666666666666,False,False,False,False,False,False,False,False,False,False,False,110736,0.14248614663542328,0.15002862902537073,0.1354970002389055,-0.03718227112960429,-0.04542627286450084,-0.04137371047952418,0.14248614663542328,18.767252601117967,20.67424942350324,17.03768323856756,-5.435850720622116,-7.126094676801533,-6.294597531032657,18.767252601117967,1.2392634606821287,1.334168996810852,1.155879737409719,-0.3757319133425848,-0.45510471503727346,-0.41653610601290747,1.2392634606821287,1.4091851808983473,0.4091851808983473,0.5225834194358927,0.5827824850946818,0.4702908822310843,-0.11049009327168394,-0.15255023515734462,-0.13188135189278472,0.5225834194358927,0.1337549822028176,0.14608222180924846,1.477671855066992,0.47767185506699206,False,False,1.0
chronos2,sg_carpark,SG Carpark,3,L3,block,block_depth,True,3,0.25,0.25,False,False,False,False,False,False,False,False,False,False,False,110736,0.10497257729076732,0.1129439106721452,0.09758681524886965,-0.0004944807676188045,-0.0070658953676242245,-0.003860141134868225,0.10497257729076732,13.101308649890155,14.945151625332066,11.473904718155504,0.11405629888872558,-1.3823292680030268,-0.6286535798048458,13.101308649890155,0.8513998605096195,0.9458984852176205,0.7700021687193545,0.006029132090358552,-0.060768348255721444,-0.028672505840398266,0.8513998605096195,1.0381767197154315,0.03817671971543146,0.392286189458106,0.45077329597177207,0.34154808394508274,0.01855174403742397,-0.020624789324681436,-0.0015841219149980157,0.392286189458106,0.10753678427300974,0.12413108817138578,1.255628597771528,0.2708704029192093,False,False,3.0
chronos2,sg_carpark,SG Carpark,4,L4,block,block_depth,True,4,0.3333333333333333,0.3333333333333333,False,False,False,False,False,False,False,False,False,False,False,110736,0.09955512151374656,0.1077631271191699,0.0920435733101357,0.004598205943070974,-0.0014847679608264801,0.0015573146421525436,0.09955512151374656,12.866418689442893,14.639687391577834,11.276730372476502,0.3841548240866695,-1.1439912714196248,-0.39376361935758375,12.866418689442893,0.8355855987903978,0.9267398949566283,0.7567603687774626,0.02436345776393319,-0.046156256467729515,-0.012858244121176643,0.8355855987903978,0.9845981888938823,0.0,0.3743386847643473,0.433318127699625,0.3245557707203689,0.03705812516086933,-0.0029833170089111002,0.016363382778760704,0.3743386847643473,0.10454201931334295,0.1256378887189647,1.2708704029192093,0.2708704029192093,False,False,10.0
chronos2,sg_carpark,SG Carpark,5,L5,block,block_depth,True,5,0.4166666666666667,0.4166666666666667,False,False,False,False,False,False,False,False,False,False,False,110736,0.09625468366269001,0.10459135294349936,0.0886384561342203,0.0074884355715397035,0.0022557916393303695,0.0048577524932090915,0.09625468366269001,12.152268044297557,13.97889957156515,10.552702558331013,1.006255673714783,-0.3698886993033322,0.3203870257877526,12.152268044297557,0.7892603793022992,0.8800455388949837,0.7117261539933661,0.06696328374667566,0.00416354022255184,0.033466975366922,0.7892603793022992,0.9519569236199668,0.0,0.3658428149747162,0.4245702839887458,0.31558118990417605,0.04396050700992502,0.006670654858993819,0.024859252568391776,0.3658428149747162,0.09721657394069425,0.12028264551092002,1.2167002782622929,0.21670027826229288,False,False,3.0
chronos2,sg_carpark,SG Carpark,6,L6,block,block_depth,True,6,0.5,0.5,False,False,False,False,False,False,False,False,False,False,False,110736,0.09599556221421492,0.1045117686492112,0.08796313572701298,0.007952442312202716,0.00225593812058622,0.005116873941684183,0.09599556221421492,12.320856414774811,14.191116574056188,10.69704416254193,0.808561563670046,-0.5151627658740481,0.15179865531049863,12.320856414774811,0.7969255625493662,0.8918501174130142,0.7160047371524416,0.0562992203934812,-0.002383065332983927,0.025801792119855005,0.7969255625493662,0.9493942176035123,0.0,0.36334448994977697,0.4232892538796478,0.3118629118149271,0.04602619059379674,0.009027999065342839,0.027357577593331017,0.36334448994977697,0.09169416890146914,0.11853008545766779,1.1989725312925956,0.19897253129259562,False,False,1.0
chronos2,sg_carpark,SG Carpark,7,L7,block,block_depth,True,7,0.5833333333333334,0.5833333333333334,False,False,False,False,False,False,False,False,False,False,False,110736,0.09553380664122307,0.10382807806086868,0.08792005163291206,0.008380031109245565,0.002871603636586737,0.005578629514676026,0.09553380664122307,12.127089209058552,13.93447795996086,10.573698606041336,1.0016312913872996,-0.2697988087038899,0.345565861026758,12.127089209058552,0.7944762303300408,0.8862429045535644,0.7163706761612724,0.06142608888111729,0.0005872902908613842,0.028251124339180422,0.7944762303300408,0.9448274640908199,0.0,0.3594168888018583,0.41700455773723133,0.31107673262066665,0.0510319017998846,0.013821141491559899,0.0312851787412497,0.3594168888018583,0.09405060642942722,0.11185574309511037,1.1314592655571478,0.13145926555714782,False,False,3.0
chronos2,sg_carpark,SG Carpark,8,L8,block,block_depth,True,8,0.6666666666666666,0.6666666666666666,False,False,False,False,False,False,False,False,False,False,False,110736,0.0961412379234019,0.10445310242768735,0.08855028343386948,0.00757264537463164,0.002463851565242575,0.004971198232497198,0.0961412379234019,11.911299219352038,13.643718914957285,10.410196542092143,1.252651204165443,-0.048036470550994845,0.5613558507332712,11.911299219352038,0.7771786873588952,0.8663032851001697,0.6998568930510878,0.08074291161280286,0.015528824837836441,0.04554866731032603,0.7771786873588952,0.9508349474951586,0.0,0.3612773988410346,0.41890591731394683,0.3129581825276676,0.048232791319506585,0.013348692363034561,0.029424668702073387,0.3612773988410346,0.09224799278605104,0.11023620846497137,1.1150771164384985,0.1150771164384985,False,False,3.0
chronos2,sg_carpark,SG Carpark,9,L9,block,block_depth,True,9,0.75,0.75,False,False,False,False,False,False,True,False,False,False,True,110736,0.0983159946814432,0.10644095392455741,0.09100526254966139,0.0049570634676995825,0.0007780119292648602,0.002796441474455902,0.0983159946814432,12.302765489386102,14.051581326537095,10.78459536726995,0.7708049670981707,-0.3346020742831299,0.16988958069920734,12.302765489386102,0.8067674425238326,0.8955903783311576,0.7314089292807958,0.04674396570199157,-0.008472509259411076,0.01595991214538861,0.8067674425238326,0.9723432489536278,0.0,0.3698341703335432,0.4281541583250718,0.32122331463200504,0.037993339080060244,0.00713121564520026,0.02086789720956478,0.3698341703335432,0.0953526557363046,0.10701169216700193,1.0824600264141147,0.08246002641411465,False,False,3.0
chronos2,sg_carpark,SG Carpark,10,L10,block,block_depth,True,10,0.8333333333333334,0.8333333333333334,True,False,False,False,False,True,False,False,False,True,False,110736,0.09662906721360602,0.10501199933979133,0.08906015147360326,0.006178172095810282,0.0028342502394238566,0.004483368942293078,0.09662906721360602,12.000686691322128,13.848761706508922,10.426793630720427,0.8949286568679066,0.12013461484824087,0.4719683787631812,12.000686691322128,0.7939972273731792,0.8877278376897711,0.7126634467972017,0.051340489474138856,0.010452208885549905,0.028730127296041963,0.7939972273731792,0.9556595695569985,0.0,0.3644696105318294,0.42370659098035846,0.3141086172384336,0.038782277468168584,0.015588652407036864,0.026232457011278576,0.3644696105318294,0.09200499987649267,0.10345169931313412,1.0464494757855163,0.04644947578551628,False,False,1.0
chronos2,sg_carpark,SG Carpark,11,L11,block,block_depth,True,11,0.9166666666666666,0.9166666666666666,False,False,False,False,True,False,False,False,True,False,False,110736,0.09982079960995138,0.10829338375136971,0.09234375372334347,0.002259533668968216,0.00034274606397217587,0.0012916365459477164,0.09982079960995138,14.224701834177614,16.22518888683718,12.51894190781662,-1.4862773624157437,-2.000169340447417,-1.752046764092304,14.224701834177614,0.9413186344331539,1.0397909353949377,0.855445123748365,-0.1039364512736783,-0.13158726569032744,-0.11859127976393269,0.9413186344331539,0.9872257400271098,0.0,0.38955985274488203,0.45308673828030144,0.33667674907426903,0.007027990474584575,-0.004130499937380591,0.00114221479822596,0.38955985274488203,0.10060796491705533,0.10013008653317805,1.0128502214917185,0.01285022149171855,False,False,3.0
chronos2,sg_carpark,SG Carpark,12,L12,block,block_depth,True,12,1.0,1.0,False,True,False,True,False,False,False,True,False,False,False,110736,0.1011124361558991,0.10997091579819256,0.09335832045003141,0.0,0.0,0.0,0.1011124361558991,12.47265507008531,14.530027039022748,10.742000201432276,0.0,0.0,0.0,12.47265507008531,0.8227273546692212,0.9269247292971385,0.7350235557867717,0.0,0.0,0.0,0.8227273546692212,1.0,0.0,0.390702067543108,0.4571500581830667,0.33530736358158686,0.0,0.0,0.0,0.390702067543108,0.10395739725931218,0.09885971726965433,1.0,0.0,False,False,10.0
chronos2,sg_carpark,SG Carpark,13,L12+LN,final_norm,head_input_diagnostic,False,12,,,False,False,True,False,False,False,False,False,False,False,False,110736,0.09657789165901262,0.10454238626769201,0.0894675367509178,0.005943327725964908,0.0033093982799725866,0.004534544496886478,0.09657789165901262,11.523464300552115,13.326817081490612,9.993391052258012,1.317428471733359,0.6537242020270513,0.9491907695331943,11.523464300552115,0.7640802324756155,0.854067956145794,0.6883883543340736,0.07892030493705568,0.041014210347836394,0.05864712219360568,0.7640802324756155,,,0.36634663107870735,0.42557085654038096,0.3169983923181148,0.03526285193915767,0.016203258006805617,0.024355436464400637,0.36634663107870735,0.10124182703783215,0.09618816201675073,,,False,False,10.0
chronos2,coastal_ts,Coastal T-S,0,Emb,embedding,block_depth,True,0,0.0,0.0,False,False,False,False,False,False,False,False,False,False,False,110736,0.32671686882774037,0.3704610351395483,0.2888656203945478,-0.08222150550379109,-0.1807169777826251,-0.1275085835562398,0.32671686882774037,0.5259480182874796,0.6623966303118952,0.4115227741881828,-0.13361258681642565,-0.3110751304450433,-0.21291489324225216,0.5259480182874796,2.4473422509822353,3.2487704757153004,1.736431970712826,-0.6665847599463087,-1.8789657031921856,-1.231185015414858,2.4473422509822353,1.6400767085689163,0.6400767085689163,0.12992987429111863,0.16577468371087914,0.10078838429258637,-0.03272997850580359,-0.07328501901783878,-0.0510114475661588,0.12992987429111863,0.3240008478078302,0.3270370727404952,1.5988196840485005,0.5988196840485005,False,True,1e-05
chronos2,coastal_ts,Coastal T-S,1,L1,block,block_depth,True,1,0.08333333333333333,0.08333333333333333,True,False,False,False,False,True,True,False,False,True,True,110736,0.2042442476376891,0.2271970714908093,0.1805913420782114,0.0091849697889605,-0.018756702278430265,-0.005035962366188557,0.2042442476376891,0.33444198666593056,0.42470029080676575,0.25572955730288344,0.00011938750574540453,-0.04447076099296589,-0.0214088616207031,0.33444198666593056,1.2868174468273865,1.5128423762430676,1.0901432156507498,0.032542668899816336,-0.1853654706882654,-0.07066021126000921,1.2868174468273865,1.0252798841138813,0.025279884113881268,0.08356359502839723,0.10690624891400792,0.06378169744552303,0.00022028815928148927,-0.009450495480100829,-0.004645168303437405,0.08356359502839723,0.19382310442230966,0.21075844888885817,1.0303564480911884,0.030356448091188426,False,False,30.0
chronos2,coastal_ts,Coastal T-S,2,L2,block,block_depth,True,2,0.16666666666666666,0.16666666666666666,False,False,False,False,False,False,False,False,False,False,False,110736,0.20208714219431081,0.2247355092316866,0.17830752489777904,0.0084759146188541,-0.014149608206935218,-0.002878856922810258,0.20208714219431081,0.329435652830247,0.4211060885426512,0.2520347530800734,-0.00030034631791069966,-0.03351960379487867,-0.01640252778501955,0.329435652830247,1.266781107967721,1.493527754039106,1.0717701009655598,0.025147119638035807,-0.1278114857380733,-0.050623872400343606,1.266781107967721,1.014451491909017,0.02006597208644756,0.0818158496283713,0.10514634800533088,0.06248228369495179,0.0013130156762151002,-0.006877287434596307,-0.0028974229034114674,0.0818158496283713,0.19039036616298186,0.20983863373597464,1.0258596534012383,0.025859653401238303,False,False,45.0
chronos2,coastal_ts,Coastal T-S,3,L3,block,block_depth,True,3,0.25,0.25,False,False,False,False,True,False,False,False,True,False,False,110736,0.2026865166456749,0.2249263046425767,0.17893790086964145,0.007460955965022224,-0.014110942623422792,-0.0034782313741743565,0.2026865166456749,0.33017051184035767,0.42124009562634124,0.25331591960256145,-8.518793832502148e-05,-0.03461011310044512,-0.017137386795130216,0.33017051184035767,1.27638721184924,1.5086488101044422,1.077451234864456,0.013020365686907547,-0.13303981502717052,-0.060229976281862774,1.27638721184924,1.0174602746539074,0.02006597208644756,0.08088988035084453,0.1036678228619111,0.06188321636858429,0.002470543871005933,-0.005874869118096434,-0.001971453625884703,0.08088988035084453,0.18986879878141616,0.20778240667035183,1.0158071652235456,0.01580716522354564,False,False,65.0
chronos2,coastal_ts,Coastal T-S,4,L4,block,block_depth,True,4,0.3333333333333333,0.3333333333333333,False,False,False,True,False,False,False,True,False,False,False,110736,0.19819959967086712,0.22316783101608353,0.1716251787613146,0.011989126759969285,-0.008981826272793123,0.001008685600633441,0.19819959967086712,0.32150715931494417,0.4149422981239767,0.24330217572442156,0.006748660236016846,-0.024599928496087855,-0.008474034269716713,0.32150715931494417,1.217133693968533,1.4332552688479467,1.025654242990382,0.0731224074348114,-0.07499094991969985,-0.0009764584011557886,1.217133693968533,0.9949365278695176,0.02006597208644756,0.08015317618707378,0.10375347728901217,0.06017055866470064,0.0031327116412962117,-0.00528378186227301,-0.0012347494621139515,0.08015317618707378,0.18068061868554594,0.2042278852313757,0.9984298116520227,0.008741860988544348,False,False,30.0
chronos2,coastal_ts,Coastal T-S,5,L5,block,block_depth,True,5,0.4166666666666667,0.4166666666666667,False,False,False,False,False,False,False,False,False,False,False,110736,0.19850253321540853,0.22431802600622178,0.17178614092602706,0.010438486619386822,-0.007879819798593729,0.0007057520560920238,0.19850253321540853,0.32143509676744625,0.41045238144815843,0.2463685283312655,0.004888471920216711,-0.022040125836574366,-0.008401971722218793,0.32143509676744625,1.24176233319675,1.501644228856934,1.0267317513051215,0.037677482114788906,-0.09212128629201874,-0.025605097629372686,1.24176233319675,0.9964572153455858,0.02006597208644756,0.07941122361931653,0.10138372352525067,0.06060896671043062,0.002929030679151656,-0.00371938483134025,-0.0004927968943567035,0.07941122361931653,0.1784893929840759,0.20196371455676854,0.9873607282228185,0.008741860988544348,False,False,45.0
chronos2,coastal_ts,Coastal T-S,6,L6,block,block_depth,True,6,0.5,0.5,False,False,False,False,False,False,False,False,False,False,False,110736,0.20006900109971562,0.22572872997261584,0.17388768324162812,0.00956559761737781,-0.009945913555566203,-0.000860715828215064,0.20006900109971562,0.32413518938513025,0.4085738622992944,0.25051206501680584,0.004541052573325307,-0.028227567463126803,-0.011102064339902795,0.32413518938513025,1.2651364458019647,1.5272986994302062,1.040677920008158,0.024240150529680118,-0.13843833476816864,-0.0489792102345874,1.2651364458019647,1.0043206828824514,0.02006597208644756,0.07969772105319164,0.10056782153399596,0.06127787749870264,0.0028943213513292214,-0.004066972924156472,-0.0007792943282318165,0.07969772105319164,0.17782571877872672,0.20449764048680663,0.9997485918399825,0.008741860988544348,False,False,45.0
chronos2,coastal_ts,Coastal T-S,7,L7,block,block_depth,True,7,0.5833333333333334,0.5833333333333334,False,False,False,False,False,False,False,False,False,False,False,110736,0.1992524736560881,0.2240626181437013,0.17306557894141103,0.01033928728817651,-0.009522746553799775,-4.4188384587556806e-05,0.1992524736560881,0.3213099903880096,0.39934792879938763,0.2515195260562616,0.01295215354076832,-0.02857448632408162,-0.008276865342782158,0.3213099903880096,1.2612788930723842,1.5091137630089553,1.0494577464208388,0.03170010178973806,-0.13492810027533655,-0.04512165750500685,1.2612788930723842,1.0002218200137978,0.02006597208644756,0.07898886180578372,0.09873623995519322,0.061156747251746475,0.004470698256451528,-0.004099634826665477,-7.043508082389682e-05,0.07898886180578372,0.17354373963899813,0.20402823792149624,0.9974537753689562,0.008741860988544348,False,False,30.0
chronos2,coastal_ts,Coastal T-S,8,L8,block,block_depth,True,8,0.6666666666666666,0.6666666666666666,False,False,False,False,False,False,False,False,False,False,False,110736,0.20130545110441744,0.22578831523812065,0.17582168139633722,0.005430315774477378,-0.00943325415137224,-0.0020971658329168863,0.20130545110441744,0.32391475151157706,0.41101770242420266,0.24914630955121367,0.0006845366556276104,-0.023262288810418575,-0.010881626466349603,0.32391475151157706,1.2757056467077617,1.5332768210786734,1.052513106345566,-0.00782426000649767,-0.12325907431043823,-0.05954841114038434,1.2757056467077617,1.010527503060722,0.02006597208644756,0.07951097546299463,0.10085323350596374,0.0610372671580709,0.0020855685063872627,-0.0032780622192074877,-0.0005925487380347982,0.07951097546299463,0.17201926135905674,0.20488322006228069,1.0016336142622697,0.008741860988544348,False,False,30.0
chronos2,coastal_ts,Coastal T-S,9,L9,block,block_depth,True,9,0.75,0.75,False,False,False,False,False,False,False,False,False,False,False,110736,0.20320559316314757,0.23008420619104675,0.1757949682942126,0.0023669238590324757,-0.010169692845859866,-0.003997307891647012,0.20320559316314757,0.3226399444783597,0.41809328669450185,0.2441969533290065,0.003160852806714559,-0.023442728334302967,-0.009606819433132241,0.3226399444783597,1.2572762941566917,1.5105495093443617,1.0403391023746709,0.01818079569718145,-0.10335595007474299,-0.04111905858931442,1.2572762941566917,1.0200659720864476,0.02006597208644756,0.08022680590328789,0.10455250886458793,0.060140532144684365,0.0025681458842497385,-0.004754260885243616,-0.001308379178328059,0.08022680590328789,0.17199465266724184,0.2056123187455038,1.0051980337838324,0.008741860988544348,False,False,30.0
chronos2,coastal_ts,Coastal T-S,10,L10,block,block_depth,True,10,0.8333333333333334,0.8333333333333334,False,False,False,False,False,False,False,False,False,False,False,110736,0.20163828313040236,0.2301387574193844,0.17313441139995123,0.0036494428253111724,-0.008100239948059123,-0.0024299978589018,0.20163828313040236,0.31695448367244144,0.41481892036926105,0.23721203389518866,0.009314137756404772,-0.017553900835408694,-0.003921358627213989,0.31695448367244144,1.2283579105991629,1.4734918967113135,1.0171579444592285,0.042128029076820915,-0.05253977840841626,-0.012200675031785568,1.2283579105991629,1.0121982770726126,0.012198277072612562,0.07920488729701851,0.1043604426114622,0.05892551795176381,0.003836524627316108,-0.004367060308076915,-0.0002864605720586805,0.07920488729701851,0.17298419963050007,0.20454163601001105,0.9999636772672088,0.008741860988544348,False,False,30.0
chronos2,coastal_ts,Coastal T-S,11,L11,block,block_depth,True,11,0.9166666666666666,0.9166666666666666,False,False,False,False,False,False,False,False,False,False,False,110736,0.19998242457707724,0.22600982916386175,0.1743086306533466,0.003656943270470928,-0.004673799598822379,-0.0007741393055766821,0.19998242457707724,0.3197544142995161,0.4133648809821719,0.24278252750646648,0.0010604013494883064,-0.015635381303320935,-0.006721289254288665,0.3197544142995161,1.2512997817620841,1.4935777583791747,1.0306234403960368,-0.0031042617512790486,-0.07333348228011663,-0.0351425461947068,1.2512997817620841,1.0038860798611946,0.0038860798611946024,0.07982080428800965,0.10381604538978605,0.05983522057919902,0.0009297321589051301,-0.0031812690403888394,-0.0009023775630498249,0.07982080428800965,0.17984257790512556,0.2063372052895526,1.0087418609885443,0.008741860988544348,False,False,30.0
chronos2,coastal_ts,Coastal T-S,12,L12,block,block_depth,True,12,1.0,1.0,False,True,False,False,False,False,False,False,False,False,False,110736,0.19920828527150056,0.2247136474645231,0.17395900588210983,0.0,0.0,0.0,0.19920828527150056,0.31303312504522746,0.40391899034482104,0.23723048313239195,0.0,0.0,0.0,0.31303312504522746,1.2161572355673773,1.447519869269802,1.0095238169151626,0.0,0.0,0.0,1.2161572355673773,1.0,0.0,0.07891842672495983,0.1011406904325067,0.05987113075138566,0.0,0.0,0.0,0.07891842672495983,0.17798915692475467,0.20454906579107046,1.0,0.0,False,False,10.0
chronos2,coastal_ts,Coastal T-S,13,L12+LN,final_norm,head_input_diagnostic,False,12,,,False,False,True,False,False,False,False,False,False,False,False,110736,0.19594381493516266,0.2233398926521962,0.16952915224634732,0.008467298703423394,-0.001909272170936059,0.0032644703363378935,0.19594381493516266,0.3106581361790413,0.4007534104090706,0.2361713361088638,0.012512512875363023,-0.0054981488332475435,0.002374988866186145,0.3106581361790413,1.199296980539457,1.4220656075752025,1.0050477897330032,0.07564650244392576,-0.03567828714209509,0.016860255027920212,1.199296980539457,,,0.0767388062878495,0.09927644924934972,0.05801384596846007,0.0055660854291710755,0.00016157616782482844,0.0021796204371103273,0.0767388062878495,0.17655755589893848,0.20654358000804982,,,False,False,30.0
chronos2,boom_hourly,BOOM,0,Emb,embedding,block_depth,True,0,0.0,0.0,False,False,False,False,False,False,False,False,False,False,False,110736,0.2005699989149126,0.21358593209294108,0.18885673441960987,-0.06010580652598607,-0.07950535250911858,-0.06943706550377574,0.2005699989149126,0.7003406552473084,0.991101682107215,0.49682610539055655,-0.2089333156194278,-0.5429040442182266,-0.3398406238244529,0.7003406552473084,2.0234053859740073,2.6745757531369936,1.5735143739718624,-0.6018395941775496,-0.9131458520859052,-0.7379651055123053,2.0234053859740073,1.5295166034765038,0.5295166034765038,6.316710530567212,7.304901984823035,5.27149525651691,-1.6681919675282433,-3.657642021964772,-2.6470209854233695,6.316710530567212,0.23123270903889043,0.1976747909971213,1.710593080230055,0.7105930802300551,False,False,0.0001
chronos2,boom_hourly,BOOM,1,L1,block,block_depth,True,1,0.08333333333333333,0.08333333333333333,False,False,False,False,False,False,True,False,False,False,True,110736,0.1396257606792753,0.15026775371193846,0.12916250542006166,-0.004168784311093829,-0.012779240933967774,-0.008492827268138436,0.1396257606792753,0.4190317683881501,0.5969121813975568,0.2893498899410845,-0.012937078474997607,-0.13440565874072477,-0.05853173696529462,0.4190317683881501,1.3003765692225062,1.9209465277686073,0.8975045840609338,0.04123751254816879,-0.08362504001043868,-0.014936288760804217,1.3003765692225062,1.0647650216251257,0.06476502162512565,4.138131298534137,4.956284739891339,3.445449502495107,-0.15481761153416151,-0.8077797286522771,-0.4684417533902949,4.138131298534137,0.16840362261013372,0.1251160790670221,1.0827010262562071,0.08270102625620712,False,False,30.0
chronos2,boom_hourly,BOOM,2,L2,block,block_depth,True,2,0.16666666666666666,0.16666666666666666,False,False,False,False,False,False,False,False,False,False,False,110736,0.13671248098887967,0.14761895913825407,0.1261328364519855,-0.0013678341051616392,-0.009679869945176826,-0.005579547577742816,0.13671248098887967,0.40569173999565905,0.5677482188452717,0.28407048772174986,-0.008053460856926051,-0.10478021503394903,-0.04519170857280358,0.40569173999565905,1.257595210543385,1.8918686331416463,0.8547368564206476,0.08012645775218315,-0.02920041275011523,0.027845069918317034,1.257595210543385,1.0425487894810486,0.042548789481048566,3.9776262127277535,4.902130996219725,3.259904603585971,-0.088557213049817,-0.5135503830623035,-0.30793666758391103,3.9776262127277535,0.16239927158058973,0.12148916683459686,1.0513152793124871,0.05131527931248714,False,False,10.0
chronos2,boom_hourly,BOOM,3,L3,block,block_depth,True,3,0.25,0.25,True,False,False,False,False,True,False,False,False,True,False,110736,0.13279108824681932,0.14369122252252353,0.12208486644848446,0.0024722816200274493,-0.005636972073586595,-0.0016581548356824627,0.13279108824681932,0.39225698913148205,0.549104765785507,0.2739494866946991,0.0030635543098466683,-0.08589895505628771,-0.031756957708626576,0.39225698913148205,1.2260938705606383,1.851572189950689,0.8262836978704019,0.1127267981283561,0.003698647566771568,0.05934640990106366,1.2260938705606383,1.012644839038899,0.012644839038898903,3.7968293017813988,4.72004747936819,3.096049303460592,0.07825547523263726,-0.30322663242947856,-0.12713975663755628,3.7968293017813988,0.15721057768686644,0.11829448398728828,1.0236698605690557,0.023669860569055734,False,False,10.0
chronos2,boom_hourly,BOOM,4,L4,block,block_depth,True,4,0.3333333333333333,0.3333333333333333,False,False,False,True,True,False,False,True,True,False,False,110736,0.13219471836704655,0.14321021785746502,0.12117392809609068,0.00319601552229438,-0.005118311895057558,-0.0010617849559096948,0.13219471836704655,0.38511049984143414,0.5414333634549356,0.26918487561315274,0.007738201670291416,-0.07550723281069813,-0.024610468418578668,0.38511049984143414,1.2171568359834744,1.8411788189249998,0.8187367114759476,0.12471163810189932,0.009499258984744107,0.06828344447822765,1.2171568359834744,1.0080970121562118,0.009221048735980064,3.784971212753264,4.681818075464377,3.0986431561077916,0.11410013154206759,-0.3179633464838127,-0.11528166760942149,3.784971212753264,0.15359172321203962,0.11653071773990904,1.008406981965814,0.008406981965813909,False,False,10.0
chronos2,boom_hourly,BOOM,5,L5,block,block_depth,True,5,0.4166666666666667,0.4166666666666667,False,False,False,False,False,False,False,False,False,False,False,110736,0.12914970721839006,0.140028768989368,0.11841159153329787,0.00596075212532957,-0.0017837594659199307,0.0019832261927467953,0.12914970721839006,0.3728209471054813,0.5217618456385833,0.2624383282104319,0.016270198105620724,-0.05482065244051757,-0.012320915682625833,0.3728209471054813,1.1847423119685847,1.8085465460874923,0.7907724957405873,0.16002581470940921,0.04385018699506898,0.1006979684931173,1.1847423119685847,0.9848762157517758,0.009221048735980064,3.6248562956940247,4.525006672490172,2.947319983482256,0.2618964236703415,-0.128218070084875,0.044833249449817814,3.6248562956940247,0.15000927373446213,0.11353683274365582,0.9824991819283782,0.006737329518544888,False,False,10.0
chronos2,boom_hourly,BOOM,6,L6,block,block_depth,True,6,0.5,0.5,False,False,False,False,False,False,False,False,False,False,False,110736,0.13003658961588885,0.14087602058307153,0.11933168231478056,0.0051115324480017045,-0.0028132451442991085,0.001096343795248006,0.13003658961588885,0.3819296721926079,0.5229756317779101,0.2739826942954721,0.005613326804161512,-0.05595796836392116,-0.021429640769752456,0.3819296721926079,1.203166982873522,1.825287890977449,0.8122830518480012,0.13878749024091383,0.02878576779318037,0.08227329758817992,1.203166982873522,0.9916394473399701,0.009221048735980064,3.6385318202536645,4.622434131998536,2.921616128329256,0.1885253576324777,-0.10942579374318273,0.031157724890177985,3.6385318202536645,0.1483301096482248,0.11462390606980877,0.9919062494661249,0.006737329518544888,False,False,10.0
chronos2,boom_hourly,BOOM,7,L7,block,block_depth,True,7,0.5833333333333334,0.5833333333333334,False,False,False,False,False,False,False,False,False,False,False,110736,0.13056155782992726,0.1414418833306596,0.11993585274473233,0.0044142474054679835,-0.003194212476659749,0.0005713755812095933,0.13056155782992726,0.38233065730402294,0.5271281854239666,0.27397122002027646,0.004353875937813843,-0.058153829544871555,-0.021830625881167465,0.38233065730402294,1.2179993285122446,1.8398788951704697,0.8258841512509353,0.122828398365653,0.013050777832588624,0.06744095194945743,1.2179993285122446,0.9956427758737145,0.009221048735980064,3.692126065792283,4.614406624084956,3.0086691161458035,0.17018754939946784,-0.1792220555542427,-0.022436520648440705,3.692126065792283,0.15148102044070424,0.11504618845101298,0.9955605005496712,0.006737329518544888,False,False,30.0
chronos2,boom_hourly,BOOM,8,L8,block,block_depth,True,8,0.6666666666666666,0.6666666666666666,False,False,False,False,False,False,False,False,False,False,False,110736,0.1297266469415972,0.1405844183518988,0.11906494363947734,0.0051736477874272085,-0.002136301146399256,0.0014062864695396637,0.1297266469415972,0.38075491921484383,0.5185483787370061,0.2749881211361942,0.002210410330205554,-0.0489103014143071,-0.020254887791988363,0.38075491921484383,1.2134395296355582,1.8358851260848705,0.819815727974669,0.1255057285068764,0.021518093599757683,0.07200075082614377,1.2134395296355582,0.9892758711869079,0.009221048735980064,3.649192145846842,4.61569210293994,2.9432065808988948,0.17718296749784485,-0.11423057281019713,0.020497399297000563,3.649192145846842,0.14983826482847568,0.11406481293908789,0.9870680966809818,0.006737329518544888,False,False,30.0
chronos2,boom_hourly,BOOM,9,L9,block,block_depth,True,9,0.75,0.75,False,False,False,False,False,False,False,False,False,False,False,110736,0.12781894075984168,0.1382679448174944,0.11748953840121795,0.006435105468456935,0.0004101568855355808,0.0033139926512951723,0.12781894075984168,0.35869056771442737,0.4823787014332697,0.26782182675605437,0.015180767427674513,-0.011890605255933337,0.0018094637084281051,0.35869056771442737,1.201746299927727,1.8238649063298662,0.8149085006691529,0.12891653625058846,0.04197951008475031,0.08369398053397492,1.201746299927727,0.9747279911682832,0.009221048735980064,3.490079881063974,4.473282699344932,2.7547139216484964,0.32137770338258526,0.0335023053681892,0.17960966407986856,3.490079881063974,0.14960224254369478,0.11310383417554158,0.9787521975474687,0.006737329518544888,False,False,30.0
chronos2,boom_hourly,BOOM,10,L10,block,block_depth,True,10,0.8333333333333334,0.8333333333333334,False,False,False,False,False,False,False,False,False,False,False,110736,0.1307916129902426,0.14062441130968514,0.12113752194580302,0.0021698674600108257,-0.0014030059857430754,0.0003413204208942422,0.1307916129902426,0.3561188319167341,0.47353632123266215,0.2708313306175325,0.03458906760733116,-0.01617224181673939,0.004381199506121369,0.3561188319167341,1.2824677939191533,1.8952083388349759,0.89142992193354,0.03269844842582884,-0.02308001488578486,0.002972486542548669,1.2824677939191533,0.9973971418772116,0.009221048735980064,3.5816235614156855,4.646628733980549,2.780437098643326,0.22760254778066716,-0.05540083231745113,0.088065983728157,3.5816235614156855,0.15315385624483077,0.11569669481766763,1.0011897043739526,0.006737329518544888,False,False,30.0
chronos2,boom_hourly,BOOM,11,L11,block,block_depth,True,11,0.9166666666666666,0.9166666666666666,False,False,False,False,False,False,False,False,False,False,False,110736,0.13234211658101297,0.14245842661719116,0.12261458649142187,-0.00020712980905833458,-0.002219367079110557,-0.0012091831698761157,0.13234211658101297,0.3617300709386043,0.4863457276754269,0.26939720871576417,0.007682517579205818,-0.01118920859352219,-0.0012300395157488486,0.3617300709386043,1.247422608896047,1.8645756755483052,0.8592449279838238,0.0549876861421217,0.02218775309977639,0.03801767156565505,1.247422608896047,1.00922104873598,0.009221048735980064,3.728400871237212,4.745668465391631,2.9841070768898565,-0.0151311132705551,-0.12194869413245522,-0.058711326093369376,3.728400871237212,0.15781806379962857,0.11633777401625774,1.0067373295185449,0.006737329518544888,False,False,30.0
chronos2,boom_hourly,BOOM,12,L12,block,block_depth,True,12,1.0,1.0,False,True,False,False,False,False,False,False,False,False,False,110736,0.13113293341113685,0.14117404071082712,0.12139118338230008,0.0,0.0,0.0,0.13113293341113685,0.36050003142285547,0.48496945852554146,0.2675901722618314,0.0,0.0,0.0,0.36050003142285547,1.285440280461702,1.8987521620439798,0.8934565897627759,0.0,0.0,0.0,1.285440280461702,1.0,0.0,3.6696895451438425,4.65324232385729,2.942881925392419,0.0,0.0,0.0,3.6696895451438425,0.1589924088335854,0.11555921351589725,1.0,0.0,False,False,30.0
chronos2,boom_hourly,BOOM,13,L12+LN,final_norm,head_input_diagnostic,False,12,,,False,False,True,False,False,False,False,False,False,False,False,110736,0.12379290558145208,0.1343489355049859,0.11344916553770608,0.009000337149258584,0.005829700693951172,0.007340027829684778,0.12379290558145208,0.3557020063832656,0.49213588621401383,0.2542913677423156,0.01935255021225074,-0.017472434925627275,0.0047980250395898705,0.3557020063832656,1.1894028304618451,1.8107516372763481,0.7972532601111554,0.13346196728878612,0.06207866584068263,0.09603744999985686,1.1894028304618451,,,3.4141003697765706,4.30640205809766,2.764837671183353,0.45981501454747287,0.10184858453833458,0.2555891753672719,3.4141003697765706,0.1538043064860309,0.10743867055023626,,,False,False,65.0
chronos2,LOOP_SEATTLE_5T,Loop Seattle,0,Emb,embedding,block_depth,True,0,0.0,0.0,False,False,False,False,False,False,False,False,False,False,False,110736,0.19842918780241303,0.20520548505623262,0.19182484362501906,-0.014628203701270564,-0.034549600452554376,-0.024768896429365833,0.19842918780241303,5.091116374315783,5.565296625663055,4.648458808695073,0.4782935671698843,-0.28317510975562266,0.08456782828061105,5.091116374315783,1.138969776419232,1.2489214015581005,1.0363211092682894,0.12290014327074773,-0.051733736617823003,0.032950370907423254,1.138969776419232,1.1426284398899154,0.14262843988991536,0.6539539667099636,0.7152571222940264,0.5973593789658758,0.04479408119012136,-0.04768171301427833,-0.002935391377827279,0.6539539667099636,0.26040466119624794,0.23612715357928785,1.309927852797449,0.30992785279744894,False,False,0.001
chronos2,LOOP_SEATTLE_5T,Loop Seattle,1,L1,block,block_depth,True,1,0.08333333333333333,0.08333333333333333,False,False,False,False,False,False,False,False,False,False,False,110736,0.18012105107648682,0.18890498458116337,0.17146010759165725,0.0012228727049215502,-0.013987136640735259,-0.0064607597034396225,0.18012105107648682,4.978119903204413,5.459562304652731,4.511061951411524,0.5148231457874177,-0.12064956906834631,0.19756429939198128,4.978119903204413,1.0936787919457422,1.1879577636557899,1.0013835625866163,0.1561673321593704,0.004972625881846615,0.07824135538091292,1.0936787919457422,1.037203436965109,0.03720343696510908,0.639659925448745,0.7062075234412447,0.576898247085448,0.04972686937709819,-0.025985434087433718,0.011358649883391414,0.639659925448745,0.18918379062955057,0.22510990827479435,1.2488091027227697,0.24880910272276968,False,True,1e-05
chronos2,LOOP_SEATTLE_5T,Loop Seattle,2,L2,block,block_depth,True,2,0.16666666666666666,0.16666666666666666,False,False,False,False,False,False,False,False,False,False,False,110736,0.165856784593513,0.17478947808311981,0.15703469383892893,0.01615492617355959,-0.00021855650462550036,0.007803506779534203,0.165856784593513,4.493653628872942,4.925667746936671,4.096844041091787,1.0471042797100976,0.3342727679992408,0.682030573723452,4.493653628872942,0.9907854357792932,1.07369454609732,0.9109118035582064,0.2634566909079924,0.10285025374088028,0.18113471154736194,0.9907854357792932,0.9550645301937727,0.0,0.5660759909749535,0.6232483560643813,0.5140230426413589,0.13089270535561062,0.04139067149522034,0.08494258435718283,0.5660759909749535,0.174561016071839,0.21499466446747306,1.1926942535823981,0.1926942535823981,False,False,0.001
chronos2,LOOP_SEATTLE_5T,Loop Seattle,3,L3,block,block_depth,True,3,0.25,0.25,False,False,False,False,False,False,False,False,False,False,False,110736,0.1683157733321645,0.17631836729337466,0.16047070904115912,0.012742352194885028,-0.0013927990506680255,0.005344518040882706,0.1683157733321645,4.941089173275793,5.4225646641385525,4.493779989918312,0.5375627055064359,-0.04220160147723637,0.2345950293206016,4.941089173275793,1.121286124408746,1.2313939264970013,1.0160218623572246,0.10653123252040363,-0.0026451156928941925,0.050634022917909194,1.121286124408746,0.9692242941744126,0.0,0.6081998125168637,0.6708175538834948,0.5515194076298279,0.08358717092390298,0.006537608766319883,0.04281876281527264,0.6081998125168637,0.18003387240909435,0.20567690842706737,1.1410035099390559,0.14907657947484276,False,False,45.0
chronos2,LOOP_SEATTLE_5T,Loop Seattle,4,L4,block,block_depth,True,4,0.3333333333333333,0.3333333333333333,False,False,False,False,False,False,False,False,False,False,False,110736,0.1699491007580557,0.17816704618140258,0.16183819658449985,0.010884935280151716,-0.0030977988071768108,0.0037111906149915053,0.1699491007580557,4.7757402136262375,5.212517811174946,4.367846749017381,0.6942893865235411,0.11878045090638481,0.3999439889701568,4.7757402136262375,1.0740790264271904,1.1672420915322792,0.9832797955493379,0.16089061873639451,0.03943228199690205,0.09784112089946473,1.0740790264271904,0.9786295958295996,0.0,0.5914844045341912,0.6482646494324517,0.5395012067816597,0.1009008175730724,0.020398801910357176,0.05953417079794521,0.5914844045341912,0.1614110708033594,0.20713215722268774,1.1490765794748428,0.14907657947484276,False,False,1.0
chronos2,LOOP_SEATTLE_5T,Loop Seattle,5,L5,block,block_depth,True,5,0.4166666666666667,0.4166666666666667,False,False,False,False,False,False,False,False,False,False,False,110736,0.163287453225437,0.1711965019988849,0.15547075012755646,0.017617437783770878,0.00397823166514512,0.010372838147610197,0.163287453225437,4.545810462240643,4.956625740482021,4.159062996401898,0.9309486084721929,0.35166103315316394,0.6298737403557517,4.545810462240643,1.0255832867213395,1.113797920082847,0.9387091816751302,0.20773338805678226,0.08637869641355408,0.1463368606053157,1.0255832867213395,0.9402693726608586,0.0,0.5631548511411401,0.6186809433479229,0.5126668452407053,0.129621529283344,0.05084310651447429,0.0878637241909963,0.5631548511411401,0.17248790347187043,0.20529910361835066,1.1389076178133217,0.13890761781332173,False,False,45.0
chronos2,LOOP_SEATTLE_5T,Loop Seattle,6,L6,block,block_depth,True,6,0.5,0.5,False,False,False,False,False,False,True,False,False,False,True,110736,0.1596658464720231,0.16678680667283993,0.15267060635511884,0.02150124233173388,0.00724733017121962,0.013994444901024111,0.1596658464720231,4.542152913414613,4.952069405241364,4.153623466224443,0.924509740139727,0.36591675634187354,0.6335312891817813,4.542152913414613,1.0295831130551083,1.1197408992703262,0.9419015992136016,0.2042516677297643,0.08536497906185396,0.14233703427154687,1.0295831130551083,0.9194148254020716,0.0,0.5463714013311012,0.5981932373993506,0.49808930581156863,0.1468796819870769,0.06714801346724966,0.10464717400103518,0.5463714013311012,0.17721262756719053,0.19711647051891298,1.0935140286233491,0.09351402862334912,True,False,90.0
chronos2,LOOP_SEATTLE_5T,Loop Seattle,7,L7,block,block_depth,True,7,0.5833333333333334,0.5833333333333334,False,False,False,False,False,False,False,False,False,False,False,110736,0.15693764684309486,0.16396468989231147,0.14984346314667518,0.024229284524135575,0.010092721614659622,0.01672264452995234,0.15693764684309486,4.427423896605665,4.836076832396703,4.046452156250835,1.0366477605539253,0.4881602261050938,0.7482603059907289,4.427423896605665,1.0058311495144003,1.0971554266603853,0.9166079996889069,0.2233949221818553,0.11182442586096462,0.16608899781225483,1.0058311495144003,0.9037048458358872,0.0,0.546786510277031,0.6003598065970486,0.49719179991322865,0.14593065928786791,0.0678470034702678,0.1042320650551054,0.546786510277031,0.17697409668688793,0.19215678995233457,1.0659999387922627,0.06599993879226274,True,False,90.0
chronos2,LOOP_SEATTLE_5T,Loop Seattle,8,L8,block,block_depth,True,8,0.6666666666666666,0.6666666666666666,True,False,False,False,True,True,False,False,True,True,False,110736,0.15399859804404145,0.16146071023478364,0.1466794386669595,0.02655302607987559,0.013492903871930981,0.019661693329005747,0.15399859804404145,4.365857696933517,4.777698997493522,3.9835534467855798,1.0946647907313651,0.5518702346540132,0.8098265056628771,4.365857696933517,0.9910130687749306,1.0820402938379723,0.901952801680743,0.23828722063843116,0.12650724989572285,0.1809070785517246,0.9910130687749306,0.8867807189913691,0.0,0.5301416715634842,0.5832842577473074,0.4811780953884054,0.16224113851526376,0.08467551609998605,0.12087690376865212,0.5301416715634842,0.1746468349911775,0.18385456539406123,1.0199429096695638,0.019942909669563802,True,False,90.0
chronos2,LOOP_SEATTLE_5T,Loop Seattle,9,L9,block,block_depth,True,9,0.75,0.75,False,False,False,True,False,False,False,False,False,False,False,110736,0.1594833704635842,0.167655327722416,0.1513932576658958,0.019378200123612674,0.009339081475383218,0.014176920909462987,0.1594833704635842,4.57753662413122,5.028878570843046,4.154066516742039,0.8217837317990841,0.3932742124391186,0.5981475784651744,4.57753662413122,1.0418749686560353,1.1450724595290016,0.9407846310240435,0.17295865597274965,0.08872442381811269,0.13004517867061982,1.0418749686560353,0.9183640612521551,0.0,0.5540281547720736,0.6111689349576716,0.5008214939355655,0.13149189778957462,0.06619719347354379,0.0969904205600628,0.5540281547720736,0.17192327362916818,0.180989847440301,1.0040507355542332,0.011711391010707395,False,False,65.0
chronos2,LOOP_SEATTLE_5T,Loop Seattle,10,L10,block,block_depth,True,10,0.8333333333333334,0.8333333333333334,False,False,False,False,False,False,False,False,False,False,False,110736,0.1628471728243673,0.17161434089430813,0.1541762990454027,0.015214176850308096,0.006689920847638293,0.01081311854867989,0.1628471728243673,5.089487500855526,5.652351770620957,4.5548329435047314,0.2916955398568144,-0.11217030934429388,0.08619670174086824,5.089487500855526,1.1740983456593685,1.3135769869159302,1.0404491972401608,0.03898124066167078,-0.04443991928037595,-0.002178198332713377,1.1740983456593685,0.9377340757453195,0.0,0.5907945396210239,0.6567326741503511,0.530123496416991,0.0895719029170743,0.03503912768823156,0.060224035711112456,0.5907945396210239,0.1774299512623971,0.18004131328513603,0.998788692242628,0.011711391010707395,True,False,90.0
chronos2,LOOP_SEATTLE_5T,Loop Seattle,11,L11,block,block_depth,True,11,0.9166666666666666,0.9166666666666666,False,False,False,False,False,False,False,False,False,False,False,110736,0.1663362175681209,0.17579676263489338,0.15685360966541784,0.010170229139048173,0.004736337731841175,0.0073240738049263066,0.1663362175681209,4.992213375217068,5.536307873741549,4.468240235372568,0.310431071771432,0.07048930248443505,0.18347082737932663,4.992213375217068,1.1433282158604943,1.273747398946002,1.0160837075583713,0.05087722778869722,0.007426967948264395,0.028591931466160903,1.1433282158604943,0.9578252820663928,0.0,0.6078734592909999,0.6767653132244852,0.5425122048829052,0.06453594047018212,0.02595368943387819,0.043145116041136466,0.6078734592909999,0.17805904687423701,0.1823707546128799,1.0117113910107074,0.011711391010707395,False,False,65.0
chronos2,LOOP_SEATTLE_5T,Loop Seattle,12,L12,block,block_depth,True,12,1.0,1.0,False,True,False,False,False,False,False,True,False,False,False,110736,0.1736602913730472,0.18509163454153668,0.16241057854899354,0.0,0.0,0.0,0.1736602913730472,5.175684202596394,5.758342067530748,4.614963401080566,0.0,0.0,0.0,5.175684202596394,1.1719201473266552,1.305348039784989,1.0400885326030074,0.0,0.0,0.0,1.1719201473266552,1.0,0.0,0.6510185753321364,0.7299502674059205,0.5767391834068347,0.0,0.0,0.0,0.6510185753321364,0.18285831970722552,0.18025966321352785,1.0,0.0,False,False,65.0
chronos2,LOOP_SEATTLE_5T,Loop Seattle,13,L12+LN,final_norm,head_input_diagnostic,False,12,,,False,False,True,False,False,False,False,False,False,False,False,110736,0.16895810264439984,0.17995819618733497,0.15804401388576694,0.006225378593813839,0.003224523102452294,0.004702188728647361,0.16895810264439984,5.206999119737342,5.841674758848292,4.620089824877868,0.09938338929853266,-0.16941075364973757,-0.03131491714094814,5.206999119737342,1.1810828643309437,1.3183162130156072,1.046568344029053,0.019995920091822977,-0.03780895301890694,-0.009162717004288501,1.1810828643309437,,,0.6253860244881271,0.7033317344409803,0.5545226712934801,0.03980197029547839,0.01249684715446604,0.025632550844009283,0.6253860244881271,0.17749739749359777,0.18188013254401794,,,False,False,45.0
chronos2,electricity_15min,Electricity 15min,0,Emb,embedding,block_depth,True,0,0.0,0.0,False,False,False,False,False,False,False,False,False,False,False,110736,0.27308198331876565,0.282238739672053,0.26501705371099343,-0.09610306310204378,-0.11934064547922323,-0.1080177734883232,0.27308198331876565,157.72554293597886,235.84499238917752,94.6621537388753,-31.940175732941356,-89.59531207127516,-56.767383008649645,157.72554293597886,2.4929663014755414,2.6930193086822656,2.305190571526319,-0.852467122363913,-1.075271345420102,-0.9669427667628612,2.4929663014755414,1.6543985131560706,0.6543985131560706,1.8532446036074233,2.06832613779171,1.7076431332889122,-0.4704474110400837,-0.7566824778342274,-0.63868051185226,1.8532446036074233,0.26882651500628363,0.2859317094428849,2.717203184900368,1.717203184900368,False,False,0.01
chronos2,electricity_15min,Electricity 15min,1,L1,block,block_depth,True,1,0.08333333333333333,0.08333333333333333,False,False,False,False,False,False,False,False,False,False,False,110736,0.18456167559928566,0.1959494978864855,0.17398134528851236,-0.010310371146885747,-0.028632597955839553,-0.019497465768843203,0.18456167559928566,117.91533904790037,190.4909906872014,62.358346656142054,-0.7191657096549928,-38.64382357440903,-16.957179120571155,117.91533904790037,1.6232199205501747,1.8038539836288074,1.4595421888846267,-0.02125737198153367,-0.17265234986868677,-0.09719638583749446,1.6232199205501747,1.118120492557844,0.11812049255784407,1.4732085696342339,1.8977141382093496,1.2254927020820516,-0.07182271648307997,-0.42560742388589196,-0.25864447787907063,1.4732085696342339,0.1571803846512754,0.17027396262260794,1.6181099831327908,0.6181099831327908,False,False,0.1
chronos2,electricity_15min,Electricity 15min,2,L2,block,block_depth,True,2,0.16666666666666666,0.16666666666666666,False,False,False,False,False,False,False,False,False,False,False,110736,0.15860741818679197,0.1706534142129635,0.14770240085199474,0.013404109591319577,-0.00040826032307880175,0.0064567916436504835,0.15860741818679197,95.02442208109511,154.9821774486153,50.206826929285256,22.254393655629556,-13.339618515623306,5.933737846234109,95.02442208109511,1.3796334089766529,1.558290729678413,1.2187271702301117,0.20252732220311195,0.09095781293084833,0.1463901257360274,1.3796334089766529,0.9608831517729794,0.007453968926187882,1.2482212054201647,1.776975724018236,0.9468545064563001,0.11861679189126863,-0.27234594455614164,-0.03365711366500146,1.2482212054201647,0.11968529744707102,0.11919929189536407,1.1327484321589345,0.1327484321589345,False,False,1.0
chronos2,electricity_15min,Electricity 15min,3,L3,block,block_depth,True,3,0.25,0.25,False,False,False,False,False,False,True,False,False,False,False,110736,0.1521906481899378,0.1635499121180472,0.14160912035260603,0.019698468112664007,0.006250992932051179,0.012873561640504655,0.1521906481899378,93.71969768764812,153.27177628175977,49.76984092851379,25.002151474096415,-12.32805450594623,7.238462239681098,93.71969768764812,1.3628282366205078,1.5417225331361477,1.2014978774757843,0.21552703810495627,0.11043507986094739,0.16319529809217248,1.3628282366205078,0.9220087646272401,0.007453968926187882,1.1990663736082259,1.7245870920502162,0.897403856528168,0.15770920010150427,-0.22214262698649107,0.015497718146937345,1.1990663736082259,0.11286890435124744,0.11390477733132039,1.0824347685783846,0.10980684673176921,False,False,3.0
chronos2,electricity_15min,Electricity 15min,4,L4,block,block_depth,True,4,0.3333333333333333,0.3333333333333333,False,False,False,False,False,False,False,False,False,False,False,110736,0.1504146782894626,0.16162121776342106,0.140016135074312,0.021485925590946493,0.008125892046924306,0.014649531540979865,0.1504146782894626,93.48759290161634,152.14715575239754,49.890122882233854,25.55098502684166,-11.179185560610891,7.470567025712882,93.48759290161634,1.371279592235006,1.5501041530450097,1.2119861622387278,0.20781307620638093,0.10220903165192108,0.1547439424776742,1.371279592235006,0.9112494976589524,0.007453968926187882,1.1726067994983431,1.668897309974555,0.8826913884527631,0.16707189170490416,-0.16042041325596867,0.0419572922568201,1.1726067994983431,0.11205218734227687,0.11678514532915509,1.1098068467317692,0.10980684673176921,False,False,3.0
chronos2,electricity_15min,Electricity 15min,5,L5,block,block_depth,True,5,0.4166666666666667,0.4166666666666667,False,False,False,False,False,False,False,False,False,False,False,110736,0.14879764717441935,0.15979186047316452,0.13858399702349808,0.022782285549528627,0.010115794959044402,0.01626656265602311,0.14879764717441935,90.84257798082216,145.88909868548674,48.821652526019356,26.24226717767995,-4.075126128913867,10.115581946507064,90.84257798082216,1.3395017333011419,1.5183406673092632,1.180839286586249,0.23884851648614105,0.13583520949464087,0.1865218014115384,1.3395017333011419,0.9014531213475503,0.007453968926187882,1.155175119721657,1.613422811913953,0.886511125714623,0.16376285719873268,-0.10030172953344416,0.05938897203350613,1.155175119721657,0.10847630689837241,0.11548195861791836,1.0974226900770503,0.1082769241009307,False,False,3.0
chronos2,electricity_15min,Electricity 15min,6,L6,block,block_depth,True,6,0.5,0.5,False,False,False,False,False,False,False,False,False,False,False,110736,0.1509359432028905,0.16216012782004896,0.14056568793056687,0.02022286632972707,0.008309437931010522,0.014128266627551955,0.1509359432028905,89.91533887815307,143.1606511925983,49.50768574654009,31.183096986925296,-3.7777149402882904,11.042821049176155,89.91533887815307,1.3525028200905558,1.5272615764481903,1.198042693606013,0.22626016938258517,0.12276927500223495,0.17352071462212448,1.3525028200905558,0.9144074500337486,0.007453968926187882,1.1329286418255882,1.5746927962456307,0.8649685808368845,0.17703793069524387,-0.05987066833831055,0.08163544992957505,1.1329286418255882,0.10466539081041748,0.1149387267766563,1.0922603690036283,0.1082769241009307,False,False,1.0
chronos2,electricity_15min,Electricity 15min,7,L7,block,block_depth,True,7,0.5833333333333334,0.5833333333333334,False,False,False,False,False,False,False,False,False,False,False,110736,0.15988376809156124,0.17111931475455242,0.14963096588466118,0.010877536988340828,-0.00026981564316870603,0.005180441738881214,0.15988376809156124,94.20258704347006,148.6595656326601,52.72221877207941,30.289381981099098,-10.713867231393458,6.755572883859159,94.20258704347006,1.4008982129027059,1.5694823363973551,1.2497761763211657,0.18051899088613768,0.07434607930638762,0.12512532180997438,1.4008982129027059,0.9686155966565818,0.007453968926187882,1.2136197418140962,1.6549936158274081,0.9196629205833883,0.13521373027772093,-0.15620139137395272,0.0009443499410670686,1.2136197418140962,0.10324959168972253,0.11662415133519027,1.1082769241009307,0.1082769241009307,False,False,0.3
chronos2,electricity_15min,Electricity 15min,8,L8,block,block_depth,True,8,0.6666666666666666,0.6666666666666666,False,False,False,False,False,False,False,False,False,False,False,110736,0.1604076392294569,0.1714798231811782,0.15033844688885936,0.010156085048908832,-0.00042656747382562233,0.004656570600985566,0.1604076392294569,96.69021556523288,150.58615684983235,54.30221088943115,22.808870803837145,-10.11911783693291,4.267944362096344,96.69021556523288,1.432599783313709,1.614023360599122,1.2730585618744192,0.13881886995987217,0.05117442283931927,0.0934237513989713,1.432599783313709,0.971789338186825,0.007453968926187882,1.2184774423984956,1.6501362211039132,0.9363521041965485,0.1152555019324928,-0.1425910103487038,-0.003913350643332425,1.2184774423984956,0.10408268725149429,0.11615509050720521,1.1038194486492001,0.10381944864920012,False,False,3.0
chronos2,electricity_15min,Electricity 15min,9,L9,block,block_depth,True,9,0.75,0.75,False,False,False,False,False,False,False,False,False,False,True,110736,0.1637011545760031,0.174949385155035,0.15332871467863274,0.005516269115219238,-0.002873959007338829,0.0013630552544393604,0.1637011545760031,92.52136984208202,141.23782643094796,53.97193178763282,25.294261100849496,-2.0757399341150964,8.436790085247196,92.52136984208202,1.4490588812808434,1.6297586343459374,1.2909588107474212,0.11784191167862708,0.03849098401947368,0.0769646534318369,1.4490588812808434,0.991742272562662,0.007453968926187882,1.1614580483180181,1.5332641482442224,0.9181468702786572,0.12521843861998114,-0.023408689825683063,0.05310604343714509,1.1614580483180181,0.10501767725415175,0.11250167150931958,1.06910108265834,0.06910108265834003,False,False,10.0
chronos2,electricity_15min,Electricity 15min,10,L10,block,block_depth,True,10,0.8333333333333334,0.8333333333333334,True,False,False,False,False,True,False,False,False,True,False,110736,0.16336293676370428,0.17520528421950535,0.15257775354846062,0.0044973862538725574,-0.0010934273033395773,0.0017012730667381737,0.16336293676370428,95.51648007449583,146.59682609736393,55.287087540264984,17.74371230394758,-3.90021531920437,5.4416798528333885,95.51648007449583,1.4452404514944888,1.6277777739733903,1.2849185141878243,0.11834780700695516,0.04564376193325914,0.0807830832181915,1.4452404514944888,0.9896932650119262,0.007453968926187882,1.1975751462150477,1.5368021833170082,0.9788339463236679,0.06332642842705782,-0.0320644792025012,0.01698894554011554,1.1975751462150477,0.10288298659432824,0.10787079314068529,1.0250939402652968,0.025093940265296766,False,False,10.0
chronos2,electricity_15min,Electricity 15min,11,L11,block,block_depth,True,11,0.9166666666666666,0.9166666666666666,False,False,False,False,True,False,False,False,True,False,False,110736,0.16629459332134433,0.17855718513623675,0.15514976677399497,0.000657645444108455,-0.0031533333686187314,-0.0012303834909018763,0.16629459332134433,101.00248740388591,159.94863321376943,56.24100579669198,2.7897164098871956,-3.598372783189074,-0.04432747655668834,101.00248740388591,1.48740014743871,1.6838652495921158,1.3136830467710865,0.059660062941320265,0.018344054580962048,0.0386233872739703,1.48740014743871,1.0074539689261879,0.007453968926187882,1.251077941323665,1.5996706142124333,1.0351588144998982,0.005771424551617841,-0.07158651244374999,-0.03651384956850179,1.251077941323665,0.10554165057196593,0.10646812491232657,1.0117644127886802,0.011764412788680234,False,False,10.0
chronos2,electricity_15min,Electricity 15min,12,L12,block,block_depth,True,12,1.0,1.0,False,True,False,True,False,False,False,True,False,False,False,110736,0.16506420983044245,0.17704807085745775,0.15381092774887917,0.0,0.0,0.0,0.16506420983044245,100.95815992732922,158.92067520257896,56.85704590834766,0.0,0.0,0.0,100.95815992732922,1.5260235347126803,1.7336986515588724,1.3420168211934147,0.0,0.0,0.0,1.5260235347126803,1.0,0.0,1.2145640917551632,1.5564833180332467,1.0071828454605325,0.0,0.0,0.0,1.2145640917551632,0.10412893707528603,0.10523015394351865,1.0,0.0,False,False,3.0
chronos2,electricity_15min,Electricity 15min,13,L12+LN,final_norm,head_input_diagnostic,False,12,,,False,False,True,False,False,False,False,False,False,False,False,110736,0.1599371440296296,0.17213308500101118,0.14865054999449723,0.006494355068243473,0.0038641788182737597,0.005127065800812847,0.1599371440296296,93.32815101318671,146.59856985480897,52.5555246489614,14.361255640793424,3.0933030089022826,7.630008914142508,93.32815101318671,1.3961891329695322,1.579100782048697,1.23378822870911,0.1629426782040818,0.10118813079900267,0.1298344017431481,1.3961891329695322,,,1.2107434349983117,1.56322607326695,0.9930468402101399,0.05064140903295501,-0.036093745423973984,0.0038206567568515037,1.2107434349983117,0.10244934663171192,0.09841133322822683,,,False,False,30.0
chronos2,SZ_TAXI_15T,SZ Taxi,0,Emb,embedding,block_depth,True,0,0.0,0.0,False,False,False,False,False,False,True,False,False,False,True,110736,0.25558068660589367,0.26930606866685247,0.2438254146860578,-0.011004081961865982,-0.030184376855882322,-0.019008144784050135,0.25558068660589367,2.9474458264797314,3.1819070966247383,2.719492482981735,-0.14076925804295176,-0.24644338947499594,-0.19324835861710277,2.9474458264797314,0.853120250344569,0.9242417641769325,0.7932115925311387,-0.04072304229884883,-0.10699937060296966,-0.06786770763907035,0.853120250344569,1.0803480599974475,0.08034805999744754,1.9176166602930345,2.1299013310355717,1.7275355071706342,-0.074742796495602,-0.13831507782122857,-0.10480740487169538,1.9176166602930345,0.23826646586743797,0.23859952906003365,1.0863674347904775,0.08636743479047748,False,False,0.1
chronos2,SZ_TAXI_15T,SZ Taxi,1,L1,block,block_depth,True,1,0.08333333333333333,0.08333333333333333,False,False,False,False,False,False,False,False,False,False,False,110736,0.24847200899743116,0.2599608293710611,0.23829712622249738,-0.0057039623220379474,-0.019918023763845376,-0.011899467175587625,0.24847200899743116,2.863771119041542,3.084278276751738,2.646427458542402,-0.06586469199445211,-0.1546582857305297,-0.10957365117891316,2.863771119041542,0.8292121044802437,0.8955760754787018,0.773990548666199,-0.020942915040245032,-0.07622187972254721,-0.04395956177474514,0.8292121044802437,1.0502994433925,0.05029944339249992,1.8792597349970614,2.09035658820285,1.6911083818412693,-0.040081643173299326,-0.09390535054952337,-0.06645047957572237,1.8792597349970614,0.2208873015939334,0.2331638466566801,1.0616182310844586,0.06161823108445863,False,False,45.0
chronos2,SZ_TAXI_15T,SZ Taxi,2,L2,block,block_depth,True,2,0.16666666666666666,0.16666666666666666,True,False,False,False,False,True,False,False,False,True,False,110736,0.24542901187370986,0.25648694132239774,0.23567892177603567,-0.003694824335905609,-0.015401431675761577,-0.008856470051866322,0.24542901187370986,2.8229865984811453,3.0384013536134735,2.6160483468343787,-0.03454245848854788,-0.10289292854599687,-0.06878913061851666,2.8229865984811453,0.8198770725869003,0.8827029638813141,0.7671458390088272,-0.01606234817876832,-0.06142109554114485,-0.034624529881401744,0.8198770725869003,1.0374365933749652,0.03743659337496519,1.8481380741070617,2.058588737931963,1.6639969180442602,-0.014541336407526858,-0.057295551521458016,-0.035328818685722574,1.8481380741070617,0.2106043345146576,0.2277236934273671,1.036848671262281,0.036848671262281085,False,False,30.0
chronos2,SZ_TAXI_15T,SZ Taxi,3,L3,block,block_depth,True,3,0.25,0.25,False,False,False,False,False,False,False,False,False,False,False,110736,0.2419946744846992,0.25277165313943833,0.2324501549753432,-0.0010098345422496398,-0.010895201424136736,-0.005422132662855655,0.2419946744846992,2.7896267826166827,3.0048582769939585,2.58537518810927,-0.007315769220550697,-0.06353082413847212,-0.035429314754054086,2.7896267826166827,0.8094670974977364,0.8719277166454826,0.7560914671739797,-0.007818051533219432,-0.04867789246278157,-0.024214554792237775,0.8094670974977364,1.0229195350445146,0.022919535044514605,1.826514305702756,2.03747578746413,1.6427473502041903,0.0018344346253958833,-0.030727218354974644,-0.013705050281416886,1.826514305702756,0.20567234973536758,0.22460311813614306,1.0226403809628286,0.02264038096282861,False,False,30.0
chronos2,SZ_TAXI_15T,SZ Taxi,4,L4,block,block_depth,True,4,0.3333333333333333,0.3333333333333333,False,False,False,False,True,False,False,False,True,False,False,110736,0.23991010767909196,0.2506977822488317,0.23039648288096756,0.0007840817650923388,-0.008500903775581197,-0.0033375658572484257,0.23991010767909196,2.7702510101484004,2.984754469025878,2.5635958676314323,0.010627237911142139,-0.042958061284416926,-0.016053542285771716,2.7702510101484004,0.8032964629124649,0.8664337166803916,0.7500541292603871,-0.0021737198720490755,-0.04206370355835824,-0.018043920206966324,0.8032964629124649,1.0141080018481683,0.01817655771748483,1.8173778665027964,2.027321363062715,1.634512504736438,0.01020603984847026,-0.020027633012520973,-0.004568611081457341,1.8173778665027964,0.20451758416313437,0.22341079408159623,1.0172116107147064,0.01721161071470645,False,False,45.0
chronos2,SZ_TAXI_15T,SZ Taxi,5,L5,block,block_depth,True,5,0.4166666666666667,0.4166666666666667,False,False,False,False,False,False,False,False,False,False,False,110736,0.24087261628264037,0.251946223484209,0.23109867011841673,-0.0001510338308528319,-0.009809257351578417,-0.004300074460796832,0.24087261628264037,2.7730075945742634,2.989593311330414,2.566665708632702,0.006400367625685207,-0.04471929394074194,-0.018810126711634734,2.7730075945742634,0.804076170154739,0.868931155576172,0.7496670721871385,-0.00241545173084409,-0.04437151664640784,-0.018823627449240377,0.804076170154739,1.0181765577174848,0.01817655771748483,1.8231308784651772,2.0324062368638804,1.6400441905611753,0.0035191435575152785,-0.025894717085050662,-0.010321623043838102,1.8231308784651772,0.20425165684324512,0.2231145729430211,1.0158628863491876,0.015937930201064487,False,False,65.0
chronos2,SZ_TAXI_15T,SZ Taxi,6,L6,block,block_depth,True,6,0.5,0.5,False,False,False,False,False,False,False,False,False,False,False,110736,0.24012488804948637,0.25111669648486457,0.23052250211103223,0.00022143622358831622,-0.008469532214057362,-0.003552346227642833,0.24012488804948637,2.7782558807635462,2.9985496476627835,2.567430507228883,-0.001101564527555846,-0.04695880456673836,-0.024058412900917592,2.7782558807635462,0.8031326767197365,0.8668569720426803,0.7493524694083299,-0.0027299217959777834,-0.041665939120348466,-0.017880134014237936,0.8031326767197365,1.015015885614984,0.016924017752208087,1.8191121737554092,2.0284945746937253,1.6352766814884137,0.006900969859608835,-0.020380484955129334,-0.006302918334070151,1.8191121737554092,0.20262787245491912,0.22285909095826822,1.0146996514111115,0.015937930201064487,False,False,65.0
chronos2,SZ_TAXI_15T,SZ Taxi,7,L7,block,block_depth,True,7,0.5833333333333334,0.5833333333333334,False,False,False,False,False,False,False,False,False,False,False,110736,0.2397224854391355,0.25064195353442276,0.23010357422037767,0.0005052629607514818,-0.007936699368441713,-0.003149943617291956,0.2397224854391355,2.7748686858646,2.9957251548857853,2.563898191799147,0.001912439480043724,-0.043863002638317126,-0.020671218001971248,2.7748686858646,0.8015215315856027,0.865160317981273,0.7482607157392976,-0.0012567551619581615,-0.0400394572631906,-0.016268988880104085,0.8015215315856027,1.013314916401685,0.016924017752208087,1.818516802376288,2.0282177906039265,1.6354807145841663,0.006868851401517871,-0.019404046002706187,-0.0057075469549490165,1.818516802376288,0.20194840988670737,0.22276146676486883,1.0142551587292752,0.015937930201064487,False,False,65.0
chronos2,SZ_TAXI_15T,SZ Taxi,8,L8,block,block_depth,True,8,0.6666666666666666,0.6666666666666666,False,False,False,False,False,False,False,False,False,False,False,110736,0.24057629971932143,0.25212079851577673,0.23056664537065305,-0.00011918482084113206,-0.009861442949384082,-0.004003757897477894,0.24057629971932143,2.768411611373871,2.9881412387115396,2.558784606302081,0.008383313796149943,-0.0378433019668991,-0.014214143511242394,2.768411611373871,0.8018825524022234,0.8679677094786699,0.7467870322091242,-0.0009522167705345164,-0.042429410596299136,-0.01663000969672479,0.8018825524022234,1.016924017752208,0.016924017752208087,1.8226537050516916,2.034720889596705,1.6369719533083846,0.0025959435299665093,-0.024804961389807666,-0.00984444963035247,1.8226537050516916,0.20130696603320164,0.22313105486906493,1.0159379302010645,0.015937930201064487,False,False,65.0
chronos2,SZ_TAXI_15T,SZ Taxi,9,L9,block,block_depth,True,9,0.75,0.75,False,False,False,False,False,False,False,False,False,False,False,110736,0.24017892715831599,0.2517954414137281,0.23005194879757862,0.0001265432745313708,-0.00909637343735456,-0.0036063853364724507,0.24017892715831599,2.7740966203023927,2.99635371299635,2.5607317668601772,0.002697753606330895,-0.042847280687117614,-0.019899152439764034,2.7740966203023927,0.8020293393196266,0.867108518575686,0.7477142257086198,-0.0019684298311996723,-0.0411629094330127,-0.01677679661412801,0.8020293393196266,1.0152443107247346,0.015244310724734644,1.8204203240885128,2.0306927836400663,1.6355168708123473,0.004181592724211655,-0.021527568624972782,-0.007611068667173759,1.8204203240885128,0.20085478601563012,0.22277729743375227,1.014327237342396,0.014327237342395938,False,False,65.0
chronos2,SZ_TAXI_15T,SZ Taxi,10,L10,block,block_depth,True,10,0.8333333333333334,0.8333333333333334,False,False,False,True,False,False,False,True,False,False,False,110736,0.23851364497572947,0.24975333446875597,0.22896255720406772,0.0008982553278119834,-0.005942816099820618,-0.0019411031538859314,0.23851364497572947,2.7611833871504436,2.9819679495673252,2.54839781008664,0.01268961067944958,-0.027226999948132956,-0.006985919287815001,2.7611833871504436,0.7964943365059837,0.8584772073680043,0.7443808095167794,0.0011736128696139907,-0.03191516489103224,-0.011241793800485067,0.7964943365059837,1.008205107570547,0.008205107570546932,1.8123520282793437,2.0209106606237084,1.628219309752493,0.010770923438065934,-0.011109644364206899,0.0004572271419953644,1.8123520282793437,0.20091329671314234,0.22140508660903344,1.0080794247020515,0.008079424702051474,False,False,65.0
chronos2,SZ_TAXI_15T,SZ Taxi,11,L11,block,block_depth,True,11,0.9166666666666666,0.9166666666666666,False,False,False,False,False,False,False,False,False,False,False,110736,0.23573493045301008,0.24641662221760127,0.22664281459859548,0.002083740615023252,-0.0004526387852353985,0.0008376113688334519,0.23573493045301008,2.743666026722338,2.9658046719206252,2.5315193601344284,0.02808072667940753,-0.005822898745889282,0.01053144114029081,2.743666026722338,0.7860422137229741,0.8436781650022568,0.7367692547048704,0.006737074551052227,-0.010597992598616357,-0.0007896710174755128,0.7860422137229741,0.9964593888944887,0.0,1.8018449912196497,2.0109744245467702,1.617577695894391,0.018154746485058867,0.003912715254077553,0.010964264201689389,1.8018449912196497,0.20179571683813885,0.21963221560686064,1.0000073663437121,7.366343712122969e-06,False,False,45.0
chronos2,SZ_TAXI_15T,SZ Taxi,12,L12,block,block_depth,True,12,1.0,1.0,False,True,False,False,False,False,False,False,False,False,False,110736,0.23657254182184353,0.2477947825482354,0.22732398155240868,0.0,0.0,0.0,0.23657254182184353,2.7541974678626286,2.980377046277904,2.5378889348337994,0.0,0.0,0.0,2.7541974678626286,0.7852525427054986,0.8405099556782971,0.7386240474642304,0.0,0.0,0.0,0.7852525427054986,1.0,0.0,1.812809255421339,2.0219802127482116,1.6273554762088933,0.0,0.0,0.0,1.812809255421339,0.2067717126940766,0.21963059773238805,1.0,0.0,False,False,30.0
chronos2,SZ_TAXI_15T,SZ Taxi,13,L12+LN,final_norm,head_input_diagnostic,False,12,,,False,False,True,False,False,False,False,False,False,False,False,110736,0.23753135493741587,0.24894019057854816,0.228063965215085,-0.00011589860018247237,-0.001992694357744401,-0.0009588131155723323,0.23753135493741587,2.773364131359237,3.000565970466893,2.553369492987955,-0.007712110286905197,-0.030734916612851125,-0.01916666349660856,2.773364131359237,0.7926937003053768,0.8513987175359053,0.7435788297752088,-0.002452404441610657,-0.013526386705719007,-0.007441157599878179,0.7926937003053768,,,1.8181881740607477,2.0284691712568805,1.6326145610984804,-0.0009927089036135324,-0.010181063448684146,-0.0053789186394086475,1.8181881740607477,0.20682600140571594,0.21923543319392663,,,False,False,65.0
chronos2,monash_london_smart_meters,London Smart Meters,0,Emb,embedding,block_depth,True,0,0.0,0.0,False,False,False,False,False,False,False,False,False,False,False,110736,0.2067720571262691,0.21420700727243913,0.19963089682104934,-0.054192577891464096,-0.06365054619057772,-0.05879642042324287,0.2067720571262691,0.12898433433165363,0.14420072502448036,0.11490195837737001,-0.029462544899025032,-0.040142601678526804,-0.034430064380220365,0.12898433433165363,1.151111012585685,1.328559464975391,1.0271329255194874,-0.26716779793803647,-0.35037308496263575,-0.3043691351970327,1.151111012585685,1.3973385195918568,0.39733851959185684,4.589585163736072,4.858444458586345,4.335940982993495,-1.0238665427116693,-1.2950757602797738,-1.158668801137063,4.589585163736072,0.21300940561927373,0.21226921785651273,1.356104717660309,0.35610471766030893,False,False,3.0
chronos2,monash_london_smart_meters,London Smart Meters,1,L1,block,block_depth,True,1,0.08333333333333333,0.08333333333333333,False,False,False,False,False,False,False,False,False,False,False,110736,0.1891443885237206,0.19670623243210536,0.181850790743581,-0.0367003132315452,-0.045789225252330985,-0.04116875182069438,0.1891443885237206,0.11924115422335599,0.1333557294210608,0.10624926701307143,-0.020229074091478352,-0.02974873385193247,-0.024686884271922727,0.11924115422335599,1.0691356079661727,1.244029896300541,0.9472609339937443,-0.18850104225643835,-0.26321714099585364,-0.22239373057752043,1.0691356079661727,1.278213040592056,0.278213040592056,4.208065049700372,4.435426601451327,3.989819379273468,-0.6584432153684293,-0.8967063054082667,-0.7771486871013629,4.208065049700372,0.19239655984204845,0.19499634529058715,1.2457551144030399,0.24575511440303988,False,False,10.0
chronos2,monash_london_smart_meters,London Smart Meters,2,L2,block,block_depth,True,2,0.16666666666666666,0.16666666666666666,False,False,False,False,False,False,True,False,False,False,True,110736,0.15863988696391346,0.1653730124704369,0.15224442382179598,-0.007789857120373996,-0.013490611181829053,-0.010664250260887242,0.15863988696391346,0.10157411744229132,0.11488094757901268,0.08979936041669051,-0.00460701666048975,-0.009732104865596313,-0.007019847490858058,0.10157411744229132,0.913613640497813,1.0870341888594157,0.7969204258867625,-0.04643439455778642,-0.09105338382198193,-0.06687176310916076,0.913613640497813,1.072067608550247,0.07206760855024696,3.6565131226246836,3.901521065563307,3.434428701992929,-0.15442036243600504,-0.2993429801983884,-0.2255967600256743,3.6565131226246836,0.16479534908348809,0.171000411008833,1.0924545086310327,0.09245450863103266,False,False,3.0
chronos2,monash_london_smart_meters,London Smart Meters,3,L3,block,block_depth,True,3,0.25,0.25,True,False,False,False,False,True,False,False,False,True,False,110736,0.15288088777820572,0.15938896049588974,0.14659668134013545,-0.0025582201096392737,-0.007203162502042425,-0.004905251075179501,0.15288088777820572,0.09839320216695145,0.11122067696932808,0.08704937760871309,-0.0019161252029791052,-0.005953558992237257,-0.00383893221551819,0.09839320216695145,0.8846150191365153,1.0579771794502875,0.7697737328563928,-0.02261942915426972,-0.05528326122059481,-0.03787314174786305,0.8846150191365153,1.033149045237926,0.033149045237925945,3.534058783405235,3.7689196046838473,3.3176569555623163,-0.0433742623593813,-0.16375450651543894,-0.10314242080622549,3.534058783405235,0.15820384649439598,0.16229007988883795,1.0368076218921685,0.03680762189216846,False,False,10.0
chronos2,monash_london_smart_meters,London Smart Meters,4,L4,block,block_depth,True,4,0.3333333333333333,0.3333333333333333,False,False,False,False,False,False,False,False,False,False,False,110736,0.15108318892769687,0.15761770341289408,0.14487531764027556,-0.0009591500893348752,-0.0051782379804875866,-0.0031075522246706566,0.15108318892769687,0.0973986857593182,0.11000821287959323,0.08625563603317238,-0.00093522636021152,-0.004920771139362276,-0.0028444158078849424,0.0973986857593182,0.8769212643430642,1.0510985329997213,0.762261985006952,-0.015595974542329812,-0.046627118635327786,-0.030179386954411913,0.8769212643430642,1.0210004315163532,0.021000431516353224,3.495518568629317,3.7254982934481387,3.2818234465017952,-0.008282638036842217,-0.1201032493844131,-0.06460220603030775,3.495518568629317,0.15544001616596362,0.16007306193577425,1.0226439643649634,0.02264396436496341,False,False,10.0
chronos2,monash_london_smart_meters,London Smart Meters,5,L5,block,block_depth,True,5,0.4166666666666667,0.4166666666666667,False,False,False,False,True,False,False,False,True,False,False,110736,0.14997001865324172,0.15643953088180426,0.1437703626646255,-0.00011118084924538275,-0.0038240670187412867,-0.001994381950215507,0.14997001865324172,0.09719018692683251,0.11006269317841262,0.08591202486076878,-0.0009192168857520157,-0.004535684994254342,-0.0026359169753992495,0.09719018692683251,0.8693524933519989,1.0425175797751678,0.7549138260330306,-0.009345956788461968,-0.03691678713171364,-0.02261061596334668,0.8693524933519989,1.0134777723863966,0.01347777238639658,3.486005059257754,3.7365388358547946,3.2603555914681808,-0.005310900311724993,-0.10467933107544164,-0.055088696658744496,3.486005059257754,0.15632029591660032,0.15920261925669343,1.0170830477352508,0.017083047735250823,False,False,30.0
chronos2,monash_london_smart_meters,London Smart Meters,6,L6,block,block_depth,True,6,0.5,0.5,False,False,False,False,False,False,False,False,False,False,False,110736,0.14967386583790523,0.1562512974468067,0.1433269867229183,0.00014274365353957773,-0.003468935737272598,-0.0016982291348790202,0.14967386583790523,0.09637611924124968,0.10906513694882436,0.08520123321690709,-0.0002883101210115812,-0.003470861602803567,-0.0018218492898164212,0.09637611924124968,0.8639095730382395,1.0373112041853325,0.7490252646745483,-0.005601212925013432,-0.02927277044756351,-0.0171676956495872,0.8639095730382395,1.0114764103923892,0.011476410392389225,3.475798360939762,3.726397865378701,3.2494717187122104,0.00020145815606740226,-0.09151702293243949,-0.04488199834075246,3.475798360939762,0.15232219458844945,0.15879680114648953,1.0144904351119193,0.014598051490779973,False,False,10.0
chronos2,monash_london_smart_meters,London Smart Meters,7,L7,block,block_depth,True,7,0.5833333333333334,0.5833333333333334,False,False,False,False,False,False,False,False,False,False,False,110736,0.14964085254277892,0.1562718199455812,0.1432892019323692,2.9286954068496936e-05,-0.00329943139546813,-0.0016652158397527095,0.14964085254277892,0.09630468537842089,0.10889109308397202,0.08512501033086242,-0.00024198173923179088,-0.003362637746201521,-0.001750415426987631,0.09630468537842089,0.8614330528047578,1.0343066619654682,0.747721593534566,-0.003769618351562894,-0.026433813676438773,-0.01469117541610554,0.8614330528047578,1.011253310861535,0.011253310861534915,3.47475871658094,3.728661261290145,3.247633683201808,-0.0005342505904139645,-0.08551982161013268,-0.04384235398193059,3.47475871658094,0.15522250879176464,0.15881364619117658,1.01459805149078,0.014598051490779973,False,False,30.0
chronos2,monash_london_smart_meters,London Smart Meters,8,L8,block,block_depth,True,8,0.6666666666666666,0.6666666666666666,False,False,False,False,False,False,False,False,False,False,False,110736,0.149036358330996,0.15561074253584023,0.14272999601751452,0.0005093117368954817,-0.002693117300105346,-0.001060721627969774,0.149036358330996,0.09588236755345175,0.10854885685127844,0.08470341810258261,0.00017759194533899356,-0.002908569800567744,-0.001328097602018491,0.09588236755345175,0.8579959285125213,1.0302282163219665,0.7436571285279936,-0.00046553213420808535,-0.022609189508716925,-0.011254051123869013,0.8579959285125213,1.0071682180364498,0.007168218036449847,3.4596098004086984,3.7069625016334817,3.2362243623746787,0.014563624773839,-0.07147553426990641,-0.028693437809689026,3.4596098004086984,0.1544529880748439,0.15813522422615126,1.0102638798354384,0.010263879835438416,False,False,30.0
chronos2,monash_london_smart_meters,London Smart Meters,9,L9,block,block_depth,True,9,0.75,0.75,False,False,False,True,False,False,False,True,False,False,False,110736,0.14888042955168787,0.15537943867077866,0.14252365260662242,0.0003646443203404334,-0.002136682464833594,-0.0009047928486616563,0.14888042955168787,0.09484372154348156,0.10742359158645451,0.08381838080056297,0.0009594603136951615,-0.0015928338709960673,-0.0002894515920482954,0.09484372154348156,0.8511461569340701,1.0238131975263938,0.7372349540995752,0.0036655975925556634,-0.012838970357916257,-0.0044042795454178885,0.8511461569340701,1.006114471738868,0.0061144717388679215,3.4438463658300664,3.6846200242131792,3.2204330648822426,0.019942388599082306,-0.0450682369456026,-0.012930003231057086,3.4438463658300664,0.1523023886990919,0.15794581805448268,1.009053838146175,0.009053838146175108,False,False,10.0
chronos2,monash_london_smart_meters,London Smart Meters,10,L10,block,block_depth,True,10,0.8333333333333334,0.8333333333333334,False,False,False,False,False,False,False,False,False,False,False,110736,0.1474488967361341,0.15403367497723636,0.14102115961260925,0.0015832268394785705,-0.0005498505101489609,0.0005267399668921202,0.1474488967361341,0.09478211170654441,0.10726154061708554,0.08380144681350996,0.0008311345384865911,-0.0013400487129777386,-0.00022784175511114668,0.09478211170654441,0.8499595246748838,1.0232303331439372,0.7361859747403778,0.004008125979929685,-0.010909078543420297,-0.0032176472862315286,0.8499595246748838,0.9964403601928793,0.0022159956060832098,3.420078307245029,3.6709176045433685,3.19477586101949,0.042810896608140935,-0.020836940486193258,0.010838055353980192,3.420078307245029,0.15413038918168592,0.15608075191444568,0.9971386626120456,0.0015647066956774314,False,False,30.0
chronos2,monash_london_smart_meters,London Smart Meters,11,L11,block,block_depth,True,11,0.9166666666666666,0.9166666666666666,False,False,False,False,False,False,False,False,False,False,False,110736,0.1483035500637675,0.15486159392824497,0.1418404376084511,0.0003483702698793513,-0.0010236348995924676,-0.0003279133607412832,0.1483035500637675,0.09433329205596962,0.10693719083492344,0.08350167126508556,0.0008980795127941784,-0.00046968351522111705,0.00022097789546364488,0.09433329205596962,0.8461412873733763,1.0180286174186446,0.733217130470667,0.005537286167155973,-0.004442261286291849,0.0006005900152759036,0.8461412873733763,1.0022159956060832,0.0022159956060832098,3.4335696514622636,3.678078252910772,3.209193664151992,0.015092512377565075,-0.02030766545670405,-0.0026532888632542218,3.4335696514622636,0.15591310521045237,0.15677355454509495,1.0015647066956774,0.0015647066956774314,False,False,30.0
chronos2,monash_london_smart_meters,London Smart Meters,12,L12,block,block_depth,True,12,1.0,1.0,False,True,False,False,False,False,False,False,False,False,False,110736,0.14797563670302621,0.15443688187186555,0.14156478459498922,0.0,0.0,0.0,0.14797563670302621,0.09455426995143326,0.10724557303010783,0.08365693387892492,0.0,0.0,0.0,0.09455426995143326,0.8467418773886523,1.018275540005045,0.733043925470404,0.0,0.0,0.0,0.8467418773886523,1.0,0.0,3.4309163625990093,3.678903131516619,3.204413473293374,0.0,0.0,0.0,3.4309163625990093,0.1576981270121921,0.15652863314474813,1.0,0.0,False,False,45.0
chronos2,monash_london_smart_meters,London Smart Meters,13,L12+LN,final_norm,head_input_diagnostic,False,12,,,False,False,True,False,False,False,False,False,False,False,False,110736,0.1439710288159265,0.15061571139465477,0.1373991102165052,0.0046727159088975,0.0033547340846044682,0.00400460788709972,0.1439710288159265,0.09234833449086265,0.10500128106583786,0.08151818025702397,0.0032007760288625393,0.0012712892622528619,0.0022059354605706155,0.09234833449086265,0.8301917180840294,1.001919400218342,0.7166663637212429,0.023442435461634412,0.010388783397137816,0.01655015930462289,0.8301917180840294,,,3.3339004796374616,3.579653316481474,3.1106892755735265,0.1248668528497741,0.07132408932788017,0.09701588296154773,3.3339004796374616,0.15354177543901473,0.15223202426413088,,,False,False,30.0
chronos2,m5,M5,0,Emb,embedding,block_depth,True,0,0.0,0.0,True,False,False,False,False,True,True,False,False,True,True,110736,0.23556897331398863,0.24540969618375746,0.2262604069412608,-0.010657196848845217,-0.020222328222918372,-0.015179866512540663,0.23556897331398863,1.1315135527108477,1.3562525899946134,0.9479483256629379,-0.03891454412399449,-0.11203930675087256,-0.0729045478503989,1.1315135527108477,1.1566299454154303,1.2965369429557878,1.0355117808353558,-0.025587152461982492,-0.08817584910691495,-0.054302388612957886,1.1566299454154303,1.0688775717314216,0.06887757173142162,5.817172864885753,6.614533505026782,5.177568722423134,-0.33820105747529494,-0.6746530382187076,-0.49077887116173,5.817172864885753,0.2211598932497214,0.22313617300668745,1.043364286212669,0.04336428621266908,False,False,3.0
chronos2,m5,M5,1,L1,block,block_depth,True,1,0.08333333333333333,0.08333333333333333,False,False,False,True,True,False,False,True,True,False,False,110736,0.21886518007528236,0.2274313368599947,0.21049381543825318,0.003771367540426603,-0.0007878378851211196,0.0015239267261656086,0.21886518007528236,1.0619236685748716,1.2658316605345477,0.8951571668725345,0.020560987168915027,-0.026830529225048066,-0.003314663714422794,1.0619236685748716,1.0947408706960366,1.221202919766002,0.986247294959399,0.022696600659540222,-0.009420366708433414,0.007586686106435758,1.0947408706960366,0.9930852901566567,0.0,5.380519694636787,6.085309463361579,4.843551459139964,0.06907177327066909,-0.16931565414463695,-0.05412570091276425,5.380519694636787,0.20081412143887714,0.21114254041880598,0.9872831598962429,0.0,False,False,30.0
chronos2,m5,M5,2,L2,block,block_depth,True,2,0.16666666666666666,0.16666666666666666,False,False,False,False,False,False,False,False,False,False,False,110736,0.21843326960526804,0.22710759656837937,0.21009734350946227,0.004285774420136346,-0.0005782169122817579,0.0019558371961799215,0.21843326960526804,1.0688870488111897,1.274187919161634,0.9007867543536777,0.01586730794386712,-0.03553067671945994,-0.010278043950740834,1.0688870488111897,1.099738979104517,1.2257670720957536,0.9920651380210744,0.01772049654662149,-0.014424546564917502,0.0025885776979555075,1.099738979104517,0.9911255269166186,0.0,5.400757959760563,6.086889527879035,4.8734480343475575,0.0480487829486563,-0.18354208431118874,-0.0743639660365405,5.400757959760563,0.20079101165930288,0.2103627770286025,0.9836370577780981,0.0,True,False,90.0
chronos2,m5,M5,3,L3,block,block_depth,True,3,0.25,0.25,False,False,False,False,False,False,False,False,False,False,False,110736,0.21544205196884297,0.22418127308194416,0.20706471204615504,0.0071958974355703816,0.0025632972786388043,0.004947054832604991,0.21544205196884297,1.0545714559224821,1.2559649557738732,0.8901368095076806,0.030958993201044158,-0.020786973747645782,0.004037548937966706,1.0545714559224821,1.0770268694969387,1.2039562305932223,0.9686390610429955,0.04050769390048155,0.007902296460432567,0.025300687305533698,1.0770268694969387,0.9775530882428691,0.0,5.326293834133757,6.021409231024086,4.8036148205575975,0.13662515630710714,-0.12383224881349378,0.00010015959026521415,5.326293834133757,0.19605501288470614,0.20756496464876273,0.9705547436139979,0.0,False,False,45.0
chronos2,m5,M5,4,L4,block,block_depth,True,4,0.3333333333333333,0.3333333333333333,False,False,False,False,False,False,False,False,False,False,False,110736,0.21243167276145847,0.2213113520529036,0.20387359704175353,0.010391248274551897,0.005411940497765664,0.007957434039989497,0.21243167276145847,1.054211568023463,1.2608543715182217,0.8868741894267497,0.027998069132701125,-0.017066360423136133,0.004397436836985902,1.054211568023463,1.0782600828699598,1.2051054764750266,0.9696916802953256,0.040107426738034815,0.006280672924741509,0.02406747393251263,1.0782600828699598,0.9638937052947972,0.0,5.286207752206476,5.955209818204562,4.761793953873258,0.15813227269369715,-0.058875053894636785,0.040186241517546684,5.286207752206476,0.19282460642959842,0.20393099672807993,0.9535626428058097,0.0,False,False,65.0
chronos2,m5,M5,5,L5,block,block_depth,True,5,0.4166666666666667,0.4166666666666667,False,False,False,False,False,False,False,False,False,False,False,110736,0.21151447650187344,0.22045973345871928,0.2028845850900811,0.011168922422069854,0.006546226152723636,0.008874630299574526,0.21151447650187344,1.0523689596567691,1.2602884593768626,0.883519904710309,0.027666291500198777,-0.013946397688011796,0.006240045203679712,1.0523689596567691,1.0725408957845601,1.1985978589082573,0.9648121640698482,0.04525770778138794,0.013122870569903421,0.029786661017912275,1.0725408957845601,0.9597319920735927,0.0,5.272257856337538,5.9434256466396675,4.746633819059274,0.16242825874571018,-0.04014304383126836,0.05413613738648415,5.272257856337538,0.19040606787409553,0.20353414489397112,0.9517070000158139,0.0,False,False,45.0
chronos2,m5,M5,6,L6,block,block_depth,True,6,0.5,0.5,False,False,False,False,False,False,False,False,False,False,False,110736,0.20990320283720512,0.21891593965950581,0.2011792153354649,0.012735371169356897,0.008240155758023372,0.010485903964242843,0.20990320283720512,1.0455786217453518,1.2526742480652084,0.8772561835369534,0.03397422933441329,-0.008029610655308505,0.013030383115097077,1.0455786217453518,1.055484284769821,1.1802677608707415,0.9486946477445738,0.060943322990744446,0.031027955291607977,0.046843272032651484,1.055484284769821,0.9524209516684972,0.0,5.260727613196851,5.916621323002195,4.748426467558268,0.18351333167554845,-0.04250193959447026,0.06566638052717177,5.260727613196851,0.18679567866315971,0.20193320730317185,0.9442211626269775,0.0,False,False,30.0
chronos2,m5,M5,7,L7,block,block_depth,True,7,0.5833333333333334,0.5833333333333334,False,False,False,False,False,False,False,False,False,False,False,110736,0.20982743458438466,0.21897263902218173,0.20101703470643922,0.01285777492733061,0.00826660249282727,0.010561672217063306,0.20982743458438466,1.0418917319998822,1.2466960822552413,0.8749228447367181,0.03634793995279763,-0.001853070211150981,0.01671727286056668,1.0418917319998822,1.0518906518372866,1.1759067009559805,0.9454727655687369,0.06471843579036499,0.03521804895520862,0.050436904965185825,1.0518906518372866,0.9520771585749087,0.0,5.27768535778216,5.9387748498462525,4.751492923212627,0.15147149500778073,-0.03927893518205032,0.048708635941862255,5.27768535778216,0.18564245435896956,0.20172536405841357,0.9432493066710862,0.0,False,False,30.0
chronos2,m5,M5,8,L8,block,block_depth,True,8,0.6666666666666666,0.6666666666666666,False,False,False,False,False,False,False,False,False,False,False,110736,0.210430730845182,0.21941081335988488,0.2016475621088344,0.012147324128815827,0.0077539554758011674,0.009958375956265975,0.210430730845182,1.0480067807020819,1.2511828047104212,0.8831785001717731,0.025306934973908398,-0.0035312450025863163,0.01060222415836698,1.0480067807020819,1.0632744390655402,1.187728320381513,0.9566762555921442,0.05286167667283988,0.024242395313153215,0.03905311773693221,1.0632744390655402,0.9548145727309579,0.0,5.281164293792122,5.959732774584832,4.752319299130446,0.1443203056689072,-0.04205811276189175,0.045229699931900846,5.281164293792122,0.18785678126302732,0.2021467991400766,0.9452198984726725,0.0,False,False,45.0
chronos2,m5,M5,9,L9,block,block_depth,True,9,0.75,0.75,False,False,False,False,False,False,False,False,False,False,False,110736,0.21097743937759908,0.21989544466927022,0.20221533735659514,0.011534728732969594,0.007346657155266453,0.009411667423848885,0.21097743937759908,1.0482869418205991,1.2564548723748086,0.8790119337957434,0.026389282779588834,-0.005768504328048091,0.010322063039849727,1.0482869418205991,1.0625420469612636,1.1871589087984804,0.9559847502294845,0.0535936295502457,0.025068723387971704,0.039785509841208766,1.0625420469612636,0.9572952240678211,0.0,5.2743838682359145,5.976185949226894,4.716194876887879,0.12628995427775755,-0.004687040086798365,0.05201012548810802,5.2743838682359145,0.18964161324332143,0.20238434071190484,0.9463306210829817,0.0,False,False,65.0
chronos2,m5,M5,10,L10,block,block_depth,True,10,0.8333333333333334,0.8333333333333334,False,False,False,False,False,False,False,False,False,False,False,110736,0.2124341002573039,0.22111308045102324,0.20380738981295632,0.009538406409138377,0.0063798897394924765,0.007955006544144078,0.2124341002573039,1.0482433901757935,1.2599219802529458,0.880428556566058,0.02244023496438161,-0.0010611925115187547,0.010365614684655355,1.0482433901757935,1.0760682182892818,1.2021186028203372,0.9710450041104564,0.034738400527653125,0.017061483362394207,0.026259338513190622,1.0760682182892818,0.9639047198856754,0.0,5.262499580790077,5.964636402368377,4.694278178454007,0.12822017851327613,0.016553259256853737,0.06389441293394515,5.262499580790077,0.19099684650749182,0.20483211307068364,0.9577761802028462,0.0,False,False,30.0
chronos2,m5,M5,11,L11,block,block_depth,True,11,0.9166666666666666,0.9166666666666666,False,False,False,False,False,False,False,False,False,False,False,110736,0.21785345306719534,0.2263406976040822,0.2095288962076013,0.0035721041646053853,0.0014781930199504218,0.0025356537342526297,0.21785345306719534,1.046745883383858,1.2525784849212467,0.8804397103366224,0.02259486000394316,0.002804411486812769,0.011863121476590743,1.046745883383858,1.0812452741615153,1.205743627812904,0.9761291857062404,0.028247641550396753,0.013669663076259891,0.02108228264095713,1.0812452741615153,0.9884946503434172,0.0,5.309548286219675,6.035269661248344,4.723856306171694,0.05877609613612932,-0.0171839026869679,0.01684570750434755,5.309548286219675,0.20028199974335248,0.21087623206998102,0.9860379264742468,0.0,True,False,90.0
chronos2,m5,M5,12,L12,block,block_depth,True,12,1.0,1.0,False,True,False,False,False,False,False,False,False,False,False,110736,0.22038910680144796,0.22859461808591397,0.21239225544134968,0.0,0.0,0.0,0.22038910680144796,1.0586090048604488,1.2642564394739964,0.8928708456759299,0.0,0.0,0.0,1.0586090048604488,1.1023275568024724,1.2263530040527542,0.9977210534164548,0.0,0.0,0.0,1.1023275568024724,1.0,0.0,5.326393993724023,6.075781553046873,4.728209314377485,0.0,0.0,0.0,5.326393993724023,0.2028725763149506,0.21386219171508578,1.0,0.0,False,False,30.0
chronos2,m5,M5,13,L12+LN,final_norm,head_input_diagnostic,False,12,,,False,False,True,False,False,False,False,False,False,False,False,110736,0.21760221717182462,0.22583273838643866,0.20949662256744186,0.003625957332267081,0.0019836921198649,0.0027868896296233403,0.21760221717182462,1.0403792178281726,1.2495145353036028,0.8726814190658578,0.03316623562163738,0.005879186059931915,0.01822978703227629,1.0403792178281726,1.068759910102807,1.1917710531816623,0.9663162683853196,0.04296316262279694,0.02515395975535035,0.0335676466996655,1.068759910102807,,,5.280683915899446,6.0045051385727755,4.693966521922821,0.09471704142710106,0.0019918701572879025,0.0457100778245767,5.280683915899446,0.19977197348750816,0.2107022438795512,,,False,False,45.0
chronos2,wiki_daily_100k,Wiki Daily,0,Emb,embedding,block_depth,True,0,0.0,0.0,False,False,False,False,False,False,False,False,False,False,False,110736,0.21453038895971902,0.2261665656942277,0.20298751268806006,-0.025366410960706375,-0.038000652355404986,-0.03150198256013956,0.21453038895971902,47.9820603488183,63.70008706187131,33.83517365961684,0.902055663034638,-9.871140860099112,-4.420009998549418,47.9820603488183,0.9989274619547971,1.0775800870824908,0.9278617957314493,-0.10873692676612257,-0.18259495426258673,-0.1445319464145205,0.9989274619547971,1.1721152643998103,0.17211526439981029,2.766614857036538,3.5561395547028143,2.1700175274198403,-0.14236173087548287,-0.5821253125309344,-0.3513734459615949,2.766614857036538,0.2128491600817724,0.21170640745349512,1.2086075346085643,0.2086075346085643,False,False,0.01
chronos2,wiki_daily_100k,Wiki Daily,1,L1,block,block_depth,True,1,0.08333333333333333,0.08333333333333333,False,False,False,False,False,False,True,False,False,False,True,110736,0.1979040749911361,0.20899529974047407,0.18691412741211705,-0.010153152898508523,-0.020082764694012187,-0.014875668591556646,0.1979040749911361,45.59787557537564,61.43907127584873,31.710136286448233,4.241905128910282,-8.751852762008797,-2.0358252251067555,45.59787557537564,0.9363536689499932,1.011327036575584,0.8680238826616022,-0.052294270356573205,-0.1180975543276462,-0.08195815340971657,0.9363536689499932,1.0812751904700562,0.08127519047005616,2.5700564559154397,3.3422561222404763,1.9975426984869773,0.11079215939683215,-0.48115231272362907,-0.1548150448404968,2.5700564559154397,0.18864551999765197,0.18491694410793655,1.0556695690693096,0.05566956906930964,False,False,30.0
chronos2,wiki_daily_100k,Wiki Daily,2,L2,block,block_depth,True,2,0.16666666666666666,0.16666666666666666,True,False,False,False,False,True,False,False,False,True,False,110736,0.1953362846135638,0.20631712650283032,0.18437399392208184,-0.007894836153607563,-0.017116213752710423,-0.012307878213984352,0.1953362846135638,45.02324369254553,60.50539632348052,31.386128724808938,4.35390846823261,-7.506441359543925,-1.461193342276644,45.02324369254553,0.9242241329007637,0.9971588973567461,0.8577833955596476,-0.04286733217136343,-0.102837006087119,-0.06982861736048707,0.9242241329007637,1.067245726803272,0.06724572680327201,2.4517652992754515,3.1444509245034435,1.9308455376331284,0.21564043788783824,-0.33283218945153026,-0.03652388820050856,2.4517652992754515,0.1861694156027892,0.18238797771054824,1.041231990729472,0.041231990729472034,False,False,45.0
chronos2,wiki_daily_100k,Wiki Daily,3,L3,block,block_depth,True,3,0.25,0.25,False,False,False,False,True,False,False,False,True,False,False,110736,0.1888052593091972,0.19977271601962962,0.17785947773790428,-0.0021179717073202885,-0.009846372312318729,-0.005776852909617741,0.1888052593091972,41.51325053399801,55.467971191435005,29.255275952516296,9.460479878145192,-4.70437602552946,2.048799816270872,41.51325053399801,0.8926025181215851,0.9646955567794704,0.8272220296468085,-0.015080179357473179,-0.06723615020979358,-0.03820700258130849,0.8926025181215851,1.0315626028945801,0.03156260289458013,2.3116721312362385,2.949603413846279,1.8310999323851083,0.40620910651902686,-0.19360641441011353,0.10356927983870445,2.3116721312362385,0.1785437462121847,0.1781515458897325,1.0170466886402185,0.01704668864021852,False,False,30.0
chronos2,wiki_daily_100k,Wiki Daily,4,L4,block,block_depth,True,4,0.3333333333333333,0.3333333333333333,False,False,False,True,False,False,False,True,False,False,False,110736,0.1859834653730611,0.1968800921426759,0.17531247827764743,6.361573095652459e-05,-0.006402073726271291,-0.002955058973481639,0.1859834653730611,42.763545961641775,58.486333411029264,29.0292058193118,4.9342124991796785,-3.651414724257607,0.7985043886271086,42.763545961641775,0.8763822351604722,0.9470654675967201,0.8127408035473404,-0.001701083465514641,-0.04584482781799509,-0.021986719620195605,0.8763822351604722,1.0161453570602057,0.0161453570602057,2.310469087195996,2.953521770315615,1.8057744187549405,0.3413165178150031,-0.12543319461656444,0.10477232387894686,2.310469087195996,0.174305873761325,0.17644984280790083,1.0073318614363223,0.007331861436322251,False,False,30.0
chronos2,wiki_daily_100k,Wiki Daily,5,L5,block,block_depth,True,5,0.4166666666666667,0.4166666666666667,False,False,False,False,False,False,False,False,False,False,False,110736,0.1848223130609698,0.19601593476769918,0.17410567669937288,0.0012566440749401772,-0.0052956185314292446,-0.0017939066613903432,0.1848223130609698,41.826017319352594,57.08492192971285,28.563733312989175,6.432465491910698,-2.844343469261283,1.736033030916289,41.826017319352594,0.8669199235698412,0.9362706796979136,0.8038823003905667,0.008051549363100045,-0.03694968009359474,-0.01252440802956456,0.8669199235698412,1.0098012472308477,0.009801247230847743,2.263525014266737,2.931911986909888,1.7575569947026908,0.4058823655910167,-0.07437045155667718,0.1517163968082058,2.263525014266737,0.1730055441890163,0.17550249694924774,1.0019235728709426,0.0019235728709425803,False,False,45.0
chronos2,wiki_daily_100k,Wiki Daily,6,L6,block,block_depth,True,6,0.5,0.5,False,False,False,False,False,False,False,False,False,False,False,110736,0.18386732037570186,0.19500302961593818,0.17304835729549803,0.0021611282171837983,-0.004114609833394422,-0.0008389139761224018,0.18386732037570186,39.457724947810824,53.12722328598271,27.351034104258957,10.417008927248029,-1.52708251523518,4.104325402458059,39.457724947810824,0.8598348596889795,0.9290132370224679,0.7966675422646889,0.016299482624806152,-0.03033017822904756,-0.0054393441487029515,0.8598348596889795,1.0045835178955278,0.007333051739834673,2.143680571788034,2.6838110503427117,1.7222831014517652,0.6146266149867228,-0.017841273475611118,0.2715608392869089,2.143680571788034,0.17157300130345216,0.17520008826244424,1.00019715645399,0.00019715645398998838,False,False,45.0
chronos2,wiki_daily_100k,Wiki Daily,7,L7,block,block_depth,True,7,0.5833333333333334,0.5833333333333334,False,False,False,False,False,False,False,False,False,False,False,110736,0.18437056317356706,0.19548660681888688,0.17360654307266285,0.001485266043086557,-0.004508896978244992,-0.0013421567739876072,0.18437056317356706,39.39127256377053,53.000346673099656,27.317327558195625,10.582996517493317,-1.4942291067623692,4.1707777864983555,39.39127256377053,0.8603838656052631,0.9288651538962861,0.798027218803292,0.014974129006554631,-0.0295467327605684,-0.005988350064986547,0.8603838656052631,1.0073330517398347,0.007333051739834673,2.165237374150727,2.725754028053931,1.7348179957619725,0.5764323048420066,-0.02354033761506495,0.2500040369242158,2.165237374150727,0.17103058761693912,0.17514566269539694,0.9998864471504788,0.0,False,False,45.0
chronos2,wiki_daily_100k,Wiki Daily,8,L8,block,block_depth,True,8,0.6666666666666666,0.6666666666666666,False,False,False,False,False,False,False,False,False,False,False,110736,0.1837917393400469,0.19476439120134212,0.1730351983925029,0.0020508494995932613,-0.0038956475792495545,-0.0007633329404674316,0.1837917393400469,40.74490999803185,55.677549740261824,27.907611630068715,7.925747024150988,-1.8852492447578442,2.8171403522370326,40.74490999803185,0.8629492906933258,0.9311350947108363,0.8012054099934548,0.012573096873266512,-0.032379122640230865,-0.008553775153049226,0.8629492906933258,1.0041705708719386,0.004170570871938617,2.1437436228024604,2.675903376016144,1.718651930952313,0.59944395527127,-0.0029027336760010848,0.2714977882724825,2.1437436228024604,0.17237872813415409,0.17440805695097866,0.9956755407778396,0.0,False,False,65.0
chronos2,wiki_daily_100k,Wiki Daily,9,L9,block,block_depth,True,9,0.75,0.75,False,False,False,False,False,False,False,False,False,False,False,110736,0.18171876464181275,0.19270898478802378,0.17095296914255576,0.003669348937807662,-0.0012285743324612186,0.0013096417577667108,0.18171876464181275,38.58950776525431,52.276168188709256,26.65726607109414,11.007681657518168,-0.026970030223725298,4.972542585014573,38.58950776525431,0.8459169628805471,0.9126296135560255,0.7846656545556014,0.028565418853555822,-0.012739427243771903,0.008478552659729521,0.8459169628805471,0.9928445983684764,0.0,2.0914849206029813,2.5807367814224187,1.6814667677600381,0.6776255393005887,0.06443734643541381,0.32375649047196164,2.0914849206029813,0.17236261484393559,0.1734715721477534,0.9903292567289116,0.0,False,False,65.0
chronos2,wiki_daily_100k,Wiki Daily,10,L10,block,block_depth,True,10,0.8333333333333334,0.8333333333333334,False,False,False,False,False,False,False,False,False,False,False,110736,0.18055583452734783,0.19147055340639335,0.17001771005830293,0.004164446924834428,0.0008270622938444938,0.002472571872231627,0.18055583452734783,38.520612205045985,52.00550404615926,26.915275244740915,10.640644093534325,1.014160109431035,5.041438145222898,38.520612205045985,0.8415110646739231,0.9064614785601631,0.7817926865621307,0.024854642400733443,0.0013454333498812505,0.01288445086635348,0.8415110646739231,0.9864907752798021,0.0,2.0618556247494912,2.554298326573259,1.6633221678146648,0.6912651857046491,0.11871881955174739,0.3533857863254517,2.0618556247494912,0.1706875225280544,0.17284125156473112,0.9867308290052399,0.0,False,False,45.0
chronos2,wiki_daily_100k,Wiki Daily,11,L11,block,block_depth,True,11,0.9166666666666666,0.9166666666666666,False,False,False,False,False,False,False,False,False,False,False,110736,0.18155947120021318,0.19228629693211205,0.17127133239956416,0.002359516146230219,0.00057488750837002,0.001468935199366278,0.18155947120021318,44.056886990388406,61.197657226101434,29.526980007434716,1.1923729951059305,-2.2204957291720837,-0.494836640119523,44.056886990388406,0.860983406135224,0.9267851734657536,0.7992061715320308,0.0019110322642929914,-0.016539284829947286,-0.006587890594947354,0.860983406135224,0.9919742775000764,0.0,2.3074630850922326,3.0105270660706873,1.7605951596857154,0.21030649283669536,0.03341912183501077,0.10777832598271031,2.3074630850922326,0.17360852212462055,0.17336584006272654,0.9897256444143366,0.0,False,False,65.0
chronos2,wiki_daily_100k,Wiki Daily,12,L12,block,block_depth,True,12,1.0,1.0,False,True,False,False,False,False,False,False,False,False,False,110736,0.18302840639957946,0.19346054422292316,0.1728916116627573,0.0,0.0,0.0,0.18302840639957946,43.56205035026888,60.6628666874233,29.10958464229999,0.0,0.0,0.0,43.56205035026888,0.8543955155402766,0.9201312530902367,0.794855699995046,0.0,0.0,0.0,0.8543955155402766,1.0,0.0,2.415241411074943,3.1846586808642914,1.8213079350896637,0.0,0.0,0.0,2.415241411074943,0.1754266045308823,0.17516555324310565,1.0,0.0,False,False,30.0
chronos2,wiki_daily_100k,Wiki Daily,13,L12+LN,final_norm,head_input_diagnostic,False,12,,,False,False,True,False,False,False,False,False,False,False,False,110736,0.1806426089086378,0.19136724086862256,0.17028904413584023,0.0034930799931344805,0.0013889033386469663,0.0023857974909416713,0.1806426089086378,40.57407598510648,56.04948891384254,27.436724088553706,5.789774059263697,0.9139611007340271,2.987974365162401,40.57407598510648,0.8423152478511982,0.9064782155598865,0.7830646218520547,0.020988212765125008,0.0039062087683060633,0.012080267689078439,0.8423152478511982,,,2.1861078454357634,2.8213052622872636,1.6894382270900372,0.44218793796611366,0.08070594632351917,0.22913356563917953,2.1861078454357634,0.17363545774259048,0.17267691208945432,,,False,False,45.0
chronos2,monash_traffic,Traffic,0,Emb,embedding,block_depth,True,0,0.0,0.0,False,False,False,False,False,False,False,False,False,False,False,110736,0.2063782860645811,0.21157602459647273,0.20127985753289615,-0.11626332168972105,-0.12806233863865257,-0.12205127785906537,0.2063782860645811,0.027727679085383195,0.029415145085610883,0.02617825986258085,-0.014674060650831659,-0.016538638808302097,-0.01559381154490549,0.027727679085383195,1.8171895919887535,1.90543579133785,1.731943378250947,-1.027005058537473,-1.180725272527183,-1.102104972471754,1.8171895919887535,2.447356908021814,1.4473569080218138,4.355033487521789,4.61576279140929,4.121340788136094,-2.2124978002005453,-2.4684447849289404,-2.3390244666647266,4.355033487521789,0.2352411701174258,0.19786798601387112,2.261370627679859,1.261370627679859,False,True,1e-05
chronos2,monash_traffic,Traffic,1,L1,block,block_depth,True,1,0.08333333333333333,0.08333333333333333,False,False,False,False,False,False,False,False,False,False,False,110736,0.16622112822214155,0.17367055650501875,0.15920479125449905,-0.07671812321521511,-0.08781882221135134,-0.08189412001662581,0.16622112822214155,0.0242983098617202,0.02688875030500486,0.022096127304248217,-0.010671935172547662,-0.013989755362652989,-0.012164442321242494,0.0242983098617202,1.6106684887125797,1.8824363743575252,1.4241817982519913,-0.7300502750136123,-1.1610860342706393,-0.8955838691955802,1.6106684887125797,1.9711493596101421,0.9711493596101421,3.838561557811503,4.227825290132794,3.4983279471452993,-1.631034639092033,-2.0538010618995024,-1.8225525369544409,3.838561557811503,0.17483901162464785,0.1637674947162621,1.8716468984230212,0.8716468984230212,False,False,0.001
chronos2,monash_traffic,Traffic,2,L2,block,block_depth,True,2,0.16666666666666666,0.16666666666666666,False,False,False,False,False,False,False,False,False,False,False,110736,0.11617331448515864,0.11987626126164015,0.11257556014914662,-0.029671627462962435,-0.033968942558023206,-0.0318463062796429,0.11617331448515864,0.01572643301111316,0.016956190365448504,0.014580266559193155,-0.0032354593938767424,-0.003964089820545589,-0.003592565470635455,0.01572643301111316,0.9581875959465664,0.9966316226896387,0.9202002400779209,-0.22212076415760512,-0.26398883452556104,-0.2431029764295669,0.9581875959465664,1.3776525096447079,0.37765250964470787,2.701191017521926,2.9087276640543394,2.5108236307024425,-0.6356582463902691,-0.7359226115341354,-0.6851819966648636,2.701191017521926,0.12264244145095092,0.10738049928127354,1.2272177624694038,0.24801545701813432,False,False,3.0
chronos2,monash_traffic,Traffic,3,L3,block,block_depth,True,3,0.25,0.25,False,False,False,False,False,False,False,False,False,False,False,110736,0.09153524302799283,0.09566148027941186,0.0874116407138587,-0.005763517553697668,-0.008637070822892064,-0.007208234822477094,0.09153524302799283,0.012988494644507001,0.014170398176200295,0.01190617764578869,-0.0005747146410425634,-0.00112767971548351,-0.0008546271040292958,0.012988494644507001,0.7640792856621151,0.8019326661445862,0.7276739458454591,-0.03503723425501513,-0.06280831936860631,-0.048994666145115606,0.7640792856621151,1.0854795512833766,0.10131408342890036,2.181084573665948,2.3814769022375635,1.9981133048644102,-0.11982285476931294,-0.20709917800165076,-0.16507555280888564,2.181084573665948,0.09364463870481747,0.10654639356008923,1.2176850320046904,0.24801545701813432,False,False,30.0
chronos2,monash_traffic,Traffic,4,L4,block,block_depth,True,4,0.3333333333333333,0.3333333333333333,False,False,False,False,False,False,False,False,False,False,False,110736,0.09124074644544197,0.09531125427181086,0.0871991417740422,-0.005445924846327496,-0.008304637122031966,-0.006913738239926234,0.09124074644544197,0.012907419438470851,0.014024063459515578,0.011870734560776083,-0.0004891768885785358,-0.001044823890462829,-0.0007735518979931459,0.012907419438470851,0.771076395257695,0.8092407401857585,0.7346174267907809,-0.04140111297679255,-0.07000921000416101,-0.05599177574069547,0.771076395257695,1.0819872350158157,0.10131408342890036,2.1706260607729444,2.3647169029557906,1.9939111136882885,-0.10593050614332636,-0.20014155341142817,-0.15461703991588216,2.1706260607729444,0.09302646129083428,0.10910516990106979,1.2469284774799476,0.24801545701813432,False,False,65.0
chronos2,monash_traffic,Traffic,5,L5,block,block_depth,True,5,0.4166666666666667,0.4166666666666667,False,False,False,False,False,False,False,False,False,False,False,110736,0.09241131966123144,0.09682314885453186,0.08798648427233442,-0.006565318382096313,-0.00954504583585466,-0.008084311455715698,0.09241131966123144,0.013335217341808318,0.014517700367628637,0.012223636866478404,-0.0008864532235278036,-0.0015024979691551784,-0.001201349801330612,0.013335217341808318,0.7751475913651055,0.8149252492034953,0.7363651991563258,-0.04411318484771846,-0.07582403477863468,-0.06006297184810594,0.7751475913651055,1.0958685909502823,0.10131408342890036,2.2225099909268873,2.427063006396846,2.034375721967661,-0.15725915612347394,-0.25442271707559583,-0.20650097006982504,2.2225099909268873,0.08180123484203086,0.10920027967627721,1.2480154570181343,0.24801545701813432,False,False,10.0
chronos2,monash_traffic,Traffic,6,L6,block,block_depth,True,6,0.5,0.5,False,False,False,False,False,False,False,False,False,False,False,110736,0.09287052175015893,0.09748279327768405,0.08830635346834839,-0.0069566121886534,-0.010080502535934554,-0.008543513544643194,0.09287052175015893,0.013930735836705168,0.015153117686431062,0.012798838025317965,-0.0014702624308340028,-0.002119405282922564,-0.0017968682962274628,0.013930735836705168,0.8119964332216038,0.8544195586325548,0.7713305533494379,-0.08034279612349261,-0.11277467015704153,-0.09691181370460422,0.8119964332216038,1.1013140834289004,0.10131408342890036,2.2266652894150836,2.4354092227894726,2.035432704205751,-0.15957688663928699,-0.26046559503030886,-0.21065626855802133,2.2266652894150836,0.08275036716638627,0.10621846337866692,1.21393722168359,0.21393722168358997,False,False,30.0
chronos2,monash_traffic,Traffic,7,L7,block,block_depth,True,7,0.5833333333333334,0.5833333333333334,False,False,False,False,False,False,False,False,False,False,False,110736,0.09164751187421893,0.09597988678604534,0.08720075338545703,-0.005861794289542757,-0.008670464529165327,-0.007320503668703196,0.09164751187421893,0.013649653232420067,0.014882019970382224,0.01250529726311587,-0.0011971470356416244,-0.0018240232385483201,-0.0015157856919423614,0.013649653232420067,0.792002638767764,0.8308906960213577,0.7551115630940808,-0.06113336431322872,-0.0917021665135292,-0.07691801925076447,0.792002638767764,1.08681090227774,0.08681090227773991,2.220445921718689,2.427385447910016,2.030215849749044,-0.15957192503728454,-0.2470648976704423,-0.2044369008616269,2.220445921718689,0.07601793995728366,0.10063444978010108,1.150119296456027,0.1531867094976982,False,False,1.0
chronos2,monash_traffic,Traffic,8,L8,block,block_depth,True,8,0.6666666666666666,0.6666666666666666,False,False,False,False,False,False,False,False,False,False,False,110736,0.09159875629853656,0.09597637562564652,0.0871587443975945,-0.005775974822792284,-0.00865935759604659,-0.007271748093020822,0.09159875629853656,0.013624168644704716,0.014844236178745827,0.012484584305378351,-0.001193232151328582,-0.001769576033251138,-0.0014903011042270101,0.013624168644704716,0.7936630540184075,0.8314661514295846,0.7577533414479155,-0.06465165103489318,-0.0917088101237984,-0.078578434501408,0.7936630540184075,1.086232729557992,0.0862327295579921,2.2226494231722285,2.428148545223088,2.0310828439663196,-0.1615892094629199,-0.2488794852225767,-0.20664040231516623,2.2226494231722285,0.07470831836452187,0.10090284578445304,1.1531867094976982,0.1531867094976982,False,False,1.0
chronos2,monash_traffic,Traffic,9,L9,block,block_depth,True,9,0.75,0.75,False,False,False,False,False,False,False,False,False,False,False,110736,0.08989918032902798,0.09419670974522944,0.0855113964616712,-0.004140531268852359,-0.006943732965026652,-0.005572172123512242,0.08989918032902798,0.01261230372782077,0.01380791919109487,0.011515913046734202,-0.00024248104387044155,-0.0007141622096211678,-0.00047843618734306516,0.01261230372782077,0.7245313269568674,0.7603684789637015,0.689473938402243,0.003920587848374931,-0.022180022073237944,-0.009446707439867863,0.7245313269568674,1.0660781431962123,0.0660781431962123,2.17599552899465,2.3772108435930632,1.991932582784403,-0.1153447805356015,-0.2018985996157573,-0.15998650813758797,2.17599552899465,0.07662111756470659,0.0984187183887449,1.12479640320694,0.12479640320693997,False,False,3.0
chronos2,monash_traffic,Traffic,10,L10,block,block_depth,True,10,0.8333333333333334,0.8333333333333334,False,False,False,False,False,False,True,False,False,False,True,110736,0.08545340434114897,0.08951306501438998,0.08142038594419491,0.00012022121205129026,-0.00229371186694174,-0.0011263961356332286,0.08545340434114897,0.011474882899302152,0.012599707163032619,0.010463046677150301,0.000920026850805819,0.0004165504668514523,0.0006589846411755532,0.011474882899302152,0.6680820598554169,0.7015931377164083,0.635677701399574,0.05931341993891205,0.035094020105237496,0.04700255966158262,0.6680820598554169,1.0133574777476755,0.013357477747675484,2.033045762555463,2.2219465926300903,1.8627773127055465,0.026615466612072137,-0.054432616635816465,-0.01703674169840097,2.033045762555463,0.07902386405343562,0.09567678704118456,1.093459737092327,0.09345973709232691,False,False,10.0
chronos2,monash_traffic,Traffic,11,L11,block,block_depth,True,11,0.9166666666666666,0.9166666666666666,True,False,False,False,False,True,False,False,False,True,False,110736,0.08419937361742703,0.08831304618200102,0.0800171070426475,0.0007394497997290886,-0.00046195370422407074,0.0001276345880887042,0.08419937361742703,0.012060712347172622,0.013193394243729813,0.011040692519893492,0.00021985913078885884,-6.493355196473309e-05,7.315519330508384e-05,0.012060712347172622,0.7127075817580735,0.7469744833095908,0.6786439566500032,0.01159711395263187,-0.0067735098105116045,0.0023770377589260594,0.7127075817580735,0.998486432866471,0.0,2.0081537528810816,2.2080640918460386,1.830560952503347,0.026134981247749753,-0.00865289482869627,0.007855267975980684,2.0081537528810816,0.07835270993283266,0.09154646422799306,1.0462555840570171,0.04625558405701713,False,False,10.0
chronos2,monash_traffic,Traffic,12,L12,block,block_depth,True,12,1.0,1.0,False,True,False,True,True,False,False,True,True,False,False,110736,0.08432700820551574,0.08863569473641575,0.0799498038675693,0.0,0.0,0.0,0.08432700820551574,0.012133867540477706,0.013283023505379148,0.01108368381454945,0.0,0.0,0.0,0.012133867540477706,0.7150846195169995,0.7521768754852693,0.6790084554760868,0.0,0.0,0.0,0.7150846195169995,1.0,0.0,2.0160090208570622,2.2244212755571677,1.8300137575016642,0.0,0.0,0.0,2.0160090208570622,0.08047777309030338,0.08749914038499804,1.0,0.0,False,False,45.0
chronos2,monash_traffic,Traffic,13,L12+LN,final_norm,head_input_diagnostic,False,12,,,False,False,True,False,False,False,False,False,False,False,False,110736,0.07715939468782367,0.08141218693891383,0.07284957554674786,0.00808456032394738,0.006320702128880119,0.007167613517692073,0.07715939468782367,0.010683490686340655,0.011767943611501758,0.009699456794634836,0.0016753934714748443,0.0012545945633925246,0.0014503768541370508,0.010683490686340655,0.6244056691650911,0.6585155721393419,0.5901958367997734,0.10082773358971382,0.08129745756827154,0.09067895035190843,0.6244056691650911,,,1.8290738559047026,2.014671617935086,1.6611537896746824,0.22837477360579828,0.15224429407397252,0.18693516495235962,1.8290738559047026,0.07588310167861506,0.08343519432512858,,,False,False,30.0
timesfm3,m4_hourly,M4,0,Emb,embedding,block_depth,True,0,0.0,0.0,False,False,False,False,False,False,False,False,False,False,False,737856,0.1732410043478012,0.18380663154134882,0.16319773036574248,-0.035607751608890195,-0.04769832712441739,-0.04170820271980216,0.17324099897314574,422.12407657206376,603.4581246190069,267.6324207060953,-18.06900299519216,-78.43370354989584,-49.752888817305404,422.12407657206376,3.44829822709363,3.984391221445043,2.9650487340797143,-1.2569252706558616,-1.8714647632551928,-1.5495105864453853,3.44829822709363,1.317093532277099,0.3170935322770989,0.6241673461950811,0.7027612413706402,0.5592824841533018,-0.03340777988007678,-0.12932400606255698,-0.07953878753780952,0.6241673461950811,0.14356832206249237,0.17203259468078613,1.4834696596018322,0.4834696596018322,False,False,65.0
timesfm3,m4_hourly,M4,1,L1,block,block_depth,True,1,0.05,0.05,False,False,False,False,False,False,False,False,False,False,False,737856,0.1558639258146286,0.16552897893062984,0.14657431910354787,-0.019290013795092938,-0.029123764276106398,-0.024331131978458126,0.1558639282318017,355.799563149073,511.9222489032537,224.10521743113821,55.096144979323434,-13.238738057867556,16.571624605685372,355.799563149073,2.7927474503971363,3.227236267698851,2.405422303153681,-0.6972174707046879,-1.1130449847624304,-0.8939598097488917,2.7927474503971363,1.184981404250156,0.18498140425015608,0.5367334693683297,0.6091639930580633,0.47825985591104575,0.04358915888679178,-0.03455405259638234,0.007895089288941892,0.5367334693683297,0.12647251784801483,0.16071894764900208,1.385909937607065,0.38590993760706493,False,False,45.0
timesfm3,m4_hourly,M4,2,L2,block,block_depth,True,2,0.1,0.1,False,False,False,False,False,False,False,False,False,False,False,737856,0.15136978030204773,0.16062055314315182,0.1426291803146876,-0.01592336452836241,-0.023471330848117235,-0.019836991527722087,0.15136978778106566,383.2234083506769,554.9124117488818,236.04480277459803,13.822304010656135,-31.397592943092107,-10.852220595918538,383.2234083506769,2.8602492316388224,3.324309730092838,2.4466096409525595,-0.7443034284900719,-1.2037460170166279,-0.9614615909905777,2.8602492316388224,1.1508139159582451,0.15081391595824511,0.5874567603212354,0.6588612466402912,0.5227639996522435,-0.011980431500753203,-0.07334781116143792,-0.04282820166396384,0.5874567603212354,0.11681780964136124,0.1506146490573883,1.2987786563517303,0.2987786563517303,False,False,30.0
timesfm3,m4_hourly,M4,3,L3,block,block_depth,True,3,0.15,0.15,False,False,False,False,False,False,False,False,False,False,False,737856,0.14616887271404266,0.15584668116324105,0.13723591378399436,-0.011094440201311619,-0.01801527084014913,-0.01463607965989877,0.14616887591324235,357.2552735041103,524.0881932312456,215.55392108900884,36.560962068650284,-1.7531792840408553,15.115914250648075,357.2552735041103,2.570111649505823,2.99290863583181,2.196087518107424,-0.4903070321070882,-0.8765737238753286,-0.6713240088575785,2.570111649505823,1.1112731515074685,0.11127315150746853,0.5869098753893229,0.661446613649709,0.5156494683648329,-0.0230395203264832,-0.05946635361747558,-0.04228131673205138,0.5869098753893229,0.10617350041866302,0.14158566296100616,1.2209199984863226,0.2209199984863226,False,False,30.0
timesfm3,m4_hourly,M4,4,L4,block,block_depth,True,4,0.2,0.2,False,False,False,False,False,False,False,False,False,False,False,737856,0.14442050457000732,0.15429508966813218,0.13513923574999714,-0.009253465784855813,-0.01627633925705068,-0.012887714643969789,0.14442051089731336,407.7722254674909,600.3682075249097,245.20783016134408,-14.456285791523134,-56.86906058733798,-35.401037712732546,407.7722254674909,2.340620667694981,2.6708066901480962,2.049651116117042,-0.33048425550780974,-0.5613168628330703,-0.4418330270467363,2.340620667694981,1.0979808920725993,0.0979808920725993,0.5938471279444407,0.6631482068733658,0.5260978158243872,-0.01796366606414052,-0.07452813209748747,-0.04921856928716917,0.5938471279444407,0.10126782953739166,0.13576865196228027,1.1707588104731315,0.17075881047313146,False,False,30.0
timesfm3,m4_hourly,M4,5,L5,block,block_depth,True,5,0.25,0.25,False,False,False,False,False,False,False,False,False,False,False,737856,0.14219677448272705,0.1525365436510076,0.1324254004949462,-0.007643352223218979,-0.013636939494180999,-0.010663970864114858,0.14219676711745843,400.5635635859148,592.3632515758416,239.49745748299821,-11.844478217447888,-46.60868405239899,-28.192375831156426,400.5635635859148,2.1353841167035967,2.4007556477842407,1.898655656340648,-0.15542720575893348,-0.3092218695391765,-0.23659647605535206,2.1353841167035967,1.0810746144478933,0.09292335111623773,0.6018905056032199,0.6812489479885269,0.5246027043518958,-0.032695326955226776,-0.08264798883253718,-0.05726194694594833,0.6018905056032199,0.09634348005056381,0.1290108561515808,1.112485056772219,0.14039518673710183,False,False,30.0
timesfm3,m4_hourly,M4,6,L6,block,block_depth,True,6,0.3,0.3,False,False,False,False,False,False,False,False,False,False,False,737856,0.13865062594413757,0.1489212916406824,0.12883569056644523,-0.003683816304942234,-0.010426158132742478,-0.007117835364041425,0.138650631617385,379.1609985560862,562.9008464443903,225.22971190658672,13.011839500046387,-26.837495989760974,-6.78981080132786,379.1609985560862,2.0278225189807007,2.284723377574419,1.8019752861688512,-0.05524066877758225,-0.19892635212001059,-0.12903487833245597,2.0278225189807007,1.0541144307301096,0.09292335111623773,0.5689119010195446,0.6480672667585647,0.4912265717438033,0.008036322749740223,-0.05754504124725946,-0.02428334236227303,0.5689119010195446,0.09379089623689651,0.13077227771282196,1.1276741286380378,0.14039518673710183,False,False,30.0
timesfm3,m4_hourly,M4,7,L7,block,block_depth,True,7,0.35,0.35,False,False,False,False,False,False,False,False,False,False,False,737856,0.14043185114860535,0.151033502832439,0.1303076749639088,-0.005432700661885502,-0.012321771660336225,-0.008899049264670333,0.1404318455180139,410.82831546547345,606.8535228589236,244.6475502411544,-19.311932987442326,-61.01158992713168,-38.4571277107151,410.82831546547345,2.2051620918227983,2.488426417206906,1.9509696035453348,-0.23301505925248397,-0.38234538413788954,-0.30637445117455364,2.2051620918227983,1.0676564914285314,0.09292335111623773,0.6342358834425993,0.7134572926316073,0.5500133955759796,-0.05724993272348323,-0.11792731951115366,-0.08960732478532774,0.6342358834425993,0.09392794221639633,0.12952853739261627,1.1169491202006998,0.14039518673710183,False,False,45.0
timesfm3,m4_hourly,M4,8,L8,block,block_depth,True,8,0.4,0.4,False,False,False,False,False,False,False,False,False,False,False,737856,0.1414291262626648,0.15246966638644974,0.13073795256524823,-0.006312088203751524,-0.013596821790703248,-0.00989633689115521,0.1414291331444988,422.5217704935097,625.8498154868341,250.47934007160964,-25.32279745018756,-78.83771749646182,-50.150582738751325,422.5217704935097,1.9584270308363676,2.199446634610365,1.7459449428227523,0.008462076147024393,-0.1217588491127381,-0.05963939018812292,1.9584270308363676,1.0752384412537102,0.09292335111623773,0.6649573522732789,0.7452594625572628,0.5770337931223474,-0.0824553117534684,-0.15373094411098773,-0.12032879361600735,0.6649573522732789,0.09014955908060074,0.1284043937921524,1.1072554169381403,0.14039518673710183,False,False,30.0
timesfm3,m4_hourly,M4,9,L9,block,block_depth,True,9,0.45,0.45,False,False,False,False,False,False,False,False,False,False,False,737856,0.1420772820711136,0.15334874241015667,0.1311846693334319,-0.006747173084984076,-0.014409685836934277,-0.010544481424202445,0.14207727767754602,428.2946021895465,633.5007570352382,253.8169801876027,-30.352171319492896,-85.1469956329353,-55.92341443478813,428.2946021895465,1.997761015456771,2.253255641096812,1.7721713556893595,-0.027989203508055113,-0.1706165760414566,-0.09897337480852642,1.997761015456771,1.0801661535261573,0.09292335111623773,0.6700932430360649,0.7531407483205549,0.5805927971588348,-0.09565497500815225,-0.15276987736781303,-0.12546468437879332,0.6700932430360649,0.08878546208143234,0.1297493577003479,1.1188532955539323,0.14039518673710183,False,False,30.0
timesfm3,m4_hourly,M4,10,L10,block,block_depth,True,10,0.5,0.5,False,False,False,False,False,False,False,False,False,False,False,737856,0.14375527203083038,0.15509556632574278,0.1328845155795055,-0.008319256906504273,-0.01614747107533723,-0.012222473758436353,0.14375527001177993,434.14365824547747,641.8225689139152,256.88203494686724,-36.23873211420005,-90.58950941976526,-61.772470490719115,434.14365824547747,1.9769508835501124,2.208860641374416,1.7666570709451204,-0.016028187681877207,-0.1334713768026122,-0.07816324290186771,1.9769508835501124,1.0929233511162377,0.09292335111623773,0.6785981500874323,0.7627536856653127,0.5893169583683536,-0.10462491132104225,-0.1629173624278599,-0.13396959143016074,0.6785981500874323,0.0894346609711647,0.13224749267101288,1.1403951867371018,0.14039518673710183,False,False,30.0
timesfm3,m4_hourly,M4,11,L11,block,block_depth,True,11,0.55,0.55,False,False,False,False,False,False,False,False,False,False,False,737856,0.14186087250709534,0.15326723725399896,0.13092968944239763,-0.006507469591407384,-0.014159925851459048,-0.010328069386136451,0.14186086563948003,446.07138999404856,658.6141763399404,264.6936963183666,-43.34353104301856,-108.04032343487741,-73.7002022392902,446.07138999404856,2.1841441873745997,2.473061337969805,1.9249584199944374,-0.20952689893685691,-0.37127765077561836,-0.285356546726355,2.1841441873745997,1.0785208638433572,0.07852086384335721,0.6745040105474848,0.7571005292906893,0.5832816089270627,-0.09723188022719201,-0.15952043060714538,-0.1298754518902132,0.6745040105474848,0.09074091911315918,0.13082531094551086,1.1281314442519224,0.12813144425192236,False,False,45.0
timesfm3,m4_hourly,M4,12,L12,block,block_depth,True,12,0.6,0.6,False,False,False,False,False,False,False,False,False,False,False,737856,0.1399587094783783,0.1507959101523294,0.12951570618364477,-0.004927738885686702,-0.011866352041003125,-0.008425914973930554,0.13995871122727413,393.09297016656967,573.370526784155,238.5761168806217,0.5006289522288457,-40.03687434653913,-20.72178241181132,393.09297016656967,1.976693083704614,2.213009436989633,1.7634829820615203,-0.019744446348907468,-0.12817248129335954,-0.07790544305636926,1.976693083704614,1.0640593532333744,0.06405935323337442,0.6170635665930571,0.6889472408425945,0.5437943594657223,-0.039924628287762776,-0.10402245868129267,-0.0724350079357855,0.6170635665930571,0.08808379620313644,0.12784205377101898,1.1024062523872062,0.10240625238720624,False,False,30.0
timesfm3,m4_hourly,M4,13,L13,block,block_depth,True,13,0.65,0.65,False,False,False,False,False,False,True,False,False,False,True,737856,0.13506241142749786,0.1458054181486937,0.12485371658023987,-0.0003017443875632929,-0.006795301109211134,-0.003529620079593815,0.1350624163329374,405.671823468447,601.0046835554402,240.23004408485116,-16.179169138985603,-53.2213437997794,-33.30063571368862,405.671823468447,1.9484096125452426,2.192594429614108,1.7288599806956215,0.010794340108583947,-0.10395285214480401,-0.04962197189699791,1.9484096125452426,1.0268344334218458,0.029771892361825092,0.6236591305843903,0.7029669319639911,0.5395018096080547,-0.053262264681793105,-0.10266340678108025,-0.07903057192711871,0.6236591305843903,0.08625271171331406,0.12228411436080933,1.0544790877690688,0.06410044804466097,False,False,30.0
timesfm3,m4_hourly,M4,14,L14,block,block_depth,True,14,0.7,0.7,False,False,False,False,False,False,False,False,False,False,False,737856,0.1351357400417328,0.14589649313200578,0.12481855599863725,-0.000584360690545725,-0.006854024324708315,-0.0036029467743089183,0.1351357430276525,398.2656676094365,587.3159897886579,238.3382409394198,-11.904955537850762,-42.28568496612892,-25.89447985467814,398.2656676094365,1.9599485354642994,2.2085606990861817,1.7366351143926757,-0.0015567051647243186,-0.11927726943981475,-0.06116089481605469,1.9599485354642994,1.0273919264005043,0.029771892361825092,0.6280308599541273,0.7097339745236781,0.5446550648488205,-0.05494661651663329,-0.10964843373648368,-0.08340230129685577,0.6280308599541273,0.0843985378742218,0.12186350673437119,1.0508521085121676,0.06410044804466097,False,False,30.0
timesfm3,m4_hourly,M4,15,L15,block,block_depth,True,15,0.75,0.75,False,False,False,False,False,False,False,False,False,False,False,737856,0.13544878363609314,0.14584092851408278,0.12555656182501493,-0.0011522832571862864,-0.006755092748234636,-0.0039159897999226645,0.13544878605326624,370.23817241202386,548.8779859947313,220.47215111801157,13.288220419687573,-8.797684168411722,2.1330153427344953,370.23817241202386,1.9051152129075755,2.144673195160443,1.6897843632740908,0.05435730145194623,-0.06206432493851175,-0.006327572259330783,1.9051152129075755,1.029771892361825,0.029771892361825092,0.598121177700853,0.6769863946085709,0.521325404783723,-0.03215701143865054,-0.07157994616665231,-0.05349261904358149,0.598121177700853,0.08701610565185547,0.12339986860752106,1.064100448044661,0.06410044804466097,False,False,30.0
timesfm3,m4_hourly,M4,16,L16,block,block_depth,True,16,0.8,0.8,True,False,False,False,False,True,False,False,False,True,False,737856,0.13051989674568176,0.14099392475354136,0.12050908579498187,0.0037614374311342037,-0.0017650967190141675,0.0010128902655293925,0.13051990598781418,359.27320699879954,527.0719442563163,216.57239009813833,37.626266678590795,-5.019466425189969,13.097980755958815,359.27320699879954,1.9163424555664874,2.1648259877755707,1.6979595177651592,0.05437592820849724,-0.08432049286009773,-0.017554814918242734,1.9163424555664874,0.9922992104807321,0.0,0.5727359738858003,0.6520910045956151,0.49694547337505157,0.002906840379832282,-0.054192286143662734,-0.028107415228528776,0.5727359738858003,0.08309439569711685,0.11839961260557175,1.0209822931223471,0.02584784085416647,False,False,30.0
timesfm3,m4_hourly,M4,17,L17,block,block_depth,True,17,0.85,0.85,False,False,False,False,True,False,False,False,False,False,False,737856,0.1277858018875122,0.1376780897030564,0.11840734656878839,0.006426674383514715,0.0011540707577560316,0.0037469927591221863,0.1277858034942214,352.32162242327877,517.2623548362004,212.5053991321627,41.73767316852095,1.4582263639682849,20.049565331479585,352.32162242327877,2.045410148599741,2.317442439675537,1.801309278720086,-0.06249937525195157,-0.2276427574471303,-0.14662250795149623,2.045410148599741,0.971512799850731,0.0,0.5238981846570228,0.5986701445823446,0.458080679655736,0.04032605184981001,-0.0004879965392851526,0.020730374000248797,0.5238981846570228,0.08407577127218246,0.1180899515748024,1.0183120273813708,0.02584784085416647,False,False,30.0
timesfm3,m4_hourly,M4,18,L18,block,block_depth,True,18,0.9,0.9,False,False,False,False,False,False,False,False,False,False,False,737856,0.13010860979557037,0.13989389079821987,0.12089041589496245,0.004162817158672315,-0.0011988760249419077,0.0014241902683754804,0.1301086059849681,338.10818811486996,490.65038357493245,206.77944926365166,69.56984512549165,5.956088994826418,34.26299963988839,338.10818811486996,2.130090787450481,2.4349857646331676,1.8581259673481347,-0.14839452802233435,-0.3249539573879212,-0.23130314680223618,2.130090787450481,0.9891723330769613,0.0,0.5253587278199218,0.6128416833409338,0.45469775685883557,0.04169017750208608,-0.006770908148841798,0.01926983083734979,0.5253587278199218,0.08969920873641968,0.1173747107386589,1.0121443701319064,0.02584784085416647,False,False,30.0
timesfm3,m4_hourly,M4,19,L19,block,block_depth,True,19,0.95,0.95,False,False,False,False,False,False,False,False,False,False,False,737856,0.12983715534210205,0.14041797558115868,0.11995011314337375,0.00417138317578565,-0.0006577984049546643,0.0016956403282762378,0.12983715592506734,337.9846880616154,494.5703173401507,204.20299467524123,65.19991846920348,10.404380583100458,34.38649969314298,337.9846880616154,2.0370129264711063,2.3239910292742088,1.7812724570823877,-0.06586753894011166,-0.21849092512291118,-0.13822528582286164,2.0370129264711063,0.987108555472364,0.0,0.5233589090913536,0.6002966323432691,0.4536457875408218,0.04317660331923954,0.0004974216356290085,0.021269649565917925,0.5233589090913536,0.08735605329275131,0.11896385252475739,1.0258478408541665,0.02584784085416647,False,False,30.0
timesfm3,m4_hourly,M4,20,L20,block,block_depth,True,20,1.0,1.0,False,True,True,True,False,False,False,True,True,False,False,737856,0.13153280317783356,0.14293713957881768,0.1208344213042465,0.0,0.0,0.0,0.13153279625334358,372.37118775475835,557.1343871771651,216.64126846498263,0.0,0.0,0.0,372.37118775475835,1.8987876406482447,2.151979800148306,1.6728759923582497,0.0,0.0,0.0,1.8987876406482447,1.0,0.0,0.5446285586572716,0.6305896049069512,0.4643241922846203,0.0,0.0,0.0,0.5446285586572716,0.07845856994390488,0.11596637219190598,1.0,0.0,False,False,30.0
timesfm3,monash_electricity_hourly,Electricity,0,Emb,embedding,block_depth,True,0,0.0,0.0,False,False,False,False,False,False,False,False,False,False,False,737856,0.20099397003650665,0.21193387328455124,0.1910970355796393,-0.026204238502834817,-0.03831791279958347,-0.03204073491044171,0.20099397461491686,319.1981325095184,501.3074803257593,192.29868094880933,-25.698557080875233,-95.54517211224221,-53.42699358106421,319.1981325095184,1.2760111027042427,1.3328279895240747,1.2241197671311947,-0.14789593562404577,-0.21182040549000886,-0.17940937534718238,1.2760111027042427,1.1896425906620594,0.18964259066205935,0.9748501795377806,1.0610301784534186,0.9018276157669743,-0.13875505319214476,-0.22170377015802015,-0.18090306596653027,0.9748501795377806,0.15471138060092926,0.21712997555732727,1.6506322798960005,0.6506322798960005,False,False,3.0
timesfm3,monash_electricity_hourly,Electricity,1,L1,block,block_depth,True,1,0.05,0.05,False,False,False,False,False,False,True,False,False,False,False,737856,0.16933809220790863,0.17954844386807378,0.16029058166047316,0.004174955537585371,-0.00514298929185927,-0.00038484459785559366,0.16933808430233074,271.1406601682446,410.3547382593266,170.44504537051236,7.662737657818328,-17.781669939127887,-5.3695212397904015,271.1406601682446,1.1024204105498097,1.1572258967192177,1.053782226986294,0.020853824556344772,-0.031901954157026964,-0.005818683192749363,1.1024204105498097,1.0022778627408437,0.04460772640599164,0.8256813256667956,0.9018472219961556,0.769954282093109,-0.0033001542107446474,-0.06132876262406484,-0.03173421209554528,0.8256813256667956,0.11893437057733536,0.14039668440818787,1.0673021939033973,0.3805581634974131,False,False,1.0
timesfm3,monash_electricity_hourly,Electricity,2,L2,block,block_depth,True,2,0.1,0.1,False,False,False,False,False,False,False,False,False,False,False,737856,0.16683357954025269,0.1764336369480255,0.15816761752384367,0.006147681959399943,-0.001979028698739443,0.0021196469835197684,0.16683359272095538,263.4380253153236,398.26722087336407,165.54124014601913,22.034963383971753,-13.008634996968762,2.3331136131305925,263.4380253153236,1.08446821634734,1.138507347525007,1.0343644471379316,0.03697676822547334,-0.011949825574042543,0.012133511009720266,1.08446821634734,0.9874541596329596,0.04460772640599164,0.8205815071312244,0.8932279338440677,0.7659325012899161,0.0035747411606167614,-0.05385773304023064,-0.02663439355997399,0.8205815071312244,0.12050722539424896,0.1508575677871704,1.146826321040865,0.3805581634974131,False,False,3.0
timesfm3,monash_electricity_hourly,Electricity,3,L3,block,block_depth,True,3,0.15,0.15,False,False,False,False,False,False,False,False,False,False,False,737856,0.1639341413974762,0.17357052645454082,0.15540294147288525,0.008614821064122426,0.0015812403330480035,0.0050191134072214705,0.16393412629725368,246.45380509340546,378.7346922563914,153.57066253388757,38.29337129031942,4.943882708230821,19.317333835048743,246.45380509340546,1.0359460223069195,1.0888637073160947,0.9884497417810951,0.08141538640770586,0.03986151200405464,0.06065570505014084,1.0359460223069195,0.9702929726430687,0.04460772640599164,0.785949552812234,0.8621093922199582,0.7266870556372015,0.033225923034763814,-0.013602655997687365,0.007997560759016364,0.785949552812234,0.11703173071146011,0.14744314551353455,1.1208697224293975,0.3805581634974131,False,False,10.0
timesfm3,monash_electricity_hourly,Electricity,4,L4,block,block_depth,True,4,0.2,0.2,False,False,False,False,False,False,False,False,False,False,False,737856,0.16391964256763458,0.173774580083759,0.155178961453547,0.008305889112832207,0.0018248119256423564,0.005033602724776015,0.16391963697969913,249.6247508720297,381.2995141248329,155.70222518375311,36.548478466635565,1.6962971771560569,16.146388056424513,249.6247508720297,1.0410291960797728,1.0938657561726692,0.9931450001203106,0.07568635151720021,0.03585655051374995,0.05557253127728745,1.0410291960797728,0.9702071570064542,0.04460772640599164,0.7731643817379682,0.8535185605190642,0.7155524178911455,0.04115086353806393,-0.005417552828314853,0.020782731833282164,0.7731643817379682,0.12195883691310883,0.15902096033096313,1.2088848148607978,0.3805581634974131,False,False,30.0
timesfm3,monash_electricity_hourly,Electricity,5,L5,block,block_depth,True,5,0.25,0.25,False,False,False,False,False,False,False,False,False,False,False,737856,0.1693345159292221,0.17912782148763765,0.16063195577474268,0.002975298144378281,-0.0035912620052979704,-0.0003812788978560244,0.16933451860233117,278.6652961696645,421.29979698012085,174.06955718659822,6.218925166240242,-34.25335359761302,-12.89415724121028,278.6652961696645,1.1641169008377303,1.2189829797337663,1.1137543435242643,-0.04484362210818824,-0.08987811091753863,-0.06751517348067004,1.1641169008377303,1.002256695471792,0.04460772640599164,0.789503648509585,0.8852489104744125,0.7178535519186009,0.0412000851203795,-0.038886183597717616,0.004443465061665375,0.789503648509585,0.12240666151046753,0.16261261701583862,1.236188757797016,0.3805581634974131,False,False,65.0
timesfm3,monash_electricity_hourly,Electricity,6,L6,block,block_depth,True,6,0.3,0.3,False,False,False,False,False,False,False,False,False,False,False,737856,0.16923758387565613,0.18000451196127265,0.15965531114773213,0.0032420589275771947,-0.003748713283024653,-0.00028434158338389026,0.16923758128785904,249.82324429764353,372.0778100543605,159.75479084517914,48.45203700915525,-6.253934599344686,15.94789463081068,249.82324429764353,1.0806291699444515,1.1378388488958595,1.0296959004684831,0.040158009948138354,-0.007209072913168285,0.015972557412608834,1.0806291699444515,1.001682974283532,0.04460772640599164,0.7812603935348331,0.8931993289766927,0.694400102565415,0.061752776683673315,-0.046356340569256416,0.012686720036417243,0.7812603935348331,0.0969952866435051,0.16321414709091187,1.2407616177012997,0.3805581634974131,False,False,10.0
timesfm3,monash_electricity_hourly,Electricity,7,L7,block,block_depth,True,7,0.35,0.35,False,False,False,False,False,False,False,False,False,False,False,737856,0.16907817125320435,0.1793360174999693,0.15979985774046818,0.0032947703253989524,-0.003337514628336287,-0.0001249309799825904,0.16907817068445774,253.1874054795237,380.0690494617237,159.93051269802928,48.46525884060137,-14.63646687351372,12.583733448930502,253.1874054795237,1.083606384952458,1.1404699035122823,1.033669320746482,0.035784034090243944,-0.008423684209988612,0.012995342404602317,1.083606384952458,1.0007394432655452,0.04460772640599164,0.7830020824945908,0.9062396151870806,0.6879811480513954,0.07225219901881136,-0.06420917465773021,0.010945031076659562,0.7830020824945908,0.1110164225101471,0.15897302329540253,1.2085203952632928,0.3805581634974131,False,False,45.0
timesfm3,monash_electricity_hourly,Electricity,8,L8,block,block_depth,True,8,0.4,0.4,False,False,False,False,False,False,False,False,False,False,False,737856,0.1707836538553238,0.1813289677685141,0.16132824398996662,0.001547862224295048,-0.005122497923785961,-0.001830406415894742,0.1707836461203699,261.4407918103061,397.2280736690183,162.92555900065608,28.17451202594257,-16.96092650970206,4.330347118148097,261.4407918103061,1.104472406602354,1.1635222089487545,1.0530321194063896,0.01329804744255686,-0.027976438562052886,-0.00787067924529361,1.104472406602354,1.0108338492855165,0.04460772640599164,0.7957023359843569,0.9085251952151012,0.7089465834679565,0.04834845914102102,-0.06502078387912037,-0.0017552224131065497,0.7957023359843569,0.10994474589824677,0.16400472819805145,1.2467716524372727,0.3805581634974131,False,False,45.0
timesfm3,monash_electricity_hourly,Electricity,9,L9,block,block_depth,True,9,0.45,0.45,False,False,False,False,False,False,False,False,False,False,False,737856,0.17508935928344727,0.18580115992426588,0.1655882627546844,-0.002842833377947003,-0.009457239660057635,-0.006136123673947724,0.17508936337842287,260.92465914332917,393.62087086328677,164.46499697798293,29.076390616329377,-14.084267354767618,4.846479785125041,260.92465914332917,1.1084252608698462,1.1666044128767592,1.0570364578146452,0.009675452661005831,-0.03254114336283985,-0.011823533512785867,1.1084252608698462,1.0363184474513727,0.04460772640599164,0.8218492661561623,0.9258577654184572,0.7420668833604906,0.011979100635292842,-0.07771818917853933,-0.02790215258491191,0.8218492661561623,0.10325828194618225,0.1718592792749405,1.306482318909401,0.3805581634974131,False,False,30.0
timesfm3,monash_electricity_hourly,Electricity,10,L10,block,block_depth,True,10,0.5,0.5,False,False,False,False,False,False,False,False,False,False,False,737856,0.17648985981941223,0.187097706775117,0.16713713191819327,-0.00424928113299189,-0.010802395725338412,-0.007536624863971275,0.17648986456844643,272.71812121001363,419.7828553102599,167.89976650478698,6.668813879855791,-20.55083901058474,-6.946982281559428,272.71812121001363,1.127654423648966,1.1859886172347338,1.0748923518462514,-0.008986120076969651,-0.05239969074680188,-0.031052696291905768,1.127654423648966,1.0446077264059916,0.04460772640599164,0.8358544293912358,0.9336236092602075,0.7602060782996582,-0.006610250211180832,-0.08429258858207513,-0.04190731581998541,0.8358544293912358,0.10244759917259216,0.17901849746704102,1.3609070321087988,0.3805581634974131,False,False,30.0
timesfm3,monash_electricity_hourly,Electricity,11,L11,block,block_depth,True,11,0.55,0.55,False,False,False,False,False,False,False,False,False,False,False,737856,0.17580804228782654,0.18624772402521875,0.16647986600154172,-0.0034004799552432487,-0.010272880727496318,-0.006854812195169091,0.17580805189964424,273.8906609834472,414.65004675141734,171.4026264156568,8.815854098136326,-25.53769160848198,-8.119522054993013,273.8906609834472,1.163928361771682,1.2216918900844282,1.1126185044218522,-0.04545993878354113,-0.08912903027939559,-0.06732663441462172,1.163928361771682,1.0405721865612536,0.04057218656125361,0.8106748706785988,0.912032509246025,0.7351474421881073,0.020408653358534784,-0.06259043582693709,-0.016727757107348418,0.8106748706785988,0.11643531918525696,0.18160347640514374,1.3805581634974131,0.3805581634974131,False,False,65.0
timesfm3,monash_electricity_hourly,Electricity,12,L12,block,block_depth,True,12,0.6,0.6,False,False,False,False,False,False,False,False,False,False,False,737856,0.17318491637706757,0.18359091997871757,0.16389316651358746,-0.0010270681427720634,-0.007411253766889005,-0.004231670132006399,0.17318490983648155,266.5227017925601,405.0886898605745,165.67029873039075,16.53185486648495,-16.76246676197041,-0.7515628641058925,266.5227017925601,1.1242952070044256,1.179865370250984,1.0743800555881913,-0.007159889077953621,-0.047098626941705315,-0.02769347964736535,1.1242952070044256,1.0250464356964826,0.036670441496314155,0.8105737949364955,0.9068176488982982,0.7377351003470751,0.01803401509439871,-0.06160015621108038,-0.016626681365245144,0.8105737949364955,0.11622833460569382,0.17286135256290436,1.3141001271447175,0.31410012714471747,False,False,65.0
timesfm3,monash_electricity_hourly,Electricity,13,L13,block,block_depth,True,13,0.65,0.65,False,False,False,False,False,False,False,False,False,False,False,737856,0.1751488298177719,0.18551662266680985,0.165845092106966,-0.002799211320545492,-0.009542474913489033,-0.006195586018321153,0.1751488257227963,280.7353988881291,441.8050398713032,169.09782842826806,5.385510727478586,-37.49248679576097,-14.964259959674905,280.7353988881291,1.1530699072365365,1.2122198632589962,1.0997928138309871,-0.0331780937840353,-0.07913267422375114,-0.056468179879476166,1.1530699072365365,1.0366704414963142,0.036670441496314155,0.8345155362029748,0.9328352211627426,0.7501648440050609,0.007232164774342413,-0.0908057741321307,-0.04056842263172444,0.8345155362029748,0.11406420916318893,0.14677612483501434,1.1157989998794708,0.11579899987947084,False,False,65.0
timesfm3,monash_electricity_hourly,Electricity,14,L14,block,block_depth,True,14,0.7,0.7,False,False,False,False,False,False,False,False,False,False,True,737856,0.17163477838039398,0.18196170463631967,0.16235653662250754,0.0005396470384857278,-0.005843012620346572,-0.002681539315758763,0.1716347790202339,274.24613295007384,424.0543066969318,168.23066285409604,9.59131775830163,-26.730389728081786,-8.474994021619636,274.24613295007384,1.146917122633477,1.2053787854620601,1.093587745740151,-0.028075395145963362,-0.07142133550332871,-0.0503153952764166,1.146917122633477,1.0158714829259516,0.01587148292595164,0.8071639635020886,0.904752813713657,0.731060016342803,0.025832554348421192,-0.06011612467954564,-0.01321684993083827,0.8071639635020886,0.11368578672409058,0.1421690583229065,1.0807758637095626,0.08077586370956258,False,False,65.0
timesfm3,monash_electricity_hourly,Electricity,15,L15,block,block_depth,True,15,0.75,0.75,True,False,False,False,False,True,False,False,False,True,False,737856,0.16697530448436737,0.17707346070643143,0.15780762060979053,0.005047447889517172,-0.0010439925898179255,0.001977926404535313,0.16697531329993984,262.23462334629164,408.44295801611514,160.64756980620913,17.34944193085544,-6.338530404385109,3.536515582162565,262.23462334629164,1.0896197732134132,1.148002132009872,1.0377969980776034,0.02715099507499628,-0.012146750345266527,0.006981954143647107,1.0896197732134132,0.9882930008660941,0.0,0.809730042270969,0.8803787281197899,0.7386283626935432,0.026271385426016283,-0.04210776262532281,-0.015782928699718646,0.809730042270969,0.11369248479604721,0.13477124273777008,1.0245373219135687,0.02453732191356872,False,False,65.0
timesfm3,monash_electricity_hourly,Electricity,16,L16,block,block_depth,True,16,0.8,0.8,False,False,False,True,True,False,False,True,True,False,False,737856,0.1668003499507904,0.17674254865869027,0.1576492767333131,0.005140155270866306,-0.000718675512920005,0.002152879018592485,0.16680036068588266,264.05321344139685,414.2104584874708,160.60569738560528,14.374518254934582,-7.945522227828509,1.7179254870573573,264.05321344139685,1.0895767623858064,1.1474545024668426,1.037662257954467,0.026213573852018036,-0.011714418537916126,0.007024964971253933,1.0895767623858064,0.987257480424686,0.0,0.819849628387895,0.8847024661170293,0.7460853115187095,0.02124818969599261,-0.06609269695941006,-0.02590251481664463,0.819849628387895,0.1135195791721344,0.13064885139465332,0.993198709159404,0.0,False,False,65.0
timesfm3,monash_electricity_hourly,Electricity,17,L17,block,block_depth,True,17,0.85,0.85,False,False,False,False,False,False,False,False,False,False,False,737856,0.16409927606582642,0.17413099139559132,0.1548402407355891,0.007577253146566273,0.0021185426066366608,0.004853967591437663,0.1640992721130375,256.5743031555406,394.15670634209516,159.7658649019534,23.97709204928687,-1.6625712285548886,9.19683577291363,256.5743031555406,1.0868334888337685,1.1446073108438493,1.0340408297012422,0.027926412738597722,-0.007988478858726205,0.009768238523291783,1.0868334888337685,0.9712703712915386,0.0,0.7803627167965858,0.8570573446945128,0.7174651293118876,0.04143782880551366,-0.005233763366200106,0.013584396774664609,0.7803627167965858,0.10801605880260468,0.12460342049598694,0.9472410593157747,0.0,False,False,45.0
timesfm3,monash_electricity_hourly,Electricity,18,L18,block,block_depth,True,18,0.9,0.9,False,False,False,False,False,False,False,False,False,False,False,737856,0.16553418338298798,0.17552970358319864,0.156479581781727,0.006064461678877921,0.0008447522624530697,0.003419061383332006,0.16553417832114314,268.3891083136899,429.9124631969698,159.02801629489872,17.21874140563173,-24.15678361611161,-2.6179693852357104,268.3891083136899,1.0707226732716222,1.1269441553360486,1.0183168011570736,0.04478207816482543,0.007862288667693545,0.025879054085438113,1.0707226732716222,0.9797632970138275,0.0,0.8110448126230222,0.8793044532554137,0.735132364386818,0.030418130163918342,-0.05143201341924413,-0.01709769905177183,0.8110448126230222,0.11076315492391586,0.11890870332717896,0.9039495517310441,0.0,False,False,30.0
timesfm3,monash_electricity_hourly,Electricity,19,L19,block,block_depth,True,19,0.95,0.95,False,False,False,False,False,False,False,False,False,False,False,737856,0.16490237414836884,0.1752268075900337,0.15565311601527662,0.006176317286258185,0.002008131008865386,0.004050872267316319,0.16490236743715883,264.68568226476185,427.6227866242895,156.63716762431986,21.15656751710121,-25.851003892979403,1.085456663692355,264.68568226476185,1.0651610439037167,1.1215198370060662,1.013925983006861,0.046865548755067266,0.017335726536130764,0.03144068345334361,1.0651610439037167,0.976023746147998,0.0,0.7842001088976478,0.8499113754085712,0.7199076746751707,0.046637091548607006,-0.02206893115004438,0.009747004673602566,0.7842001088976478,0.11386141180992126,0.11662742495536804,0.8866071663221464,0.0,False,False,45.0
timesfm3,monash_electricity_hourly,Electricity,20,L20,block,block_depth,True,20,1.0,1.0,False,True,True,False,False,False,False,False,False,False,False,737856,0.16895323991775513,0.1797762984488131,0.1594024605878437,0.0,0.0,0.0,0.16895323970447515,265.7711389284542,411.93137140641426,162.06098972608424,0.0,0.0,0.0,265.7711389284542,1.0966017273570603,1.1543294289894732,1.0448715722614608,0.0,0.0,0.0,1.0966017273570603,1.0,0.0,0.7939471135712504,0.8631579504646111,0.7441715947450915,0.0,0.0,0.0,0.7939471135712504,0.10534900426864624,0.13154351711273193,1.0,0.0,False,False,45.0
timesfm3,uber_tlc_hourly,Uber TLC,0,Emb,embedding,block_depth,True,0,0.0,0.0,False,False,False,False,False,False,False,False,False,False,False,737856,0.31709733605384827,0.3298902430226813,0.30479897587801835,-0.04796106804212029,-0.06030581171681237,-0.05397298182751842,0.3170973009195264,7.663101494910397,9.307631910609564,6.160905508456901,-1.5483528580582044,-2.516309012842141,-2.005449253410151,7.663101494910397,1.1658821612901973,1.224777609652335,1.1105991891449283,-0.2004274385463279,-0.2615654058073009,-0.22966284691420835,1.1658821612901973,1.2051235090590224,0.20512350905902244,3.1728741418107607,3.3417172341120014,3.0068962279097358,-0.6692215260094952,-0.8518335416580188,-0.7626771985764909,3.1728741418107607,0.24113532900810242,0.23068931698799133,1.116454225212197,0.11645422521219695,False,False,10.0
timesfm3,uber_tlc_hourly,Uber TLC,1,L1,block,block_depth,True,1,0.05,0.05,True,False,False,False,False,True,True,False,False,True,True,737856,0.28897368907928467,0.3000695227579576,0.27797619118764,-0.022442065996921227,-0.029152183628370913,-0.025849376869110652,0.28897369596111866,6.505540559520755,7.889689539744107,5.254993811545995,-0.6326501245620918,-1.0823939531455848,-0.8478883180205088,6.505540559520755,1.035585518067696,1.0821157241808617,0.9925791935834288,-0.08344370235795281,-0.11472406432418199,-0.09936620369170712,1.035585518067696,1.0982400247910633,0.10373669100014626,2.7392543760261083,2.8733340712222364,2.6091375036093947,-0.2802424256608985,-0.37473992347075225,-0.3290574327918385,2.7392543760261083,0.20403404533863068,0.21481013298034668,1.0396046237233698,0.039604623723369814,False,False,10.0
timesfm3,uber_tlc_hourly,Uber TLC,2,L2,block,block_depth,True,2,0.1,0.1,False,False,False,False,True,False,False,False,False,False,False,737856,0.2904199957847595,0.30189587116660904,0.279429479901686,-0.023497872377696023,-0.031057132753891884,-0.027295701063543787,0.2904200201555518,6.664673325555715,8.066563742448906,5.384345145629858,-0.7731178825983194,-1.2604603133684296,-1.0070210840554692,6.664673325555715,1.050971227687197,1.0983200718663775,1.0064699316285994,-0.09870494104287363,-0.13028156551583478,-0.11475191331120804,1.050971227687197,1.1037366910001463,0.10373669100014626,2.796146993981634,2.9311312990879785,2.666579042344624,-0.3363768106548169,-0.4307390817085849,-0.3859500507473643,2.796146993981634,0.20654311776161194,0.21014870703220367,1.0170449804626074,0.03466112217175121,False,False,45.0
timesfm3,uber_tlc_hourly,Uber TLC,3,L3,block,block_depth,True,3,0.15,0.15,False,False,False,False,False,False,False,False,False,False,False,737856,0.28390857577323914,0.29492812594434403,0.2731763191059061,-0.01776465765193443,-0.023800127475543803,-0.020784283028417838,0.28390860212042585,6.3020286011861515,7.6414008711094255,5.099719736098633,-0.46741135015592106,-0.8368555107622593,-0.6443763596859053,6.3020286011861515,1.0173405908285331,1.0628346768888914,0.9743988221364723,-0.06865672898038866,-0.0935833357029034,-0.08112127645254419,1.0173405908285331,1.0789901402063293,0.08179952221024656,2.6895143248529707,2.82659601131167,2.5563241815668305,-0.23060632552194033,-0.3244291375165539,-0.2793173816187009,2.6895143248529707,0.19887232780456543,0.20960797369480133,1.0144280234784773,0.03466112217175121,False,False,45.0
timesfm3,uber_tlc_hourly,Uber TLC,4,L4,block,block_depth,True,4,0.2,0.2,False,False,False,False,False,False,False,False,False,False,False,737856,0.28464779257774353,0.29549376120158105,0.2739074793054175,-0.018374332253117385,-0.024711066757449676,-0.021523483794267828,0.28464780288627584,6.53581318918576,7.9627796997948135,5.258002703111944,-0.6396407577437204,-1.1503200153160928,-0.8781609476855134,6.53581318918576,1.0458966762936852,1.0966795401378784,0.9986638948707678,-0.09197149772368135,-0.12905335183158043,-0.10967736191769628,1.0458966762936852,1.0817995222102466,0.08179952221024656,2.757584724372642,2.9082408253294507,2.6137386886186937,-0.2867485740724887,-0.4037926896651536,-0.3473877811383721,2.757584724372642,0.20453275740146637,0.21054208278656006,1.0189487791680762,0.03466112217175121,False,False,65.0
timesfm3,uber_tlc_hourly,Uber TLC,5,L5,block,block_depth,True,5,0.25,0.25,False,False,False,False,False,False,False,False,False,False,False,737856,0.2763305604457855,0.28669038550601206,0.2662067725042322,-0.010915516018298757,-0.015407638457952132,-0.01320622639574165,0.27633054548774966,6.088032054870648,7.408597343810699,4.91213158764608,-0.27873963295295506,-0.6056699287541424,-0.43037981337040154,6.088032054870648,1.0073584366940578,1.0568594203034336,0.9622321265425072,-0.05519861582466771,-0.08886951508798824,-0.07113912231806885,1.0073584366940578,1.050190010451934,0.05695250690113074,2.6019664301597216,2.7411532500637996,2.4653477617077324,-0.14622152105923647,-0.2348241740832627,-0.19176948692545182,2.6019664301597216,0.1974254846572876,0.20980316400527954,1.0153726751411514,0.03466112217175121,False,False,45.0
timesfm3,uber_tlc_hourly,Uber TLC,6,L6,block,block_depth,True,6,0.3,0.3,False,False,False,False,False,False,False,False,False,False,False,737856,0.27810993790626526,0.28851057802973923,0.2678990083590207,-0.01267951310306559,-0.017246616420599107,-0.014985627174832428,0.27810994626684044,6.224261180204977,7.570665060653564,5.016743199245719,-0.3878956740996476,-0.7676516001284439,-0.5666089387047313,6.224261180204977,1.011465324822061,1.0580755244764857,0.9686420917147177,-0.06251451150506869,-0.08831675920069922,-0.07524601044607215,1.011465324822061,1.0569525069011307,0.05695250690113074,2.626445951565792,2.767416183731522,2.491921800854925,-0.17100972078777768,-0.25968734105955804,-0.21624900833152205,2.626445951565792,0.19376841187477112,0.21047033369541168,1.018601539092057,0.03466112217175121,False,False,30.0
timesfm3,uber_tlc_hourly,Uber TLC,7,L7,block,block_depth,True,7,0.35,0.35,False,False,False,False,False,False,False,False,False,False,False,737856,0.27492961287498474,0.2851775631237462,0.2648955214857515,-0.009560827824521709,-0.013942127695079638,-0.011805253871183363,0.27492957296319137,6.13087630063221,7.437485553528984,4.951900165493698,-0.32216987397744634,-0.6421496322714915,-0.4732240591319634,6.13087630063221,1.005239167054006,1.052291341661149,0.9620555859380222,-0.05560845294281645,-0.08340337482646418,-0.06901985267801702,1.005239167054006,1.0448657309308835,0.053234866782013945,2.593207012257898,2.7341483513796363,2.4574126288956957,-0.14098548733646726,-0.22407684705402686,-0.18301006902362804,2.593207012257898,0.19488568603992462,0.21031372249126434,1.0178435965792922,0.03466112217175121,False,False,30.0
timesfm3,uber_tlc_hourly,Uber TLC,8,L8,block,block_depth,True,8,0.4,0.4,False,False,False,False,False,False,False,False,False,False,False,737856,0.2750397324562073,0.2852757153094156,0.26497155633036984,-0.009502768829706661,-0.014230176922687462,-0.011915411274055487,0.2750397303660635,6.200717853816203,7.5446381592022815,4.994770003968528,-0.3663814823578003,-0.7507325422279133,-0.5430656123159565,6.200717853816203,1.0035473932725896,1.0506615396360366,0.9607752406790308,-0.055073585571083945,-0.07998459484395697,-0.06732807889660064,1.0035473932725896,1.045284238691909,0.053234866782013945,2.596914575465964,2.7419099938718383,2.4559432634736083,-0.13476772840458737,-0.23829783625724557,-0.18671763223169435,2.596914575465964,0.19746549427509308,0.21047233045101166,1.018611202678804,0.03466112217175121,False,False,30.0
timesfm3,uber_tlc_hourly,Uber TLC,9,L9,block,block_depth,True,9,0.45,0.45,False,False,False,False,False,False,False,False,False,False,False,737856,0.27606311440467834,0.2864184955124324,0.26589942517235365,-0.010268845591509295,-0.015503384755526208,-0.012938817109884204,0.2760631362018922,6.227303689920595,7.580834179201842,5.017514960619729,-0.3774670508388045,-0.7894129356774554,-0.5696514484203492,6.227303689920595,1.005677472717393,1.0527963374033968,0.962119091017313,-0.056365879759206254,-0.08279849359528445,-0.06945815834140401,1.005677472717393,1.0491735859194735,0.053234866782013945,2.624331141645706,2.769723001258367,2.4831254549848016,-0.15683101786007758,-0.2704372668674826,-0.21413419841143622,2.624331141645706,0.19863931834697723,0.21292860805988312,1.0304987124712985,0.03466112217175121,False,False,30.0
timesfm3,uber_tlc_hourly,Uber TLC,10,L10,block,block_depth,True,10,0.5,0.5,False,False,False,False,False,False,False,False,False,False,False,737856,0.27612897753715515,0.2864376184726063,0.2659852601783279,-0.01036300522147302,-0.015506349275073474,-0.01300469228557044,0.27612901137757845,6.063051370858213,7.374747980414652,4.891753863987404,-0.24551416595888007,-0.5852227949499378,-0.40539912935796707,6.063051370858213,0.9931647998983149,1.0396422979954372,0.9500345187155065,-0.04427399358450874,-0.06996270039634983,-0.05694548552232592,0.9931647998983149,1.0494238977332397,0.053234866782013945,2.625901607080096,2.7683360997079207,2.4873476916663657,-0.16175667996047458,-0.2679619604498966,-0.21570466384582598,2.625901607080096,0.1985648274421692,0.21302899718284607,1.0309845601124494,0.03466112217175121,False,False,30.0
timesfm3,uber_tlc_hourly,Uber TLC,11,L11,block,block_depth,True,11,0.55,0.55,False,False,False,False,False,False,False,False,False,False,False,737856,0.27713173627853394,0.287351634153627,0.26704403083764355,-0.01128959324537909,-0.016636065545115115,-0.014007400451156893,0.2771317195431649,6.272601803430476,7.625614231895603,5.058665157595879,-0.4211993724627026,-0.8308988586908718,-0.6149495619302296,6.272601803430476,1.014854580974982,1.0638853731291908,0.9699259041036193,-0.06341017659033196,-0.09459668092845155,-0.07863526659899311,1.014854580974982,1.053234866782014,0.053234866782013945,2.658442812216264,2.803863280928874,2.517294941905107,-0.1925269686261547,-0.29939614780627727,-0.2482458689819942,2.658442812216264,0.19831964373588562,0.21341107785701752,1.032833694648111,0.03466112217175121,False,False,30.0
timesfm3,uber_tlc_hourly,Uber TLC,12,L12,block,block_depth,True,12,0.6,0.6,False,False,False,False,False,False,False,False,False,False,False,737856,0.27628612518310547,0.2864801204855774,0.2662425678269582,-0.010560839751180797,-0.015721016213695965,-0.013161805792505477,0.2762861248845135,6.266715081652487,7.633292126945822,5.0467905158675626,-0.41611112282217344,-0.8282443532549367,-0.6090628401522409,6.266715081652487,1.014497681156773,1.0642158353662656,0.9689391771666055,-0.06202158957657611,-0.09597534816280659,-0.07827836678078404,1.014497681156773,1.0500211349250899,0.05002113492508986,2.640055583552607,2.7808939014796383,2.502593436121596,-0.18061224696055617,-0.2765798100932489,-0.22985864031833714,2.640055583552607,0.1998782753944397,0.21378867328166962,1.0346611221717512,0.03466112217175121,False,False,30.0
timesfm3,uber_tlc_hourly,Uber TLC,13,L13,block,block_depth,True,13,0.65,0.65,False,False,False,False,False,False,False,False,True,False,False,737856,0.2697470486164093,0.27974740200469855,0.25984033880940144,-0.004359221568629715,-0.008830415291484164,-0.006622740558085538,0.26974705965009355,5.8795817643273,7.150019111417507,4.750524582094404,-0.067438543928152,-0.3887713258651602,-0.22192952282705392,5.8795817643273,0.9924208148608786,1.0450764271977926,0.9448251482742027,-0.03506217695908383,-0.0804516417340136,-0.0562015004848897,0.9924208148608786,1.0251694758221441,0.025169475822144127,2.5372609123419423,2.6737267010634826,2.404528263369728,-0.07802485843734801,-0.17402090592092656,-0.12706396910767248,2.5372609123419423,0.20354343950748444,0.21061447262763977,1.0192991202458128,0.019299120245812817,False,False,45.0
timesfm3,uber_tlc_hourly,Uber TLC,14,L14,block,block_depth,True,14,0.7,0.7,False,False,False,False,False,False,False,False,False,False,False,737856,0.265242338180542,0.27501433126891445,0.25556030685849884,-0.00032481726628679923,-0.0038514556562286276,-0.002118014112001132,0.26524233320400914,5.72141576408719,6.940050841751131,4.637289025827633,0.07609327391998622,-0.19740193005407786,-0.06376352258694418,5.72141576408719,0.9676200952188231,1.0135547714198325,0.9259969607481395,-0.01955210348214574,-0.04387753253749625,-0.03140078084283415,0.9676200952188231,1.0080493936564416,0.008049393656441639,2.439726378709384,2.5705543575215417,2.3138863064359483,0.012465862665913487,-0.06865509522047522,-0.02952943547511433,2.439726378709384,0.19624613225460052,0.2099945992231369,1.0162991534914358,0.016299153491435847,False,False,30.0
timesfm3,uber_tlc_hourly,Uber TLC,15,L15,block,block_depth,True,15,0.75,0.75,False,False,False,True,False,False,False,False,False,False,False,737856,0.26376232504844666,0.2736634732362679,0.2541963854516707,0.001076581323064354,-0.002248742931188266,-0.0006380129235846188,0.2637623320155926,5.498429872935901,6.66591314610824,4.462474797805685,0.2851948902667069,0.04634971079810533,0.15922236856434502,5.498429872935901,0.9552375104543382,1.0025532213980552,0.9131076568234318,-0.004059853555261186,-0.03515992740712005,-0.019018196078349314,0.9552375104543382,1.0024246266956076,0.003873716897112134,2.4099248256737296,2.539199171773394,2.2840292517430276,0.04262224963993786,-0.03803302311572253,0.0002721175605402415,2.4099248256737296,0.19512417912483215,0.20849177241325378,1.0090260063706114,0.01207155063860088,False,False,30.0
timesfm3,uber_tlc_hourly,Uber TLC,16,L16,block,block_depth,True,16,0.8,0.8,False,False,False,False,False,False,False,False,False,False,False,737856,0.26414361596107483,0.273959252351312,0.25453765110205145,0.0007738706108381717,-0.0026948055142238443,-0.0010192951343896417,0.26414361422639765,5.772055196906377,7.011420096391768,4.67547914193936,-0.0005611095701002702,-0.2367221704035278,-0.11440295540613121,5.772055196906377,0.973915324013622,1.023602807471019,0.9294721793603993,-0.021312712110436654,-0.05606862778124354,-0.03769600963763309,0.973915324013622,1.0038737168971121,0.003873716897112134,2.4369585319101903,2.5675758256914114,2.3092908587834353,0.012467901920142375,-0.06247909765534807,-0.02676158867592049,2.4369585319101903,0.2003733366727829,0.20912106335163116,1.0120715506386009,0.01207155063860088,False,False,45.0
timesfm3,uber_tlc_hourly,Uber TLC,17,L17,block,block_depth,True,17,0.85,0.85,False,False,False,False,False,False,False,False,False,False,False,737856,0.26231494545936584,0.2720396871475915,0.25279500562278195,0.0024235845337273578,-0.0007148470782909727,0.0008093547075986862,0.2623149643844093,5.471189705973922,6.613702645108426,4.446007005228118,0.28263215578501205,0.10244739657044646,0.1864625355263243,5.471189705973922,0.941321927312393,0.9859975015397555,0.901661228424419,0.006094226994968925,-0.01713650012638584,-0.005102612936404016,0.941321927312393,0.9969238830090154,0.0,2.3695641000506256,2.486581722859046,2.2569868625061678,0.07159703732251436,0.010594731417503911,0.04063284318364424,2.3695641000506256,0.19356641173362732,0.2090369313955307,1.0116643819014866,0.011664381901486554,False,False,30.0
timesfm3,uber_tlc_hourly,Uber TLC,18,L18,block,block_depth,True,18,0.9,0.9,False,False,False,False,False,False,False,True,False,False,False,737856,0.2606256902217865,0.27029588053052717,0.2511421918876128,0.004188270789734627,0.0009001394125938645,0.0024986372165780035,0.26062568187543,5.486153009589004,6.6244252581223115,4.461421854773211,0.26661294239561106,0.08704764536796114,0.17149923191124206,5.486153009589004,0.9582627536492098,1.0078159961468778,0.9137895588386086,-0.0036722585444663065,-0.04351245725514871,-0.022043439273220833,0.9582627536492098,0.990503894670601,0.0,2.332312952472757,2.4422376058279327,2.225922353154309,0.10877757484147225,0.04770236959661339,0.07788399076151276,2.332312952472757,0.2005598098039627,0.20638558268547058,0.9988327973768698,0.0017985809960374688,False,False,45.0
timesfm3,uber_tlc_hourly,Uber TLC,19,L19,block,block_depth,True,19,0.95,0.95,False,False,False,False,False,False,False,False,False,False,False,737856,0.26277804374694824,0.2725213967864437,0.25314877130311575,0.00163825883188834,-0.0009087726857712336,0.00034628370563494215,0.26277803538637307,5.465567256951973,6.5898221783681,4.457152760041663,0.2849319470266031,0.11245427056634585,0.1920849845482735,5.465567256951973,0.9479176017413798,0.9928536038445669,0.90793153059993,-0.0003388236654008278,-0.024950414921384015,-0.011698287365390914,0.9479176017413798,0.9986838808706049,0.0,2.3324390565581,2.4428298117837293,2.2259007109810693,0.10289189224873767,0.052124826048929,0.0777578866761699,2.3324390565581,0.19883327186107635,0.20699839293956757,1.0017985809960375,0.0017985809960374688,False,False,30.0
timesfm3,uber_tlc_hourly,Uber TLC,20,L20,block,block_depth,True,20,1.0,1.0,False,True,True,False,False,False,False,False,False,False,False,737856,0.26312434673309326,0.2730455833121082,0.25331430685891276,0.0,0.0,0.0,0.263124319092008,5.657652241500246,6.84512427168593,4.589870551047486,0.0,0.0,0.0,5.657652241500246,0.9362193143759889,0.9774529953747685,0.8989601911807745,0.0,0.0,0.0,0.9362193143759889,1.0,0.0,2.41019694323427,2.5310354616649575,2.2908343101225332,0.0,0.0,0.0,2.41019694323427,0.19465696811676025,0.206626757979393,1.0,0.0,False,False,45.0
timesfm3,wind_farms_hourly,Wind Farms,0,Emb,embedding,block_depth,True,0,0.0,0.0,True,False,False,False,False,True,True,False,False,True,True,737856,0.6302698254585266,1.4512307876824107,0.20776567129055679,-0.012672405999566176,-0.03250817014099957,-0.0225613383391432,0.6302697491611688,18.333741800008617,22.01201118487911,15.00887541721029,1.1225218528350647,-2.3470197047826122,-0.6821560777828459,18.333741800008617,4.80579227337263,11.78415076122867,1.253179881001665,0.05200806327824763,-0.19959512899574322,-0.07496224238561755,4.80579227337263,1.0371255242674968,0.03712552426749682,1.8062669116779835,2.2963337069758585,1.4545572236463833,0.10933600152820339,-0.19111668537575321,-0.042560738748251836,1.8062669116779835,12.043371200561523,0.20789262652397156,1.0371861682917216,0.03718616829172161,False,False,30.0
timesfm3,wind_farms_hourly,Wind Farms,1,L1,block,block_depth,True,1,0.05,0.05,False,False,False,True,True,False,False,False,False,False,False,737856,0.6121832728385925,1.4334212148329242,0.19041011706901045,0.004101685107372792,-0.012844357579477293,-0.004474815962310141,0.6121832267843358,16.842182187149454,20.28100949067676,13.739493831731593,2.4550265675924825,-0.6584280189724244,0.8094035350763171,16.842182187149454,4.674747608867181,11.646371071121846,1.1270848445521964,0.1841110735234703,-0.05515203756106805,0.0560824221198315,4.674747608867181,1.0073636276790092,0.014609067745923854,1.6773923908578945,2.1270652323628982,1.3565564251393156,0.23106324460371794,-0.034402721745341494,0.08631378207183715,1.6773923908578945,12.01396369934082,0.2000897079706192,0.9982570377536997,0.03368136077883688,False,False,10.0
timesfm3,wind_farms_hourly,Wind Farms,2,L2,block,block_depth,True,2,0.1,0.1,False,False,False,False,False,False,False,False,False,False,False,737856,0.609999418258667,1.4302231606814069,0.18875245520212325,0.006231810641830483,-0.010269455341728876,-0.0022909834639717186,0.6099993942859974,16.33701671011548,19.719094768327142,13.332033575448047,2.997712426457782,-0.17269782516509344,1.3145690121102902,16.33701671011548,4.690597806405143,11.662090870658465,1.1445072850618117,0.16637374078267492,-0.07280588268533852,0.04023222458186915,4.690597806405143,1.0037700377043002,0.014609067745923854,1.6602835251498387,2.102982625337366,1.339274007492028,0.25426140181523693,-0.020389753842179954,0.10342264777989296,1.6602835251498387,12.000889778137207,0.19924211502075195,0.9940283563490587,0.03368136077883688,False,False,10.0
timesfm3,wind_farms_hourly,Wind Farms,3,L3,block,block_depth,True,3,0.15,0.15,False,False,False,False,False,False,False,False,False,False,False,737856,0.608119547367096,1.4279510167878802,0.18731846302154098,0.005671117802413478,-0.0063097453469993766,-0.00041109681811957177,0.6081195076401452,16.875065839271258,20.338286263493206,13.698837711596354,2.0001452546757488,-0.3554192647049501,0.7765198829545135,16.875065839271258,4.704602841712495,11.672297586858509,1.1653740541343105,0.12465466550323058,-0.06103758103787872,0.026227189274517393,4.704602841712495,1.0006766608596172,0.014609067745923854,1.6772530255990068,2.1252978739149944,1.3548396340065287,0.20460416413441693,-0.013343439095574191,0.08645314733072484,1.6772530255990068,12.008360862731934,0.19936318695545197,0.9946323899703506,0.03368136077883688,False,False,30.0
timesfm3,wind_farms_hourly,Wind Farms,4,L4,block,block_depth,True,4,0.2,0.2,False,False,False,False,False,False,False,False,False,False,False,737856,0.6084403395652771,1.4278076087568978,0.18813160569016033,0.005767289455624586,-0.006974293390388481,-0.0007319286437208472,0.6084403394657465,16.34134678248625,19.675506685272232,13.252612005348615,2.779249871451022,0.02240470717961821,1.31023893973952,16.34134678248625,4.708017475271532,11.668078091242338,1.170217458931239,0.13336517906972367,-0.07638541958394063,0.02281255571547991,4.708017475271532,1.0012045328333032,0.014609067745923854,1.6508330525014154,2.0894844377683137,1.3326318082243307,0.24345368226776012,0.007974984897470358,0.11287312042831621,1.6508330525014154,12.00693416595459,0.20130588114261627,1.0043245833580523,0.03368136077883688,False,False,30.0
timesfm3,wind_farms_hourly,Wind Farms,5,L5,block,block_depth,True,5,0.25,0.25,False,False,False,False,False,False,False,False,False,False,False,737856,0.609684944152832,1.4292315106572342,0.18946939681137678,0.005027899594501258,-0.0084960426756657,-0.0019765614411075827,0.6096849722631332,16.07055035116481,19.330688175916517,13.087390726230934,3.288333640446206,0.12095869561983125,1.5810353710609633,16.07055035116481,4.731202602268297,11.69042345965447,1.20013718834342,0.1118468539606757,-0.09867529551946297,-0.0003725712812849835,4.731202602268297,1.0032525623172384,0.014609067745923854,1.6497167549348004,2.0875324221261837,1.3320064628190655,0.2547771316614397,-0.0020024355418430386,0.11398941799493123,1.6497167549348004,12.006399154663086,0.2020910680294037,1.0082419179558044,0.03368136077883688,False,False,30.0
timesfm3,wind_farms_hourly,Wind Farms,6,L6,block,block_depth,True,6,0.3,0.3,False,False,False,False,False,False,False,False,False,False,False,737856,0.6124156713485718,1.4318148326697466,0.19224355497916465,0.003214079917600568,-0.012135956539836457,-0.004707256886567812,0.6124156677085935,16.32365943930515,19.601371908760633,13.338342870863515,2.9809535990287097,-0.13668242363170072,1.3279262829206218,16.32365943930515,4.736092847594973,11.698708150743363,1.2064042021725703,0.11033894140075295,-0.10863816290809537,-0.005262816607960907,4.736092847594973,1.0077460455209641,0.014609067745923854,1.6635004663271649,2.108939566635921,1.3401291640133923,0.25008265213196645,-0.022701759287522792,0.10020570660256678,1.6635004663271649,12.005569458007812,0.2028845250606537,1.0122005126963034,0.03368136077883688,False,False,30.0
timesfm3,wind_farms_hourly,Wind Farms,7,L7,block,block_depth,True,7,0.35,0.35,False,False,False,False,False,False,False,False,False,False,False,737856,0.6142653822898865,1.4334248655369035,0.19382227222676893,0.000992017197564816,-0.013861280766258801,-0.006557007910299895,0.6142654187323255,16.447999865784748,19.712440334281734,13.47686105342578,2.8960898449241226,-0.28480145111639127,1.2035858564410233,16.447999865784748,4.731207574590861,11.688341693324638,1.20095120419192,0.11081491477934237,-0.10022852719027772,-0.0003775436038484514,4.731207574590861,1.010789793376668,0.014609067745923854,1.67234717376361,2.118599989963634,1.3507504819902145,0.23672016728922368,-0.031721825189013994,0.09135899916612167,1.67234717376361,12.002579689025879,0.20221376419067383,1.0088540549204468,0.03368136077883688,False,False,30.0
timesfm3,wind_farms_hourly,Wind Farms,8,L8,block,block_depth,True,8,0.4,0.4,False,False,False,False,False,False,False,False,False,False,False,737856,0.6142834424972534,1.434058663022228,0.19349758670743525,0.000936416661338519,-0.013870500544981871,-0.006575005470227713,0.6142834162922534,16.663508424869217,19.952114242480363,13.667172355744597,2.7221718078113946,-0.5106797088827013,0.9880772973565541,16.663508424869217,4.733525790496953,11.692995944761254,1.203454024713235,0.10663821090311322,-0.0990998107989635,-0.0026957595099412757,4.733525790496953,1.010819511921452,0.014609067745923854,1.6754102886093796,2.1172826847602,1.3495414678103927,0.24285730521430732,-0.04291332733770351,0.08829588432035207,1.6754102886093796,11.999236106872559,0.2031574547290802,1.0135621717495444,0.03368136077883688,False,False,30.0
timesfm3,wind_farms_hourly,Wind Farms,9,L9,block,block_depth,True,9,0.45,0.45,False,False,False,False,False,False,False,False,False,False,False,737856,0.6142277121543884,1.4335164602486887,0.1937605053140206,0.0010539631944021495,-0.01379087288216999,-0.006519268032248782,0.6142276788542744,16.779368940359987,20.143434532191005,13.691805029422966,2.5984244450941616,-0.651057755235851,0.8722167818657844,16.779368940359987,4.736832468806123,11.693906858649715,1.207844770111916,0.10243528297345626,-0.10227962797686367,-0.00600243781911125,4.736832468806123,1.0107278061809473,0.014609067745923854,1.6824710608209463,2.1262890102212975,1.355395945773899,0.2362935496653763,-0.04773988313898969,0.08123511210878531,1.6824710608209463,11.998656272888184,0.20476289093494415,1.0215717690817752,0.03368136077883688,False,False,30.0
timesfm3,wind_farms_hourly,Wind Farms,10,L10,block,block_depth,True,10,0.5,0.5,False,False,False,False,False,False,False,False,False,False,False,737856,0.6145086288452148,1.4338795738543546,0.19397823248371368,0.0006607467305085003,-0.013971220010728097,-0.006800256669521332,0.614508667491547,16.660624554802002,20.037343313976354,13.568065539187849,2.6730260084088435,-0.4793999538767797,0.9909611674237695,16.660624554802002,4.717585717528757,11.675572681744464,1.186783350341976,0.12693931189057583,-0.08784998746092745,0.013244313458255164,4.717585717528757,1.0111900619616947,0.014609067745923854,1.6828189123338886,2.1295358199921046,1.3557133920618132,0.23372627394164514,-0.04527063115162704,0.08088726059584306,1.6828189123338886,11.998109817504883,0.205706387758255,1.026278919457079,0.03368136077883688,False,False,30.0
timesfm3,wind_farms_hourly,Wind Farms,11,L11,block,block_depth,True,11,0.55,0.55,False,False,False,False,False,False,False,False,False,False,False,737856,0.6143976449966431,1.434145143009253,0.1938663045100811,0.0009373278218455237,-0.013884288628891416,-0.006689236023043943,0.6143976468450696,16.671790125514992,20.06038608832697,13.559429714600004,2.740858131592688,-0.510624258159486,0.9797955967107796,16.671790125514992,4.740047738307036,11.695527928248385,1.2099445350989129,0.10331130202369468,-0.10906418433513866,-0.009217707320023472,4.740047738307036,1.0110074351287324,0.014609067745923854,1.6825164114421267,2.129236771741829,1.3518942677910448,0.23897325265365382,-0.04874019279562894,0.08118976148760493,1.6825164114421267,11.996926307678223,0.2055821567773819,1.0256591252046838,0.03368136077883688,False,False,30.0
timesfm3,wind_farms_hourly,Wind Farms,12,L12,block,block_depth,True,12,0.6,0.6,False,False,False,False,False,False,False,False,False,False,False,737856,0.6165863871574402,1.4362304151047531,0.19611332593556807,-0.0013326365099011511,-0.016130112745365462,-0.008878028972913343,0.616586439794939,16.797458663587605,20.21105079819943,13.699103976079796,2.6207795505673936,-0.6752816627437743,0.8541270586381664,16.797458663587605,4.747889947487554,11.706688191692086,1.2155583993319197,0.09480015873715764,-0.11714674151338193,-0.01705991650054184,4.747889947487554,1.0146090677459239,0.014609067745923854,1.6953782133526065,2.1471127362544546,1.3610393458591103,0.22637262696075627,-0.06328785562950526,0.06832795957712512,1.6953782133526065,11.996983528137207,0.20530784130096436,1.0242905522896852,0.03368136077883688,False,False,30.0
timesfm3,wind_farms_hourly,Wind Farms,13,L13,block,block_depth,True,13,0.65,0.65,False,False,False,False,False,False,False,False,False,False,False,737856,0.6150748133659363,1.4345644128419999,0.19444649885870685,-3.741453277329769e-05,-0.01441852448131363,-0.007366442057581413,0.6150748528796071,16.562645653531014,19.911908598023928,13.522900433320732,2.882012069705858,-0.4576988442359104,1.0889400686947575,16.562645653531014,4.750145150477539,11.704363167660837,1.2195931100907011,0.08742684156910416,-0.11632872052242339,-0.019315119490526556,4.750145150477539,1.0121217334366193,0.012837430536579708,1.6721013128498141,2.1221588896156445,1.340786901813188,0.2458489618490951,-0.037547191714407714,0.09160486007991753,1.6721013128498141,11.996245384216309,0.2071901261806488,1.0336813607788369,0.03368136077883688,False,False,30.0
timesfm3,wind_farms_hourly,Wind Farms,14,L14,block,block_depth,True,14,0.7,0.7,False,False,False,False,False,False,False,False,False,False,False,737856,0.6155097484588623,1.4351253899770526,0.19511972720812978,-0.0008013618724306801,-0.01447551800453509,-0.007801339556356424,0.6155097503783821,16.64786410295456,20.02014924815645,13.601181455010265,2.743962590436098,-0.47549803572375204,1.0037216192712108,16.64786410295456,4.768170824987079,11.719868952199256,1.2392989003970214,0.06812415093989656,-0.13319232602169845,-0.03734079400006696,4.768170824987079,1.0128374305365797,0.012837430536579708,1.6856727282635637,2.136375265368621,1.3537904559003822,0.22141266982428728,-0.04285953028869566,0.0780334446661679,1.6856727282635637,12.003593444824219,0.20555195212364197,1.025508432755409,0.025508432755408927,False,False,45.0
timesfm3,wind_farms_hourly,Wind Farms,15,L15,block,block_depth,True,15,0.75,0.75,False,False,False,False,False,False,False,False,True,False,False,737856,0.612743616104126,1.4322893784914648,0.1922484039407195,0.001625133362129499,-0.0115286613658127,-0.005035217168904538,0.6127436279909302,16.380063410745617,19.72073753631185,13.392171892374536,2.867239103203,-0.13302429126669968,1.2715223114801546,16.380063410745617,4.74036752504701,11.689161403192875,1.2144957366558555,0.09265951452161272,-0.10207590808952298,-0.009537494059998153,4.74036752504701,1.0082856872153567,0.008285687215356718,1.6632339814254995,2.108303753685701,1.3364129300657328,0.23936315603505978,-0.018083497257334494,0.10047219150423214,1.6632339814254995,12.003134727478027,0.2032780647277832,1.0141639007502505,0.014163900750250535,False,False,45.0
timesfm3,wind_farms_hourly,Wind Farms,16,L16,block,block_depth,True,16,0.8,0.8,False,False,False,False,False,False,False,True,False,False,False,737856,0.6115521192550659,1.4307599621920895,0.19125924646918382,0.0030375205049689236,-0.010324753281653219,-0.003843735619128208,0.6115521464411539,16.59154675723827,20.046070232041533,13.488901040932081,2.754566726497118,-0.4002361878625163,1.060038964987502,16.59154675723827,4.754095969902182,11.70259300675253,1.2271922382759006,0.07989062197177334,-0.11661706148292504,-0.023265938915169926,4.754095969902182,1.0063250479076673,0.006669410319338098,1.6559224776474646,2.104460729721497,1.3273722537539918,0.2551907342718823,-0.013440640761922201,0.10778369528226706,1.6559224776474646,12.001161575317383,0.20065347850322723,1.0010697156648332,0.0010697156648331596,False,False,45.0
timesfm3,wind_farms_hourly,Wind Farms,17,L17,block,block_depth,True,17,0.85,0.85,False,False,False,False,False,False,False,False,False,False,False,737856,0.6100432276725769,1.4290689889686397,0.18974503989452285,0.004953487187033896,-0.009022676912029754,-0.0023347971150439184,0.6100432079370696,16.009565632649966,19.326889631289355,13.012652221874209,3.414215532046938,0.17831265094536813,1.642020089575805,16.009565632649966,4.698626905105839,11.648536430223219,1.1707084167625001,0.14165470142946518,-0.06451876689421765,0.03220312588117302,4.698626905105839,1.0038421272436275,0.006669410319338098,1.626559678677165,2.0785088963019835,1.292087783707918,0.2957077166103212,0.00793624703514683,0.13714649425256664,1.626559678677165,11.99411392211914,0.19784533977508545,0.9870597784382374,0.0,False,False,30.0
timesfm3,wind_farms_hourly,Wind Farms,18,L18,block,block_depth,True,18,0.9,0.9,False,False,False,False,False,False,False,False,False,False,False,737856,0.6060246825218201,1.4251960051914263,0.1855662374888753,0.007536388430495729,-0.003755734822151202,0.0016836948436862453,0.6060247159783394,15.706923913671297,18.930955651648375,12.825806416566872,3.4601955703774117,0.6645133247359379,1.944661808554475,15.706923913671297,4.696552247979067,11.6524092968009,1.165831376741203,0.11938814142189849,-0.04172666648199031,0.03427778300794504,4.696552247979067,0.9972295058266983,0.006669410319338098,1.5961075439631907,2.0364312300066056,1.2731435622391836,0.3058844401463578,0.05746423398521693,0.16759862896654099,1.5961075439631907,11.997604370117188,0.19676059484481812,0.9816479345618596,0.0,False,False,30.0
timesfm3,wind_farms_hourly,Wind Farms,19,L19,block,block_depth,True,19,0.95,0.95,False,False,False,False,False,False,False,False,False,False,False,737856,0.6117613911628723,1.4312844266937264,0.1906103935846277,0.0007193523995891065,-0.008568002882001389,-0.004052911508288126,0.6117613223303138,16.423483674149704,19.723837937285158,13.390494864748387,2.39484702264319,0.28742457122961695,1.2281020480760674,16.423483674149704,4.678618378697275,11.639329791333891,1.1443385408150921,0.12234926866725072,-0.008703790271886901,0.052211652289737565,4.678618378697275,1.006669410319338,0.006669410319338098,1.6858422462233478,2.134067468647155,1.3560575922412303,0.18439702144838702,-0.008990292929463893,0.07786392670638387,1.6858422462233478,11.986647605895996,0.19931861758232117,0.9944100312551157,0.0,False,False,10.0
timesfm3,wind_farms_hourly,Wind Farms,20,L20,block,block_depth,True,20,1.0,1.0,False,True,True,False,False,False,False,False,False,False,False,737856,0.6077083349227905,1.4266958171315136,0.1869437728434417,0.0,0.0,0.0,0.6077084108220256,17.65158572222577,21.291274903879092,14.218512624937695,0.0,0.0,0.0,17.65158572222577,4.730830030987012,11.70850665979543,1.178614999107962,0.0,0.0,0.0,4.730830030987012,1.0,0.0,1.7637061729297316,2.242150307828172,1.4215930145326292,0.0,0.0,0.0,1.7637061729297316,12.000570297241211,0.20043906569480896,1.0,0.0,False,False,30.0
timesfm3,sg_carpark,SG Carpark,0,Emb,embedding,block_depth,True,0,0.0,0.0,False,False,False,False,False,False,False,False,False,False,False,737856,0.17352697253227234,0.18934889310065886,0.1605985165873574,-0.033068543523918345,-0.04650046929117231,-0.03943572140767074,0.17352697730990452,15.781878937400162,17.582556021148317,14.2129140089596,-2.619309767782745,-3.7716270956210853,-3.197112916005171,15.781878937400162,1.044155775250595,1.1382562464859456,0.9639540121740583,-0.18956707000554218,-0.26261420728248447,-0.22367682932247346,1.044155775250595,1.2940960884179868,0.29409608841798685,0.46671679454423487,0.5227296208494858,0.4182044216494119,-0.08071045546526552,-0.11633588345691882,-0.09919427974692124,0.46671679454423487,0.16489087045192719,0.19568324089050293,1.1804769432197826,0.18047694321978258,False,False,0.1
timesfm3,sg_carpark,SG Carpark,1,L1,block,block_depth,True,1,0.05,0.05,False,False,False,False,False,False,False,False,False,False,False,737856,0.14809715747833252,0.16207490118620338,0.13582971052682333,-0.010339995316824316,-0.01753274930541085,-0.014005897282543811,0.1480971531847776,13.288329275406682,15.232178756312265,11.637191605150202,-0.2058021619707392,-1.2055814288600233,-0.7035632540116907,13.288329275406682,0.8659824390642973,0.9543401686660089,0.7886670941513227,-0.024067292499881515,-0.06712733966418624,-0.04550349313617574,0.8659824390642973,1.1044505035831795,0.12617105648008287,0.4061202733644716,0.46835538834269735,0.3535980094811451,-0.023847711786337423,-0.05282785896607329,-0.03859775856715797,0.4061202733644716,0.14064016938209534,0.19276127219200134,1.162849901365334,0.16284990136533395,False,False,10.0
timesfm3,sg_carpark,SG Carpark,2,L2,block,block_depth,True,2,0.1,0.1,False,False,False,False,False,False,False,False,False,False,False,737856,0.1510096937417984,0.16429270142005326,0.1395375991545323,-0.012406085772534547,-0.02103631652518056,-0.01691843403008697,0.15100968993232075,13.60478548165299,15.357569239990802,12.062976799927458,-0.542888233345253,-1.4492536722444165,-1.0200194602579984,13.60478548165299,0.8860184742390204,0.9728996396170538,0.811807431358361,-0.042979613161560744,-0.08845669848042213,-0.06553952831089882,0.8860184742390204,1.1261710564800829,0.12617105648008287,0.412695297696073,0.4687381545415154,0.3653790639977512,-0.029105089234694514,-0.05949937716937325,-0.04517278289875937,0.412695297696073,0.13532017171382904,0.18805067241191864,1.1344327798795169,0.13443277987951685,False,False,10.0
timesfm3,sg_carpark,SG Carpark,3,L3,block,block_depth,True,3,0.15,0.15,False,False,False,False,False,False,True,False,False,False,True,737856,0.1423533856868744,0.15587076451892487,0.13047349044137588,-0.0037851943229298894,-0.012262267713819082,-0.008262133215275191,0.14235338911750897,13.002446060959272,14.696644244275165,11.516597714235585,0.09486164873704978,-0.882223818868171,-0.41768003956428146,13.002446060959272,0.854045578203451,0.9399240928612782,0.7793729272776495,-0.009601736771708887,-0.056104963394114374,-0.03356663227532941,0.854045578203451,1.0616157067811482,0.06161570678114825,0.3870929020120811,0.4428019641661433,0.339722988332792,-0.003085325473208997,-0.03367604401992457,-0.01957038721476745,0.3870929020120811,0.12196371704339981,0.18027399480342865,1.0875192651099364,0.08751926510993635,False,False,10.0
timesfm3,sg_carpark,SG Carpark,4,L4,block,block_depth,True,4,0.2,0.2,False,False,False,False,False,False,False,False,False,False,False,737856,0.13786329329013824,0.15149975743376262,0.12563561806297402,-0.00019644385040606217,-0.0071013940742902446,-0.003772028253576837,0.13786328415581062,12.771093707389316,14.489366735236645,11.26594493084717,0.33411821328099833,-0.6284367781525207,-0.1863276859943248,12.771093707389316,0.8362790656460463,0.9211249946520261,0.7633324851616033,0.0054320024690777124,-0.036365023834207116,-0.01580011971792472,0.8362790656460463,1.0281303591002802,0.028130359100280167,0.37232539700165135,0.42837133474318284,0.32469453840837065,0.010973964297316554,-0.018044526245134602,-0.004802882204337722,0.37232539700165135,0.11296895891427994,0.1765367090702057,1.064973749110625,0.06497374911062503,False,False,10.0
timesfm3,sg_carpark,SG Carpark,5,L5,block,block_depth,True,5,0.25,0.25,False,False,False,False,False,False,False,False,False,False,False,737856,0.1294282227754593,0.14381618300258145,0.11651059466540435,0.0075742737908379215,0.0019223620970391362,0.00466304427107514,0.12942821163115864,11.956770155380273,13.765516177692666,10.395205950347073,1.0820127146310299,0.24177754774047505,0.627995866014718,11.956770155380273,0.788133499923409,0.8785812945398184,0.7102181894915035,0.050441956533897304,0.014640396118608475,0.032345446004712564,0.788133499923409,0.965224912187433,0.021327163265142834,0.34877325219831895,0.40728733826045244,0.29928325309432835,0.032650782879030185,0.007965435557563967,0.018749262598994676,0.34877325219831895,0.1196514144539833,0.1748608648777008,1.054864066642785,0.05486406664278509,False,False,30.0
timesfm3,sg_carpark,SG Carpark,6,L6,block,block_depth,True,6,0.3,0.3,False,False,False,False,False,True,False,False,False,False,False,737856,0.12658946216106415,0.14074067689115335,0.11366943902215042,0.010500070884413402,0.004688570298001903,0.007501798676653099,0.12658945722558068,11.57964161078845,13.354497389153659,10.042340227671682,1.4634185909081334,0.6313624569429273,1.0051244106065411,11.57964161078845,0.7633349204547143,0.8536387188062924,0.686144539544961,0.07593554068670068,0.03964791063211846,0.057144025473407245,0.7633349204547143,0.9440545491399214,0.021327163265142834,0.3393376530582562,0.39706912804556393,0.2901342991061347,0.04255082220725879,0.017105688573776003,0.028184861739057432,0.3393376530582562,0.11866184324026108,0.17287057638168335,1.0428574703230786,0.05316311868026857,False,False,30.0
timesfm3,sg_carpark,SG Carpark,7,L7,block,block_depth,True,7,0.35,0.35,False,False,False,False,False,False,False,False,False,False,False,737856,0.1280822902917862,0.14277229328760827,0.11486060105785097,0.008978032798237957,0.003115861202553336,0.006008965252651349,0.12808229064958243,11.7568062612524,13.549522139115027,10.199670897984593,1.2482286561588198,0.47677795642416326,0.8279597601425905,11.7568062612524,0.7706134279213331,0.8605158572676481,0.6921634151083723,0.06933302713620967,0.03164006734843143,0.0498655180067884,0.7706134279213331,0.9551874757187473,0.021327163265142834,0.34445664578290675,0.4029422487034596,0.2951203118065275,0.035504116734626175,0.012851565708976161,0.02306586901440688,0.34445664578290675,0.11699574440717697,0.17247751355171204,1.0404862830619401,0.05316311868026857,False,False,30.0
timesfm3,sg_carpark,SG Carpark,8,L8,block,block_depth,True,8,0.4,0.4,False,False,False,False,False,False,False,False,False,False,False,737856,0.12822303175926208,0.1427525931969285,0.1151777035714585,0.008668295811535512,0.003213166930886396,0.0058682213858359256,0.12822303451639785,11.748887971634742,13.549395411394055,10.186186113095555,1.2064674236653612,0.5135123029861883,0.8358780497602485,11.748887971634742,0.7740320419792757,0.8638071288687151,0.6953657246553383,0.06414734391266846,0.030160722522349893,0.046446903948845875,0.7740320419792757,0.9562370703718488,0.021327163265142834,0.34378285751971654,0.40213750744926013,0.2943742999340581,0.03561577973385612,0.014006786549359837,0.02373965727759708,0.34378285751971654,0.11560335755348206,0.17107485234737396,1.0320246018094483,0.05316311868026857,False,False,30.0
timesfm3,sg_carpark,SG Carpark,9,L9,block,block_depth,True,9,0.45,0.45,False,False,False,False,False,False,False,False,False,False,False,737856,0.1294531524181366,0.1441359170212668,0.11639598079346711,0.007350656527783818,0.002040936133040306,0.004638105588780972,0.1294531503134528,11.815227312539713,13.595645800601938,10.265897166177345,1.1882304377704953,0.43564324945527605,0.7695387088552774,11.815227312539713,0.7819149428813222,0.8706830123347105,0.702970576072734,0.05701737504377267,0.022006640824510995,0.0385640030467993,0.7819149428813222,0.9654108276828951,0.021327163265142834,0.34545148317706104,0.4040497616990967,0.2963584756939133,0.035491999052297614,0.01210926678571269,0.02207103162025259,0.34545148317706104,0.1166815310716629,0.17457890510559082,1.0531631186802686,0.05316311868026857,False,False,30.0
timesfm3,sg_carpark,SG Carpark,10,L10,block,block_depth,True,10,0.5,0.5,False,False,False,False,False,False,False,False,False,False,False,737856,0.12942196428775787,0.14400492147989782,0.11677562119939107,0.007407923710222059,0.0021801373405687325,0.00466928902571484,0.12942196687651894,11.709687137460875,13.45696972294846,10.17502041279609,1.3010469676458591,0.538492306810349,0.8750788839341155,11.709687137460875,0.7778724538099151,0.8654890477851543,0.7014792541321305,0.060887085477461696,0.02598134865744056,0.04260649211820644,0.7778724538099151,0.965178238841292,0.021327163265142834,0.34589318737934577,0.4043277203129794,0.296379391714006,0.03512961623740673,0.011692411710632258,0.02162932741796786,0.34589318737934577,0.11420363187789917,0.17437903583049774,1.0519573891051055,0.0519573891051055,False,False,30.0
timesfm3,sg_carpark,SG Carpark,11,L11,block,block_depth,True,11,0.55,0.55,False,False,False,False,False,False,False,False,False,False,False,737856,0.1318017840385437,0.14626067347540433,0.11911821917257151,0.004969940169340802,-0.00016270781588333808,0.0022894841760902063,0.13180177172614357,12.234236883492168,13.997038829286371,10.683005813389176,0.8208616296560186,-0.00865391605251151,0.35052913790282325,12.234236883492168,0.8105615295322017,0.8986120086439853,0.7332815094271888,0.027756672537026114,-0.006625218721026158,0.00991741639591981,0.8105615295322017,0.9829260009654716,0.021327163265142834,0.3531289450397823,0.4114540421494242,0.30417706893858243,0.028981743492872927,0.0038261493032344124,0.01439356975753131,0.3531289450397823,0.1143369972705841,0.17418543994426727,1.0507895043186657,0.05078950431866569,False,False,30.0
timesfm3,sg_carpark,SG Carpark,12,L12,block,block_depth,True,12,0.6,0.6,True,False,False,False,False,False,False,False,False,True,False,737856,0.1299198865890503,0.1440653596810028,0.11754437724843958,0.006830987507887791,0.0017903285771924168,0.0041713636515841035,0.12991989225064968,11.853736542487518,13.592168543838694,10.350805619000964,1.2351835765674735,0.3694086442957881,0.7310294789074732,11.853736542487518,0.7822052862450136,0.8686347630582466,0.7074712234970199,0.05622204826440707,0.022435809534536354,0.03827365968310792,0.7822052862450136,0.9688915480348743,0.021327163265142834,0.3480340648090563,0.405710886927252,0.29957034527013976,0.03395883180136393,0.008898654015728567,0.019488449988257328,0.3480340648090563,0.11407659202814102,0.1724446564912796,1.040288069857345,0.0402880698573449,False,False,30.0
timesfm3,sg_carpark,SG Carpark,13,L13,block,block_depth,True,13,0.65,0.65,False,False,False,True,True,False,False,True,True,False,False,737856,0.1283796727657318,0.14238466734413877,0.11580714495289587,0.008386125564469958,0.0032666641132285314,0.00571158838768801,0.12837966751454577,11.774051662842522,13.510498807011594,10.26705768555193,1.29831086359427,0.45991781864660924,0.8107143585524685,11.774051662842522,0.7794667299392342,0.8660691457629291,0.7049051452425502,0.058978455223728146,0.02428685138861563,0.04101221598888738,0.7794667299392342,0.9574052375495515,0.021327163265142834,0.3451148863079406,0.40263698508310164,0.2960232926013976,0.037068533247816025,0.011908208385669672,0.022407628489373,0.3451148863079406,0.11089660972356796,0.1615547388792038,0.9745936516940038,0.0,False,False,30.0
timesfm3,sg_carpark,SG Carpark,14,L14,block,block_depth,True,14,0.7,0.7,False,False,False,False,False,False,False,False,False,False,False,737856,0.12863419950008392,0.14241614777142295,0.11631685653175254,0.00815762743685332,0.002962348448891347,0.005457057370304386,0.1286341985319294,11.99226303171616,13.732243574563547,10.490869889150188,1.141591219045146,0.18776367759395995,0.592502989678831,11.99226303171616,0.7862560836072218,0.8729168172675026,0.7127063389147356,0.05357358595287676,0.016564970815581153,0.03422286232089977,0.7862560836072218,0.9593033980863039,0.021327163265142834,0.348299177194704,0.405149235686386,0.29978752754132254,0.035050877540530316,0.007716204908019372,0.019223337602609636,0.348299177194704,0.1094094067811966,0.16134397685527802,0.9733222106210815,0.0,False,False,30.0
timesfm3,sg_carpark,SG Carpark,15,L15,block,block_depth,True,15,0.75,0.75,False,False,False,False,False,False,False,False,False,False,False,737856,0.12775883078575134,0.14197085667401552,0.11520043882188824,0.009029195506630805,0.003959841316955231,0.0063324407121892745,0.1277588151900445,11.829928480866247,13.553482247582057,10.330563111130042,1.320429341757985,0.3581613821028175,0.7548375405287437,11.829928480866247,0.7750504721572626,0.8621248054975125,0.6994967822210538,0.06586912515155452,0.027411367944532375,0.0454284737708589,0.7750504721572626,0.9527752416123552,0.021327163265142834,0.346875890250815,0.4048651153953533,0.29798439250555225,0.036708022435603956,0.009260912923339363,0.020646624546498626,0.346875890250815,0.10814787447452545,0.15849235653877258,0.9561195517774691,0.0,False,False,30.0
timesfm3,sg_carpark,SG Carpark,16,L16,block,block_depth,True,16,0.8,0.8,False,False,False,False,False,False,False,False,False,False,False,737856,0.12732338905334473,0.1414965767844838,0.11496687753594317,0.009582079662599384,0.004212445507909968,0.0067678624395765274,0.12732339346265725,11.876449785046185,13.624139723261013,10.353087637898714,1.1639355682071761,0.3470045780324232,0.7083162363488054,11.876449785046185,0.7781270998515156,0.8641264546086144,0.7025829820656252,0.06120600603029739,0.024796590471522308,0.042351846076605915,0.7781270998515156,0.9495278879910813,0.021327163265142834,0.34616438109419745,0.4030434469805572,0.2978601169625911,0.036430848468489964,0.010041918756118689,0.021358133703116178,0.34616438109419745,0.10673249512910843,0.16061364114284515,0.9689163940298722,0.0,False,False,30.0
timesfm3,sg_carpark,SG Carpark,17,L17,block,block_depth,True,17,0.85,0.85,False,False,False,False,False,False,False,False,False,False,False,737856,0.12834592163562775,0.14216650798443264,0.11615967257763916,0.008746272638850538,0.0030549710669086428,0.005745324195694124,0.12834593170653966,11.914763908654917,13.684671259930617,10.382470408755184,1.1489542010772993,0.2803764416993172,0.6700021127400735,11.914763908654917,0.777131528074151,0.8637396930976078,0.7028999819246955,0.06382426932628477,0.024567437452665045,0.04334741785397056,0.777131528074151,0.9571535348614335,0.021327163265142834,0.34915721012230766,0.4059281016015322,0.3007620553195705,0.03360082724713574,0.006382499660330544,0.018365304675005967,0.34915721012230766,0.10754993557929993,0.1548016369342804,0.933854950183763,0.0,False,False,30.0
timesfm3,sg_carpark,SG Carpark,18,L18,block,block_depth,True,18,0.9,0.9,False,False,False,False,False,False,False,False,False,False,False,737856,0.13433939218521118,0.14789727397978636,0.12232543076862092,0.0018223382485241103,-0.0021771021800294646,-0.00024813580942353863,0.13433939171165732,12.585536395151712,14.405151141467966,11.02524205106934,0.2576121546347272,-0.23317956086063557,-0.0007703737567208435,12.585536395151712,0.8229706173746109,0.9075020035964104,0.7491669886461679,0.010414255245553183,-0.01484842121861291,-0.0024916714464893186,0.8229706173746109,1.0018504870474796,0.021327163265142834,0.36772392421072714,0.42659917850972884,0.31848435249542006,0.009536642961791965,-0.008102836128218152,-0.00020140941341351137,0.36772392421072714,0.11817934364080429,0.15411141514778137,0.9296911244981183,0.0,False,False,45.0
timesfm3,sg_carpark,SG Carpark,19,L19,block,block_depth,True,19,0.95,0.95,False,False,False,False,False,False,False,False,False,False,False,737856,0.1369510442018509,0.151071496597507,0.12468852862994592,-0.0012699707834797204,-0.004325792458339848,-0.0028597910041357755,0.13695104690636956,13.184389458813788,15.205255470775612,11.467709266086905,-0.3793335718907988,-0.8425304124683342,-0.5996234374187974,13.184389458813788,0.8427404325758404,0.9299763869229248,0.7658619517034336,-0.011134754580282197,-0.03269727056163758,-0.022261486647718876,0.8427404325758404,1.0213271632651428,0.021327163265142834,0.37926813183065966,0.44164965227185626,0.32663663379549934,-0.006095383734902567,-0.016933480244934424,-0.011745617033346034,0.37926813183065966,0.11815191060304642,0.15471798181533813,0.933350293072381,0.0,False,False,45.0
timesfm3,sg_carpark,SG Carpark,20,L20,block,block_depth,True,20,1.0,1.0,False,True,True,False,False,False,False,False,False,False,False,737856,0.13409125804901123,0.148682311889163,0.12139477822114056,0.0,0.0,0.0,0.13409125590223378,12.58476602139499,14.528244271941636,10.928198302341785,0.0,0.0,0.0,12.58476602139499,0.8204789459281215,0.9095336335712649,0.7423680817579421,0.0,0.0,0.0,0.8204789459281215,1.0,0.0,0.3675225147973136,0.4311172525328704,0.31397351304551346,0.0,0.0,0.0,0.3675225147973136,0.10931094735860825,0.16576625406742096,1.0,0.0,False,False,45.0
timesfm3,coastal_ts,Coastal T-S,0,Emb,embedding,block_depth,True,0,0.0,0.0,False,False,False,False,False,True,True,False,False,False,True,737856,0.2989047169685364,0.34304845455723504,0.25662964345344036,0.05759369753456364,-0.00012161007616672471,0.027433283161371946,0.29890469228848815,0.3304757202411055,0.4318170352620236,0.24368405989635736,0.049454967475796766,-0.011678987043227734,0.016809327566464916,0.3304757202411055,1.2119363176675475,1.4242609544454745,1.0248197096200975,0.25823915930038793,-0.03430694777319479,0.11052273872646756,1.2119363176675475,0.9159360026944081,0.0,0.0835258172000858,0.11071203545910616,0.06110975600940242,0.012589262682666049,-0.001119487374058153,0.0053489045466684065,0.0835258172000858,3.779470205307007,0.32936516404151917,1.0455264484585154,0.08140929406163067,True,False,90.0
timesfm3,coastal_ts,Coastal T-S,1,L1,block,block_depth,True,1,0.05,0.05,False,False,False,False,False,False,False,False,False,False,False,737856,0.30800896883010864,0.3563065614396084,0.26351476890655856,0.05183816287511336,-0.012782713351771217,0.018329021520912647,0.30800895392894745,0.34035740675368187,0.44007856694401176,0.2522179429102747,0.04187141476960349,-0.024806690599103808,0.006927641053888545,0.34035740675368187,1.2500615318321318,1.4922774163854575,1.0488704835425224,0.20983098462901242,-0.06022254443393205,0.07239752456188331,1.2500615318321318,0.943834231073619,0.0,0.08622145973001728,0.1134271964420555,0.06307019348674606,0.01076541761309291,-0.005294361586858337,0.002653262016736921,0.08622145973001728,3.7655556201934814,0.3398021161556244,1.0786571819662536,0.08140929406163067,False,False,65.0
timesfm3,coastal_ts,Coastal T-S,2,L2,block,block_depth,True,2,0.1,0.1,False,False,False,False,False,False,False,False,False,False,False,737856,0.30328381061553955,0.35073874851223075,0.26105127834792563,0.05591325473894054,-0.009096668462734705,0.023054156141976534,0.30328381930788356,0.33496156881603495,0.4362002437684735,0.24847784783351465,0.03960231217937475,-0.014125557577802204,0.012323478991535464,0.33496156881603495,1.229222553078498,1.4421484054232756,1.045755978948189,0.23077201556947455,-0.03563291061484054,0.09323650331551714,1.229222553078498,0.9293548927378287,0.0,0.08457698138538945,0.11109204442510204,0.06182406305924785,0.012033897464855338,-0.003512554891645724,0.004297740361364752,0.08457698138538945,3.7505300045013428,0.3375834822654724,1.0716144201175601,0.08140929406163067,False,False,65.0
timesfm3,coastal_ts,Coastal T-S,3,L3,block,block_depth,True,3,0.15,0.15,False,False,False,False,False,False,False,False,False,False,False,737856,0.31700214743614197,0.36496353273202353,0.2735777124452094,0.03876017410463339,-0.019919899466913155,0.009335851607223333,0.31700212384263676,0.34731511274762666,0.4482980298802354,0.26254640934203294,0.03090644116783676,-0.030333078734192057,-3.0064940056251377e-05,0.34731511274762666,1.3313537768775883,1.6230778075274912,1.0916286703240796,0.135602334678665,-0.16643843886363302,-0.008894720483573204,1.3313537768775883,0.9713920968291938,0.0,0.08737602095847817,0.11442345355776368,0.0650214345442768,0.009452836438980037,-0.006370299495926069,0.0014987007882760334,0.08737602095847817,3.744706392288208,0.34066909551620483,1.0814092940616307,0.08140929406163067,False,False,65.0
timesfm3,coastal_ts,Coastal T-S,4,L4,block,block_depth,True,4,0.2,0.2,False,False,False,False,False,False,False,False,False,False,False,737856,0.3138813376426697,0.36066666084419313,0.2705969953948321,0.043424901335189746,-0.018616884477281322,0.012456666833410679,0.3138813086164494,0.3418554130740337,0.44317951680453954,0.2557356673991204,0.037013147461339393,-0.026399750524568145,0.005429634733536692,0.3418554130740337,1.3138832298757448,1.6096948750775473,1.0698783691712623,0.1631720040729617,-0.1696307249618394,0.008575826518270269,1.3138832298757448,0.9618289755897808,0.0,0.08553312198083296,0.11226828126843719,0.06345505984455155,0.011698741501137179,-0.004786412598803235,0.0033415997659212437,0.08553312198083296,3.7417171001434326,0.33247968554496765,1.0554130878534993,0.0554130878534993,False,False,65.0
timesfm3,coastal_ts,Coastal T-S,5,L5,block,block_depth,True,5,0.25,0.25,True,False,False,False,False,False,False,False,False,True,False,737856,0.30562329292297363,0.3520149292734762,0.2629600576435526,0.04850320692639801,-0.006092896673362684,0.0207146756971876,0.3056232997526725,0.3351102775108558,0.44197467689216835,0.24601270202053274,0.04011358294054893,-0.01568999298187304,0.012174770296714599,0.3351102775108558,1.2625301061543277,1.5159364078384996,1.0488665446649612,0.18828520708905355,-0.08069571797484558,0.05992895023968736,1.2625301061543277,0.9365237862058801,0.0,0.08418319901137433,0.11299788634591361,0.06135480869286908,0.011852119472204192,-0.002681317555451697,0.004691522735379872,0.08418319901137433,3.740403175354004,0.32580792903900146,1.0342344732147528,0.034234473214752814,False,False,65.0
timesfm3,coastal_ts,Coastal T-S,6,L6,block,block_depth,True,6,0.3,0.3,False,False,False,False,False,False,False,False,False,False,False,737856,0.3113839626312256,0.3564975892504056,0.26994388798096525,0.042905257479287695,-0.011427342208723228,0.014954017164806543,0.31138395828505355,0.3407030476436998,0.4493104031237344,0.2512385454361531,0.03259446550916301,-0.022074508293853573,0.006582000163870616,0.3407030476436998,1.2919368348472724,1.5633447383621997,1.065001526114472,0.16402471361943258,-0.11605259174443032,0.030522221546742667,1.2919368348472724,0.9541762503052488,0.0,0.08545239542807785,0.11475100446473047,0.06208561865058067,0.010602233023709056,-0.004655724051835034,0.0034223263186763525,0.08545239542807785,3.7432663440704346,0.32193854451179504,1.021951620308243,0.033498457536294435,False,False,65.0
timesfm3,coastal_ts,Coastal T-S,7,L7,block,block_depth,True,7,0.35,0.35,False,False,False,False,True,False,False,False,False,False,False,737856,0.31144410371780396,0.3535330351209267,0.2718630250931407,0.04384780670516188,-0.011613226825526604,0.014893870645513119,0.311444104804347,0.340079484359557,0.4487923234885257,0.2507911038362111,0.034281302979535834,-0.020755380454874517,0.00720556344801343,0.340079484359557,1.3030149804071378,1.5763724100893244,1.075233262118534,0.15486752313209118,-0.1245456797578095,0.01944407598687725,1.3030149804071378,0.9543605410952937,0.0,0.08481159136405003,0.11286236663323147,0.06222125628140393,0.01114096504990291,-0.0032676143077562192,0.004063130382704172,0.08481159136405003,3.7580671310424805,0.31914374232292175,1.0130798878796476,0.033498457536294435,True,False,90.0
timesfm3,coastal_ts,Coastal T-S,8,L8,block,block_depth,True,8,0.4,0.4,False,False,False,True,False,False,False,False,False,False,False,737856,0.30754023790359497,0.35034847318117196,0.2686400112618382,0.04366794995730741,-0.003321225817004802,0.018797749498238148,0.30754022595162195,0.3328998397255594,0.4379612702935206,0.24569738861308976,0.03722330474463449,-0.008534914959696601,0.014385208082010992,0.3328998397255594,1.267005120304827,1.5071679890081473,1.0648384451644428,0.16979276485247666,-0.06423967741696376,0.05545393608918814,1.267005120304827,0.942397895322466,0.0,0.08294077563698843,0.11045072411825563,0.06078683986764525,0.012647854481971824,-0.0005082236076869812,0.005933946109765775,0.08294077563698843,3.7418508529663086,0.31661257147789,1.0050450185219575,0.033498457536294435,False,False,65.0
timesfm3,coastal_ts,Coastal T-S,9,L9,block,block_depth,True,9,0.45,0.45,False,False,False,False,False,False,False,False,False,False,False,737856,0.3103278577327728,0.35411197190017746,0.27016486207333706,0.040453914486958314,-0.006587305486512644,0.01601014519110322,0.3103278302587569,0.3370165302578101,0.43946728173458477,0.2513381562263763,0.03291093399682462,-0.01321618794728208,0.010268517549760325,0.3370165302578101,1.2966009780204395,1.572687898181568,1.0706103924094588,0.13955268847985253,-0.10166157055131121,0.025858078373575566,1.2966009780204395,0.9509400200144547,0.0,0.0834601242492523,0.11032242171966483,0.061936732354790254,0.011851160046186223,-0.0005095853993230282,0.005414597497501908,0.0834601242492523,3.7413570880889893,0.3180450201034546,1.0095921385200428,0.033498457536294435,False,False,65.0
timesfm3,coastal_ts,Coastal T-S,10,L10,block,block_depth,True,10,0.5,0.5,False,False,False,False,False,False,False,False,False,False,False,737856,0.3094835877418518,0.35164486632371933,0.26881558498522884,0.04535075658544278,-0.01016405822786813,0.01685441999385756,0.30948355545600253,0.3337372908793306,0.43508866686827324,0.24853284801452388,0.04218745629140535,-0.015984653454176382,0.01354775692823984,0.3337372908793306,1.2962231862547304,1.5970934894547384,1.0532282791998304,0.15920893928848137,-0.12760588946698537,0.026235870139284634,1.2962231862547304,0.948352917045583,0.0,0.08319699796020562,0.10979805177630186,0.061668798467266694,0.013928510897762711,-0.0023314359950891966,0.005677723786548586,0.08319699796020562,3.7404463291168213,0.3170508146286011,1.00643616383709,0.033498457536294435,False,False,65.0
timesfm3,coastal_ts,Coastal T-S,11,L11,block,block_depth,True,11,0.55,0.55,False,False,False,False,False,False,False,False,False,False,False,737856,0.31207332015037537,0.3544872002055247,0.27056994839804244,0.03915107776410875,-0.008861805902173139,0.014264668803662062,0.31207330664619803,0.3362253287289731,0.4410597250972383,0.24860224377788664,0.03974877357382589,-0.018074017364319597,0.011059719078597319,0.3362253287289731,1.2882405840475435,1.5664384798732476,1.0594537567366968,0.14562086296194604,-0.09311580257174129,0.03421847234647157,1.2882405840475435,0.9562886538060066,0.0,0.08444166886124545,0.11182586063320743,0.061867301816508215,0.012065771795627392,-0.0029352372649544003,0.004433052885508756,0.08444166886124545,3.7401483058929443,0.31283801794052124,0.9930631941358661,0.033498457536294435,False,False,65.0
timesfm3,coastal_ts,Coastal T-S,12,L12,block,block_depth,True,12,0.6,0.6,False,False,False,False,False,False,False,False,False,False,False,737856,0.3116861581802368,0.3548469803955716,0.27047729743256543,0.03745012378009656,-0.006123027201586731,0.014651832015564026,0.31168614343429607,0.33568963029840354,0.44122105420791247,0.24816941257238065,0.03940219430096492,-0.015307822264099834,0.011595417509166872,0.33568963029840354,1.2870362100711086,1.5577337403302087,1.0596858392608677,0.13863764669262374,-0.08091857403483543,0.03542284632290649,1.2870362100711086,0.9551022704296569,0.0,0.08442061274815964,0.11215487331871073,0.06192288027181209,0.011471210157099634,-0.002300275528759538,0.0044541089985945664,0.08442061274815964,3.738990545272827,0.31044530868530273,0.9854678529069828,0.033498457536294435,False,False,65.0
timesfm3,coastal_ts,Coastal T-S,13,L13,block,block_depth,True,13,0.65,0.65,False,False,False,False,False,False,False,False,False,False,False,737856,0.30848586559295654,0.35192573495830093,0.2667327206698247,0.03930913636383291,-0.0025771947344765244,0.01785211513439816,0.30848586031546193,0.33277075879716994,0.4354058013854213,0.24736036968848774,0.042728134115580796,-0.011614847451063625,0.014514289010400472,0.33277075879716994,1.2757036214665016,1.546472536049919,1.0512890170267986,0.14090571048895575,-0.06376004884598045,0.04675543492751344,1.2757036214665016,0.9452955894592974,0.0,0.08353148500346474,0.11073298948277621,0.06147278147074643,0.012469931602856588,-0.0012126541218629226,0.005343236743289459,0.08353148500346474,3.7370636463165283,0.3104398548603058,0.9854505404559343,0.033498457536294435,False,False,65.0
timesfm3,coastal_ts,Coastal T-S,14,L14,block,block_depth,True,14,0.7,0.7,False,False,False,False,False,False,False,False,False,False,False,737856,0.31027328968048096,0.3538418150739744,0.26819063040893526,0.038777948190302926,-0.0056470985330330835,0.016064689184228598,0.3102732862656315,0.3285369444200596,0.4227416063699605,0.2484662390240311,0.045632518321619624,-0.006507064969925429,0.018748103387510817,0.3285369444200596,1.2754446597208373,1.5335019018706528,1.0580552176536053,0.14271431156152845,-0.061070450203178764,0.04701439667317775,1.2754446597208373,0.950772806715856,0.0,0.08269670814008702,0.1082552733007458,0.06171533784500108,0.0131988934632662,5.158668985256918e-05,0.006178013606667185,0.08269670814008702,3.736217737197876,0.3173943758010864,1.0075267536495924,0.033498457536294435,False,False,65.0
timesfm3,coastal_ts,Coastal T-S,15,L15,block,block_depth,True,15,0.75,0.75,False,False,False,False,False,False,False,False,False,False,False,737856,0.3060052990913391,0.3506593531230464,0.2631405453236463,0.042079023869397755,-0.002831229718867689,0.020332693587988615,0.3060052818618715,0.3300174337051894,0.42725851509387025,0.24872451425715653,0.04333222385181612,-0.010418486801643914,0.017267614102381035,0.3300174337051894,1.290625237627183,1.583912375082802,1.0419655931657286,0.14002579992519362,-0.12033642325739557,0.03183381876683211,1.290625237627183,0.937694370619555,0.0,0.08282166639353562,0.10883202783132322,0.06158278478409701,0.01233338234162502,-0.0004943801417336863,0.006053055353218581,0.08282166639353562,3.751264810562134,0.3207741975784302,1.0182555539147093,0.033498457536294435,True,False,90.0
timesfm3,coastal_ts,Coastal T-S,16,L16,block,block_depth,True,16,0.8,0.8,False,False,False,False,False,False,False,False,False,False,False,737856,0.31015706062316895,0.3559695035374413,0.26749378882038094,0.035585698318512486,-0.003708694025408476,0.016180930193513632,0.31015704525634646,0.336836693208328,0.43564945086136464,0.25583303147993375,0.036034923901389834,-0.015080883308765633,0.010448354599242426,0.336836693208328,1.3030960026890295,1.5878780823505099,1.0605628711625907,0.12041380249681498,-0.11927463417424893,0.01936305370498559,1.3030960026890295,0.9504166451295452,0.0,0.08473633594494638,0.11161531419392995,0.06335051263699064,0.010141086007415494,-0.0017200202595806099,0.004138385801807823,0.08473633594494638,3.7490038871765137,0.32490605115890503,1.0313715803533765,0.033498457536294435,True,False,90.0
timesfm3,coastal_ts,Coastal T-S,17,L17,block,block_depth,True,17,0.85,0.85,False,False,False,False,False,False,False,False,False,False,False,737856,0.3103143572807312,0.3552560314924146,0.267535631537127,0.03266896605491637,-0.00018816310136268553,0.01602363477771479,0.3103143406721453,0.3385014962276247,0.434726343333339,0.2591801698237365,0.027799252048909498,-0.01047040074272014,0.008783551579945703,0.3385014962276247,1.306050364491424,1.5876933141537546,1.0697438783945388,0.0951119719168381,-0.08574307351360946,0.016408691902590977,1.306050364491424,0.9508986504763525,0.0,0.0840677903200268,0.1097302354972198,0.06338417004842908,0.010003011093214977,-3.523927113945121e-05,0.004806931426727404,0.0840677903200268,3.746870994567871,0.3255760669708252,1.0334984575362944,0.033498457536294435,True,False,90.0
timesfm3,coastal_ts,Coastal T-S,18,L18,block,block_depth,True,18,0.9,0.9,False,False,False,False,False,False,False,True,True,False,False,737856,0.3135334253311157,0.3642850578141709,0.2666838833441337,0.02678021603884794,4.955043550581199e-06,0.012804549187421799,0.3135334262624383,0.33133266918929916,0.4315116387531627,0.24895498700915514,0.034503646027775565,0.0013603522774394239,0.015952378618271257,0.33133266918929916,1.2813071812434125,1.5443571303183163,1.0545675504179555,0.09837179751222365,-0.014811649706437474,0.04115187515060259,1.2813071812434125,0.9607628652414236,0.0,0.08374056793898811,0.1110052873424507,0.06200700966823763,0.010035903782612345,0.0009607051433292408,0.0051341538077660925,0.08374056793898811,3.751356363296509,0.3159778118133545,1.0030300573477307,0.006835201643226041,True,False,90.0
timesfm3,coastal_ts,Coastal T-S,19,L19,block,block_depth,True,19,0.95,0.95,False,False,False,False,False,False,False,False,False,False,False,737856,0.31818145513534546,0.37080084978758043,0.2698717400742074,0.022555188423333063,-0.005011846796454258,0.008156531490385532,0.31818144395947456,0.3325068642327595,0.43249354854740163,0.2496460309421946,0.039985841177607506,-0.005491578417548719,0.014778183574810921,0.3325068642327595,1.2956829749308696,1.5516797385505028,1.0696910753177773,0.10150705716923823,-0.03803914138589161,0.026776081463145474,1.2956829749308696,0.9750058584014774,0.0,0.08379296452768237,0.10962279958469796,0.06280941106387389,0.011518856768358041,-0.0001763743441345503,0.005081757219071836,0.08379296452768237,3.7494094371795654,0.3171765208244324,1.006835201643226,0.006835201643226041,False,False,65.0
timesfm3,coastal_ts,Coastal T-S,20,L20,block,block_depth,True,20,1.0,1.0,False,True,True,False,False,False,False,False,False,False,False,737856,0.326337993144989,0.381611527254184,0.2743347510928288,0.0,0.0,0.0,0.3263379754498601,0.3472850478075704,0.45186141366532645,0.26014219502450747,0.0,0.0,0.0,0.3472850478075704,1.322459056394015,1.5960034211250287,1.084018930543272,0.0,0.0,0.0,1.322459056394015,1.0,0.0,0.0888747217467542,0.11788947959026003,0.06585999448680493,0.0,0.0,0.0,0.0888747217467542,3.730513334274292,0.315023273229599,1.0,0.0,False,False,45.0
timesfm3,boom_hourly,BOOM,0,Emb,embedding,block_depth,True,0,0.0,0.0,True,False,False,True,True,True,True,True,True,True,True,737856,0.22727808356285095,0.2899218626280899,0.18018738801464818,0.021690927648398542,0.000269691319873123,0.01034595562134591,0.22727809790627093,0.4037723255200412,0.5641101697185699,0.28250004922438604,0.1628929927981716,-0.005995727321756161,0.05763546470131842,0.4037723255200412,1.2834941451869526,1.9572494675168781,0.8625499420540393,0.16666889257736273,-0.04028085303964678,0.05921097019844712,1.2834941451869526,0.9564607805511869,0.0,3.8802287836362157,4.772993428851379,3.172745406367508,1.3248455573979754,-0.02677664585492864,0.6118104223106013,3.8802287836362157,12.52096176147461,0.17729519307613373,0.922106111094061,0.0,False,False,10.0
timesfm3,boom_hourly,BOOM,1,L1,block,block_depth,True,1,0.05,0.05,False,False,False,False,False,False,False,False,False,False,False,737856,0.22391919791698456,0.28674268134038283,0.17713489627115703,0.023933235055893287,0.004591621964049169,0.013704841782859828,0.223919211744757,0.3922924082429589,0.5620133600286537,0.2675237289104297,0.16328170804028047,0.011013235049667235,0.06911538197840073,0.3922924082429589,1.2240559502913053,1.8855359645817547,0.8075908059779616,0.21425838358839575,0.03215254756565855,0.1186491650940944,1.2240559502913053,0.9423254871860475,0.0,3.7963087344425825,4.630851066705405,3.0970417370887127,1.3076610471644727,0.12940038196353973,0.6957304715042345,3.7963087344425825,12.497284889221191,0.17345330119132996,0.9021245654938993,0.0,False,False,10.0
timesfm3,boom_hourly,BOOM,2,L2,block,block_depth,True,2,0.1,0.1,False,False,False,False,False,False,False,False,False,False,False,737856,0.22825661301612854,0.291802612425349,0.180539431922022,0.020579832355297124,-0.001535519877038248,0.009367429709198766,0.22825662381841808,0.4049314968806787,0.5816261269468066,0.27479536107143787,0.16399156342844184,-0.01628318175226897,0.05647629334068094,0.4049314968806787,1.3109604215899464,2.092343598155496,0.8400526988544117,0.17481976730352608,-0.15824754655623624,0.031744693795453305,1.3109604215899464,0.9605787536966942,0.0,3.8873440005838966,4.8866801974466965,3.1314824793923592,1.344078361478672,-0.11696758315681945,0.6046952053629204,3.8873440005838966,12.483416557312012,0.17488807439804077,0.9095867708644304,0.0,False,False,10.0
timesfm3,boom_hourly,BOOM,3,L3,block,block_depth,True,3,0.15,0.15,False,False,False,False,False,False,False,False,False,False,False,737856,0.23215587437152863,0.29668327103826697,0.18367866046324183,0.013250415827118733,-0.0030973158395944237,0.0054681791455648,0.23215587438205204,0.44062133452628177,0.6502952314474089,0.2885380702477851,0.08214943317036781,-0.030600433540183967,0.020786455695077866,0.44062133452628177,1.3686899821054426,2.161773125776889,0.8866915296095855,0.09549624009947888,-0.21151971381276727,-0.025984866720042854,1.3686899821054426,0.9769881254279887,0.0,4.246973309023434,5.141357777257567,3.378611740992436,0.6534786413974627,-0.22525265019443375,0.245065896923383,4.246973309023434,12.491986274719238,0.18167857825756073,0.9449039444303393,0.0,False,False,30.0
timesfm3,boom_hourly,BOOM,4,L4,block,block_depth,True,4,0.2,0.2,False,False,False,False,False,False,False,False,False,False,False,737856,0.2326786071062088,0.2967719913319562,0.18449402440702384,0.012383823274269092,-0.0031499022100973193,0.004945466710559732,0.2326785868170571,0.44428246530385956,0.6538978104363953,0.29275053048076044,0.07363505049507058,-0.02689374445207858,0.017125324917500073,0.44428246530385956,1.3600028014032044,2.117792404999963,0.8938555474969601,0.08612035750679711,-0.17201897923590057,-0.01729768601780468,1.3600028014032044,0.979187956364585,0.0,4.241316086642054,5.125335574576188,3.3916359702943435,0.6688548649386183,-0.205349532340571,0.2507231193047632,4.241316086642054,12.486594200134277,0.18369559943675995,0.9553944011837104,0.0,False,False,30.0
timesfm3,boom_hourly,BOOM,5,L5,block,block_depth,True,5,0.25,0.25,False,False,False,False,False,False,False,False,False,False,False,737856,0.23356802761554718,0.2982940608701316,0.18473670245779647,0.011888413496531205,-0.0046854286818333885,0.004056035846177114,0.23356801768143973,0.442402978157054,0.6446469200992695,0.29536817549854394,0.08357399467475835,-0.028704792865519246,0.019004812064305654,0.442402978157054,1.3684103717740652,2.120753255565103,0.9010074225580287,0.08454619463537554,-0.18404148152885985,-0.0257052563886655,1.3684103717740652,0.9829309298236373,0.0,4.243893229740685,5.184017506386132,3.3959824446952975,0.7454404837593693,-0.28627318284249037,0.248145976206132,4.243893229740685,12.48287582397461,0.18446597456932068,0.9594010953599259,0.0,False,False,30.0
timesfm3,boom_hourly,BOOM,6,L6,block,block_depth,True,6,0.3,0.3,False,False,False,False,False,False,False,False,False,False,False,737856,0.23580725491046906,0.30043642774571544,0.18716116403966174,0.008774519726597199,-0.005936955964839947,0.001816785483920974,0.23580726804369587,0.4540457924549253,0.6668284026272435,0.30095298529045267,0.05936667724140908,-0.033949543595616215,0.007361997766434314,0.4540457924549253,1.397266892517405,2.142968089023197,0.9305854692298255,0.04678269226060496,-0.1996654829007133,-0.054561777132005274,1.397266892517405,0.9923543333157748,0.0,4.339011506579444,5.263733145539899,3.452984967031395,0.5432665034749615,-0.28965443305489125,0.1530276993673727,4.339011506579444,12.487017631530762,0.1869288682937622,0.9722105196589114,0.0,False,False,45.0
timesfm3,boom_hourly,BOOM,7,L7,block,block_depth,True,7,0.35,0.35,False,False,False,False,False,False,False,False,False,False,False,737856,0.23618032038211823,0.29990598749143116,0.1876719308798701,0.007585529347955332,-0.005113011221980208,0.0014437382493567852,0.23618031527826006,0.45124348763723293,0.6646469881872019,0.2991816435254366,0.0555198937043101,-0.02378166253321065,0.010164302584126705,0.45124348763723293,1.3805113517938332,2.0949473089374697,0.927862122016639,0.04522177234839581,-0.14943399620773595,-0.0378062364084335,1.3805113517938332,0.9939243152806728,0.0,4.371058916190668,5.245538145484728,3.4851036211316484,0.4444005088932178,-0.23795528890998213,0.12098028975614916,4.371058916190668,12.485260963439941,0.18800173699855804,0.9777904723464554,0.0,False,False,45.0
timesfm3,boom_hourly,BOOM,8,L8,block,block_depth,True,8,0.4,0.4,False,False,False,False,False,False,False,False,False,False,False,737856,0.23431599140167236,0.2978124354955461,0.18601054258994484,0.00908139747959471,-0.0022150859309066125,0.003308076148400202,0.23431597737921664,0.45431635326289305,0.6637245687872682,0.3046868022942382,0.05457611917039514,-0.02580292097042124,0.00709143695846659,0.45431635326289305,1.370544170679714,2.0487513613461323,0.9336636443175136,0.041204921295044716,-0.1056809472636674,-0.027839055294314186,1.370544170679714,0.9860786069576865,0.0,4.29485437352234,5.107128001785153,3.446641135534914,0.5121035086924709,-0.12580339862326156,0.19718483242447693,4.29485437352234,12.484338760375977,0.1856278032064438,0.9654437255505552,0.0,False,False,45.0
timesfm3,boom_hourly,BOOM,9,L9,block,block_depth,True,9,0.45,0.45,False,False,False,False,False,False,False,False,False,False,False,737856,0.23579005897045135,0.2992055053691153,0.18783355870278878,0.007040765608916093,-0.003317723963554347,0.0018340048595926195,0.23579004866802422,0.44779595114929144,0.6575843249784956,0.3000806734098552,0.058924015480596885,-0.01659845649097497,0.0136118390720682,0.44779595114929144,1.3596246189049492,2.0299831073378964,0.9275229030352625,0.04775909486056146,-0.0880571655510093,-0.016919503519549517,1.3596246189049492,0.9922819671555458,0.0,4.312251842161281,5.112113401333663,3.4578468607069555,0.4569239334505383,-0.10497664921456204,0.17978736378553606,4.312251842161281,12.483114242553711,0.18701089918613434,0.9726371594670327,0.0,False,False,45.0
timesfm3,boom_hourly,BOOM,10,L10,block,block_depth,True,10,0.5,0.5,False,False,False,False,False,False,False,False,False,False,False,737856,0.23378604650497437,0.2962856375621524,0.18629226320460018,0.009793573390695065,-0.0014852459142563423,0.003837993942032769,0.23378605958558407,0.44043790077696693,0.6400209268976196,0.29817315787964943,0.07878991879281429,-0.016424873209039504,0.02096988944439271,0.44043790077696693,1.3305798020084085,1.9815116415110612,0.9097400724886882,0.0785063949713379,-0.05057777886727256,0.012125313376991187,1.3305798020084085,0.983848424875899,0.0,4.232823331269565,5.0268086394757105,3.4373469235176417,0.6522484521620594,-0.10679620165820229,0.2592158746772517,4.232823331269565,12.482007026672363,0.18597489595413208,0.9672489428167806,0.0,False,False,45.0
timesfm3,boom_hourly,BOOM,11,L11,block,block_depth,True,11,0.55,0.55,False,False,False,False,False,False,False,False,False,False,False,737856,0.2339743673801422,0.2965686730406441,0.18631926779003846,0.009757363552945814,-0.0018143516904043082,0.003649684737336484,0.23397436879028036,0.44310175562685017,0.6419104532543142,0.3002431730220242,0.07712164816125933,-0.020194860351479806,0.018306034594509468,0.44310175562685017,1.3463767279256156,1.9993192490201461,0.9224642746706357,0.06426150663842714,-0.0688727461633027,-0.003671612540215863,1.3463767279256156,0.9846409409356681,0.0,4.253892025058483,5.0689909901565615,3.4539182678795473,0.649190833045254,-0.15298710061397344,0.2381471808883342,4.253892025058483,12.481404304504395,0.18756991624832153,0.9755445876962194,0.0,False,False,45.0
timesfm3,boom_hourly,BOOM,12,L12,block,block_depth,True,12,0.6,0.6,False,False,False,False,False,False,False,False,False,False,False,737856,0.2333708554506302,0.2963965258518981,0.1859580785159737,0.010211284452454734,-0.0011087770239018413,0.00425320114982497,0.23337085237779187,0.44393674659648447,0.6447879120243403,0.3011640978099739,0.07388907631762807,-0.019782340731998613,0.01747104362487517,0.44393674659648447,1.338490053058178,1.9735699642003743,0.922119417267577,0.06621618552322725,-0.05146103237633359,0.004215062327221686,1.338490053058178,0.9821011646311333,0.0,4.266372394682895,5.07977122413503,3.466008177710658,0.6437328470213006,-0.1762130925175725,0.22566681126392218,4.266372394682895,12.481520652770996,0.18798451125621796,0.9777008818617708,0.0,False,False,45.0
timesfm3,boom_hourly,BOOM,13,L13,block,block_depth,True,13,0.65,0.65,False,False,False,False,False,False,False,False,False,False,False,737856,0.23171281814575195,0.29396640039654165,0.18460269093968626,0.012503443218867642,0.00021128230695323247,0.0059112351977050615,0.23171281832991178,0.4409159873219144,0.6367601981073313,0.29927476605719205,0.08409128098756598,-0.023122351285517994,0.020491802899445244,0.4409159873219144,1.3501249550173675,1.982824189570425,0.9362316843836367,0.0603684670252166,-0.06820111413677193,-0.007419839631967795,1.3501249550173675,0.9751235993949838,0.0,4.170391645469908,4.990841345614756,3.403623574601032,0.8080833737232208,-0.13249219559373537,0.3216475604769089,4.170391645469908,12.481200218200684,0.18530096113681793,0.9637438313541277,0.0,False,False,45.0
timesfm3,boom_hourly,BOOM,14,L14,block,block_depth,True,14,0.7,0.7,False,False,False,False,False,False,False,False,False,False,False,737856,0.23206841945648193,0.29437691017532835,0.18485278210308045,0.011716527863942325,3.0498547442672837e-05,0.005555645268052634,0.2320684082595642,0.43940289349797385,0.6411526356445291,0.29563579549339686,0.07567168113305553,-0.012762158262151786,0.02200489672338579,0.43940289349797385,1.354300630174724,1.988459440749219,0.9366980437339348,0.051960620700589225,-0.07074072264937749,-0.011595514789324302,1.354300630174724,0.9766200864380549,0.0,4.207755529402199,5.00579538285202,3.4253815718031824,0.7015369549387171,-0.11672309840822348,0.28428367654461795,4.207755529402199,12.480467796325684,0.18592345714569092,0.9669814113694355,0.0,False,False,45.0
timesfm3,boom_hourly,BOOM,15,L15,block,block_depth,True,15,0.75,0.75,False,False,False,False,False,False,False,False,False,False,False,737856,0.23186665773391724,0.2942789082486435,0.18479899555013257,0.011672681865432305,0.0005781173108850666,0.0057574187663231025,0.23186663476129374,0.43802905242784945,0.6437656959237402,0.29321984835756243,0.07159973466272086,-0.0077556550234462686,0.023378737793510185,0.43802905242784945,1.3435733098671128,1.9702413129328002,0.9298552279023666,0.05760886795005663,-0.05596684492646731,-0.0008681944817130471,1.3435733098671128,0.9757710068804291,0.0,4.214093591301664,4.989607804212906,3.417771037335894,0.6479187872319386,-0.07572919735682156,0.2779456146451533,4.214093591301664,12.481045722961426,0.1841209977865219,0.9576068831532378,0.0,False,False,45.0
timesfm3,boom_hourly,BOOM,16,L16,block,block_depth,True,16,0.8,0.8,False,False,False,False,False,False,False,False,False,False,False,737856,0.22998808324337006,0.291860144564324,0.18313029454442237,0.014441853794624392,0.0018513293859896106,0.007635974209482033,0.2299880793181348,0.4380662271357492,0.6326907873040267,0.29700956795012545,0.09243005639410769,-0.0276799378711151,0.023341563085610417,0.4380662271357492,1.3373286662993642,1.9582727241145372,0.9285936822063939,0.07372233319869306,-0.055744923789822945,0.005376449086035517,1.3373286662993642,0.967865348774792,0.0,4.17706905103321,5.0336783331526025,3.387996496546935,0.8279668417430909,-0.22932218390363893,0.314970154913607,4.17706905103321,12.479622840881348,0.18149006366729736,0.9439234866260626,0.0,False,False,45.0
timesfm3,boom_hourly,BOOM,17,L17,block,block_depth,True,17,0.85,0.85,False,False,False,False,False,False,False,False,False,False,False,737856,0.22618606686592102,0.28849296481164405,0.17955615721685064,0.018873824243365367,0.005130639739958045,0.011437960679374498,0.22618609284824234,0.4204426360831174,0.6143972105007119,0.2826134051370558,0.10382014191449035,-6.593833351631028e-05,0.040965154138242255,0.4204426360831174,1.3037429712988724,1.930935153366154,0.8961328710489123,0.10587547027360394,-0.02090469272357217,0.03896214408652732,1.3037429712988724,0.9518652158317593,0.0,3.9944335876064394,4.784014809427152,3.2384031653419476,0.9678258596064918,0.05740451241203706,0.49760561834037764,3.9944335876064394,12.477896690368652,0.17774567008018494,0.9244490262692321,0.0,False,False,45.0
timesfm3,boom_hourly,BOOM,18,L18,block,block_depth,True,18,0.9,0.9,False,False,False,False,False,False,False,False,False,False,False,737856,0.22592559456825256,0.2885376429118182,0.17897251779634485,0.017907204760612087,0.006192515692660452,0.011698450061813581,0.22592560346580326,0.4279208565293918,0.6344070241962247,0.2835053348799218,0.08104982917003938,0.0018620424886797275,0.03348693369196781,0.4279208565293918,1.3127968283047555,1.9422694982400124,0.9023727423160794,0.08477514053684486,-0.02114854797066701,0.02990828708064419,1.3127968283047555,0.9507690629021213,0.0,4.0771028993611225,4.848596906806751,3.265790367726905,0.7536589936204487,0.08217673335990987,0.4149363065856946,4.0771028993611225,12.477506637573242,0.17772425711154938,0.9243376581667306,0.0,False,False,45.0
timesfm3,boom_hourly,BOOM,19,L19,block,block_depth,True,19,0.95,0.95,False,False,False,False,False,False,False,False,False,False,False,737856,0.23087413609027863,0.29339243794402026,0.183509625527892,0.011460144394787701,0.002795822253466509,0.006749908318795711,0.23087414520882113,0.4323899291520783,0.6373757015901169,0.28593759106641614,0.07689862381630759,-0.0031104461086582415,0.029017861069281337,0.4323899291520783,1.3128060224857585,1.936829600629412,0.8990827654348507,0.0758931770306951,-0.010429179935866893,0.02989909289964121,1.3128060224857585,0.9715941500048914,0.0,4.18121911707281,4.948322489905327,3.3616946385089763,0.643783171557371,-0.013984059315964213,0.31082008887400736,4.18121911707281,12.472270011901855,0.18461738526821136,0.9601885771202022,0.0,False,False,30.0
timesfm3,boom_hourly,BOOM,20,L20,block,block_depth,True,20,1.0,1.0,False,True,True,False,False,False,False,False,False,False,False,737856,0.23762404918670654,0.30118687683801915,0.18995788995515933,0.0,0.0,0.0,0.23762405352761684,0.46140779022135964,0.7064562972617419,0.29574470917487977,0.0,0.0,0.0,0.46140779022135964,1.3427051153853997,1.9731423480759998,0.9191711345881093,0.0,0.0,0.0,1.3427051153853997,1.0,0.0,4.492039205946817,5.306793318896868,3.5437990653347287,0.0,0.0,0.0,4.492039205946817,12.478772163391113,0.19227200746536255,1.0,0.0,False,False,30.0
timesfm3,LOOP_SEATTLE_5T,Loop Seattle,0,Emb,embedding,block_depth,True,0,0.0,0.0,False,False,False,False,False,False,False,False,False,False,False,737856,0.25931239128112793,0.2760020414701457,0.24380707146514577,-0.022796827675205942,-0.04286067401457093,-0.033016902728731395,0.25931240547135587,5.966302028191571,6.528268927516946,5.43319224737203,-0.4189377631156909,-0.9533589977843732,-0.6875904189413271,5.966302028191571,1.3246695110666529,1.4435400092711637,1.2080250717619048,-0.0763238942436658,-0.1955576100602286,-0.13789754782213648,1.3246695110666529,1.1459016646040803,0.14590166460408027,0.6915460602892902,0.7582387862127441,0.6302305967929008,-0.0394606179076519,-0.09898747909305054,-0.06960200168989372,0.6915460602892902,0.31080883741378784,0.32823076844215393,1.2077831499202805,0.20778314992028046,True,False,90.0
timesfm3,LOOP_SEATTLE_5T,Loop Seattle,1,L1,block,block_depth,True,1,0.05,0.05,True,False,False,False,False,True,True,False,False,True,True,737856,0.2317928522825241,0.2504771069385367,0.21450832530443792,0.004937009527241318,-0.015855354853400967,-0.0054973554690830595,0.23179285821170753,5.027115282083492,5.541286083430691,4.544190897361172,0.5472470940691447,-0.043935554306534966,0.2515963271667516,5.027115282083492,1.1187928402890537,1.2230722620819272,1.0153161530244679,0.1307175916871301,0.008943392115944665,0.06797912295546271,1.1187928402890537,1.0242927997448248,0.02429279974482479,0.6077071230814258,0.6710826126493346,0.5475376044779917,0.0478769618701655,-0.018924225030302243,0.014236935517970672,0.6077071230814258,0.2479678839445114,0.2837570011615753,1.0441340594041817,0.04413405940418169,False,False,10.0
timesfm3,LOOP_SEATTLE_5T,Loop Seattle,2,L2,block,block_depth,True,2,0.1,0.1,False,False,False,False,False,False,False,False,False,False,False,737856,0.22437262535095215,0.2422102004534899,0.20790495183425492,0.01136606985290767,-0.007484807313654484,0.0019228836621036915,0.22437261908052078,5.009010270895759,5.50934554660454,4.531289303713191,0.5531441302572372,-0.008893507256482079,0.2697013383544844,5.009010270895759,1.115966691249956,1.2234671708201437,1.0107455242746728,0.13083432407373213,0.013724897407309228,0.07080527199456044,1.115966691249956,0.9915028109956557,0.0,0.5962050381127643,0.6592167354165397,0.5375062759241244,0.0569362410947339,-0.004894606564577097,0.025739020486632236,0.5962050381127643,0.2537972629070282,0.28207001090049744,1.0379264804466088,0.03952262417214092,False,False,45.0
timesfm3,LOOP_SEATTLE_5T,Loop Seattle,3,L3,block,block_depth,True,3,0.15,0.15,False,False,False,False,False,False,False,False,False,False,False,737856,0.22484637796878815,0.24228401446096484,0.20876800012703672,0.01014087966693039,-0.007085638925902384,0.0014491115362589568,0.22484639120636551,5.054211336216841,5.54962542240539,4.581151868081825,0.48730401309987104,-0.03805224424601641,0.22450027303340292,5.054211336216841,1.1197535775316148,1.223417579452865,1.0167144100578012,0.12186964533050958,0.015022227768686653,0.06701838571290164,1.1197535775316148,0.9935963241930265,0.0,0.6059764574869274,0.6674806301985683,0.5471822748889593,0.04547040400684642,-0.012987619461613755,0.015967601112469088,0.6059764574869274,0.25616708397865295,0.2811524569988251,1.0345501786244389,0.03952262417214092,False,False,65.0
timesfm3,LOOP_SEATTLE_5T,Loop Seattle,4,L4,block,block_depth,True,4,0.2,0.2,False,False,False,False,True,False,False,False,False,False,False,737856,0.21938836574554443,0.23660960895443006,0.20403355550987803,0.015159312730569766,-0.001125804410593311,0.006907138077698605,0.21938836466492587,5.029368593195123,5.515280072166974,4.5705486708143965,0.5046477160282643,-0.005886524436148405,0.24934301605512044,5.029368593195123,1.1242846116321565,1.228042718680057,1.02268074362604,0.11643299260116204,0.011489286661183363,0.062487351612359854,1.1242846116321565,0.9694773638103586,0.0,0.5885468366579562,0.6473148289122792,0.5326377966664116,0.06197501414612545,0.005705062456327514,0.03339722194144035,0.5885468366579562,0.2450367957353592,0.2746117115020752,1.010482349041047,0.03952262417214092,False,False,45.0
timesfm3,LOOP_SEATTLE_5T,Loop Seattle,5,L5,block,block_depth,True,5,0.25,0.25,False,False,False,True,False,False,False,False,False,False,False,737856,0.20768430829048157,0.22337187000457906,0.19416383904340956,0.027018288370463567,0.010641812250899689,0.018611196314788053,0.20768430642783642,4.547610944252693,4.959323248544195,4.164887405061925,1.0165203775533518,0.46035278287462855,0.7311006649975509,4.547610944252693,1.0167739523285855,1.1040009183488364,0.9320121359783273,0.23117310682456688,0.11345442441895578,0.16999801091593092,1.0167739523285855,0.9177571245494499,0.0,0.557570041298225,0.6111726020692908,0.5074923629502539,0.09550765628091762,0.035416996758205824,0.06437401730117154,0.557570041298225,0.2652689516544342,0.2735707461833954,1.0066519330885146,0.03952262417214092,True,False,90.0
timesfm3,LOOP_SEATTLE_5T,Loop Seattle,6,L6,block,block_depth,True,6,0.3,0.3,False,False,False,False,False,False,False,False,False,False,False,737856,0.20414014160633087,0.21952497425154988,0.190846489563954,0.030649521942641433,0.014127287586070316,0.022155348766054822,0.20414015397656965,4.520110370352018,4.926108437562704,4.137163857708677,1.0385811077848721,0.49443476310608153,0.7586012388982253,4.520110370352018,1.0117303394579222,1.0978257079731473,0.9267494074933071,0.2359958060291923,0.11844563982033157,0.17504162378659416,1.0117303394579222,0.902095449135722,0.0,0.5454874626335072,0.5977931776774416,0.4970403692809752,0.10756053382846727,0.047239084706944816,0.07645659596588927,0.5454874626335072,0.26278361678123474,0.27379700541496277,1.0074844939379985,0.03952262417214092,True,False,90.0
timesfm3,LOOP_SEATTLE_5T,Loop Seattle,7,L7,block,block_depth,True,7,0.35,0.35,False,False,False,False,False,False,False,False,False,False,False,737856,0.20176495611667633,0.21693477269461134,0.18858325308302545,0.03267743960876047,0.016806014258954807,0.024530540000050116,0.20176496274257436,4.420533017494797,4.81698919902089,4.047296096650048,1.133147754684606,0.6010252735679023,0.8581785917554461,4.420533017494797,0.9950348091902865,1.081282462633857,0.9113608465738465,0.25104251528499044,0.13661532949858754,0.19173715405422986,0.9950348091902865,0.8915995025560313,0.0,0.5405205838470576,0.5927750811208274,0.4921311941689453,0.1115174740955526,0.053333319502376846,0.08142347475233891,0.5405205838470576,0.2595643997192383,0.27576860785484314,1.014739353732317,0.03952262417214092,True,False,90.0
timesfm3,LOOP_SEATTLE_5T,Loop Seattle,8,L8,block,block_depth,True,8,0.4,0.4,False,False,False,False,False,False,False,False,False,False,False,737856,0.20339258015155792,0.21846153065491156,0.190489785116564,0.03114950913502229,0.015041560655857869,0.022902927709786053,0.20339257503283842,4.61776724957889,5.033356638793658,4.229848155760756,0.9277213119055174,0.4074593095066091,0.6609443596713538,4.61776724957889,1.0362415931421889,1.123871506538908,0.9502228697487517,0.21014472467813267,0.09523695672294563,0.1505303701023275,1.0362415931421889,0.8987919744687923,0.0,0.5466417068778049,0.5997814283718741,0.49850024735206117,0.10499771216182698,0.046866325796990106,0.07530235172159161,0.5466417068778049,0.2589612603187561,0.2784433662891388,1.0245816003394286,0.03952262417214092,True,False,90.0
timesfm3,LOOP_SEATTLE_5T,Loop Seattle,9,L9,block,block_depth,True,9,0.45,0.45,False,False,False,False,False,False,False,False,False,False,False,737856,0.20581190288066864,0.22073138570270806,0.19293391423811782,0.028637847455062006,0.012805361428674854,0.02048359912258524,0.20581190362003923,4.758059895643157,5.184960457483386,4.358370386818986,0.7699065516250312,0.2773193985611461,0.5206517136070863,4.758059895643157,1.0684665775571753,1.1592055102330403,0.9807864436130052,0.17511123197624273,0.06562490396634045,0.11830538568734106,1.0684665775571753,0.9094829635449638,0.0,0.5516588614586679,0.604650195821711,0.5035889964089235,0.0994844683992448,0.04245021549284548,0.07028519714072856,0.5516588614586679,0.25885725021362305,0.28250378370285034,1.039522624172141,0.03952262417214092,True,False,90.0
timesfm3,LOOP_SEATTLE_5T,Loop Seattle,10,L10,block,block_depth,True,10,0.5,0.5,False,False,False,False,False,False,False,False,False,False,False,737856,0.20152606070041656,0.21621494491349988,0.18871211870466822,0.033096447793183874,0.016745722808569438,0.024769444772191646,0.20152605797043283,4.660537212659718,5.077080966751212,4.266377012831886,0.873677212036222,0.3708392584524594,0.6181743965905255,4.660537212659718,1.046832957975179,1.1368177729713358,0.9596301455525252,0.1985760934770449,0.08612783522796744,0.13993900526933745,1.046832957975179,0.8905438235203866,0.0,0.5367187633177216,0.5879668550552593,0.490197780265188,0.11608629747102553,0.055930773222594404,0.08522529528167488,0.5367187633177216,0.2590404152870178,0.27685242891311646,1.018727464956393,0.03552497227447349,True,False,90.0
timesfm3,LOOP_SEATTLE_5T,Loop Seattle,11,L11,block,block_depth,True,11,0.55,0.55,False,False,False,False,False,False,False,False,False,False,False,737856,0.2031039148569107,0.21801201008004312,0.19004996335062818,0.03133970200446726,0.015391998700015532,0.023191580150759866,0.2031039225918646,4.6218394414318125,5.032310288682362,4.2396801181896695,0.9158197293461671,0.40880389682614043,0.656872167818431,4.6218394414318125,1.0408775172916207,1.129888074506263,0.9541585373538031,0.20383096342129767,0.09239429424089937,0.1458944459528957,1.0408775172916207,0.8975163623007218,0.0,0.5399872459060509,0.5916700950538687,0.49326684102375307,0.11171717377006418,0.05382428699360394,0.08195681269334565,0.5399872459060509,0.24872246384620667,0.2792293131351471,1.0274736307296544,0.03552497227447349,False,False,65.0
timesfm3,LOOP_SEATTLE_5T,Loop Seattle,12,L12,block,block_depth,True,12,0.6,0.6,False,False,False,False,False,False,False,False,False,False,False,737856,0.20613797008991241,0.22117002882305106,0.19291254938402363,0.02814401728349902,0.012624799663499576,0.020157527334931258,0.2061379754076932,4.65630892388105,5.06941867325919,4.264606093698174,0.8766160316127275,0.37746429146756494,0.6224026853691935,4.65630892388105,1.0511023322473558,1.1417854825188534,0.963515178058477,0.19257171637139192,0.08310547322797092,0.13566963099716056,1.0511023322473558,0.9109238548035701,0.0,0.549018268777863,0.6014367267792091,0.5010601153668554,0.10221877784877839,0.04541304143030025,0.07292578982153353,0.549018268777863,0.24902601540088654,0.2814173698425293,1.0355249722744735,0.03552497227447349,False,False,65.0
timesfm3,LOOP_SEATTLE_5T,Loop Seattle,13,L13,block,block_depth,True,13,0.65,0.65,False,False,False,False,False,False,False,False,False,False,False,737856,0.20768272876739502,0.22262494142970624,0.19443200046537829,0.026322545801850998,0.011195327196170697,0.018612766297150224,0.20768273644547425,4.760132252323601,5.177802396279124,4.363962633285219,0.7657569877672556,0.27625268590177304,0.5185793569266428,4.760132252323601,1.0720158040724912,1.1655660096171883,0.9828849451975775,0.1694578840131532,0.06435961361441117,0.1147561591720252,1.0720158040724912,0.9177501446356663,0.0,0.5557558419759571,0.6090405989938121,0.5070443229505714,0.09501674697834647,0.038978966963054786,0.06618821662343943,0.5557558419759571,0.25883057713508606,0.2803862988948822,1.0317309644096686,0.031730964409668605,True,False,90.0
timesfm3,LOOP_SEATTLE_5T,Loop Seattle,14,L14,block,block_depth,True,14,0.7,0.7,False,False,False,False,False,False,False,False,False,False,False,737856,0.20536722242832184,0.22010731444061366,0.19216013245767993,0.028664973564090486,0.01345364365314368,0.020928282617726418,0.20536722012489805,4.70404233299971,5.119429093111688,4.316585736937149,0.8281601976382508,0.3327530076855809,0.5746692762505337,4.70404233299971,1.0574868007056935,1.1475603837461332,0.9708498642055003,0.18452276164000447,0.07754030664100627,0.12928516253882294,1.0574868007056935,0.9075179202701569,0.0,0.5464843949812287,0.5984757642735586,0.49861088826184646,0.10427428145429153,0.048315044744367944,0.0754596636181678,0.5464843949812287,0.2567019462585449,0.2781030833721161,1.0233294691777572,0.023329469177757245,True,False,90.0
timesfm3,LOOP_SEATTLE_5T,Loop Seattle,15,L15,block,block_depth,True,15,0.75,0.75,False,False,False,False,False,False,False,False,True,False,False,737856,0.2042027711868286,0.21899088541728282,0.19120640607607614,0.029554515892198967,0.015043908029169063,0.022092727034260295,0.20420277570836418,4.62409224593132,5.045205784203922,4.23476914357843,0.8884586852102436,0.426817893778749,0.6546193633189237,4.62409224593132,1.0475653537424803,1.1402674591349937,0.9573459598471137,0.1913976696266837,0.09071910529126505,0.13920660950203612,1.0475653537424803,0.9023722093020653,0.0,0.543415175238655,0.5951617813331289,0.4956348168447061,0.10638199175318992,0.05260724641563125,0.07852888336074149,0.543415175238655,0.2559499442577362,0.2767072916030884,1.0181934065611102,0.019769920624885584,True,False,90.0
timesfm3,LOOP_SEATTLE_5T,Loop Seattle,16,L16,block,block_depth,True,16,0.8,0.8,False,False,False,False,False,False,False,False,False,False,False,737856,0.20837174355983734,0.22355968546307153,0.19495913759798153,0.024422328204684356,0.011630343900680677,0.01792376032028034,0.20837174242234413,4.822719740475507,5.264306022224786,4.402948299820066,0.6585566927326864,0.25610937848234716,0.45599186877473663,4.822719740475507,1.093357880331462,1.1942585668481,0.996165078050099,0.13641722112321844,0.05246637978409768,0.09341408291305431,1.093357880331462,0.920794901554901,0.0,0.5602136584767866,0.6150593366559391,0.5089090209295162,0.08517281376039666,0.03911560100488111,0.061730400122609885,0.5602136584767866,0.25506651401519775,0.2771357297897339,1.0197699206248856,0.019769920624885584,True,False,90.0
timesfm3,LOOP_SEATTLE_5T,Loop Seattle,17,L17,block,block_depth,True,17,0.85,0.85,False,False,False,False,False,False,False,True,False,False,False,737856,0.2073136270046234,0.22274113335213017,0.19334191859038619,0.024707588424394272,0.01343883692734797,0.018981888335738467,0.207313614406886,4.820472278119799,5.278293978027685,4.381241110006321,0.6419936936425736,0.28468193982047374,0.4582393311304447,4.820472278119799,1.093054991418396,1.1981934584505816,0.9904841020593809,0.13016149910865785,0.058623704701352274,0.09371697182612038,1.093054991418396,0.9161190836505791,0.0,0.5588508468884049,0.6145417337459322,0.5060473415952021,0.08439517181215062,0.04292881505004174,0.06309321171099158,0.5588508468884049,0.25187239050865173,0.27275097370147705,1.0036354352899428,0.003635435289942812,True,False,90.0
timesfm3,LOOP_SEATTLE_5T,Loop Seattle,18,L18,block,block_depth,True,18,0.9,0.9,False,False,False,False,False,False,False,False,False,False,False,737856,0.2163453996181488,0.2331280794847785,0.2006968018179404,0.014034239847198825,0.006056548085575561,0.009950110034746995,0.21634539270787748,4.923077156861838,5.426826054785201,4.440979248414284,0.4943873567520145,0.2214696818281182,0.3556344523884052,4.923077156861838,1.1157705693656326,1.2316245641407566,1.0025771455720067,0.09986545081098334,0.042975497747001094,0.07100139387888382,1.1157705693656326,0.9560304940580521,0.0,0.5928024441643429,0.6570829409175105,0.5328058442705551,0.04332580948625131,0.015421979342434985,0.029141614435053587,0.5928024441643429,0.2508779764175415,0.26627275347709656,0.9797976785018905,0.0,True,False,90.0
timesfm3,LOOP_SEATTLE_5T,Loop Seattle,19,L19,block,block_depth,True,19,0.95,0.95,False,False,False,False,False,False,False,False,False,False,False,737856,0.22497175633907318,0.24277361266364747,0.20831361499806963,0.004138808739051682,-0.0014697477395667624,0.001323742635605002,0.22497176010701947,5.114842250431016,5.6554798674230495,4.594345238219017,0.2605177741058725,0.07529043701747425,0.1638693588192277,5.114842250431016,1.1561127340550925,1.2784530531685467,1.038958707171151,0.0497131840165373,0.01289240519972149,0.030659229189423876,1.1561127340550925,0.9941503713116588,0.0,0.6164789609488808,0.6840454194891635,0.5528205043376231,0.015022907568242162,-0.0037449613708966044,0.005465097650515727,0.6164789609488808,0.2555024325847626,0.2701922059059143,0.9942199967473979,0.0,True,False,90.0
timesfm3,LOOP_SEATTLE_5T,Loop Seattle,20,L20,block,block_depth,True,20,1.0,1.0,False,True,True,False,False,False,False,False,False,False,False,737856,0.22629550099372864,0.2447077379505086,0.20957173889908115,0.0,0.0,0.0,0.22629550274262447,5.2787116092502435,5.846799245505608,4.7250086984180095,0.0,0.0,0.0,5.2787116092502435,1.1867719632445164,1.3136057782542077,1.0645330929404124,0.0,0.0,0.0,1.1867719632445164,1.0,0.0,0.6219440585993965,0.6902877393811111,0.5563286962214326,0.0,0.0,0.0,0.6219440585993965,0.2503177523612976,0.27176299691200256,1.0,0.0,True,False,90.0
timesfm3,electricity_15min,Electricity 15min,0,Emb,embedding,block_depth,True,0,0.0,0.0,False,False,False,False,False,False,False,False,False,False,False,737856,0.2593005299568176,0.2824584223841893,0.239291613603025,-0.04434678856717095,-0.0661835095798952,-0.055004217270903905,0.2593005214824931,121.23061167115866,184.53281461799656,69.5019790697685,-10.212281572009703,-62.16152771429812,-33.26670450636479,121.23061167115866,1.7355821496970003,1.9152033584679358,1.5676319659391025,-0.30479526056565404,-0.459684717065058,-0.3816923717499501,1.7355821496970003,1.2692374880316275,0.2692374880316275,1.5183918750119025,1.7881404932186598,1.3003453720275753,-0.13187986422341644,-0.6257653054094813,-0.4124729468161219,1.5183918750119025,0.22082006931304932,0.279994398355484,1.6678888906444478,0.6678888906444478,False,False,3.0
timesfm3,electricity_15min,Electricity 15min,1,L1,block,block_depth,True,1,0.05,0.05,True,False,False,True,True,True,True,False,False,True,True,737856,0.2065628319978714,0.22700194756194722,0.18891742337061418,0.006077683369366042,-0.010416649336720462,-0.002266523691306588,0.2065628279028958,92.46176978743766,152.51033158468917,48.78027645450527,2.4988038211342385,-14.375126595965812,-4.497862622643794,92.46176978743766,1.335715535962795,1.5035950040621875,1.1838199486288385,0.054014007816740914,-0.01811534434877066,0.018174241984255213,1.335715535962795,1.0110943084047643,0.015766267960399594,1.1905710456111185,1.7658680548406018,0.8672904251905698,0.03537070270009021,-0.2215695524262611,-0.08465211741533785,1.1905710456111185,0.13080202043056488,0.1623031347990036,0.9668178972078508,0.026089221166855303,False,False,10.0
timesfm3,electricity_15min,Electricity 15min,2,L2,block,block_depth,True,2,0.1,0.1,False,False,False,False,False,False,False,False,False,False,False,737856,0.2030576765537262,0.2227820558416593,0.18587929861342803,0.008765825093546098,-0.0056493866044089736,0.0012386288806682244,0.20305767533092098,93.92986050197167,152.27526565824448,49.73037222636878,0.9596751430319413,-14.675139568152275,-5.965953337177808,93.92986050197167,1.3455582143536817,1.5175148429473035,1.1908106587451321,0.04185121187472855,-0.02390204488788214,0.008331563593368507,1.3455582143536817,0.9939370943727369,0.015766267960399594,1.1930534266279953,1.6714427282344113,0.917916265832567,0.02199013210965217,-0.15472750743225416,-0.08713449843221466,1.1930534266279953,0.12723931670188904,0.16460692882537842,0.9805412876952746,0.026089221166855303,False,False,10.0
timesfm3,electricity_15min,Electricity 15min,3,L3,block,block_depth,True,3,0.15,0.15,False,False,False,False,False,False,False,False,False,False,False,737856,0.2022179812192917,0.22195909753697746,0.18501420486825054,0.009654690718050784,-0.004964680688896465,0.0020783225230815716,0.20221798168850763,93.34213075455392,152.59654851609778,48.711418355192535,2.0512203857325346,-15.593445955323876,-5.378223589760054,93.34213075455392,1.3352423760829644,1.506965707394331,1.177795368712052,0.05109121369540183,-0.014358867041777263,0.018647401864085866,1.3352423760829644,0.9898269107291978,0.015766267960399594,1.1736942902935064,1.6527826777392904,0.8962353183433646,0.03878096415126722,-0.1363173738425913,-0.06777536209772572,1.1736942902935064,0.12742677330970764,0.1640763282775879,0.9773805717515717,0.026089221166855303,False,False,10.0
timesfm3,electricity_15min,Electricity 15min,4,L4,block,block_depth,True,4,0.2,0.2,False,False,False,False,False,False,False,False,False,False,False,737856,0.2014816552400589,0.22179772197233355,0.18375775949773557,0.009117076732573724,-0.0033499399182308582,0.0028146406678297986,0.2014816635437594,91.06238797808167,146.01858099011477,48.961875708033354,1.5505933240059877,-8.860791089567096,-3.0984808132878072,91.06238797808167,1.340525229502557,1.5127264585423872,1.1840655815036374,0.04355377497379122,-0.01743316457242553,0.013364548444493307,1.340525229502557,0.9862227046891658,0.015766267960399594,1.1408361565995662,1.5908996262668054,0.8774584091233563,0.046261484972910764,-0.09168697506506443,-0.03491722840378553,1.1408361565995662,0.1383199691772461,0.1625678688287735,0.9683948821397713,0.026089221166855303,False,False,30.0
timesfm3,electricity_15min,Electricity 15min,5,L5,block,block_depth,True,5,0.25,0.25,False,False,False,False,False,False,False,False,False,False,False,737856,0.20725832879543304,0.22708145288238657,0.18971346976192854,0.0036726926499622307,-0.009455794411291952,-0.0029620387456344432,0.20725834295722365,91.5169480739015,147.36370532374147,49.0050520081103,1.5952645907428837,-11.451922717813682,-3.5530409091076365,91.5169480739015,1.3477984757760166,1.5236975931583017,1.187344953037764,0.03793216445777476,-0.02775337354541413,0.006091302171033597,1.3477984757760166,1.014498661679392,0.015766267960399594,1.1781658439125842,1.6105387046444235,0.9221785151968027,0.004156886674385643,-0.13673188261941843,-0.07224691571680353,1.1781658439125842,0.13030418753623962,0.16332072019577026,0.9728795162563659,0.026089221166855303,False,False,10.0
timesfm3,electricity_15min,Electricity 15min,6,L6,block,block_depth,True,6,0.3,0.3,False,False,False,False,False,False,False,False,False,False,False,737856,0.2072802484035492,0.22768153914549025,0.1893441794571673,0.0037962792078672903,-0.009456529879928302,-0.0029839403813577137,0.20728024459294692,91.7057698476962,149.27076063130028,48.62696719028391,2.297746062944083,-11.859924336065927,-3.7418626829023367,91.7057698476962,1.3433321530011408,1.5176453641090057,1.1865900642991014,0.042160938515200724,-0.021789397929358117,0.010557624945909394,1.3433321530011408,1.0146059548976072,0.015766267960399594,1.1751825651416254,1.6544096754866253,0.8938837029654937,0.014070316947611143,-0.1265487054438072,-0.06926363694584481,1.1751825651416254,0.12513774633407593,0.16890329122543335,1.0061341394070302,0.026089221166855303,False,False,10.0
timesfm3,electricity_15min,Electricity 15min,7,L7,block,block_depth,True,7,0.35,0.35,False,False,False,False,False,False,False,False,False,False,False,737856,0.20244307816028595,0.22280174926250373,0.18449653470177801,0.008029454099085493,-0.003772534441401946,0.0018532269612978325,0.20244307725029137,92.14105239798232,148.58093705676865,49.04967272433933,1.490950273574458,-12.821781669017952,-4.177145233188455,92.14105239798232,1.343955979072702,1.5187336562675928,1.1862413942924375,0.040210748597267594,-0.01965173218699524,0.009933798874348199,1.343955979072702,0.9909287267416785,0.015766267960399594,1.1589744253699645,1.5880264992448927,0.9038836775703107,0.028350880267907247,-0.11802037122713631,-0.0530554971741839,1.1589744253699645,0.13575495779514313,0.17134137451648712,1.0206574729433378,0.026089221166855303,False,False,30.0
timesfm3,electricity_15min,Electricity 15min,8,L8,block,block_depth,True,8,0.4,0.4,False,False,False,False,False,False,False,False,False,False,False,737856,0.20743179321289062,0.2279932830749321,0.1892907914303897,0.003739221304128993,-0.009435592460950838,-0.0031354839110192545,0.20743178812260846,92.95246456135521,150.96156333388052,49.24181921014623,1.8684277985741966,-15.352001708753289,-4.9885573965613474,92.95246456135521,1.3514049908759853,1.5286191404668392,1.1930435536574937,0.03443833456974995,-0.02891016565207725,0.00248478707106492,1.3514049908759853,1.0153477441764982,0.015766267960399594,1.16992006809762,1.6115383776827437,0.9066565180641265,0.005043296093926728,-0.11567756734880642,-0.06400113990183942,1.16992006809762,0.12180820107460022,0.17107772827148438,1.019086967798653,0.026089221166855303,False,False,10.0
timesfm3,electricity_15min,Electricity 15min,9,L9,block,block_depth,True,9,0.45,0.45,False,False,False,False,False,False,False,False,False,False,False,737856,0.2017403095960617,0.22235867501243603,0.18347633440751326,0.008631007689698262,-0.002910337358258155,0.0025559942174048778,0.20174030999418432,93.00554648840055,151.2138645256734,49.33058216666178,1.7670485009577197,-15.535346318104343,-5.041639323606688,93.00554648840055,1.3472616424615722,1.527930490707936,1.1846443672982374,0.03683821030508953,-0.023855980047606716,0.006628135485478026,1.3472616424615722,0.9874887792518986,0.015766267960399594,1.1456094474876466,1.5953230189144538,0.8776946203959539,0.029794776977262405,-0.09046673296098415,-0.039690519291865956,1.1456094474876466,0.13361917436122894,0.17207001149654388,1.0249978652207805,0.026089221166855303,False,False,30.0
timesfm3,electricity_15min,Electricity 15min,10,L10,block,block_depth,True,10,0.5,0.5,False,False,False,False,False,False,False,False,False,False,False,737856,0.20209407806396484,0.2227462942264121,0.1840436801154394,0.007916401380331808,-0.003053562524408551,0.0022022335982049557,0.20209407061338425,90.27000634751415,145.08877069988074,48.792938788618315,2.676136022804474,-9.878034377380423,-2.3060991827202884,90.27000634751415,1.3419459522698711,1.5175808913087725,1.1850132545271828,0.04080343585462066,-0.016108651356907193,0.01194382567717911,1.3419459522698711,0.9892204232312647,0.015766267960399594,1.129646160818074,1.5521948671101562,0.8790470075352953,0.04748663718396242,-0.0829092488985934,-0.02372723262229326,1.129646160818074,0.13380418717861176,0.17225322127342224,1.0260892211668553,0.026089221166855303,False,False,30.0
timesfm3,electricity_15min,Electricity 15min,11,L11,block,block_depth,True,11,0.55,0.55,False,False,False,False,False,False,False,True,True,False,False,737856,0.20751729607582092,0.22802596640460307,0.18923494891149795,0.003020414240828893,-0.008961609860825285,-0.0032209931723489182,0.20751729738393812,91.42074878095666,147.7009568073593,49.42904025046397,1.6937547499103707,-10.10000758299092,-3.456841616162791,91.42074878095666,1.3616582223658857,1.5388574638608883,1.2024572888645122,0.022493067915268818,-0.03768329223963816,-0.007768444418835507,1.3616582223658857,1.0157662679603996,0.015766267960399594,1.1707087789957622,1.6279290705879281,0.9015479620954963,0.010739098070899376,-0.11806722312558295,-0.06478985079998156,1.1707087789957622,0.11789556592702866,0.16872747242450714,1.0050868105084751,0.005086810508475148,False,False,10.0
timesfm3,electricity_15min,Electricity 15min,12,L12,block,block_depth,True,12,0.6,0.6,False,False,False,False,False,False,False,False,False,False,False,737856,0.2040853053331375,0.2242866117916006,0.18630533579786712,0.0058883072954126385,-0.004997357875393097,0.00021100913010935196,0.20408529508147985,90.12400062708772,143.88157632507975,49.60884455253593,2.602722358617614,-8.447771057965754,-2.160093462293858,90.12400062708772,1.3526462878015355,1.526585373174553,1.1966038132431285,0.03015181423503943,-0.026534239376111535,0.0012434901455147251,1.3526462878015355,0.9989671842488596,0.0,1.1284274410153474,1.5466480103334508,0.8822520217120259,0.04754873986254123,-0.07318831069628239,-0.022508512819566784,1.1284274410153474,0.13252198696136475,0.16642038524150848,0.9913438031309266,0.0,False,False,30.0
timesfm3,electricity_15min,Electricity 15min,13,L13,block,block_depth,True,13,0.65,0.65,False,False,False,False,False,False,False,False,False,False,False,737856,0.20385345816612244,0.22426961861472602,0.18605744368112326,0.005935731900230266,-0.004433533697182916,0.0004428515907462238,0.20385345262084298,90.31218497730872,143.15237216686552,49.96126562252763,2.659492387962908,-8.999213660877656,-2.3482778125148513,90.31218497730872,1.3712918479856833,1.5449258377643706,1.2162319563888822,0.00872557123710137,-0.042825576664393177,-0.017402070038633033,1.3712918479856833,0.9978323268850182,0.0,1.122619785177091,1.5363782316748527,0.8763853379317612,0.05034249803180939,-0.06638681879806922,-0.016700856981310297,1.122619785177091,0.13265572488307953,0.16581878066062927,0.9877601257327263,0.0,False,False,30.0
timesfm3,electricity_15min,Electricity 15min,14,L14,block,block_depth,True,14,0.7,0.7,False,False,False,False,False,False,False,False,False,False,False,737856,0.20302151143550873,0.22336257433426346,0.18503269112192605,0.006860716150405293,-0.0036320451867432714,0.0012747978237066526,0.20302150638788255,90.08379856901499,142.0882538628877,50.33640049688797,1.2860214147419053,-5.987909908932413,-2.1198914042211214,90.08379856901499,1.373496085297424,1.5514390216427287,1.2133026371866389,0.007630152964426862,-0.046103946752211335,-0.01960630735037383,1.373496085297424,0.9937600715035266,0.0,1.1245619443697736,1.553337575966306,0.8709358977324004,0.03654879435224093,-0.05713288258035433,-0.018643016173993,1.1245619443697736,0.1300228387117386,0.16477197408676147,0.9815244400709332,0.0,False,False,30.0
timesfm3,electricity_15min,Electricity 15min,15,L15,block,block_depth,True,15,0.75,0.75,False,False,False,False,False,False,False,False,False,False,False,737856,0.20153304934501648,0.22195647970403592,0.18379722773666202,0.007785497279126798,-0.0017558380794348689,0.0027632545253247487,0.20153304968626445,93.82141084435658,151.79439594011254,49.73339504193154,0.47320651750973075,-15.287817159979989,-5.857503679562711,93.82141084435658,1.363391334006431,1.541884734687152,1.2048827651420524,0.01605122767436099,-0.03577132665775562,-0.009501556059380745,1.363391334006431,0.9864742711810927,0.0,1.1365783957672686,1.6049990308725115,0.8633239032318987,0.026943270895385233,-0.06209936575037411,-0.030659467571487964,1.1365783957672686,0.13300298154354095,0.16289369761943817,0.9703358003273979,0.0,False,False,45.0
timesfm3,electricity_15min,Electricity 15min,16,L16,block,block_depth,True,16,0.8,0.8,False,False,False,False,False,False,False,False,False,False,False,737856,0.20037609338760376,0.22145669133480608,0.18192721489596517,0.008583972618723184,-0.00034899928727905456,0.003920219952368548,0.20037608425922065,92.33651143996505,150.0606279368238,48.684764650597316,1.1949440888072655,-11.950170791389345,-4.372604275171184,92.33651143996505,1.3342495163088035,1.5140928746898914,1.175018148666178,0.04610280478655071,-0.0076827669091444895,0.019640261638246725,1.3342495163088035,0.9808111440236036,0.0,1.1523830066405685,1.645231199339387,0.8643529502225166,0.03201170081844943,-0.0977656923037932,-0.04646407844478784,1.1523830066405685,0.1258506029844284,0.16035763919353485,0.9552288421188301,0.0,False,False,30.0
timesfm3,electricity_15min,Electricity 15min,17,L17,block,block_depth,True,17,0.85,0.85,False,False,False,False,False,False,False,False,False,False,False,737856,0.20196186006069183,0.22290621813322692,0.1836919935256641,0.006524843566176544,-0.0016602701212471566,0.0023344485160275985,0.2019618556955616,90.69881480227502,146.94511054545987,48.173542335913154,2.153109820455665,-9.888965130423864,-2.7349076374811574,90.69881480227502,1.3142185574569107,1.4932517315079277,1.1518476685754653,0.06539447799307674,0.012403049279481894,0.03967122049013949,1.3142185574569107,0.988573235790596,0.0,1.144802313576937,1.6117554260343205,0.8682120264674125,0.01968873097919763,-0.07199946065830003,-0.03888338538115632,1.144802313576937,0.12731434404850006,0.15701235830783844,0.9353014547921222,0.0,False,False,30.0
timesfm3,electricity_15min,Electricity 15min,18,L18,block,block_depth,True,18,0.9,0.9,False,False,False,False,False,False,False,False,False,False,False,737856,0.19835034012794495,0.21919174091641624,0.18038875422092113,0.009452295512714553,0.002643129259049308,0.005945966856283985,0.19835033735530522,87.791733031776,139.06988117069432,48.395514805609324,3.573184930089585,-3.5351616884890427,0.17217413301786166,87.791733031776,1.321744647966214,1.496469331763261,1.1642010891408603,0.053798680425426564,0.00768755688916798,0.032145129980836185,1.321744647966214,0.9708953834230009,0.0,1.1004832967242923,1.5335587333131144,0.8373207849376627,0.053219272318429725,-0.02665203735825328,0.005435631471488289,1.1004832967242923,0.12676861882209778,0.15667666494846344,0.9333017746983304,0.0,False,False,30.0
timesfm3,electricity_15min,Electricity 15min,19,L19,block,block_depth,True,19,0.95,0.95,False,False,False,False,False,False,False,False,False,False,False,737856,0.19935305416584015,0.22138526133183414,0.17991856936088102,0.007306712183333537,0.002560659071416352,0.004943241656736541,0.19935306255485266,86.92223453473763,137.9344713588214,47.97228276034218,3.1760484810161,-1.583651492158343,1.0416726300562402,86.92223453473763,1.299962402681879,1.4729588470257142,1.1448238556383141,0.06953033494710971,0.03845215620065031,0.05392737526517122,1.299962402681879,0.9758035193488476,0.0,1.0962956251897367,1.5478722130311484,0.8214804529554643,0.03916744572212177,-0.025434324310623712,0.00962330300604397,1.0962956251897367,0.12424582988023758,0.15952017903327942,0.9502402048251869,0.0,False,False,30.0
timesfm3,electricity_15min,Electricity 15min,20,L20,block,block_depth,True,20,1.0,1.0,False,True,True,False,False,False,False,False,False,False,False,737856,0.2042963057756424,0.22673901591791223,0.18496297988471866,0.0,0.0,0.0,0.2042963042115892,87.96390716479387,138.82458899733032,49.2775494514216,0.0,0.0,0.0,87.96390716479387,1.3538897779470502,1.5281037711364358,1.1965071845586424,0.0,0.0,0.0,1.3538897779470502,1.0,0.0,1.1059189281957806,1.5757474633056752,0.8241418848404148,0.0,0.0,0.0,1.1059189281957806,0.12504035234451294,0.1678735315799713,1.0,0.0,False,False,45.0
timesfm3,SZ_TAXI_15T,SZ Taxi,0,Emb,embedding,block_depth,True,0,0.0,0.0,False,False,False,False,False,False,True,False,False,False,True,737856,0.33052006363868713,0.36172886901797774,0.3051199700157994,-0.0023358747339210614,-0.01235021742251824,-0.0074570905894805195,0.33052006736397743,2.9578165775542007,3.1918381731080645,2.72353486139191,-0.07250431943263139,-0.16990133537754185,-0.11983891824929405,2.9578165775542007,0.8504855864253194,0.9182059866702945,0.7923571511603806,-0.015547189201733334,-0.042112387670405586,-0.02867295952547899,0.8504855864253194,1.0230824261002684,0.02308242610026845,1.9351052167251597,2.1563442312567958,1.7397952939144417,-0.03383006389215656,-0.09488583710485587,-0.06473669154167982,1.9351052167251597,0.28200405836105347,0.30400121212005615,1.0646415151605606,0.0646415151605606,False,False,65.0
timesfm3,SZ_TAXI_15T,SZ Taxi,1,L1,block,block_depth,True,1,0.05,0.05,True,False,False,False,False,True,False,False,False,True,False,737856,0.327330082654953,0.3597852208078481,0.30164465341382685,-0.0002570326392276183,-0.008189104741009375,-0.004267087922646462,0.3273300646971434,2.877846521626781,3.099238357343962,2.6610545434886435,-0.0023483218919162626,-0.07640198224206567,-0.03986886232187414,2.877846521626781,0.8345340343845459,0.9021131730813088,0.7779236897367711,-0.0020224395077104358,-0.02320063299745808,-0.012721407484705516,0.8345340343845459,1.013208249482597,0.014578427786585024,1.895725592368634,2.113205414407622,1.7040952486648302,-0.0007774626478359178,-0.048609771183792845,-0.02535706718515418,1.895725592368634,0.2609694302082062,0.2975882887840271,1.0421828401787576,0.04218284017875762,False,False,65.0
timesfm3,SZ_TAXI_15T,SZ Taxi,2,L2,block,block_depth,True,2,0.1,0.1,False,False,False,False,False,False,False,False,False,False,False,737856,0.326524019241333,0.3601850743835362,0.3002451228001752,-6.381583710511213e-05,-0.006908487082005308,-0.0034610394101876607,0.3265240161846846,2.8522895016637255,3.072241540608707,2.6420148874271008,0.02187555527866215,-0.049128576693606575,-0.014311842358818883,2.8522895016637255,0.8315826414611903,0.9023322470836389,0.7734784815886852,0.00044119358779770075,-0.01986844082054475,-0.00977001456134996,0.8315826414611903,1.010713183665054,0.014578427786585024,1.8827884150154706,2.099776615058769,1.6908991983460329,0.010222293943314762,-0.03381364066748188,-0.012419889831990716,1.8827884150154706,0.25268617272377014,0.2955598831176758,1.0350791682330955,0.03507916823309554,True,False,90.0
timesfm3,SZ_TAXI_15T,SZ Taxi,3,L3,block,block_depth,True,3,0.15,0.15,False,False,False,False,False,False,False,False,False,False,False,737856,0.32777273654937744,0.3623715314058921,0.30100563064169805,-0.001015120978729824,-0.008298623241866237,-0.004709748312448858,0.32777272508694577,2.852659738382413,3.0702742047845843,2.6432337165366393,0.019889709005173048,-0.049122334959541346,-0.014682079077506405,2.852659738382413,0.8335190456578002,0.9053654670789975,0.7747526739436711,-0.0014429755887143852,-0.022204628357401023,-0.011706418757959858,0.8335190456578002,1.014578427786585,0.014578427786585024,1.882772985245135,2.1007731043407416,1.6921930916717562,0.00964213452511462,-0.03293240057073029,-0.012404460061655076,1.882772985245135,0.24305342137813568,0.2950504720211029,1.0332951615249881,0.033295161524988126,True,False,90.0
timesfm3,SZ_TAXI_15T,SZ Taxi,4,L4,block,block_depth,True,4,0.2,0.2,False,False,False,False,False,False,False,False,False,False,False,737856,0.32713791728019714,0.361519865768078,0.3004367216108128,-0.0005232943102526556,-0.007598137557028957,-0.0040749547382195606,0.3271379315127165,2.854623296710041,3.0745455142151292,2.6431841178604984,0.01833027887715095,-0.050486368399604284,-0.016645637405134472,2.854623296710041,0.8319876952249166,0.9027898009673148,0.773411357073966,0.00017234438914223236,-0.02058194409990793,-0.010175068325076198,0.8319876952249166,1.0126134262344912,0.012613426234491243,1.8818724905625062,2.100912271965561,1.691315566093142,0.010001956592854532,-0.0313413909921736,-0.011503965379026315,1.8818724905625062,0.2412392944097519,0.29365769028663635,1.0284175057889156,0.028417505788915554,True,False,90.0
timesfm3,SZ_TAXI_15T,SZ Taxi,5,L5,block,block_depth,True,5,0.25,0.25,False,False,False,False,True,False,False,False,True,False,False,737856,0.32467588782310486,0.3586147465026722,0.2982900020952981,0.0017027396684846713,-0.004838888958478556,-0.0016128872640621683,0.3246758640385591,2.844482166895309,3.0641918315338166,2.6333593336168857,0.026472796801404744,-0.038493763273755734,-0.00650450759040222,2.844482166895309,0.8277262729706631,0.897557986989112,0.7698741987043126,0.00319130249314325,-0.015302370494169956,-0.005913646070822787,0.8277262729706631,1.004992530115925,0.005500823555295797,1.870224700250167,2.087590661607254,1.6798378577621436,0.02126753253512913,-0.01926160109977455,0.00014382493331277502,1.870224700250167,0.2421436905860901,0.290824294090271,1.0184946794997976,0.019211183685789335,True,False,90.0
timesfm3,SZ_TAXI_15T,SZ Taxi,6,L6,block,block_depth,True,6,0.3,0.3,False,False,False,False,False,False,False,False,False,False,False,737856,0.32484009861946106,0.35925816730237925,0.2978516505744595,0.0013732315351565431,-0.0048996421914452165,-0.0017771400893346057,0.3248401168638315,2.8481797463897793,3.068962341254995,2.6365911985568746,0.019391762070738658,-0.038774811647616106,-0.01020208708487269,2.8481797463897793,0.8289326162933431,0.8994671108564408,0.7702485523092071,0.0018052755394698734,-0.015961033362630668,-0.007119989393502779,0.8289326162933431,1.0055008235552958,0.005500823555295797,1.8688770945767508,2.0860144836314714,1.678750623505911,0.021376620257069472,-0.016895765436119082,0.0014914306067290717,1.8688770945767508,0.24197746813297272,0.2901647686958313,1.016184958067023,0.019211183685789335,True,False,90.0
timesfm3,SZ_TAXI_15T,SZ Taxi,7,L7,block,block_depth,True,7,0.35,0.35,False,False,False,False,False,False,False,False,False,False,False,737856,0.32251569628715515,0.3566194498481658,0.29600158700576196,0.0034545413624399567,-0.0022795724610869413,0.0005472986361919063,0.322515678138305,2.8239575621335606,3.04257771196217,2.6149587132209633,0.04311645267749992,-0.01380154538874856,0.014020097171346002,2.8239575621335606,0.8239627965964049,0.8948486750303422,0.7652078112351312,0.006530059378313434,-0.010789842555778039,-0.0021501696965645634,0.8239627965964049,0.9983059345334655,0.0035875738397694867,1.8537002919029053,2.067355463813666,1.665543161654528,0.034778951174110624,8.274453815643206e-05,0.01666823328057454,1.8537002919029053,0.24361450970172882,0.28985896706581116,1.0151140113150257,0.019211183685789335,True,False,90.0
timesfm3,SZ_TAXI_15T,SZ Taxi,8,L8,block,block_depth,True,8,0.4,0.4,False,False,False,False,False,False,False,False,False,False,False,737856,0.32241886854171753,0.3562208891488038,0.2959610965007391,0.0036064353723747407,-0.002378042964025957,0.0006441080417388667,0.32241886873275805,2.830341877208814,3.0503205528896125,2.6172282990136324,0.037740089824489745,-0.02046246209097856,0.007635782096092836,2.830341877208814,0.8234858901622374,0.8936617910194945,0.7653182362156901,0.0073985512356016725,-0.010514064412893398,-0.001673263262397029,0.8234858901622374,0.9980062166778365,0.0035875738397694867,1.856178158027713,2.070534905181667,1.667754519320557,0.03342983937333416,-0.003221047341296134,0.014190367155766825,1.856178158027713,0.24422293901443481,0.2888314127922058,1.0115154173122858,0.019211183685789335,True,False,90.0
timesfm3,SZ_TAXI_15T,SZ Taxi,9,L9,block,block_depth,True,9,0.45,0.45,False,False,False,False,False,False,False,False,False,False,False,737856,0.3230776786804199,0.35747659515876035,0.2962776918943303,0.003066681451999968,-0.0031769367388617105,-1.4697607511104938e-05,0.323077674382008,2.8322399279524766,3.0549877545663606,2.6220722686229156,0.03574967007064292,-0.0235954912179281,0.005737731352430053,2.8322399279524766,0.8245238113553709,0.8945947911089327,0.7659643019282919,0.007017554047663269,-0.012357180883094825,-0.0027111844555305353,0.8245238113553709,1.0000454788866806,0.0035875738397694867,1.8591798189625321,2.0723986793656586,1.6711370094416493,0.030017348423618296,-0.006404399728522081,0.011188706220947697,1.8591798189625321,0.24312597513198853,0.2896052300930023,1.0142254000055526,0.019211183685789335,True,False,90.0
timesfm3,SZ_TAXI_15T,SZ Taxi,10,L10,block,block_depth,True,10,0.5,0.5,False,False,False,False,False,False,False,False,False,False,False,737856,0.32377946376800537,0.3576553689411435,0.29739025906922345,0.0023076549936563284,-0.003764579328111349,-0.0007165049513180866,0.323779481725815,2.854292145113653,3.0738426261536107,2.6428613743404124,0.013529933760971545,-0.04571982039953078,-0.016314485808746504,2.854292145113653,0.8305628774354651,0.900645511513852,0.7720920442700108,0.00030515203372510295,-0.01813437299389587,-0.008750250535624726,0.8305628774354651,1.0022177645328336,0.0035875738397694867,1.8625896830204836,2.07889242741818,1.6740879940887778,0.02654489630906709,-0.009456529538694684,0.007778842162996291,1.8625896830204836,0.24802546203136444,0.29058656096458435,1.0176621152038536,0.019211183685789335,True,False,90.0
timesfm3,SZ_TAXI_15T,SZ Taxi,11,L11,block,block_depth,True,11,0.55,0.55,False,False,False,False,False,False,False,False,False,False,False,737856,0.324133962392807,0.35769721308054453,0.2978880289130104,0.0018823805432289203,-0.0041495360625095744,-0.0010709663232167377,0.32413394309771365,2.8518879435482445,3.074086573357691,2.6396941230146704,0.01741054920027355,-0.045519692731864556,-0.013910284243337845,2.8518879435482445,0.8280094181228443,0.8965745877753656,0.7702529154747074,0.0032526924698249022,-0.015536328841483768,-0.0061967912230039834,0.8280094181228443,1.0033150695167383,0.0035875738397694867,1.8688034171852854,2.084865352376408,1.6809347291585681,0.019964828027243444,-0.0163166184075549,0.001565107998194426,1.8688034171852854,0.23796528577804565,0.2910288870334625,1.0192111836857893,0.019211183685789335,False,False,65.0
timesfm3,SZ_TAXI_15T,SZ Taxi,12,L12,block,block_depth,True,12,0.6,0.6,False,False,False,False,False,False,False,False,False,False,False,737856,0.32323014736175537,0.35670206599558396,0.29689491712846433,0.0028235745138656065,-0.0032473852619146703,-0.00016715883826595723,0.32323013561276287,2.832217212124522,3.0485512891582256,2.619452318321539,0.03681122678636617,-0.024541360054972806,0.005760447180384709,2.832217212124522,0.8240195578037262,0.8931671625263787,0.7668939459927764,0.006628215316386615,-0.011032364916019277,-0.0022069309038857954,0.8240195578037262,1.000517426116412,0.0035875738397694867,1.8619414686632267,2.0784911334007936,1.6741810127752743,0.02634063619205925,-0.009208750849344588,0.008427056520253107,1.8619414686632267,0.23885847628116608,0.2908170819282532,1.0184694218139987,0.018469421813998688,False,False,65.0
timesfm3,SZ_TAXI_15T,SZ Taxi,13,L13,block,block_depth,True,13,0.65,0.65,False,False,False,False,False,False,False,False,False,False,False,737856,0.3232331871986389,0.3564246175619654,0.2969781171005124,0.002635709451845815,-0.0030415187733104252,-0.00017019829306846868,0.3232331750675654,2.840335570032557,3.0547817331336344,2.6306989211705374,0.02693056639228663,-0.030989376260947908,-0.0023579107276505695,2.840335570032557,0.8266898180761925,0.89495925400761,0.7700325176483566,0.003855119310645739,-0.01335545609093034,-0.0048771911763521025,0.8266898180761925,1.0005268355412427,0.0035875738397694867,1.8615486520723268,2.0789187698203113,1.671935869026021,0.02468649103312016,-0.0066287482254107355,0.008819873111153065,1.8615486520723268,0.2412380874156952,0.28914543986320496,1.0126151703505661,0.014862165051253262,False,False,65.0
timesfm3,SZ_TAXI_15T,SZ Taxi,14,L14,block,block_depth,True,14,0.7,0.7,False,False,False,False,False,False,False,False,False,False,False,737856,0.3240891993045807,0.35820888665098793,0.29757077511495506,0.0021005962760402494,-0.004230765468226032,-0.0010262139332600229,0.32408919070775694,2.835048687212529,3.054534169103433,2.624335449454662,0.0318173539252721,-0.024554192621044857,0.002928972092377524,2.835048687212529,0.8251819216230004,0.8942329448477794,0.76826525172151,0.005230135110217523,-0.012181183802950996,-0.0033692947231600545,0.8251819216230004,1.0031765111236468,0.0035875738397694867,1.8633637976571893,2.078904964863463,1.6750260139268327,0.02434006564095843,-0.00963331675645474,0.007004727526290555,1.8633637976571893,0.23984456062316895,0.28978705406188965,1.0148621650512533,0.014862165051253262,False,False,65.0
timesfm3,SZ_TAXI_15T,SZ Taxi,15,L15,block,block_depth,True,15,0.75,0.75,False,False,False,False,False,False,False,False,False,False,False,737856,0.32422199845314026,0.357900291074736,0.29776471994387416,0.0019100193865597506,-0.004192264767315907,-0.0011590362932437648,0.3242220130677407,2.856630836336261,3.0773113984555884,2.6454491157128546,0.011073317035402786,-0.0479344420818551,-0.018653177031354495,2.856630836336261,0.830557391523705,0.8996156949720768,0.7733767342256762,0.0002986177733021117,-0.018069375857642244,-0.008744764623864643,0.830557391523705,1.0035875738397695,0.0035875738397694867,1.8674750235319642,2.084598099998266,1.6775263182541518,0.019303048616959875,-0.012522593895637878,0.0028935016515156953,1.8674750235319642,0.23805944621562958,0.28893232345581055,1.0118688161722666,0.01186881617226665,False,False,65.0
timesfm3,SZ_TAXI_15T,SZ Taxi,16,L16,block,block_depth,True,16,0.8,0.8,False,False,False,True,False,False,False,True,False,False,False,737856,0.3232922852039337,0.35611445521219415,0.29750495604120003,0.002254427912143559,-0.0027542932197833574,-0.00022930155197781188,0.3232922783264747,2.8350096081453993,3.0545434420964757,2.6229945336982343,0.030190912853141714,-0.023357815848045648,0.002968051159507379,2.8350096081453993,0.8243398366137605,0.8913179765374324,0.7683323882652909,0.005587788495459667,-0.01047030266739093,-0.0025272097139201755,0.8243398366137605,1.0007097658298583,0.0032199605265403886,1.8653857174902393,2.082359861618422,1.675527004150069,0.01902390030881307,-0.008872995150715369,0.004982807693240554,1.8653857174902393,0.23669324815273285,0.2878866493701935,1.0082067648432218,0.008760868371762154,False,False,65.0
timesfm3,SZ_TAXI_15T,SZ Taxi,17,L17,block,block_depth,True,17,0.85,0.85,False,False,False,False,False,False,False,False,False,False,False,737856,0.32337474822998047,0.3557603823689696,0.2975153831645655,0.002166505277347849,-0.0027580803833328906,-0.00031177298380780094,0.3233747497583047,2.850746262020732,3.0697555214991454,2.637366177645278,0.01427426657572155,-0.04000276705404644,-0.01276860271582514,2.850746262020732,0.8256847555718253,0.8931569026540529,0.7699568940907827,0.00414157172995307,-0.012180244796153566,-0.0038721286719849424,0.8256847555718253,1.0009650195407,0.0032199605265403886,1.8736909271998787,2.090470095612087,1.684054760596597,0.009560234542254435,-0.016233648350211682,-0.0033224020163988843,1.8736909271998787,0.23604969680309296,0.2875649034976959,1.0070799798189003,0.008760868371762154,False,False,65.0
timesfm3,SZ_TAXI_15T,SZ Taxi,18,L18,block,block_depth,True,18,0.9,0.9,False,False,False,False,False,False,False,False,False,False,False,737856,0.3241032361984253,0.35864218757607236,0.2972157319983802,0.0010863100417340215,-0.003127550749251487,-0.0010402465286927232,0.32410322330318964,2.842811030405926,3.06196361163405,2.631321188706446,0.019875266668467045,-0.02864147730174841,-0.004833371101019335,2.842811030405926,0.8278471507503278,0.8995383157386647,0.7693261284448378,0.0017022407932215766,-0.01375432355427767,-0.006034523850487417,0.8278471507503278,1.0032199605265404,0.0032199605265403886,1.8697256666919424,2.0857308776266876,1.678367341980315,0.012277191102105383,-0.011014092644302437,0.0006428584915374458,1.8697256666919424,0.23773802816867828,0.28804486989974976,1.0087608683717622,0.008760868371762154,False,False,65.0
timesfm3,SZ_TAXI_15T,SZ Taxi,19,L19,block,block_depth,True,19,0.95,0.95,False,False,False,False,False,False,False,False,False,False,False,737856,0.3229112923145294,0.3567202824932069,0.29606525645806236,0.0022292337428109596,-0.001826186967679308,0.00015166602455651823,0.3229113107499404,2.8417958750430556,3.0666082624937903,2.6269098955455132,0.015243847561847811,-0.022537010593302865,-0.003818215738149,2.8417958750430556,0.8234215623679771,0.8932470834553677,0.7654411468833493,0.004956012602571345,-0.008064262307434783,-0.0016089354681367851,0.8234215623679771,0.9995304512511076,0.0,1.8704380770008526,2.089188392115957,1.6804786297372392,0.009362101840348318,-0.009290415727208828,-6.95518173727816e-05,1.8704380770008526,0.23975436389446259,0.2847714424133301,0.9972970101370991,0.0,False,False,65.0
timesfm3,SZ_TAXI_15T,SZ Taxi,20,L20,block,block_depth,True,20,1.0,1.0,False,True,True,False,False,False,False,False,False,False,False,737856,0.3230629861354828,0.35657349601865573,0.2964899038657164,0.0,0.0,0.0,0.3230629767744969,2.8379776593049066,3.0603741087582073,2.6206712938939623,0.0,0.0,0.0,2.8379776593049066,0.8218126268998404,0.8907472061979442,0.7645947639025272,0.0,0.0,0.0,0.8218126268998404,1.0,0.0,1.8703685251834798,2.087764543613711,1.679320424610819,0.0,0.0,0.0,1.8703685251834798,0.24130254983901978,0.2855432629585266,1.0,0.0,True,False,90.0
timesfm3,monash_london_smart_meters,London Smart Meters,0,Emb,embedding,block_depth,True,0,0.0,0.0,False,False,False,False,False,False,True,False,False,False,True,737856,0.23939789831638336,0.26336790812095157,0.22155179279849274,-0.018765858598124567,-0.028261179898559814,-0.023287627206162648,0.23939790141605238,0.10866099833544593,0.1209986781929847,0.09720251134484281,-0.005683201994314606,-0.0115013623065588,-0.008504479185130101,0.10866099833544593,1.0212397157161517,1.210659876864377,0.8850916609453795,-0.07435786824662774,-0.19811852952645767,-0.12117329400485,1.0212397157161517,1.1077580610518645,0.10775806105186447,3.9081097107476,4.121146097218873,3.6987179450656074,-0.20324723834844602,-0.4126341829382677,-0.3079616242593395,3.9081097107476,0.23294062912464142,0.2798005938529968,1.0843976470827392,0.08439764708273922,False,False,10.0
timesfm3,monash_london_smart_meters,London Smart Meters,1,L1,block,block_depth,True,1,0.05,0.05,True,False,False,False,True,True,False,False,True,True,False,737856,0.21708132326602936,0.24075521009704026,0.19950682697853228,0.0019846004625881895,-0.004215654404122984,-0.0009710461697505779,0.2170813203796403,0.0986429726076799,0.11080660658818056,0.08783617302383893,0.0031961336453089455,-9.64315761956793e-05,0.0015135465426359268,0.0986429726076799,0.9125701989071241,1.0951894907869395,0.7878499282142064,0.018166081409129738,-0.061677940598106606,-0.012503777195822408,0.9125701989071241,1.0044933035875891,0.00924441741539539,3.574746129426698,3.8046949204589353,3.3587053201154986,0.07550519586840815,-0.025563571194498202,0.025401957061562452,3.574746129426698,0.2079363316297531,0.2625882029533386,1.0176891532399275,0.01768915323992748,False,False,30.0
timesfm3,monash_london_smart_meters,London Smart Meters,2,L2,block,block_depth,True,2,0.1,0.1,False,False,False,True,False,False,False,False,False,False,False,737856,0.21687066555023193,0.24056374469828853,0.1991914319933769,0.0022307785366526512,-0.004282594230808041,-0.0007603813304018492,0.21687065554029158,0.09913110041995352,0.11156149205381216,0.08816365504028269,0.0027473711525311177,-0.0005751911324200765,0.0010254187303623125,0.09913110041995352,0.9222742450967232,1.107495122858528,0.7908405464731608,0.0169122978610773,-0.08756567840549892,-0.022207823385421488,0.9222742450967232,1.0035185340326411,0.00924441741539539,3.5785653530973507,3.816682013511785,3.356874246848374,0.06793886614693852,-0.024384317643112906,0.02158273339090977,3.5785653530973507,0.2023092359304428,0.26058462262153625,1.009924059650851,0.017122268720818345,False,False,45.0
timesfm3,monash_london_smart_meters,London Smart Meters,3,L3,block,block_depth,True,3,0.15,0.15,False,False,False,False,False,False,False,False,False,False,False,737856,0.21663177013397217,0.24028198359434613,0.1990169489016856,0.0022867635287031514,-0.0037488769810959718,-0.0005214974596982891,0.21663177166958802,0.09979415214891021,0.11247779011621524,0.08868426857740522,0.001888017985075866,-0.0010801490445074698,0.00036236700140561406,0.09979415214891021,0.9232202191023842,1.1076893058568653,0.7949141198900465,0.010536967899185377,-0.07647071217277913,-0.023153797391082476,0.9232202191023842,1.002413101090367,0.00924441741539539,3.581845660120445,3.8212742283072827,3.359308390498916,0.06262701569906941,-0.025113807701622682,0.01830242636781554,3.581845660120445,0.20148880779743195,0.26056915521621704,1.0098641140385,0.017122268720818345,False,False,65.0
timesfm3,monash_london_smart_meters,London Smart Meters,4,L4,block,block_depth,True,4,0.2,0.2,False,False,False,False,False,False,False,False,False,False,False,737856,0.2168077677488327,0.2407375320593137,0.1991761579928308,0.0017986384273741352,-0.0033681841375206773,-0.0006974948044041751,0.2168077690142939,0.10043187299353755,0.11307490860025926,0.0891625746180434,0.0012300753158255657,-0.0017594890245526166,-0.00027535384322172063,0.10043187299353755,0.9228957716086468,1.1041560094977454,0.7992031471142987,0.005230859430304724,-0.0654730213863467,-0.022829349897345086,0.9228957716086468,1.0032274890944337,0.00924441741539539,3.5974140919531754,3.837675389322761,3.372655520198939,0.048707779180213504,-0.04288400157512375,0.002733994535085049,3.5974140919531754,0.19961324334144592,0.26111653447151184,1.0119855419037156,0.017122268720818345,False,False,65.0
timesfm3,monash_london_smart_meters,London Smart Meters,5,L5,block,block_depth,True,5,0.25,0.25,False,False,False,False,False,False,False,False,False,False,False,737856,0.21611334383487701,0.23976351592177877,0.19868999954654287,0.0024827603151211116,-0.0026099165158616545,-3.073805274866892e-06,0.2161133480151646,0.09971405937348712,0.11222018664152421,0.08855052830322045,0.0020605188202281557,-0.0011165631192638728,0.00044245977682870474,0.09971405937348712,0.9143419292098981,1.0939161425032262,0.7926165486641089,0.01229112356540913,-0.05264730722434328,-0.014275507498596407,0.9143419292098981,1.0000142040410496,0.00924441741539539,3.580963572525167,3.814254438271257,3.3609479642839113,0.06493638892490237,-0.026511188460848666,0.019184513963093508,3.580963572525167,0.19758181273937225,0.2605171203613281,1.009662447296372,0.017122268720818345,False,False,65.0
timesfm3,monash_london_smart_meters,London Smart Meters,6,L6,block,block_depth,True,6,0.3,0.3,False,False,False,False,False,False,False,False,False,False,False,737856,0.21622462570667267,0.2397245594023065,0.19869968683764566,0.002196713459486036,-0.0024194195799046104,-0.00011435926017416831,0.2162246334700639,0.09969180559453808,0.11195803144590484,0.08861321883822904,0.0020484643596580887,-0.001013134493527731,0.00046471355577774875,0.09969180559453808,0.9126628632308175,1.090070672582522,0.7938920367609419,0.008369070968436067,-0.039593804031944235,-0.012596441519515778,0.9126628632308175,1.0005291350049283,0.00924441741539539,3.583943906746939,3.809365807912426,3.3679388990111514,0.062230389279417285,-0.03030039519977201,0.01620417974132149,3.583943906746939,0.1979035884141922,0.2608512043952942,1.0109572263222917,0.017122268720818345,False,False,65.0
timesfm3,monash_london_smart_meters,London Smart Meters,7,L7,block,block_depth,True,7,0.35,0.35,False,False,False,False,False,False,False,False,False,False,False,737856,0.21612077951431274,0.239690651010921,0.1985447046297197,0.00216780044351711,-0.0021894888031715903,-1.0501778194033085e-05,0.21612077598808377,0.10047457435718507,0.1132028824199271,0.08921241277605017,0.0011122290192257314,-0.0017181346666873287,-0.0003180552068692416,0.10047457435718507,0.914907982714404,1.0901819451584398,0.7964433457897357,0.004844401036781769,-0.04029311308733214,-0.0148415610031023,0.914907982714404,1.0000486109171847,0.00924441741539539,3.5925810911249147,3.8318984513186476,3.3701091372480168,0.04773879091054629,-0.03260788557887791,0.007566995363345708,3.5925810911249147,0.19700033962726593,0.26062461733818054,1.0100790635271029,0.017122268720818345,False,False,65.0
timesfm3,monash_london_smart_meters,London Smart Meters,8,L8,block,block_depth,True,8,0.4,0.4,False,False,False,False,False,False,False,False,False,False,False,737856,0.21644338965415955,0.2402062507147211,0.1986274329639744,0.0019435307007453699,-0.002594484938379697,-0.00033310224934846033,0.2164433764592382,0.10034298544163966,0.11314785507230414,0.08898576228502589,0.0011908136259589455,-0.0016313851764150576,-0.0001864662913238363,0.10034298544163966,0.9103794080329304,1.087793380380377,0.7925343665187911,0.008476133245385702,-0.03549143625499168,-0.010312986321628692,0.9103794080329304,1.0015414142605124,0.00924441741539539,3.59801394811962,3.828450747620604,3.381759446174666,0.046540534815036894,-0.04308883917174662,0.0021341383686404036,3.59801394811962,0.1983788013458252,0.2611827552318573,1.0122421876660344,0.017122268720818345,False,False,65.0
timesfm3,monash_london_smart_meters,London Smart Meters,9,L9,block,block_depth,True,9,0.45,0.45,False,False,False,False,False,False,False,False,False,False,False,737856,0.21651272475719452,0.240370849626608,0.19872943828209438,0.0017541387815113725,-0.0025743631358109234,-0.0004024535332244894,0.21651272774311422,0.10009861857980876,0.11248909738525088,0.0889590002136553,0.001524630490839847,-0.001365405157829622,5.790057050707176e-05,0.10009861857980876,0.9111478154423244,1.089275034127895,0.7935540204357288,0.005314037541591118,-0.032516088003802276,-0.011081393731022682,0.9111478154423244,1.0018622463139306,0.00924441741539539,3.6024273852057784,3.834355701139324,3.385136969584751,0.03871335007096165,-0.04462693368185735,-0.0022792987175179746,3.6024273852057784,0.19759775698184967,0.2615244686603546,1.013566535240628,0.017122268720818345,False,False,65.0
timesfm3,monash_london_smart_meters,London Smart Meters,10,L10,block,block_depth,True,10,0.5,0.5,False,False,False,False,False,False,False,False,False,False,False,737856,0.21636195480823517,0.240290561121469,0.1985721088974303,0.0019424166576581324,-0.0024138611016211843,-0.0002516781811723323,0.21636195239106207,0.10040143994399237,0.1129048312434842,0.08934347633775905,0.0011431212874819475,-0.0016450052621108963,-0.00024492079367653685,0.10040143994399237,0.9092206226670853,1.0851112166194716,0.792691936498979,0.003764030620119536,-0.022794883931139202,-0.009154200955783565,0.9092206226670853,1.0011645934627624,0.00924441741539539,3.600139583912529,3.834726038919955,3.381210812483324,0.0415346324017839,-0.04303352817706565,8.50257573148383e-06,3.600139583912529,0.19940361380577087,0.26129111647605896,1.0126621534589195,0.017122268720818345,False,False,65.0
timesfm3,monash_london_smart_meters,London Smart Meters,11,L11,block,block_depth,True,11,0.55,0.55,False,False,False,False,False,False,False,False,False,False,False,737856,0.21727874875068665,0.2412196619876923,0.19953351026927013,0.0010185243430341293,-0.0033478185406509036,-0.0011684693652027622,0.2172787435750925,0.10023181367177969,0.11263110852093416,0.08907656260703539,0.0012946496910879555,-0.0014304520392747408,-7.529452146386173e-05,0.10023181367177969,0.9093037989403037,1.0861064743002962,0.7915820513305831,0.0037989012984199805,-0.023680510969046685,-0.009237377229001975,0.9093037989403037,1.0054068440723813,0.00924441741539539,3.612358731854752,3.8374193165375603,3.3999206930168615,0.03372547137072385,-0.05893547568013058,-0.012210645366491413,3.612358731854752,0.19858987629413605,0.2617025077342987,1.0142565450444498,0.017122268720818345,False,False,65.0
timesfm3,monash_london_smart_meters,London Smart Meters,12,L12,block,block_depth,True,12,0.6,0.6,False,False,False,False,False,False,False,False,False,False,False,737856,0.2180260866880417,0.24181794177328467,0.20021971704025987,0.0001733060058860304,-0.004055710346615742,-0.0019158037478914924,0.21802607795778123,0.10087596224310709,0.11353243446199027,0.08959852499101748,0.0006065323188520554,-0.002071289158278558,-0.000719443092791261,0.10087596224310709,0.9122952958127014,1.0879783634518045,0.7947088629451866,0.001086814886305957,-0.0266074714367025,-0.012228874101399723,0.9122952958127014,1.0088649764547335,0.00924441741539539,3.6280888095281645,3.8632076132053723,3.4094577764115255,0.014178813259004507,-0.0715688576963404,-0.027940723039904025,3.6280888095281645,0.19453659653663635,0.2624419331550598,1.0171222687208183,0.017122268720818345,False,False,45.0
timesfm3,monash_london_smart_meters,London Smart Meters,13,L13,block,block_depth,True,13,0.65,0.65,False,False,False,False,False,False,False,False,False,False,False,737856,0.2178572416305542,0.24158113834924483,0.20014763926831253,0.00038822233634254325,-0.003916405399066905,-0.001746956102606917,0.21785723031249665,0.10025458121268073,0.11262678835662888,0.08907374812967822,0.0013919023512615311,-0.0015623753936360274,-9.806206236490089e-05,0.10025458121268073,0.910455926810778,1.087475512656775,0.7932637562881538,0.0036258109006194763,-0.026147144612815358,-0.010389505099476337,0.910455926810778,1.0080836852453454,0.00924441741539539,3.6188647459286725,3.843946063808575,3.4065065561228587,0.026756723335982,-0.06486690383055099,-0.01871665944041201,3.6188647459286725,0.19436299800872803,0.26189911365509033,1.0150185126835214,0.0167617865317109,False,False,45.0
timesfm3,monash_london_smart_meters,London Smart Meters,14,L14,block,block_depth,True,14,0.7,0.7,False,False,False,False,False,False,False,False,False,False,False,737856,0.21810808777809143,0.2418913403860087,0.20038381530156799,9.165236456236647e-06,-0.004036248935997953,-0.001997804468255926,0.21810807867814566,0.10000406822734452,0.11241376832309957,0.08886801866692273,0.0014652069217485138,-0.0012028034337427048,0.0001524509229713089,0.10000406822734452,0.9105905180756183,1.088450529693996,0.7924473384507486,0.004230589894841549,-0.02859028497683051,-0.010524096364316615,0.9105905180756183,1.0092444174153954,0.00924441741539539,3.6223405117027423,3.855336865556414,3.406022667338344,0.01861613506695796,-0.0653044696449063,-0.022192425214481837,3.6223405117027423,0.1936512142419815,0.2623489201068878,1.016761786531711,0.0167617865317109,False,False,45.0
timesfm3,monash_london_smart_meters,London Smart Meters,15,L15,block,block_depth,True,15,0.75,0.75,False,False,False,False,False,False,False,True,False,False,False,737856,0.21721310913562775,0.24069485151216044,0.19947177093149027,0.0006880626995969402,-0.0029095614030388607,-0.0011028389496202662,0.21721311315951,0.10032179084915105,0.11303119590956691,0.08905896141457816,0.0010085861216370768,-0.0013995143325243918,-0.00016527169883522042,0.10032179084915105,0.9069937803731002,1.0828030195380738,0.7906027353196419,0.005390201399957775,-0.021695902820910884,-0.0069273586617984995,0.9069937803731002,1.0051031120295473,0.005103112029547274,3.623692703277393,3.8703672415042645,3.396851582057431,0.013192180407444904,-0.06102905822245643,-0.023544616789132444,3.623692703277393,0.19399939477443695,0.2602922320365906,1.0087908681233488,0.008790868123348838,False,False,45.0
timesfm3,monash_london_smart_meters,London Smart Meters,16,L16,block,block_depth,True,16,0.8,0.8,False,False,False,False,False,False,False,False,False,False,False,737856,0.2163698673248291,0.2403163101296616,0.19851654173365532,0.001409195308424245,-0.0018884601963698234,-0.0002595783559648235,0.21636985256585456,0.09971567106874754,0.11215963159217973,0.08860715914878375,0.0017291890799982172,-0.0007663792417138389,0.0004408480815682875,0.09971567106874754,0.9021896332916849,1.0797808456763505,0.7861661329062102,0.009163455228906518,-0.014031948479805424,-0.0021232115803831997,0.9021896332916849,1.001201206791876,0.001201206791876075,3.599692897498583,3.82686515658097,3.385465462105414,0.03770197222515756,-0.037290750255946546,0.00045518898967733534,3.599692897498583,0.1938473880290985,0.26017633080482483,1.0083416802882195,0.008341680288219466,False,False,45.0
timesfm3,monash_london_smart_meters,London Smart Meters,17,L17,block,block_depth,True,17,0.85,0.85,False,False,False,False,False,False,False,False,False,False,False,737856,0.2155289351940155,0.2393057795497411,0.1977939472526653,0.0020746345422053124,-0.0009163506300622285,0.000581328977496548,0.2155289452323932,0.09938632140083234,0.1120195567421383,0.08823268752048025,0.0018681849226304004,-0.0003155772249406056,0.0007701977494834894,0.09938632140083234,0.8986786858863568,1.0745665874268426,0.7832013428819183,0.011912600645765938,-0.00975912450588296,0.0013877358249448912,0.8986786858863568,0.9973099890608198,0.0,3.5863139728641267,3.81987241070367,3.3693420778741565,0.04519478365165399,-0.01987569784551737,0.013834113624133781,3.5863139728641267,0.19481945037841797,0.2586788833141327,1.0025381595980896,0.002538159598089562,False,False,45.0
timesfm3,monash_london_smart_meters,London Smart Meters,18,L18,block,block_depth,True,18,0.9,0.9,False,False,False,False,False,False,False,False,False,False,False,737856,0.21461740136146545,0.23849574855265726,0.1969951342499836,0.0027587650023855616,0.00024847881584109255,0.0014928834555485715,0.21461739075434116,0.09971960738802961,0.11240945692624349,0.08846759900493649,0.0014455000150067356,-0.0005425463797134777,0.0004369117622862184,0.09971960738802961,0.8961833631619746,1.0702547285228834,0.7815585185780625,0.012893658330906471,-0.0042270483464563165,0.003883058549327134,0.8961833631619746,0.9930920783856211,0.0,3.568510611517559,3.79756902390402,3.354357681114977,0.061873149327305546,0.0024692288996659207,0.03163747497070135,3.568510611517559,0.19491888582706451,0.256597638130188,0.9944720674236831,0.0,False,False,45.0
timesfm3,monash_london_smart_meters,London Smart Meters,19,L19,block,block_depth,True,19,0.95,0.95,False,False,False,False,False,False,False,False,False,False,False,737856,0.21334417164325714,0.23725337197805063,0.19544199708465287,0.003714680807124678,0.0018187796178039054,0.002766112818290256,0.21334416139159948,0.09885532666253773,0.11133094818380529,0.08769393483125355,0.0021320182648435918,0.0005160619526767329,0.0013011924877781023,0.09885532666253773,0.8902972308807727,1.0637529522690545,0.7746531982267003,0.01699817519511687,0.0029414386638941165,0.009769190830528962,0.8902972308807727,0.9872005041745056,0.0,3.5506295407272237,3.7824701997167853,3.336457179601278,0.07107823023113652,0.027933458720003634,0.04951854576103676,3.5506295407272237,0.19491301476955414,0.2544254958629608,0.9860536937123405,0.0,False,False,45.0
timesfm3,monash_london_smart_meters,London Smart Meters,20,L20,block,block_depth,True,20,1.0,1.0,False,True,True,False,False,False,False,False,False,False,False,737856,0.21611027419567108,0.23993011107881557,0.19834209212620976,0.0,0.0,0.0,0.21611027420988974,0.10015651915031583,0.11287414765784588,0.0887854873414053,0.0,0.0,0.0,0.10015651915031583,0.9000664217113017,1.0745784966992267,0.7844417778742283,0.0,0.0,0.0,0.9000664217113017,1.0,0.0,3.6001480864882605,3.837846565691093,3.378097228856277,0.0,0.0,0.0,3.6001480864882605,0.1911904662847519,0.2580239772796631,1.0,0.0,False,False,45.0
timesfm3,m5,M5,0,Emb,embedding,block_depth,True,0,0.0,0.0,True,False,False,False,False,True,True,False,False,True,True,737856,0.3018242120742798,0.31850022741643186,0.2862501589496058,-0.005824984578799638,-0.011721420103243273,-0.008567011666320679,0.30182422416014526,1.0621900359920533,1.25558626426496,0.9004989299039197,0.006997168516319995,-0.03219001896399741,-0.013878107974831133,1.0621900359920533,1.1133023948014138,1.2394522718696475,1.0067614963137361,-0.01743411795875556,-0.05144931266674794,-0.03326600236148902,1.1133023948014138,1.0292132817226365,0.029213281722636486,5.4377110895872445,6.197828036206559,4.841768961326706,-0.047784063097762106,-0.17978497938817423,-0.10817991731394994,5.4377110895872445,0.26018205285072327,0.2861891984939575,1.0318393398233512,0.03183933982335119,False,False,65.0
timesfm3,m5,M5,1,L1,block,block_depth,True,1,0.05,0.05,False,False,False,False,True,False,False,False,True,False,False,737856,0.2954966723918915,0.31220302928011606,0.2796163516449706,0.00019055432355646033,-0.005009076906766255,-0.002239475595473328,0.2954966880892979,1.0554208099622346,1.246851026029669,0.8952047904994859,0.0101602672048086,-0.022781212790707356,-0.0071088819450124685,1.0554208099622346,1.0910184723927576,1.213404666783395,0.9865505029725901,0.002042957685352851,-0.026502860400200046,-0.010982079952832846,1.0910184723927576,1.0076365240563618,0.0076365240563618375,5.362439480030557,6.106838439741126,4.787236586112329,0.032503897041865994,-0.09771602862071198,-0.03290830775726228,5.362439480030557,0.24661020934581757,0.28021690249443054,1.0103065566372251,0.014918552425160714,False,False,45.0
timesfm3,m5,M5,2,L2,block,block_depth,True,2,0.1,0.1,False,False,False,True,False,False,False,False,False,False,False,737856,0.2945881485939026,0.3113680070788663,0.2785184080477889,0.001196105146553127,-0.004325901024498556,-0.0013309663005230399,0.2945881787943476,1.06232435774656,1.2568902208818495,0.9005225057856803,0.003906624351512952,-0.030760631130939846,-0.014012429729337805,1.06232435774656,1.1014264017120003,1.2248975458121723,0.9967529606669161,-0.006247329071342282,-0.03927629671082342,-0.021390009272075572,1.1014264017120003,1.0045384798231802,0.005633491357132314,5.377742280634172,6.113062795590139,4.808239967245186,0.009755524089966394,-0.10458376813192391,-0.04821110836087783,5.377742280634172,0.24169085919857025,0.2786042392253876,1.004492188339458,0.014918552425160714,False,False,65.0
timesfm3,m5,M5,3,L3,block,block_depth,True,3,0.15,0.15,False,False,False,False,False,False,False,False,False,False,False,737856,0.2934538424015045,0.3101938405198592,0.2775072845218006,0.002351108742238008,-0.0031068008122894356,-0.00019661357043354588,0.2934538260642581,1.0564913874421267,1.2493377616918402,0.8956075297939627,0.006768807483605551,-0.022692689081174118,-0.0081794594249045,1.0564913874421267,1.0953338792755545,1.2195292387251915,0.9894364168107593,-0.0012866837276433716,-0.031727309142080204,-0.015297486835629703,1.0953338792755545,1.00067052307202,0.005633491357132314,5.345215992985541,6.075281185341798,4.780705768869526,0.04548787417749426,-0.07293172642084791,-0.01568482071224686,5.345215992985541,0.23594772815704346,0.2778880298137665,1.0019099348849203,0.014918552425160714,False,False,65.0
timesfm3,m5,M5,4,L4,block,block_depth,True,4,0.2,0.2,False,False,False,False,False,False,False,False,False,False,False,737856,0.2935066819190979,0.31020872485646195,0.27761061898724154,0.0023187988914037607,-0.003211887925863237,-0.00024947013620657543,0.29350668263003116,1.0677090068503567,1.2651656498416235,0.9048581569510631,-0.006367743505671982,-0.03344756684220767,-0.019397078833134573,1.0677090068503567,1.106896299509951,1.2319777280445903,1.0004163740755059,-0.010668492320470273,-0.04539029879573005,-0.026859907070026168,1.106896299509951,1.0008507045522703,0.005633491357132314,5.367164234749534,6.098958389132822,4.800810415315887,0.017757501131182893,-0.09334990342744612,-0.037633062476239765,5.367164234749534,0.23977899551391602,0.2779224216938019,1.002033932907829,0.014918552425160714,True,False,90.0
timesfm3,m5,M5,5,L5,block,block_depth,True,5,0.25,0.25,False,False,False,False,False,False,False,False,False,False,False,737856,0.29379549622535706,0.3101344490047004,0.2780804645174133,0.001897553485668926,-0.0034119466444093747,-0.0005382744325254096,0.29379548692635,1.0603370921003215,1.2548764496717404,0.8988929400176582,-0.0003808207855554045,-0.02367485261649889,-0.012025164083099282,1.0603370921003215,1.1031596138515518,1.225933854861043,0.9985460362491264,-0.00792373529442123,-0.04088148980673592,-0.023123221411627037,1.1031596138515518,1.001835554369025,0.005633491357132314,5.36632150191164,6.093287416220539,4.804065935236365,0.0269762008659642,-0.09841779984567611,-0.03679032963834583,5.36632150191164,0.2406960427761078,0.27912193536758423,1.0063587131712979,0.014918552425160714,True,False,90.0
timesfm3,m5,M5,6,L6,block,block_depth,True,6,0.3,0.3,False,False,False,False,False,False,False,False,False,False,False,737856,0.2930832505226135,0.30954035693274823,0.27762631196599763,0.002253600945056393,-0.002162197465432519,0.00017396650696527294,0.2930832459868593,1.0620958757545955,1.2626460701982813,0.8976665381277129,-0.0015647408828001284,-0.02724352761988962,-0.013783947737373348,1.0620958757545955,1.093692469658159,1.217462357175978,0.9882854058263895,-0.0017227996683020495,-0.028115655118485305,-0.013656077218234142,1.093692469658159,0.999406813705459,0.005633491357132314,5.356784640653111,6.074458339487724,4.811091840961543,0.03736567768492066,-0.09204788221397635,-0.02725346837981668,5.356784640653111,0.23470839858055115,0.2788306176662445,1.0053083832978746,0.014918552425160714,False,False,65.0
timesfm3,m5,M5,7,L7,block,block_depth,True,7,0.35,0.35,False,False,False,False,False,False,False,False,False,False,False,737856,0.2931750416755676,0.3097891498214871,0.27741012165059853,0.0022540295539238975,-0.0025295414329143642,8.21653440708503e-05,0.29317504714975373,1.061394932468962,1.2598337555071948,0.8974695317511944,-0.0002629273967025463,-0.027984742815846987,-0.013083004451739821,1.061394932468962,1.1013547329373332,1.225448035252441,0.9943083808656594,-0.007112064552781963,-0.03802432621326196,-0.02131834049740844,1.1013547329373332,0.9997198193225888,0.005633491357132314,5.367041427056664,6.08258340648985,4.802590425100599,0.018828594086742242,-0.08938092051768891,-0.03751025478336967,5.367041427056664,0.23988434672355652,0.27919870615005493,1.0066355059849998,0.014918552425160714,True,False,90.0
timesfm3,m5,M5,8,L8,block,block_depth,True,8,0.4,0.4,False,False,False,False,False,False,False,False,False,False,False,737856,0.2928287386894226,0.30939386300102784,0.2771400957514055,0.0026077768861366064,-0.0021531706021828134,0.00042846235837645796,0.2928287501354481,1.0683966533705254,1.2726033132059016,0.9010760801035755,-0.005341272021268607,-0.038787413614650976,-0.02008472535330319,1.0683966533705254,1.099656906371431,1.2239724978529705,0.9930581250963141,-0.005681599461687165,-0.03608068272847852,-0.01962051393150621,1.099656906371431,0.9985389344943267,0.005633491357132314,5.376880265424855,6.0744423247110495,4.8296198566380175,0.020036236251811328,-0.10585492453049816,-0.04734909315156077,5.376880265424855,0.2402358055114746,0.27894556522369385,1.0057228203640427,0.014918552425160714,True,False,90.0
timesfm3,m5,M5,9,L9,block,block_depth,True,9,0.45,0.45,False,False,False,False,False,False,False,False,False,False,False,737856,0.2929475009441376,0.30954334841870507,0.27726028620457377,0.0023811943772184796,-0.0021221297359420824,0.00030971413748409615,0.2929474983563405,1.0593708102464392,1.2619752308521164,0.8927861828001677,0.002710870544500334,-0.0267559055492581,-0.011058882229217026,1.0593708102464392,1.0877348450917579,1.213100719958208,0.9824513051958805,0.004056665758388114,-0.022673416346500875,-0.00769845265183311,1.0877348450917579,0.9989439109177883,0.005633491357132314,5.367688069894568,6.070416616961575,4.818396198427667,0.026128555180311017,-0.09525387940136451,-0.03815689762127317,5.367688069894568,0.23486271500587463,0.2791648507118225,1.0065134420733672,0.014918552425160714,False,False,65.0
timesfm3,m5,M5,10,L10,block,block_depth,True,10,0.5,0.5,False,False,False,False,False,False,False,False,False,False,False,737856,0.2931111454963684,0.3097470760110851,0.277307787460083,0.002259513780204492,-0.0023426912977353013,0.00014607760458046348,0.2931111348892441,1.0709550439370727,1.2736581822282114,0.903884610330822,-0.008944155461624187,-0.039348329969400464,-0.022643115919850576,1.0709550439370727,1.1070301345850424,1.2313722897775223,1.0010656795359156,-0.012677591548105554,-0.0441771822512371,-0.026993742145117627,1.1070301345850424,0.9995019348930024,0.005633491357132314,5.367714926507998,6.079957253064612,4.8077141102641425,0.015491985679682274,-0.08538565366456692,-0.038183754234703216,5.367714926507998,0.2411489188671112,0.27919507026672363,1.0066223970085746,0.014918552425160714,True,False,90.0
timesfm3,m5,M5,11,L11,block,block_depth,True,11,0.55,0.55,False,False,False,False,False,False,False,False,False,False,False,737856,0.29274433851242065,0.3094995666302399,0.27704765315501745,0.002650346069859735,-0.00205984988982099,0.0005128877735092185,0.29274432472031536,1.0637150713137822,1.269308360466701,0.8945409898320172,0.0019589722023570007,-0.03855339227233077,-0.015403143296560007,1.0637150713137822,1.0913880075249502,1.2158335975524226,0.9856953438690762,0.0013248153979716281,-0.02721191457306311,-0.011351615085025468,1.0913880075249502,0.998251131926888,0.005633491357132314,5.39444447816571,6.064683917915835,4.874671606038912,0.024568726917211795,-0.14233094419913342,-0.06491330589241517,5.39444447816571,0.23500877618789673,0.27926477789878845,1.006873724023811,0.014918552425160714,False,False,65.0
timesfm3,m5,M5,12,L12,block,block_depth,True,12,0.6,0.6,False,False,False,False,False,False,False,False,False,False,False,737856,0.2924262583255768,0.3091757863265896,0.2767742408485728,0.0030194717370513897,-0.0017900525243910268,0.0008309832880742385,0.29242622920575034,1.0707536867776775,1.2807992957641567,0.897681873547929,-0.005036935509566521,-0.044426443192658364,-0.022441758760455288,1.0707536867776775,1.0911572829361342,1.2161439138357537,0.9862727503103476,0.0025846707801277617,-0.02863008932984485,-0.011120890496209457,1.0911572829361342,0.9971664861633733,0.005633491357132314,5.400085556381567,6.0692857544500125,4.880701480723564,0.015309558421926764,-0.1476235117491585,-0.07055438410827275,5.400085556381567,0.23408611118793488,0.2785128653049469,1.0041627447188017,0.014918552425160714,False,False,65.0
timesfm3,m5,M5,13,L13,block,block_depth,True,13,0.65,0.65,False,False,False,False,False,False,False,False,False,False,False,737856,0.2927236258983612,0.3092637173856345,0.2770645208567921,0.0025803585270177923,-0.0017921940487532109,0.0005336005013180101,0.29272361199250657,1.0683830895263642,1.274519693058352,0.8989836080243346,-0.004914010922284592,-0.038385828359398744,-0.02007116150914201,1.0683830895263642,1.0951286334503039,1.2195822198713233,0.9894045637556373,-0.002275233631178902,-0.03085065147260289,-0.015092241010379093,1.0951286334503039,0.9981805024126331,0.005633491357132314,5.388093015649799,6.072685932910412,4.859441602173509,0.017354323654017526,-0.12714969794389325,-0.05856184337650472,5.388093015649799,0.23614554107189178,0.27876684069633484,1.005078438957299,0.014918552425160714,False,False,65.0
timesfm3,m5,M5,14,L14,block,block_depth,True,14,0.7,0.7,False,False,False,False,False,False,False,False,False,False,False,737856,0.292974054813385,0.3094860787802013,0.27740036354023423,0.002372900538772131,-0.0021075310480588943,0.00028317204129146845,0.2929740404525331,1.0709701008546681,1.2782681748580578,0.9006854630373654,-0.006144606930355827,-0.04200297614209612,-0.022658172837445978,1.0709701008546681,1.0991868423257105,1.2227473713732835,0.9935416047627116,-0.005892916191091892,-0.03491147856633332,-0.019150449885785736,1.0991868423257105,0.9990344589713152,0.005633491357132314,5.402997973662228,6.085709601049813,4.8804191887047255,0.008812540769980486,-0.15527823842239744,-0.07346680138893369,5.402997973662228,0.24189332127571106,0.2786043584346771,1.0044926181419638,0.014918552425160714,True,False,90.0
timesfm3,m5,M5,15,L15,block,block_depth,True,15,0.75,0.75,False,False,False,False,False,False,False,False,False,False,False,737856,0.2927839159965515,0.3093269375184878,0.2772712637663229,0.002541924521099479,-0.0018518392259667255,0.0004732977627343038,0.2927839147310903,1.0683491448192344,1.2749213020161643,0.89663583158687,-0.0035938247727870937,-0.03920334389120428,-0.020037216802012203,1.0683491448192344,1.0901921774569432,1.212961743721951,0.9855705029955151,0.002162032195831594,-0.0245519647607635,-0.010155785017018415,1.0901921774569432,0.9983860901929751,0.005633491357132314,5.392965472269408,6.073866187378157,4.873392904381811,0.02344048478102368,-0.1484946958391097,-0.06343429999611327,5.392965472269408,0.23654358088970184,0.2784501314163208,1.0039365611501514,0.014918552425160714,False,False,65.0
timesfm3,m5,M5,16,L16,block,block_depth,True,16,0.8,0.8,False,False,False,False,False,False,False,False,False,False,False,737856,0.2922409176826477,0.30863131640358105,0.2766296450564112,0.0029541071945133075,-0.0011005760049660862,0.001016288825118783,0.2922409236687058,1.0669074938192324,1.275557027409199,0.8964011950355262,-0.0010207608911707718,-0.04202302100460148,-0.018595565802010272,1.0669074938192324,1.0921790656174717,1.2147887660067773,0.9876594616516317,-0.0002813078848346298,-0.025767460529733933,-0.012142673177546914,1.0921790656174717,0.9965344790422922,0.005633491357132314,5.365884532125933,6.056314032471369,4.835916693172955,0.04284489744851295,-0.11271589630600551,-0.036353359852638434,5.365884532125933,0.2365994155406952,0.2780309319496155,1.0024251606386865,0.014918552425160714,False,False,65.0
timesfm3,m5,M5,17,L17,block,block_depth,True,17,0.85,0.85,False,False,False,False,False,False,False,False,False,False,False,737856,0.29338452219963074,0.3095076356875845,0.27818659561480047,0.001420555641974208,-0.0016501857252180202,-0.00012733463112635235,0.29338454712495093,1.0821784339246932,1.292435664691426,0.9094569138644168,-0.017449662004427085,-0.054176274228273424,-0.03386650590747098,1.0821784339246932,1.117269504453093,1.2396676158580435,1.0136028083678468,-0.024795249237917778,-0.050251448700873155,-0.037233112013168146,1.117269504453093,1.0004341428559669,0.005633491357132314,5.378438207920082,6.082606795668751,4.849145610226171,0.027116114861949592,-0.12873726527114904,-0.048907035646787556,5.378438207920082,0.24512095749378204,0.2794145941734314,1.0074138783229105,0.014918552425160714,True,False,90.0
timesfm3,m5,M5,18,L18,block,block_depth,True,18,0.9,0.9,False,False,False,False,False,False,False,False,False,False,False,737856,0.2937644124031067,0.30986648227927055,0.2787289895021307,0.0009560839635611521,-0.001872833461308783,-0.0005072300670711516,0.29376444256089573,1.0533861303819463,1.2459120363680183,0.8929394833858317,0.012148573890121802,-0.022343898312251125,-0.005074202364724112,1.0533861303819463,1.0926336275049522,1.213785857238197,0.9913798489983826,-0.00487904640505945,-0.019895274403735026,-0.012597235065027412,1.0926336275049522,1.0017295592850424,0.005633491357132314,5.323410752607695,6.05960247638855,4.770550441655135,0.08558682445214212,-0.06825404649833235,0.006120419665599286,5.323410752607695,0.24597957730293274,0.2802523076534271,1.0104342079814326,0.014918552425160714,False,False,65.0
timesfm3,m5,M5,19,L19,block,block_depth,True,19,0.95,0.95,False,False,False,False,False,False,False,False,False,False,False,737856,0.29490926861763,0.31086767549832695,0.27990335158022644,-0.00033033234209449446,-0.0028536429255489977,-0.001652057858482603,0.2949092703523072,1.047375866789992,1.2378612520128442,0.8897949620662665,0.01156019499285246,-0.008158200396812199,0.0009360612272302227,1.047375866789992,1.0980420346435893,1.2206495069983336,0.9969609356272943,-0.009789016476444987,-0.026093991726804745,-0.018005642203664518,1.0980420346435893,1.0056334913571323,0.005633491357132314,5.3092841837145315,6.059213908726542,4.735922400465386,0.08033315302916111,-0.03421662105144359,0.020246988558763057,5.3092841837145315,0.24976803362369537,0.2814960777759552,1.0149185524251607,0.014918552425160714,False,False,65.0
timesfm3,m5,M5,20,L20,block,block_depth,True,20,1.0,1.0,False,True,True,False,False,False,False,True,False,False,False,737856,0.2932572066783905,0.3097092167861788,0.2778977035903834,0.0,0.0,0.0,0.2932572124938246,1.0483119280172222,1.2428611135331356,0.8878794526282335,0.0,0.0,0.0,1.0483119280172222,1.0800363924399248,1.2030227193605598,0.9773580630370728,0.0,0.0,0.0,1.0800363924399248,1.0,0.0,5.3295311722732945,6.065771413343974,4.755419009133762,0.0,0.0,0.0,5.3295311722732945,0.24471859633922577,0.2773582935333252,1.0,0.0,False,False,65.0
timesfm3,wiki_daily_100k,Wiki Daily,0,Emb,embedding,block_depth,True,0,0.0,0.0,True,False,False,False,False,True,True,False,False,True,True,737856,0.2628377079963684,0.2844295831631784,0.24199716044227298,-0.009634931182723395,-0.021750922369209072,-0.015407802003883697,0.2628376963086256,46.10770426135655,62.775625259923274,32.130894837977095,-0.023520478393144306,-18.452011915721908,-8.160330206424703,46.10770426135655,0.9602535767857419,1.0453598278527212,0.8817183976325675,-0.04950304740643832,-0.14330654214032282,-0.09157429803582795,0.9602535767857419,1.062271375522893,0.06227137552289297,2.4735146774194847,3.25862186192902,1.911763383317567,0.04807369590319925,-1.040679753103649,-0.40977652777782314,2.4735146774194847,0.2814487814903259,0.26614177227020264,1.023159104139606,0.02315910413960598,False,False,30.0
timesfm3,wiki_daily_100k,Wiki Daily,1,L1,block,block_depth,True,1,0.05,0.05,False,False,False,False,False,False,False,False,False,False,False,737856,0.2570072114467621,0.27854722096044426,0.23630450485089352,-0.004767015728680062,-0.014817486378321598,-0.009577318393262757,0.25700721269800464,41.6437610107629,55.744420866261805,29.618758751035795,2.8377841797244887,-10.399058492704789,-3.696386955831052,41.6437610107629,0.9201208663519915,0.9957569162988095,0.8493531009012917,-0.020642468378926332,-0.08738908775195177,-0.05144158760207762,0.9201208663519915,1.038707140250314,0.038707140250314076,2.2682091528042854,2.885957591308212,1.8032408272858198,0.1869946903453587,-0.6608529009735562,-0.2044710031626238,2.2682091528042854,0.2661415636539459,0.2654608190059662,1.0205412380081302,0.020541238008130236,False,False,30.0
timesfm3,wiki_daily_100k,Wiki Daily,2,L2,block,block_depth,True,2,0.1,0.1,False,False,False,False,True,False,False,False,True,False,False,737856,0.2552490830421448,0.27722885628330396,0.23453894223633953,-0.0032994787400687973,-0.012748056671311998,-0.007819182004864866,0.25524907630960675,43.043023306419514,58.39648879521651,30.113567665716168,0.9342060188825627,-13.139339748203279,-5.095649251487664,43.043023306419514,0.9182162776861362,0.9955748380036938,0.845203583720791,-0.015483941427168631,-0.09371161975999046,-0.04953699893622232,0.9182162776861362,1.031601578826287,0.03467190693741662,2.333985229130659,2.9946532241930433,1.8459930683332249,0.07098957925218624,-0.7623021225386328,-0.2702470794889975,2.333985229130659,0.2591111958026886,0.26520439982414246,1.0195554565649503,0.01955545656495028,False,False,45.0
timesfm3,wiki_daily_100k,Wiki Daily,3,L3,block,block_depth,True,3,0.15,0.15,False,False,False,False,False,False,False,False,False,False,False,737856,0.2556222677230835,0.27769095048251496,0.23476866049592504,-0.0034561240437746064,-0.01353356651250871,-0.00819238012955159,0.2556222744342935,45.25217433672419,61.80076509145524,31.388268099213356,-0.9097005687331725,-16.28202188318265,-7.304800281792339,45.25217433672419,0.9268168357001279,1.0072592542054797,0.8519888323664037,-0.021612678449073882,-0.10612893061359893,-0.05813755695021394,0.9268168357001279,1.0331098228578104,0.03467190693741662,2.417324785918948,3.1549954781425593,1.8839192942161829,0.02874474827074798,-0.9285175413666462,-0.35358663627728637,2.417324785918948,0.25884923338890076,0.2651398777961731,1.0193074071897197,0.01945738253945506,False,False,65.0
timesfm3,wiki_daily_100k,Wiki Daily,4,L4,block,block_depth,True,4,0.2,0.2,False,False,False,False,False,False,False,False,False,False,False,737856,0.2560087740421295,0.27794208322644576,0.23517704518291502,-0.0040536334613722105,-0.01356543390887242,-0.008578847404142831,0.2560087417088847,45.09147881127754,60.748417026830275,31.71866922779221,-0.7767327517781164,-15.086953794249355,-7.1441047563456905,45.09147881127754,0.9277200512555421,1.0035732436631595,0.855117763465052,-0.02687418820027546,-0.09975883805145015,-0.059040772505628225,0.9277200512555421,1.0346719069374166,0.03467190693741662,2.41340420981483,3.088448003652497,1.9089067535851496,0.016298467584385155,-0.8426454063329449,-0.34966606017316826,2.41340420981483,0.25671181082725525,0.2651788890361786,1.019457382539455,0.01945738253945506,False,False,65.0
timesfm3,wiki_daily_100k,Wiki Daily,5,L5,block,block_depth,True,5,0.25,0.25,False,False,False,False,False,False,False,False,False,False,False,737856,0.25444743037223816,0.27661201362498106,0.23347963169928043,-0.0028801677858755516,-0.011655306814501493,-0.007017548892732317,0.2544474431974742,46.134516708941376,62.55215347393807,32.0677671091251,-2.076911047823311,-15.762565825871945,-8.187142654009527,46.134516708941376,0.9281269216118893,1.0036927612379976,0.8566495402420631,-0.027771974497486387,-0.097400796907069,-0.05944764286197535,0.9281269216118893,1.0283616605860737,0.0283616605860737,2.385765261256291,3.0174229501305088,1.8952631817176318,-0.006663268818471613,-0.7313454347781635,-0.3220271116146294,2.385765261256291,0.2620197534561157,0.2633926272392273,1.0125902530229658,0.012590253022965792,True,False,90.0
timesfm3,wiki_daily_100k,Wiki Daily,6,L6,block,block_depth,True,6,0.3,0.3,False,False,False,True,False,False,False,True,False,False,False,737856,0.2539583742618561,0.276129073509591,0.23311635005636183,-0.0026745688008457326,-0.010613961217796997,-0.0065284703168591585,0.25395836462160104,46.75747504912663,63.00919646255327,32.6817441682379,-2.555356553852529,-16.340089234854567,-8.810100994194784,46.75747504912663,0.9313803671552703,1.006075840309098,0.8617651484471339,-0.031202134325595123,-0.0997828776507196,-0.06270108840535638,0.9313803671552703,1.0263851165390123,0.02638511653901232,2.397941832249378,3.0144456599945184,1.9127524815508685,-0.02722559034060431,-0.7113834905325097,-0.3342036826077166,2.397941832249378,0.2613256871700287,0.26251891255378723,1.0092313322222095,0.00923133222220951,True,False,90.0
timesfm3,wiki_daily_100k,Wiki Daily,7,L7,block,block_depth,True,7,0.35,0.35,False,False,False,False,False,False,False,False,False,False,False,737856,0.2516166865825653,0.2737512965302715,0.23079371080335712,-0.001049989895923602,-0.007503090095386364,-0.004186788538314445,0.2516166828430563,45.873565797613495,62.02253890150645,31.721603914142335,-2.4707695493257615,-14.835302006529815,-7.926191742681645,45.873565797613495,0.9126566235106915,0.9821917594953858,0.8482121855287851,-0.021642696675852204,-0.06774968618220861,-0.04397734476077764,0.9126566235106915,1.0169210719348813,0.01692107193488135,2.3489085126985865,2.945064680949481,1.8754535275332735,-0.027058819179091597,-0.6195934718352647,-0.2851703630569249,2.3489085126985865,0.25909560918807983,0.2614028751850128,1.0049408227517074,0.0058311653359648385,True,False,90.0
timesfm3,wiki_daily_100k,Wiki Daily,8,L8,block,block_depth,True,8,0.4,0.4,False,False,False,False,False,False,False,False,False,False,False,737856,0.25090187788009644,0.27310054231868724,0.2300044746856198,-0.000458983543065889,-0.006609937444130227,-0.0034719921492096795,0.25090188645395156,44.98408715251397,61.459876706420715,30.98204687437058,-2.2232954177613236,-13.695295832009345,-7.036713097582123,44.98408715251397,0.9047788298361074,0.9732733857129683,0.8408085182614868,-0.01614873689687508,-0.05666124525161492,-0.03609955108619345,0.9047788298361074,1.0140321378112516,0.015883295974522982,2.3112970377089086,2.8897484597043914,1.8540524097315285,-0.020980918086915774,-0.5538979508916095,-0.24755888806724702,2.3112970377089086,0.2594890296459198,0.26074761152267456,1.002421718080485,0.0058311653359648385,True,False,90.0
timesfm3,wiki_daily_100k,Wiki Daily,9,L9,block,block_depth,True,9,0.45,0.45,False,False,False,False,False,False,False,False,False,False,False,737856,0.2503575086593628,0.27239649191726256,0.2293788741815494,0.00011583078290047911,-0.006079709285137938,-0.0029276002354863273,0.2503574945402282,42.42363391887252,56.636167704199565,29.805818080904327,-0.11433912159709332,-9.387182989004142,-4.476259863940669,42.42363391887252,0.8951456313237119,0.9634526067957933,0.8314900584603973,-0.007495386016758987,-0.046217666204177194,-0.026466352573798035,0.8951456313237119,1.0118320431394892,0.015883295974522982,2.2511464079582173,2.8028327184800124,1.8150034740660224,0.0506330531495454,-0.4840457855847013,-0.18740825831655572,2.2511464079582173,0.25126421451568604,0.2604602873325348,1.0013171249966057,0.0058311653359648385,False,False,65.0
timesfm3,wiki_daily_100k,Wiki Daily,10,L10,block,block_depth,True,10,0.5,0.5,False,False,False,False,False,False,False,False,False,False,False,737856,0.25072258710861206,0.27295160333746826,0.22971476634701302,-0.0002594234960381221,-0.006401102700384455,-0.0032926786136422415,0.2507225729183841,43.307350491738895,58.45694207861565,30.044820773194004,-0.9824815286619957,-10.979203736412696,-5.359976436807045,43.307350491738895,0.8903731059151357,0.9590626021526394,0.8264579589909552,-0.004057372404434927,-0.03875215473036095,-0.021693827165221835,0.8903731059151357,1.0133075254415305,0.015883295974522982,2.283024556532085,2.8458393722089457,1.8393462791051565,0.02713355457498988,-0.5223400255900448,-0.21928640689042345,2.283024556532085,0.2508602738380432,0.2607438266277313,1.0024071673781043,0.0058311653359648385,False,False,65.0
timesfm3,wiki_daily_100k,Wiki Daily,11,L11,block,block_depth,True,11,0.55,0.55,False,False,False,False,False,False,False,False,False,False,False,737856,0.2513599097728729,0.2735362379769048,0.2303198274537807,-0.0007519240983413942,-0.007182263751791513,-0.0039299945098184574,0.25135988881456034,43.12401729084492,58.330460393973276,29.784961456698785,-1.1368449494222832,-10.356993663911167,-5.176643235913069,43.12401729084492,0.8929750702407455,0.962092570210016,0.8290376593851446,-0.0063223543075311165,-0.04216844599853176,-0.02429579149083161,0.8929750702407455,1.015883295974523,0.015883295974522982,2.316142955751256,2.8980642597810418,1.861481715846694,-0.020984102817437705,-0.5678674228140277,-0.2524048061095945,2.316142955751256,0.25119930505752563,0.2615942358970642,1.0056764925153823,0.0058311653359648385,False,False,65.0
timesfm3,wiki_daily_100k,Wiki Daily,12,L12,block,block_depth,True,12,0.6,0.6,False,False,False,False,False,False,False,False,False,False,False,737856,0.25077253580093384,0.2728302148497798,0.22999856472157568,-0.0002825185807620804,-0.0065503864629080505,-0.003342667416818712,0.2507725617215606,43.14762165730032,58.31886929199152,29.98157859150915,-1.0306737384516185,-10.484202933368993,-5.200247602368471,43.14762165730032,0.8918881283247515,0.9591617648345451,0.8285934161799272,-0.0049403204046684366,-0.04150199963733561,-0.023208849574837598,0.8918881283247515,1.0135093955099568,0.013509395509956779,2.323683585125991,2.8977519784528574,1.8726864503863492,-0.019962696985297183,-0.5771780315153794,-0.2599454354843296,2.323683585125991,0.2506631910800934,0.2616252303123474,1.0057956478734607,0.0058311653359648385,False,False,65.0
timesfm3,wiki_daily_100k,Wiki Daily,13,L13,block,block_depth,True,13,0.65,0.65,False,False,False,False,False,False,False,False,False,False,False,737856,0.24974185228347778,0.27186374394685203,0.22915253574064157,0.0006831771571487499,-0.005274323022121016,-0.002311952732048428,0.2497418470367903,43.44024570401499,59.18148018663296,29.786134519858546,-1.643872245597644,-10.93170658381033,-5.492871649083142,43.44024570401499,0.8868912635572865,0.9535937715793168,0.8244703901976825,-0.0012256886923238174,-0.034790772751885635,-0.018211984807372628,0.8868912635572865,1.0093438379643402,0.00934383796434024,2.3153252285274686,2.8909888461210533,1.858830486508905,-0.05167347920660699,-0.5388996979215307,-0.251587078885807,2.3153252285274686,0.2504080832004547,0.2616344690322876,1.0058311653359648,0.0058311653359648385,False,False,65.0
timesfm3,wiki_daily_100k,Wiki Daily,14,L14,block,block_depth,True,14,0.7,0.7,False,False,False,False,False,False,False,False,False,False,False,737856,0.24965129792690277,0.2717856267637765,0.22896792518387316,0.0007269755327533848,-0.005143845938537122,-0.0022213822799443395,0.24965127658468622,43.39101821789114,58.86165698960046,29.95863915339088,-1.725411382787794,-10.292060626012342,-5.443644162959288,43.39101821789114,0.8854138549619339,0.9523689231344822,0.8222079657066398,0.0008037868782702823,-0.033708027004701505,-0.016734576212020014,0.8854138549619339,1.0089778581296667,0.008977858129666672,2.3057214252943505,2.866554364490991,1.855383062351441,-0.04070408970107937,-0.5193298781427955,-0.24198327565268896,2.3057214252943505,0.24956154823303223,0.2609716057777405,1.0032828446875213,0.003282844687521269,False,False,65.0
timesfm3,wiki_daily_100k,Wiki Daily,15,L15,block,block_depth,True,15,0.75,0.75,False,False,False,False,False,False,False,False,False,False,False,737856,0.24935318529605865,0.27139920580648735,0.22872629650648088,0.0010570661228803866,-0.00489245790113759,-0.0019232902946021702,0.24935318459934405,43.02201863709249,57.96530221300986,29.84550003111065,-1.297351548375978,-9.794964444595676,-5.074644582160644,43.02201863709249,0.886419562032647,0.9537730111666658,0.8234089419589381,0.0007573387461277137,-0.035327312757379645,-0.017740283282733138,0.886419562032647,1.0077730214384568,0.0077730214384568175,2.2841429546085577,2.8355630694868457,1.8472084945253946,7.435958457731196e-05,-0.5058790209560532,-0.22040480496689607,2.2841429546085577,0.2501033842563629,0.26086387038230896,1.002868665245739,0.0028686652457390327,False,False,65.0
timesfm3,wiki_daily_100k,Wiki Daily,16,L16,block,block_depth,True,16,0.8,0.8,False,False,False,False,False,False,False,False,False,False,False,737856,0.24760480225086212,0.2694012103513423,0.2272336133314965,0.0025605505296803894,-0.0028223357257568344,-0.00017492536398519554,0.24760481966872708,43.13816321221413,58.521678930443606,29.871167335663973,-1.0370872442955128,-10.979691771808183,-5.190789157282282,43.13816321221413,0.8791660159760868,0.9436922628200491,0.8182717651763546,0.00788670997591293,-0.026892191301111333,-0.010486737226172882,0.8791660159760868,1.000706846358329,0.0007068463583290718,2.2878225651451705,2.8853415487131135,1.8328318998192221,0.012532657115473179,-0.5716030403813905,-0.22408441550350888,2.2878225651451705,0.2497389167547226,0.2602953612804413,1.0006830810046767,0.0006830810046767333,False,False,65.0
timesfm3,wiki_daily_100k,Wiki Daily,17,L17,block,block_depth,True,17,0.85,0.85,False,False,False,False,False,False,False,False,False,False,False,737856,0.24588091671466827,0.2676530078750189,0.2255201176690464,0.004105416382662965,-0.0008614664842225533,0.001548988837037829,0.24588090546770405,42.5770222667911,57.983201598255704,29.427757321324542,-0.9096303902521438,-9.831616180536464,-4.629648211859248,42.5770222667911,0.8736014232814254,0.9387087714265795,0.8137848067158677,0.01186408825982172,-0.020995400136696034,-0.004922144531511519,0.8736014232814254,0.9937396791518567,0.0,2.2399904557445174,2.792417291876073,1.80394565115738,0.00016097526352963406,-0.44418052664332985,-0.1762523061028558,2.2399904557445174,0.24953313171863556,0.25993812084198,0.9993097009303628,0.0,False,False,65.0
timesfm3,wiki_daily_100k,Wiki Daily,18,L18,block,block_depth,True,18,0.9,0.9,False,False,False,False,False,False,False,False,False,False,False,737856,0.24540890753269196,0.26703462557056706,0.22517664183876726,0.00417919435239757,-9.670329888043087e-05,0.002021000180251281,0.2454088941244906,42.2723266019772,57.54388818965222,29.360469937559756,-1.1360710689930988,-8.556672715905512,-4.324952547045349,42.2723266019772,0.8719596279881623,0.9365847712660991,0.8119706503651296,0.01375531167079595,-0.019378052843156003,-0.003280349238248381,0.8719596279881623,0.9918320310947356,0.0,2.247863135907537,2.8020779210180096,1.8079655170988258,-0.008290818294605248,-0.4626395984188107,-0.18412498626587537,2.247863135907537,0.2518773376941681,0.25875237584114075,0.9947512064766436,0.0,False,False,65.0
timesfm3,wiki_daily_100k,Wiki Daily,19,L19,block,block_depth,True,19,0.95,0.95,False,False,False,False,False,False,False,False,False,False,False,737856,0.24567250907421112,0.2674528354139046,0.2254399018888255,0.003227669529026748,0.00033909582554271235,0.0017573916858047989,0.24567250261893708,39.436439293733464,52.69976850732527,27.82701211389256,-0.034590879767896585,-3.331916523597512,-1.489065238801615,39.436439293733464,0.874875645750099,0.9426740620281895,0.8132040489830853,0.003083975958277401,-0.016302483473227335,-0.00619636700018511,0.874875645750099,0.9928973895405769,0.0,2.105382465223126,2.5386126419609525,1.7461452153915404,0.05164621227620005,-0.16144440353235878,-0.04164431558146431,2.105382465223126,0.25956350564956665,0.25966253876686096,0.9982502493956016,0.0,False,False,65.0
timesfm3,wiki_daily_100k,Wiki Daily,20,L20,block,block_depth,True,20,1.0,1.0,False,True,True,False,False,False,False,False,False,False,False,737856,0.24742990732192993,0.26939161660235006,0.2266015039125941,0.0,0.0,0.0,0.24742989430474188,37.94737405493185,51.06721413154471,26.680934849533838,0.0,0.0,0.0,37.94737405493185,0.8686792787499139,0.9390296264303215,0.8050908358164063,0.0,0.0,0.0,0.8686792787499139,1.0,0.0,2.0637381496416616,2.478007624729704,1.7162607830574435,0.0,0.0,0.0,2.0637381496416616,0.2503003776073456,0.26011767983436584,1.0,0.0,False,False,45.0
timesfm3,monash_traffic,Traffic,0,Emb,embedding,block_depth,True,0,0.0,0.0,False,False,False,True,True,True,True,False,False,False,False,737856,0.13423556089401245,0.14051932390274494,0.1280155154567155,-0.010852910856936739,-0.019709905946115373,-0.015399442630187249,0.13423554964704823,0.015123068678203481,0.016430487936871623,0.013942567227418755,-6.270486167776288e-05,-0.0011674019015292978,-0.0006378192533347295,0.015123068678203481,0.899424679276258,0.9394882006671726,0.8603320713998115,-0.049961313329707366,-0.11089363772564392,-0.0808657933025001,0.899424679276258,1.1295856679334657,0.1295856679334657,2.599438222090782,2.832635884329635,2.388563459871255,-0.12551774464390897,-0.3076603375998509,-0.2214115007845301,2.599438222090782,0.1628730595111847,0.14085935056209564,0.9985632511742445,0.12142899095252835,False,False,10.0
timesfm3,monash_traffic,Traffic,1,L1,block,block_depth,True,1,0.05,0.05,False,False,False,False,False,False,False,False,False,False,False,737856,0.125828355550766,0.13368042992740756,0.11821429892300933,-0.004580240543107022,-0.009338154267690345,-0.006992256880261505,0.12582836389712249,0.014986004677160786,0.01644569811198058,0.01362855793594936,-0.00015388074890936062,-0.0008362837337948035,-0.0005007552522920348,0.014986004677160786,0.8567085140909501,0.9072318066769005,0.8066231073744061,-0.02030658161010833,-0.0553943811433339,-0.038149628117192136,0.8567085140909501,1.0588394468884843,0.058839446888484304,2.5010989698791124,2.7729907119420925,2.2573248928640055,-0.06840840706480569,-0.1778961975637527,-0.12307224857286059,2.5010989698791124,0.13753795623779297,0.1279858499765396,0.9073019714124907,0.12142899095252835,False,False,30.0
timesfm3,monash_traffic,Traffic,2,L2,block,block_depth,True,2,0.1,0.1,False,False,False,False,False,False,False,False,False,False,False,737856,0.11979707330465317,0.1271315714507897,0.11266985280218869,0.0020637116665091597,-0.003871041861227677,-0.0009609621501606019,0.11979706916702158,0.01421545086083728,0.015615593314662066,0.01292828842896748,0.0006838118719646425,-0.00012020131401756124,0.0002697985640314725,0.01421545086083728,0.8139176871744032,0.8601965242726445,0.766769359217586,0.025430822994962344,-0.014953772867814333,0.004641198799354762,0.8139176871744032,1.008086502295436,0.020707700456278344,2.379627566554136,2.628671844974186,2.1543927050612726,0.06964730084100072,-0.06618847668608648,-0.001600845247884397,2.379627566554136,0.12083829194307327,0.13051320612430573,0.9252186021630776,0.12142899095252835,False,False,10.0
timesfm3,monash_traffic,Traffic,3,L3,block,block_depth,True,3,0.15,0.15,False,False,False,False,False,False,False,False,False,False,False,737856,0.1174219474196434,0.12463159119489936,0.11037746354482557,0.004342569812122773,-0.0014050925481097671,0.0014141569809831694,0.11742195003587781,0.013860317253366044,0.015254030894373272,0.012566146059161593,0.0010006752766346392,0.00026827019601987896,0.0006249321715027078,0.013860317253366044,0.7934642074344979,0.8405280583590936,0.7466105302025873,0.044015871545965604,0.007282863705764287,0.025094678539260062,0.7934642074344979,0.9880999343444653,0.020707700456278344,2.323882429044611,2.5714084941833035,2.1018672176454523,0.12269020933017735,-0.007898000683502179,0.054144292261640636,2.323882429044611,0.12309068441390991,0.12773822247982025,0.905546520196668,0.12142899095252835,False,False,30.0
timesfm3,monash_traffic,Traffic,4,L4,block,block_depth,True,4,0.2,0.2,False,False,False,False,False,False,False,False,False,False,False,737856,0.11046202480792999,0.11702846123602326,0.10409037465805486,0.012179655060954087,0.0048070832187636844,0.008374090811223478,0.1104620162056375,0.013404155378318326,0.01473415828373398,0.012191227891822679,0.0015787032107214287,0.000634535456796115,0.0010810940465504262,0.013404155378318326,0.7704863641371855,0.8137318933906676,0.7275431956040103,0.07287690628708661,0.024569991881278293,0.0480725218365724,0.7704863641371855,0.9295325265744413,0.020707700456278344,2.185185798609034,2.408097467020541,1.9834563559498728,0.2888341901129027,0.11055413081907414,0.19284092269721764,2.185185798609034,0.11911354213953018,0.12996767461299896,0.9213512854576216,0.12142899095252835,False,False,30.0
timesfm3,monash_traffic,Traffic,5,L5,block,block_depth,True,5,0.25,0.25,False,False,False,False,False,False,False,False,False,False,False,737856,0.11046751588582993,0.11753889757087667,0.10362168045728716,0.011458056601731261,0.005432992153054539,0.00836859659099852,0.11046751042586246,0.01345611305093907,0.014829301177844723,0.012191096264113932,0.0014183810189751307,0.0006749034233218241,0.0010291363739296823,0.01345611305093907,0.770386431606855,0.8183041224258422,0.7228904843039146,0.06624040483337176,0.0308916834034699,0.04817245436690287,0.770386431606855,0.929578733725929,0.020707700456278344,2.1834126921278223,2.4198442313454254,1.9719665232361427,0.2743232370974663,0.12509793208901795,0.19461402917842952,2.1834126921278223,0.11563486605882645,0.13464443385601044,0.9545052074090224,0.12142899095252835,False,False,30.0
timesfm3,monash_traffic,Traffic,6,L6,block,block_depth,True,6,0.3,0.3,False,False,False,False,False,False,False,False,False,False,False,737856,0.113054059445858,0.11965164288110633,0.10666555588076758,0.009742601472130833,0.0020408171694725713,0.005782056614074091,0.11305405040278689,0.013672892618955665,0.014979715482662965,0.012456346050451409,0.0013312910216438459,0.0003372622539547694,0.0008123568059130865,0.013672892618955665,0.7880514839486291,0.831289792150025,0.745607310506815,0.05532353850666616,0.007018849608303632,0.030507402025128805,0.7880514839486291,0.9513443710535833,0.020707700456278344,2.229714289225163,2.4488490795928564,2.02674154429649,0.2501993080596504,0.06092619711273363,0.1483124320810889,2.229714289225163,0.10875909775495529,0.13870178163051605,0.9832680717037067,0.12142899095252835,False,False,10.0
timesfm3,monash_traffic,Traffic,7,L7,block,block_depth,True,7,0.35,0.35,False,False,False,False,False,False,False,False,False,False,False,737856,0.11898170411586761,0.125422885355305,0.11253441639870178,0.004034981260588033,-0.0041587640040817156,-0.0001456040661526048,0.11898171108301359,0.014311201266936437,0.015675769918970725,0.013062554938031278,0.0007141859030231485,-0.00031487009825790764,0.00017404815793231436,0.014311201266936437,0.820112405484502,0.8646044342088597,0.7762892170748481,0.02438343735826845,-0.026367329399641867,-0.0015535195107441169,0.820112405484502,1.0012252105215376,0.020707700456278344,2.361594019645026,2.589055362155448,2.1511904867236558,0.11860280460796295,-0.07210425649584562,0.016432701661226012,2.361594019645026,0.10691986978054047,0.1372779905796051,0.9731747025726054,0.12142899095252835,False,False,10.0
timesfm3,monash_traffic,Traffic,8,L8,block,block_depth,True,8,0.4,0.4,False,False,False,False,False,False,False,False,False,False,False,737856,0.1171441525220871,0.12398839513593501,0.11038586791953114,0.005149363896290535,-0.0015459104892548887,0.0016919574380375862,0.1171441495788234,0.014480299781720725,0.01590588210672656,0.013181725657199675,0.0004355288393062513,-0.000388498456972852,4.949643148026775e-06,0.014480299781720725,0.8286006964639137,0.8774063070491621,0.7807428643192776,0.009904093429959055,-0.02896633841195225,-0.010041810490155734,0.8286006964639137,0.985762303892335,0.020707700456278344,2.3294697943298766,2.5642566773628643,2.1172874837613396,0.13685852800339454,-0.027330663586172775,0.04855692697637526,2.3294697943298766,0.11842772364616394,0.14634454250335693,1.0374482174638346,0.12142899095252835,False,False,30.0
timesfm3,monash_traffic,Traffic,9,L9,block,block_depth,True,9,0.45,0.45,False,False,False,False,False,False,False,False,False,False,False,737856,0.11915288865566254,0.12571204368572483,0.11263638220528382,0.0034491650994781615,-0.003888198854188425,-0.0003167921179578481,0.11915289913481883,0.014477833116397594,0.015829989955173457,0.01322354177363228,0.000487811690587174,-0.0004253535644226931,7.416308471158012e-06,0.014477833116397594,0.8341034778129469,0.8799844490806774,0.7895628479529547,0.0066292396562821244,-0.036783444793660594,-0.015544591839188993,0.8341034778129469,1.0026657200365745,0.020707700456278344,2.354639033440022,2.580390129359614,2.1464818165344077,0.11963795392647358,-0.05769887114835282,0.0233876878662298,2.354639033440022,0.12017128616571426,0.1488388478755951,1.0551305486117801,0.12142899095252835,False,False,30.0
timesfm3,monash_traffic,Traffic,10,L10,block,block_depth,True,10,0.5,0.5,False,False,False,False,False,False,False,False,False,False,False,737856,0.11784201860427856,0.1243287669825332,0.11145326980844653,0.004959315517988371,-0.0026386774273034668,0.000994090687568852,0.11784201632929213,0.014616828118246387,0.01597422396321884,0.013366499522618954,0.00038300662186352836,-0.0005854207984306979,-0.00013157869337763507,0.014616828118246387,0.8440536901270603,0.8885656525004041,0.8008280051814407,-0.0024016982883992323,-0.047101698809725596,-0.02549480415330241,0.8440536901270603,0.9916348127814122,0.020707700456278344,2.3323739853564605,2.554400981697986,2.127287825799007,0.14807712231639358,-0.0385292673948443,0.045652735949791357,2.3323739853564605,0.11901714652776718,0.1581910401582718,1.1214289909525283,0.12142899095252835,False,False,30.0
timesfm3,monash_traffic,Traffic,11,L11,block,block_depth,True,11,0.55,0.55,False,False,False,False,False,False,False,False,False,False,True,737856,0.12129692733287811,0.12777285911285013,0.1149286076213226,0.0014474109270190643,-0.006085214466354205,-0.002460816363228188,0.12129692338008917,0.014961787120743173,0.016317510173010214,0.013685095100358436,2.0338439316916464e-05,-0.0009187399461490138,-0.0004765376958744214,0.014961787120743173,0.8639406293038223,0.9090120798141028,0.819578124098883,-0.022926252586346528,-0.06628226791105357,-0.045381743330064395,0.8639406293038223,1.0207077004562783,0.020707700456278344,2.395783052318431,2.6179999365115485,2.1885928518373228,0.08155915931437473,-0.1006700202178159,-0.017756331012179327,2.395783052318431,0.11999956518411636,0.14873698353767395,1.0544084241376337,0.05440842413763369,False,False,30.0
timesfm3,monash_traffic,Traffic,12,L12,block,block_depth,True,12,0.6,0.6,True,False,False,False,False,False,False,False,False,True,False,737856,0.12106096744537354,0.12791581660125204,0.11435428095362966,0.0010861930512033953,-0.005427094805943036,-0.002224854257611833,0.12106096127447281,0.014960304021104829,0.01637359129673353,0.013661713750664774,-5.275079742585566e-05,-0.0008750755979916121,-0.00047505459623607693,0.014960304021104829,0.8650564688712009,0.9126061904475521,0.8190488223666393,-0.02700556922531079,-0.0651738595139628,-0.04649758289744299,0.8650564688712009,1.01872210956399,0.018722109563990008,2.382584811124985,2.616907971262452,2.170037075765897,0.07950716193691039,-0.07706233022153434,-0.00455808981873318,2.382584811124985,0.12742683291435242,0.14720632135868073,1.0435574369947453,0.04355743699474535,False,False,45.0
timesfm3,monash_traffic,Traffic,13,L13,block,block_depth,True,13,0.65,0.65,False,False,False,False,False,False,False,False,False,False,False,737856,0.11383738368749619,0.12079658156566549,0.10710022233263057,0.008314674009234834,0.00182076829897936,0.004998727964649674,0.11383737905221131,0.013627360031385148,0.014997311747987246,0.012397421185559476,0.0012882636060728306,0.0004535320116366776,0.0008578893934836039,0.013627360031385148,0.7868866245760432,0.8352254428945948,0.7403625038309289,0.050740216743000645,0.013493016103305444,0.03167226139771473,0.7868866245760432,0.9579360061673068,0.0,2.244229872529916,2.475785803804806,2.0363986802140075,0.2194593816304968,0.05817262361479255,0.1337968487763357,2.244229872529916,0.11509865522384644,0.1448989361524582,1.0272001979187266,0.027200197918726632,False,False,30.0
timesfm3,monash_traffic,Traffic,14,L14,block,block_depth,True,14,0.7,0.7,False,False,False,False,False,False,False,False,False,False,False,737856,0.11367654800415039,0.12066801024764377,0.10689243588255336,0.008365348024108942,0.0021029169866744087,0.005159560846918404,0.11367654616994258,0.013713975740122062,0.015071472227768905,0.012479290090588138,0.001181755303263976,0.0003759145660375863,0.0007712736847466893,0.013713975740122062,0.7955049287739386,0.8433637199553659,0.7488904364981573,0.04238437951455989,0.004012817152598836,0.023053957199819286,0.7955049287739386,0.956582581772238,0.0,2.245293200408241,2.4791286643902706,2.035039556840028,0.21670566344716835,0.05953926844738922,0.13273352089801094,2.245293200408241,0.11339342594146729,0.14404229819774628,1.021127422645215,0.021127422645214944,False,False,30.0
timesfm3,monash_traffic,Traffic,15,L15,block,block_depth,True,15,0.75,0.75,False,False,False,False,False,False,False,True,True,False,False,737856,0.11322958022356033,0.12047498113305116,0.10632285387397439,0.008661855429496244,0.0026091636951216476,0.005606534599347873,0.11322957241751311,0.014021638132905096,0.01542083015728065,0.012739368303716653,0.0008335046101609723,0.000112876896354533,0.00046361129196365557,0.014021638132905096,0.8166117485905916,0.867061404821991,0.7679116718456729,0.020310019533820105,-0.016706457825995533,0.0019471373831663197,0.8166117485905916,0.9528213697981531,0.0,2.2231037561257168,2.466495982953768,2.0070586710874596,0.22948571278957303,0.08673193540689528,0.15492296518053505,2.2231037561257168,0.11519934982061386,0.14104272425174713,0.9998632019903424,0.0,False,False,45.0
timesfm3,monash_traffic,Traffic,16,L16,block,block_depth,True,16,0.8,0.8,False,False,False,False,False,False,False,False,False,False,False,737856,0.11214904487133026,0.11910595938648659,0.10526909016335796,0.00988888328624819,0.003655689886152641,0.006687064676453136,0.11214904234040785,0.013931980227626444,0.015315983248598704,0.012660596073080234,0.0009179019066077088,0.0002146987628243668,0.0005532691972423079,0.013931980227626444,0.8038664347404167,0.8532989735848691,0.7556134981508416,0.0324449622112365,-0.0031978522015786463,0.014692451233341175,0.8038664347404167,0.9437287177509193,0.0,2.212099030421139,2.4506503631834375,1.9988731883606803,0.24513844018390227,0.09563520013550586,0.1659276908851126,2.212099030421139,0.11326802521944046,0.1354495882987976,0.9602130119308991,0.0,False,False,45.0
timesfm3,monash_traffic,Traffic,17,L17,block,block_depth,True,17,0.85,0.85,False,False,False,False,False,False,False,False,False,False,False,737856,0.10756208747625351,0.11461809421391832,0.10067749964748687,0.014383108090282284,0.00829903509091046,0.011274021417471289,0.10756208559938969,0.012822339130411876,0.014160794156655268,0.01159427788611663,0.002040204134420201,0.0013018204371124747,0.0016629102944568756,0.012822339130411876,0.7410769430547622,0.7898230941264981,0.6936389297149315,0.0949180472202272,0.06014223041848061,0.07748194291899568,0.7410769430547622,0.9051296960133699,0.0,2.117486021710286,2.351338352021565,1.907705649350634,0.3417487667062672,0.18741715404816978,0.2605406995959658,2.117486021710286,0.10978998988866806,0.13319484889507294,0.9442289831777533,0.0,False,False,45.0
timesfm3,monash_traffic,Traffic,18,L18,block,block_depth,True,18,0.9,0.9,False,False,False,False,False,False,False,False,False,False,False,737856,0.10399805754423141,0.11125335410692308,0.0967837822527575,0.017655096080452768,0.01226054670765484,0.014838049046069612,0.10399805797079137,0.012593416417817214,0.013954522105845909,0.011348946838545674,0.0022559679266026026,0.0015535016343936562,0.0018918330070515372,0.012593416417817214,0.7230857400109643,0.7705016512775448,0.6763236455760607,0.1123318823066958,0.07904535521097879,0.09547314596279366,0.7230857400109643,0.8751385587581926,0.0,2.0551249768119035,2.295964501808032,1.8399423352340458,0.3976537411379971,0.2574884772541399,0.3229017444943483,2.0551249768119035,0.10439374297857285,0.128428652882576,0.9104410367831361,0.0,False,False,30.0
timesfm3,monash_traffic,Traffic,19,L19,block,block_depth,True,19,0.95,0.95,False,False,False,False,False,False,False,False,False,False,False,737856,0.10863780230283737,0.1172707399108113,0.10026867348231547,0.011406800241870733,0.009099372603596402,0.010198300946077321,0.10863780607078366,0.01278999358245918,0.014308517378967217,0.011382234732598374,0.001885701204266736,0.0015180810196510008,0.0016952558424095723,0.01278999358245918,0.7144417226534734,0.7696267127739467,0.6590773665971356,0.11344137012500063,0.09526794626284579,0.10411716332028453,0.7144417226534734,0.9141817835734768,0.0,2.1819715882334614,2.458781094675295,1.932050988018934,0.22662353651855563,0.16947357222298293,0.19605513307279043,2.1819715882334614,0.10159949958324432,0.136972114443779,0.9710063220751213,0.0,False,False,30.0
timesfm3,monash_traffic,Traffic,20,L20,block,block_depth,True,20,1.0,1.0,False,True,True,False,False,False,False,False,False,False,False,737856,0.11883610486984253,0.128116069745116,0.10970274155269881,0.0,0.0,0.0,0.11883610701686098,0.014485249424868752,0.01609569428008856,0.013007044401966726,0.0,0.0,0.0,0.014485249424868752,0.8185588859737579,0.8768959376015779,0.7608456697757245,0.0,0.0,0.0,0.8185588859737579,1.0,0.0,2.378026721306252,2.6722374973718597,2.1112842401598524,0.0,0.0,0.0,2.378026721306252,0.10075796395540237,0.14106202125549316,1.0,0.0,False,False,45.0
tirex,m4_hourly,M4,0,Emb,embedding,block_depth,True,0,0.0,0.0,False,False,False,False,False,False,False,False,False,False,False,147744,0.23350677206998563,0.24265944132766196,0.22490528605679294,-0.12063370777795249,-0.13535486353625267,-0.12784193644570258,0.23350677206998563,585.4639522163931,818.431132899238,381.34776599308026,-193.66237520604383,-390.4068173471513,-286.40916048741167,585.4639522163931,5.78020982893484,6.807203716661218,4.872218090104653,-3.726623314387604,-5.456237504582045,-4.5443086679927625,5.78020982893484,2.209881562682552,1.2098815626825519,0.804597348840523,0.8918152213930794,0.744227720912772,-0.3189254473080294,-0.42963421895351883,-0.36349263582651753,0.804597348840523,0.2112681269645691,0.26316624857087173,2.9667009549237795,1.9667009549237795,False,False,45.0
tirex,m4_hourly,M4,1,L1,block,block_depth,True,1,0.08333333333333333,0.08333333333333333,False,False,False,False,False,False,False,False,False,False,False,147744,0.1569963214165382,0.16868638182769863,0.14564371325310235,-0.04559843440110021,-0.05707842164036628,-0.05133148579225513,0.1569963214165382,446.3860744942568,649.1847575672157,274.2080371873282,-90.89510610710465,-212.65412919741445,-147.33128276527538,446.3860744942568,2.426363835225903,2.7227322109178553,2.158315893727234,-1.0113422260000162,-1.3859174798170046,-1.1904626742838258,2.426363835225903,1.4857953498813614,0.4857953498813614,0.6905691883175142,0.7777972485134681,0.606954941126428,-0.2179925881116165,-0.2808938387754621,-0.24946447530350874,0.6905691883175142,0.10211829096078873,0.14668562688388442,1.6536025866281232,0.6536025866281232,False,False,0.001
tirex,m4_hourly,M4,2,L2,block,block_depth,True,2,0.16666666666666666,0.16666666666666666,False,False,False,False,False,False,False,False,False,False,False,147744,0.14336776063699302,0.15433739171441616,0.13257278613248513,-0.0330724302789495,-0.042353523005766947,-0.03770292501270997,0.14336776063699302,409.65171720088995,594.9379818760221,250.34448485660957,-64.75820930280516,-163.89476045861983,-110.59692547190855,409.65171720088995,2.266077557149758,2.5554928712304434,2.010759011949656,-0.8632838799512307,-1.2181935454137192,-1.0301763962076809,2.266077557149758,1.3568161989743859,0.3568161989743859,0.6049666860680266,0.6822392688900274,0.5301311705798238,-0.13018283973051792,-0.19423351174562814,-0.16386197305402112,0.6049666860680266,0.09078233689069748,0.13242546724909135,1.492846298784802,0.4928462987848019,False,False,0.1
tirex,m4_hourly,M4,3,L3,block,block_depth,True,3,0.25,0.25,False,False,False,False,False,False,False,False,False,False,False,147744,0.13869459954097527,0.14893233700911337,0.12852961536255159,-0.02834769808171844,-0.03769708390113052,-0.03302976391669221,0.13869459954097527,377.0974975125364,537.441401173633,240.49566993664632,-50.87839364299878,-108.44441837920021,-78.042705783555,377.0974975125364,2.152025749925458,2.4162383707842277,1.913383712099293,-0.7657050171414294,-1.0808992342040873,-0.9161245889833807,2.152025749925458,1.3125899332691677,0.3308160448895128,0.5618652958391858,0.6371598975645115,0.49706362099410395,-0.0902166483207657,-0.15561909562810386,-0.12076058282518026,0.5618652958391858,0.0894901305437088,0.12828065858769963,1.4461214323533997,0.44612143235339974,False,False,1.0
tirex,m4_hourly,M4,4,L4,block,block_depth,True,4,0.3333333333333333,0.3333333333333333,False,False,False,False,False,False,False,False,False,False,False,147744,0.14062045862940886,0.15133447695260455,0.13036795979301724,-0.030718084273660816,-0.039206658418731104,-0.03495562300512581,0.14062045862940886,419.63589987549005,608.0201265480209,257.57388870914366,-72.3506725356849,-175.47484163636489,-120.58110814650865,419.63589987549005,2.105220410307702,2.3570466449792704,1.8743972220265335,-0.7301377506326282,-1.019580551959247,-0.869319249365625,2.105220410307702,1.3308160448895128,0.3308160448895128,0.6255847351994654,0.6986789036608442,0.5563094727534298,-0.16206993992577218,-0.20637377094094586,-0.18448002218545995,0.6255847351994654,0.08971817791461945,0.12359300093682668,1.393276971847077,0.393276971847077,False,False,3.0
tirex,m4_hourly,M4,5,L5,block,block_depth,True,5,0.4166666666666667,0.4166666666666667,False,False,False,False,False,False,False,False,False,False,False,147744,0.13656627506245184,0.14758801508005281,0.12600442668750086,-0.02700779703854518,-0.034899008397425275,-0.030901439438168782,0.13656627506245184,392.24099912386237,566.7911842649719,241.9536608090446,-54.48041519309278,-137.3308042396937,-93.18620739488097,392.24099912386237,1.8381007848463005,2.02995597341006,1.661598639399929,-0.5158211794329723,-0.6935914760937367,-0.6021996239042233,1.8381007848463005,1.2924477121986575,0.3083096831459766,0.5812933277235913,0.6518600542763645,0.517287826535456,-0.10959159735225342,-0.17388246127956125,-0.14018861470958582,0.5812933277235913,0.08464280515909195,0.12305616625790833,1.3872251777312583,0.3872251777312583,False,False,3.0
tirex,m4_hourly,M4,6,L6,block,block_depth,True,6,0.5,0.5,False,False,False,False,False,False,False,False,False,False,False,147744,0.13764736336435526,0.149113972228774,0.12668228797643014,-0.02798330299893949,-0.03598246089012169,-0.03198252774007221,0.13764736336435526,389.3700873262383,561.8279682789304,241.44708449906852,-53.38755589789672,-131.9629993328431,-90.31529559725692,389.3700873262383,1.7207943938401982,1.902948717172331,1.5577051356553124,-0.4161280047491709,-0.5598688352947003,-0.48489323289812103,1.7207943938401982,1.3026790090678213,0.3083096831459766,0.6055817988482607,0.6798213575420122,0.5402345973168123,-0.13563284554810393,-0.1978102700977267,-0.1644770858342552,0.6055817988482607,0.07864990830421448,0.12151349603219797,1.3698344931104114,0.3844841616957251,False,False,3.0
tirex,m4_hourly,M4,7,L7,block,block_depth,True,7,0.5833333333333334,0.5833333333333334,False,False,False,False,False,False,False,False,False,False,False,147744,0.13824232761527747,0.1497534812964812,0.12703852700105095,-0.02857745529351515,-0.03665707910874189,-0.03257749199099441,0.13824232761527747,414.4499486156153,596.1344648402378,259.2643029854553,-73.30446943033043,-163.58863947894264,-115.39515688663391,414.4499486156153,1.6419088713844103,1.7991597889620035,1.50074304767862,-0.3545634438046514,-0.4611240085323375,-0.4060077104423332,1.6419088713844103,1.3083096831459766,0.3083096831459766,0.637017583088466,0.7128520977807328,0.5709791237836451,-0.17602762410422385,-0.2195842287470256,-0.1959128700744605,0.637017583088466,0.07609712332487106,0.12281301977354607,1.384484161695725,0.3844841616957251,False,False,3.0
tirex,m4_hourly,M4,8,L8,block,block_depth,True,8,0.6666666666666666,0.6666666666666666,False,False,False,False,False,False,False,False,False,False,False,147744,0.1304283137113311,0.14181241756553925,0.11973481988143318,-0.02128091458611561,-0.028267842138235872,-0.02476347808704804,0.1304283137113311,372.74294400156947,535.1050404023749,234.35147968656932,-49.02464931783483,-102.45816925103217,-73.68815227258807,372.74294400156947,1.7011060840063066,1.8838379566461425,1.5386459083310018,-0.40319367777458187,-0.5326232793527187,-0.46520492306422945,1.7011060840063066,1.234358743291861,0.23435874329186102,0.5648437469618538,0.6423318169321707,0.5014664473223346,-0.10494583130305744,-0.15070219424788764,-0.1237390339478483,0.5648437469618538,0.07429049164056778,0.11750240048095015,1.3246169887123396,0.32461698871233957,False,False,3.0
tirex,m4_hourly,M4,9,L9,block,block_depth,True,9,0.75,0.75,False,False,False,False,False,False,False,False,False,False,False,147744,0.12467758162729158,0.13535677442746594,0.11469809187306021,-0.016253158574184502,-0.021654004173509715,-0.01901274600300852,0.12467758162729158,353.119361126086,510.9132621450382,217.07268297489992,-33.60115897586011,-77.55315376324762,-54.064569397104606,353.119361126086,1.5876771661450844,1.765189091588661,1.4318969109521307,-0.296859154082793,-0.41308386948233655,-0.3517760052030072,1.5876771661450844,1.1799344681764607,0.17993446817646075,0.5247012874144451,0.5922270476538407,0.46601599151669343,-0.07378808482028955,-0.09586736472322703,-0.0835965744004396,0.5247012874144451,0.07350602746009827,0.11297756319737616,1.2736080194278967,0.2736080194278967,False,False,3.0
tirex,m4_hourly,M4,10,L10,block,block_depth,True,10,0.8333333333333334,0.8333333333333334,False,False,False,False,False,False,False,False,False,False,False,147744,0.11895130955763446,0.1295558050281958,0.1090253377251526,-0.011279399595258918,-0.015304557408049762,-0.013286473933351403,0.11895130955763446,342.9354453070687,499.18875304635804,209.80463363818768,-26.20567638848998,-65.17526783270358,-43.880653578087276,342.9354453070687,1.7557014234710484,1.9638554227102263,1.5698920457319807,-0.43051790241915383,-0.6163548136516651,-0.5198002625289713,1.7557014234710484,1.1257416798583275,0.12574167985832752,0.5075150314403375,0.5798476099171019,0.44310802014481593,-0.05113522470702497,-0.08462596473820759,-0.066410318426332,0.5075150314403375,0.0696784183382988,0.10087899954719398,1.1372196317485568,0.13721963174855678,False,False,3.0
tirex,m4_hourly,M4,11,L11,block,block_depth,True,11,0.9166666666666666,0.9166666666666666,False,False,False,False,False,False,True,False,False,False,True,147744,0.11039238749427423,0.12079886362642646,0.10051219945485554,-0.0031158973976529044,-0.006254629161073789,-0.004727551869991173,0.11039238749427423,317.94309348331876,466.1135959250529,192.2530672789123,-7.980281347173781,-33.422585432667276,-18.888301754337363,317.94309348331876,1.4240538245539593,1.5799252082802102,1.2824375101032142,-0.14909018401763596,-0.23186889980071076,-0.1881526636118822,1.4240538245539593,1.0447410138108872,0.04474101381088724,0.4667965876330075,0.5352014418119146,0.4054525461422586,-0.014234680324845846,-0.038777967366601974,-0.02569187461900202,0.4667965876330075,0.0660707950592041,0.09472478998696986,1.0678425764526491,0.06784257645264913,False,False,10.0
tirex,m4_hourly,M4,12,L12,block,block_depth,True,12,1.0,1.0,True,True,False,True,True,True,False,True,True,True,False,147744,0.10566483562428305,0.11630214941918934,0.09552357224747539,0.0,0.0,0.0,0.10566483562428305,299.0547917289814,435.52255512178476,182.51129237543157,0.0,0.0,0.0,299.0547917289814,1.2359011609420771,1.365116350971328,1.1201318322124694,0.0,0.0,0.0,1.2359011609420771,1.0,0.0,0.4411047130140055,0.5030575706542001,0.3842718241133213,0.0,0.0,0.0,0.4411047130140055,0.06075531244277954,0.08870669897958522,1.0,0.0,False,False,10.0
tirex,m4_hourly,M4,13,L12+RMS,final_norm,head_input_diagnostic,False,12,,,False,False,True,False,False,False,False,False,False,False,False,147744,0.10897964881804154,0.11975319372518485,0.09894440368027604,-0.00222688924453669,-0.004397822395926835,-0.0033148131937584813,0.10897964881804154,313.0871243933053,451.6362742842639,193.8709577797642,-4.58652208777284,-24.412515738038408,-14.032332664323917,313.0871243933053,1.556753136521596,1.741304257020616,1.3876106359383886,-0.2575693594453867,-0.39143076357956363,-0.32085197557951894,1.556753136521596,,,0.4485849286917658,0.5173146670880936,0.39203055528603087,0.009510846514832904,-0.02761961928784148,-0.007480215677760305,0.4485849286917658,0.06061561405658722,0.0892325185580563,,,False,False,3.0
tirex,monash_electricity_hourly,Electricity,0,Emb,embedding,block_depth,True,0,0.0,0.0,False,False,False,False,False,False,False,False,False,False,False,147744,0.25710497705536034,0.26716272437390476,0.24788562426101843,-0.09889193413608513,-0.1128335967716825,-0.10581006780835508,0.25710497705536034,463.55174370344366,721.6896287608507,281.982291050217,-130.86596546622968,-340.05938472537014,-215.81301441364414,463.55174370344366,1.853112634383292,1.9279862406893964,1.7819232496655901,-0.797456403792666,-0.8994881879030311,-0.8481443961382049,1.853112634383292,1.6993630409309326,0.6993630409309326,1.292804559835193,1.38567153145889,1.19274437926624,-0.47265864722957557,-0.6403139302815166,-0.560873180281148,1.292804559835193,0.22662875056266785,0.26491054505792283,2.505632483037396,1.5056324830373962,False,False,0.1
tirex,monash_electricity_hourly,Electricity,1,L1,block,block_depth,True,1,0.08333333333333333,0.08333333333333333,False,False,False,False,False,False,False,False,False,False,False,147744,0.1974482406072944,0.20821109408555366,0.18772098347615765,-0.0399493691504343,-0.05285731354116939,-0.04615333136028915,0.1974482406072944,295.1650426361249,439.1454528264082,187.39269194696388,-34.37353496395868,-61.97186420605433,-47.42631334632537,295.1650426361249,1.2823177647966173,1.3404812618348692,1.230486804683618,-0.2431445136255732,-0.3128569556252275,-0.2773495265515302,1.2823177647966173,1.3050554152151865,0.30505541521518653,0.8858236063878072,0.9851850116960356,0.821107662789217,-0.11583901546026806,-0.21966956858996198,-0.15389222683376225,0.8858236063878072,0.15994839370250702,0.20459877804831694,1.9351790777355822,0.9351790777355822,False,False,10.0
tirex,monash_electricity_hourly,Electricity,2,L2,block,block_depth,True,2,0.16666666666666666,0.16666666666666666,False,False,False,False,False,False,False,False,False,False,False,147744,0.17699357776241448,0.1870016970366012,0.1681977423256306,-0.020335838141787157,-0.03148809112537339,-0.025698668515409223,0.17699357776241448,270.7673976372418,398.1693739470381,172.68138459467883,-2.4593702463767255,-40.9264543356928,-23.028668347442277,270.7673976372418,1.146241709425998,1.204200263791458,1.0959053618196182,-0.11127668627976765,-0.17324307872373215,-0.14127347118091094,1.146241709425998,1.169858117786722,0.2135908362125818,0.8329632383730524,0.9386868417373179,0.7514823557927245,-0.04731934141749455,-0.1681382524200946,-0.10103185881900745,0.8329632383730524,0.12435777485370636,0.17830269999858986,1.686459996645487,0.686459996645487,False,False,1.0
tirex,monash_electricity_hourly,Electricity,3,L3,block,block_depth,True,3,0.25,0.25,False,False,False,False,False,False,False,False,False,False,False,147744,0.1726758511353085,0.1826915894684787,0.16396585165075106,-0.0166436819309895,-0.02650126035943743,-0.02138094188830325,0.1726758511353085,267.90426024645296,403.4656433710645,167.20957607410287,-9.596110794723149,-32.059789758768645,-20.16553095665344,267.90426024645296,1.1171828538796758,1.1708161888276618,1.0706189660879708,-0.08668938646998517,-0.1395428174619616,-0.11221461563458868,1.1171828538796758,1.1413196385437963,0.2135908362125818,0.8056309496643662,0.9026201515837827,0.7331575894245226,-0.032009780096979544,-0.12866105972011782,-0.07369957011032124,0.8056309496643662,0.12458537518978119,0.15820523681303927,1.4963699548415519,0.6599992657577511,False,False,3.0
tirex,monash_electricity_hourly,Electricity,4,L4,block,block_depth,True,4,0.3333333333333333,0.3333333333333333,False,False,False,False,False,False,False,False,False,False,False,147744,0.16532772133937318,0.17462317050569723,0.15717475468662517,-0.009905933014309138,-0.018228994740016834,-0.014032812092367924,0.16532772133937318,266.6579099651566,392.4607348773573,169.7969358827512,2.3149395040396032,-36.60334943089701,-18.91918067535707,266.6579099651566,1.1142332561418746,1.1679956140791292,1.0664222069657812,-0.0855697678199685,-0.13296119813909363,-0.10926501789678755,1.1142332561418746,1.0927513831245825,0.2135908362125818,0.7887742606840275,0.878121899574729,0.7193957506429465,-0.013968077146351697,-0.1093561578688154,-0.05684288112998248,0.7887742606840275,0.11917329579591751,0.15303536538631862,1.447471192517516,0.6599992657577511,False,False,3.0
tirex,monash_electricity_hourly,Electricity,5,L5,block,block_depth,True,5,0.4166666666666667,0.4166666666666667,False,False,False,False,False,False,False,False,False,False,False,147744,0.17097140004047912,0.18075140776212206,0.16241978845765231,-0.015654696629361337,-0.023770256235285572,-0.01967649079347386,0.17097140004047912,283.6905310951128,434.82149920811145,175.17267154582464,-22.071722573037796,-52.8694861635073,-35.951801805313295,283.6905310951128,1.1512507595759403,1.207408674637842,1.1015931376805919,-0.12270155858479458,-0.1700930524758199,-0.14628252133085318,1.1512507595759403,1.1300538854308038,0.2135908362125818,0.8301239695365995,0.9020740784374031,0.7747119727065805,-0.07050439055472228,-0.1302408791947399,-0.09819258998255453,0.8301239695365995,0.12197557091712952,0.15909143181816313,1.5047519503210385,0.6599992657577511,False,False,10.0
tirex,monash_electricity_hourly,Electricity,6,L6,block,block_depth,True,6,0.5,0.5,False,False,False,False,False,False,False,False,False,False,False,147744,0.1760205026744431,0.18633230934701575,0.16701319639336404,-0.020374883247809547,-0.02919594503953371,-0.024725593427437853,0.1760205026744431,288.2251513381158,432.63821763742305,180.1965869784234,-27.00180449930452,-56.47058300717441,-40.48642204831626,288.2251513381158,1.1841612577341845,1.2432615982396757,1.131871064321448,-0.1538750922329048,-0.20518469510054418,-0.17919301948909738,1.1841612577341845,1.1634264731741282,0.2135908362125818,0.8407328124223957,0.9281143941687272,0.7756577147689842,-0.07437601467229055,-0.15430278227654426,-0.10880143286835076,0.8407328124223957,0.11863279342651367,0.1664912846820955,1.574742790819714,0.6599992657577511,False,False,10.0
tirex,monash_electricity_hourly,Electricity,7,L7,block,block_depth,True,7,0.5833333333333334,0.5833333333333334,False,False,False,False,False,False,False,False,False,False,False,147744,0.17474542185664177,0.18464467154872666,0.16609546766680386,-0.019218976148724108,-0.027694040510575963,-0.023450512609636515,0.17474542185664177,270.88493282588934,391.55949823884174,176.75629531344902,22.171963453894598,-58.35958177974581,-23.146203536089814,270.88493282588934,1.172715806537109,1.22788456941167,1.1226951429548397,-0.14370614883974364,-0.19329504537176342,-0.16774756829202198,1.172715806537109,1.1549986891584767,0.2135908362125818,0.8157040470961218,0.9372581853208396,0.7089098399267634,-0.001931589088486351,-0.16358019559952963,-0.0837726675420768,0.8157040470961218,0.11572727560997009,0.1755051122878799,1.6599992657577511,0.6599992657577511,False,False,10.0
tirex,monash_electricity_hourly,Electricity,8,L8,block,block_depth,True,8,0.6666666666666666,0.6666666666666666,False,False,False,False,False,False,False,False,False,False,False,147744,0.18361011542777977,0.19289467094167498,0.1750656362722507,-0.028461571086112778,-0.03602460744712532,-0.03231520618077452,0.18361011542777977,298.35251658535077,432.52005172666725,194.341784101685,-28.065172681062265,-73.80573547456008,-50.61378729555125,298.35251658535077,1.269257364467486,1.32998512963337,1.2126813124651834,-0.2365314908001363,-0.29187173556913965,-0.264289126222399,1.269257364467486,1.2135908362125818,0.2135908362125818,0.8747672724193883,0.9933513042240447,0.7832797998570836,-0.0794745751767147,-0.21826020905589427,-0.14283589286534337,0.8747672724193883,0.11253844946622849,0.14802619169345338,1.4000923752066565,0.4000923752066565,False,False,10.0
tirex,monash_electricity_hourly,Electricity,9,L9,block,block_depth,True,9,0.75,0.75,False,False,False,False,False,False,False,False,False,False,False,147744,0.17252495464022832,0.18257905459742393,0.16341888555716583,-0.01781214133388439,-0.02447731080358379,-0.021230045393223068,0.17252495464022832,270.3200318431803,399.2244282561987,171.45246818541867,-1.0751240260891686,-42.599344281589566,-22.581302553380766,270.3200318431803,1.1384770791149055,1.1956642606218468,1.0872902069635186,-0.11241646568328428,-0.15471483916797346,-0.1335088408698184,1.1384770791149055,1.1403222719051487,0.14032227190514868,0.834953093264876,0.9287733219938177,0.7621392917652369,-0.06320448764531245,-0.14998230721425218,-0.10302171371083102,0.834953093264876,0.10837234556674957,0.13239702229736416,1.2522652869600466,0.2522652869600466,False,False,10.0
tirex,monash_electricity_hourly,Electricity,10,L10,block,block_depth,True,10,0.8333333333333334,0.8333333333333334,False,False,False,False,False,False,True,False,False,False,True,147744,0.1648035931280096,0.1748871515064237,0.155879727043638,-0.010520901661792785,-0.016367409409571237,-0.013508683881004346,0.1648035931280096,265.7280753270353,409.6352539945235,161.97794288987512,-6.985259884519631,-31.09953242643859,-17.989346037235777,265.7280753270353,1.0963242731709697,1.1531493275139992,1.0444444710872798,-0.07278140327557428,-0.11043462952373337,-0.09135603492588262,1.0963242731709697,1.0892871012530234,0.08928710125302342,0.7984231055220812,0.8857572523799306,0.729158844277421,-0.03342698548573795,-0.10460667119184217,-0.06649172596803621,0.7984231055220812,0.10186607390642166,0.11476641520857811,1.0855077809208942,0.08550778092089417,False,False,10.0
tirex,monash_electricity_hourly,Electricity,11,L11,block,block_depth,True,11,0.9166666666666666,0.9166666666666666,True,False,False,True,True,True,False,True,True,True,False,147744,0.15808661424249182,0.16807651916760524,0.1492559475013773,-0.004547568817999752,-0.008816632031967832,-0.006791704995486564,0.15808661424249182,269.47574477042104,428.09478493536056,159.73091515338533,-7.04033604294481,-44.03222253851625,-21.737015480621523,269.47574477042104,1.0595690133223952,1.1165256716131333,1.0085868849584223,-0.040494318021109026,-0.06845396400899934,-0.054600775077308095,1.0595690133223952,1.0448905057631408,0.0448905057631408,0.8058101709355117,0.8610302024507294,0.7377223984842136,-0.028509498932880746,-0.10985204453171125,-0.07387879138146669,0.8058101709355117,0.09788605570793152,0.10589311385655222,1.001580460871953,0.00158046087195296,False,False,10.0
tirex,monash_electricity_hourly,Electricity,12,L12,block,block_depth,True,12,1.0,1.0,False,True,False,False,False,False,False,False,False,False,False,147744,0.15129490924700525,0.16178087801068225,0.1421402615871821,0.0,0.0,0.0,0.15129490924700525,247.73872928979952,384.7402345610632,150.46682645309707,0.0,0.0,0.0,247.73872928979952,1.004968238245087,1.0616576793005934,0.9537360317529884,0.0,0.0,0.0,1.004968238245087,1.0,0.0,0.731931379554045,0.794948335428896,0.6852977253106911,0.0,0.0,0.0,0.731931379554045,0.0948384702205658,0.10572601802192116,1.0,0.0,False,False,10.0
tirex,monash_electricity_hourly,Electricity,13,L12+RMS,final_norm,head_input_diagnostic,False,12,,,False,False,True,False,False,False,False,False,False,False,False,147744,0.1519131691884676,0.16246429534756954,0.14268827730619155,0.0014018494127503289,-0.0024226171878088316,-0.0006182599414623347,0.1519131691884676,256.2205396842563,405.2434861067495,153.1914358622144,5.620874537127629,-28.865284806707418,-8.4818103944568,256.2205396842563,1.0040281958243804,1.0605441725351406,0.9532946573288029,0.014884942373992623,-0.01108686041788628,0.000940042420706666,1.0040281958243804,,,0.758196201490464,0.8126649928879797,0.7064796295930879,0.015384258846505091,-0.06293558586904473,-0.02626482193641899,0.758196201490464,0.09305763989686966,0.10096476844135131,,,False,False,10.0
tirex,uber_tlc_hourly,Uber TLC,0,Emb,embedding,block_depth,True,0,0.0,0.0,False,False,False,False,False,False,False,False,False,False,False,147744,0.335024323115367,0.34779645145110044,0.32266656313205266,-0.07948033039436764,-0.0953938608811386,-0.08745745502639818,0.335024323115367,8.350433810935934,10.11625292690041,6.759036431805977,-2.567309502775207,-3.944924763642601,-3.2266360272738206,8.350433810935934,1.2053276378922937,1.2620034923583443,1.1508267493024669,-0.27617647130650524,-0.34606365344784573,-0.31040948815377944,1.2053276378922937,1.353268010786356,0.35326801078635595,3.525798393545757,3.6630748905593578,3.392509378447374,-1.3212140623886133,-1.4546518453940747,-1.3885548766409146,3.525798393545757,0.2601759731769562,0.2510767554053823,1.2910308204510303,0.29103082045103035,False,False,0.1
tirex,uber_tlc_hourly,Uber TLC,1,L1,block,block_depth,True,1,0.08333333333333333,0.08333333333333333,False,False,False,False,False,False,False,False,False,False,False,147744,0.31605731865803477,0.3291196290215207,0.3032821204243156,-0.06132802431887541,-0.07588482035523039,-0.06849045056906594,0.31605731865803477,7.7888698721660425,9.470551044607944,6.259502780196282,-2.0909202168944803,-3.289542074576085,-2.665072088503929,7.7888698721660425,1.1473893757450477,1.2017829231260069,1.0953903618791139,-0.2225511195178442,-0.2840196041556744,-0.2524712260065335,1.1473893757450477,1.2766543483696386,0.27665434836963865,3.2183053107254804,3.392787197611531,3.0529324168960805,-0.9931541704993305,-1.1734531359975253,-1.0810617938206382,3.2183053107254804,0.23693153262138367,0.22934140832312688,1.1792681726858658,0.1792681726858658,False,False,3.0
tirex,uber_tlc_hourly,Uber TLC,2,L2,block,block_depth,True,2,0.16666666666666666,0.16666666666666666,False,False,False,False,False,False,False,False,False,False,False,147744,0.30938371437253387,0.32193504557838193,0.2970515402833725,-0.05516235170075453,-0.06868955955755333,-0.06181684628356504,0.30938371437253387,7.5054796388707015,9.134586640182919,6.039907048317144,-1.8460350085794732,-2.9628818588913948,-2.381681855208588,7.5054796388707015,1.1341948733605445,1.1884417887980314,1.0826331883172002,-0.21292852128893977,-0.26728268624129026,-0.23927672362203023,1.1341948733605445,1.2496975736727005,0.2496975736727005,3.0865900835762345,3.267383364327406,2.9156473269811336,-0.8526581882610684,-1.0459472289563618,-0.9493465666713923,3.0865900835762345,0.2224692851305008,0.22212735741249934,1.1421736911561617,0.14217369115616174,False,False,3.0
tirex,uber_tlc_hourly,Uber TLC,3,L3,block,block_depth,True,3,0.25,0.25,False,False,False,False,False,False,False,False,False,False,False,147744,0.30701770735833483,0.31964658880393015,0.29461924645210835,-0.05296430505886816,-0.06614649413910673,-0.05945083926936601,0.30701770735833483,7.380175015118764,8.95748170121452,5.9507747780604,-1.7658565800460884,-2.793711238463395,-2.256377231456651,7.380175015118764,1.1072354825872384,1.1583177347200952,1.0584372573499994,-0.18561125889478342,-0.23914115347796758,-0.21231733284872412,1.1072354825872384,1.2401405314381608,0.24014053143816083,3.0667634688255982,3.2411443866137013,2.906253238952756,-0.8402957658547818,-1.018935744161769,-0.929519951920756,3.0667634688255982,0.22425255179405212,0.2185798485742043,1.1239324834479185,0.12393248344791852,False,False,10.0
tirex,uber_tlc_hourly,Uber TLC,4,L4,block,block_depth,True,4,0.3333333333333333,0.3333333333333333,False,False,False,False,False,False,False,False,False,False,False,147744,0.30205700031787386,0.314202560844497,0.2901232483679472,-0.04872080561605399,-0.06054972049865501,-0.05449013222890503,0.30205700031787386,7.3047784977636505,8.890358261315331,5.875912673249723,-1.693142550534434,-2.714169760502799,-2.180980714101537,7.3047784977636505,1.1083838327837812,1.1608439656016896,1.0588756970712048,-0.18912026778883975,-0.23879238916377882,-0.21346568304526692,1.1083838327837812,1.2201026843758542,0.22010268437585423,3.0092867594181367,3.183649299406758,2.84905802558312,-0.7874170544720877,-0.9591866692396668,-0.8720432425132945,3.0092867594181367,0.21725133061408997,0.2175923068047935,1.1188545667019674,0.11885456670196737,False,False,10.0
tirex,uber_tlc_hourly,Uber TLC,5,L5,block,block_depth,True,5,0.4166666666666667,0.4166666666666667,False,False,False,False,False,False,False,False,False,False,False,147744,0.2900383206269213,0.30122901435429583,0.27910783419968516,-0.03786822926121557,-0.04717867330288986,-0.04247145253795248,0.2900383206269213,6.851735550248886,8.353894179072462,5.510110078370811,-1.322273022380852,-2.183492895281223,-1.7279377665867726,6.851735550248886,1.055835398022002,1.1029800129752372,1.0104285860183349,-0.14129318709765343,-0.1808955060314721,-0.16091724828348786,1.055835398022002,1.1715554785896851,0.17155547858968512,2.867376751722196,3.0290040418788364,2.7143509521511406,-0.6537355096319852,-0.8070277777246692,-0.7301332348173539,2.867376751722196,0.21110011637210846,0.21705687169753413,1.1161013718683506,0.11610137186835057,False,False,10.0
tirex,uber_tlc_hourly,Uber TLC,6,L6,block,block_depth,True,6,0.5,0.5,False,False,False,False,False,False,False,False,False,False,False,147744,0.2845480376783446,0.2954925809933569,0.2739090389892004,-0.032779962173129916,-0.04125999461571536,-0.03698116958937575,0.2845480376783446,6.67639545504334,8.138653772029398,5.369130580845662,-1.188370244546902,-1.9547881888381622,-1.5525976713812266,6.67639545504334,1.037742996598096,1.0853456465584437,0.9928049135971407,-0.12558910510639437,-0.16033261156615256,-0.14282484685958174,1.037742996598096,1.1493785088240713,0.14937850882407133,2.7931046235385897,2.951035832548994,2.641717421599333,-0.5827244770368627,-0.727741574368957,-0.6558611066337474,2.7931046235385897,0.20934680104255676,0.21592818566007924,1.1102976945880134,0.11029769458801342,False,False,10.0
tirex,uber_tlc_hourly,Uber TLC,7,L7,block,block_depth,True,7,0.5833333333333334,0.5833333333333334,False,False,False,False,False,False,True,False,False,False,True,147744,0.26822189080976805,0.2779927372665834,0.2586580286488534,-0.018065485791018868,-0.0232702157892045,-0.02065502272079922,0.26822189080976805,6.107161444073104,7.446852717393483,4.914943028014266,-0.7006516523862131,-1.3002644171548992,-0.9833636604109905,6.107161444073104,0.9792200769807625,1.0245834507355847,0.9379080500361515,-0.07175395046741924,-0.09760648154705659,-0.08430192724224828,0.9792200769807625,1.0834320960645525,0.08378182388689548,2.5787126508056373,2.72643187905838,2.434973349622821,-0.36367567769908704,-0.5213869174031966,-0.441469133900795,2.5787126508056373,0.19896799325942993,0.21353386669554783,1.097986162314906,0.09798616231490609,False,False,3.0
tirex,uber_tlc_hourly,Uber TLC,8,L8,block,block_depth,True,8,0.6666666666666666,0.6666666666666666,False,False,False,False,False,False,False,False,False,False,False,147744,0.2683084718314291,0.2784880448939662,0.2585067020476803,-0.01783829062700784,-0.023728935913900844,-0.020741603742460257,0.2683084718314291,6.2052473413644575,7.583678244608386,4.980915182777517,-0.7871210710803167,-1.404085889380454,-1.081449557702344,6.2052473413644575,0.973972887312603,1.0195433389904558,0.9316473519230403,-0.06540600778372135,-0.09310885313361987,-0.07905473757408876,0.973972887312603,1.0837818238868955,0.08378182388689548,2.6344764543383543,2.7802796259128204,2.493554066159183,-0.4260613998684009,-0.5637657223581967,-0.49723293743351205,2.6344764543383543,0.20510146021842957,0.20886525119306476,1.0739802502868907,0.0739802502868907,False,False,10.0
tirex,uber_tlc_hourly,Uber TLC,9,L9,block,block_depth,True,9,0.75,0.75,False,False,False,False,False,False,False,False,False,False,False,147744,0.2569115651870957,0.2667065650018515,0.24739039639217197,-0.007792358359193957,-0.01102769664001746,-0.009344697098126853,0.2569115651870957,5.674435312042278,6.921675679207474,4.577330880588465,-0.37577189606122813,-0.7522501592511419,-0.5506375283801646,5.674435312042278,0.9382237489749558,0.9824076464103081,0.8987387668529789,-0.03497354434014511,-0.05218704130786242,-0.043305599236441505,0.9382237489749558,1.0377461538785901,0.03774615387859015,2.357097613505126,2.4850985754242467,2.229967314145988,-0.1741784507567177,-0.2643181424997451,-0.21985409660028354,2.357097613505126,0.20004135370254517,0.20521091008629963,1.055189713545815,0.05518971354581503,False,False,10.0
tirex,uber_tlc_hourly,Uber TLC,10,L10,block,block_depth,True,10,0.8333333333333334,0.8333333333333334,True,False,False,False,False,True,False,False,False,True,False,147744,0.2509762865583633,0.260671255956866,0.24149457920442213,-0.0022340219140848713,-0.004607471206779988,-0.003409418469394465,0.2509762865583633,5.282877074714595,6.421205711223186,4.280292875528426,-0.06867517504650927,-0.27036230453251,-0.15907929105248098,5.282877074714595,0.9059521827535605,0.947614765864642,0.8691344401757768,-0.0047017711144872005,-0.017681174116853035,-0.01103403301504624,0.9059521827535605,1.0137717074005606,0.013771707400560551,2.2224811333213443,2.3404856929512037,2.1061498700492725,-0.05144801281860564,-0.12298151597932228,-0.08523761641650207,2.2224811333213443,0.1967468410730362,0.19940340348327432,1.0253276500410793,0.025327650041079286,False,False,10.0
tirex,uber_tlc_hourly,Uber TLC,11,L11,block,block_depth,True,11,0.9166666666666666,0.9166666666666666,False,False,False,True,True,False,False,True,True,False,False,147744,0.2479746936187717,0.2577071082166872,0.23841956586946683,0.0004634385802320918,-0.0012672442471864374,-0.0004078255298028688,0.2479746936187717,5.150229346018703,6.222142162010497,4.18756103208158,0.03289318696059215,-0.10074110691407276,-0.02643156235658939,5.150229346018703,0.8854314246438624,0.9258461783321996,0.8506394551047485,0.015338656771484325,0.00400915284833489,0.009486725094651871,0.8854314246438624,1.0016473348511898,0.0016473348511898411,2.15487843093556,2.2593742976145452,2.0533650284018585,0.007451254215275509,-0.0483954083284097,-0.01763491403071793,2.15487843093556,0.1949937641620636,0.1948184436542615,1.0017518935349532,0.0017518935349531972,False,False,10.0
tirex,uber_tlc_hourly,Uber TLC,12,L12,block,block_depth,True,12,1.0,1.0,False,True,False,False,False,False,False,False,False,False,False,147744,0.24756686808896883,0.2574897799511149,0.23805349277126256,0.0,0.0,0.0,0.24756686808896883,5.123797783662114,6.197161219218741,4.168683170333492,0.0,0.0,0.0,5.123797783662114,0.8949181497385142,0.9352520008668722,0.8587780545900878,0.0,0.0,0.0,0.8949181497385142,1.0,0.0,2.1372435169048423,2.2485110705269498,2.0329943473706735,0.0,0.0,0.0,2.1372435169048423,0.1961936056613922,0.19447773935998441,1.0,0.0,False,False,10.0
tirex,uber_tlc_hourly,Uber TLC,13,L12+RMS,final_norm,head_input_diagnostic,False,12,,,False,False,True,False,False,False,False,False,False,False,False,147744,0.2430937081390551,0.2526978185606537,0.23347103218050347,0.005873571890619608,0.0031160895081720555,0.004473159949913735,0.2430937081390551,4.911470369601884,5.902611549864273,4.008703012458617,0.3221950785542979,0.11799907567711905,0.2123274140602298,4.911470369601884,0.8621482912197036,0.9006835010101343,0.8292696987575551,0.04079037324207227,0.0251904085798332,0.032769858518810646,0.8621482912197036,,,2.080667836718201,2.174749238646568,1.9883537152178563,0.09344828426077335,0.019375642345296065,0.056575680186641275,2.080667836718201,0.1913171261548996,0.191359251062208,,,False,False,10.0
tirex,wind_farms_hourly,Wind Farms,0,Emb,embedding,block_depth,True,0,0.0,0.0,False,False,False,False,False,False,False,False,False,False,False,147744,0.6563544061376165,1.475304509239015,0.2356075431831636,-0.05737626596170887,-0.07592876548949941,-0.06691203930749345,0.6563544061376165,21.310207044418288,25.29980076975799,17.50315637138026,-5.0249943976688485,-8.745386134082379,-6.78756049375221,21.310207044418288,5.042418027790855,12.02168205582151,1.4853974943585924,-0.431158237781666,-0.6347550859196255,-0.5318036263321577,5.042418027790855,1.113517526178734,0.11351752617873401,2.082159561331712,2.604305593291059,1.6983235600317064,-0.46903273927379685,-0.831578068936113,-0.6318272862323007,2.082159561331712,12.072848320007324,0.22986562952456127,1.20753854679478,0.2075385467947799,False,False,30.0
tirex,wind_farms_hourly,Wind Farms,1,L1,block,block_depth,True,1,0.08333333333333333,0.08333333333333333,False,False,False,False,False,False,True,False,False,False,True,147744,0.6146077335250514,1.4348224464407584,0.19332734767919876,-0.015040272161744816,-0.03416929584945614,-0.025165366694928304,0.6146077335250514,17.83016095133021,21.62760834850804,14.476218290485416,-2.3105693013245183,-4.3485984067285015,-3.3075144006641324,17.83016095133021,4.742080346725525,11.709255256515247,1.2036228312034638,-0.1619393579993026,-0.2955331275833203,-0.2314659452668284,4.742080346725525,1.0426935152799781,0.04469963783293007,1.7409229684307954,2.1872205872224657,1.4119421003735153,-0.2040531355727379,-0.38989858870509214,-0.290590693331384,1.7409229684307954,12.030824661254883,0.19988877203969554,1.0500630207684707,0.09278457650588767,False,False,3.0
tirex,wind_farms_hourly,Wind Farms,2,L2,block,block_depth,True,2,0.16666666666666666,0.16666666666666666,False,False,False,False,True,True,False,False,False,False,False,147744,0.6065524858884684,1.4271383536592095,0.1859917206949206,-0.00745688222423338,-0.02556370941651913,-0.017110119058345363,0.6065524858884684,16.47299324309127,19.920777664610203,13.357341624357323,-1.194147146557223,-2.782553286915882,-1.9503466924251924,16.47299324309127,4.709691690743257,11.666760547385495,1.179174484003326,-0.12603391750879758,-0.26648105108939846,-0.1990772892845598,4.709691690743257,1.02902763700268,0.04469963783293007,1.642980241695304,2.078436512719226,1.3264736351598259,-0.12220685805569555,-0.27677487208075224,-0.19264796659589267,1.642980241695304,12.019654273986816,0.1924638143306925,1.0110579608972463,0.09278457650588767,False,False,3.0
tirex,wind_farms_hourly,Wind Farms,3,L3,block,block_depth,True,3,0.25,0.25,False,False,False,False,False,False,False,False,False,False,False,147744,0.6046102064739884,1.424177497421313,0.18431866446239803,-0.006898890053035839,-0.02245954576753548,-0.015167839643865366,0.6046102064739884,16.271890968592828,19.70920240515691,13.205426116699176,-0.9741693839091723,-2.5743669926150137,-1.7492444179267501,16.271890968592828,4.668017839651968,11.625110433697563,1.1370343751165704,-0.09696783193213956,-0.21343391606019613,-0.1574034381932714,4.668017839651968,1.0257325236484685,0.04469963783293007,1.621774444513249,2.048002403277068,1.313290442142373,-0.10191147486548438,-0.25184618289500843,-0.1714421694138375,1.621774444513249,12.023285865783691,0.19276156978866527,1.0126221407781806,0.09278457650588767,False,False,10.0
tirex,wind_farms_hourly,Wind Farms,4,L4,block,block_depth,True,4,0.3333333333333333,0.3333333333333333,False,False,False,False,False,False,False,False,False,False,False,147744,0.6023438496529373,1.421460716860397,0.18205441095375718,-0.004626509157020177,-0.020342965622677792,-0.012901482822814225,0.6023438496529373,16.39692324392104,19.90261483160159,13.25317560232703,-1.0398287234227015,-2.7626560879388258,-1.8742766932549628,16.39692324392104,4.665540381268744,11.619929507812548,1.1379547721739467,-0.09073745659054615,-0.2135386877259508,-0.15492597981004685,4.665540381268744,1.0218876069126066,0.04469963783293007,1.6267869237658148,2.0478754625005537,1.3158163906800382,-0.105083925525556,-0.2597170653556986,-0.17645464866640337,1.6267869237658148,12.019060134887695,0.19427823848339892,1.0205895603327955,0.09278457650588767,False,False,10.0
tirex,wind_farms_hourly,Wind Farms,5,L5,block,block_depth,True,5,0.4166666666666667,0.4166666666666667,False,False,False,False,False,False,False,False,False,False,False,147744,0.6046365844227999,1.4237354921667573,0.18432810295138594,-0.0073404174111428334,-0.022318341235367176,-0.015194217592676806,0.6046365844227999,16.80407743579808,20.385676859533046,13.565905003745902,-1.3845555636212197,-3.251353891586567,-2.2814308851320035,16.80407743579808,4.654006507131271,11.611869428898432,1.121379176594295,-0.08791445500140588,-0.19527868101439533,-0.1433921056725742,4.654006507131271,1.0257772743319886,0.04469963783293007,1.6719343194482985,2.1059310022069857,1.352768308646925,-0.13944280557019634,-0.32364907263959425,-0.22160204434888708,1.6719343194482985,12.017971992492676,0.19545783439494727,1.0267862567931678,0.09278457650588767,False,False,10.0
tirex,wind_farms_hourly,Wind Farms,6,L6,block,block_depth,True,6,0.5,0.5,False,False,False,False,False,False,False,False,False,False,False,147744,0.6103608619478595,1.4296329346968868,0.18967032187604096,-0.01387394190159866,-0.02755618138862639,-0.02091849511773647,0.6103608619478595,17.014758432227513,20.608104658401224,13.791376635084328,-1.4493961999372844,-3.653372561215604,-2.492111881561435,17.014758432227513,4.693142694316017,11.65589060379917,1.1588345403627092,-0.12700095571453246,-0.23369119846985928,-0.1825282928573202,4.693142694316017,1.0354886182176402,0.04469963783293007,1.6928418873039912,2.1272391753870403,1.3731155023648765,-0.1522848506953542,-0.3551718886351304,-0.24250961220457978,1.6928418873039912,12.016988754272461,0.2013457415710765,1.0577168264909136,0.09278457650588767,False,False,10.0
tirex,wind_farms_hourly,Wind Farms,7,L7,block,block_depth,True,7,0.5833333333333334,0.5833333333333334,False,False,False,False,False,False,False,False,False,False,False,147744,0.6137492685784934,1.4331519706850115,0.19307855365758775,-0.01744950935386746,-0.030711616562476857,-0.024306901748370358,0.6137492685784934,16.896568273035957,20.377716750672576,13.763599622563605,-1.5032124769518598,-3.315371408186791,-2.3739217223698788,16.896568273035957,4.727604819733428,11.692007655324431,1.1939457156308004,-0.1620139987665638,-0.2708050096107924,-0.2169904182747313,4.727604819733428,1.041237113441789,0.04469963783293007,1.696634372765523,2.1314254480402917,1.3798180580064472,-0.16690869354667767,-0.3441720490017261,-0.24630209766611166,1.696634372765523,12.015539169311523,0.20802119756757304,1.0927845765058877,0.09278457650588767,False,False,10.0
tirex,wind_farms_hourly,Wind Farms,8,L8,block,block_depth,True,8,0.6666666666666666,0.6666666666666666,False,False,False,False,False,False,False,False,False,False,False,147744,0.6157902271508147,1.4357355912130696,0.19505692408633424,-0.02075550148622586,-0.031630177842453144,-0.026347860320691585,0.6157902271508147,17.00499046302577,20.443586829756594,13.964997126093062,-1.7130395740211541,-3.3198594558096657,-2.482343912359692,17.00499046302577,4.736096160786467,11.694845113145131,1.2024136846763096,-0.17934903149301418,-0.2704919277761803,-0.22548175932776982,4.736096160786467,1.04469963783293,0.04469963783293007,1.6977905867087049,2.1415196900042925,1.3795624754869733,-0.17394449945437634,-0.3426939250216938,-0.24745831160929344,1.6977905867087049,12.0071439743042,0.203594827093184,1.069531804957247,0.06953180495724709,False,False,10.0
tirex,wind_farms_hourly,Wind Farms,9,L9,block,block_depth,True,9,0.75,0.75,False,False,False,False,False,False,False,False,False,False,False,147744,0.6067335122399999,1.4263726714897174,0.18560015916635944,-0.012500218314363957,-0.021664099698132662,-0.017291145409876862,0.6067335122399999,16.668582358478037,20.16409009616064,13.549346697880159,-1.3982404974826959,-3.0185702253702913,-2.1459358078119593,16.668582358478037,4.672746525667746,11.629220941946782,1.1419431259531097,-0.11824457217373717,-0.20398190861436025,-0.162132124209049,4.672746525667746,1.029334751593891,0.029334751593891095,1.6577585387051323,2.086353619636167,1.3404987233823378,-0.142896947836224,-0.28895649970881904,-0.20742626360572092,1.6577585387051323,11.994195938110352,0.20264350024286573,1.06453425989261,0.06453425989260997,False,False,10.0
tirex,wind_farms_hourly,Wind Farms,10,L10,block,block_depth,True,10,0.8333333333333334,0.8333333333333334,False,False,False,False,False,False,False,False,False,False,False,147744,0.6005354235233128,1.420017982618741,0.1791878499087117,-0.007336987275097041,-0.014525362363490318,-0.011093056693189718,0.6005354235233128,16.041924088140476,19.44502958161681,12.999218804823672,-0.9442584080000267,-2.164644347986586,-1.519277537474398,16.041924088140476,4.628858211732649,11.585106865880517,1.0944408327790058,-0.0813955979014289,-0.15354293010371267,-0.11824381027395248,4.628858211732649,1.0188195781596858,0.018819578159685824,1.589446088658596,2.0083298911623064,1.2747412246289567,-0.0922132749771078,-0.19723982764766465,-0.1391138135591845,1.589446088658596,11.981328010559082,0.20030981568861325,1.052274862691088,0.05227486269108805,False,False,10.0
tirex,wind_farms_hourly,Wind Farms,11,L11,block,block_depth,True,11,0.9166666666666666,0.9166666666666666,True,False,False,True,False,False,False,True,True,True,False,147744,0.5938630836326202,1.413446575443559,0.17241773948816314,-0.0015241098193849835,-0.0070758764691587015,-0.0044207168024971155,0.5938630836326202,14.917523052887573,18.07968903853555,12.105678335090746,0.0019436863527877049,-0.8128320471425267,-0.3948765022214946,14.917523052887573,4.548447093839079,11.50223391592878,1.0143346036824588,-0.010912979497338961,-0.06185469398725922,-0.03783269238038223,4.548447093839079,1.0074998287385935,0.00749982873859345,1.4914467224947594,1.8946352189587465,1.1868998214762805,-0.009275667351468515,-0.07673512768981997,-0.041114447395347975,1.4914467224947594,11.970816612243652,0.19196860170176694,1.0084564917714616,0.008456491771461572,False,False,10.0
tirex,wind_farms_hourly,Wind Farms,12,L12,block,block_depth,True,12,1.0,1.0,False,True,False,False,False,False,False,False,False,False,False,147744,0.5894423668301231,1.4091814671431575,0.16761917148473254,0.0,0.0,0.0,0.5894423668301231,14.522646550666078,17.694175195494473,11.70158352861306,0.0,0.0,0.0,14.522646550666078,4.510614401458697,11.48048419241465,0.971442034229303,0.0,0.0,0.0,4.510614401458697,1.0,0.0,1.4503322750994114,1.8428122101955018,1.1525365633572258,0.0,0.0,0.0,1.4503322750994114,11.971549987792969,0.19035883379019514,1.0,0.0,False,False,10.0
tirex,wind_farms_hourly,Wind Farms,13,L12+RMS,final_norm,head_input_diagnostic,False,12,,,False,False,True,False,False,False,False,False,False,False,False,147744,0.5835196546826312,1.4041065263344181,0.16109853997339588,0.007733918177692679,0.0040512691525642994,0.005922712147491849,0.5835196546826312,13.913947763192834,17.109405611420144,11.112923269627414,0.9039193289443042,0.35180984857222664,0.6086987874732444,13.913947763192834,4.444617687650775,11.410411973192256,0.9004692483015551,0.08199451105357966,0.050071807165708644,0.06599671380792227,4.444617687650775,,,1.4064476828896562,1.7981474243493272,1.106316217807178,0.07261939216601701,0.019714265019483507,0.04388459220975527,1.4064476828896562,11.955171585083008,0.18572006308836222,,,False,False,10.0
tirex,sg_carpark,SG Carpark,0,Emb,embedding,block_depth,True,0,0.0,0.0,False,False,False,False,False,False,False,False,False,False,False,147744,0.2319216423873174,0.24506548179923898,0.22064412372281492,-0.1029748359405683,-0.11869786175778188,-0.11123844259287005,0.2319216423873174,24.220305548891112,26.3216827293374,22.261735315984723,-11.506111588082566,-14.443085223356992,-12.986286058756631,24.220305548891112,1.6065859767939268,1.6903976437398398,1.5255526624397013,-0.8165854640837984,-0.9493677461062467,-0.8849962540882315,1.6065859767939268,1.9217392543646175,0.9217392543646175,0.6323922640293217,0.695030589124385,0.5763238455273938,-0.26277488883213634,-0.34408617674177966,-0.3030910172463462,0.6323922640293217,0.2329416126012802,0.2650111557568534,2.087721842067784,1.087721842067784,False,False,3.0
tirex,sg_carpark,SG Carpark,1,L1,block,block_depth,True,1,0.08333333333333333,0.08333333333333333,False,False,False,False,False,False,False,False,False,False,False,147744,0.14348839824272078,0.15861938321978739,0.13012695878844097,-0.01842355946747134,-0.026918714952334177,-0.022805198448273417,0.14348839824272078,12.947412047886512,14.829279562004709,11.313747010082647,-1.1125432600137253,-2.2936766358266873,-1.713392557752032,12.947412047886512,0.8445201987431771,0.9369536250993569,0.7647160567872139,-0.09393423511503363,-0.1503272363553266,-0.12293047603748175,0.8445201987431771,1.1889674659531415,0.1889674659531415,0.38379432196697544,0.44439326445064325,0.33288624407687245,-0.03405716962711503,-0.07255370852971865,-0.05449307518399993,0.38379432196697544,0.14558687806129456,0.18996560135803653,1.4965231711248748,0.49652317112487476,False,False,0.1
tirex,sg_carpark,SG Carpark,2,L2,block,block_depth,True,2,0.16666666666666666,0.16666666666666666,False,False,False,False,False,False,False,False,False,False,False,147744,0.13608917498192882,0.15069726576113096,0.1232835441972471,-0.011675264581374958,-0.018965479416120274,-0.015405975187481463,0.13608917498192882,12.397590672441611,14.209226431166954,10.807142008043007,-0.5525238891740311,-1.7475659961228995,-1.1635711823071304,12.397590672441611,0.814476703060743,0.907693863760458,0.7346968701039925,-0.06809439834189825,-0.11683922850312116,-0.09288698035504772,0.814476703060743,1.1276563367040446,0.12765633670404464,0.36411415278000625,0.42281957999044684,0.3147542135936128,-0.016411296049785782,-0.05135425571341094,-0.03481290599703074,0.36411415278000625,0.1328744888305664,0.17357620908378882,1.3674097678364583,0.3674097678364583,False,False,1.0
tirex,sg_carpark,SG Carpark,3,L3,block,block_depth,True,3,0.25,0.25,False,False,False,False,False,False,False,False,False,False,False,147744,0.13548353195485086,0.149448219195566,0.12307059269761508,-0.010440551327267853,-0.018649643470170132,-0.014800332160403495,0.13548353195485086,12.354745483872653,14.112083147151514,10.828975800883022,-0.44342821753731254,-1.7579603362057867,-1.1207259937381728,12.354745483872653,0.8029771908171972,0.8913180258542321,0.7274991050475361,-0.05027576873361892,-0.1088355199067432,-0.08138746811150188,0.8029771908171972,1.1226378831984238,0.12263788319842384,0.36368240867087137,0.41960139043383776,0.3160321316495029,-0.012293104449256385,-0.05287529708850692,-0.03438116188789586,0.36368240867087137,0.13182680308818817,0.16550046199206578,1.3037901305941888,0.3259143311598749,False,False,3.0
tirex,sg_carpark,SG Carpark,4,L4,block,block_depth,True,4,0.3333333333333333,0.3333333333333333,False,False,False,False,False,False,False,False,False,False,False,147744,0.13394426437631501,0.14793574921155378,0.12177067169509197,-0.008600779440474958,-0.017319487788488203,-0.013261064581867654,0.13394426437631501,12.44211251622726,14.22322212821536,10.885430874440013,-0.4746265649124024,-1.9532897035419552,-1.2080930260927794,12.44211251622726,0.81166311003141,0.897703197968586,0.737016925526861,-0.05693003460341312,-0.12010408501241383,-0.09007338732571468,0.81166311003141,1.1098832696220722,0.10988326962207218,0.35952936057905716,0.416521625461193,0.3113203702888862,-0.006319880771128596,-0.05111098060122894,-0.030228113796081646,0.35952936057905716,0.13134491443634033,0.1662587432748517,1.309763767409523,0.3259143311598749,False,False,10.0
tirex,sg_carpark,SG Carpark,5,L5,block,block_depth,True,5,0.4166666666666667,0.4166666666666667,False,False,False,False,False,False,False,False,False,False,False,147744,0.1321163392588917,0.14648319009407346,0.11948182773329108,-0.0076570239362680394,-0.014899982276535738,-0.011433139464444353,0.1321163392588917,12.363166517415472,14.112233939639562,10.796728496732946,-0.5020882041002764,-1.7293568267691428,-1.1291470272809914,12.363166517415472,0.8029599512964875,0.8922754747002696,0.7270229484637648,-0.056358867255358144,-0.10471018788206084,-0.08137022859079213,0.8029599512964875,1.0947367942175692,0.09639720172939881,0.3568331159860735,0.4145284003268505,0.306185946093672,-0.009790276983067848,-0.04378021646500388,-0.02753186920309797,0.3568331159860735,0.11653103679418564,0.16830886292171343,1.325914331159875,0.3259143311598749,False,False,3.0
tirex,sg_carpark,SG Carpark,6,L6,block,block_depth,True,6,0.5,0.5,False,False,False,False,False,False,False,False,False,False,False,147744,0.13118211603013136,0.1458337201379071,0.1179856687855228,-0.006328941329703311,-0.014230770910800676,-0.010498916235683997,0.13118211603013136,12.04260988636709,13.849086347594,10.476598368809116,-0.09487095016475654,-1.4870832247225376,-0.80859039623261,12.04260988636709,0.7929981510968915,0.8848595465502389,0.7133973985672922,-0.04297786950823117,-0.09816811194932969,-0.07140842839119621,0.7929981510968915,1.0869956734124235,0.09639720172939881,0.34906141146416564,0.40808607821454496,0.29931863402183634,0.0018015187073481852,-0.039451508376151634,-0.01976016468119013,0.34906141146416564,0.11901495605707169,0.1663710597039616,1.3106485809623942,0.3106485809623942,False,False,10.0
tirex,sg_carpark,SG Carpark,7,L7,block,block_depth,True,7,0.5833333333333334,0.5833333333333334,False,False,False,False,False,False,False,False,False,False,False,147744,0.13231672255038204,0.1472500430467396,0.11897526434307003,-0.007283502573536779,-0.015478152771201528,-0.011633522755934683,0.13231672255038204,11.802846638382666,13.557476794043701,10.292142709932582,0.12205910619157025,-1.1851233992669823,-0.5688271482481859,11.802846638382666,0.782573813698233,0.8714130572377934,0.7059855158501963,-0.031062683273071615,-0.08834052098053718,-0.060984090992537654,0.782573813698233,1.0963972017293988,0.09639720172939881,0.3495993584204199,0.40848845996005095,0.3010050657434724,0.001135192344150865,-0.0383423221845516,-0.020298111637444383,0.3495993584204199,0.11559055745601654,0.16470092772848188,1.2974915084067622,0.2974915084067622,False,False,10.0
tirex,sg_carpark,SG Carpark,8,L8,block,block_depth,True,8,0.6666666666666666,0.6666666666666666,False,False,False,False,False,False,False,False,False,False,False,147744,0.12789412545787412,0.1426803868064015,0.11483096390841582,-0.0034972384240541383,-0.0105704159386414,-0.007210925663426765,0.12789412545787412,11.559372855138534,13.314558882423999,10.032591133660839,0.30305878175972933,-0.889787226790398,-0.32535336500405343,11.559372855138534,0.7620785529078729,0.8521866678623725,0.68422003240914,-0.015012462919630133,-0.06322936551448072,-0.04048883020217753,0.7620785529078729,1.0597508657021748,0.059750865702174805,0.33865883603283653,0.3977379659649046,0.2893228216620272,0.008873853301343212,-0.025330656039228204,-0.00935758924986102,0.33865883603283653,0.11381445080041885,0.16069111257454768,1.2659027299811343,0.2659027299811343,False,False,10.0
tirex,sg_carpark,SG Carpark,9,L9,block,block_depth,True,9,0.75,0.75,False,False,False,False,False,False,False,False,False,False,False,147744,0.12427691255543528,0.1388774857987876,0.11137917042488896,-0.000529619383936135,-0.0063437335874548684,-0.0035937127609879244,0.12427691255543528,11.396204043366357,13.174284823322585,9.855757572646548,0.31945074825299885,-0.5811891345866328,-0.1621845532318762,11.396204043366357,0.7478100882023964,0.8389341366925014,0.6697336252905796,-0.006730405428004453,-0.04442023249927727,-0.026220365496701037,0.7478100882023964,1.0297780699145274,0.02977806991452736,0.33162660627540763,0.39032577053497597,0.2822067584308848,0.012506640847574073,-0.01462784385363732,-0.002325359492432122,0.33162660627540763,0.112523652613163,0.1465947908259886,1.1548538244238036,0.15485382442380358,False,False,10.0
tirex,sg_carpark,SG Carpark,10,L10,block,block_depth,True,10,0.8333333333333334,0.8333333333333334,False,False,False,False,False,False,True,False,False,False,True,147744,0.12217742687691066,0.13689449930426764,0.10911561072551472,0.0012022977279194,-0.003899615490282918,-0.0014942270824633008,0.12217742687691066,11.06475633822526,12.806049383805494,9.558006734859367,0.6798948629963365,-0.24951138012913124,0.16926315190922026,11.06475633822526,0.732425805020189,0.8228603245773474,0.6535246026170447,0.005966968570813982,-0.026333967656258738,-0.010836082314493622,0.732425805020189,1.0123814009324275,0.012381400932427455,0.32539829262795844,0.3830885840853282,0.2761283175306605,0.01834598850989881,-0.007665006594394545,0.0039029541550170688,0.32539829262795844,0.10913754999637604,0.13619647646522792,1.0729373181180655,0.07293731811806548,False,False,10.0
tirex,sg_carpark,SG Carpark,11,L11,block,block_depth,True,11,0.9166666666666666,0.9166666666666666,True,False,False,False,False,True,False,False,False,True,False,147744,0.1184514754657018,0.13321338079680325,0.10564029304899991,0.004464801581639597,0.0002657010761947316,0.002231724328745563,0.1184514754657018,10.908729184275009,12.725080022901132,9.295553623808177,0.566626844048888,0.11408566627423271,0.32529030585947183,10.908729184275009,0.7079023031838065,0.8005040552992521,0.6284354831835262,0.02663984376042156,0.0024264223091511965,0.013687419521888788,0.7079023031838065,0.9815075807357881,0.0,0.32064550583712603,0.380865907343113,0.2690593881295302,0.01835699577719246,0.0006591889127937373,0.008655740945849477,0.32064550583712603,0.10666778683662415,0.1298364768236202,1.0228341059366504,0.022834105936650362,False,False,10.0
tirex,sg_carpark,SG Carpark,12,L12,block,block_depth,True,12,1.0,1.0,False,True,False,True,True,False,False,True,True,False,False,147744,0.12068319979444736,0.13605340603938967,0.10703803091915061,0.0,0.0,0.0,0.12068319979444736,11.23401949013448,13.209162015437524,9.506767481149684,0.0,0.0,0.0,11.23401949013448,0.7215897227056953,0.8218660111551253,0.6364537273015373,0.0,0.0,0.0,0.7215897227056953,1.0,0.0,0.3293012467829755,0.3944952739285451,0.27392505072778317,0.0,0.0,0.0,0.3293012467829755,0.10518712550401688,0.12693796195300286,1.0,0.0,False,False,10.0
tirex,sg_carpark,SG Carpark,13,L12+RMS,final_norm,head_input_diagnostic,False,12,,,False,False,True,False,False,False,False,False,False,False,False,147744,0.11634276729434898,0.13067514107267944,0.10358887350523455,0.006516072567089296,0.002396834421755563,0.0043404325000983845,0.11634276729434898,10.682326614991307,12.477479477157676,9.092208339579427,0.8161122734177332,0.32751493444021956,0.5516928751431731,10.682326614991307,0.6915618996264857,0.7846579752779755,0.6130584912901845,0.044566413890698355,0.017910529443464506,0.030027823079209592,0.6915618996264857,,,0.31493581131236825,0.3738419297713452,0.2640973647846459,0.023400911396774516,0.007259227519235803,0.014365435470607257,0.31493581131236825,0.1031898558139801,0.12382406638251187,,,False,False,10.0
tirex,coastal_ts,Coastal T-S,0,Emb,embedding,block_depth,True,0,0.0,0.0,False,False,False,False,False,False,False,False,False,False,False,147744,0.3669889820739627,0.4248622396262361,0.31548451361401625,-0.03625286708508308,-0.11607794167939575,-0.0737915700301528,0.3669889820739627,0.4293415780440359,0.5411555681697886,0.33492440906627063,-0.06596946509044296,-0.16376196786280414,-0.10917928748627687,0.4293415780440359,1.8143510436850683,2.2943180989778695,1.388728506282544,-0.25938306743385064,-0.8725569501962375,-0.5418423539959873,1.8143510436850683,1.2516787904632896,0.25167879046328956,0.10759084616842528,0.1384867480154413,0.08253041143610194,-0.01643634513203651,-0.041900541943035156,-0.027594966671875318,0.10759084616842528,0.3504854142665863,0.3678894682476918,1.2620230643386114,0.26202306433861144,True,False,90.0
tirex,coastal_ts,Coastal T-S,1,L1,block,block_depth,True,1,0.08333333333333333,0.08333333333333333,True,False,False,False,True,True,True,False,False,True,True,147744,0.29123965891388554,0.33947617798694407,0.24770655674510636,0.02394812071967563,-0.019841800645614683,0.0019577531299243556,0.29123965891388554,0.3417480676231595,0.4450550247286534,0.25141496960731197,0.004626631057303436,-0.04852368241017537,-0.02158577706540049,0.3417480676231595,1.2554643935356748,1.4772924211948646,1.0628893074620895,0.15094299930530194,-0.10428801136864846,0.01704429615340608,1.2554643935356748,0.9933227475772132,0.011342423744474583,0.08606295756434391,0.11406097503336268,0.06320748024137782,0.00024781349603872664,-0.012775163472595812,-0.0060670780677939545,0.08606295756434391,0.26638761162757874,0.29548045170182985,1.0136282152492417,0.0269706168221433,False,False,30.0
tirex,coastal_ts,Coastal T-S,2,L2,block,block_depth,True,2,0.16666666666666666,0.16666666666666666,False,False,False,True,False,False,False,False,False,False,False,147744,0.27908593028162915,0.324246256328964,0.23765126028641437,0.03789614805718885,-0.006433886553471277,0.014111481762180744,0.27908593028162915,0.3250851264136405,0.42929719746740747,0.23811015910552347,0.022596657477810794,-0.029712705534847957,-0.004922835855881491,0.3250851264136405,1.1844125988862244,1.377063583729145,1.0184342663811186,0.267131036824712,-0.046994338259674126,0.08809609080285652,1.1844125988862244,0.9518703740806819,0.011342423744474583,0.08156468940116098,0.10863724867678899,0.059455368288799125,0.0046365877963349305,-0.007688998900075913,-0.0015688099046110154,0.08156468940116098,0.2599189579486847,0.29385156005931395,1.0080403988000375,0.0269706168221433,False,False,30.0
tirex,coastal_ts,Coastal T-S,3,L3,block,block_depth,True,3,0.25,0.25,False,False,False,False,False,False,False,False,False,False,False,147744,0.2822294000846644,0.32577118741270766,0.24215503812689956,0.03201538753152512,-0.007680206889441839,0.010968011959145485,0.2822294000846644,0.32556605125992516,0.43238202866500713,0.23828767790146563,0.018064687738432485,-0.028920836709880597,-0.005403760702166138,0.32556605125992516,1.2074565793048946,1.4193090042976388,1.0280356164203333,0.21262184832372324,-0.058999357986460735,0.06505211038418635,1.2074565793048946,0.9625917163364777,0.011342423744474583,0.08150831331722308,0.10878049804593692,0.05936477244438652,0.0038040178531604735,-0.007489528995340637,-0.0015124338206731203,0.08150831331722308,0.2599056363105774,0.29936986478666466,1.0269706168221433,0.0269706168221433,False,False,30.0
tirex,coastal_ts,Coastal T-S,4,L4,block,block_depth,True,4,0.3333333333333333,0.3333333333333333,False,False,False,False,False,False,False,True,True,False,False,147744,0.2809242303483188,0.32438345990764594,0.24067228644465405,0.03522465803738061,-0.006924275165268539,0.012273181695491076,0.2809242303483188,0.32954303696085013,0.4356435833836488,0.2413885837007036,0.015733168485614235,-0.03646223304117611,-0.009380746403091111,0.32954303696085013,1.20764784917257,1.4302198765201748,1.0248323181973331,0.21783943877325457,-0.058523547939695955,0.06486084051651098,1.20764784917257,0.9581402113683828,0.011342423744474583,0.08221583070953442,0.10970467957476415,0.0600692113626291,0.003680658505367327,-0.009135181190260865,-0.002219951212984461,0.08221583070953442,0.2581300735473633,0.2941192255044977,1.0089586092803682,0.009681301246833751,False,False,30.0
tirex,coastal_ts,Coastal T-S,5,L5,block,block_depth,True,5,0.4166666666666667,0.4166666666666667,False,False,False,False,False,False,False,False,False,False,False,147744,0.2801346580963582,0.32000685201492163,0.24255126807062574,0.03320264356637684,-0.005952725425595427,0.01306275394745171,0.2801346580963582,0.3249957548329417,0.42119697057749955,0.2429441953663483,0.01787122153440556,-0.030308660578772222,-0.004833464275182664,0.3249957548329417,1.214491896684653,1.4288619686842994,1.0327425972497517,0.19418311579849545,-0.06410756417300321,0.05801679300442797,1.214491896684653,0.9554472399452835,0.011342423744474583,0.08109771818419444,0.10596322329073174,0.0603904324093622,0.0041458153835011126,-0.006851012864815405,-0.001101838687644477,0.08109771818419444,0.25890427827835083,0.2943298957931499,1.0096813012468338,0.009681301246833751,False,False,30.0
tirex,coastal_ts,Coastal T-S,6,L6,block,block_depth,True,6,0.5,0.5,False,False,False,False,False,False,False,False,False,False,False,147744,0.2842258500556151,0.32473723046714437,0.24471717440756038,0.03261571185818565,-0.013728250147930016,0.008971561988194765,0.2842258500556151,0.32159072250524706,0.4129479677024428,0.24225687781887192,0.017853238911880658,-0.02161509197668265,-0.0014284319474880403,0.32159072250524706,1.221904004610942,1.4466865475972523,1.0361904693239026,0.19818412195740182,-0.08427778309537148,0.05060468507813898,1.221904004610942,0.9694009509645528,0.011342423744474583,0.08046737359325405,0.10429063358242335,0.06058786125729221,0.004159224434107985,-0.005108092501120737,-0.00047149409670409204,0.08046737359325405,0.2586701512336731,0.2931702227021257,1.005703111289572,0.00806819104045875,False,False,30.0
tirex,coastal_ts,Coastal T-S,7,L7,block,block_depth,True,7,0.5833333333333334,0.5833333333333334,False,False,False,False,False,False,False,False,False,False,False,147744,0.2965229813319941,0.33872325224801897,0.2578877039719373,0.017803842873157345,-0.022553676440535745,-0.003325569288184227,0.2965229813319941,0.33471377187736423,0.4349936420007964,0.2507481455531381,0.009039178511794983,-0.04445247562560022,-0.014551481319605208,0.33471377187736423,1.2828776298534363,1.5112539987949212,1.0851946232709115,0.10865187725468588,-0.1231983867418009,-0.010368940164355411,1.2828776298534363,1.0113424237444746,0.011342423744474583,0.08413833656706446,0.11068246209468804,0.0622910071875717,0.002294715657586753,-0.012674977192750308,-0.004142457070514499,0.08413833656706446,0.26141157746315,0.2938596617120008,1.0080681910404587,0.00806819104045875,False,False,30.0
tirex,coastal_ts,Coastal T-S,8,L8,block,block_depth,True,8,0.6666666666666666,0.6666666666666666,False,False,False,False,False,False,False,False,False,False,False,147744,0.2837218002726634,0.3238704840186981,0.24644425264171635,0.028036779370934992,-0.006040108615222113,0.009475611771146475,0.2837218002726634,0.32571765588667606,0.41435034618465133,0.24637591585079519,0.015489362904928713,-0.0270512159559154,-0.005555365328917039,0.32571765588667606,1.2196963743349543,1.4309800237904076,1.0437631085952517,0.15789602505254852,-0.035729092932078044,0.05281231535412667,1.2196963743349543,0.9676818028334758,0.0,0.08069086584229859,0.10375122564292871,0.06089542651790802,0.004471667447985424,-0.005865555113978405,-0.0006949863457486327,0.08069086584229859,0.25963568687438965,0.2914609575333695,0.9998395782117818,0.0012666668532812508,False,False,30.0
tirex,coastal_ts,Coastal T-S,9,L9,block,block_depth,True,9,0.75,0.75,False,False,False,False,False,False,False,False,False,False,False,147744,0.28275064456587035,0.32477640281043324,0.24326724174122014,0.026667265283564733,-0.0031064500954622832,0.010446767477939545,0.28275064456587035,0.31635019632521233,0.4063231349672282,0.23516564811493737,0.018013536720334337,-0.009537089907268046,0.0038120942325466922,0.31635019632521233,1.2246067831704703,1.4644994822022002,1.0259057596879733,0.13967775897249898,-0.031555194074313786,0.04790190651861059,1.2246067831704703,0.9643695099314908,0.0,0.07879868344440162,0.10183277270330364,0.05925267391578725,0.004082170656347194,-0.0014937640997778495,0.0011971960521483388,0.07879868344440162,0.25915369391441345,0.2831525343159835,0.97133802371344,0.0012666668532812508,False,False,30.0
tirex,coastal_ts,Coastal T-S,10,L10,block,block_depth,True,10,0.8333333333333334,0.8333333333333334,False,False,False,False,False,False,False,False,False,False,False,147744,0.2901074360124767,0.33296250801067795,0.2498944143454234,0.01730898169334973,-0.009888472427458814,0.003089976031333208,0.2901074360124767,0.3285166002484449,0.42263458564206624,0.24527985538810465,0.007703866053516213,-0.0271531363002182,-0.008354309690685902,0.3285166002484449,1.2618765271379184,1.520957597435461,1.0483091371709783,0.08412841231169947,-0.061601031719576746,0.010632162551162505,1.2618765271379184,0.9894611074163523,0.0,0.08189878803669949,0.10600777240744669,0.061184792768815804,0.0016592118009852298,-0.006170408958791651,-0.001902908540149531,0.08189878803669949,0.2588057219982147,0.2900562382613619,0.9950207718223558,0.0012666668532812508,False,False,30.0
tirex,coastal_ts,Coastal T-S,11,L11,block,block_depth,True,11,0.9166666666666666,0.9166666666666666,False,False,False,False,False,False,False,False,False,False,False,147744,0.2918019783683121,0.33376198988407846,0.2530407516402192,0.014657478356578695,-0.011119190700507446,0.0013954336754977703,0.2918019783683121,0.3213407636209981,0.4114735876427046,0.24231528420674708,0.01277937356529735,-0.016466372297032773,-0.0011784730632390938,0.3213407636209981,1.2437930753321307,1.488620422890085,1.0425069580391702,0.10419701894071222,-0.03611985645099588,0.028715614356950248,1.2437930753321307,0.9952406344047495,0.0,0.08090261394773288,0.10413377142443464,0.06079544743965027,0.002527939825114968,-0.004686721164344363,-0.0009067344511829167,0.08090261394773288,0.24335230886936188,0.2918769648919503,1.0012666668532813,0.0012666668532812508,False,False,10.0
tirex,coastal_ts,Coastal T-S,12,L12,block,block_depth,True,12,1.0,1.0,False,True,False,False,False,False,False,False,False,False,False,147744,0.2931974120438099,0.34136337676318357,0.2491319607749271,0.0,0.0,0.0,0.2931974120438099,0.320162290557759,0.411781967452616,0.24071876745881468,0.0,0.0,0.0,0.320162290557759,1.272508689689081,1.5736782240490745,1.0295755093167165,0.0,0.0,0.0,1.272508689689081,1.0,0.0,0.07999587949654996,0.10316149852516178,0.060196966047444275,0.0,0.0,0.0,0.07999587949654996,0.25627800822257996,0.29150772172336775,1.0,0.0,False,False,30.0
tirex,coastal_ts,Coastal T-S,13,L12+RMS,final_norm,head_input_diagnostic,False,12,,,False,False,True,False,False,False,False,False,False,False,False,147744,0.2858394129822652,0.33068893863043436,0.24420036911421145,0.028785459483818412,-0.008993291311586878,0.007357999061544718,0.2858394129822652,0.3141932957399255,0.4075056919599287,0.2333351298686055,0.03148689092275583,-0.012364105892789464,0.005968994817833528,0.3141932957399255,1.1962428869516413,1.4235556696088505,1.0187428076906475,0.25798817419006254,-0.04941885297240082,0.07626580273743966,1.1962428869516413,,,0.07908568240915381,0.10279233881461405,0.058550949523253945,0.006392871543499827,-0.0033166803170946884,0.0009101970873961474,0.07908568240915381,0.2525921165943146,0.28975523822009563,,,False,False,45.0
tirex,boom_hourly,BOOM,0,Emb,embedding,block_depth,True,0,0.0,0.0,False,False,False,False,False,False,False,False,False,False,False,147744,0.24788792681811894,0.3097234765414969,0.20195369425934798,-0.029398469703198333,-0.04144413173448629,-0.03544870590906865,0.24788792681811894,0.4788578284408377,0.6887600072936205,0.32995995615537094,-0.06504992549674186,-0.1208767095329398,-0.0910162767597068,0.4788578284408377,1.4019449305626235,2.043095052640889,0.9852187030946541,-0.17114009738240452,-0.29128776271088985,-0.22834704365637992,1.4019449305626235,1.1668651662220366,0.16686516622203662,4.74408605454741,5.522789487605949,3.9650488841798524,-0.6039037380260683,-1.3340331356171178,-0.9117318512661927,4.74408605454741,10.830522537231445,0.19950539394581723,1.1888813076804328,0.18888130768043276,False,False,10.0
tirex,boom_hourly,BOOM,1,L1,block,block_depth,True,1,0.08333333333333333,0.08333333333333333,False,False,False,True,True,True,True,False,False,False,True,147744,0.2156359580592752,0.2791937793145945,0.16850004621247344,0.0028373756828733647,-0.008517248585220377,-0.003196737150224921,0.2156359580592752,0.3810260455708509,0.5492517091419793,0.25790057252841814,0.07003890088753523,-0.03208185040571893,0.0068155061102799785,0.3810260455708509,1.207317955455297,1.879848606866432,0.784966138324757,0.02930509048581792,-0.09976819236984609,-0.03372006854905352,1.207317955455297,1.0150477728949756,0.05563345219886617,3.6366152822668303,4.4865392557239865,2.944606806123311,0.701292737858419,-0.21825409465834936,0.1957389210143874,3.6366152822668303,10.791666984558105,0.16442832033975988,0.9798519861489153,0.06741579070480563,False,False,3.0
tirex,boom_hourly,BOOM,2,L2,block,block_depth,True,2,0.16666666666666666,0.16666666666666666,False,False,False,False,False,False,False,False,False,False,False,147744,0.2155847733177371,0.27859931521678055,0.16901282129775058,0.002152813101808216,-0.007932647864602646,-0.0031455524086868025,0.2155847733177371,0.37751716869055996,0.5489660623822811,0.25301571675302986,0.06063832148087162,-0.020509801237745477,0.010324382990570924,0.37751716869055996,1.171313405976087,1.802757776829869,0.7678896021192819,0.0469187243056154,-0.035355358677252514,0.0022844809301565405,1.171313405976087,1.0148068346100434,0.05563345219886617,3.6767962272855903,4.472962207199756,2.987012399429128,0.601407210334547,-0.20553071330590714,0.15555797599562737,3.6767962272855903,10.79352855682373,0.1664819815064554,0.9920900481135788,0.06741579070480563,False,False,10.0
tirex,boom_hourly,BOOM,3,L3,block,block_depth,True,3,0.25,0.25,False,False,False,False,False,False,False,False,False,False,False,147744,0.218015872110418,0.280973757938666,0.1712591872433474,4.492326123948966e-06,-0.010265451836226102,-0.005576651201367716,0.218015872110418,0.37901980637247223,0.5462230123933243,0.2575477037319791,0.06436238059924229,-0.02479737462263358,0.008821745308658646,0.37901980637247223,1.1865620376403738,1.813748588271027,0.7852879878051002,0.035431821607687326,-0.051067746966195544,-0.012964150734130264,1.1865620376403738,1.026250572646165,0.05563345219886617,3.6787749375713523,4.489454164996961,3.00723597591163,0.6521642479731696,-0.2505054740130089,0.15357926570986535,3.6787749375713523,10.791461944580078,0.16796187079895689,1.0009089210397377,0.06741579070480563,False,False,10.0
tirex,boom_hourly,BOOM,4,L4,block,block_depth,True,4,0.3333333333333333,0.3333333333333333,False,False,False,False,False,False,False,False,False,False,False,147744,0.21905221589078,0.2820703781626876,0.17251696463826896,-0.0006932937551952827,-0.011406926261945127,-0.0066129949817297085,0.21905221589078,0.37790642893579046,0.5406656316871714,0.25928621919740147,0.07068847554218886,-0.025377197486168464,0.009935122745340419,0.37790642893579046,1.1960498788744331,1.8250362885738216,0.7950337086846216,0.031186752188777082,-0.062060944459812514,-0.02245199196818959,1.1960498788744331,1.031128879843524,0.05563345219886617,3.6750476842260773,4.5064839992514925,3.0255198443201436,0.7172264738765078,-0.29165361344349083,0.15730651905514037,3.6750476842260773,10.788494110107422,0.1725489335755507,1.0282438871997512,0.06741579070480563,False,False,10.0
tirex,boom_hourly,BOOM,5,L5,block,block_depth,True,5,0.4166666666666667,0.4166666666666667,False,False,False,False,False,False,False,False,False,False,False,147744,0.2194850970859413,0.28252316737944777,0.17330993602583764,-0.0006297273319319725,-0.011883896970226918,-0.007045876176891008,0.2194850970859413,0.3837998267198739,0.5426997590649784,0.2668175833297577,0.0715523030206801,-0.03540389536236764,0.004041724961256987,0.3837998267198739,1.206044547038716,1.837469889939965,0.8038606586314037,0.025497496113736046,-0.07376663123457697,-0.03244666013247244,1.206044547038716,1.0331665506338281,0.05563345219886617,3.694309984834785,4.559585736744193,3.0296251093108943,0.7697624470843559,-0.37283182442516877,0.13804421844643278,3.694309984834785,10.785825729370117,0.17277810996724555,1.0296095822461802,0.06741579070480563,False,False,10.0
tirex,boom_hourly,BOOM,6,L6,block,block_depth,True,6,0.5,0.5,False,False,False,False,False,False,False,False,False,False,False,147744,0.22137349177846463,0.284170453762504,0.17495704708084212,-0.0025831528702529834,-0.013759142584904053,-0.00893427086941434,0.22137349177846463,0.38819266063023783,0.5508546751507029,0.2686177110690367,0.06354030288149198,-0.038971908126612664,-0.00035110894910694856,0.38819266063023783,1.2165716444531618,1.8567668912076714,0.8100465592828633,0.011012343413193734,-0.08470856082981609,-0.042973757546918234,1.2165716444531618,1.0420556563481245,0.05563345219886617,3.745139371685848,4.614477919452219,3.0810351331939336,0.7205847588655819,-0.4341685211741401,0.0872148315953698,3.745139371685848,10.784529685974121,0.1758877900665847,1.048140612760444,0.06741579070480563,False,False,10.0
tirex,boom_hourly,BOOM,7,L7,block,block_depth,True,7,0.5833333333333334,0.5833333333333334,False,False,False,False,False,False,False,False,False,False,False,147744,0.22425794815065833,0.2867255062183185,0.17788922845275473,-0.00596109006717003,-0.016398987699415814,-0.01181872724160804,0.22425794815065833,0.39742666654527925,0.5678636599450162,0.2738884255934805,0.04534119611331626,-0.04381600888076197,-0.00958511486414837,0.39742666654527925,1.2319043113624477,1.865710083070308,0.8285247720047041,-0.012016733747416034,-0.09468586193161971,-0.05830642445620415,1.2319043113624477,1.0556334521988662,0.05563345219886617,3.8402402572545755,4.672617533143852,3.1835029572436997,0.5482385999928263,-0.48696544718771495,-0.007886053973357843,3.8402402572545755,10.783820152282715,0.17912234505901567,1.0674157907048056,0.06741579070480563,False,False,10.0
tirex,boom_hourly,BOOM,8,L8,block,block_depth,True,8,0.6666666666666666,0.6666666666666666,True,False,False,False,False,False,False,False,False,True,False,147744,0.22237489628737087,0.2849160022611366,0.1759610484262118,-0.0034961028367880976,-0.014827239848305036,-0.009935675378320574,0.22237489628737087,0.3981124624932844,0.5621599963876067,0.2776110781034552,0.05462041917654964,-0.05143659660358792,-0.010270910812153533,0.3981124624932844,1.2274859835614065,1.8544369220214685,0.8286727433562433,-0.001087909491339267,-0.09169806956892068,-0.05388809665516292,1.2274859835614065,1.0467694964037466,0.04676949640374661,3.8468987404090234,4.735206138606547,3.1595969093139553,0.6383491264539912,-0.6153461667945966,-0.014544537127805679,3.8468987404090234,10.78297233581543,0.17547198375529152,1.0456627632079338,0.04566276320793383,False,False,10.0
tirex,boom_hourly,BOOM,9,L9,block,block_depth,True,9,0.75,0.75,False,False,False,False,False,False,False,False,False,False,False,147744,0.21846224419709484,0.2807910593362041,0.17238689968717616,-0.0024304324960978023,-0.009168795305488375,-0.006023023288044549,0.21846224419709484,0.4046610624578036,0.5917541632835044,0.2704146234388184,0.015641752099546935,-0.04008405777322796,-0.016819510776672708,0.4046610624578036,1.2069979643893223,1.8280513374371297,0.8021712631064344,-0.0028518438809567986,-0.06029108066955452,-0.033400077483078716,1.2069979643893223,1.0283517481483475,0.02835174814834751,3.899188195418191,4.644724163870864,3.1721999788946893,0.2537896448121945,-0.3742940147205117,-0.06683399213697339,3.899188195418191,10.792953491210938,0.17307724784743989,1.031392187854722,0.03139218785472209,False,False,30.0
tirex,boom_hourly,BOOM,10,L10,block,block_depth,True,10,0.8333333333333334,0.8333333333333334,False,False,False,False,False,False,False,False,False,False,False,147744,0.21623627884618643,0.2787923120005624,0.1700781256552407,0.0006173927438219174,-0.007032945806734086,-0.003797057937136139,0.21623627884618643,0.3949830410182279,0.574774618108592,0.2654146436527012,0.03604396159447583,-0.03632611848957315,-0.007141489337097018,0.3949830410182279,1.18049899771773,1.805908562633745,0.7791348780422057,0.027936028689559668,-0.03379907207856445,-0.006901110811486477,1.18049899771773,1.0178736201389185,0.017873620138918467,3.7633052944830148,4.552646726595568,3.072465069865904,0.49932919453522046,-0.2989239027405005,0.06904890879820291,3.7633052944830148,10.781962394714355,0.17258382072977427,1.0284517847643946,0.028451784764394583,False,False,10.0
tirex,boom_hourly,BOOM,11,L11,block,block_depth,True,11,0.9166666666666666,0.9166666666666666,False,False,False,False,False,False,False,True,True,False,False,147744,0.21262788574742733,0.27494982040400406,0.16703781648407465,0.0036332380018686255,-0.0027634937316179395,-0.0001886648383770395,0.21262788574742733,0.38456845212016005,0.5689352887784965,0.25390909141604184,0.03734727758774109,-0.018203132459015357,0.003273099560970827,0.38456845212016005,1.1584946836688317,1.7821790813205522,0.7550541484591138,0.04473015595966617,-0.006610384997215779,0.015103203237411877,1.1584946836688317,1.0008880885439597,0.0008880885439597197,3.6923193856962633,4.448280470047101,2.982222612900167,0.49618665039421767,-0.1546597991872833,0.1400348175849544,3.6923193856962633,10.78022575378418,0.16740071309446278,0.9975649016508931,0.0,False,False,10.0
tirex,boom_hourly,BOOM,12,L12,block,block_depth,True,12,1.0,1.0,False,True,False,False,False,False,False,False,False,False,False,147744,0.2124392209090503,0.2756454726498269,0.16610491788619866,0.0,0.0,0.0,0.2124392209090503,0.3878415516811309,0.5991956613808077,0.24270478117804717,0.0,0.0,0.0,0.3878415516811309,1.1735978869062436,1.7954915526173894,0.7612393833059969,0.0,0.0,0.0,1.1735978869062436,1.0,0.0,3.8323542032812177,4.623696212967602,2.934722305532703,0.0,0.0,0.0,3.8323542032812177,10.784367561340332,0.16780934535429975,1.0,0.0,False,False,10.0
tirex,boom_hourly,BOOM,13,L12+RMS,final_norm,head_input_diagnostic,False,12,,,False,False,True,False,False,False,False,False,False,False,False,147744,0.20172691528585418,0.26384608425025036,0.15593171177049153,0.019182104292578234,0.00541581389741542,0.010712305623196111,0.20172691528585418,0.32207538276470654,0.4519324092906742,0.22628057848623195,0.16744772205438185,0.012056329745182363,0.06576616891642434,0.32207538276470654,1.0697681401221109,1.695577803897811,0.6776193504702339,0.18883939003354844,0.05349790906589068,0.1038297467841327,1.0697681401221109,,,3.107167626302573,4.037670713396767,2.4215856902927992,1.5161691613225443,0.14206722575954897,0.7251865769786447,3.107167626302573,10.76634693145752,0.1568050439585274,,,False,False,10.0
tirex,LOOP_SEATTLE_5T,Loop Seattle,0,Emb,embedding,block_depth,True,0,0.0,0.0,False,False,False,False,False,False,False,False,False,False,False,147744,0.23651210303979975,0.2513661668422625,0.2233382165730568,-0.020503940304229407,-0.034260595012598365,-0.027608936297074532,0.23651210303979975,5.115047520565918,5.573814456530874,4.684560991218447,-0.20484859288102422,-0.6224375812795145,-0.415999272529449,5.115047520565918,1.1298049433501332,1.2245556288500232,1.0374978226000984,-0.03197238381661503,-0.1103241951393043,-0.0727549931804734,1.1298049433501332,1.1321614062991985,0.16615832289857946,0.6167976187201816,0.6723452011096029,0.5656136800574147,-0.038763442097979925,-0.07904125819067633,-0.059379561703495565,0.6167976187201816,0.32583796977996826,0.3084152203252297,1.1706865696314324,0.2047869038781267,True,False,90.0
tirex,LOOP_SEATTLE_5T,Loop Seattle,1,L1,block,block_depth,True,1,0.08333333333333333,0.08333333333333333,False,False,False,False,False,False,False,False,False,False,False,147744,0.24361416657689874,0.2583451807221667,0.2303314347161364,-0.028616720879137636,-0.04078776774686257,-0.03471099983417353,0.24361416657689874,5.460017901368962,5.935546760244934,5.013103679747563,-0.5705522204312276,-0.9615459147891948,-0.7609696533324932,5.460017901368962,1.2155971980722784,1.3180784779893495,1.1158267698683588,-0.11636006930157948,-0.20240903505185362,-0.15854724790261865,1.2155971980722784,1.1661583228985795,0.16615832289857946,0.6452772615260872,0.7041129399773363,0.5914486494912554,-0.06727940788412018,-0.10928580010601373,-0.08785920450940121,0.6452772615260872,0.32278162240982056,0.31739889056855486,1.2047869038781267,0.2047869038781267,True,False,90.0
tirex,LOOP_SEATTLE_5T,Loop Seattle,2,L2,block,block_depth,True,2,0.16666666666666666,0.16666666666666666,False,False,False,False,False,False,False,False,False,False,False,147744,0.24290799619701073,0.25784318319073957,0.2297039681000507,-0.02772823397446966,-0.040366431910772146,-0.03400482945428551,0.24290799619701073,5.424530940508934,5.895052300788967,4.984845914434717,-0.524355579893909,-0.9379425679119909,-0.7254826924724647,5.424530940508934,1.2091620469473496,1.309718374103859,1.1121015564220535,-0.10594319884823097,-0.2009962774277932,-0.1521120967776899,1.2091620469473496,1.1627779510693783,0.1627779510693783,0.6436917147128696,0.7027163922475541,0.5897072226935903,-0.06507091133315117,-0.1085842668855713,-0.08627365769618356,0.6436917147128696,0.32136452198028564,0.31710777972035736,1.2036819014729296,0.20368190147292964,True,False,90.0
tirex,LOOP_SEATTLE_5T,Loop Seattle,3,L3,block,block_depth,True,3,0.25,0.25,False,False,False,False,False,False,False,False,False,False,False,147744,0.2412528116113812,0.2557477151313867,0.22831178089134568,-0.02607982331630953,-0.03870578731289347,-0.03234964486865599,0.2412528116113812,5.383163173708992,5.832254455598246,4.955213843025042,-0.4787095287730542,-0.9011966817814433,-0.6841149256725227,5.383163173708992,1.2024574743355356,1.3017743892081861,1.107364958130925,-0.09755776528524811,-0.19562358074046823,-0.14540752416587588,1.2024574743355356,1.1548547366373638,0.15485473663736382,0.6360164567627934,0.6928276467732076,0.5829611730737265,-0.057529881645943186,-0.10072580830836139,-0.07859839974610738,0.6360164567627934,0.320061594247818,0.3155852238157096,1.197902563646461,0.19790256364646108,True,False,90.0
tirex,LOOP_SEATTLE_5T,Loop Seattle,4,L4,block,block_depth,True,4,0.3333333333333333,0.3333333333333333,False,False,False,False,False,False,False,False,False,False,False,147744,0.23921837177099162,0.2538763435784983,0.22598551581791454,-0.023974385892417814,-0.03643193886053699,-0.0303152050282664,0.23921837177099162,5.24144854051941,5.69258179020218,4.81859731599628,-0.33624482155233604,-0.7592456603498036,-0.5424002924829407,5.24144854051941,1.1729550374283704,1.2722654990138074,1.0783226055298558,-0.06779440841210704,-0.1657995579130396,-0.11590508725871063,1.1729550374283704,1.1451160626281989,0.14511606262819887,0.6331326301946782,0.6899221476485452,0.5807544178630035,-0.054675899062756717,-0.0978348827749758,-0.07571457317799224,0.6331326301946782,0.3147057294845581,0.31141780336735814,1.1820838140278538,0.18208381402785379,True,False,90.0
tirex,LOOP_SEATTLE_5T,Loop Seattle,5,L5,block,block_depth,True,5,0.4166666666666667,0.4166666666666667,False,False,False,False,False,False,False,False,False,False,False,147744,0.20981880703955205,0.22425318644559794,0.1967425536449629,0.004559899081355159,-0.006575240502276128,-0.0009156402968268362,0.20981880703955205,4.412793013593963,4.814495582349164,4.03703047013196,0.497771987889501,0.07093758409282536,0.286255234442506,4.412793013593963,0.9898163070628677,1.0777005624757436,0.9053754060758445,0.11552581701065187,0.01938182617453467,0.06723364310679203,0.9898163070628677,1.0043830848095974,0.004383084809597371,0.554594710206702,0.6071663861523192,0.506603867729868,0.022903677973303355,-0.017398122358108992,0.002823346809983973,0.554594710206702,0.2935640215873718,0.29958024703478087,1.1371506612437916,0.1371506612437916,False,False,65.0
tirex,LOOP_SEATTLE_5T,Loop Seattle,6,L6,block,block_depth,True,6,0.5,0.5,False,False,False,False,False,False,True,False,False,False,True,147744,0.20896407599269434,0.22383285402853526,0.19526725952968513,0.005487226568987117,-0.005787536305311409,-6.090924996912661e-05,0.20896407599269434,4.632824665060284,5.066568956360222,4.223917316824578,0.26292200416127487,-0.1255358500479503,0.06622358297618547,4.632824665060284,1.0483450837807857,1.1445252614210542,0.954707967659558,0.04779523672728185,-0.029475460326793754,0.008704866388874022,1.0483450837807857,1.0002915669059442,0.0016764147096519633,0.554134603712492,0.6084770806947191,0.5045156594558974,0.022628894808532873,-0.01589883888718051,0.003283453304193995,0.554134603712492,0.25954779982566833,0.2868543490483106,1.0888455294686796,0.08884552946867963,False,False,10.0
tirex,LOOP_SEATTLE_5T,Loop Seattle,7,L7,block,block_depth,True,7,0.5833333333333334,0.5833333333333334,False,False,False,False,False,False,False,False,False,False,False,147744,0.1982539569432954,0.21327603961277097,0.18535802729555784,0.015468108986383535,0.0058020239098722694,0.01064920979942982,0.1982539569432954,4.1668227458493226,4.5460634327033125,3.8175974479233337,0.7264682195962573,0.34680755896004867,0.5322255021871465,4.1668227458493226,0.9389881456982526,1.0212113717565334,0.8598655958150875,0.1622761364243296,0.07539431806540689,0.11806180447140713,0.9389881456982526,0.949023224657265,0.0016764147096519633,0.5161557252496739,0.5641550644626884,0.47239935554705664,0.05917108633532668,0.023502986341561186,0.041262331767012106,0.5161557252496739,0.2849220335483551,0.2792808407533715,1.0600979065837655,0.06009790658376546,False,False,65.0
tirex,LOOP_SEATTLE_5T,Loop Seattle,8,L8,block,block_depth,True,8,0.6666666666666666,0.6666666666666666,True,False,False,False,False,True,False,False,False,True,False,147744,0.20270608615784244,0.21805565926594703,0.18956784255134354,0.010434521516102543,0.0019834379477156197,0.006197080584882775,0.20270608615784244,4.326955331707877,4.727386811601755,3.959309289045392,0.5403870322871711,0.2070548622932743,0.372092916328592,4.326955331707877,0.9736932129100924,1.0597107878954433,0.8914086975614925,0.1224036562033557,0.04531413313299753,0.08335673725956738,0.9736932129100924,0.9703351524942904,0.0016764147096519633,0.5321386670925028,0.5832226395660477,0.4860962933913196,0.0415892347239712,0.009649200530088952,0.025279389924183215,0.5321386670925028,0.28813350200653076,0.2731304002058415,1.0367519830631389,0.03675198306313887,True,False,90.0
tirex,LOOP_SEATTLE_5T,Loop Seattle,9,L9,block,block_depth,True,9,0.75,0.75,False,False,False,False,False,False,False,False,False,False,False,147744,0.20925337508434558,0.2249923685906839,0.19501322832683685,0.0034656926651861985,-0.004073375853077148,-0.00035020834162036163,0.20925337508434558,4.647673576262222,5.0820337821543315,4.23082116927432,0.17816063687437936,-0.07586210571582172,0.05137467177424693,4.647673576262222,1.0568354119528183,1.153621190201969,0.9607153815072966,0.025698541929692963,-0.02541565238988023,0.00021453821684147556,1.0568354119528183,1.001676414709652,0.0016764147096519633,0.558537408527422,0.6140021378093602,0.5072640191137098,0.011719241713671552,-0.014047585536252618,-0.0011193515107359442,0.558537408527422,0.2688925266265869,0.2726287481211524,1.0348478054497454,0.03484780544974542,False,False,45.0
tirex,LOOP_SEATTLE_5T,Loop Seattle,10,L10,block,block_depth,True,10,0.8333333333333334,0.8333333333333334,False,False,False,True,True,False,False,True,True,False,False,147744,0.20358480608360913,0.21967404786575556,0.18941165501969862,0.008007041085155962,0.002569026315854945,0.005318360659116089,0.20358480608360913,4.446099822322216,4.882842918408475,4.034805031362746,0.3715072690710694,0.1330537265697908,0.25294842571425313,4.446099822322216,0.997096257636774,1.0885972117067786,0.9083097386197941,0.08736009878554386,0.0318056766374897,0.05995369253288574,0.997096257636774,0.974541502926732,0.0,0.5398722972596695,0.5939858693164801,0.48889564499699095,0.02803147890733171,0.0065124343245691165,0.017545759757016555,0.5398722972596695,0.2812241315841675,0.26437341831340133,1.0035121154548712,0.0035121154548711786,True,False,90.0
tirex,LOOP_SEATTLE_5T,Loop Seattle,11,L11,block,block_depth,True,11,0.9166666666666666,0.9166666666666666,False,False,False,False,False,False,False,False,False,False,False,147744,0.20700661277839247,0.22358330757079914,0.1924479630857507,0.0037226266010827957,0.00011653095725497404,0.0018965539643327478,0.20700661277839247,4.651256504599838,5.123479680518191,4.19720155330401,0.1189893286171697,-0.021420755480226306,0.04779174343663062,4.651256504599838,1.0449067705702602,1.1479878825582273,0.9455045554197292,0.027454036027004105,-0.0025170012437002397,0.01214317959939959,1.0449067705702602,0.9909213728355375,0.0,0.5506027684202036,0.6075784300637617,0.49747202301563426,0.013126558961004823,0.0003363770391764611,0.006815288596482394,0.5506027684202036,0.2794560194015503,0.26123554413100236,0.9916013311600691,0.0,True,False,90.0
tirex,LOOP_SEATTLE_5T,Loop Seattle,12,L12,block,block_depth,True,12,1.0,1.0,False,True,False,False,False,False,False,False,False,False,False,147744,0.20890316674272522,0.22568620420878624,0.1940689772061776,0.0,0.0,0.0,0.20890316674272522,4.699048248036469,5.177884394598519,4.240584598359037,0.0,0.0,0.0,4.699048248036469,1.0570499501696597,1.1647912579570345,0.9541660887850909,0.0,0.0,0.0,1.0570499501696597,1.0,0.0,0.557418057016686,0.6144151625505387,0.5031965929060171,0.0,0.0,0.0,0.557418057016686,0.276740700006485,0.2634481579662507,1.0,0.0,True,False,90.0
tirex,LOOP_SEATTLE_5T,Loop Seattle,13,L12+RMS,final_norm,head_input_diagnostic,False,12,,,False,False,True,False,False,False,False,False,False,False,False,147744,0.2083798770487081,0.2258403191744627,0.19225898241510486,0.0030052395615698035,-0.0020786908622262234,0.0005232896940171039,0.2083798770487081,4.737994998754166,5.247128463975995,4.245906998556771,0.03944603564067164,-0.11909468449871656,-0.03894675071769704,4.737994998754166,1.0713735556753528,1.186573548816044,0.9579869455326375,0.0046327958027346005,-0.03418617235493857,-0.014323605505693005,1.0713735556753528,,,0.5570955727504735,0.617728871275005,0.49952392388772804,0.00831465966100167,-0.007839113797388714,0.00032248426621250825,0.5570955727504735,0.2690459191799164,0.26227514623515025,,,True,False,90.0
tirex,electricity_15min,Electricity 15min,0,Emb,embedding,block_depth,True,0,0.0,0.0,False,False,False,False,False,False,False,False,False,False,False,147744,0.2894090405516042,0.31319286165801624,0.26966120199023086,-0.07559498108973205,-0.10053964745224889,-0.08834410438897047,0.2894090405516042,121.56062464686507,184.5194054503539,71.64357005359187,-19.162377084169503,-60.503320762329935,-36.11927284851629,121.56062464686507,1.937427586168151,2.1073869834652434,1.7794032803196889,-0.537866450031629,-0.6836371372774298,-0.6122096579452192,1.937427586168151,1.439380958585003,0.43938095858500303,1.5079085441855815,1.7359152572459555,1.3574578494047378,-0.26489827791801734,-0.6055290145272944,-0.45038111370915157,1.5079085441855815,0.2727552652359009,0.3138148268215529,2.246210451112063,1.2462104511120629,False,False,0.3
tirex,electricity_15min,Electricity 15min,1,L1,block,block_depth,True,1,0.08333333333333333,0.08333333333333333,False,False,False,False,False,False,False,False,False,False,False,147744,0.2260607945384415,0.2486181852571268,0.20654230525873546,-0.017292712563435546,-0.03279324081399341,-0.024995858375807756,0.2260607945384415,110.40510089554088,182.03140433968338,57.27744187663549,-7.018783731013772,-52.161692392598205,-24.963749097192107,110.40510089554088,1.4970067928130637,1.6918965986096306,1.3238793812494563,-0.12664703113752637,-0.21779675203642035,-0.17178886459013198,1.4970067928130637,1.1243173417148655,0.12431734171486553,1.3580491759290005,1.9278183105356061,1.028232231032525,-0.11607983495744667,-0.5690158287505568,-0.3005217454525706,1.3580491759290005,0.16118894517421722,0.1877289134298117,1.3437180505232704,0.3437180505232704,False,False,0.3
tirex,electricity_15min,Electricity 15min,2,L2,block,block_depth,True,2,0.16666666666666666,0.16666666666666666,False,False,False,False,False,False,False,False,False,False,False,147744,0.2133772328552854,0.235552576565333,0.1945045341751787,-0.004526370860465616,-0.020105955550333367,-0.012312296692651659,0.2133772328552854,104.63845953858308,176.96804159249726,52.02083278900661,-2.1531154543134803,-48.73350844194118,-19.1971077402343,104.63845953858308,1.3956742316744126,1.569876668393666,1.2363693836507066,-0.03026866075874289,-0.10841701153555083,-0.0704563034514809,1.3956742316744126,1.0612354243740079,0.07281289560404303,1.2938547776787859,1.960270322937398,0.9261843088966577,-0.02094970814754332,-0.6044551248979557,-0.23632734720235593,1.2938547776787859,0.14244705438613892,0.1703671193503924,1.2194465375860468,0.21944653758604682,False,False,1.0
tirex,electricity_15min,Electricity 15min,3,L3,block,block_depth,True,3,0.25,0.25,False,False,False,False,False,False,False,False,False,False,False,147744,0.21432333104028048,0.23660261519466533,0.1947297676182032,-0.006049377710082146,-0.020525790448833733,-0.01325839487764674,0.21432333104028048,102.13583228897748,171.83717064233468,51.47287901299484,-2.990115321882843,-41.50160628913741,-16.694480490628706,102.13583228897748,1.4093194666664526,1.5873912931590886,1.2471913412101756,-0.04503110881212232,-0.12158434559828973,-0.08410153844352086,1.4093194666664526,1.0659408603543012,0.07281289560404303,1.276104512179187,1.915537818678643,0.9174321569370892,-0.04356809237601757,-0.5521137055964441,-0.21857708170275703,1.276104512179187,0.14350847899913788,0.16888564610356138,1.2088425112442098,0.20884251124420983,False,False,3.0
tirex,electricity_15min,Electricity 15min,4,L4,block,block_depth,True,4,0.3333333333333333,0.3333333333333333,False,False,False,False,False,False,False,False,False,False,False,147744,0.20129946979004462,0.22315612838617774,0.18214668772140702,0.006074105898444417,-0.006424220531240449,-0.00023453362741088224,0.20129946979004462,97.22682827040404,161.51879073907654,48.716051790929555,0.3738440523645837,-30.133557256330132,-11.785476472055265,97.22682827040404,1.3363713103696495,1.5135220541009278,1.1728775015958883,0.020381345222843038,-0.04219640807056576,-0.011153382146717794,1.3363713103696495,1.0011664571251806,0.07281289560404303,1.2031483078496663,1.7035519680438804,0.9162534912932178,0.017320883724187754,-0.34505322595434224,-0.14562087737323637,1.2031483078496663,0.14149631559848785,0.15651675387648226,1.1203089793185739,0.1840513738481382,False,False,10.0
tirex,electricity_15min,Electricity 15min,5,L5,block,block_depth,True,5,0.4166666666666667,0.4166666666666667,False,False,False,False,False,False,False,False,False,False,False,147744,0.20416444113463847,0.22505286260657298,0.18572904547136135,0.0031603673480109866,-0.00930367557523872,-0.0030995049720047296,0.20416444113463847,98.73875658547972,163.33833261990054,49.83806149830426,-1.1076013787963213,-31.39697422666213,-13.297404787130944,98.73875658547972,1.3469660444185776,1.5245361497156251,1.1859415607419255,0.009909231387948601,-0.05250279641057134,-0.021748116195645872,1.3469660444185776,1.0154154425488573,0.07281289560404303,1.2305665966666994,1.7093008280640438,0.9535082802343013,-0.02416556569501395,-0.3503338998657989,-0.1730391661902695,1.2305665966666994,0.13113360106945038,0.16294202329377636,1.1662995001059921,0.1840513738481382,False,False,3.0
tirex,electricity_15min,Electricity 15min,6,L6,block,block_depth,True,6,0.5,0.5,False,False,False,False,False,False,False,False,False,False,False,147744,0.20135367623324157,0.22284683742780834,0.18256749115415088,0.006070425056404506,-0.006484744003938365,-0.0002887400706078347,0.20135367623324157,96.8700640304969,160.17140478312916,49.27307173605622,-0.34576078085536377,-25.990021311807073,-11.42871223214813,96.8700640304969,1.330572519152541,1.5056652163893873,1.172144855573549,0.02693921651677527,-0.03727040019563309,-0.005354590929609326,1.330572519152541,1.0014360538247917,0.07281289560404303,1.177142297061346,1.6039411489090085,0.9270864274816814,0.00779398090405775,-0.2493532539364723,-0.11961486658491616,1.177142297061346,0.1329079419374466,0.16521998861705073,1.1826046236345225,0.1840513738481382,False,False,10.0
tirex,electricity_15min,Electricity 15min,7,L7,block,block_depth,True,7,0.5833333333333334,0.5833333333333334,False,False,False,False,False,False,False,False,False,False,False,147744,0.20888555102505302,0.23066286591258442,0.189769667953267,-0.002664911275630009,-0.013063007207118149,-0.007820614862419278,0.20888555102505302,94.7193025957986,152.1156066205983,50.53523689584318,-1.3667135162907027,-20.541130113915006,-9.277950797449819,94.7193025957986,1.3745009807571638,1.5459190911026468,1.2216653829716346,-0.019946230727278885,-0.07717150648737853,-0.04928305253423204,1.3745009807571638,1.0388959657097718,0.07281289560404303,1.1700111663535422,1.530582075676683,0.9539138618510745,-0.0052021095296007815,-0.2000777072827736,-0.11248373587711225,1.1700111663535422,0.13028600811958313,0.16542211200558501,1.1840513738481382,0.1840513738481382,False,False,10.0
tirex,electricity_15min,Electricity 15min,8,L8,block,block_depth,True,8,0.6666666666666666,0.6666666666666666,False,False,False,False,False,False,False,False,False,False,False,147744,0.21570505636907716,0.23711380490265388,0.19708344036044964,-0.010095595199088678,-0.019161940781214765,-0.014640120206443424,0.21570505636907716,96.65849131226925,153.76871034503276,52.84925041502494,-3.3073098394058267,-22.55790518961253,-11.217139513920472,96.65849131226925,1.4126438995319888,1.5824340811930917,1.2620397053772572,-0.058952957726783946,-0.1139644337944198,-0.08742597130905705,1.4126438995319888,1.072812895604043,0.07281289560404303,1.1878767333763116,1.515524306904873,0.9878099207696043,-0.05263459100288443,-0.20210924572697828,-0.13034930289988167,1.1878767333763116,0.1260388195514679,0.1551118356438766,1.1102529152090497,0.11025291520904967,False,False,10.0
tirex,electricity_15min,Electricity 15min,9,L9,block,block_depth,True,9,0.75,0.75,False,False,False,False,False,False,True,False,False,False,True,147744,0.2117516525544738,0.23347052084744144,0.19303542252430933,-0.007070154743269087,-0.014298760381932478,-0.010686716391840073,0.2117516525544738,93.15139175718915,148.67210880358118,51.003913682526296,-1.9915658199400865,-15.285044801592138,-7.710039958840369,93.15139175718915,1.3884177585401323,1.5615431679214586,1.235446662943961,-0.03936520676108258,-0.08588882817104392,-0.06319983031720056,1.3884177585401323,1.0531505721275838,0.053150572127583784,1.1532198495233046,1.5292045122339106,0.9262179705610019,-0.03238817234944748,-0.15280548170393454,-0.09569241904687464,1.1532198495233046,0.12015027552843094,0.14926050783966788,1.0683705293453314,0.06837052934533139,False,False,10.0
tirex,electricity_15min,Electricity 15min,10,L10,block,block_depth,True,10,0.8333333333333334,0.8333333333333334,True,False,False,False,True,True,False,False,True,True,False,147744,0.20676565766050162,0.22897039228972074,0.18767910206633556,-0.003056607400742539,-0.008337521065339332,-0.005700721497867878,0.20676565766050162,89.38584988221363,142.7923919668587,48.94222565705127,-0.1510472893543526,-8.987488129411433,-3.9444980838648576,89.38584988221363,1.3640395969443755,1.5402145941320768,1.208113270166489,-0.01998138726646089,-0.05611944157573563,-0.03882166872144377,1.3640395969443755,1.0283526387378492,0.028352638737849212,1.106586311534956,1.4673431741244016,0.8848056629256337,-0.005820069445552919,-0.08424301911556126,-0.04905888105852596,1.106586311534956,0.1171840950846672,0.14175036475631117,1.014614745866129,0.014614745866128986,False,False,10.0
tirex,electricity_15min,Electricity 15min,11,L11,block,block_depth,True,11,0.9166666666666666,0.9166666666666666,False,False,False,True,False,False,False,True,False,False,False,147744,0.20201416377632217,0.22348663996841106,0.18315907145267396,0.0013427493151788915,-0.003059960921643342,-0.0009492276136884303,0.20201416377632217,85.11261316019416,135.07573535401426,47.375260936470106,2.1506851686069126,-1.3314733317361782,0.32873863815461846,85.11261316019416,1.3382557126066363,1.5156384882089957,1.1796728309153428,0.0002835305159918773,-0.025505167676107603,-0.01303778438370462,1.3382557126066363,1.0047210002489972,0.0047210002489972425,1.0648919356844502,1.41696551224022,0.8451362377321395,0.019491954594788703,-0.02442771851144914,-0.007364505208020233,1.0648919356844502,0.1144963800907135,0.13844564056578484,0.9909603312867179,0.0,False,False,10.0
tirex,electricity_15min,Electricity 15min,12,L12,block,block_depth,True,12,1.0,1.0,False,True,False,False,False,False,False,False,False,False,False,147744,0.20106493616263374,0.22272533176800957,0.18185513220044947,0.0,0.0,0.0,0.20106493616263374,85.44135179834878,135.91235845440025,47.59289089761144,0.0,0.0,0.0,85.44135179834878,1.3252179282229317,1.5043901997167155,1.164451298686812,0.0,0.0,0.0,1.3252179282229317,1.0,0.0,1.05752743047643,1.4079953017529325,0.835685875121562,0.0,0.0,0.0,1.05752743047643,0.11264366656541824,0.13970855966153492,1.0,0.0,False,False,10.0
tirex,electricity_15min,Electricity 15min,13,L12+RMS,final_norm,head_input_diagnostic,False,12,,,False,False,True,False,False,False,False,False,False,False,False,147744,0.19911970100756593,0.22085758841735176,0.18015879237320528,0.0036164158272720516,0.00025179575033884783,0.0019452351550678093,0.19911970100756593,84.0525291322753,133.97303711644798,46.36512564886928,3.215614610035161,-0.16122815769939186,1.3888226660734801,84.0525291322753,1.3143382440583564,1.4909800096615662,1.1537683469978743,0.021296023980315743,0.00023294093399631736,0.010879684164575298,1.3143382440583564,,,1.0500540225975836,1.4179870990598342,0.8186237797516999,0.030916549705133436,-0.01899596807651948,0.0074734078788463165,1.0500540225975836,0.11042903363704681,0.13511895289545067,,,False,False,10.0
tirex,SZ_TAXI_15T,SZ Taxi,0,Emb,embedding,block_depth,True,0,0.0,0.0,True,False,False,False,False,True,True,False,False,True,True,147744,0.32772649050905156,0.35897848150477957,0.3023538262893756,-0.009746422630567606,-0.020310341994254254,-0.01497280392318201,0.32772649050905156,2.9500816315429566,3.1861121676072095,2.713273851195462,-0.12854091691071587,-0.2315541945014999,-0.17827304386573495,2.9500816315429566,0.8460946586695101,0.9138404393062348,0.7889248742803663,-0.028348379361423027,-0.06061656192814334,-0.04416599598656912,0.8460946586695101,1.04787410849295,0.04787410849294993,1.9204096764720726,2.138051112678113,1.7284132921885706,-0.07440459110978372,-0.13335701124247043,-0.10368723396980206,1.9204096764720726,0.28964489698410034,0.29148620806443387,1.0468413642192724,0.04684136421927243,False,False,65.0
tirex,SZ_TAXI_15T,SZ Taxi,1,L1,block,block_depth,True,1,0.08333333333333333,0.08333333333333333,False,False,False,False,False,False,False,False,False,False,False,147744,0.32461521841394597,0.35714179256166784,0.2982868172443257,-0.006740367484207336,-0.01724525696287554,-0.011861531828076421,0.32461521841394597,2.879442782917856,3.1058975553639914,2.653191181646016,-0.06511223750132508,-0.15251038726925412,-0.10763419524063433,2.879442782917856,0.8306920215049838,0.8994321918169345,0.7730337780630069,-0.014974685551721241,-0.04341522351360464,-0.02876335882204284,0.8306920215049838,1.0379261135418134,0.037976364396594464,1.888833827738989,2.1064330009893295,1.6990696883261884,-0.04497860723874558,-0.09940161884272715,-0.07211138523671834,1.888833827738989,0.2778901159763336,0.29140825560077643,1.046561406330557,0.046561406330557054,False,False,45.0
tirex,SZ_TAXI_15T,SZ Taxi,2,L2,block,block_depth,True,2,0.16666666666666666,0.16666666666666666,False,False,False,False,False,False,False,False,False,False,False,147744,0.3246309345540328,0.3582715664918606,0.29783765074486535,-0.0065021904352574825,-0.017972855580349747,-0.011877247968163251,0.3246309345540328,2.8660315877046694,3.085851251869796,2.6475503620629586,-0.05479353264232489,-0.13527648709796486,-0.09422300002744777,2.8660315877046694,0.8318799896223166,0.9023711257108042,0.7729964200737749,-0.01632108615712176,-0.0447501715482512,-0.029951326939375633,0.8318799896223166,1.0379763643965945,0.037976364396594464,1.8799098253139015,2.0935087448591294,1.6918776242775408,-0.039364026320025405,-0.08819818361563832,-0.06318738281163094,1.8799098253139015,0.2781710624694824,0.29073905653487414,1.044158049863933,0.0441580498639329,True,False,90.0
tirex,SZ_TAXI_15T,SZ Taxi,3,L3,block,block_depth,True,3,0.25,0.25,False,False,False,False,False,False,False,False,False,False,False,147744,0.32269097625827176,0.3558418640102713,0.2961855370121506,-0.005300598102024732,-0.015099072902917083,-0.009937289672402205,0.32269097625827176,2.8345818055001226,3.054945016264103,2.6206036575977625,-0.02691747803766138,-0.09804975769825094,-0.06277321782290102,2.8345818055001226,0.8238861936939623,0.8946056010489675,0.765169939412872,-0.010444522007682804,-0.03456652982503465,-0.02195753101102138,0.8238861936939623,1.0317735332903064,0.03177353329030641,1.8650869722850127,2.0775669958828344,1.6772931526035115,-0.027891285175087228,-0.06995767579188764,-0.048364529782742194,1.8650869722850127,0.2700479328632355,0.2889142311536349,1.0376043857841004,0.037604385784100414,False,False,65.0
tirex,SZ_TAXI_15T,SZ Taxi,4,L4,block,block_depth,True,4,0.3333333333333333,0.3333333333333333,False,False,False,False,False,False,False,False,False,False,False,147744,0.3215232032995958,0.35379271229060416,0.29571762228480136,-0.005098821268154256,-0.012705185959258868,-0.008769516713726222,0.3215232032995958,2.831086226995435,3.0495424103914965,2.6181319889930403,-0.0277242837560478,-0.09006482777867873,-0.05927763931821328,2.831086226995435,0.8219440247847766,0.8909617612431769,0.7646341716249423,-0.010152153050558617,-0.030117445651985923,-0.020015362101835632,0.8219440247847766,1.028039690944837,0.028105170802924073,1.8626615775033308,2.073935636825966,1.6756773876836442,-0.028585412202893228,-0.0641124146315318,-0.04593913500106028,1.8626615775033308,0.26430460810661316,0.2864246861770367,1.0286634527742917,0.02866345277429172,False,False,65.0
tirex,SZ_TAXI_15T,SZ Taxi,5,L5,block,block_depth,True,5,0.4166666666666667,0.4166666666666667,False,False,False,False,False,False,False,False,False,False,False,147744,0.3215436823666096,0.35411401038320783,0.2956310458075351,-0.00501304109437536,-0.012730319209349047,-0.008789995780740023,0.3215436823666096,2.829919837869649,3.0453168076107433,2.61936529601899,-0.0272751316526946,-0.08910081140606382,-0.058111250192427466,2.829919837869649,0.8224269794613983,0.891077429861257,0.7647823851893067,-0.010884812418897676,-0.030578862589260958,-0.02049831677845737,0.8224269794613983,1.028105170802924,0.028105170802924073,1.8592624844659285,2.072204428233575,1.670479949060355,-0.025516129257589587,-0.059948364069885726,-0.042540041963657904,1.8592624844659285,0.2615554928779602,0.28573759248814523,1.0261958296939344,0.026195829693934414,False,False,65.0
tirex,SZ_TAXI_15T,SZ Taxi,6,L6,block,block_depth,True,6,0.5,0.5,False,False,False,False,False,False,False,False,False,False,False,147744,0.3186706538574818,0.3506246534820932,0.2932105256817662,-0.002493980425433887,-0.00948237158501379,-0.005916967271612228,0.3186706538574818,2.808343279228831,3.0300450567591293,2.593846499313073,-0.010546132185026365,-0.06326164260879294,-0.03653469155160938,2.808343279228831,0.8122909881712714,0.8790446699910602,0.7563728046125505,-0.0017765355711341095,-0.01869540596214934,-0.010362325488330493,0.8122909881712714,1.0189189369315002,0.018918936931500152,1.8482336213326245,2.0586667538550727,1.6607290038164728,-0.01703384037919142,-0.04599831071577231,-0.031511178830353925,1.8482336213326245,0.2586991786956787,0.28530973215133715,1.0246592153146343,0.02465921531463433,False,False,65.0
tirex,SZ_TAXI_15T,SZ Taxi,7,L7,block,block_depth,True,7,0.5833333333333334,0.5833333333333334,False,False,False,False,True,False,False,False,True,False,False,147744,0.3171032480895519,0.34854210938971775,0.2921170947953868,-0.0008556525999059093,-0.008261765453677877,-0.004349561503682375,0.3171032480895519,2.802068433892972,3.024002359448288,2.5877700244026407,-0.007155302402649391,-0.054337398956637376,-0.030259846215750397,2.802068433892972,0.8109625357925133,0.8784592594501541,0.7550572371113313,-0.0006471497720265173,-0.01783070830169747,-0.009033873109572377,0.8109625357925133,1.0139073069007234,0.013907306900723393,1.8412031657809795,2.0513674049918813,1.6541040929858162,-0.010682644740837516,-0.03854182051011908,-0.024480723278708982,1.8412031657809795,0.2586289644241333,0.28385816867917013,1.0194460812334558,0.019446081233455814,False,False,65.0
tirex,SZ_TAXI_15T,SZ Taxi,8,L8,block,block_depth,True,8,0.6666666666666666,0.6666666666666666,False,False,False,False,False,False,False,False,False,False,False,147744,0.3140229201183105,0.3448517255998479,0.2897836904877272,0.0017180954607633244,-0.004353717927080711,-0.001269233532440961,0.3140229201183105,2.7835839879215976,3.0035046050961416,2.574335790486544,0.007366169795871279,-0.03120247994736568,-0.011775400244375955,2.7835839879215976,0.8052482517654601,0.8697569602277723,0.7501052517046038,0.0038982479184382036,-0.010647110021948066,-0.00331958908251917,0.8052482517654601,1.0040582528260382,0.007429444203374214,1.8250614169396715,2.0369583814874885,1.6392536503542068,0.0019885090814770667,-0.0188254825018637,-0.008338974437400948,1.8250614169396715,0.25790563225746155,0.28147898805447114,1.0109015099227836,0.010901509922783603,False,False,65.0
tirex,SZ_TAXI_15T,SZ Taxi,9,L9,block,block_depth,True,9,0.75,0.75,False,False,False,True,False,False,False,True,False,False,False,147744,0.31482640701608783,0.3457721288984593,0.2904425551565603,0.0004096820341566574,-0.004650488054045461,-0.002072720430218278,0.31482640701608783,2.7961711916782073,3.0174322013721926,2.5841122808252863,-0.006085599041230022,-0.0434518307574482,-0.024362604000985666,2.7961711916782073,0.809618095648624,0.8746312525029952,0.75459487094668,-0.001405735099267881,-0.013992949139549923,-0.00768943296568303,0.809618095648624,1.0066273253333793,0.007429444203374214,1.8285375434267372,2.0433942168776724,1.6423370372383164,-0.0023457838279096906,-0.02226759054287698,-0.011815100924466693,1.8285375434267372,0.2569698393344879,0.28064011983000314,1.0078888049226618,0.007888804922661752,False,False,65.0
tirex,SZ_TAXI_15T,SZ Taxi,10,L10,block,block_depth,True,10,0.8333333333333334,0.8333333333333334,False,False,False,False,False,False,False,False,False,False,False,147744,0.3150772726497589,0.3456329142770324,0.2907780776492869,-0.0001775912247980055,-0.0044100491282267505,-0.002323586063889327,0.3150772726497589,2.79310119410697,3.0162206123687922,2.581308781303469,-0.005174598822987554,-0.036684452822288285,-0.021292606429748506,2.79310119410697,0.8090030357930107,0.8738506405134708,0.7543568895668955,-0.0017569884201417288,-0.012214092506059279,-0.007074373110069754,0.8090030357930107,1.0074294442033742,0.007429444203374214,1.829913106897775,2.043949138407067,1.6443932916961488,-0.004350773131401135,-0.022200217192267925,-0.013190664395504426,1.829913106897775,0.2519391179084778,0.28013326643178094,1.006068495459729,0.006068495459728984,False,False,45.0
tirex,SZ_TAXI_15T,SZ Taxi,11,L11,block,block_depth,True,11,0.9166666666666666,0.9166666666666666,False,False,False,False,False,False,False,False,False,False,False,147744,0.3141548898644172,0.3455264459698437,0.28937108294250297,6.314904118579698e-05,-0.0028867066599046433,-0.001401203278547647,0.3141548898644172,2.7788293781824995,2.999074856130549,2.565678176223076,0.005602381618781693,-0.018771454443422875,-0.00702079050527793,2.7788293781824995,0.8048862612910082,0.8718554119243126,0.7486447592066837,0.0013837844479564932,-0.007129666007628091,-0.0029575986080672134,0.8048862612910082,1.0044802134671653,0.004480213467165317,1.823150500117527,2.0355799424101906,1.6376219968189263,-1.6493936333164848e-05,-0.012760122606391427,-0.006428057615256444,1.823150500117527,0.25519075989723206,0.27904518239964277,1.0021607586918304,0.002160758691830411,False,False,65.0
tirex,SZ_TAXI_15T,SZ Taxi,12,L12,block,block_depth,True,12,1.0,1.0,False,True,False,False,False,False,False,False,False,False,False,147744,0.31275368658586955,0.3440278165961783,0.2879986199681671,0.0,0.0,0.0,0.31275368658586955,2.7718085876772216,2.9942257615238104,2.5593055483073015,0.0,0.0,0.0,2.7718085876772216,0.8019286626829409,0.8684697313495326,0.7456848637913766,0.0,0.0,0.0,0.8019286626829409,1.0,0.0,1.8167224425022706,2.0299905177897113,1.6328277847227801,0.0,0.0,0.0,1.8167224425022706,0.2555135488510132,0.27844353311528,1.0,0.0,False,False,65.0
tirex,SZ_TAXI_15T,SZ Taxi,13,L12+RMS,final_norm,head_input_diagnostic,False,12,,,False,False,True,False,False,False,False,False,False,False,False,147744,0.3114523195112363,0.3408331065486448,0.2878145239292047,0.0052694221815237285,-0.0013061732197037212,0.0013013670746332417,0.3114523195112363,2.7665361230657015,2.9886620671922475,2.553308032889965,0.015417155338664213,-0.004568888763502832,0.005272464611520089,2.7665361230657015,0.798822896473442,0.862100882883687,0.744727712177268,0.010565814698558973,-0.0023449094454839835,0.0031057662094989835,0.798822896473442,,,1.8161698333807046,2.0302658883992817,1.632329051178357,0.006091351886098286,-0.004401818432636495,0.0005526091215659612,1.8161698333807046,0.25389379262924194,0.2785654921944325,,,False,False,65.0
tirex,monash_london_smart_meters,London Smart Meters,0,Emb,embedding,block_depth,True,0,0.0,0.0,False,False,False,False,False,False,False,False,False,False,False,147744,0.24934406032544057,0.273233065713652,0.23077546185067363,-0.04222319899695635,-0.051405346579138776,-0.046790083799198384,0.24934406032544057,0.11440470759085021,0.12831358259188805,0.10197608607297157,-0.017456705771160277,-0.024748283011827552,-0.021043205904529114,0.11440470759085021,1.049533568088735,1.2309661139921373,0.9228590913805779,-0.16838025494259862,-0.23161433485942426,-0.19783949627890463,1.049533568088735,1.2310005688441097,0.2310005688441097,4.134483980025545,4.402031753071467,3.889347802569468,-0.6664803966914864,-0.8928454737157016,-0.7782499035414223,4.134483980025545,0.24857501685619354,0.2901773116345169,1.1850866912070015,0.1850866912070015,False,False,3.0
tirex,monash_london_smart_meters,London Smart Meters,1,L1,block,block_depth,True,1,0.08333333333333333,0.08333333333333333,False,False,False,False,False,False,True,False,False,False,True,147744,0.22523515301806327,0.2487885630924169,0.2074511641231259,-0.019572389630586585,-0.025662676388582665,-0.02268117649182108,0.22523515301806327,0.10321883414287757,0.11552046834755371,0.0919908855325765,-0.007327643295098922,-0.01229996681684325,-0.00985733245655647,0.10321883414287757,0.9497234215083483,1.1274952290130655,0.8285584357592852,-0.08019555635603931,-0.11668109509017444,-0.09802934969851795,0.9497234215083483,1.1119759625597012,0.11197596255970121,3.7072573757930454,3.921408518344512,3.5006998987992004,-0.2549024237533676,-0.4383118242876035,-0.35102329930892306,3.7072573757930454,0.21942929923534393,0.26890820486627465,1.0982234722222874,0.09822347222228744,False,False,3.0
tirex,monash_london_smart_meters,London Smart Meters,2,L2,block,block_depth,True,2,0.16666666666666666,0.16666666666666666,False,False,False,False,False,False,False,False,False,False,False,147744,0.21704666713210008,0.24077450296386566,0.19942624971789544,-0.012116419716972773,-0.016855490899054717,-0.014492690605857894,0.21704666713210008,0.10006402031790462,0.11255052982296672,0.08879202110182562,-0.004772270751134334,-0.008669012922035492,-0.006702518631583526,0.10006402031790462,0.9107713181463659,1.0875825859023545,0.7927804470312307,-0.046749777280395526,-0.07163236234256977,-0.05907724633653555,0.9107713181463659,1.071549770853204,0.07154977085320402,3.5911480512802316,3.8195146163346707,3.378806457929649,-0.16992217836979653,-0.2971256541951519,-0.23491397479610931,3.5911480512802316,0.21213209629058838,0.2614347678360366,1.067701889703583,0.06770188970358304,False,False,10.0
tirex,monash_london_smart_meters,London Smart Meters,3,L3,block,block_depth,True,3,0.25,0.25,False,False,False,False,False,False,False,False,False,False,False,147744,0.21481445997612167,0.238440610048226,0.19726588442025864,-0.010284379148813135,-0.014285254047629035,-0.012260483449879483,0.21481445997612167,0.09904270891570621,0.11154773372929544,0.08794663518204317,-0.003984593825068323,-0.007441440443468674,-0.005681207229385116,0.09904270891570621,0.8988441177306683,1.0752404434930098,0.7827927908346932,-0.034746007273311404,-0.05959314982425904,-0.047150045920837935,0.8988441177306683,1.0605294631097557,0.06667689378695796,3.567504486653066,3.8094667595622185,3.346391954631393,-0.1589822319469517,-0.2657731461886577,-0.21127041016894355,3.567504486653066,0.20637495815753937,0.25819001227389765,1.054450279468273,0.05881521094398323,False,False,10.0
tirex,monash_london_smart_meters,London Smart Meters,4,L4,block,block_depth,True,4,0.3333333333333333,0.3333333333333333,False,False,False,False,False,False,False,False,False,False,False,147744,0.2144849506555168,0.23813098515206163,0.19675701596482678,-0.009835629079860596,-0.013963529095764614,-0.011930974129274602,0.2144849506555168,0.09943555294439137,0.1120617927401589,0.08805084564230678,-0.004312339893156429,-0.007919182677463046,-0.0060740512580702705,0.09943555294439137,0.9023868296075634,1.0796987118535242,0.7844848158259057,-0.03880339437108767,-0.0627570614309978,-0.05069275779773308,0.9023868296075634,1.0589026902057825,0.06667689378695796,3.5735978543578537,3.8164442527131643,3.3512444412120654,-0.16566657001033117,-0.27072216409867345,-0.2173637778737314,3.5735978543578537,0.20926252007484436,0.2576854061050952,1.052389463439686,0.05881521094398323,False,False,30.0
tirex,monash_london_smart_meters,London Smart Meters,5,L5,block,block_depth,True,5,0.4166666666666667,0.4166666666666667,False,False,False,False,False,False,False,False,False,False,False,147744,0.21562206708179174,0.23966952977090614,0.19776529591701186,-0.010829616222132488,-0.015244913691981813,-0.013068090555549555,0.21562206708179174,0.09962290857827744,0.11199199071902591,0.08836442020125675,-0.004182195513242655,-0.00828862946563037,-0.006261406891956339,0.09962290857827744,0.9052510252629382,1.0825302934705738,0.7880337371186084,-0.040565948235070426,-0.06636071819030596,-0.05355695345310785,0.9052510252629382,1.064516583577694,0.06667689378695796,3.5903116905893766,3.8229958857592736,3.373180218190193,-0.17395369035554062,-0.292218275247502,-0.2340776141052543,3.5903116905893766,0.20806308090686798,0.258680451590255,1.0564532379469558,0.05881521094398323,False,False,30.0
tirex,monash_london_smart_meters,London Smart Meters,6,L6,block,block_depth,True,6,0.5,0.5,False,False,False,False,False,False,False,False,False,False,False,147744,0.21605964650520842,0.2399408839955812,0.1982850688957531,-0.011235047453829562,-0.015786181333410827,-0.01350566997896624,0.21605964650520842,0.10018723980000153,0.11298893648188268,0.08872019671732741,-0.005068245458396828,-0.00870715563240625,-0.006825738113680438,0.10018723980000153,0.9078933183168564,1.0838570566370294,0.7902187781448633,-0.044453442205671656,-0.0685668464360912,-0.05619924650702601,0.9078933183168564,1.066676893786958,0.06667689378695796,3.600258498341676,3.83514915686371,3.383907081088399,-0.18659867595019033,-0.3014158418386183,-0.2440244218575538,3.600258498341676,0.20745690166950226,0.259258798288025,1.0588152109439832,0.05881521094398323,False,False,30.0
tirex,monash_london_smart_meters,London Smart Meters,7,L7,block,block_depth,True,7,0.5833333333333334,0.5833333333333334,False,False,False,False,False,False,False,False,False,False,False,147744,0.21525799733309345,0.2389259642196236,0.19764114448388342,-0.010412874356452497,-0.014990098383419841,-0.012704020806851263,0.21525799733309345,0.09973684508943248,0.11250171947549169,0.08833290255188479,-0.00469073042936976,-0.008192157192064984,-0.006375343403111383,0.09973684508943248,0.905102612963777,1.080228905766175,0.788279671864462,-0.04032619464579719,-0.06630984776055349,-0.053408541153946665,0.905102612963777,1.062719187372781,0.06271918737278104,3.58603417378627,3.824012178706092,3.3676130945047418,-0.17305487572658443,-0.28686026036940243,-0.22980009730214768,3.58603417378627,0.2075681835412979,0.2588033910755438,1.0569553238854426,0.056955323885442555,False,False,30.0
tirex,monash_london_smart_meters,London Smart Meters,8,L8,block,block_depth,True,8,0.6666666666666666,0.6666666666666666,True,False,False,False,False,True,False,False,False,True,False,147744,0.21306566077903027,0.2368304185498193,0.1953397512002244,-0.008622088537103573,-0.012366669312944192,-0.01051168425278809,0.21306566077903027,0.09849812937435891,0.11121880453284302,0.08726171759094078,-0.003584758957584615,-0.006702302194799802,-0.005136627688037812,0.09849812937435891,0.8923262836636588,1.068306594446368,0.776736487031246,-0.02644395799588932,-0.05299041962254262,-0.04063221185382848,0.8923262836636588,1.051895719022955,0.05189571902295498,3.5494705353944513,3.803532552907808,3.323933382140145,-0.1510902573131715,-0.23697316781743377,-0.19323645891032903,3.5494705353944513,0.2062438279390335,0.25515259338812973,1.042045434041632,0.04204543404163208,False,False,30.0
tirex,monash_london_smart_meters,London Smart Meters,9,L9,block,block_depth,True,9,0.75,0.75,False,False,False,False,False,False,False,False,False,False,False,147744,0.21057375767872533,0.23404151924622763,0.19294452606949186,-0.006346446156985218,-0.009639744569355515,-0.00801978115248314,0.21057375767872533,0.09754636470931635,0.11050966704157335,0.08625862493229446,-0.003067818663602829,-0.005421997663372581,-0.0041848630229952555,0.09754636470931635,0.8850190767823244,1.0600056686454822,0.7691292428853689,-0.02130994652560973,-0.04372021538201566,-0.03332500497249402,0.8850190767823244,1.039593303918396,0.039593303918395995,3.5083722317209296,3.7712681751303125,3.2776229938768258,-0.1181577487843442,-0.18793661616881321,-0.1521381552368073,3.5083722317209296,0.20482128858566284,0.25311678197263304,1.0337311623271326,0.03373116232713258,False,False,30.0
tirex,monash_london_smart_meters,London Smart Meters,10,L10,block,block_depth,True,10,0.8333333333333334,0.8333333333333334,False,False,False,False,False,False,False,False,False,False,False,147744,0.20872998806356474,0.23231073177796396,0.19103617172560278,-0.00467780323784429,-0.007562042307108646,-0.006176011537322557,0.20872998806356474,0.09694993915094287,0.11016268089461681,0.08550546721764687,-0.002604291740282747,-0.004633612612102669,-0.0035884374646217715,0.09694993915094287,0.8762918425903476,1.0503301240807033,0.7601963456188708,-0.011548666823433189,-0.034668234552179565,-0.02459777078051728,0.8762918425903476,1.0304906950889825,0.0304906950889825,3.477295761062987,3.743226766913642,3.2478127822155174,-0.09137771385055803,-0.15132612929229425,-0.12106168457886479,3.477295761062987,0.20193500816822052,0.2503449744509377,1.022411076045935,0.022411076045935063,False,False,30.0
tirex,monash_london_smart_meters,London Smart Meters,11,L11,block,block_depth,True,11,0.9166666666666666,0.9166666666666666,False,False,False,True,True,False,False,True,True,False,False,147744,0.20422109796573187,0.22773157706455763,0.1866221314843545,-0.0006051966785417705,-0.002621186505434389,-0.0016671214394896883,0.20422109796573187,0.09439906955988425,0.1070637338830273,0.08353013532907691,-0.00020471273860989163,-0.0018957077043554912,-0.0010375678735631555,0.09439906955988425,0.8549573791559387,1.0277994711369844,0.7407445928556958,0.007940797111530225,-0.01196816606960494,-0.0032633073461083573,0.8549573791559387,1.0082305046194622,0.008230504619462176,3.3860763965774723,3.6378736278169157,3.162433759194065,-0.008782010312269434,-0.05080458621195568,-0.029842320093349972,3.3860763965774723,0.1996743530035019,0.24644774307304892,1.0064947488442157,0.0064947488442157475,False,False,30.0
tirex,monash_london_smart_meters,London Smart Meters,12,L12,block,block_depth,True,12,1.0,1.0,False,True,False,False,False,False,False,False,False,False,False,147744,0.20255397652624219,0.22602645150094314,0.18488516975976244,0.0,0.0,0.0,0.20255397652624219,0.0933615016863211,0.10623387122966968,0.08242991489354921,0.0,0.0,0.0,0.0933615016863211,0.8516940718098304,1.027248898812712,0.7338342337985554,0.0,0.0,0.0,0.8516940718098304,1.0,0.0,3.3562340764841223,3.6100801733764687,3.134769082328652,0.0,0.0,0.0,3.3562340764841223,0.19891121983528137,0.24485745539760773,1.0,0.0,False,False,30.0
tirex,monash_london_smart_meters,London Smart Meters,13,L12+RMS,final_norm,head_input_diagnostic,False,12,,,False,False,True,False,False,False,False,False,False,False,False,147744,0.20035543024028077,0.22404595017859721,0.1825700487330101,0.0032895679290598414,0.001046101764583842,0.002198546285961417,0.20035543024028077,0.0919421701479876,0.10450796510537862,0.08109798035801333,0.0024180865178479384,0.0005513087286862052,0.0014193315383334987,0.0919421701479876,0.8451073064239268,1.0213179820908314,0.7266736995141048,0.016215749150748977,-0.004706872741995554,0.006586765385903526,0.8451073064239268,,,3.3100926643078763,3.5719808830106565,3.082254106835461,0.07068549647295076,0.022081457458658183,0.04614141217624601,3.3100926643078763,0.1961277425289154,0.2423700720057574,,,False,False,30.0
tirex,m5,M5,0,Emb,embedding,block_depth,True,0,0.0,0.0,True,False,False,False,False,True,True,False,False,True,True,147744,0.29939144067750634,0.3167430104943746,0.28308285883706036,-0.008585344901564382,-0.013777829756078724,-0.011140847863018055,0.29939144067750634,1.0718929460955524,1.2795695838827983,0.9003961663712462,-0.0020274067327579804,-0.06054655400976976,-0.028332142861721143,1.0718929460955524,1.09581987462423,1.2268319281968134,0.9837017827471252,-0.001040422114509272,-0.02498605054871405,-0.012869869351138652,1.09581987462423,1.0386498697339646,0.03864986973396456,5.45663934904219,6.175270822363023,4.897648452563752,-0.13885432358025768,-0.2775358010006951,-0.2103109060031665,5.45663934904219,0.26324397325515747,0.2808496684319418,1.0353753657847888,0.03537536578478884,False,False,45.0
tirex,m5,M5,1,L1,block,block_depth,True,1,0.08333333333333333,0.08333333333333333,False,False,False,True,True,False,False,True,True,False,False,147744,0.2900723695954066,0.30752804626902663,0.2737574053043144,0.0001049476423308146,-0.0037576134121116334,-0.0018217767809183272,0.2900723695954066,1.0663234720612467,1.2733357802097094,0.8974744929001447,-0.0038683859837818665,-0.04424663344014389,-0.0227626688274154,1.0663234720612467,1.0771347543855188,1.204894188751337,0.9669150365284184,0.015421669661646969,-0.0036031205733904614,0.0058152508875726205,1.0771347543855188,1.0063201146028198,0.006320114602819782,5.34588787964894,6.030991852913576,4.79898739756355,-0.031673610137164,-0.15419673805869805,-0.0995594366099164,5.34588787964894,0.25198861956596375,0.2736008707433939,1.0086520778415133,0.00865207784151334,False,False,30.0
tirex,m5,M5,2,L2,block,block_depth,True,2,0.16666666666666666,0.16666666666666666,False,False,False,False,False,False,False,False,False,False,False,147744,0.28845865215452116,0.3058868977888167,0.2721411510736802,0.0014167491222184044,-0.0019156947870603278,-0.0002080593400328734,0.28845865215452116,1.0603711720732523,1.2615630702582694,0.8940023618366818,-0.0018238459703561387,-0.03276474798875984,-0.016810368839420997,1.0603711720732523,1.0733743723137585,1.200368875964765,0.9631293376680395,0.018565956073702674,0.0009221169084918269,0.009575632959332836,1.0733743723137585,1.0007218002155742,0.0023495849361845345,5.318382819497958,6.010898663001597,4.765397228756977,-0.0170488015140507,-0.1182173252064922,-0.07205437645893475,5.318382819497958,0.24934227764606476,0.27235033343197734,1.0040418693500293,0.004041869350029259,False,False,30.0
tirex,m5,M5,3,L3,block,block_depth,True,3,0.25,0.25,False,False,False,False,False,False,False,False,False,False,False,147744,0.2889278620652115,0.3064827051127457,0.27240143256148197,0.0009773071389645297,-0.002408438314904117,-0.0006772692507232003,0.2889278620652115,1.0742653354713452,1.284831851654526,0.9032766171465304,-0.011485804732203009,-0.05606241960177898,-0.030704532237513904,1.0742653354713452,1.0838548317385353,1.2124237858059486,0.9720863749515648,0.008794318740207582,-0.01135283767130189,-0.0009048264654438753,1.0838548317385353,1.0023495849361845,0.0023495849361845345,5.346340384785478,6.052751063880409,4.779908101794019,-0.043839144191687364,-0.14636139033382461,-0.10001194174645445,5.346340384785478,0.25154203176498413,0.27148761428210116,1.000861384358326,0.0008613843583260561,False,False,65.0
tirex,m5,M5,4,L4,block,block_depth,True,4,0.3333333333333333,0.3333333333333333,False,False,False,False,False,False,False,False,False,False,False,147744,0.28692076540061534,0.3043426350665541,0.2703858893297129,0.0029182446125240596,-0.0004009195095112744,0.0013298274138729416,0.28692076540061534,1.0646939068458618,1.2749138060525513,0.8954940769819577,-0.002430423291253339,-0.045248041262292996,-0.02113310361203058,1.0646939068458618,1.0707536896481287,1.1984244178511323,0.960039281084038,0.0214389485950463,0.0027459257064110674,0.012196315624962706,1.0707536896481287,0.9953865579220897,0.0,5.333741275999963,6.021387906878873,4.7838946441388,-0.014230374409469566,-0.14986223278818148,-0.08741283296093982,5.333741275999963,0.24725353717803955,0.26969457652334494,0.9942512034180983,0.0,False,False,45.0
tirex,m5,M5,5,L5,block,block_depth,True,5,0.4166666666666667,0.4166666666666667,False,False,False,False,False,False,False,False,False,False,False,147744,0.2868979520356382,0.30428690578155787,0.27027425527010995,0.002971473491914138,-0.0003771601283908563,0.001352640778850056,0.2868979520356382,1.0653645107934577,1.2765528801153763,0.8951354234019608,-0.0024975281029260615,-0.04760436626622872,-0.021803707559626462,1.0653645107934577,1.0680245856719504,1.1959274741993653,0.9573255366657062,0.024542368513652248,0.004528263791858949,0.014925419601141021,1.0680245856719504,0.9953074137137314,0.0,5.346752721076592,6.043548580408112,4.789588978144109,-0.02608993493320647,-0.16681349302966048,-0.10042427803756837,5.346752721076592,0.24569164216518402,0.26942212792923886,0.993246799302704,0.0,False,False,45.0
tirex,m5,M5,6,L6,block,block_depth,True,6,0.5,0.5,False,False,False,False,False,False,False,False,False,False,False,147744,0.28720359632190856,0.3049558438950766,0.2703063437729391,0.0029219351150806087,-0.0010264090180596402,0.0010469964925797215,0.28720359632190856,1.0724455560271822,1.285531207273537,0.9005825328447543,-0.007541309456373504,-0.05714038487099456,-0.0288847527933509,1.0724455560271822,1.0752581758252442,1.204875935135067,0.9618722208216678,0.019794648401436406,-0.005510951877964053,0.007691829447847187,1.0752581758252442,0.9963677559780301,0.0,5.368022419722954,6.066651367795481,4.803204459406076,-0.04241202653983678,-0.19774620224433892,-0.12169397668393067,5.368022419722954,0.24837228655815125,0.2687783431091154,0.9908734336963154,0.0,False,False,65.0
tirex,m5,M5,7,L7,block,block_depth,True,7,0.5833333333333334,0.5833333333333334,False,False,False,False,False,False,False,False,False,False,False,147744,0.2866843668672875,0.30445484357303054,0.2699854252333859,0.003419506159888338,-0.00045832941550336955,0.0015662259472007944,0.2866843668672875,1.0641673735017179,1.2672441613782623,0.8959761638716757,-0.003944179373954386,-0.039465010070293224,-0.020606570267886593,1.0641673735017179,1.0701061381565675,1.200070412721922,0.9568086670191254,0.02449585373748364,-0.0002261654516512279,0.012843867116523855,1.0701061381565675,0.9945664432745546,0.0,5.336817689413745,6.045040389709732,4.77948553454101,-0.029761542758879978,-0.14067894143852605,-0.09048924637472133,5.336817689413745,0.24764010310173035,0.26812877338237434,0.9884787415566298,0.0,False,False,65.0
tirex,m5,M5,8,L8,block,block_depth,True,8,0.6666666666666666,0.6666666666666666,False,False,False,False,False,False,False,False,False,False,False,147744,0.2854002314754797,0.3027335140189398,0.26895229759277733,0.004249428702475717,0.0013663167507166993,0.002850361339008567,0.2854002314754797,1.0504305865509815,1.2463540239080908,0.8874492266019716,0.003943651580855689,-0.018810990266032973,-0.006869783317150269,1.0504305865509815,1.060169393310095,1.1871709110532305,0.9489053245150458,0.032042573593008564,0.013525696656557784,0.0227806119629963,1.060169393310095,0.9901115161249885,0.0,5.294260324607659,5.993663122865894,4.746721440905051,0.007791930385183617,-0.09217493399134077,-0.04793188156863604,5.294260324607659,0.24519819021224976,0.2679297786689442,0.9877451312043111,0.0,False,False,45.0
tirex,m5,M5,9,L9,block,block_depth,True,9,0.75,0.75,False,False,False,False,False,False,False,False,False,False,False,147744,0.28464319773075236,0.30194094697056156,0.26826504126603484,0.004914900049823144,0.0022265844885970844,0.0036073950837359203,0.28464319773075236,1.0422151915430362,1.2323057968185063,0.8829359447631075,0.011162585945699974,-0.009536314117930067,0.0013456116907950566,1.0422151915430362,1.0558284196502759,1.1813438404897805,0.9463652119974977,0.03528965441361847,0.01889948047842258,0.027121585622815525,1.0558284196502759,0.9874852119174736,0.0,5.276195471286428,5.982679421215414,4.719017629107418,0.018056554252476466,-0.06957613420961269,-0.029867028247404726,5.276195471286428,0.24497327208518982,0.2674823357076704,0.9860955959839803,0.0,False,False,45.0
tirex,m5,M5,10,L10,block,block_depth,True,10,0.8333333333333334,0.8333333333333334,False,False,False,False,False,False,False,False,False,False,False,147744,0.28437103860023366,0.30185116426948144,0.2678787424200648,0.005052539873654977,0.002595580036872798,0.0038795542142546213,0.28437103860023366,1.0406281217282407,1.231318326685385,0.8813869881844983,0.013703704157060228,-0.009196249020722677,0.002932681505590562,1.0406281217282407,1.0603212073000845,1.1870396962050733,0.9502947585836445,0.02982054199967233,0.015096924556497155,0.022628797973006876,1.0603212073000845,0.986541036476718,0.0,5.224010235833373,5.949539384078563,4.657484353761504,0.0557476606764014,-0.007280846554176644,0.022318207205650253,5.224010235833373,0.2474612593650818,0.26744837899699464,0.9859704117815811,0.0,False,False,65.0
tirex,m5,M5,11,L11,block,block_depth,True,11,0.9166666666666666,0.9166666666666666,False,False,False,False,False,False,False,False,False,False,False,147744,0.28502457361412414,0.30202343389356345,0.26876781221287227,0.004061570226477876,0.002407695461093025,0.0032260192003641386,0.28502457361412414,1.0409573778716075,1.2326767191087173,0.8809167671160928,0.011021682938747251,-0.007024722675076101,0.002603425362223799,1.0409573778716075,1.0619182722271698,1.1875850274869957,0.9531146764418446,0.02642597606557648,0.01577258340522108,0.02103173304592154,1.0619182722271698,0.9888082825125695,0.0,5.215580728158027,5.941021627397045,4.646482014196945,0.05558013823288221,0.008013962886955951,0.030747714880996035,5.215580728158027,0.24810974299907684,0.2682283264478199,0.988845752107599,0.0,False,False,45.0
tirex,m5,M5,12,L12,block,block_depth,True,12,1.0,1.0,False,True,False,False,False,False,False,False,False,False,False,147744,0.2882505928144883,0.3051281530442043,0.272151080199041,0.0,0.0,0.0,0.2882505928144883,1.0435608032338313,1.2339244138258656,0.8854518275243949,0.0,0.0,0.0,1.0435608032338313,1.0829500052730914,1.2094330699832618,0.9737129015248702,0.0,0.0,0.0,1.0829500052730914,1.0,0.0,5.246328443039023,5.980613517246065,4.665272652826365,0.0,0.0,0.0,5.246328443039023,0.25327616930007935,0.27125396036351,1.0,0.0,False,False,45.0
tirex,m5,M5,13,L12+RMS,final_norm,head_input_diagnostic,False,12,,,False,False,True,False,False,False,False,False,False,False,False,147744,0.2825852604085253,0.298922738652918,0.2668520547403378,0.008279148898734396,0.003425830964866411,0.005665332405963008,0.2825852604085253,1.017975478583306,1.196006092631461,0.8659911937324903,0.05443848932497526,0.0035491636341069806,0.02558532465052532,1.017975478583306,1.046428153861985,1.167505305530941,0.9434480020248981,0.05590010287270886,0.021048764768802526,0.03652185141110631,1.046428153861985,,,5.1280719974459466,5.860062680387543,4.573353443560541,0.21963334079702035,0.026766006312880376,0.1182564455930768,5.1280719974459466,0.24729380011558533,0.26905036722629805,,,False,False,30.0
tirex,wiki_daily_100k,Wiki Daily,0,Emb,embedding,block_depth,True,0,0.0,0.0,False,False,False,False,False,False,True,False,False,False,True,147744,0.2655422803412639,0.28804685050721157,0.24421339511501652,-0.018885545252701478,-0.0290316470607205,-0.02390413882054443,0.2655422803412639,41.2004720006842,55.07896845039116,29.36541452036596,4.051052614186947,-8.915533098574903,-2.3042908429433524,41.2004720006842,0.9343537004694854,1.0120363698703791,0.8609627329996964,-0.05131185701282742,-0.11416320589789455,-0.0816665676875753,0.9343537004694854,1.0989253545409128,0.09892535454091278,2.4823475901964427,3.14120942596026,1.9842908965082138,-0.06927063789700387,-0.7169704918386005,-0.3464830184404031,2.4823475901964427,0.29086679220199585,0.27538985413506284,1.0768520611870083,0.07685206118700827,False,False,3.0
tirex,wiki_daily_100k,Wiki Daily,1,L1,block,block_depth,True,1,0.08333333333333333,0.08333333333333333,True,False,False,False,False,True,False,False,False,True,False,147744,0.2549370825219587,0.27691043401190313,0.23406127216134448,-0.008702456308635425,-0.018164012605103995,-0.013298941001239184,0.2549370825219587,40.59289294604976,54.51306862804433,28.662134860136504,3.8168917218707565,-7.279331332330344,-1.6967117883089102,40.59289294604976,0.9152824117837083,0.9908426936392818,0.8456659895412963,-0.03553128265035736,-0.09218290312291486,-0.06259527900179818,0.9152824117837083,1.0550365969442737,0.05503659694427365,2.1728524485266427,2.682782815754138,1.7647863244148345,0.2949917656588251,-0.3887893183111725,-0.03698787677060311,2.1728524485266427,0.2766324579715729,0.26333215232682594,1.029703043710823,0.03286666066522237,False,False,10.0
tirex,wiki_daily_100k,Wiki Daily,2,L2,block,block_depth,True,2,0.16666666666666666,0.16666666666666666,False,False,False,False,False,False,False,False,False,False,False,147744,0.2531246044708572,0.27504019356218967,0.23236763792091142,-0.0072985955368272525,-0.015902262916148636,-0.011486462950137721,0.2531246044708572,39.81887838258116,53.25774460031471,28.23418097893562,3.475802374516322,-5.546721877069164,-0.9226972248403129,39.81887838258116,0.9052102571534111,0.9793835923785602,0.8379415723413636,-0.0296022105395193,-0.07828212378095364,-0.05252312437150097,0.9052102571534111,1.0475358024103691,0.048792074220926906,2.1265214238148453,2.5958825180645952,1.7409067241985885,0.2883321217310892,-0.2838336344220251,0.009343147941194285,2.1265214238148453,0.2776147127151489,0.2635180105860452,1.030429801964708,0.03286666066522237,False,False,30.0
tirex,wiki_daily_100k,Wiki Daily,3,L3,block,block_depth,True,3,0.25,0.25,False,False,False,False,False,False,False,False,False,False,False,147744,0.2526581041969871,0.2746503826117015,0.23177413988755377,-0.006935893722902268,-0.015434904562181433,-0.011019962676267592,0.2526581041969871,38.81407271219812,51.63958557111597,27.592050653924623,4.919178402349547,-4.644552458765093,0.08210844554272967,38.81407271219812,0.9020635943443692,0.9764781953393393,0.834417833802092,-0.026924763212014802,-0.07507069031845268,-0.04937646156245912,0.9020635943443692,1.0456052285740771,0.048792074220926906,2.0865157278251028,2.5383655698412753,1.7169379657327095,0.335398514774494,-0.2415726842390515,0.04934884393093686,2.0865157278251028,0.27869105339050293,0.264141203117564,1.0328666606652224,0.03286666066522237,False,False,45.0
tirex,wiki_daily_100k,Wiki Daily,4,L4,block,block_depth,True,4,0.3333333333333333,0.3333333333333333,False,False,False,False,False,False,False,False,False,False,False,147744,0.2534281676564053,0.27545128896519655,0.23261775408999438,-0.007603285364266333,-0.016272036322811958,-0.011790026135685805,0.2534281676564053,40.41300074623975,53.936894273561805,28.68705159224576,2.6774592782992763,-5.762206103534449,-1.5168195884989046,40.41300074623975,0.9089521311428582,0.9828758609411812,0.8417862475152975,-0.03474820151437388,-0.08139828901214449,-0.056264998360948115,0.9089521311428582,1.048792074220927,0.048792074220926906,2.1520943986555334,2.6419546411450874,1.7590487580729253,0.23195388736153638,-0.2881513397407038,-0.016229826899493816,2.1520943986555334,0.2769854962825775,0.2633312254120375,1.0296994192123692,0.029699419212369182,False,False,45.0
tirex,wiki_daily_100k,Wiki Daily,5,L5,block,block_depth,True,5,0.4166666666666667,0.4166666666666667,False,False,False,False,False,False,False,False,False,False,False,147744,0.2519460910689512,0.2741564167809196,0.23109418892493572,-0.006715977151401849,-0.014238427472407517,-0.01030794954823172,0.2519460910689512,41.17162806875513,55.22246425605564,28.879916808173533,0.7226620628746535,-5.869030079812592,-2.275446911014285,41.17162806875513,0.8978527817497414,0.9704832523942346,0.831205502980452,-0.02612277120317496,-0.06709645969406146,-0.04516564896783126,0.8978527817497414,1.042658619551367,0.04265861955136696,2.2316505375210514,2.7411947828088072,1.8183794391036021,0.06987268315807549,-0.29949748290349304,-0.09578596576501175,2.2316505375210514,0.2712027132511139,0.26234973803560696,1.025861526535975,0.025861526535974955,False,False,30.0
tirex,wiki_daily_100k,Wiki Daily,6,L6,block,block_depth,True,6,0.5,0.5,False,False,False,False,False,False,False,False,False,False,False,147744,0.2506569963204497,0.2729161631994888,0.22987767850752663,-0.005444318700567603,-0.012913987660453497,-0.009018854799730192,0.2506569963204497,40.72796463496843,54.85671987064745,28.400165968299536,1.4359987302504231,-5.481375181500427,-1.8317834772275816,40.72796463496843,0.8937143712586997,0.9661400148760119,0.8285223668035789,-0.021860525555129084,-0.06320029678830004,-0.041027238476789574,0.8937143712586997,1.037323804689819,0.037323804689818996,2.1678871606343706,2.6765841943047257,1.7594902340013083,0.13614262678591904,-0.22597539309067702,-0.03202258887833098,2.1678871606343706,0.27370980381965637,0.2617782735557274,1.023626939118126,0.023626939118126078,False,False,45.0
tirex,wiki_daily_100k,Wiki Daily,7,L7,block,block_depth,True,7,0.5833333333333334,0.5833333333333334,False,False,False,False,False,False,False,False,False,False,False,147744,0.2496451144639886,0.2720459915342108,0.2287382815756572,-0.004839565334592795,-0.011549044833589662,-0.008006972943269103,0.2496451144639886,41.395072255451176,56.368369531291265,28.363690852277355,0.5352837674451097,-5.909290431112406,-2.4988910977103274,41.395072255451176,0.8847545209174585,0.9569158437581688,0.8188646952138091,-0.0149641511118171,-0.05186509825635126,-0.032067388135548436,0.8847545209174585,1.0331362130699988,0.03313621306999881,2.197157500225673,2.727975092202293,1.7627316849465693,0.07713592491589519,-0.20743029501809124,-0.06129292846963352,2.197157500225673,0.27315375208854675,0.26098450342946833,1.0205230738749587,0.020523073874958664,False,False,45.0
tirex,wiki_daily_100k,Wiki Daily,8,L8,block,block_depth,True,8,0.6666666666666666,0.6666666666666666,False,False,False,True,True,False,False,True,True,False,False,147744,0.24791748417925288,0.2699949585928631,0.22692005002110457,-0.0038401959801647382,-0.008968885492476581,-0.006279342658533388,0.24791748417925288,40.51816910577826,54.468753512738665,28.21928143639034,0.5447725128328487,-4.024289940625746,-1.6219879480374146,40.51816910577826,0.8824982964821528,0.9517712112761273,0.8186556739509887,-0.016597819734470675,-0.04442346422236273,-0.029811163700242727,0.8824982964821528,1.0259865541880728,0.02598655418807283,2.1614209490185443,2.6520348019063356,1.7533716005559004,0.07991792237169672,-0.13533277969808077,-0.025556377262504704,2.1614209490185443,0.2675032615661621,0.2580477944397517,1.0090397128099142,0.009039712809914224,False,False,30.0
tirex,wiki_daily_100k,Wiki Daily,9,L9,block,block_depth,True,9,0.75,0.75,False,False,False,False,False,False,False,False,False,False,False,147744,0.24631331468583972,0.2686111192254506,0.2252778205323879,-0.002834320864249163,-0.006753467605982471,-0.004675173165120228,0.24631331468583972,39.31535065220017,52.64117783071946,27.404981774614722,0.8906673519752225,-1.8045516322582105,-0.41916949445932516,39.31535065220017,0.8708303542334829,0.9398355758520444,0.8068690390405425,-0.008372545214475419,-0.02853350438182542,-0.018143221451572766,0.8708303542334829,1.0193478278540697,0.019347827854069743,2.1333223224135294,2.633632634746764,1.7268882710411582,0.07496794838742227,-0.07141053423171657,0.002542249342510239,2.1333223224135294,0.26693296432495117,0.2579127234897313,1.0085115472702189,0.008511547270218855,False,False,30.0
tirex,wiki_daily_100k,Wiki Daily,10,L10,block,block_depth,True,10,0.8333333333333334,0.8333333333333334,False,False,False,False,False,False,False,False,False,False,False,147744,0.2450046190522782,0.2672653966494445,0.22380656529758267,-0.0018094653480522924,-0.005110328229329069,-0.0033664775315586926,0.2450046190522782,40.39974100667641,55.29909420299369,27.676605597825027,0.23164482566226363,-4.1502684901792675,-1.5035598489355593,40.39974100667641,0.8665141429774569,0.9347466688890984,0.8024799053776622,-0.006041383813802765,-0.022260880324431798,-0.013827010195546774,0.8665141429774569,1.0139318963073138,0.01393189630731384,2.1760482390537677,2.696396712799551,1.7362745536837911,0.06608414341648655,-0.17070484153058355,-0.04018366729772804,2.1760482390537677,0.26878419518470764,0.25734339198026496,1.0062853003687375,0.006285300368737534,False,False,45.0
tirex,wiki_daily_100k,Wiki Daily,11,L11,block,block_depth,True,11,0.9166666666666666,0.9166666666666666,False,False,False,False,False,False,False,False,False,False,False,147744,0.2422117675220921,0.26417631642601475,0.22129560527533917,0.0003636290137976108,-0.001533626892980712,-0.0005736260013725902,0.2422117675220921,38.49225291811469,52.39932366785792,26.588904825485663,2.2191653463779173,-1.8419276392302382,0.4039282396261612,38.49225291811469,0.8506982552362906,0.9186216133277249,0.7874307978675449,0.007944660489769531,-0.003939560492401723,0.001988877545619494,0.8506982552362906,1.0023739050373528,0.002373905037352797,2.0994111097714,2.5811674583787814,1.699966379196441,0.14228289441554684,-0.06011147289222606,0.03645346198463972,2.0994111097714,0.26605066657066345,0.25614341878765867,1.0015930664813064,0.0015930664813064155,False,False,30.0
tirex,wiki_daily_100k,Wiki Daily,12,L12,block,block_depth,True,12,1.0,1.0,False,True,False,False,False,False,False,False,False,False,False,147744,0.2416381415207195,0.2633532732582957,0.22087318838346492,0.0,0.0,0.0,0.2416381415207195,38.89618115774085,52.26841546557694,27.1917369439195,0.0,0.0,0.0,38.89618115774085,0.8526871327819101,0.9206824320481389,0.7891071443122354,0.0,0.0,0.0,0.8526871327819101,1.0,0.0,2.1358645717560396,2.644946165275236,1.7284795790938419,0.0,0.0,0.0,2.1358645717560396,0.267022043466568,0.2557360143151902,1.0,0.0,False,False,30.0
tirex,wiki_daily_100k,Wiki Daily,13,L12+RMS,final_norm,head_input_diagnostic,False,12,,,False,False,True,False,False,False,False,False,False,False,False,147744,0.23866496424240466,0.2605129813746983,0.21784340542997058,0.004103314447152705,0.001917193004975217,0.002973177278314837,0.23866496424240466,36.318038115724555,48.62721956496998,25.454296907230237,4.602565234372839,0.9265266586980202,2.5781430420162934,36.318038115724555,0.8359386858720886,0.9052552069159574,0.7732382184855998,0.02431299245138447,0.00993951656121605,0.01674844690982147,0.8359386858720886,,,1.9581256061026542,2.371924948070129,1.6155141485937679,0.33501880941211193,0.058722512208579394,0.17773896565338543,1.9581256061026542,0.265929251909256,0.25289135247127703,,,False,False,45.0
tirex,monash_traffic,Traffic,0,Emb,embedding,block_depth,True,0,0.0,0.0,False,False,False,False,False,False,False,False,False,False,False,147744,0.16594994622673698,0.17138087849367326,0.16036545803258553,-0.06211089567594117,-0.07261329330112927,-0.0672801016680612,0.16594994622673698,0.019192815084885368,0.02053056733406074,0.017985710091239462,-0.006315795361797292,-0.007605579586391175,-0.0069408370110882744,0.019192815084885368,1.2214664132455175,1.2781440600822402,1.1667301885453574,-0.47168981338755334,-0.5782318677522859,-0.5232894736680567,1.2214664132455175,1.681870960362686,0.681870960362686,3.081603640096607,3.2941671320328907,2.8924157466957143,-1.0316029794714685,-1.1991074009577891,-1.1150639997108704,3.081603640096607,0.21488824486732483,0.18167190464170835,1.756694805841242,0.7566948058412419,False,False,0.01
tirex,monash_traffic,Traffic,1,L1,block,block_depth,True,1,0.08333333333333333,0.08333333333333333,False,False,False,False,False,False,False,False,False,False,False,147744,0.1354837481870906,0.1416490073500642,0.12951697545083424,-0.034528727759429424,-0.03915863283198925,-0.03681390362841483,0.1354837481870906,0.015955686931974414,0.01733171238279023,0.014707958050156055,-0.0032919555729082005,-0.0041282797704138684,-0.003703708858177321,0.015955686931974414,0.9428923251247552,0.9855544905322067,0.901203573285373,-0.22420343458001685,-0.2673676994374126,-0.24471538554729433,0.9428923251247552,1.3731018711245946,0.3731018711245946,2.6482754657824645,2.891712153420528,2.428586470642149,-0.6135725146184485,-0.7554215002963185,-0.6817358253967278,2.6482754657824645,0.13916327059268951,0.14152655215891263,1.3685052708425414,0.36850527084254137,False,False,0.001
tirex,monash_traffic,Traffic,2,L2,block,block_depth,True,2,0.16666666666666666,0.16666666666666666,False,False,False,False,False,False,False,False,False,False,False,147744,0.12910196449579173,0.13565580015291123,0.1227314602505444,-0.02819713302816883,-0.03282125617256602,-0.030432119937115948,0.12910196449579173,0.015770216487435994,0.017210753580367968,0.014455953362484623,-0.0030947863033042398,-0.0040087413562797805,-0.003518238413638901,0.015770216487435994,0.9167944682958601,0.9627320663897383,0.871706486861605,-0.19943741875186305,-0.23993410673778984,-0.21861752871839923,0.9167944682958601,1.3084237141877622,0.30842371418776215,2.5400161665105614,2.7844583941346106,2.3174417917639394,-0.50822115309189,-0.6515877632446648,-0.5734765261248247,2.5400161665105614,0.1275787055492401,0.12665940461438577,1.2247458881209614,0.35241046382670493,False,False,1.0
tirex,monash_traffic,Traffic,3,L3,block,block_depth,True,3,0.25,0.25,False,False,False,False,False,False,False,False,False,False,False,147744,0.12467380206434782,0.1311283512844327,0.11822769707210987,-0.02391540652162303,-0.028218529369141772,-0.02600395750567204,0.12467380206434782,0.015169080826041693,0.01654499360489356,0.013891298031548463,-0.002509052415794587,-0.003383495029893987,-0.0029171027522445995,0.015169080826041693,0.8776655797722965,0.9233286392143241,0.8335146318623111,-0.16102251257499017,-0.19958126047322036,-0.17948864019483568,0.8776655797722965,1.2635451350104066,0.26354513501040655,2.4629342989758247,2.698121102088768,2.243500576585977,-0.42997167804486575,-0.5712365586691601,-0.496394658590088,2.4629342989758247,0.1268894523382187,0.12987054952683338,1.2557963777364327,0.35241046382670493,False,False,3.0
tirex,monash_traffic,Traffic,4,L4,block,block_depth,True,4,0.3333333333333333,0.3333333333333333,False,False,False,False,False,False,False,False,False,False,False,147744,0.12232691530166691,0.1283506010893647,0.11633621492202728,-0.02177543289397793,-0.025641767090214915,-0.02365707074299113,0.12232691530166691,0.014852758058342989,0.016216551710002466,0.013619848906747677,-0.0022682669875555912,-0.0029853770444339648,-0.0026007799845458954,0.014852758058342989,0.8595653332363946,0.9009379173722217,0.8183430576889174,-0.14580524251984558,-0.17798971316899936,-0.16138839365893376,0.8595653332363946,1.2397598866077368,0.23975988660773684,2.4193142468139475,2.649455889089618,2.2046780477947814,-0.39665615280820976,-0.5164841149162638,-0.45277460642821077,2.4193142468139475,0.12742581963539124,0.13044251055094122,1.2613270125485434,0.35241046382670493,False,False,10.0
tirex,monash_traffic,Traffic,5,L5,block,block_depth,True,5,0.4166666666666667,0.4166666666666667,False,False,False,False,False,False,False,False,False,False,False,147744,0.11998690285129857,0.12577762891047897,0.11437306637015507,-0.01942481518268073,-0.02334452454597895,-0.021317058292622787,0.11998690285129857,0.014375847933582538,0.015652750320995796,0.013212803784372125,-0.0018299389711572977,-0.002451722688663742,-0.0021238698597854447,0.014375847933582538,0.8392240348164014,0.8806267586299259,0.7988090505156334,-0.12536584503371467,-0.1583596004713415,-0.14104709523894055,0.8392240348164014,1.2160443080453645,0.2270582796019449,2.348851127811295,2.565135141872015,2.151440358615084,-0.33276460378887346,-0.4351199762412293,-0.3823114874255584,2.348851127811295,0.12146420776844025,0.1307270393230533,1.2640782922088047,0.35241046382670493,False,False,10.0
tirex,monash_traffic,Traffic,6,L6,block,block_depth,True,6,0.5,0.5,False,False,False,False,False,False,False,False,False,False,False,147744,0.12107364971276002,0.12764451935681165,0.11468007302210304,-0.020257504916401534,-0.02464378267341784,-0.022403805154084244,0.12107364971276002,0.015014327987090983,0.01642355583372455,0.01373733707975667,-0.0023746307565317435,-0.003178762888227397,-0.002762349913293889,0.015014327987090983,0.8677665183135671,0.9134866281486369,0.8235534535465908,-0.1492766466496601,-0.1911350407626725,-0.16958957873610625,0.8677665183135671,1.227058279601945,0.2270582796019449,2.4013103056426894,2.644532645235995,2.1794198415768227,-0.37443045271498854,-0.5001543308319689,-0.43477066525695274,2.4013103056426894,0.11775502562522888,0.13986207735333733,1.352410463826705,0.35241046382670493,False,False,10.0
tirex,monash_traffic,Traffic,7,L7,block,block_depth,True,7,0.5833333333333334,0.5833333333333334,False,False,False,False,False,False,False,False,False,False,False,147744,0.11311813439633556,0.11934255309836611,0.10713744052927514,-0.012551166555837146,-0.01637281317669074,-0.014448289837659778,0.11311813439633556,0.013983093608183835,0.015372594271670138,0.012739595665641134,-0.001392736704990175,-0.002083328676919395,-0.0017311155343867415,0.013983093608183835,0.7995871701548928,0.8409029551981121,0.7589297607747508,-0.08495260956245314,-0.11842681444076344,-0.10141023057743193,0.7995871701548928,1.1464306536843467,0.16779601762488738,2.2620924883984928,2.49432019082857,2.0516704561488965,-0.24746907758624637,-0.3465786219205118,-0.29555284801275605,2.2620924883984928,0.11470696330070496,0.13934894560175087,1.3474486845989155,0.34744868459891554,False,False,10.0
tirex,monash_traffic,Traffic,8,L8,block,block_depth,True,8,0.6666666666666666,0.6666666666666666,False,False,False,False,False,False,False,False,False,False,False,147744,0.11522625153528825,0.12080360473567292,0.1097357309657995,-0.014887107273862336,-0.01824553686314981,-0.016556406976612467,0.11522625153528825,0.014294077848434082,0.015607794199609684,0.01311437355477268,-0.0017698698632500115,-0.002319398312382733,-0.0020420997746369886,0.014294077848434082,0.825108923118125,0.8630125212390201,0.7879615512291462,-0.11360428420979532,-0.14053230617619977,-0.12693198354066415,0.825108923118125,1.1677960176248874,0.16779601762488738,2.2740087197676337,2.489310799115367,2.0789104788432304,-0.26729964036926734,-0.3483573625905309,-0.30746907938189705,2.2740087197676337,0.11123621463775635,0.13639688224510382,1.3189034102189081,0.3189034102189081,False,False,10.0
tirex,monash_traffic,Traffic,9,L9,block,block_depth,True,9,0.75,0.75,False,False,False,False,False,False,False,False,False,False,False,147744,0.11095602309885826,0.1169229747891028,0.10504012065548592,-0.01069609515034799,-0.013851761035194612,-0.012286178540182477,0.11095602309885826,0.01359679266558759,0.01490229038445564,0.01240940850375857,-0.0010927710411467969,-0.0016020391202502366,-0.0013448145917904965,0.01359679266558759,0.7873110352972027,0.8260653530849387,0.7473786129467505,-0.07592215127990252,-0.10257762760922436,-0.08913409571974185,0.7873110352972027,1.1245180692757277,0.12451806927572773,2.1904162425787423,2.409023740724168,1.9904399241201571,-0.18847558831999978,-0.2612290527728758,-0.22387660219300565,2.1904162425787423,0.10493163019418716,0.1273112848173571,1.231049309493952,0.23104930949395208,False,False,10.0
tirex,monash_traffic,Traffic,10,L10,block,block_depth,True,10,0.8333333333333334,0.8333333333333334,False,False,False,False,False,False,False,False,False,False,False,147744,0.10920617046929498,0.11529967240271165,0.10322270400267636,-0.0090694438786964,-0.011980268156923756,-0.010536325910619204,0.10920617046929498,0.013512590063722144,0.014905929939890554,0.012289617211485677,-0.0009899993201374462,-0.0015514582469892155,-0.00126061198992505,0.013512590063722144,0.7760661196442741,0.8162631126508978,0.7358285713564298,-0.06436368030598952,-0.0915942810178762,-0.07788918006681322,0.7760661196442741,1.106783647605258,0.10678364760525794,2.1811177101931127,2.4131273903157573,1.97505292643572,-0.17490500213161994,-0.259037374573375,-0.21457806980737604,2.1811177101931127,0.09746059775352478,0.12081284246599401,1.1682119657273837,0.16821196572738373,False,False,10.0
tirex,monash_traffic,Traffic,11,L11,block,block_depth,True,11,0.9166666666666666,0.9166666666666666,False,False,False,False,False,False,True,False,False,False,True,147744,0.09942278010017089,0.10512841841781811,0.09377886947770496,0.0006589607556016442,-0.0021267716957697027,-0.0007529355414951089,0.09942278010017089,0.012242207539705459,0.013436295385352565,0.011149543133314429,0.00018756593168707712,-0.00017120516099638393,9.770534091634725e-06,0.012242207539705459,0.6975848803156878,0.7327739995683601,0.6626358547267942,0.010355951546541148,-0.008907829889356105,0.0005920592617730813,0.6975848803156878,1.00763085768365,0.007630857683649905,1.985484099894351,2.1911688632785205,1.7981992743441022,0.01072951734008903,-0.04753583360946881,-0.018944459508614342,1.985484099894351,0.09103327989578247,0.11076961164824835,1.0710979323483996,0.07109793234839956,False,False,10.0
tirex,monash_traffic,Traffic,12,L12,block,block_depth,True,12,1.0,1.0,True,True,False,True,True,True,False,True,True,True,False,147744,0.09866984455867578,0.10475583731211038,0.09260449880335964,0.0,0.0,0.0,0.09866984455867578,0.012251978073797094,0.013485845340600693,0.01114163363417921,0.0,0.0,0.0,0.012251978073797094,0.6981769395774609,0.7360099926537113,0.6607218013878127,0.0,0.0,0.0,0.6981769395774609,1.0,0.0,1.9665396403857367,2.178893701100049,1.7732901591298793,0.0,0.0,0.0,1.9665396403857367,0.09347601979970932,0.10341688495783405,1.0,0.0,False,False,30.0
tirex,monash_traffic,Traffic,13,L12+RMS,final_norm,head_input_diagnostic,False,12,,,False,False,True,False,False,False,False,False,False,False,False,147744,0.08948822874746477,0.09590303995433255,0.08306472397050359,0.010585811957965768,0.007785335407620782,0.009181615811211005,0.08948822874746477,0.010860177797435602,0.012031332122241532,0.009798227913897539,0.001624240614044193,0.0011633346926779456,0.0013918002763614913,0.010860177797435602,0.6190362979085855,0.6566172999521243,0.581260656963898,0.09137508522110552,0.06707256504773772,0.07914064166887536,0.6190362979085855,,,1.7728558371469327,1.9762004958360333,1.5881031587548673,0.22945689928495866,0.1591083169767007,0.19368380323880396,1.7728558371469327,0.08616054803133011,0.09958816232970198,,,False,False,10.0
