model,dataset,point_index,layer,point_type,include_in_main_depth_axis,relative_depth,selected_wd,wd_at_grid_max,wd_at_grid_min,wd_grid,wd_grid_max,wd_grid_min,n_wd_candidates,lr,lr_times_selected_wd,val_loss_selection_convention,val_loss_at_selected_wd,val_loss_by_wd,val_loss_by_wd_mean_pinball,train_loss,val_loss,test_loss,n_probe_params,constant_forecast_floor_val_loss,val_over_floor
chronos2,m4_hourly,0,Emb,block_depth,True,0.0,90.0,True,False,1e-05|0.0001|0.001|0.01|0.1|0.3|1|3|10|30|45|65|90,90.0,1e-05,13,0.01,0.9,chronos2_quantile_loss (SUM over quantiles) = 2Q x mean pinball,0.2952349715762668,"{""1e-05"": 5.591728687286377, ""0.0001"": 5.60486364364624, ""0.001"": 5.584346771240234, ""0.01"": 5.579570293426514, ""0.1"": 5.58563756942749, ""0.3"": 5.578332424163818, ""1"": 5.52690315246582, ""3"": 5.474263668060303, ""10"": 5.390581130981445, ""30"": 5.361330032348633, ""45"": 5.320828914642334, ""65"": 5.319973468780518, ""90"": 5.314229488372803}","{""1e-05"": 0.31065159373813206, ""0.0001"": 0.3113813135359022, ""0.001"": 0.3102414872911241, ""0.01"": 0.30997612741258407, ""0.1"": 0.3103131983015272, ""0.3"": 0.30990735689798987, ""1"": 0.30705017513699, ""3"": 0.30412575933668345, ""10"": 0.29947672949896914, ""30"": 0.2978516684638129, ""45"": 0.29560160636901855, ""65"": 0.2955540815989176, ""90"": 0.2952349715762668}",0.2793122713415318,0.29523494344858725,0.2863358899609733,110736,0.30932340492274013,0.9544539428638716
chronos2,m4_hourly,1,L1,block_depth,True,0.08333333333333333,0.1,False,False,1e-05|0.0001|0.001|0.01|0.1|0.3|1|3|10|30|45|65|90,90.0,1e-05,13,0.01,0.001,chronos2_quantile_loss (SUM over quantiles) = 2Q x mean pinball,0.2226796680026584,"{""1e-05"": 4.039662837982178, ""0.0001"": 4.03665018081665, ""0.001"": 4.0125532150268555, ""0.01"": 4.038480281829834, ""0.1"": 4.008234024047852, ""0.3"": 4.008750915527344, ""1"": 4.126564979553223, ""3"": 4.1237897872924805, ""10"": 4.179241180419922, ""30"": 4.050770282745361, ""45"": 4.084573745727539, ""65"": 4.048884868621826, ""90"": 4.084903717041016}","{""1e-05"": 0.2244257132212321, ""0.0001"": 0.2242583433787028, ""0.001"": 0.22291962305704752, ""0.01"": 0.22436001565721297, ""0.1"": 0.2226796680026584, ""0.3"": 0.22270838419596353, ""1"": 0.22925360997517902, ""3"": 0.22909943262736002, ""10"": 0.23218006557888454, ""30"": 0.2250427934858534, ""45"": 0.22692076365152994, ""65"": 0.2249380482567681, ""90"": 0.22693909539116752}",0.16281721079281106,0.2226796775828791,0.19756452773363536,110736,0.30932340492274013,0.7198927531477869
chronos2,m4_hourly,2,L2,block_depth,True,0.16666666666666666,0.01,False,False,1e-05|0.0001|0.001|0.01|0.1|0.3|1|3|10|30|45|65|90,90.0,1e-05,13,0.01,0.0001,chronos2_quantile_loss (SUM over quantiles) = 2Q x mean pinball,0.12371622191535102,"{""1e-05"": 2.249251127243042, ""0.0001"": 2.2705941200256348, ""0.001"": 2.2721073627471924, ""0.01"": 2.2268919944763184, ""0.1"": 2.241837739944458, ""0.3"": 2.2514984607696533, ""1"": 2.22943115234375, ""3"": 2.278001070022583, ""10"": 2.2641866207122803, ""30"": 2.285778284072876, ""45"": 2.38358998298645, ""65"": 2.475090265274048, ""90"": 2.6387181282043457}","{""1e-05"": 0.12495839595794678, ""0.0001"": 0.12614411777920193, ""0.001"": 0.12622818681928846, ""0.01"": 0.12371622191535102, ""0.1"": 0.12454654110802543, ""0.3"": 0.1250832478205363, ""1"": 0.12385728624131943, ""3"": 0.12655561500125462, ""10"": 0.1257881455951267, ""30"": 0.1269876824484931, ""45"": 0.13242166572146946, ""65"": 0.13750501473744708, ""90"": 0.1465954515669081}",0.09606005619393616,0.12371622075731972,0.12256940134324645,110736,0.30932340492274013,0.3999575162707794
chronos2,m4_hourly,3,L3,block_depth,True,0.25,1.0,False,False,1e-05|0.0001|0.001|0.01|0.1|0.3|1|3|10|30|45|65|90,90.0,1e-05,13,0.01,0.01,chronos2_quantile_loss (SUM over quantiles) = 2Q x mean pinball,0.10196871227688259,"{""1e-05"": 1.883249282836914, ""0.0001"": 1.8453425168991089, ""0.001"": 1.8549576997756958, ""0.01"": 1.8666408061981201, ""0.1"": 1.8770101070404053, ""0.3"": 1.8610050678253174, ""1"": 1.8354368209838867, ""3"": 1.8671950101852417, ""10"": 1.9129432439804077, ""30"": 1.9880685806274414, ""45"": 2.036182403564453, ""65"": 2.1039631366729736, ""90"": 2.165339231491089}","{""1e-05"": 0.10462496015760633, ""0.0001"": 0.10251902871661715, ""0.001"": 0.1030532055430942, ""0.01"": 0.10370226701100667, ""0.1"": 0.1042783392800225, ""0.3"": 0.10338917043473984, ""1"": 0.10196871227688259, ""3"": 0.10373305612140231, ""10"": 0.1062746246655782, ""30"": 0.11044825447930229, ""45"": 0.11312124464246961, ""65"": 0.11688684092627631, ""90"": 0.12029662397172715}",0.08086808181636389,0.10196871101458109,0.10989426478800428,110736,0.30932340492274013,0.3296508100964745
chronos2,m4_hourly,4,L4,block_depth,True,0.3333333333333333,10.0,False,False,1e-05|0.0001|0.001|0.01|0.1|0.3|1|3|10|30|45|65|90,90.0,1e-05,13,0.01,0.1,chronos2_quantile_loss (SUM over quantiles) = 2Q x mean pinball,0.10092951854070027,"{""1e-05"": 1.8986958265304565, ""0.0001"": 1.943297028541565, ""0.001"": 1.9219931364059448, ""0.01"": 1.9199678897857666, ""0.1"": 1.8794838190078735, ""0.3"": 1.879436731338501, ""1"": 1.8574517965316772, ""3"": 1.8676517009735107, ""10"": 1.816731333732605, ""30"": 1.8948951959609985, ""45"": 1.9325652122497559, ""65"": 1.965969204902649, ""90"": 2.0525600910186768}","{""1e-05"": 0.10548310147391425, ""0.0001"": 0.10796094603008694, ""0.001"": 0.10677739646699692, ""0.01"": 0.10666488276587592, ""0.1"": 0.10441576772265963, ""0.3"": 0.10441315174102783, ""1"": 0.10319176647398207, ""3"": 0.1037584278318617, ""10"": 0.10092951854070027, ""30"": 0.10527195533116658, ""45"": 0.10736473401387532, ""65"": 0.10922051138348049, ""90"": 0.11403111616770426}",0.08147520155858361,0.10092951473957709,0.10868429062703183,110736,0.30932340492274013,0.3262912315503132
chronos2,m4_hourly,5,L5,block_depth,True,0.4166666666666667,30.0,False,False,1e-05|0.0001|0.001|0.01|0.1|0.3|1|3|10|30|45|65|90,90.0,1e-05,13,0.01,0.3,chronos2_quantile_loss (SUM over quantiles) = 2Q x mean pinball,0.09820355309380424,"{""1e-05"": 1.9992578029632568, ""0.0001"": 1.9938806295394897, ""0.001"": 2.02345609664917, ""0.01"": 2.0813021659851074, ""0.1"": 2.0529282093048096, ""0.3"": 1.959171175956726, ""1"": 1.9720898866653442, ""3"": 1.9048609733581543, ""10"": 1.8503026962280273, ""30"": 1.7676639556884766, ""45"": 1.7925254106521606, ""65"": 1.8803154230117798, ""90"": 1.9264304637908936}","{""1e-05"": 0.11106987794240315, ""0.0001"": 0.1107711460855272, ""0.001"": 0.11241422759162055, ""0.01"": 0.11562789811028373, ""0.1"": 0.11405156718360053, ""0.3"": 0.108842843108707, ""1"": 0.10956054925918579, ""3"": 0.10582560963100857, ""10"": 0.1027945942348904, ""30"": 0.09820355309380424, ""45"": 0.09958474503623115, ""65"": 0.10446196794509888, ""90"": 0.10702391465504964}",0.08160871786561125,0.09820355335605964,0.105726346800118,110736,0.30932340492274013,0.317478573535643
chronos2,m4_hourly,6,L6,block_depth,True,0.5,30.0,False,False,1e-05|0.0001|0.001|0.01|0.1|0.3|1|3|10|30|45|65|90,90.0,1e-05,13,0.01,0.3,chronos2_quantile_loss (SUM over quantiles) = 2Q x mean pinball,0.0984545350074768,"{""1e-05"": 2.0985567569732666, ""0.0001"": 1.9741709232330322, ""0.001"": 2.0273501873016357, ""0.01"": 2.030478000640869, ""0.1"": 2.002185583114624, ""0.3"": 2.0081489086151123, ""1"": 1.9412513971328735, ""3"": 1.9075909852981567, ""10"": 1.7906733751296997, ""30"": 1.7721816301345825, ""45"": 1.775083303451538, ""65"": 1.8068989515304565, ""90"": 1.828314185142517}","{""1e-05"": 0.1165864864985148, ""0.0001"": 0.10967616240183511, ""0.001"": 0.11263056596120198, ""0.01"": 0.11280433336893717, ""0.1"": 0.11123253239525688, ""0.3"": 0.11156382825639512, ""1"": 0.10784729984071519, ""3"": 0.1059772769610087, ""10"": 0.0994818541738722, ""30"": 0.0984545350074768, ""45"": 0.098615739080641, ""65"": 0.10038327508502536, ""90"": 0.10157301028569539}",0.08242904807746923,0.09845453398373291,0.10700206363303516,110736,0.30932340492274013,0.3182899593657452
chronos2,m4_hourly,7,L7,block_depth,True,0.5833333333333334,30.0,False,False,1e-05|0.0001|0.001|0.01|0.1|0.3|1|3|10|30|45|65|90,90.0,1e-05,13,0.01,0.3,chronos2_quantile_loss (SUM over quantiles) = 2Q x mean pinball,0.09871853060192531,"{""1e-05"": 2.0059337615966797, ""0.0001"": 2.071963310241699, ""0.001"": 2.055269479751587, ""0.01"": 2.0838212966918945, ""0.1"": 2.0286004543304443, ""0.3"": 1.98293137550354, ""1"": 1.9855244159698486, ""3"": 1.9639990329742432, ""10"": 1.792418122291565, ""30"": 1.7769335508346558, ""45"": 1.8181462287902832, ""65"": 1.8394781351089478, ""90"": 1.8999407291412354}","{""1e-05"": 0.11144076453314887, ""0.0001"": 0.11510907279120551, ""0.001"": 0.11418163776397705, ""0.01"": 0.11576784981621635, ""0.1"": 0.11270002524058023, ""0.3"": 0.11016285419464111, ""1"": 0.11030691199832492, ""3"": 0.10911105738745795, ""10"": 0.0995787845717536, ""30"": 0.09871853060192531, ""45"": 0.1010081238216824, ""65"": 0.10219322972827487, ""90"": 0.10555226273006862}",0.08130155429457832,0.09871852821634926,0.10671595961765479,110736,0.30932340492274013,0.3191434163897369
chronos2,m4_hourly,8,L8,block_depth,True,0.6666666666666666,30.0,False,False,1e-05|0.0001|0.001|0.01|0.1|0.3|1|3|10|30|45|65|90,90.0,1e-05,13,0.01,0.3,chronos2_quantile_loss (SUM over quantiles) = 2Q x mean pinball,0.09643336799409653,"{""1e-05"": 2.0707685947418213, ""0.0001"": 2.066587448120117, ""0.001"": 2.006610870361328, ""0.01"": 2.023533582687378, ""0.1"": 2.047016143798828, ""0.3"": 1.9817728996276855, ""1"": 1.9247795343399048, ""3"": 1.85870361328125, ""10"": 1.7899301052093506, ""30"": 1.7358006238937378, ""45"": 1.7453062534332275, ""65"": 1.779261827468872, ""90"": 1.8103617429733276}","{""1e-05"": 0.11504269970787895, ""0.0001"": 0.11481041378445095, ""0.001"": 0.11147838168674044, ""0.01"": 0.112418532371521, ""0.1"": 0.11372311909993489, ""0.3"": 0.1100984944237603, ""1"": 0.10693219635221693, ""3"": 0.10326131184895833, ""10"": 0.09944056140051948, ""30"": 0.09643336799409653, ""45"": 0.09696145852406819, ""65"": 0.09884787930382621, ""90"": 0.10057565238740708}",0.08039368789541498,0.09643336345676247,0.10632393773616726,110736,0.30932340492274013,0.311755793199188
chronos2,m4_hourly,9,L9,block_depth,True,0.75,30.0,False,False,1e-05|0.0001|0.001|0.01|0.1|0.3|1|3|10|30|45|65|90,90.0,1e-05,13,0.01,0.3,chronos2_quantile_loss (SUM over quantiles) = 2Q x mean pinball,0.09278002050187852,"{""1e-05"": 2.0932416915893555, ""0.0001"": 2.078822374343872, ""0.001"": 2.04518461227417, ""0.01"": 2.1253316402435303, ""0.1"": 1.9894171953201294, ""0.3"": 2.0682601928710938, ""1"": 2.001246452331543, ""3"": 1.9648202657699585, ""10"": 1.792785406112671, ""30"": 1.6700403690338135, ""45"": 1.738898515701294, ""65"": 1.7899311780929565, ""90"": 1.8678674697875977}","{""1e-05"": 0.11629120508829752, ""0.0001"": 0.11549013190799289, ""0.001"": 0.11362136734856498, ""0.01"": 0.11807398001352945, ""0.1"": 0.11052317751778495, ""0.3"": 0.11490334404839408, ""1"": 0.11118035846286349, ""3"": 0.10915668143166435, ""10"": 0.09959918922848171, ""30"": 0.09278002050187852, ""45"": 0.09660547309451632, ""65"": 0.09944062100516425, ""90"": 0.10377041498819986}",0.07915120897346965,0.09278002015905071,0.10414633466257849,110736,0.30932340492274013,0.29994503707931325
chronos2,m4_hourly,10,L10,block_depth,True,0.8333333333333334,30.0,False,False,1e-05|0.0001|0.001|0.01|0.1|0.3|1|3|10|30|45|65|90,90.0,1e-05,13,0.01,0.3,chronos2_quantile_loss (SUM over quantiles) = 2Q x mean pinball,0.09512221813201904,"{""1e-05"": 2.0791425704956055, ""0.0001"": 2.114891767501831, ""0.001"": 2.0873653888702393, ""0.01"": 2.0643815994262695, ""0.1"": 2.0814831256866455, ""0.3"": 2.1193699836730957, ""1"": 1.9798882007598877, ""3"": 2.033320188522339, ""10"": 1.8091096878051758, ""30"": 1.7121999263763428, ""45"": 1.7612684965133667, ""65"": 1.7679616212844849, ""90"": 1.824435830116272}","{""1e-05"": 0.11550792058308919, ""0.0001"": 0.11749398708343506, ""0.001"": 0.1159647438261244, ""0.01"": 0.11468786663479275, ""0.1"": 0.11563795142703585, ""0.3"": 0.11774277687072754, ""1"": 0.10999378893110487, ""3"": 0.11296223269568549, ""10"": 0.1005060937669542, ""30"": 0.09512221813201904, ""45"": 0.09784824980629814, ""65"": 0.09822009007136026, ""90"": 0.10135754611757065}",0.0822078965716545,0.09512221508922468,0.10435366529601676,110736,0.30932340492274013,0.3075170309630576
chronos2,m4_hourly,11,L11,block_depth,True,0.9166666666666666,45.0,False,False,1e-05|0.0001|0.001|0.01|0.1|0.3|1|3|10|30|45|65|90,90.0,1e-05,13,0.01,0.45,chronos2_quantile_loss (SUM over quantiles) = 2Q x mean pinball,0.09308622280756632,"{""1e-05"": 2.082054376602173, ""0.0001"": 2.122438669204712, ""0.001"": 2.0952017307281494, ""0.01"": 2.151418447494507, ""0.1"": 2.109503984451294, ""0.3"": 2.1188135147094727, ""1"": 2.0790908336639404, ""3"": 2.0387916564941406, ""10"": 1.8095929622650146, ""30"": 1.7321741580963135, ""45"": 1.6755520105361938, ""65"": 1.8462307453155518, ""90"": 1.8985940217971802}","{""1e-05"": 0.1156696875890096, ""0.0001"": 0.11791325940026176, ""0.001"": 0.11640009615156385, ""0.01"": 0.11952324708302815, ""0.1"": 0.11719466580284965, ""0.3"": 0.11771186192830403, ""1"": 0.11550504631466335, ""3"": 0.11326620313856336, ""10"": 0.10053294234805636, ""30"": 0.09623189767201741, ""45"": 0.09308622280756632, ""65"": 0.10256837473975287, ""90"": 0.10547744565539889}",0.08125196565396903,0.0930862226416819,0.10264187994349094,110736,0.30932340492274013,0.30093494756703615
chronos2,m4_hourly,12,L12,block_depth,True,1.0,30.0,False,False,1e-05|0.0001|0.001|0.01|0.1|0.3|1|3|10|30|45|65|90,90.0,1e-05,13,0.01,0.3,chronos2_quantile_loss (SUM over quantiles) = 2Q x mean pinball,0.09203551212946573,"{""1e-05"": 2.0931921005249023, ""0.0001"": 2.0440049171447754, ""0.001"": 2.0642309188842773, ""0.01"": 2.113267183303833, ""0.1"": 2.0705761909484863, ""0.3"": 1.9975507259368896, ""1"": 1.944332480430603, ""3"": 1.9160898923873901, ""10"": 1.8530912399291992, ""30"": 1.6566392183303833, ""45"": 1.7009763717651367, ""65"": 1.7766520977020264, ""90"": 1.7294973134994507}","{""1e-05"": 0.11628845002916123, ""0.0001"": 0.11355582873026529, ""0.001"": 0.11467949549357095, ""0.01"": 0.1174037324057685, ""0.1"": 0.11503201060824923, ""0.3"": 0.11097504032982719, ""1"": 0.10801847113503349, ""3"": 0.1064494384659661, ""10"": 0.10294951332939994, ""30"": 0.09203551212946573, ""45"": 0.09449868732028537, ""65"": 0.09870289431677924, ""90"": 0.09608318408330281}",0.07953101691323596,0.09203550582111791,0.09928486517538096,110736,0.30932340492274013,0.29753812468250074
chronos2,m4_hourly,13,L12+LN,head_input_diagnostic,False,,45.0,False,False,1e-05|0.0001|0.001|0.01|0.1|0.3|1|3|10|30|45|65|90,90.0,1e-05,13,0.01,0.45,chronos2_quantile_loss (SUM over quantiles) = 2Q x mean pinball,0.09057644340727064,"{""1e-05"": 2.0154194831848145, ""0.0001"": 2.072467565536499, ""0.001"": 2.0815324783325195, ""0.01"": 2.016596555709839, ""0.1"": 1.952600359916687, ""0.3"": 1.9745129346847534, ""1"": 1.9987163543701172, ""3"": 1.893579125404358, ""10"": 1.7640960216522217, ""30"": 1.6576391458511353, ""45"": 1.6303759813308716, ""65"": 1.6762077808380127, ""90"": 1.7024149894714355}","{""1e-05"": 0.11196774906582302, ""0.0001"": 0.11513708697424994, ""0.001"": 0.11564069324069552, ""0.01"": 0.11203314198387992, ""0.1"": 0.10847779777314927, ""0.3"": 0.10969516303804185, ""1"": 0.1110397974650065, ""3"": 0.1051988403002421, ""10"": 0.09800533453623453, ""30"": 0.0920910636583964, ""45"": 0.09057644340727064, ""65"": 0.0931226544910007, ""90"": 0.09457861052619086}",0.07816247144444088,0.09057644714835945,0.09903551601157844,110736,0.30932340492274013,0.29282118878454344
chronos2,monash_electricity_hourly,0,Emb,block_depth,True,0.0,0.0001,False,False,1e-05|0.0001|0.001|0.01|0.1|0.3|1|3|10|30|45|65|90,90.0,1e-05,13,0.01,1.0000000000000002e-06,chronos2_quantile_loss (SUM over quantiles) = 2Q x mean pinball,0.2555157343546549,"{""1e-05"": 4.605503082275391, ""0.0001"": 4.599283218383789, ""0.001"": 4.60200309753418, ""0.01"": 4.6000657081604, ""0.1"": 4.6000213623046875, ""0.3"": 4.610098838806152, ""1"": 4.619102954864502, ""3"": 4.628745079040527, ""10"": 4.657311916351318, ""30"": 4.761162281036377, ""45"": 4.800380229949951, ""65"": 4.913090705871582, ""90"": 4.997896671295166}","{""1e-05"": 0.2558612823486328, ""0.0001"": 0.2555157343546549, ""0.001"": 0.2556668387518989, ""0.01"": 0.25555920600891113, ""0.1"": 0.2555567423502604, ""0.3"": 0.2561166021558973, ""1"": 0.25661683082580566, ""3"": 0.2571525043911404, ""10"": 0.25873955090840656, ""30"": 0.26450901561313206, ""45"": 0.26668779055277503, ""65"": 0.2729494836595323, ""90"": 0.27766092618306476}",0.26303879966908583,0.2555157448385508,0.2651963917012433,110736,0.2537231052877339,1.0070653382110546
chronos2,monash_electricity_hourly,1,L1,block_depth,True,0.08333333333333333,0.001,False,False,1e-05|0.0001|0.001|0.01|0.1|0.3|1|3|10|30|45|65|90,90.0,1e-05,13,0.01,1e-05,chronos2_quantile_loss (SUM over quantiles) = 2Q x mean pinball,0.20282039377424452,"{""1e-05"": 3.656250476837158, ""0.0001"": 3.6826303005218506, ""0.001"": 3.6507670879364014, ""0.01"": 3.6578526496887207, ""0.1"": 3.699279308319092, ""0.3"": 3.704271078109741, ""1"": 3.7148497104644775, ""3"": 3.761317491531372, ""10"": 3.847132921218872, ""30"": 3.9068710803985596, ""45"": 3.9400815963745117, ""65"": 3.9753072261810303, ""90"": 3.9897851943969727}","{""1e-05"": 0.2031250264909532, ""0.0001"": 0.2045905722512139, ""0.001"": 0.20282039377424452, ""0.01"": 0.2032140360938178, ""0.1"": 0.20551551712883842, ""0.3"": 0.20579283767276338, ""1"": 0.20638053947024873, ""3"": 0.208962082862854, ""10"": 0.21372960673438177, ""30"": 0.21704839335547552, ""45"": 0.2188934220208062, ""65"": 0.22085040145450166, ""90"": 0.22165473302205402}",0.1899912055565774,0.20282039205536587,0.20781323717523167,110736,0.2537231052877339,0.7993769106103208
chronos2,monash_electricity_hourly,2,L2,block_depth,True,0.16666666666666666,0.1,False,False,1e-05|0.0001|0.001|0.01|0.1|0.3|1|3|10|30|45|65|90,90.0,1e-05,13,0.01,0.001,chronos2_quantile_loss (SUM over quantiles) = 2Q x mean pinball,0.1326815022362603,"{""1e-05"": 2.4211015701293945, ""0.0001"": 2.4082279205322266, ""0.001"": 2.439567804336548, ""0.01"": 2.4218220710754395, ""0.1"": 2.3882670402526855, ""0.3"": 2.4081296920776367, ""1"": 2.4003422260284424, ""3"": 2.4249277114868164, ""10"": 2.472653865814209, ""30"": 2.53415584564209, ""45"": 2.556784152984619, ""65"": 2.688943386077881, ""90"": 2.8612990379333496}","{""1e-05"": 0.13450564278496635, ""0.0001"": 0.13379044002956814, ""0.001"": 0.13553154468536377, ""0.01"": 0.13454567061530218, ""0.1"": 0.1326815022362603, ""0.3"": 0.13378498289320204, ""1"": 0.13335234589046902, ""3"": 0.13471820619371203, ""10"": 0.1373696592119005, ""30"": 0.140786435869005, ""45"": 0.14204356405470106, ""65"": 0.14938574367099336, ""90"": 0.15896105766296387}",0.10986184421258643,0.1326814982329161,0.14643926400947208,110736,0.2537231052877339,0.5229381773585384
chronos2,monash_electricity_hourly,3,L3,block_depth,True,0.25,0.3,False,False,1e-05|0.0001|0.001|0.01|0.1|0.3|1|3|10|30|45|65|90,90.0,1e-05,13,0.01,0.003,chronos2_quantile_loss (SUM over quantiles) = 2Q x mean pinball,0.09858209557003444,"{""1e-05"": 1.7857643365859985, ""0.0001"": 1.7947795391082764, ""0.001"": 1.806125521659851, ""0.01"": 1.7953120470046997, ""0.1"": 1.8053805828094482, ""0.3"": 1.7744777202606201, ""1"": 1.7857309579849243, ""3"": 1.788562536239624, ""10"": 1.8104677200317383, ""30"": 1.8939011096954346, ""45"": 1.9366008043289185, ""65"": 1.9812235832214355, ""90"": 2.0756075382232666}","{""1e-05"": 0.09920912981033325, ""0.0001"": 0.09970997439490424, ""0.001"": 0.10034030675888062, ""0.01"": 0.09973955816692776, ""0.1"": 0.10029892126719156, ""0.3"": 0.09858209557003444, ""1"": 0.0992072754436069, ""3"": 0.09936458534664577, ""10"": 0.10058154000176323, ""30"": 0.10521672831641303, ""45"": 0.1075889335738288, ""65"": 0.1100679768456353, ""90"": 0.11531152990129258}",0.09450373925546578,0.09858209757802595,0.1198541922708049,110736,0.2537231052877339,0.3885420583443878
chronos2,monash_electricity_hourly,4,L4,block_depth,True,0.3333333333333333,10.0,False,False,1e-05|0.0001|0.001|0.01|0.1|0.3|1|3|10|30|45|65|90,90.0,1e-05,13,0.01,0.1,chronos2_quantile_loss (SUM over quantiles) = 2Q x mean pinball,0.09285830789142184,"{""1e-05"": 1.7150228023529053, ""0.0001"": 1.7143583297729492, ""0.001"": 1.7112383842468262, ""0.01"": 1.7362881898880005, ""0.1"": 1.7126456499099731, ""0.3"": 1.6913204193115234, ""1"": 1.6781152486801147, ""3"": 1.6769920587539673, ""10"": 1.6714495420455933, ""30"": 1.7212361097335815, ""45"": 1.765760064125061, ""65"": 1.8104026317596436, ""90"": 1.9385539293289185}","{""1e-05"": 0.0952790445751614, ""0.0001"": 0.09524212943183051, ""0.001"": 0.09506879912482367, ""0.01"": 0.0964604549937778, ""0.1"": 0.09514698055055405, ""0.3"": 0.09396224551730685, ""1"": 0.09322862492667304, ""3"": 0.09316622548633151, ""10"": 0.09285830789142184, ""30"": 0.0956242283185323, ""45"": 0.09809778134028116, ""65"": 0.10057792398664686, ""90"": 0.10769744051827324}",0.09651697319872153,0.0928583100352806,0.12161096885004116,110736,0.2537231052877339,0.36598286912015726
chronos2,monash_electricity_hourly,5,L5,block_depth,True,0.4166666666666667,1.0,False,False,1e-05|0.0001|0.001|0.01|0.1|0.3|1|3|10|30|45|65|90,90.0,1e-05,13,0.01,0.01,chronos2_quantile_loss (SUM over quantiles) = 2Q x mean pinball,0.08987650606367323,"{""1e-05"": 1.6673400402069092, ""0.0001"": 1.6788915395736694, ""0.001"": 1.6578211784362793, ""0.01"": 1.6521177291870117, ""0.1"": 1.6652143001556396, ""0.3"": 1.6388219594955444, ""1"": 1.6177771091461182, ""3"": 1.626125454902649, ""10"": 1.6300967931747437, ""30"": 1.693878173828125, ""45"": 1.7071239948272705, ""65"": 1.746630072593689, ""90"": 1.8899734020233154}","{""1e-05"": 0.09263000223371717, ""0.0001"": 0.09327175219853719, ""0.001"": 0.09210117657979329, ""0.01"": 0.09178431828816731, ""0.1"": 0.0925119055642022, ""0.3"": 0.09104566441641913, ""1"": 0.08987650606367323, ""3"": 0.09034030305014716, ""10"": 0.09056093295415242, ""30"": 0.09410434299045138, ""45"": 0.09484022193484835, ""65"": 0.09703500403298272, ""90"": 0.10499852233462863}",0.08974106962307539,0.08987650460073056,0.12356728609679764,110736,0.2537231052877339,0.35423066613821547
chronos2,monash_electricity_hourly,6,L6,block_depth,True,0.5,1.0,False,False,1e-05|0.0001|0.001|0.01|0.1|0.3|1|3|10|30|45|65|90,90.0,1e-05,13,0.01,0.01,chronos2_quantile_loss (SUM over quantiles) = 2Q x mean pinball,0.09065790308846368,"{""1e-05"": 1.6876120567321777, ""0.0001"": 1.6607586145401, ""0.001"": 1.6816940307617188, ""0.01"": 1.6645280122756958, ""0.1"": 1.6591806411743164, ""0.3"": 1.6474487781524658, ""1"": 1.6318422555923462, ""3"": 1.6543306112289429, ""10"": 1.636987566947937, ""30"": 1.6503188610076904, ""45"": 1.6776036024093628, ""65"": 1.7216863632202148, ""90"": 1.8322943449020386}","{""1e-05"": 0.09375622537400986, ""0.0001"": 0.09226436747445001, ""0.001"": 0.09342744615342881, ""0.01"": 0.09247377845976087, ""0.1"": 0.09217670228746201, ""0.3"": 0.09152493211958143, ""1"": 0.09065790308846368, ""3"": 0.09190725617938571, ""10"": 0.09094375371932983, ""30"": 0.0916843811670939, ""45"": 0.09320020013385348, ""65"": 0.09564924240112305, ""90"": 0.10179413027233547}",0.0874168190175141,0.09065790269666045,0.1232232868045796,110736,0.2537231052877339,0.3573103939187964
chronos2,monash_electricity_hourly,7,L7,block_depth,True,0.5833333333333334,10.0,False,False,1e-05|0.0001|0.001|0.01|0.1|0.3|1|3|10|30|45|65|90,90.0,1e-05,13,0.01,0.1,chronos2_quantile_loss (SUM over quantiles) = 2Q x mean pinball,0.0896503660413954,"{""1e-05"": 1.6818888187408447, ""0.0001"": 1.6753207445144653, ""0.001"": 1.649660348892212, ""0.01"": 1.6606452465057373, ""0.1"": 1.6428899765014648, ""0.3"": 1.6402244567871094, ""1"": 1.624368667602539, ""3"": 1.6389379501342773, ""10"": 1.6137065887451172, ""30"": 1.6363723278045654, ""45"": 1.6770167350769043, ""65"": 1.7266069650650024, ""90"": 1.8370440006256104}","{""1e-05"": 0.09343826770782471, ""0.0001"": 0.09307337469524807, ""0.001"": 0.09164779716067843, ""0.01"": 0.09225806925031874, ""0.1"": 0.09127166536119248, ""0.3"": 0.09112358093261719, ""1"": 0.09024270375569661, ""3"": 0.09105210834079318, ""10"": 0.0896503660413954, ""30"": 0.0909095737669203, ""45"": 0.09316759639316134, ""65"": 0.09592260917027791, ""90"": 0.10205800003475612}",0.09273187513095747,0.08965037161669204,0.12391678951965034,110736,0.2537231052877339,0.35333940720544277
chronos2,monash_electricity_hourly,8,L8,block_depth,True,0.6666666666666666,10.0,False,False,1e-05|0.0001|0.001|0.01|0.1|0.3|1|3|10|30|45|65|90,90.0,1e-05,13,0.01,0.1,chronos2_quantile_loss (SUM over quantiles) = 2Q x mean pinball,0.08891477187474568,"{""1e-05"": 1.680991768836975, ""0.0001"": 1.699042558670044, ""0.001"": 1.6770159006118774, ""0.01"": 1.6847734451293945, ""0.1"": 1.6825129985809326, ""0.3"": 1.6652759313583374, ""1"": 1.622678279876709, ""3"": 1.604435920715332, ""10"": 1.6004658937454224, ""30"": 1.6136103868484497, ""45"": 1.646304726600647, ""65"": 1.6995888948440552, ""90"": 1.8122575283050537}","{""1e-05"": 0.09338843160205416, ""0.0001"": 0.09439125325944688, ""0.001"": 0.09316755003399319, ""0.01"": 0.0935985247294108, ""0.1"": 0.09347294436560737, ""0.3"": 0.09251532951990762, ""1"": 0.09014879332648383, ""3"": 0.08913532892862955, ""10"": 0.08891477187474568, ""30"": 0.08964502149158053, ""45"": 0.09146137370003594, ""65"": 0.09442160526911417, ""90"": 0.1006809737947252}",0.09047124477923772,0.08891476700722262,0.12407250174868653,110736,0.2537231052877339,0.3504401654961187
chronos2,monash_electricity_hourly,9,L9,block_depth,True,0.75,3.0,False,False,1e-05|0.0001|0.001|0.01|0.1|0.3|1|3|10|30|45|65|90,90.0,1e-05,13,0.01,0.03,chronos2_quantile_loss (SUM over quantiles) = 2Q x mean pinball,0.0859897600279914,"{""1e-05"": 1.6529301404953003, ""0.0001"": 1.6506576538085938, ""0.001"": 1.6486568450927734, ""0.01"": 1.6486709117889404, ""0.1"": 1.6522889137268066, ""0.3"": 1.5935721397399902, ""1"": 1.5850815773010254, ""3"": 1.5478156805038452, ""10"": 1.558515191078186, ""30"": 1.578804612159729, ""45"": 1.6458747386932373, ""65"": 1.6613539457321167, ""90"": 1.735511064529419}","{""1e-05"": 0.0918294522497389, ""0.0001"": 0.09170320298936631, ""0.001"": 0.09159204694959852, ""0.01"": 0.0915928284327189, ""0.1"": 0.09179382854037814, ""0.3"": 0.08853178554111056, ""1"": 0.08806008762783474, ""3"": 0.0859897600279914, ""10"": 0.08658417728212144, ""30"": 0.08771136734220716, ""45"": 0.09143748548295762, ""65"": 0.09229744142956203, ""90"": 0.0964172813627455}",0.08831868496278522,0.0859897627232184,0.12172569078571013,110736,0.2537231052877339,0.3389118331407066
chronos2,monash_electricity_hourly,10,L10,block_depth,True,0.8333333333333334,3.0,False,False,1e-05|0.0001|0.001|0.01|0.1|0.3|1|3|10|30|45|65|90,90.0,1e-05,13,0.01,0.03,chronos2_quantile_loss (SUM over quantiles) = 2Q x mean pinball,0.08679779370625813,"{""1e-05"": 1.668427586555481, ""0.0001"": 1.6509783267974854, ""0.001"": 1.6627062559127808, ""0.01"": 1.6474339962005615, ""0.1"": 1.6154714822769165, ""0.3"": 1.5867605209350586, ""1"": 1.5965216159820557, ""3"": 1.5623602867126465, ""10"": 1.5801801681518555, ""30"": 1.5687326192855835, ""45"": 1.5854823589324951, ""65"": 1.6422189474105835, ""90"": 1.675352931022644}","{""1e-05"": 0.0926904214753045, ""0.0001"": 0.09172101815541585, ""0.001"": 0.09237256977293226, ""0.01"": 0.0915241109000312, ""0.1"": 0.08974841568205091, ""0.3"": 0.08815336227416992, ""1"": 0.08869564533233643, ""3"": 0.08679779370625813, ""10"": 0.08778778711954752, ""30"": 0.08715181218253241, ""45"": 0.0880823532740275, ""65"": 0.09123438596725464, ""90"": 0.09307516283459133}",0.09170282292453681,0.08679779564947572,0.12365278122477404,110736,0.2537231052877339,0.3420965368961686
chronos2,monash_electricity_hourly,11,L11,block_depth,True,0.9166666666666666,30.0,False,False,1e-05|0.0001|0.001|0.01|0.1|0.3|1|3|10|30|45|65|90,90.0,1e-05,13,0.01,0.3,chronos2_quantile_loss (SUM over quantiles) = 2Q x mean pinball,0.084428780608707,"{""1e-05"": 1.6746152639389038, ""0.0001"": 1.6622917652130127, ""0.001"": 1.5762323141098022, ""0.01"": 1.604242205619812, ""0.1"": 1.6272202730178833, ""0.3"": 1.5685851573944092, ""1"": 1.577783465385437, ""3"": 1.5417506694793701, ""10"": 1.5311081409454346, ""30"": 1.519718050956726, ""45"": 1.6169840097427368, ""65"": 1.611606240272522, ""90"": 1.7049601078033447}","{""1e-05"": 0.0930341813299391, ""0.0001"": 0.09234954251183404, ""0.001"": 0.08756846189498901, ""0.01"": 0.08912456697887844, ""0.1"": 0.0904011262787713, ""0.3"": 0.08714361985524495, ""1"": 0.08765463696585761, ""3"": 0.08565281497107612, ""10"": 0.08506156338585748, ""30"": 0.084428780608707, ""45"": 0.0898324449857076, ""65"": 0.0895336800151401, ""90"": 0.09472000598907471}",0.09323254632770246,0.08442878495645888,0.12207604744222783,110736,0.2537231052877339,0.3327595445464562
chronos2,monash_electricity_hourly,12,L12,block_depth,True,1.0,30.0,False,False,1e-05|0.0001|0.001|0.01|0.1|0.3|1|3|10|30|45|65|90,90.0,1e-05,13,0.01,0.3,chronos2_quantile_loss (SUM over quantiles) = 2Q x mean pinball,0.08396132787068684,"{""1e-05"": 1.6042460203170776, ""0.0001"": 1.5956401824951172, ""0.001"": 1.599204659461975, ""0.01"": 1.5892722606658936, ""0.1"": 1.5675925016403198, ""0.3"": 1.542136788368225, ""1"": 1.5328147411346436, ""3"": 1.5125350952148438, ""10"": 1.5281416177749634, ""30"": 1.5113039016723633, ""45"": 1.5250879526138306, ""65"": 1.579520344734192, ""90"": 1.661719799041748}","{""1e-05"": 0.0891247789065043, ""0.0001"": 0.08864667680528428, ""0.001"": 0.08884470330344306, ""0.01"": 0.08829290337032741, ""0.1"": 0.0870884723133511, ""0.3"": 0.08567426602045694, ""1"": 0.08515637450748019, ""3"": 0.08402972751193576, ""10"": 0.08489675654305352, ""30"": 0.08396132787068684, ""45"": 0.08472710847854614, ""65"": 0.08775113026301065, ""90"": 0.09231776661343044}",0.09365773177471873,0.08396132324488108,0.11821175060938788,110736,0.2537231052877339,0.33091713562966607
chronos2,monash_electricity_hourly,13,L12+LN,head_input_diagnostic,False,,3.0,False,False,1e-05|0.0001|0.001|0.01|0.1|0.3|1|3|10|30|45|65|90,90.0,1e-05,13,0.01,0.03,chronos2_quantile_loss (SUM over quantiles) = 2Q x mean pinball,0.08163493209415011,"{""1e-05"": 1.582279086112976, ""0.0001"": 1.546911597251892, ""0.001"": 1.5370497703552246, ""0.01"": 1.5756704807281494, ""0.1"": 1.5379202365875244, ""0.3"": 1.574535846710205, ""1"": 1.5555107593536377, ""3"": 1.4694287776947021, ""10"": 1.4699106216430664, ""30"": 1.479711890220642, ""45"": 1.5200549364089966, ""65"": 1.5099135637283325, ""90"": 1.592707872390747}","{""1e-05"": 0.08790439367294312, ""0.0001"": 0.08593953318066067, ""0.001"": 0.08539165390862359, ""0.01"": 0.08753724892934163, ""0.1"": 0.08544001314375135, ""0.3"": 0.0874742137061225, ""1"": 0.08641726440853542, ""3"": 0.08163493209415011, ""10"": 0.08166170120239258, ""30"": 0.082206216123369, ""45"": 0.08444749646716647, ""65"": 0.08388408687379624, ""90"": 0.08848377068837483}",0.0899676440104607,0.08163493149380648,0.11398394875057781,110736,0.2537231052877339,0.32174811750482335
chronos2,uber_tlc_hourly,0,Emb,block_depth,True,0.0,0.01,False,False,1e-05|0.0001|0.001|0.01|0.1|0.3|1|3|10|30|45|65|90,90.0,1e-05,13,0.01,0.0001,chronos2_quantile_loss (SUM over quantiles) = 2Q x mean pinball,0.22301975886027017,"{""1e-05"": 4.03216028213501, ""0.0001"": 4.025348663330078, ""0.001"": 4.047289848327637, ""0.01"": 4.014355659484863, ""0.1"": 4.03529691696167, ""0.3"": 4.032866954803467, ""1"": 4.053033351898193, ""3"": 4.086980819702148, ""10"": 4.10358190536499, ""30"": 4.2174296379089355, ""45"": 4.332137107849121, ""65"": 4.39310359954834, ""90"": 4.441208362579346}","{""1e-05"": 0.22400890456305608, ""0.0001"": 0.22363048129611543, ""0.001"": 0.22484943601820204, ""0.01"": 0.22301975886027017, ""0.1"": 0.2241831620534261, ""0.3"": 0.22404816415574813, ""1"": 0.2251685195498996, ""3"": 0.22705448998345268, ""10"": 0.22797677252027723, ""30"": 0.2343016465504964, ""45"": 0.2406742837693956, ""65"": 0.24406131108601886, ""90"": 0.24673379792107475}",0.23085239362319027,0.22301977161915248,0.26682192451171294,110736,0.22185816021479723,1.0052358290685843
chronos2,uber_tlc_hourly,1,L1,block_depth,True,0.08333333333333333,30.0,False,False,1e-05|0.0001|0.001|0.01|0.1|0.3|1|3|10|30|45|65|90,90.0,1e-05,13,0.01,0.3,chronos2_quantile_loss (SUM over quantiles) = 2Q x mean pinball,0.21363929907480875,"{""1e-05"": 3.869934558868408, ""0.0001"": 3.8519105911254883, ""0.001"": 3.8657045364379883, ""0.01"": 3.874112606048584, ""0.1"": 3.8810360431671143, ""0.3"": 3.8652796745300293, ""1"": 3.8636958599090576, ""3"": 3.860687017440796, ""10"": 3.8822028636932373, ""30"": 3.8455073833465576, ""45"": 3.876913070678711, ""65"": 3.891123056411743, ""90"": 3.9180097579956055}","{""1e-05"": 0.2149963643815782, ""0.0001"": 0.21399503284030488, ""0.001"": 0.21476136313544378, ""0.01"": 0.2152284781138102, ""0.1"": 0.2156131135092841, ""0.3"": 0.21473775969611272, ""1"": 0.21464976999494764, ""3"": 0.2144826120800442, ""10"": 0.2156779368718465, ""30"": 0.21363929907480875, ""45"": 0.21538405948215059, ""65"": 0.21617350313398573, ""90"": 0.21766720877753362}",0.21944880628239477,0.213639312430875,0.2568302331705585,110736,0.22185816021479723,0.9629544940967465
chronos2,uber_tlc_hourly,2,L2,block_depth,True,0.16666666666666666,1.0,False,False,1e-05|0.0001|0.001|0.01|0.1|0.3|1|3|10|30|45|65|90,90.0,1e-05,13,0.01,0.01,chronos2_quantile_loss (SUM over quantiles) = 2Q x mean pinball,0.1929059823354085,"{""1e-05"": 3.4928925037384033, ""0.0001"": 3.5068345069885254, ""0.001"": 3.489623785018921, ""0.01"": 3.5094921588897705, ""0.1"": 3.4934041500091553, ""0.3"": 3.4892196655273438, ""1"": 3.4723076820373535, ""3"": 3.5428006649017334, ""10"": 3.494847536087036, ""30"": 3.534587860107422, ""45"": 3.5584981441497803, ""65"": 3.624514579772949, ""90"": 3.682124614715576}","{""1e-05"": 0.1940495835410224, ""0.0001"": 0.1948241392771403, ""0.001"": 0.1938679880566067, ""0.01"": 0.19497178660498724, ""0.1"": 0.19407800833384195, ""0.3"": 0.19384553697374132, ""1"": 0.1929059823354085, ""3"": 0.1968222591612074, ""10"": 0.19415819644927979, ""30"": 0.1963659922281901, ""45"": 0.19769434134165445, ""65"": 0.20136192109849715, ""90"": 0.20456247859530977}",0.19450137605476414,0.1929059770839815,0.23220665121578987,110736,0.22185816021479723,0.8695013827628202
chronos2,uber_tlc_hourly,3,L3,block_depth,True,0.25,10.0,False,False,1e-05|0.0001|0.001|0.01|0.1|0.3|1|3|10|30|45|65|90,90.0,1e-05,13,0.01,0.1,chronos2_quantile_loss (SUM over quantiles) = 2Q x mean pinball,0.16877831353081596,"{""1e-05"": 3.1021575927734375, ""0.0001"": 3.0918262004852295, ""0.001"": 3.070878028869629, ""0.01"": 3.110374689102173, ""0.1"": 3.0961530208587646, ""0.3"": 3.0632598400115967, ""1"": 3.060065984725952, ""3"": 3.0569770336151123, ""10"": 3.0380096435546875, ""30"": 3.054614305496216, ""45"": 3.0689921379089355, ""65"": 3.086961269378662, ""90"": 3.15799617767334}","{""1e-05"": 0.1723420884874132, ""0.0001"": 0.1717681222491794, ""0.001"": 0.1706043349372016, ""0.01"": 0.17279859383900958, ""0.1"": 0.17200850115882024, ""0.3"": 0.17018110222286648, ""1"": 0.17000366581810844, ""3"": 0.1698320574230618, ""10"": 0.16877831353081596, ""30"": 0.16970079474978975, ""45"": 0.17049956321716309, ""65"": 0.17149784829881456, ""90"": 0.1754442320929633}",0.17384739666428936,0.1687783017356432,0.19766753573567813,110736,0.22185816021479723,0.7607486764166641
chronos2,uber_tlc_hourly,4,L4,block_depth,True,0.3333333333333333,3.0,False,False,1e-05|0.0001|0.001|0.01|0.1|0.3|1|3|10|30|45|65|90,90.0,1e-05,13,0.01,0.03,chronos2_quantile_loss (SUM over quantiles) = 2Q x mean pinball,0.1649650600221422,"{""1e-05"": 3.04721736907959, ""0.0001"": 3.031759023666382, ""0.001"": 3.0351474285125732, ""0.01"": 3.0354082584381104, ""0.1"": 3.038017749786377, ""0.3"": 3.020524501800537, ""1"": 2.9899775981903076, ""3"": 2.9693710803985596, ""10"": 2.9814517498016357, ""30"": 2.9747304916381836, ""45"": 2.987736701965332, ""65"": 3.013087272644043, ""90"": 3.049129009246826}","{""1e-05"": 0.169289853837755, ""0.0001"": 0.16843105687035453, ""0.001"": 0.16861930158403185, ""0.01"": 0.16863379213545057, ""0.1"": 0.16877876387702093, ""0.3"": 0.16780691676669648, ""1"": 0.1661098665661282, ""3"": 0.1649650600221422, ""10"": 0.1656362083223131, ""30"": 0.16526280509101018, ""45"": 0.16598537233140734, ""65"": 0.16739373736911348, ""90"": 0.1693960560692681}",0.16409657357348773,0.16496507180783584,0.19025960267443237,110736,0.22185816021479723,0.7435609835046004
chronos2,uber_tlc_hourly,5,L5,block_depth,True,0.4166666666666667,10.0,False,False,1e-05|0.0001|0.001|0.01|0.1|0.3|1|3|10|30|45|65|90,90.0,1e-05,13,0.01,0.1,chronos2_quantile_loss (SUM over quantiles) = 2Q x mean pinball,0.16088500287797716,"{""1e-05"": 3.00298810005188, ""0.0001"": 2.9948344230651855, ""0.001"": 2.9926958084106445, ""0.01"": 2.9882445335388184, ""0.1"": 2.982776403427124, ""0.3"": 2.9571945667266846, ""1"": 2.945263147354126, ""3"": 2.9090142250061035, ""10"": 2.895930051803589, ""30"": 2.897569417953491, ""45"": 2.913630962371826, ""65"": 2.9168150424957275, ""90"": 2.9588587284088135}","{""1e-05"": 0.16683267222510442, ""0.0001"": 0.16637969017028809, ""0.001"": 0.1662608782450358, ""0.01"": 0.166013585196601, ""0.1"": 0.16570980019039577, ""0.3"": 0.16428858704037136, ""1"": 0.16362573040856254, ""3"": 0.16161190138922796, ""10"": 0.16088500287797716, ""30"": 0.16097607877519396, ""45"": 0.16186838679843477, ""65"": 0.16204528013865152, ""90"": 0.1643810404671563}",0.16189436095270998,0.16088499626471797,0.18446727060065923,110736,0.22185816021479723,0.7251705148413443
chronos2,uber_tlc_hourly,6,L6,block_depth,True,0.5,10.0,False,False,1e-05|0.0001|0.001|0.01|0.1|0.3|1|3|10|30|45|65|90,90.0,1e-05,13,0.01,0.1,chronos2_quantile_loss (SUM over quantiles) = 2Q x mean pinball,0.15935556093851724,"{""1e-05"": 2.9604036808013916, ""0.0001"": 2.9667601585388184, ""0.001"": 2.9746036529541016, ""0.01"": 2.969899892807007, ""0.1"": 2.9624834060668945, ""0.3"": 2.9242653846740723, ""1"": 2.9146854877471924, ""3"": 2.8929762840270996, ""10"": 2.8684000968933105, ""30"": 2.8781814575195312, ""45"": 2.895556688308716, ""65"": 2.902696371078491, ""90"": 2.9352118968963623}","{""1e-05"": 0.16446687115563285, ""0.0001"": 0.1648200088077121, ""0.001"": 0.16525575849745008, ""0.01"": 0.16499443848927814, ""0.1"": 0.1645824114481608, ""0.3"": 0.16245918803744844, ""1"": 0.16192697154151067, ""3"": 0.16072090466817218, ""10"": 0.15935556093851724, ""30"": 0.15989896986219618, ""45"": 0.16086426046159533, ""65"": 0.16126090950436062, ""90"": 0.16306732760535345}",0.1591804563021087,0.1593555578293691,0.18235772228195468,110736,0.22185816021479723,0.7182767479685456
chronos2,uber_tlc_hourly,7,L7,block_depth,True,0.5833333333333334,30.0,False,False,1e-05|0.0001|0.001|0.01|0.1|0.3|1|3|10|30|45|65|90,90.0,1e-05,13,0.01,0.3,chronos2_quantile_loss (SUM over quantiles) = 2Q x mean pinball,0.15793883800506592,"{""1e-05"": 2.930008888244629, ""0.0001"": 2.9350521564483643, ""0.001"": 2.927860736846924, ""0.01"": 2.925266742706299, ""0.1"": 2.9318501949310303, ""0.3"": 2.909425973892212, ""1"": 2.8759384155273438, ""3"": 2.8639492988586426, ""10"": 2.845385789871216, ""30"": 2.8428990840911865, ""45"": 2.8532397747039795, ""65"": 2.8754072189331055, ""90"": 2.9072186946868896}","{""1e-05"": 0.16277827156914604, ""0.0001"": 0.16305845313602021, ""0.001"": 0.1626589298248291, ""0.01"": 0.1625148190392388, ""0.1"": 0.16288056638505724, ""0.3"": 0.1616347763273451, ""1"": 0.15977435641818574, ""3"": 0.1591082943810357, ""10"": 0.15807698832617864, ""30"": 0.15793883800506592, ""45"": 0.15851332081688774, ""65"": 0.15974484549628362, ""90"": 0.1615121497048272}",0.1613907318460719,0.15793882722731764,0.18122826998641017,110736,0.22185816021479723,0.7118909986200437
chronos2,uber_tlc_hourly,8,L8,block_depth,True,0.6666666666666666,30.0,False,False,1e-05|0.0001|0.001|0.01|0.1|0.3|1|3|10|30|45|65|90,90.0,1e-05,13,0.01,0.3,chronos2_quantile_loss (SUM over quantiles) = 2Q x mean pinball,0.15689859125349256,"{""1e-05"": 2.9369125366210938, ""0.0001"": 2.9388883113861084, ""0.001"": 2.929563283920288, ""0.01"": 2.9386818408966064, ""0.1"": 2.916949510574341, ""0.3"": 2.9041826725006104, ""1"": 2.8577704429626465, ""3"": 2.8398935794830322, ""10"": 2.8302857875823975, ""30"": 2.824174642562866, ""45"": 2.8442461490631104, ""65"": 2.871398448944092, ""90"": 2.895378589630127}","{""1e-05"": 0.16316180759006074, ""0.0001"": 0.1632715728547838, ""0.001"": 0.16275351577334932, ""0.01"": 0.1632601022720337, ""0.1"": 0.16205275058746338, ""0.3"": 0.16134348180558947, ""1"": 0.1587650246090359, ""3"": 0.15777186552683511, ""10"": 0.1572380993101332, ""30"": 0.15689859125349256, ""45"": 0.15801367494795057, ""65"": 0.15952213605244953, ""90"": 0.1608543660905626}",0.1604726919490133,0.15689859587613864,0.18011277339613166,110736,0.22185816021479723,0.7072022761039465
chronos2,uber_tlc_hourly,9,L9,block_depth,True,0.75,10.0,False,False,1e-05|0.0001|0.001|0.01|0.1|0.3|1|3|10|30|45|65|90,90.0,1e-05,13,0.01,0.1,chronos2_quantile_loss (SUM over quantiles) = 2Q x mean pinball,0.1557870441012912,"{""1e-05"": 2.904750108718872, ""0.0001"": 2.903787612915039, ""0.001"": 2.902357578277588, ""0.01"": 2.913670778274536, ""0.1"": 2.8977043628692627, ""0.3"": 2.8766796588897705, ""1"": 2.8397750854492188, ""3"": 2.819749116897583, ""10"": 2.804166793823242, ""30"": 2.80625319480896, ""45"": 2.823164939880371, ""65"": 2.831205368041992, ""90"": 2.8681869506835938}","{""1e-05"": 0.16137500603993732, ""0.0001"": 0.1613215340508355, ""0.001"": 0.1612420876820882, ""0.01"": 0.16187059879302979, ""0.1"": 0.16098357571495903, ""0.3"": 0.15981553660498724, ""1"": 0.15776528252495658, ""3"": 0.15665272871653238, ""10"": 0.1557870441012912, ""30"": 0.15590295526716444, ""45"": 0.15684249666002062, ""65"": 0.157289187113444, ""90"": 0.15934371948242188}",0.15643754665882806,0.1557870433729796,0.17788867302637063,110736,0.22185816021479723,0.7021920817433566
chronos2,uber_tlc_hourly,10,L10,block_depth,True,0.8333333333333334,65.0,False,False,1e-05|0.0001|0.001|0.01|0.1|0.3|1|3|10|30|45|65|90,90.0,1e-05,13,0.01,0.65,chronos2_quantile_loss (SUM over quantiles) = 2Q x mean pinball,0.1579154332478841,"{""1e-05"": 2.959531307220459, ""0.0001"": 2.953434705734253, ""0.001"": 2.9504454135894775, ""0.01"": 2.9570043087005615, ""0.1"": 2.9457695484161377, ""0.3"": 2.9203872680664062, ""1"": 2.9065253734588623, ""3"": 2.8788506984710693, ""10"": 2.8480992317199707, ""30"": 2.845155715942383, ""45"": 2.8488950729370117, ""65"": 2.842477798461914, ""90"": 2.8873543739318848}","{""1e-05"": 0.16441840595669216, ""0.0001"": 0.16407970587412515, ""0.001"": 0.1639136340883043, ""0.01"": 0.16427801715003118, ""0.1"": 0.16365386380089653, ""0.3"": 0.16224373711480033, ""1"": 0.16147363185882568, ""3"": 0.1599361499150594, ""10"": 0.1582277350955539, ""30"": 0.15806420644124347, ""45"": 0.15827194849650064, ""65"": 0.1579154332478841, ""90"": 0.16040857632954914}",0.1625809314897233,0.15791543823389606,0.17909126205526235,110736,0.22185816021479723,0.7117855754370562
chronos2,uber_tlc_hourly,11,L11,block_depth,True,0.9166666666666666,45.0,False,False,1e-05|0.0001|0.001|0.01|0.1|0.3|1|3|10|30|45|65|90,90.0,1e-05,13,0.01,0.45,chronos2_quantile_loss (SUM over quantiles) = 2Q x mean pinball,0.15930853949652776,"{""1e-05"": 2.9957821369171143, ""0.0001"": 2.98909854888916, ""0.001"": 2.9870986938476562, ""0.01"": 3.0047459602355957, ""0.1"": 2.9681429862976074, ""0.3"": 2.9812910556793213, ""1"": 2.958890676498413, ""3"": 2.933807134628296, ""10"": 2.897587299346924, ""30"": 2.8699264526367188, ""45"": 2.8675537109375, ""65"": 2.8799688816070557, ""90"": 2.910188913345337}","{""1e-05"": 0.16643234093983966, ""0.0001"": 0.16606103049384222, ""0.001"": 0.1659499274359809, ""0.01"": 0.16693033112419975, ""0.1"": 0.16489683257208929, ""0.3"": 0.1656272808710734, ""1"": 0.16438281536102295, ""3"": 0.16298928525712755, ""10"": 0.1609770721859402, ""30"": 0.1594403584798177, ""45"": 0.15930853949652776, ""65"": 0.15999827120039198, ""90"": 0.1616771618525187}",0.163187080192536,0.15930854176519482,0.17990873594775456,110736,0.22185816021479723,0.7180648284965335
chronos2,uber_tlc_hourly,12,L12,block_depth,True,1.0,45.0,False,False,1e-05|0.0001|0.001|0.01|0.1|0.3|1|3|10|30|45|65|90,90.0,1e-05,13,0.01,0.45,chronos2_quantile_loss (SUM over quantiles) = 2Q x mean pinball,0.15879321098327637,"{""1e-05"": 2.99576997756958, ""0.0001"": 2.9772567749023438, ""0.001"": 2.993980884552002, ""0.01"": 2.9938013553619385, ""0.1"": 2.9784090518951416, ""0.3"": 2.957289934158325, ""1"": 2.9699878692626953, ""3"": 2.9549026489257812, ""10"": 2.9209508895874023, ""30"": 2.869464874267578, ""45"": 2.8582777976989746, ""65"": 2.872706413269043, ""90"": 2.9058878421783447}","{""1e-05"": 0.16643166542053223, ""0.0001"": 0.16540315416124132, ""0.001"": 0.1663322713640001, ""0.01"": 0.1663222975201077, ""0.1"": 0.1654671695497301, ""0.3"": 0.16429388523101807, ""1"": 0.16499932607014972, ""3"": 0.1641612582736545, ""10"": 0.16227504942152235, ""30"": 0.15941471523708767, ""45"": 0.15879321098327637, ""65"": 0.15959480073716906, ""90"": 0.16143821345435247}",0.162717813684724,0.15879320997375113,0.17886320285442223,110736,0.22185816021479723,0.7157420300430316
chronos2,uber_tlc_hourly,13,L12+LN,head_input_diagnostic,False,,45.0,False,False,1e-05|0.0001|0.001|0.01|0.1|0.3|1|3|10|30|45|65|90,90.0,1e-05,13,0.01,0.45,chronos2_quantile_loss (SUM over quantiles) = 2Q x mean pinball,0.1566727426317003,"{""1e-05"": 2.944587469100952, ""0.0001"": 2.9430596828460693, ""0.001"": 2.960284948348999, ""0.01"": 2.956554412841797, ""0.1"": 2.9311318397521973, ""0.3"": 2.947809934616089, ""1"": 2.914470672607422, ""3"": 2.9007325172424316, ""10"": 2.8739874362945557, ""30"": 2.843653678894043, ""45"": 2.8201093673706055, ""65"": 2.8426995277404785, ""90"": 2.878154754638672}","{""1e-05"": 0.16358819272783068, ""0.0001"": 0.16350331571367052, ""0.001"": 0.16446027490827772, ""0.01"": 0.16425302293565539, ""0.1"": 0.16284065776401094, ""0.3"": 0.16376721858978271, ""1"": 0.161915037367079, ""3"": 0.16115180651346842, ""10"": 0.15966596868303087, ""30"": 0.15798075993855792, ""45"": 0.1566727426317003, ""65"": 0.1579277515411377, ""90"": 0.1598974863688151}",0.15935927538075612,0.15667274574400814,0.1759469696526764,110736,0.22185816021479723,0.7061842827521949
chronos2,wind_farms_hourly,0,Emb,block_depth,True,0.0,0.0001,False,False,1e-05|0.0001|0.001|0.01|0.1|0.3|1|3|10|30|45|65|90,90.0,1e-05,13,0.01,1.0000000000000002e-06,chronos2_quantile_loss (SUM over quantiles) = 2Q x mean pinball,0.22553020053439668,"{""1e-05"": 4.064080715179443, ""0.0001"": 4.059543609619141, ""0.001"": 4.07515287399292, ""0.01"": 4.067549705505371, ""0.1"": 4.075445175170898, ""0.3"": 4.101799011230469, ""1"": 4.107901573181152, ""3"": 4.131102085113525, ""10"": 4.139883518218994, ""30"": 4.166964530944824, ""45"": 4.219947338104248, ""65"": 4.402458190917969, ""90"": 4.484035015106201}","{""1e-05"": 0.2257822619544135, ""0.0001"": 0.22553020053439668, ""0.001"": 0.22639738188849554, ""0.01"": 0.22597498363918728, ""0.1"": 0.22641362084282768, ""0.3"": 0.22787772284613714, ""1"": 0.22821675406561956, ""3"": 0.22950567139519584, ""10"": 0.2299935287899441, ""30"": 0.23149802949693465, ""45"": 0.23444151878356934, ""65"": 0.2445810106065538, ""90"": 0.24911305639478895}",0.24286886089758003,0.22553020670213772,0.21938864565418878,110736,0.2221828118137276,1.0150659488962472
chronos2,wind_farms_hourly,1,L1,block_depth,True,0.08333333333333333,45.0,False,False,1e-05|0.0001|0.001|0.01|0.1|0.3|1|3|10|30|45|65|90,90.0,1e-05,13,0.01,0.45,chronos2_quantile_loss (SUM over quantiles) = 2Q x mean pinball,0.17945716116163465,"{""1e-05"": 3.336854934692383, ""0.0001"": 3.3281962871551514, ""0.001"": 3.3109545707702637, ""0.01"": 3.3233354091644287, ""0.1"": 3.337125539779663, ""0.3"": 3.344135284423828, ""1"": 3.371260166168213, ""3"": 3.322834014892578, ""10"": 3.2919881343841553, ""30"": 3.2304294109344482, ""45"": 3.230228900909424, ""65"": 3.2545738220214844, ""90"": 3.2918756008148193}","{""1e-05"": 0.18538082970513237, ""0.0001"": 0.18489979373084173, ""0.001"": 0.18394192059834796, ""0.01"": 0.18462974495357937, ""0.1"": 0.1853958633210924, ""0.3"": 0.18578529357910156, ""1"": 0.1872922314537896, ""3"": 0.18460188971625432, ""10"": 0.1828882296880086, ""30"": 0.17946830060746935, ""45"": 0.17945716116163465, ""65"": 0.18080965677897134, ""90"": 0.18288197782304552}",0.1969912561642773,0.1794571552766871,0.18636455470767185,110736,0.2221828118137276,0.8077004418646903
chronos2,wind_farms_hourly,2,L2,block_depth,True,0.16666666666666666,30.0,False,False,1e-05|0.0001|0.001|0.01|0.1|0.3|1|3|10|30|45|65|90,90.0,1e-05,13,0.01,0.3,chronos2_quantile_loss (SUM over quantiles) = 2Q x mean pinball,0.17030416594611272,"{""1e-05"": 3.1216001510620117, ""0.0001"": 3.1462624073028564, ""0.001"": 3.107377052307129, ""0.01"": 3.13297438621521, ""0.1"": 3.1018946170806885, ""0.3"": 3.1289868354797363, ""1"": 3.1411056518554688, ""3"": 3.125972032546997, ""10"": 3.087374210357666, ""30"": 3.0654749870300293, ""45"": 3.1174590587615967, ""65"": 3.142988681793213, ""90"": 3.183580160140991}","{""1e-05"": 0.1734222306145562, ""0.0001"": 0.1747923559612698, ""0.001"": 0.17263205846150714, ""0.01"": 0.17405413256751165, ""0.1"": 0.1723274787267049, ""0.3"": 0.17383260197109646, ""1"": 0.17450586954752603, ""3"": 0.1736651129192776, ""10"": 0.17152078946431476, ""30"": 0.17030416594611272, ""45"": 0.17319216993119982, ""65"": 0.17461048232184515, ""90"": 0.17686556445227727}",0.18514326521044483,0.17030415253159198,0.1732026639586414,110736,0.2221828118137276,0.7665046235636384
chronos2,wind_farms_hourly,3,L3,block_depth,True,0.25,30.0,False,False,1e-05|0.0001|0.001|0.01|0.1|0.3|1|3|10|30|45|65|90,90.0,1e-05,13,0.01,0.3,chronos2_quantile_loss (SUM over quantiles) = 2Q x mean pinball,0.16115082634819877,"{""1e-05"": 2.974766969680786, ""0.0001"": 2.938413619995117, ""0.001"": 2.9375674724578857, ""0.01"": 2.9521217346191406, ""0.1"": 2.96235990524292, ""0.3"": 2.9668192863464355, ""1"": 2.974942922592163, ""3"": 2.9210457801818848, ""10"": 2.911513090133667, ""30"": 2.900714874267578, ""45"": 2.9114913940429688, ""65"": 2.9491448402404785, ""90"": 2.9829158782958984}","{""1e-05"": 0.16526483164893255, ""0.0001"": 0.16324520111083984, ""0.001"": 0.16319819291432697, ""0.01"": 0.16400676303439668, ""0.1"": 0.16457555029127333, ""0.3"": 0.16482329368591309, ""1"": 0.1652746068106757, ""3"": 0.16228032112121582, ""10"": 0.16175072722964814, ""30"": 0.16115082634819877, ""45"": 0.16174952189127603, ""65"": 0.1638413800133599, ""90"": 0.16571754879421657}",0.17415012521575735,0.16115081950112153,0.16033140759033557,110736,0.2221828118137276,0.7253073187147631
chronos2,wind_farms_hourly,4,L4,block_depth,True,0.3333333333333333,30.0,False,False,1e-05|0.0001|0.001|0.01|0.1|0.3|1|3|10|30|45|65|90,90.0,1e-05,13,0.01,0.3,chronos2_quantile_loss (SUM over quantiles) = 2Q x mean pinball,0.1571315262052748,"{""1e-05"": 2.8518564701080322, ""0.0001"": 2.8357598781585693, ""0.001"": 2.8453474044799805, ""0.01"": 2.8549487590789795, ""0.1"": 2.8604648113250732, ""0.3"": 2.847759962081909, ""1"": 2.848435640335083, ""3"": 2.8395140171051025, ""10"": 2.8410210609436035, ""30"": 2.8283674716949463, ""45"": 2.8614683151245117, ""65"": 2.872467279434204, ""90"": 2.914763927459717}","{""1e-05"": 0.15843647056155732, ""0.0001"": 0.15754221545325384, ""0.001"": 0.15807485580444336, ""0.01"": 0.15860826439327663, ""0.1"": 0.15891471174028185, ""0.3"": 0.15820888678232828, ""1"": 0.15824642446306017, ""3"": 0.15775077872806123, ""10"": 0.15783450338575575, ""30"": 0.1571315262052748, ""45"": 0.15897046195136175, ""65"": 0.15958151552412245, ""90"": 0.16193132930331758}",0.16906918633937665,0.15713152936339833,0.1554130808030831,110736,0.2221828118137276,0.707217304888253
chronos2,wind_farms_hourly,5,L5,block_depth,True,0.4166666666666667,10.0,False,False,1e-05|0.0001|0.001|0.01|0.1|0.3|1|3|10|30|45|65|90,90.0,1e-05,13,0.01,0.1,chronos2_quantile_loss (SUM over quantiles) = 2Q x mean pinball,0.15222450097401935,"{""1e-05"": 2.780158758163452, ""0.0001"": 2.8044004440307617, ""0.001"": 2.792459487915039, ""0.01"": 2.799146890640259, ""0.1"": 2.7754616737365723, ""0.3"": 2.7602016925811768, ""1"": 2.749335765838623, ""3"": 2.7421634197235107, ""10"": 2.7400410175323486, ""30"": 2.766123056411743, ""45"": 2.7884645462036133, ""65"": 2.812819242477417, ""90"": 2.849954605102539}","{""1e-05"": 0.154453264342414, ""0.0001"": 0.15580002466837564, ""0.001"": 0.15513663821750215, ""0.01"": 0.1555081605911255, ""0.1"": 0.15419231520758733, ""0.3"": 0.15334453847673205, ""1"": 0.1527408758799235, ""3"": 0.1523424122068617, ""10"": 0.15222450097401935, ""30"": 0.15367350313398573, ""45"": 0.15491469701131183, ""65"": 0.15626773569318983, ""90"": 0.1583308113945855}",0.16026233828798941,0.15222450500738074,0.14965022289912208,110736,0.2221828118137276,0.6851317784878962
chronos2,wind_farms_hourly,6,L6,block_depth,True,0.5,10.0,False,False,1e-05|0.0001|0.001|0.01|0.1|0.3|1|3|10|30|45|65|90,90.0,1e-05,13,0.01,0.1,chronos2_quantile_loss (SUM over quantiles) = 2Q x mean pinball,0.15284033616383869,"{""1e-05"": 2.863657236099243, ""0.0001"": 2.868746042251587, ""0.001"": 2.875854969024658, ""0.01"": 2.866339921951294, ""0.1"": 2.856736183166504, ""0.3"": 2.822964906692505, ""1"": 2.8120687007904053, ""3"": 2.780026435852051, ""10"": 2.7511260509490967, ""30"": 2.767775774002075, ""45"": 2.789281129837036, ""65"": 2.812729597091675, ""90"": 2.8477096557617188}","{""1e-05"": 0.15909206867218018, ""0.0001"": 0.15937478012508816, ""0.001"": 0.1597697205013699, ""0.01"": 0.1592411067750719, ""0.1"": 0.15870756573147243, ""0.3"": 0.15683138370513916, ""1"": 0.1562260389328003, ""3"": 0.1544459131028917, ""10"": 0.15284033616383869, ""30"": 0.15376532077789307, ""45"": 0.15496006276872423, ""65"": 0.15626275539398193, ""90"": 0.15820609198676214}",0.15584714653790852,0.15284033297411814,0.14978539574009772,110736,0.2221828118137276,0.6879034958935328
chronos2,wind_farms_hourly,7,L7,block_depth,True,0.5833333333333334,10.0,False,False,1e-05|0.0001|0.001|0.01|0.1|0.3|1|3|10|30|45|65|90,90.0,1e-05,13,0.01,0.1,chronos2_quantile_loss (SUM over quantiles) = 2Q x mean pinball,0.1550885174009535,"{""1e-05"": 2.920151472091675, ""0.0001"": 2.9295496940612793, ""0.001"": 2.9180126190185547, ""0.01"": 2.905055284500122, ""0.1"": 2.910010814666748, ""0.3"": 2.885793447494507, ""1"": 2.842299222946167, ""3"": 2.820355176925659, ""10"": 2.791593313217163, ""30"": 2.7943272590637207, ""45"": 2.808040142059326, ""65"": 2.8284764289855957, ""90"": 2.848637342453003}","{""1e-05"": 0.16223063733842638, ""0.0001"": 0.16275276078118217, ""0.001"": 0.16211181216769746, ""0.01"": 0.16139196025000677, ""0.1"": 0.161667267481486, ""0.3"": 0.16032185819413927, ""1"": 0.15790551238589814, ""3"": 0.15668639871809217, ""10"": 0.1550885174009535, ""30"": 0.1552404032813178, ""45"": 0.156002230114407, ""65"": 0.15713757938808864, ""90"": 0.15825763013627794}",0.15235878722515048,0.155088524405226,0.1520374287772952,110736,0.2221828118137276,0.6980221518451584
chronos2,wind_farms_hourly,8,L8,block_depth,True,0.6666666666666666,10.0,False,False,1e-05|0.0001|0.001|0.01|0.1|0.3|1|3|10|30|45|65|90,90.0,1e-05,13,0.01,0.1,chronos2_quantile_loss (SUM over quantiles) = 2Q x mean pinball,0.1549828052520752,"{""1e-05"": 2.875399112701416, ""0.0001"": 2.8867380619049072, ""0.001"": 2.8899242877960205, ""0.01"": 2.8719594478607178, ""0.1"": 2.877556085586548, ""0.3"": 2.855311632156372, ""1"": 2.813276767730713, ""3"": 2.7945990562438965, ""10"": 2.7896904945373535, ""30"": 2.7938897609710693, ""45"": 2.810626745223999, ""65"": 2.8169760704040527, ""90"": 2.858092784881592}","{""1e-05"": 0.15974439515007866, ""0.0001"": 0.16037433677249482, ""0.001"": 0.16055134932200113, ""0.01"": 0.15955330265892875, ""0.1"": 0.15986422697703043, ""0.3"": 0.15862842400868732, ""1"": 0.15629315376281738, ""3"": 0.1552555031246609, ""10"": 0.1549828052520752, ""30"": 0.15521609783172607, ""45"": 0.15614593029022217, ""65"": 0.15649867057800293, ""90"": 0.15878293249342176}",0.1493815719878229,0.15498280262162212,0.1550275947656909,110736,0.2221828118137276,0.6975463194315668
chronos2,wind_farms_hourly,9,L9,block_depth,True,0.75,10.0,False,False,1e-05|0.0001|0.001|0.01|0.1|0.3|1|3|10|30|45|65|90,90.0,1e-05,13,0.01,0.1,chronos2_quantile_loss (SUM over quantiles) = 2Q x mean pinball,0.1541239685482449,"{""1e-05"": 2.9363183975219727, ""0.0001"": 2.9404730796813965, ""0.001"": 2.9530389308929443, ""0.01"": 2.9368793964385986, ""0.1"": 2.9275104999542236, ""0.3"": 2.896411180496216, ""1"": 2.8563594818115234, ""3"": 2.8281102180480957, ""10"": 2.774231433868408, ""30"": 2.7822489738464355, ""45"": 2.778545618057251, ""65"": 2.8156633377075195, ""90"": 2.8327138423919678}","{""1e-05"": 0.1631287998623318, ""0.0001"": 0.16335961553785536, ""0.001"": 0.16405771838294134, ""0.01"": 0.16315996646881104, ""0.1"": 0.1626394722196791, ""0.3"": 0.16091173224978975, ""1"": 0.15868663787841797, ""3"": 0.1571172343360053, ""10"": 0.1541239685482449, ""30"": 0.15456938743591309, ""45"": 0.15436364544762504, ""65"": 0.1564257409837511, ""90"": 0.1573729912439982}",0.14586810471150635,0.15412396343979445,0.15212047269269255,110736,0.2221828118137276,0.6936808575859057
chronos2,wind_farms_hourly,10,L10,block_depth,True,0.8333333333333334,30.0,False,False,1e-05|0.0001|0.001|0.01|0.1|0.3|1|3|10|30|45|65|90,90.0,1e-05,13,0.01,0.3,chronos2_quantile_loss (SUM over quantiles) = 2Q x mean pinball,0.1586953666475084,"{""1e-05"": 3.0457451343536377, ""0.0001"": 3.0621278285980225, ""0.001"": 3.0347797870635986, ""0.01"": 3.0600380897521973, ""0.1"": 3.065477132797241, ""0.3"": 3.030365228652954, ""1"": 3.0179896354675293, ""3"": 2.995285749435425, ""10"": 2.9341378211975098, ""30"": 2.8565165996551514, ""45"": 2.872702121734619, ""65"": 2.892956495285034, ""90"": 2.911979913711548}","{""1e-05"": 0.16920806301964653, ""0.0001"": 0.17011821269989014, ""0.001"": 0.1685988770590888, ""0.01"": 0.17000211609734428, ""0.1"": 0.17030428515540227, ""0.3"": 0.168353623814053, ""1"": 0.16766609085930717, ""3"": 0.1664047638575236, ""10"": 0.16300765673319498, ""30"": 0.1586953666475084, ""45"": 0.15959456231858996, ""65"": 0.160719805293613, ""90"": 0.16177666187286377}",0.14748430044431682,0.15869536581413665,0.15677354537405586,110736,0.2221828118137276,0.7142558171744753
chronos2,wind_farms_hourly,11,L11,block_depth,True,0.9166666666666666,30.0,False,False,1e-05|0.0001|0.001|0.01|0.1|0.3|1|3|10|30|45|65|90,90.0,1e-05,13,0.01,0.3,chronos2_quantile_loss (SUM over quantiles) = 2Q x mean pinball,0.15782312552134195,"{""1e-05"": 3.131920576095581, ""0.0001"": 3.0812461376190186, ""0.001"": 3.12131404876709, ""0.01"": 3.14142107963562, ""0.1"": 3.12681245803833, ""0.3"": 3.100026845932007, ""1"": 3.0608954429626465, ""3"": 3.003645420074463, ""10"": 2.9657034873962402, ""30"": 2.8408162593841553, ""45"": 2.8612420558929443, ""65"": 2.8720381259918213, ""90"": 2.8987786769866943}","{""1e-05"": 0.1739955875608656, ""0.0001"": 0.17118034097883436, ""0.001"": 0.1734063360426161, ""0.01"": 0.17452339331309, ""0.1"": 0.17371180322435167, ""0.3"": 0.17222371366288927, ""1"": 0.17004974683125812, ""3"": 0.16686919000413683, ""10"": 0.16476130485534668, ""30"": 0.15782312552134195, ""45"": 0.15895789199405244, ""65"": 0.1595576736662123, ""90"": 0.16104325983259413}",0.14595366876780816,0.15782313845084825,0.15851293255411486,110736,0.2221828118137276,0.7103300978257632
chronos2,wind_farms_hourly,12,L12,block_depth,True,1.0,45.0,False,False,1e-05|0.0001|0.001|0.01|0.1|0.3|1|3|10|30|45|65|90,90.0,1e-05,13,0.01,0.45,chronos2_quantile_loss (SUM over quantiles) = 2Q x mean pinball,0.15508846441904703,"{""1e-05"": 2.986631155014038, ""0.0001"": 3.008593797683716, ""0.001"": 3.017094135284424, ""0.01"": 2.990800380706787, ""0.1"": 3.016042947769165, ""0.3"": 2.991910219192505, ""1"": 2.9610745906829834, ""3"": 2.925947666168213, ""10"": 2.9166293144226074, ""30"": 2.8336126804351807, ""45"": 2.7915923595428467, ""65"": 2.821528434753418, ""90"": 2.8487603664398193}","{""1e-05"": 0.16592395305633545, ""0.0001"": 0.16714409987131754, ""0.001"": 0.16761634084913465, ""0.01"": 0.16615557670593262, ""0.1"": 0.16755794154273138, ""0.3"": 0.1662172343995836, ""1"": 0.1645041439268324, ""3"": 0.16255264812045625, ""10"": 0.16203496191236708, ""30"": 0.15742292669084337, ""45"": 0.15508846441904703, ""65"": 0.15675157970852321, ""90"": 0.15826446480221218}",0.14457491391112592,0.1550884746043509,0.1587162086924979,110736,0.2221828118137276,0.6980219277014692
chronos2,wind_farms_hourly,13,L12+LN,head_input_diagnostic,False,,45.0,False,False,1e-05|0.0001|0.001|0.01|0.1|0.3|1|3|10|30|45|65|90,90.0,1e-05,13,0.01,0.45,chronos2_quantile_loss (SUM over quantiles) = 2Q x mean pinball,0.14917359087202284,"{""1e-05"": 2.938014268875122, ""0.0001"": 2.935981512069702, ""0.001"": 2.9093170166015625, ""0.01"": 2.9491875171661377, ""0.1"": 2.9406094551086426, ""0.3"": 2.875231981277466, ""1"": 2.874640464782715, ""3"": 2.864103317260742, ""10"": 2.8139290809631348, ""30"": 2.708191156387329, ""45"": 2.685124635696411, ""65"": 2.6896636486053467, ""90"": 2.7349472045898438}","{""1e-05"": 0.16322301493750677, ""0.0001"": 0.16311008400387234, ""0.001"": 0.16162872314453125, ""0.01"": 0.16384375095367432, ""0.1"": 0.16336719195048013, ""0.3"": 0.15973511007097033, ""1"": 0.15970224804348415, ""3"": 0.1591168509589301, ""10"": 0.15632939338684082, ""30"": 0.1504550642437405, ""45"": 0.14917359087202284, ""65"": 0.14942575825585258, ""90"": 0.15194151136610243}",0.13769925127294946,0.14917358482356063,0.15581039672020738,110736,0.2221828118137276,0.6714002024091043
chronos2,sg_carpark,0,Emb,block_depth,True,0.0,0.001,False,False,1e-05|0.0001|0.001|0.01|0.1|0.3|1|3|10|30|45|65|90,90.0,1e-05,13,0.01,1e-05,chronos2_quantile_loss (SUM over quantiles) = 2Q x mean pinball,0.27057547039455837,"{""1e-05"": 4.891408920288086, ""0.0001"": 4.898364543914795, ""0.001"": 4.870358467102051, ""0.01"": 4.9039788246154785, ""0.1"": 4.896119594573975, ""0.3"": 4.912284851074219, ""1"": 4.871138572692871, ""3"": 4.919209957122803, ""10"": 4.925417900085449, ""30"": 5.0303497314453125, ""45"": 5.069094657897949, ""65"": 5.099132061004639, ""90"": 5.323211669921875}","{""1e-05"": 0.27174494001600474, ""0.0001"": 0.2721313635508219, ""0.001"": 0.27057547039455837, ""0.01"": 0.2724432680341932, ""0.1"": 0.2720066441429986, ""0.3"": 0.2729047139485677, ""1"": 0.2706188095940484, ""3"": 0.27328944206237793, ""10"": 0.27363432778252494, ""30"": 0.279463873969184, ""45"": 0.28161636988321936, ""65"": 0.2832851145002577, ""90"": 0.2957339816623264}",0.2615414204308429,0.2705754882282456,0.268995183883077,110736,0.26992471200429785,1.002410954592173
chronos2,sg_carpark,1,L1,block_depth,True,0.08333333333333333,1e-05,False,True,1e-05|0.0001|0.001|0.01|0.1|0.3|1|3|10|30|45|65|90,90.0,1e-05,13,0.01,1.0000000000000001e-07,chronos2_quantile_loss (SUM over quantiles) = 2Q x mean pinball,0.2224407196044922,"{""1e-05"": 4.003932952880859, ""0.0001"": 4.066893100738525, ""0.001"": 4.023894309997559, ""0.01"": 4.024688243865967, ""0.1"": 4.029636383056641, ""0.3"": 4.0465617179870605, ""1"": 4.085864543914795, ""3"": 4.0877556800842285, ""10"": 4.1856689453125, ""30"": 4.224633693695068, ""45"": 4.21928071975708, ""65"": 4.244993209838867, ""90"": 4.3202643394470215}","{""1e-05"": 0.2224407196044922, ""0.0001"": 0.22593850559658474, ""0.001"": 0.22354968388875324, ""0.01"": 0.22359379132588703, ""0.1"": 0.22386868794759113, ""0.3"": 0.22480898433261445, ""1"": 0.22699247466193304, ""3"": 0.22709753778245712, ""10"": 0.2325371636284722, ""30"": 0.23470187187194824, ""45"": 0.23440448443094888, ""65"": 0.23583295610215926, ""90"": 0.24001468552483451}",0.1917578836788064,0.22244069521120713,0.20248191277522826,110736,0.26992471200429785,0.8240842180010007
chronos2,sg_carpark,2,L2,block_depth,True,0.16666666666666666,1.0,False,False,1e-05|0.0001|0.001|0.01|0.1|0.3|1|3|10|30|45|65|90,90.0,1e-05,13,0.01,0.01,chronos2_quantile_loss (SUM over quantiles) = 2Q x mean pinball,0.14608222908443874,"{""1e-05"": 2.7006516456604004, ""0.0001"": 2.7012574672698975, ""0.001"": 2.7076058387756348, ""0.01"": 2.6994895935058594, ""0.1"": 2.7052226066589355, ""0.3"": 2.675028085708618, ""1"": 2.6294801235198975, ""3"": 2.634817600250244, ""10"": 2.6483254432678223, ""30"": 2.754286527633667, ""45"": 2.848641872406006, ""65"": 2.9958748817443848, ""90"": 3.1397440433502197}","{""1e-05"": 0.1500362025366889, ""0.0001"": 0.15006985929277208, ""0.001"": 0.15042254659864637, ""0.01"": 0.14997164408365884, ""0.1"": 0.1502901448143853, ""0.3"": 0.14861267142825654, ""1"": 0.14608222908443874, ""3"": 0.146378755569458, ""10"": 0.14712919129265678, ""30"": 0.15301591820187038, ""45"": 0.15825788180033365, ""65"": 0.16643749343024358, ""90"": 0.17443022463056776}",0.1337549822028176,0.14608222180924846,0.14248614663542328,110736,0.26992471200429785,0.5411961754984571
chronos2,sg_carpark,3,L3,block_depth,True,0.25,3.0,False,False,1e-05|0.0001|0.001|0.01|0.1|0.3|1|3|10|30|45|65|90,90.0,1e-05,13,0.01,0.03,chronos2_quantile_loss (SUM over quantiles) = 2Q x mean pinball,0.12413108348846436,"{""1e-05"": 2.275250196456909, ""0.0001"": 2.2738771438598633, ""0.001"": 2.287071466445923, ""0.01"": 2.2673587799072266, ""0.1"": 2.2518255710601807, ""0.3"": 2.276327133178711, ""1"": 2.256521463394165, ""3"": 2.2343595027923584, ""10"": 2.27580189704895, ""30"": 2.3283989429473877, ""45"": 2.376739501953125, ""65"": 2.4556870460510254, ""90"": 2.514716625213623}","{""1e-05"": 0.12640278869205052, ""0.0001"": 0.12632650799221462, ""0.001"": 0.12705952591366237, ""0.01"": 0.12596437666151258, ""0.1"": 0.12510142061445448, ""0.3"": 0.12646261850992838, ""1"": 0.12536230352189806, ""3"": 0.12413108348846436, ""10"": 0.12643343872494167, ""30"": 0.12935549683041042, ""45"": 0.13204108344184026, ""65"": 0.13642705811394584, ""90"": 0.1397064791785346}",0.10753678427300974,0.12413108817138578,0.10497257729076732,110736,0.26992471200429785,0.45987300403013603
chronos2,sg_carpark,4,L4,block_depth,True,0.3333333333333333,10.0,False,False,1e-05|0.0001|0.001|0.01|0.1|0.3|1|3|10|30|45|65|90,90.0,1e-05,13,0.01,0.1,chronos2_quantile_loss (SUM over quantiles) = 2Q x mean pinball,0.1256378756629096,"{""1e-05"": 2.3161373138427734, ""0.0001"": 2.2991573810577393, ""0.001"": 2.3010094165802, ""0.01"": 2.305387496948242, ""0.1"": 2.276177406311035, ""0.3"": 2.287437915802002, ""1"": 2.262683153152466, ""3"": 2.3073699474334717, ""10"": 2.261481761932373, ""30"": 2.2995734214782715, ""45"": 2.3186755180358887, ""65"": 2.363109827041626, ""90"": 2.455096483230591}","{""1e-05"": 0.12867429521348742, ""0.0001"": 0.12773096561431885, ""0.001"": 0.12783385647667778, ""0.01"": 0.12807708316379124, ""0.1"": 0.12645430035061306, ""0.3"": 0.12707988421122232, ""1"": 0.12570461961958143, ""3"": 0.12818721930185953, ""10"": 0.1256378756629096, ""30"": 0.12775407897101507, ""45"": 0.12881530655754936, ""65"": 0.13128387928009033, ""90"": 0.13639424906836614}",0.10454201931334295,0.1256378887189647,0.09955512151374656,110736,0.26992471200429785,0.4654553033920223
chronos2,sg_carpark,5,L5,block_depth,True,0.4166666666666667,3.0,False,False,1e-05|0.0001|0.001|0.01|0.1|0.3|1|3|10|30|45|65|90,90.0,1e-05,13,0.01,0.03,chronos2_quantile_loss (SUM over quantiles) = 2Q x mean pinball,0.12028264999389648,"{""1e-05"": 2.1928088665008545, ""0.0001"": 2.220357656478882, ""0.001"": 2.177983522415161, ""0.01"": 2.1857409477233887, ""0.1"": 2.1927855014801025, ""0.3"": 2.174666166305542, ""1"": 2.188149929046631, ""3"": 2.1650876998901367, ""10"": 2.1947405338287354, ""30"": 2.2740445137023926, ""45"": 2.2884182929992676, ""65"": 2.311676502227783, ""90"": 2.4128124713897705}","{""1e-05"": 0.12182271480560303, ""0.0001"": 0.12335320313771565, ""0.001"": 0.12099908457862006, ""0.01"": 0.12143005265129936, ""0.1"": 0.12182141674889457, ""0.3"": 0.12081478701697455, ""1"": 0.12156388494703504, ""3"": 0.12028264999389648, ""10"": 0.12193002965715195, ""30"": 0.12633580631679958, ""45"": 0.12713434961107042, ""65"": 0.12842647234598795, ""90"": 0.13404513729943168}",0.09721657394069425,0.12028264551092002,0.09625468366269001,110736,0.26992471200429785,0.4456155370798537
chronos2,sg_carpark,6,L6,block_depth,True,0.5,1.0,False,False,1e-05|0.0001|0.001|0.01|0.1|0.3|1|3|10|30|45|65|90,90.0,1e-05,13,0.01,0.01,chronos2_quantile_loss (SUM over quantiles) = 2Q x mean pinball,0.11853008800082736,"{""1e-05"": 2.158627510070801, ""0.0001"": 2.165921211242676, ""0.001"": 2.141669511795044, ""0.01"": 2.1638269424438477, ""0.1"": 2.139920234680176, ""0.3"": 2.1618683338165283, ""1"": 2.1335415840148926, ""3"": 2.150062084197998, ""10"": 2.1895034313201904, ""30"": 2.227651596069336, ""45"": 2.2533507347106934, ""65"": 2.3014304637908936, ""90"": 2.4026010036468506}","{""1e-05"": 0.11992375055948892, ""0.0001"": 0.12032895618014865, ""0.001"": 0.1189816395441691, ""0.01"": 0.12021260791354708, ""0.1"": 0.11888445748223198, ""0.3"": 0.12010379632314046, ""1"": 0.11853008800082736, ""3"": 0.11944789356655544, ""10"": 0.12163907951778835, ""30"": 0.123758422003852, ""45"": 0.12518615192837185, ""65"": 0.12785724798838297, ""90"": 0.13347783353593615}",0.09169416890146914,0.11853008545766779,0.09599556221421492,110736,0.26992471200429785,0.4391227634459067
chronos2,sg_carpark,7,L7,block_depth,True,0.5833333333333334,3.0,False,False,1e-05|0.0001|0.001|0.01|0.1|0.3|1|3|10|30|45|65|90,90.0,1e-05,13,0.01,0.03,chronos2_quantile_loss (SUM over quantiles) = 2Q x mean pinball,0.11185574531555176,"{""1e-05"": 2.0654666423797607, ""0.0001"": 2.066894292831421, ""0.001"": 2.0363595485687256, ""0.01"": 2.0452382564544678, ""0.1"": 2.0510964393615723, ""0.3"": 2.0624868869781494, ""1"": 2.04014253616333, ""3"": 2.0134034156799316, ""10"": 2.0540506839752197, ""30"": 2.1161844730377197, ""45"": 2.1380183696746826, ""65"": 2.195063591003418, ""90"": 2.276745080947876}","{""1e-05"": 0.11474814679887559, ""0.0001"": 0.11482746071285671, ""0.001"": 0.11313108603159586, ""0.01"": 0.11362434758080375, ""0.1"": 0.113949802186754, ""0.3"": 0.1145826048321194, ""1"": 0.11334125200907388, ""3"": 0.11185574531555176, ""10"": 0.11411392688751221, ""30"": 0.11756580405765109, ""45"": 0.11877879831526014, ""65"": 0.12194797727796766, ""90"": 0.12648583783043754}",0.09405060642942722,0.11185574309511037,0.09553380664122307,110736,0.26992471200429785,0.4143960820205649
chronos2,sg_carpark,8,L8,block_depth,True,0.6666666666666666,3.0,False,False,1e-05|0.0001|0.001|0.01|0.1|0.3|1|3|10|30|45|65|90,90.0,1e-05,13,0.01,0.03,chronos2_quantile_loss (SUM over quantiles) = 2Q x mean pinball,0.11023620764414468,"{""1e-05"": 2.089996099472046, ""0.0001"": 2.0907886028289795, ""0.001"": 2.0659332275390625, ""0.01"": 2.054093837738037, ""0.1"": 2.0715675354003906, ""0.3"": 2.034806489944458, ""1"": 1.9878093004226685, ""3"": 1.9842517375946045, ""10"": 2.026606559753418, ""30"": 2.0605204105377197, ""45"": 2.074641227722168, ""65"": 2.1369569301605225, ""90"": 2.228548765182495}","{""1e-05"": 0.11611089441511366, ""0.0001"": 0.11615492237938774, ""0.001"": 0.11477406819661458, ""0.01"": 0.11411632431877983, ""0.1"": 0.1150870853000217, ""0.3"": 0.11304480499691433, ""1"": 0.11043385002348158, ""3"": 0.11023620764414468, ""10"": 0.11258925331963432, ""30"": 0.11447335614098442, ""45"": 0.11525784598456489, ""65"": 0.11871982945336235, ""90"": 0.12380826473236084}",0.09224799278605104,0.11023620846497137,0.0961412379234019,110736,0.26992471200429785,0.4083961325601642
chronos2,sg_carpark,9,L9,block_depth,True,0.75,3.0,False,False,1e-05|0.0001|0.001|0.01|0.1|0.3|1|3|10|30|45|65|90,90.0,1e-05,13,0.01,0.03,chronos2_quantile_loss (SUM over quantiles) = 2Q x mean pinball,0.10701169570287068,"{""1e-05"": 2.00687575340271, ""0.0001"": 1.988226056098938, ""0.001"": 2.0472562313079834, ""0.01"": 1.9874074459075928, ""0.1"": 1.9776440858840942, ""0.3"": 1.9511146545410156, ""1"": 1.938530683517456, ""3"": 1.9262105226516724, ""10"": 1.9326635599136353, ""30"": 1.9476935863494873, ""45"": 1.992651343345642, ""65"": 2.0121724605560303, ""90"": 2.112741470336914}","{""1e-05"": 0.11149309741126166, ""0.0001"": 0.11045700311660767, ""0.001"": 0.11373645729488796, ""0.01"": 0.11041152477264404, ""0.1"": 0.10986911588244967, ""0.3"": 0.10839525858561197, ""1"": 0.10769614908430311, ""3"": 0.10701169570287068, ""10"": 0.10737019777297974, ""30"": 0.10820519924163818, ""45"": 0.11070285240809122, ""65"": 0.11178735891977945, ""90"": 0.11737452612982856}",0.0953526557363046,0.10701169216700193,0.0983159946814432,110736,0.26992471200429785,0.39645014853363275
chronos2,sg_carpark,10,L10,block_depth,True,0.8333333333333334,1.0,False,False,1e-05|0.0001|0.001|0.01|0.1|0.3|1|3|10|30|45|65|90,90.0,1e-05,13,0.01,0.01,chronos2_quantile_loss (SUM over quantiles) = 2Q x mean pinball,0.10345169570710923,"{""1e-05"": 1.9703482389450073, ""0.0001"": 2.0083906650543213, ""0.001"": 2.020266056060791, ""0.01"": 1.9846980571746826, ""0.1"": 1.9478601217269897, ""0.3"": 1.932452917098999, ""1"": 1.8621305227279663, ""3"": 1.8896170854568481, ""10"": 1.8815739154815674, ""30"": 1.9228739738464355, ""45"": 1.9349640607833862, ""65"": 1.9831713438034058, ""90"": 2.0365896224975586}","{""1e-05"": 0.1094637910525004, ""0.0001"": 0.11157725916968451, ""0.001"": 0.11223700311448838, ""0.01"": 0.11026100317637125, ""0.1"": 0.10821445120705497, ""0.3"": 0.10735849539438883, ""1"": 0.10345169570710923, ""3"": 0.1049787269698249, ""10"": 0.10453188419342041, ""30"": 0.10682633188035752, ""45"": 0.10749800337685478, ""65"": 0.11017618576685587, ""90"": 0.11314386791653103}",0.09200499987649267,0.10345169931313412,0.09662906721360602,110736,0.26992471200429785,0.3832613121820685
chronos2,sg_carpark,11,L11,block_depth,True,0.9166666666666666,3.0,False,False,1e-05|0.0001|0.001|0.01|0.1|0.3|1|3|10|30|45|65|90,90.0,1e-05,13,0.01,0.03,chronos2_quantile_loss (SUM over quantiles) = 2Q x mean pinball,0.10013008779949611,"{""1e-05"": 1.9729528427124023, ""0.0001"": 1.9600988626480103, ""0.001"": 1.8949275016784668, ""0.01"": 1.9318199157714844, ""0.1"": 1.9436525106430054, ""0.3"": 1.8617767095565796, ""1"": 1.828265905380249, ""3"": 1.8023415803909302, ""10"": 1.821423053741455, ""30"": 1.8796197175979614, ""45"": 1.9076237678527832, ""65"": 1.9208574295043945, ""90"": 1.937994122505188}","{""1e-05"": 0.10960849126180013, ""0.0001"": 0.10889438125822279, ""0.001"": 0.10527375009324814, ""0.01"": 0.10732332865397134, ""0.1"": 0.10798069503572251, ""0.3"": 0.10343203941980997, ""1"": 0.1015703280766805, ""3"": 0.10013008779949611, ""10"": 0.10119016965230306, ""30"": 0.10442331764433119, ""45"": 0.1059790982140435, ""65"": 0.10671430163913302, ""90"": 0.1076663401391771}",0.10060796491705533,0.10013008653317805,0.09982079960995138,110736,0.26992471200429785,0.3709556112505317
chronos2,sg_carpark,12,L12,block_depth,True,1.0,10.0,False,False,1e-05|0.0001|0.001|0.01|0.1|0.3|1|3|10|30|45|65|90,90.0,1e-05,13,0.01,0.1,chronos2_quantile_loss (SUM over quantiles) = 2Q x mean pinball,0.0988597207599216,"{""1e-05"": 1.8519538640975952, ""0.0001"": 1.943429708480835, ""0.001"": 1.9254285097122192, ""0.01"": 1.8764522075653076, ""0.1"": 1.8951488733291626, ""0.3"": 1.8948426246643066, ""1"": 1.8803788423538208, ""3"": 1.798507571220398, ""10"": 1.7794749736785889, ""30"": 1.8344595432281494, ""45"": 1.8039937019348145, ""65"": 1.8572986125946045, ""90"": 1.9227774143218994}","{""1e-05"": 0.10288632578319973, ""0.0001"": 0.10796831713782416, ""0.001"": 0.10696825053956772, ""0.01"": 0.1042473448647393, ""0.1"": 0.10528604851828681, ""0.3"": 0.10526903470357259, ""1"": 0.10446549124187893, ""3"": 0.0999170872900221, ""10"": 0.0988597207599216, ""30"": 0.10191441906823051, ""45"": 0.10022187232971191, ""65"": 0.1031832562552558, ""90"": 0.10682096746232773}",0.10395739725931218,0.09885971726965433,0.1011124361558991,110736,0.26992471200429785,0.36624922755527567
chronos2,sg_carpark,13,L12+LN,head_input_diagnostic,False,,10.0,False,False,1e-05|0.0001|0.001|0.01|0.1|0.3|1|3|10|30|45|65|90,90.0,1e-05,13,0.01,0.1,chronos2_quantile_loss (SUM over quantiles) = 2Q x mean pinball,0.0961881677309672,"{""1e-05"": 1.87934148311615, ""0.0001"": 1.886609435081482, ""0.001"": 1.8652853965759277, ""0.01"": 1.9219309091567993, ""0.1"": 1.8569706678390503, ""0.3"": 1.834906816482544, ""1"": 1.874342918395996, ""3"": 1.7799957990646362, ""10"": 1.7313870191574097, ""30"": 1.7697371244430542, ""45"": 1.8144230842590332, ""65"": 1.830621600151062, ""90"": 1.8765941858291626}","{""1e-05"": 0.10440786017311943, ""0.0001"": 0.10481163528230454, ""0.001"": 0.10362696647644043, ""0.01"": 0.10677393939759995, ""0.1"": 0.10316503710216945, ""0.3"": 0.10193926758236355, ""1"": 0.10413016213311088, ""3"": 0.0988886555035909, ""10"": 0.0961881677309672, ""30"": 0.09831872913572523, ""45"": 0.10080128245883517, ""65"": 0.10170120000839233, ""90"": 0.10425523254606459}",0.10124182703783215,0.09618816201675073,0.09657789165901262,110736,0.26992471200429785,0.3563518186331127
chronos2,coastal_ts,0,Emb,block_depth,True,0.0,1e-05,False,True,1e-05|0.0001|0.001|0.01|0.1|0.3|1|3|10|30|45|65|90,90.0,1e-05,13,0.01,1.0000000000000001e-07,chronos2_quantile_loss (SUM over quantiles) = 2Q x mean pinball,0.3270371225145128,"{""1e-05"": 5.8866682052612305, ""0.0001"": 5.892055034637451, ""0.001"": 5.887602806091309, ""0.01"": 5.888558387756348, ""0.1"": 5.891122341156006, ""0.3"": 5.889389991760254, ""1"": 5.889349937438965, ""3"": 5.886769771575928, ""10"": 5.890778541564941, ""30"": 6.000472068786621, ""45"": 6.054915904998779, ""65"": 6.12143087387085, ""90"": 6.288383483886719}","{""1e-05"": 0.3270371225145128, ""0.0001"": 0.3273363908131917, ""0.001"": 0.32708904478285045, ""0.01"": 0.3271421326531304, ""0.1"": 0.327284574508667, ""0.3"": 0.32718833287556964, ""1"": 0.32718610763549805, ""3"": 0.32704276508755153, ""10"": 0.3272654745313856, ""30"": 0.3333595593770345, ""45"": 0.3363842169443766, ""65"": 0.34007949299282497, ""90"": 0.3493546379937066}",0.3240008478078302,0.3270370727404952,0.32671686882774037,110736,0.32696046121418476,1.0002343143450005
chronos2,coastal_ts,1,L1,block_depth,True,0.08333333333333333,30.0,False,False,1e-05|0.0001|0.001|0.01|0.1|0.3|1|3|10|30|45|65|90,90.0,1e-05,13,0.01,0.3,chronos2_quantile_loss (SUM over quantiles) = 2Q x mean pinball,0.21075846089257133,"{""1e-05"": 3.86946177482605, ""0.0001"": 3.868459701538086, ""0.001"": 3.8786163330078125, ""0.01"": 3.8982930183410645, ""0.1"": 3.901266098022461, ""0.3"": 3.8523330688476562, ""1"": 3.840082883834839, ""3"": 3.82599139213562, ""10"": 3.8137195110321045, ""30"": 3.793652296066284, ""45"": 3.7947683334350586, ""65"": 3.8004825115203857, ""90"": 3.8440756797790527}","{""1e-05"": 0.2149700986014472, ""0.0001"": 0.21491442786322698, ""0.001"": 0.21547868516710067, ""0.01"": 0.21657183435228133, ""0.1"": 0.21673700544569227, ""0.3"": 0.21401850382486978, ""1"": 0.21333793799082437, ""3"": 0.21255507734086776, ""10"": 0.21187330616845024, ""30"": 0.21075846089257133, ""45"": 0.21082046296861434, ""65"": 0.21113791730668807, ""90"": 0.21355975998772514}",0.19382310442230966,0.21075844888885817,0.2042442476376891,110736,0.32696046121418476,0.6445991913095414
chronos2,coastal_ts,2,L2,block_depth,True,0.16666666666666666,45.0,False,False,1e-05|0.0001|0.001|0.01|0.1|0.3|1|3|10|30|45|65|90,90.0,1e-05,13,0.01,0.45,chronos2_quantile_loss (SUM over quantiles) = 2Q x mean pinball,0.2098386287689209,"{""1e-05"": 3.8712003231048584, ""0.0001"": 3.8727188110351562, ""0.001"": 3.876593589782715, ""0.01"": 3.8637642860412598, ""0.1"": 3.8733012676239014, ""0.3"": 3.843329906463623, ""1"": 3.835965633392334, ""3"": 3.8197498321533203, ""10"": 3.7997660636901855, ""30"": 3.7963061332702637, ""45"": 3.777095317840576, ""65"": 3.7925524711608887, ""90"": 3.820830821990967}","{""1e-05"": 0.21506668461693657, ""0.0001"": 0.21515104505750868, ""0.001"": 0.21536631054348415, ""0.01"": 0.21465357144673664, ""0.1"": 0.21518340375688338, ""0.3"": 0.21351832813686794, ""1"": 0.21310920185512966, ""3"": 0.21220832400851777, ""10"": 0.21109811464945474, ""30"": 0.2109058962927924, ""45"": 0.2098386287689209, ""65"": 0.21069735950893825, ""90"": 0.21226837899949813}",0.19039036616298186,0.20983863373597464,0.20208714219431081,110736,0.32696046121418476,0.641785960775587
chronos2,coastal_ts,3,L3,block_depth,True,0.25,65.0,False,False,1e-05|0.0001|0.001|0.01|0.1|0.3|1|3|10|30|45|65|90,90.0,1e-05,13,0.01,0.65,chronos2_quantile_loss (SUM over quantiles) = 2Q x mean pinball,0.20778241422441268,"{""1e-05"": 3.8497371673583984, ""0.0001"": 3.8598010540008545, ""0.001"": 3.869418144226074, ""0.01"": 3.8560638427734375, ""0.1"": 3.8452563285827637, ""0.3"": 3.830775022506714, ""1"": 3.7932558059692383, ""3"": 3.778237819671631, ""10"": 3.762908458709717, ""30"": 3.748648166656494, ""45"": 3.7448277473449707, ""65"": 3.7400834560394287, ""90"": 3.7656335830688477}","{""1e-05"": 0.21387428707546657, ""0.0001"": 0.21443339188893634, ""0.001"": 0.21496767467922634, ""0.01"": 0.21422576904296875, ""0.1"": 0.2136253515879313, ""0.3"": 0.21282083458370632, ""1"": 0.21073643366495767, ""3"": 0.20990210109286836, ""10"": 0.20905046992831758, ""30"": 0.20825823148091632, ""45"": 0.20804598596360946, ""65"": 0.20778241422441268, ""90"": 0.20920186572604707}",0.18986879878141616,0.20778240667035183,0.2026865166456749,110736,0.32696046121418476,0.6354970441953165
chronos2,coastal_ts,4,L4,block_depth,True,0.3333333333333333,30.0,False,False,1e-05|0.0001|0.001|0.01|0.1|0.3|1|3|10|30|45|65|90,90.0,1e-05,13,0.01,0.3,chronos2_quantile_loss (SUM over quantiles) = 2Q x mean pinball,0.2042278978559706,"{""1e-05"": 3.8344905376434326, ""0.0001"": 3.8520545959472656, ""0.001"": 3.836118221282959, ""0.01"": 3.83514666557312, ""0.1"": 3.838871717453003, ""0.3"": 3.8175806999206543, ""1"": 3.7762413024902344, ""3"": 3.747264862060547, ""10"": 3.7035083770751953, ""30"": 3.6761021614074707, ""45"": 3.683687925338745, ""65"": 3.691814422607422, ""90"": 3.723938465118408}","{""1e-05"": 0.2130272520913018, ""0.0001"": 0.21400303310818142, ""0.001"": 0.21311767896016437, ""0.01"": 0.2130637036429511, ""0.1"": 0.21327065096961126, ""0.3"": 0.21208781666225857, ""1"": 0.2097911834716797, ""3"": 0.20818138122558594, ""10"": 0.2057504653930664, ""30"": 0.2042278978559706, ""45"": 0.20464932918548584, ""65"": 0.20510080125596786, ""90"": 0.206885470284356}",0.18068061868554594,0.2042278852313757,0.19819959967086712,110736,0.32696046121418476,0.6246256335489765
chronos2,coastal_ts,5,L5,block_depth,True,0.4166666666666667,45.0,False,False,1e-05|0.0001|0.001|0.01|0.1|0.3|1|3|10|30|45|65|90,90.0,1e-05,13,0.01,0.45,chronos2_quantile_loss (SUM over quantiles) = 2Q x mean pinball,0.20196371608310273,"{""1e-05"": 3.8326830863952637, ""0.0001"": 3.8291983604431152, ""0.001"": 3.830559253692627, ""0.01"": 3.8303894996643066, ""0.1"": 3.8190231323242188, ""0.3"": 3.787313461303711, ""1"": 3.7491793632507324, ""3"": 3.7148852348327637, ""10"": 3.675788402557373, ""30"": 3.642906904220581, ""45"": 3.6353468894958496, ""65"": 3.6535511016845703, ""90"": 3.690495491027832}","{""1e-05"": 0.2129268381330702, ""0.0001"": 0.21273324224683973, ""0.001"": 0.21280884742736816, ""0.01"": 0.21279941664801702, ""0.1"": 0.21216795179578993, ""0.3"": 0.21040630340576172, ""1"": 0.20828774240281844, ""3"": 0.20638251304626465, ""10"": 0.20421046680874294, ""30"": 0.20238371690114337, ""45"": 0.20196371608310273, ""65"": 0.20297506120469833, ""90"": 0.205027527279324}",0.1784893929840759,0.20196371455676854,0.19850253321540853,110736,0.32696046121418476,0.6177007268914587
chronos2,coastal_ts,6,L6,block_depth,True,0.5,45.0,False,False,1e-05|0.0001|0.001|0.01|0.1|0.3|1|3|10|30|45|65|90,90.0,1e-05,13,0.01,0.45,chronos2_quantile_loss (SUM over quantiles) = 2Q x mean pinball,0.20449765523274738,"{""1e-05"": 3.9486427307128906, ""0.0001"": 3.9496448040008545, ""0.001"": 3.954641342163086, ""0.01"": 3.9458580017089844, ""0.1"": 3.9356439113616943, ""0.3"": 3.9076201915740967, ""1"": 3.857093572616577, ""3"": 3.798795223236084, ""10"": 3.7533059120178223, ""30"": 3.6943812370300293, ""45"": 3.680957794189453, ""65"": 3.6852197647094727, ""90"": 3.714674711227417}","{""1e-05"": 0.21936904059516057, ""0.0001"": 0.2194247113333808, ""0.001"": 0.21970229678683809, ""0.01"": 0.2192143334282769, ""0.1"": 0.21864688396453857, ""0.3"": 0.21709001064300537, ""1"": 0.2142829762564765, ""3"": 0.21104417906867132, ""10"": 0.20851699511210123, ""30"": 0.20524340205722383, ""45"": 0.20449765523274738, ""65"": 0.20473443137274847, ""90"": 0.20637081729041204}",0.17782571877872672,0.20449764048680663,0.20006900109971562,110736,0.32696046121418476,0.62545067292661
chronos2,coastal_ts,7,L7,block_depth,True,0.5833333333333334,30.0,False,False,1e-05|0.0001|0.001|0.01|0.1|0.3|1|3|10|30|45|65|90,90.0,1e-05,13,0.01,0.3,chronos2_quantile_loss (SUM over quantiles) = 2Q x mean pinball,0.20402823554144964,"{""1e-05"": 3.8669981956481934, ""0.0001"": 3.8668057918548584, ""0.001"": 3.8579483032226562, ""0.01"": 3.8611135482788086, ""0.1"": 3.842228412628174, ""0.3"": 3.820140838623047, ""1"": 3.7672269344329834, ""3"": 3.7245521545410156, ""10"": 3.6872432231903076, ""30"": 3.6725082397460938, ""45"": 3.673474073410034, ""65"": 3.6877830028533936, ""90"": 3.7312164306640625}","{""1e-05"": 0.2148332330915663, ""0.0001"": 0.21482254399193657, ""0.001"": 0.21433046129014754, ""0.01"": 0.21450630823771158, ""0.1"": 0.21345713403489852, ""0.3"": 0.21223004659016925, ""1"": 0.20929038524627686, ""3"": 0.20691956414116752, ""10"": 0.20484684573279485, ""30"": 0.20402823554144964, ""45"": 0.20408189296722412, ""65"": 0.20487683349185518, ""90"": 0.207289801703559}",0.17354373963899813,0.20402823792149624,0.1992524736560881,110736,0.32696046121418476,0.6240150174850706
chronos2,coastal_ts,8,L8,block_depth,True,0.6666666666666666,30.0,False,False,1e-05|0.0001|0.001|0.01|0.1|0.3|1|3|10|30|45|65|90,90.0,1e-05,13,0.01,0.3,chronos2_quantile_loss (SUM over quantiles) = 2Q x mean pinball,0.20488323105706108,"{""1e-05"": 3.959965229034424, ""0.0001"": 3.9632363319396973, ""0.001"": 3.961425542831421, ""0.01"": 3.957383871078491, ""0.1"": 3.9298219680786133, ""0.3"": 3.897942304611206, ""1"": 3.8288989067077637, ""3"": 3.763979911804199, ""10"": 3.701566219329834, ""30"": 3.6878981590270996, ""45"": 3.688519239425659, ""65"": 3.693554639816284, ""90"": 3.7290382385253906}","{""1e-05"": 0.2199980682796902, ""0.0001"": 0.22017979621887207, ""0.001"": 0.22007919682396782, ""0.01"": 0.21985465950436062, ""0.1"": 0.21832344267103407, ""0.3"": 0.2165523502561781, ""1"": 0.21271660592820907, ""3"": 0.2091099951002333, ""10"": 0.20564256774054632, ""30"": 0.20488323105706108, ""45"": 0.20491773552364773, ""65"": 0.20519747998979354, ""90"": 0.20716879102918836}",0.17201926135905674,0.20488322006228069,0.20130545110441744,110736,0.32696046121418476,0.6266299579509894
chronos2,coastal_ts,9,L9,block_depth,True,0.75,30.0,False,False,1e-05|0.0001|0.001|0.01|0.1|0.3|1|3|10|30|45|65|90,90.0,1e-05,13,0.01,0.3,chronos2_quantile_loss (SUM over quantiles) = 2Q x mean pinball,0.20561232831743026,"{""1e-05"": 3.945667266845703, ""0.0001"": 3.9423580169677734, ""0.001"": 3.940134048461914, ""0.01"": 3.9404406547546387, ""0.1"": 3.925166606903076, ""0.3"": 3.892146110534668, ""1"": 3.8424835205078125, ""3"": 3.7802581787109375, ""10"": 3.7215278148651123, ""30"": 3.701021909713745, ""45"": 3.702075958251953, ""65"": 3.725368022918701, ""90"": 3.768197536468506}","{""1e-05"": 0.21920373704698348, ""0.0001"": 0.21901988983154297, ""0.001"": 0.2188963360256619, ""0.01"": 0.21891336970859102, ""0.1"": 0.21806481149461532, ""0.3"": 0.21623033947414821, ""1"": 0.21347130669487846, ""3"": 0.21001434326171875, ""10"": 0.206751545270284, ""30"": 0.20561232831743026, ""45"": 0.20567088656955293, ""65"": 0.20696489016215006, ""90"": 0.20934430758158365}",0.17199465266724184,0.2056123187455038,0.20320559316314757,110736,0.32696046121418476,0.6288598871617435
chronos2,coastal_ts,10,L10,block_depth,True,0.8333333333333334,30.0,False,False,1e-05|0.0001|0.001|0.01|0.1|0.3|1|3|10|30|45|65|90,90.0,1e-05,13,0.01,0.3,chronos2_quantile_loss (SUM over quantiles) = 2Q x mean pinball,0.204541630215115,"{""1e-05"": 3.940164089202881, ""0.0001"": 3.938898801803589, ""0.001"": 3.9382283687591553, ""0.01"": 3.9337785243988037, ""0.1"": 3.9197263717651367, ""0.3"": 3.8808555603027344, ""1"": 3.8074398040771484, ""3"": 3.738400936126709, ""10"": 3.6935296058654785, ""30"": 3.6817493438720703, ""45"": 3.683514356613159, ""65"": 3.707623243331909, ""90"": 3.7533726692199707}","{""1e-05"": 0.2188980049557156, ""0.0001"": 0.21882771121131048, ""0.001"": 0.21879046493106416, ""0.01"": 0.21854325135548908, ""0.1"": 0.21776257620917425, ""0.3"": 0.21560308668348524, ""1"": 0.21152443355984157, ""3"": 0.20768894089592826, ""10"": 0.2051960892147488, ""30"": 0.204541630215115, ""45"": 0.20463968647850883, ""65"": 0.20597906907399494, ""90"": 0.2085207038455539}",0.17298419963050007,0.20454163601001105,0.20163828313040236,110736,0.32696046121418476,0.6255852320810749
chronos2,coastal_ts,11,L11,block_depth,True,0.9166666666666666,30.0,False,False,1e-05|0.0001|0.001|0.01|0.1|0.3|1|3|10|30|45|65|90,90.0,1e-05,13,0.01,0.3,chronos2_quantile_loss (SUM over quantiles) = 2Q x mean pinball,0.20633718702528211,"{""1e-05"": 3.9210596084594727, ""0.0001"": 3.921393871307373, ""0.001"": 3.921111583709717, ""0.01"": 3.922787666320801, ""0.1"": 3.892381191253662, ""0.3"": 3.8645453453063965, ""1"": 3.7959423065185547, ""3"": 3.747223377227783, ""10"": 3.7142577171325684, ""30"": 3.714069366455078, ""45"": 3.725076198577881, ""65"": 3.7494640350341797, ""90"": 3.7998242378234863}","{""1e-05"": 0.21783664491441512, ""0.0001"": 0.21785521507263184, ""0.001"": 0.21783953242831758, ""0.01"": 0.21793264812893337, ""0.1"": 0.21624339951409233, ""0.3"": 0.21469696362813312, ""1"": 0.21088568369547525, ""3"": 0.2081790765126546, ""10"": 0.20634765095180935, ""30"": 0.20633718702528211, ""45"": 0.20694867769877115, ""65"": 0.20830355750189886, ""90"": 0.21110134654574922}",0.17984257790512556,0.2063372052895526,0.19998242457707724,110736,0.32696046121418476,0.6310769336552456
chronos2,coastal_ts,12,L12,block_depth,True,1.0,10.0,False,False,1e-05|0.0001|0.001|0.01|0.1|0.3|1|3|10|30|45|65|90,90.0,1e-05,13,0.01,0.1,chronos2_quantile_loss (SUM over quantiles) = 2Q x mean pinball,0.20454907417297363,"{""1e-05"": 3.8309311866760254, ""0.0001"": 3.829024076461792, ""0.001"": 3.8230128288269043, ""0.01"": 3.8140487670898438, ""0.1"": 3.812042713165283, ""0.3"": 3.77335524559021, ""1"": 3.7288920879364014, ""3"": 3.7296433448791504, ""10"": 3.6818833351135254, ""30"": 3.707012891769409, ""45"": 3.717642307281494, ""65"": 3.728792190551758, ""90"": 3.849363327026367}","{""1e-05"": 0.2128295103708903, ""0.0001"": 0.21272355980343288, ""0.001"": 0.21238960160149467, ""0.01"": 0.21189159817165798, ""0.1"": 0.2117801507314046, ""0.3"": 0.2096308469772339, ""1"": 0.20716067155202228, ""3"": 0.20720240804884169, ""10"": 0.20454907417297363, ""30"": 0.20594516065385604, ""45"": 0.20653568373786077, ""65"": 0.20715512169731987, ""90"": 0.2138535181681315}",0.17798915692475467,0.20454906579107046,0.19920828527150056,110736,0.32696046121418476,0.625607955871688
chronos2,coastal_ts,13,L12+LN,head_input_diagnostic,False,,30.0,False,False,1e-05|0.0001|0.001|0.01|0.1|0.3|1|3|10|30|45|65|90,90.0,1e-05,13,0.01,0.3,chronos2_quantile_loss (SUM over quantiles) = 2Q x mean pinball,0.20654357804192436,"{""1e-05"": 3.9104933738708496, ""0.0001"": 3.91493558883667, ""0.001"": 3.9295148849487305, ""0.01"": 3.91225004196167, ""0.1"": 3.889547348022461, ""0.3"": 3.843456983566284, ""1"": 3.7904927730560303, ""3"": 3.7612032890319824, ""10"": 3.733722686767578, ""30"": 3.7177844047546387, ""45"": 3.7438933849334717, ""65"": 3.7505335807800293, ""90"": 3.762817859649658}","{""1e-05"": 0.21724963188171387, ""0.0001"": 0.2174964216020372, ""0.001"": 0.21830638249715167, ""0.01"": 0.2173472245534261, ""0.1"": 0.21608596377902559, ""0.3"": 0.21352538797590467, ""1"": 0.2105829318364461, ""3"": 0.20895573827955458, ""10"": 0.20742903815375432, ""30"": 0.20654357804192436, ""45"": 0.20799407694074842, ""65"": 0.20836297671000162, ""90"": 0.2090454366472032}",0.17655755589893848,0.20654358000804982,0.19594381493516266,110736,0.32696046121418476,0.6317081253220632
chronos2,boom_hourly,0,Emb,block_depth,True,0.0,0.0001,False,False,1e-05|0.0001|0.001|0.01|0.1|0.3|1|3|10|30|45|65|90,90.0,1e-05,13,0.01,1.0000000000000002e-06,chronos2_quantile_loss (SUM over quantiles) = 2Q x mean pinball,0.19767479101816812,"{""1e-05"": 3.576753616333008, ""0.0001"": 3.5581462383270264, ""0.001"": 3.5590481758117676, ""0.01"": 3.5890934467315674, ""0.1"": 3.5652332305908203, ""0.3"": 3.598095655441284, ""1"": 3.611179828643799, ""3"": 3.5997941493988037, ""10"": 3.6308352947235107, ""30"": 3.7046470642089844, ""45"": 3.6893625259399414, ""65"": 3.7856156826019287, ""90"": 4.011203289031982}","{""1e-05"": 0.19870853424072266, ""0.0001"": 0.19767479101816812, ""0.001"": 0.1977248986562093, ""0.01"": 0.19939408037397596, ""0.1"": 0.19806851281060112, ""0.3"": 0.19989420308007133, ""1"": 0.20062110159132215, ""3"": 0.19998856385548908, ""10"": 0.20171307192908391, ""30"": 0.205813725789388, ""45"": 0.20496458477444118, ""65"": 0.21031198236677381, ""90"": 0.22284462716844344}",0.23123270903889043,0.1976747909971213,0.2005699989149126,110736,0.18880839892110582,1.046959733394701
chronos2,boom_hourly,1,L1,block_depth,True,0.08333333333333333,30.0,False,False,1e-05|0.0001|0.001|0.01|0.1|0.3|1|3|10|30|45|65|90,90.0,1e-05,13,0.01,0.3,chronos2_quantile_loss (SUM over quantiles) = 2Q x mean pinball,0.1251160701115926,"{""1e-05"": 2.3079376220703125, ""0.0001"": 2.3319315910339355, ""0.001"": 2.3366057872772217, ""0.01"": 2.324190139770508, ""0.1"": 2.371302366256714, ""0.3"": 2.3276174068450928, ""1"": 2.3151895999908447, ""3"": 2.272580146789551, ""10"": 2.2793264389038086, ""30"": 2.252089262008667, ""45"": 2.25907826423645, ""65"": 2.278888702392578, ""90"": 2.3372344970703125}","{""1e-05"": 0.128218756781684, ""0.0001"": 0.12955175505744085, ""0.001"": 0.12981143262651232, ""0.01"": 0.12912167443169487, ""0.1"": 0.13173902034759521, ""0.3"": 0.1293120781580607, ""1"": 0.1286216444439358, ""3"": 0.12625445259941948, ""10"": 0.12662924660576713, ""30"": 0.1251160701115926, ""45"": 0.12550434801313612, ""65"": 0.12660492791069877, ""90"": 0.1298463609483507}",0.16840362261013372,0.1251160790670221,0.1396257606792753,110736,0.18880839892110582,0.662661617713851
chronos2,boom_hourly,2,L2,block_depth,True,0.16666666666666666,10.0,False,False,1e-05|0.0001|0.001|0.01|0.1|0.3|1|3|10|30|45|65|90,90.0,1e-05,13,0.01,0.1,chronos2_quantile_loss (SUM over quantiles) = 2Q x mean pinball,0.12148916721343994,"{""1e-05"": 2.304819345474243, ""0.0001"": 2.293269157409668, ""0.001"": 2.2885305881500244, ""0.01"": 2.275505542755127, ""0.1"": 2.281376838684082, ""0.3"": 2.2591984272003174, ""1"": 2.252755880355835, ""3"": 2.2080891132354736, ""10"": 2.186805009841919, ""30"": 2.1943700313568115, ""45"": 2.2069220542907715, ""65"": 2.2397451400756836, ""90"": 2.26239013671875}","{""1e-05"": 0.1280455191930135, ""0.0001"": 0.12740384207831487, ""0.001"": 0.1271405882305569, ""0.01"": 0.12641697459750706, ""0.1"": 0.1267431577046712, ""0.3"": 0.12551102373335096, ""1"": 0.12515310446421304, ""3"": 0.12267161740197075, ""10"": 0.12148916721343994, ""30"": 0.12190944618648952, ""45"": 0.12260678079393174, ""65"": 0.1244302855597602, ""90"": 0.12568834092881945}",0.16239927158058973,0.12148916683459686,0.13671248098887967,110736,0.18880839892110582,0.6434521320492819
chronos2,boom_hourly,3,L3,block_depth,True,0.25,10.0,False,False,1e-05|0.0001|0.001|0.01|0.1|0.3|1|3|10|30|45|65|90,90.0,1e-05,13,0.01,0.1,chronos2_quantile_loss (SUM over quantiles) = 2Q x mean pinball,0.11829449070824516,"{""1e-05"": 2.2536768913269043, ""0.0001"": 2.2379369735717773, ""0.001"": 2.251856803894043, ""0.01"": 2.2476348876953125, ""0.1"": 2.2198636531829834, ""0.3"": 2.203388214111328, ""1"": 2.1700215339660645, ""3"": 2.138859510421753, ""10"": 2.129300832748413, ""30"": 2.152679920196533, ""45"": 2.1690850257873535, ""65"": 2.1779160499572754, ""90"": 2.222881317138672}","{""1e-05"": 0.12520427174038357, ""0.0001"": 0.12432983186509873, ""0.001"": 0.12510315577189127, ""0.01"": 0.1248686048719618, ""0.1"": 0.12332575851016574, ""0.3"": 0.12241045633951822, ""1"": 0.12055675188700357, ""3"": 0.11882552835676405, ""10"": 0.11829449070824516, ""30"": 0.1195933288998074, ""45"": 0.12050472365485297, ""65"": 0.12099533610873751, ""90"": 0.12349340650770399}",0.15721057768686644,0.11829448398728828,0.13279108824681932,110736,0.18880839892110582,0.6265318951023889
chronos2,boom_hourly,4,L4,block_depth,True,0.3333333333333333,10.0,False,False,1e-05|0.0001|0.001|0.01|0.1|0.3|1|3|10|30|45|65|90,90.0,1e-05,13,0.01,0.1,chronos2_quantile_loss (SUM over quantiles) = 2Q x mean pinball,0.11653070979648165,"{""1e-05"": 2.243978261947632, ""0.0001"": 2.2529120445251465, ""0.001"": 2.239030599594116, ""0.01"": 2.241624116897583, ""0.1"": 2.214707851409912, ""0.3"": 2.1967029571533203, ""1"": 2.153224468231201, ""3"": 2.1111185550689697, ""10"": 2.09755277633667, ""30"": 2.1087026596069336, ""45"": 2.128875970840454, ""65"": 2.1450788974761963, ""90"": 2.1745004653930664}","{""1e-05"": 0.12466545899709065, ""0.0001"": 0.12516178025139701, ""0.001"": 0.12439058886633979, ""0.01"": 0.12453467316097683, ""0.1"": 0.12303932507832845, ""0.3"": 0.12203905317518446, ""1"": 0.11962358156840006, ""3"": 0.11728436417049831, ""10"": 0.11653070979648165, ""30"": 0.11715014775594075, ""45"": 0.1182708872689141, ""65"": 0.11917104985978867, ""90"": 0.1208055814107259}",0.15359172321203962,0.11653071773990904,0.13219471836704655,110736,0.18880839892110582,0.6171903284270832
chronos2,boom_hourly,5,L5,block_depth,True,0.4166666666666667,10.0,False,False,1e-05|0.0001|0.001|0.01|0.1|0.3|1|3|10|30|45|65|90,90.0,1e-05,13,0.01,0.1,chronos2_quantile_loss (SUM over quantiles) = 2Q x mean pinball,0.11353682147132026,"{""1e-05"": 2.2189011573791504, ""0.0001"": 2.218174934387207, ""0.001"": 2.2109901905059814, ""0.01"": 2.2032504081726074, ""0.1"": 2.191984176635742, ""0.3"": 2.163703441619873, ""1"": 2.101901054382324, ""3"": 2.0702219009399414, ""10"": 2.0436627864837646, ""30"": 2.055236577987671, ""45"": 2.072756052017212, ""65"": 2.0857815742492676, ""90"": 2.109929323196411}","{""1e-05"": 0.12327228652106391, ""0.0001"": 0.12323194079928927, ""0.001"": 0.1228327883614434, ""0.01"": 0.12240280045403373, ""0.1"": 0.12177689870198567, ""0.3"": 0.12020574675665961, ""1"": 0.11677228079901801, ""3"": 0.11501232782999674, ""10"": 0.11353682147132026, ""30"": 0.11417980988820393, ""45"": 0.11515311400095621, ""65"": 0.1158767541249593, ""90"": 0.11721829573313394}",0.15000927373446213,0.11353683274365582,0.12914970721839006,110736,0.18880839892110582,0.6013335921094143
chronos2,boom_hourly,6,L6,block_depth,True,0.5,10.0,False,False,1e-05|0.0001|0.001|0.01|0.1|0.3|1|3|10|30|45|65|90,90.0,1e-05,13,0.01,0.1,chronos2_quantile_loss (SUM over quantiles) = 2Q x mean pinball,0.11462390422821045,"{""1e-05"": 2.25217342376709, ""0.0001"": 2.247593402862549, ""0.001"": 2.251129150390625, ""0.01"": 2.2507097721099854, ""0.1"": 2.229781150817871, ""0.3"": 2.2003068923950195, ""1"": 2.1453208923339844, ""3"": 2.0946900844573975, ""10"": 2.063230276107788, ""30"": 2.063898801803589, ""45"": 2.074922800064087, ""65"": 2.0895962715148926, ""90"": 2.1132652759552}","{""1e-05"": 0.1251207457648383, ""0.0001"": 0.12486630015903048, ""0.001"": 0.12506273057725695, ""0.01"": 0.12503943178388807, ""0.1"": 0.12387673060099283, ""0.3"": 0.1222392717997233, ""1"": 0.11918449401855469, ""3"": 0.1163716713587443, ""10"": 0.11462390422821045, ""30"": 0.11466104454464382, ""45"": 0.11527348889244926, ""65"": 0.11608868175082736, ""90"": 0.11740362644195557}",0.1483301096482248,0.11462390606980877,0.13003658961588885,110736,0.18880839892110582,0.6070911396145291
chronos2,boom_hourly,7,L7,block_depth,True,0.5833333333333334,30.0,False,False,1e-05|0.0001|0.001|0.01|0.1|0.3|1|3|10|30|45|65|90,90.0,1e-05,13,0.01,0.3,chronos2_quantile_loss (SUM over quantiles) = 2Q x mean pinball,0.11504619651370578,"{""1e-05"": 2.3031299114227295, ""0.0001"": 2.3085877895355225, ""0.001"": 2.300891876220703, ""0.01"": 2.2995502948760986, ""0.1"": 2.2858192920684814, ""0.3"": 2.2555620670318604, ""1"": 2.2004339694976807, ""3"": 2.1382412910461426, ""10"": 2.0783047676086426, ""30"": 2.070831537246704, ""45"": 2.071152925491333, ""65"": 2.095698118209839, ""90"": 2.1153640747070312}","{""1e-05"": 0.12795166174570718, ""0.0001"": 0.1282548771964179, ""0.001"": 0.12782732645670572, ""0.01"": 0.12775279415978325, ""0.1"": 0.1269899606704712, ""0.3"": 0.12530900372399223, ""1"": 0.12224633163876003, ""3"": 0.1187911828358968, ""10"": 0.11546137597825791, ""30"": 0.11504619651370578, ""45"": 0.11506405141618516, ""65"": 0.11642767323387992, ""90"": 0.11752022637261283}",0.15148102044070424,0.11504618845101298,0.13056155782992726,110736,0.18880839892110582,0.6093277052737754
chronos2,boom_hourly,8,L8,block_depth,True,0.6666666666666666,30.0,False,False,1e-05|0.0001|0.001|0.01|0.1|0.3|1|3|10|30|45|65|90,90.0,1e-05,13,0.01,0.3,chronos2_quantile_loss (SUM over quantiles) = 2Q x mean pinball,0.11406481266021729,"{""1e-05"": 2.3036272525787354, ""0.0001"": 2.302260160446167, ""0.001"": 2.309157133102417, ""0.01"": 2.30190372467041, ""0.1"": 2.296288251876831, ""0.3"": 2.254903793334961, ""1"": 2.2022409439086914, ""3"": 2.139793872833252, ""10"": 2.0679965019226074, ""30"": 2.053166627883911, ""45"": 2.061260223388672, ""65"": 2.0713610649108887, ""90"": 2.0977327823638916}","{""1e-05"": 0.12797929180992973, ""0.0001"": 0.12790334224700928, ""0.001"": 0.12828650739457872, ""0.01"": 0.12788354025946722, ""0.1"": 0.12757156954871282, ""0.3"": 0.12527243296305338, ""1"": 0.1223467191060384, ""3"": 0.1188774373796251, ""10"": 0.11488869455125596, ""30"": 0.11406481266021729, ""45"": 0.11451445685492621, ""65"": 0.11507561471727158, ""90"": 0.1165407101313273}",0.14983826482847568,0.11406481293908789,0.1297266469415972,110736,0.18880839892110582,0.6041299729825591
chronos2,boom_hourly,9,L9,block_depth,True,0.75,30.0,False,False,1e-05|0.0001|0.001|0.01|0.1|0.3|1|3|10|30|45|65|90,90.0,1e-05,13,0.01,0.3,chronos2_quantile_loss (SUM over quantiles) = 2Q x mean pinball,0.1131038400861952,"{""1e-05"": 2.328920602798462, ""0.0001"": 2.3281912803649902, ""0.001"": 2.3240957260131836, ""0.01"": 2.318575620651245, ""0.1"": 2.3034017086029053, ""0.3"": 2.2724716663360596, ""1"": 2.2060775756835938, ""3"": 2.1363515853881836, ""10"": 2.0710673332214355, ""30"": 2.0358691215515137, ""45"": 2.0471150875091553, ""65"": 2.0696725845336914, ""90"": 2.0817785263061523}","{""1e-05"": 0.12938447793324787, ""0.0001"": 0.12934396002027723, ""0.001"": 0.12911642922295463, ""0.01"": 0.12880975670284694, ""0.1"": 0.1279667615890503, ""0.3"": 0.12624842590755886, ""1"": 0.1225598653157552, ""3"": 0.11868619918823242, ""10"": 0.11505929629007974, ""30"": 0.1131038400861952, ""45"": 0.11372861597273085, ""65"": 0.11498181025187174, ""90"": 0.115654362572564}",0.14960224254369478,0.11310383417554158,0.12781894075984168,110736,0.18880839892110582,0.5990402695104807
chronos2,boom_hourly,10,L10,block_depth,True,0.8333333333333334,30.0,False,False,1e-05|0.0001|0.001|0.01|0.1|0.3|1|3|10|30|45|65|90,90.0,1e-05,13,0.01,0.3,chronos2_quantile_loss (SUM over quantiles) = 2Q x mean pinball,0.11569669511583115,"{""1e-05"": 2.394245147705078, ""0.0001"": 2.403785228729248, ""0.001"": 2.402085542678833, ""0.01"": 2.416557788848877, ""0.1"": 2.390204906463623, ""0.3"": 2.383420467376709, ""1"": 2.284780979156494, ""3"": 2.2454593181610107, ""10"": 2.1411590576171875, ""30"": 2.082540512084961, ""45"": 2.09182071685791, ""65"": 2.102261543273926, ""90"": 2.1486785411834717}","{""1e-05"": 0.13301361931694877, ""0.0001"": 0.13354362381829155, ""0.001"": 0.13344919681549072, ""0.01"": 0.13425321049160427, ""0.1"": 0.13278916147020128, ""0.3"": 0.13241224818759495, ""1"": 0.12693227661980522, ""3"": 0.12474773989783393, ""10"": 0.11895328097873263, ""30"": 0.11569669511583115, ""45"": 0.11621226204766166, ""65"": 0.11679230795966254, ""90"": 0.11937103006574842}",0.15315385624483077,0.11569669481766763,0.1307916129902426,110736,0.18880839892110582,0.6127730306426244
chronos2,boom_hourly,11,L11,block_depth,True,0.9166666666666666,30.0,False,False,1e-05|0.0001|0.001|0.01|0.1|0.3|1|3|10|30|45|65|90,90.0,1e-05,13,0.01,0.3,chronos2_quantile_loss (SUM over quantiles) = 2Q x mean pinball,0.11633777618408203,"{""1e-05"": 2.4184694290161133, ""0.0001"": 2.43292236328125, ""0.001"": 2.4166619777679443, ""0.01"": 2.424863338470459, ""0.1"": 2.3911843299865723, ""0.3"": 2.362339496612549, ""1"": 2.293642282485962, ""3"": 2.2336909770965576, ""10"": 2.1488542556762695, ""30"": 2.0940799713134766, ""45"": 2.1027512550354004, ""65"": 2.1281702518463135, ""90"": 2.182699680328369}","{""1e-05"": 0.1343594127231174, ""0.0001"": 0.135162353515625, ""0.001"": 0.13425899876488578, ""0.01"": 0.1347146299150255, ""0.1"": 0.13284357388814289, ""0.3"": 0.1312410831451416, ""1"": 0.1274245712492201, ""3"": 0.12409394317203097, ""10"": 0.11938079198201497, ""30"": 0.11633777618408203, ""45"": 0.11681951416863334, ""65"": 0.11823168065812852, ""90"": 0.12126109335157606}",0.15781806379962857,0.11633777401625774,0.13234211658101297,110736,0.18880839892110582,0.6161684261984015
chronos2,boom_hourly,12,L12,block_depth,True,1.0,30.0,False,False,1e-05|0.0001|0.001|0.01|0.1|0.3|1|3|10|30|45|65|90,90.0,1e-05,13,0.01,0.3,chronos2_quantile_loss (SUM over quantiles) = 2Q x mean pinball,0.11555922031402588,"{""1e-05"": 2.311795473098755, ""0.0001"": 2.2732460498809814, ""0.001"": 2.322157382965088, ""0.01"": 2.340980291366577, ""0.1"": 2.286074161529541, ""0.3"": 2.2331464290618896, ""1"": 2.2411515712738037, ""3"": 2.230950117111206, ""10"": 2.1731784343719482, ""30"": 2.080065965652466, ""45"": 2.112858772277832, ""65"": 2.1138343811035156, ""90"": 2.1532304286956787}","{""1e-05"": 0.1284330818388197, ""0.0001"": 0.1262914472156101, ""0.001"": 0.12900874349806044, ""0.01"": 0.1300544606314765, ""0.1"": 0.1270041200849745, ""0.3"": 0.12406369050343831, ""1"": 0.12450842062632242, ""3"": 0.12394167317284477, ""10"": 0.12073213524288601, ""30"": 0.11555922031402588, ""45"": 0.117381042904324, ""65"": 0.11743524339463975, ""90"": 0.11962391270531547}",0.1589924088335854,0.11555921351589725,0.13113293341113685,110736,0.18880839892110582,0.6120448781740055
chronos2,boom_hourly,13,L12+LN,head_input_diagnostic,False,,65.0,False,False,1e-05|0.0001|0.001|0.01|0.1|0.3|1|3|10|30|45|65|90,90.0,1e-05,13,0.01,0.65,chronos2_quantile_loss (SUM over quantiles) = 2Q x mean pinball,0.10743867688708834,"{""1e-05"": 2.1211769580841064, ""0.0001"": 2.1379880905151367, ""0.001"": 2.121182441711426, ""0.01"": 2.1104958057403564, ""0.1"": 2.119340181350708, ""0.3"": 2.077796697616577, ""1"": 2.051893711090088, ""3"": 2.007290840148926, ""10"": 1.9726948738098145, ""30"": 1.97419011592865, ""45"": 1.9378399848937988, ""65"": 1.9338961839675903, ""90"": 1.9695638418197632}","{""1e-05"": 0.1178431643380059, ""0.0001"": 0.11877711613972981, ""0.001"": 0.1178434689839681, ""0.01"": 0.11724976698557535, ""0.1"": 0.11774112118615043, ""0.3"": 0.11543314986758761, ""1"": 0.11399409506056044, ""3"": 0.11151615778605142, ""10"": 0.1095941596561008, ""30"": 0.10967722866270277, ""45"": 0.10765777693854438, ""65"": 0.10743867688708834, ""90"": 0.10942021343443128}",0.1538043064860309,0.10743867055023626,0.12379290558145208,110736,0.18880839892110582,0.5690354410299822
chronos2,LOOP_SEATTLE_5T,0,Emb,block_depth,True,0.0,0.001,False,False,1e-05|0.0001|0.001|0.01|0.1|0.3|1|3|10|30|45|65|90,90.0,1e-05,13,0.01,1e-05,chronos2_quantile_loss (SUM over quantiles) = 2Q x mean pinball,0.2361271646287706,"{""1e-05"": 4.256940841674805, ""0.0001"": 4.264252185821533, ""0.001"": 4.250288963317871, ""0.01"": 4.264158725738525, ""0.1"": 4.253697395324707, ""0.3"": 4.254913806915283, ""1"": 4.296362400054932, ""3"": 4.305995941162109, ""10"": 4.320568561553955, ""30"": 4.370588779449463, ""45"": 4.348086833953857, ""65"": 4.509032249450684, ""90"": 4.676304340362549}","{""1e-05"": 0.236496713426378, ""0.0001"": 0.2369028992123074, ""0.001"": 0.2361271646287706, ""0.01"": 0.23689770698547363, ""0.1"": 0.2363165219624837, ""0.3"": 0.2363841003841824, ""1"": 0.23868680000305176, ""3"": 0.2392219967312283, ""10"": 0.2400315867529975, ""30"": 0.24281048774719238, ""45"": 0.24156037966410318, ""65"": 0.25050179163614905, ""90"": 0.2597946855756971}",0.26040466119624794,0.23612715357928785,0.19842918780241303,110736,0.23254077193391232,1.0154225928449003
chronos2,LOOP_SEATTLE_5T,1,L1,block_depth,True,0.08333333333333333,1e-05,False,True,1e-05|0.0001|0.001|0.01|0.1|0.3|1|3|10|30|45|65|90,90.0,1e-05,13,0.01,1.0000000000000001e-07,chronos2_quantile_loss (SUM over quantiles) = 2Q x mean pinball,0.22510989507039386,"{""1e-05"": 4.05197811126709, ""0.0001"": 4.065135955810547, ""0.001"": 4.063297271728516, ""0.01"": 4.062595367431641, ""0.1"": 4.079728603363037, ""0.3"": 4.071394443511963, ""1"": 4.162387847900391, ""3"": 4.234428882598877, ""10"": 4.296200275421143, ""30"": 4.341238021850586, ""45"": 4.345775127410889, ""65"": 4.347808837890625, ""90"": 4.341609477996826}","{""1e-05"": 0.22510989507039386, ""0.0001"": 0.22584088643391925, ""0.001"": 0.22573873731825086, ""0.01"": 0.22569974263509113, ""0.1"": 0.22665158907572427, ""0.3"": 0.22618858019510904, ""1"": 0.23124376932779947, ""3"": 0.23524604903327093, ""10"": 0.23867779307895234, ""30"": 0.24117989010281032, ""45"": 0.24143195152282715, ""65"": 0.24154493543836805, ""90"": 0.2412005265553792}",0.18918379062955057,0.22510990827479435,0.18012105107648682,110736,0.23254077193391232,0.9680448998370497
chronos2,LOOP_SEATTLE_5T,2,L2,block_depth,True,0.16666666666666666,0.001,False,False,1e-05|0.0001|0.001|0.01|0.1|0.3|1|3|10|30|45|65|90,90.0,1e-05,13,0.01,1e-05,chronos2_quantile_loss (SUM over quantiles) = 2Q x mean pinball,0.2149946689605713,"{""1e-05"": 3.881195068359375, ""0.0001"": 3.875220537185669, ""0.001"": 3.869904041290283, ""0.01"": 3.908078670501709, ""0.1"": 3.8837714195251465, ""0.3"": 3.8724632263183594, ""1"": 3.900991439819336, ""3"": 3.940976619720459, ""10"": 4.025779724121094, ""30"": 4.112160682678223, ""45"": 4.145493984222412, ""65"": 4.171331882476807, ""90"": 4.190146446228027}","{""1e-05"": 0.2156219482421875, ""0.0001"": 0.21529002984364826, ""0.001"": 0.2149946689605713, ""0.01"": 0.21711548169453937, ""0.1"": 0.21576507886250812, ""0.3"": 0.2151368459065755, ""1"": 0.21672174665662977, ""3"": 0.21894314554002547, ""10"": 0.22365442911783853, ""30"": 0.22845337125990126, ""45"": 0.23030522134568954, ""65"": 0.23174066013760036, ""90"": 0.23278591367933485}",0.174561016071839,0.21499466446747306,0.165856784593513,110736,0.23254077193391232,0.9245461029456553
chronos2,LOOP_SEATTLE_5T,3,L3,block_depth,True,0.25,45.0,False,False,1e-05|0.0001|0.001|0.01|0.1|0.3|1|3|10|30|45|65|90,90.0,1e-05,13,0.01,0.45,chronos2_quantile_loss (SUM over quantiles) = 2Q x mean pinball,0.20567691326141357,"{""1e-05"": 3.7457704544067383, ""0.0001"": 3.7485835552215576, ""0.001"": 3.761674642562866, ""0.01"": 3.7723779678344727, ""0.1"": 3.746858596801758, ""0.3"": 3.72648286819458, ""1"": 3.7221293449401855, ""3"": 3.710181713104248, ""10"": 3.7040443420410156, ""30"": 3.708745241165161, ""45"": 3.7021844387054443, ""65"": 3.7173871994018555, ""90"": 3.742607355117798}","{""1e-05"": 0.20809835857815212, ""0.0001"": 0.2082546419567532, ""0.001"": 0.20898192458682588, ""0.01"": 0.2095765537685818, ""0.1"": 0.20815881093343097, ""0.3"": 0.20702682601081, ""1"": 0.20678496360778809, ""3"": 0.20612120628356934, ""10"": 0.20578024122450086, ""30"": 0.2060414022869534, ""45"": 0.20567691326141357, ""65"": 0.20652151107788086, ""90"": 0.20792263083987764}",0.18003387240909435,0.20567690842706737,0.1683157733321645,110736,0.23254077193391232,0.8844767595659327
chronos2,LOOP_SEATTLE_5T,4,L4,block_depth,True,0.3333333333333333,1.0,False,False,1e-05|0.0001|0.001|0.01|0.1|0.3|1|3|10|30|45|65|90,90.0,1e-05,13,0.01,0.01,chronos2_quantile_loss (SUM over quantiles) = 2Q x mean pinball,0.2071321540408664,"{""1e-05"": 3.7453160285949707, ""0.0001"": 3.7607264518737793, ""0.001"": 3.7515454292297363, ""0.01"": 3.744415521621704, ""0.1"": 3.74992036819458, ""0.3"": 3.747609853744507, ""1"": 3.7283787727355957, ""3"": 3.7482120990753174, ""10"": 3.7662465572357178, ""30"": 3.777111053466797, ""45"": 3.7688939571380615, ""65"": 3.774470806121826, ""90"": 3.784050703048706}","{""1e-05"": 0.2080731126997206, ""0.0001"": 0.20892924732632107, ""0.001"": 0.20841919051276311, ""0.01"": 0.2080230845345391, ""0.1"": 0.20832890934414333, ""0.3"": 0.20820054743025038, ""1"": 0.2071321540408664, ""3"": 0.20823400550418428, ""10"": 0.20923591984642875, ""30"": 0.2098395029703776, ""45"": 0.20938299761878118, ""65"": 0.20969282256232366, ""90"": 0.21022503905826143}",0.1614110708033594,0.20713215722268774,0.1699491007580557,110736,0.23254077193391232,0.8907347967415983
chronos2,LOOP_SEATTLE_5T,5,L5,block_depth,True,0.4166666666666667,45.0,False,False,1e-05|0.0001|0.001|0.01|0.1|0.3|1|3|10|30|45|65|90,90.0,1e-05,13,0.01,0.45,chronos2_quantile_loss (SUM over quantiles) = 2Q x mean pinball,0.20529909928639728,"{""1e-05"": 3.7240381240844727, ""0.0001"": 3.718831777572632, ""0.001"": 3.718080520629883, ""0.01"": 3.721189498901367, ""0.1"": 3.7099878787994385, ""0.3"": 3.7049388885498047, ""1"": 3.705045461654663, ""3"": 3.7120840549468994, ""10"": 3.708674907684326, ""30"": 3.7088828086853027, ""45"": 3.6953837871551514, ""65"": 3.7026798725128174, ""90"": 3.704169750213623}","{""1e-05"": 0.2068910068935818, ""0.0001"": 0.20660176542070174, ""0.001"": 0.20656002892388237, ""0.01"": 0.20673274993896484, ""0.1"": 0.2061104377110799, ""0.3"": 0.2058299382527669, ""1"": 0.2058358589808146, ""3"": 0.2062268919414944, ""10"": 0.20603749487135145, ""30"": 0.20604904492696124, ""45"": 0.20529909928639728, ""65"": 0.20570443736182317, ""90"": 0.20578720834520126}",0.17248790347187043,0.20529910361835066,0.163287453225437,110736,0.23254077193391232,0.8828520775560869
chronos2,LOOP_SEATTLE_5T,6,L6,block_depth,True,0.5,90.0,True,False,1e-05|0.0001|0.001|0.01|0.1|0.3|1|3|10|30|45|65|90,90.0,1e-05,13,0.01,0.9,chronos2_quantile_loss (SUM over quantiles) = 2Q x mean pinball,0.19711648093329534,"{""1e-05"": 3.7259483337402344, ""0.0001"": 3.727299213409424, ""0.001"": 3.7242743968963623, ""0.01"": 3.727017641067505, ""0.1"": 3.716122627258301, ""0.3"": 3.709205150604248, ""1"": 3.67258358001709, ""3"": 3.6398167610168457, ""10"": 3.6112077236175537, ""30"": 3.582066297531128, ""45"": 3.572441816329956, ""65"": 3.560649871826172, ""90"": 3.5480966567993164}","{""1e-05"": 0.20699712965223524, ""0.0001"": 0.20707217852274576, ""0.001"": 0.206904133160909, ""0.01"": 0.20705653561486137, ""0.1"": 0.20645125706990558, ""0.3"": 0.2060669528113471, ""1"": 0.20403242111206055, ""3"": 0.20221204227871364, ""10"": 0.20062265131208631, ""30"": 0.19900368319617376, ""45"": 0.19846898979610866, ""65"": 0.19781388176812065, ""90"": 0.19711648093329534}",0.17721262756719053,0.19711647051891298,0.1596658464720231,110736,0.23254077193391232,0.84766412736831
chronos2,LOOP_SEATTLE_5T,7,L7,block_depth,True,0.5833333333333334,90.0,True,False,1e-05|0.0001|0.001|0.01|0.1|0.3|1|3|10|30|45|65|90,90.0,1e-05,13,0.01,0.9,chronos2_quantile_loss (SUM over quantiles) = 2Q x mean pinball,0.19215679168701172,"{""1e-05"": 3.6926333904266357, ""0.0001"": 3.6964163780212402, ""0.001"": 3.6931402683258057, ""0.01"": 3.6864311695098877, ""0.1"": 3.6783745288848877, ""0.3"": 3.6689107418060303, ""1"": 3.6390974521636963, ""3"": 3.6115288734436035, ""10"": 3.572775363922119, ""30"": 3.52878999710083, ""45"": 3.499094247817993, ""65"": 3.4710853099823, ""90"": 3.458822250366211}","{""1e-05"": 0.20514629946814641, ""0.0001"": 0.20535646544562444, ""0.001"": 0.20517445935143364, ""0.01"": 0.20480173163943818, ""0.1"": 0.20435414049360487, ""0.3"": 0.20382837454477945, ""1"": 0.2021720806757609, ""3"": 0.20064049296908906, ""10"": 0.1984875202178955, ""30"": 0.19604388872782388, ""45"": 0.19439412487877739, ""65"": 0.19283807277679443, ""90"": 0.19215679168701172}",0.17697409668688793,0.19215678995233457,0.15693764684309486,110736,0.23254077193391232,0.8263359081260175
chronos2,LOOP_SEATTLE_5T,8,L8,block_depth,True,0.6666666666666666,90.0,True,False,1e-05|0.0001|0.001|0.01|0.1|0.3|1|3|10|30|45|65|90,90.0,1e-05,13,0.01,0.9,chronos2_quantile_loss (SUM over quantiles) = 2Q x mean pinball,0.18385456668006048,"{""1e-05"": 3.669489860534668, ""0.0001"": 3.674081802368164, ""0.001"": 3.671461820602417, ""0.01"": 3.658317804336548, ""0.1"": 3.6471948623657227, ""0.3"": 3.626406669616699, ""1"": 3.5679173469543457, ""3"": 3.509650945663452, ""10"": 3.44067645072937, ""30"": 3.366485834121704, ""45"": 3.3391613960266113, ""65"": 3.3172571659088135, ""90"": 3.309382200241089}","{""1e-05"": 0.20386054780748153, ""0.0001"": 0.2041156556871202, ""0.001"": 0.2039701011445787, ""0.01"": 0.20323987801869708, ""0.1"": 0.2026219367980957, ""0.3"": 0.20146703720092773, ""1"": 0.19821763038635254, ""3"": 0.194980608092414, ""10"": 0.1911486917071872, ""30"": 0.1870269907845391, ""45"": 0.18550896644592285, ""65"": 0.18429206477271184, ""90"": 0.18385456668006048}",0.1746468349911775,0.18385456539406123,0.15399859804404145,110736,0.23254077193391232,0.7906336762583397
chronos2,LOOP_SEATTLE_5T,9,L9,block_depth,True,0.75,65.0,False,False,1e-05|0.0001|0.001|0.01|0.1|0.3|1|3|10|30|45|65|90,90.0,1e-05,13,0.01,0.65,chronos2_quantile_loss (SUM over quantiles) = 2Q x mean pinball,0.18098984824286565,"{""1e-05"": 3.5705246925354004, ""0.0001"": 3.5729920864105225, ""0.001"": 3.572242021560669, ""0.01"": 3.5702388286590576, ""0.1"": 3.5564610958099365, ""0.3"": 3.515465259552002, ""1"": 3.4513046741485596, ""3"": 3.3891546726226807, ""10"": 3.328662157058716, ""30"": 3.279048204421997, ""45"": 3.259312868118286, ""65"": 3.257817268371582, ""90"": 3.263561487197876}","{""1e-05"": 0.19836248291863334, ""0.0001"": 0.19849956035614014, ""0.001"": 0.1984578900867038, ""0.01"": 0.19834660159216985, ""0.1"": 0.19758117198944092, ""0.3"": 0.19530362553066677, ""1"": 0.19173914856380886, ""3"": 0.18828637070126003, ""10"": 0.18492567539215088, ""30"": 0.18216934469011095, ""45"": 0.18107293711768255, ""65"": 0.18098984824286565, ""90"": 0.1813089715109931}",0.17192327362916818,0.180989847440301,0.1594833704635842,110736,0.23254077193391232,0.7783144690503478
chronos2,LOOP_SEATTLE_5T,10,L10,block_depth,True,0.8333333333333334,90.0,True,False,1e-05|0.0001|0.001|0.01|0.1|0.3|1|3|10|30|45|65|90,90.0,1e-05,13,0.01,0.9,chronos2_quantile_loss (SUM over quantiles) = 2Q x mean pinball,0.18004131317138672,"{""1e-05"": 3.4939305782318115, ""0.0001"": 3.4908900260925293, ""0.001"": 3.4951210021972656, ""0.01"": 3.4804840087890625, ""0.1"": 3.4840173721313477, ""0.3"": 3.450038194656372, ""1"": 3.4032959938049316, ""3"": 3.3578670024871826, ""10"": 3.3137385845184326, ""30"": 3.2592318058013916, ""45"": 3.2516698837280273, ""65"": 3.2452218532562256, ""90"": 3.240743637084961}","{""1e-05"": 0.19410725434621173, ""0.0001"": 0.19393833478291828, ""0.001"": 0.19417338901095918, ""0.01"": 0.19336022271050346, ""0.1"": 0.19355652067396376, ""0.3"": 0.19166878859202066, ""1"": 0.18907199965582952, ""3"": 0.18654816680484346, ""10"": 0.1840965880288018, ""30"": 0.18106843365563285, ""45"": 0.1806483268737793, ""65"": 0.1802901029586792, ""90"": 0.18004131317138672}",0.1774299512623971,0.18004131328513603,0.1628471728243673,110736,0.23254077193391232,0.7742354675605165
chronos2,LOOP_SEATTLE_5T,11,L11,block_depth,True,0.9166666666666666,65.0,False,False,1e-05|0.0001|0.001|0.01|0.1|0.3|1|3|10|30|45|65|90,90.0,1e-05,13,0.01,0.65,chronos2_quantile_loss (SUM over quantiles) = 2Q x mean pinball,0.18237074216206867,"{""1e-05"": 3.562953472137451, ""0.0001"": 3.571514129638672, ""0.001"": 3.544801950454712, ""0.01"": 3.5389442443847656, ""0.1"": 3.5295565128326416, ""0.3"": 3.5114409923553467, ""1"": 3.464951992034912, ""3"": 3.4192450046539307, ""10"": 3.3798792362213135, ""30"": 3.303622007369995, ""45"": 3.2935781478881836, ""65"": 3.2826733589172363, ""90"": 3.28973388671875}","{""1e-05"": 0.1979418595631917, ""0.0001"": 0.19841745164659286, ""0.001"": 0.19693344169192842, ""0.01"": 0.19660801357693142, ""0.1"": 0.19608647293514675, ""0.3"": 0.19508005513085258, ""1"": 0.19249733289082843, ""3"": 0.18995805581410724, ""10"": 0.18777106867896184, ""30"": 0.1835345559649997, ""45"": 0.18297656377156574, ""65"": 0.18237074216206867, ""90"": 0.1827629937065972}",0.17805904687423701,0.1823707546128799,0.1663362175681209,110736,0.23254077193391232,0.784252813372054
chronos2,LOOP_SEATTLE_5T,12,L12,block_depth,True,1.0,65.0,False,False,1e-05|0.0001|0.001|0.01|0.1|0.3|1|3|10|30|45|65|90,90.0,1e-05,13,0.01,0.65,chronos2_quantile_loss (SUM over quantiles) = 2Q x mean pinball,0.1802596780988905,"{""1e-05"": 3.580503463745117, ""0.0001"": 3.5847268104553223, ""0.001"": 3.5998339653015137, ""0.01"": 3.5746254920959473, ""0.1"": 3.5624873638153076, ""0.3"": 3.537198066711426, ""1"": 3.4825727939605713, ""3"": 3.4206385612487793, ""10"": 3.3501853942871094, ""30"": 3.2716026306152344, ""45"": 3.261673927307129, ""65"": 3.2446742057800293, ""90"": 3.294295310974121}","{""1e-05"": 0.19891685909695095, ""0.0001"": 0.19915148946974012, ""0.001"": 0.19999077585008407, ""0.01"": 0.1985903051164415, ""0.1"": 0.19791596465640596, ""0.3"": 0.19651100370619032, ""1"": 0.19347626633114284, ""3"": 0.19003547562493217, ""10"": 0.1861214107937283, ""30"": 0.18175570170084634, ""45"": 0.18120410707261828, ""65"": 0.1802596780988905, ""90"": 0.18301640616522893}",0.18285831970722552,0.18025966321352785,0.1736602913730472,110736,0.23254077193391232,0.775174442375883
chronos2,LOOP_SEATTLE_5T,13,L12+LN,head_input_diagnostic,False,,45.0,False,False,1e-05|0.0001|0.001|0.01|0.1|0.3|1|3|10|30|45|65|90,90.0,1e-05,13,0.01,0.45,chronos2_quantile_loss (SUM over quantiles) = 2Q x mean pinball,0.18188012970818412,"{""1e-05"": 3.5880370140075684, ""0.0001"": 3.599656343460083, ""0.001"": 3.583120107650757, ""0.01"": 3.577909469604492, ""0.1"": 3.5670714378356934, ""0.3"": 3.5273447036743164, ""1"": 3.470285177230835, ""3"": 3.389821767807007, ""10"": 3.328402042388916, ""30"": 3.296215295791626, ""45"": 3.2738423347473145, ""65"": 3.2858612537384033, ""90"": 3.3288443088531494}","{""1e-05"": 0.1993353896670871, ""0.0001"": 0.1999809079700046, ""0.001"": 0.19906222820281982, ""0.01"": 0.19877274831136066, ""0.1"": 0.1981706354353163, ""0.3"": 0.19596359464857313, ""1"": 0.1927936209572686, ""3"": 0.1883234315448337, ""10"": 0.184911224577162, ""30"": 0.18312307198842365, ""45"": 0.18188012970818412, ""65"": 0.1825478474299113, ""90"": 0.18493579493628606}",0.17749739749359777,0.18188013254401794,0.16895810264439984,110736,0.23254077193391232,0.7821429809122159
chronos2,electricity_15min,0,Emb,block_depth,True,0.0,0.01,False,False,1e-05|0.0001|0.001|0.01|0.1|0.3|1|3|10|30|45|65|90,90.0,1e-05,13,0.01,0.0001,chronos2_quantile_loss (SUM over quantiles) = 2Q x mean pinball,0.28593169318305117,"{""1e-05"": 5.150057792663574, ""0.0001"": 5.164464950561523, ""0.001"": 5.156740665435791, ""0.01"": 5.146770477294922, ""0.1"": 5.157248020172119, ""0.3"": 5.176008701324463, ""1"": 5.180887699127197, ""3"": 5.178527355194092, ""10"": 5.226382732391357, ""30"": 5.408897399902344, ""45"": 5.360654354095459, ""65"": 5.6239142417907715, ""90"": 5.522255897521973}","{""1e-05"": 0.28611432181464297, ""0.0001"": 0.2869147194756402, ""0.001"": 0.2864855925242106, ""0.01"": 0.28593169318305117, ""0.1"": 0.28651377889845103, ""0.3"": 0.2875560389624701, ""1"": 0.2878270943959554, ""3"": 0.2876959641774495, ""10"": 0.29035459624396426, ""30"": 0.3004942999945746, ""45"": 0.29781413078308105, ""65"": 0.3124396800994873, ""90"": 0.30679199430677623}",0.26882651500628363,0.2859317094428849,0.27308198331876565,110736,0.28551934460419737,1.0014442623467743
chronos2,electricity_15min,1,L1,block_depth,True,0.08333333333333333,0.1,False,False,1e-05|0.0001|0.001|0.01|0.1|0.3|1|3|10|30|45|65|90,90.0,1e-05,13,0.01,0.001,chronos2_quantile_loss (SUM over quantiles) = 2Q x mean pinball,0.1702739530139499,"{""1e-05"": 3.101978302001953, ""0.0001"": 3.1024677753448486, ""0.001"": 3.0930991172790527, ""0.01"": 3.090057134628296, ""0.1"": 3.0649311542510986, ""0.3"": 3.082859754562378, ""1"": 3.1161229610443115, ""3"": 3.144150972366333, ""10"": 3.239832878112793, ""30"": 3.500540018081665, ""45"": 3.6248462200164795, ""65"": 3.746811628341675, ""90"": 3.937065839767456}","{""1e-05"": 0.17233212788899738, ""0.0001"": 0.1723593208524916, ""0.001"": 0.17183883984883624, ""0.01"": 0.1716698408126831, ""0.1"": 0.1702739530139499, ""0.3"": 0.17126998636457655, ""1"": 0.17311794228023952, ""3"": 0.17467505402035183, ""10"": 0.17999071545071071, ""30"": 0.19447444544898138, ""45"": 0.20138034555647108, ""65"": 0.20815620157453749, ""90"": 0.21872587998708087}",0.1571803846512754,0.17027396262260794,0.18456167559928566,110736,0.28551934460419737,0.5963657658946054
chronos2,electricity_15min,2,L2,block_depth,True,0.16666666666666666,1.0,False,False,1e-05|0.0001|0.001|0.01|0.1|0.3|1|3|10|30|45|65|90,90.0,1e-05,13,0.01,0.01,chronos2_quantile_loss (SUM over quantiles) = 2Q x mean pinball,0.11919928921593559,"{""1e-05"": 2.1768798828125, ""0.0001"": 2.1935458183288574, ""0.001"": 2.1954381465911865, ""0.01"": 2.1961796283721924, ""0.1"": 2.187664031982422, ""0.3"": 2.168208599090576, ""1"": 2.145587205886841, ""3"": 2.171147346496582, ""10"": 2.1921746730804443, ""30"": 2.2981326580047607, ""45"": 2.3634579181671143, ""65"": 2.4603381156921387, ""90"": 2.6550562381744385}","{""1e-05"": 0.1209377712673611, ""0.0001"": 0.1218636565738254, ""0.001"": 0.12196878592173258, ""0.01"": 0.12200997935401069, ""0.1"": 0.1215368906656901, ""0.3"": 0.12045603328280978, ""1"": 0.11919928921593559, ""3"": 0.12061929702758789, ""10"": 0.12178748183780246, ""30"": 0.12767403655582005, ""45"": 0.1313032176759508, ""65"": 0.13668545087178546, ""90"": 0.14750312434302434}",0.11968529744707102,0.11919929189536407,0.15860741818679197,110736,0.28551934460419737,0.4174823673002076
chronos2,electricity_15min,3,L3,block_depth,True,0.25,3.0,False,False,1e-05|0.0001|0.001|0.01|0.1|0.3|1|3|10|30|45|65|90,90.0,1e-05,13,0.01,0.03,chronos2_quantile_loss (SUM over quantiles) = 2Q x mean pinball,0.11390478081173366,"{""1e-05"": 2.082202196121216, ""0.0001"": 2.109625816345215, ""0.001"": 2.1040971279144287, ""0.01"": 2.0938785076141357, ""0.1"": 2.081681728363037, ""0.3"": 2.061704635620117, ""1"": 2.0697011947631836, ""3"": 2.050286054611206, ""10"": 2.0766448974609375, ""30"": 2.152777910232544, ""45"": 2.1822190284729004, ""65"": 2.255279779434204, ""90"": 2.331108808517456}","{""1e-05"": 0.11567789978451198, ""0.0001"": 0.11720143424140082, ""0.001"": 0.11689428488413492, ""0.01"": 0.11632658375634086, ""0.1"": 0.11564898490905762, ""0.3"": 0.11453914642333984, ""1"": 0.11498339970906575, ""3"": 0.11390478081173366, ""10"": 0.11536916097005208, ""30"": 0.11959877279069688, ""45"": 0.12123439047071669, ""65"": 0.125293321079678, ""90"": 0.12950604491763645}",0.11286890435124744,0.11390477733132039,0.1521906481899378,110736,0.28551934460419737,0.3989389142414202
chronos2,electricity_15min,4,L4,block_depth,True,0.3333333333333333,3.0,False,False,1e-05|0.0001|0.001|0.01|0.1|0.3|1|3|10|30|45|65|90,90.0,1e-05,13,0.01,0.03,chronos2_quantile_loss (SUM over quantiles) = 2Q x mean pinball,0.1167851554022895,"{""1e-05"": 2.1462855339050293, ""0.0001"": 2.148646593093872, ""0.001"": 2.1509857177734375, ""0.01"": 2.1486806869506836, ""0.1"": 2.139417886734009, ""0.3"": 2.119729995727539, ""1"": 2.1205880641937256, ""3"": 2.102132797241211, ""10"": 2.1322710514068604, ""30"": 2.2031984329223633, ""45"": 2.2486865520477295, ""65"": 2.2569284439086914, ""90"": 2.517763137817383}","{""1e-05"": 0.11923808521694607, ""0.0001"": 0.11936925517188178, ""0.001"": 0.11949920654296875, ""0.01"": 0.11937114927503797, ""0.1"": 0.11885654926300049, ""0.3"": 0.11776277754041883, ""1"": 0.11781044801076253, ""3"": 0.1167851554022895, ""10"": 0.11845950285593668, ""30"": 0.12239991294013129, ""45"": 0.1249270306693183, ""65"": 0.12538491355048284, ""90"": 0.13987572987874347}",0.11205218734227687,0.11678514532915509,0.1504146782894626,110736,0.28551934460419737,0.4090270853312902
chronos2,electricity_15min,5,L5,block_depth,True,0.4166666666666667,3.0,False,False,1e-05|0.0001|0.001|0.01|0.1|0.3|1|3|10|30|45|65|90,90.0,1e-05,13,0.01,0.03,chronos2_quantile_loss (SUM over quantiles) = 2Q x mean pinball,0.11548195944892035,"{""1e-05"": 2.0858123302459717, ""0.0001"": 2.1098692417144775, ""0.001"": 2.095125913619995, ""0.01"": 2.0967140197753906, ""0.1"": 2.0886754989624023, ""0.3"": 2.0895330905914307, ""1"": 2.0822219848632812, ""3"": 2.0786752700805664, ""10"": 2.116511821746826, ""30"": 2.1762771606445312, ""45"": 2.2238762378692627, ""65"": 2.2440202236175537, ""90"": 2.466972589492798}","{""1e-05"": 0.11587846279144287, ""0.0001"": 0.11721495787302652, ""0.001"": 0.11639588408999972, ""0.01"": 0.11648411220974392, ""0.1"": 0.11603752772013345, ""0.3"": 0.11608517169952393, ""1"": 0.11567899915907118, ""3"": 0.11548195944892035, ""10"": 0.1175839900970459, ""30"": 0.12090428670247395, ""45"": 0.1235486798816257, ""65"": 0.1246677902009752, ""90"": 0.13705403274959987}",0.10847630689837241,0.11548195861791836,0.14879764717441935,110736,0.28551934460419737,0.4044628176700455
chronos2,electricity_15min,6,L6,block_depth,True,0.5,1.0,False,False,1e-05|0.0001|0.001|0.01|0.1|0.3|1|3|10|30|45|65|90,90.0,1e-05,13,0.01,0.01,chronos2_quantile_loss (SUM over quantiles) = 2Q x mean pinball,0.11493872271643744,"{""1e-05"": 2.0872833728790283, ""0.0001"": 2.1188607215881348, ""0.001"": 2.0966663360595703, ""0.01"": 2.1175732612609863, ""0.1"": 2.1048648357391357, ""0.3"": 2.0939817428588867, ""1"": 2.068897008895874, ""3"": 2.0842392444610596, ""10"": 2.0910656452178955, ""30"": 2.1574759483337402, ""45"": 2.2107391357421875, ""65"": 2.244623899459839, ""90"": 2.492178440093994}","{""1e-05"": 0.11596018738216823, ""0.0001"": 0.11771448453267415, ""0.001"": 0.11648146311442056, ""0.01"": 0.11764295895894368, ""0.1"": 0.11693693531884086, ""0.3"": 0.11633231904771592, ""1"": 0.11493872271643744, ""3"": 0.11579106913672553, ""10"": 0.1161703136232164, ""30"": 0.11985977490743001, ""45"": 0.12281884087456596, ""65"": 0.12470132774776882, ""90"": 0.13845435778299967}",0.10466539081041748,0.1149387267766563,0.1509359432028905,110736,0.28551934460419737,0.4025602080867434
chronos2,electricity_15min,7,L7,block_depth,True,0.5833333333333334,0.3,False,False,1e-05|0.0001|0.001|0.01|0.1|0.3|1|3|10|30|45|65|90,90.0,1e-05,13,0.01,0.003,chronos2_quantile_loss (SUM over quantiles) = 2Q x mean pinball,0.11662415663401285,"{""1e-05"": 2.1447877883911133, ""0.0001"": 2.1271231174468994, ""0.001"": 2.135141134262085, ""0.01"": 2.1269824504852295, ""0.1"": 2.1371712684631348, ""0.3"": 2.0992348194122314, ""1"": 2.1229403018951416, ""3"": 2.1030492782592773, ""10"": 2.14408802986145, ""30"": 2.212609052658081, ""45"": 2.273045301437378, ""65"": 2.298182487487793, ""90"": 2.544435977935791}","{""1e-05"": 0.11915487713283962, ""0.0001"": 0.11817350652482773, ""0.001"": 0.11861895190344916, ""0.01"": 0.11816569169362386, ""0.1"": 0.11873173713684082, ""0.3"": 0.11662415663401285, ""1"": 0.11794112788306342, ""3"": 0.1168360710144043, ""10"": 0.11911600165896945, ""30"": 0.12292272514767116, ""45"": 0.12628029452429876, ""65"": 0.12767680486043292, ""90"": 0.14135755432976616}",0.10324959168972253,0.11662415133519027,0.15988376809156124,110736,0.28551934460419737,0.40846322163165893
chronos2,electricity_15min,8,L8,block_depth,True,0.6666666666666666,3.0,False,False,1e-05|0.0001|0.001|0.01|0.1|0.3|1|3|10|30|45|65|90,90.0,1e-05,13,0.01,0.03,chronos2_quantile_loss (SUM over quantiles) = 2Q x mean pinball,0.11615508132510714,"{""1e-05"": 2.191274881362915, ""0.0001"": 2.1986477375030518, ""0.001"": 2.2021942138671875, ""0.01"": 2.1926417350769043, ""0.1"": 2.181367874145508, ""0.3"": 2.1607255935668945, ""1"": 2.140390157699585, ""3"": 2.0907914638519287, ""10"": 2.1620898246765137, ""30"": 2.157909870147705, ""45"": 2.2169902324676514, ""65"": 2.237727403640747, ""90"": 2.4275474548339844}","{""1e-05"": 0.12173749340905082, ""0.0001"": 0.12214709652794731, ""0.001"": 0.12234412299262153, ""0.01"": 0.12181342972649467, ""0.1"": 0.12118710411919487, ""0.3"": 0.12004031075371635, ""1"": 0.1189105643166436, ""3"": 0.11615508132510714, ""10"": 0.12011610137091742, ""30"": 0.1198838816748725, ""45"": 0.12316612402598062, ""65"": 0.12431818909115261, ""90"": 0.1348637474907769}",0.10408268725149429,0.11615509050720521,0.1604076392294569,110736,0.28551934460419737,0.4068203878382594
chronos2,electricity_15min,9,L9,block_depth,True,0.75,10.0,False,False,1e-05|0.0001|0.001|0.01|0.1|0.3|1|3|10|30|45|65|90,90.0,1e-05,13,0.01,0.1,chronos2_quantile_loss (SUM over quantiles) = 2Q x mean pinball,0.11250166098276773,"{""1e-05"": 2.118572473526001, ""0.0001"": 2.132275104522705, ""0.001"": 2.1080493927001953, ""0.01"": 2.1339657306671143, ""0.1"": 2.1077566146850586, ""0.3"": 2.1013271808624268, ""1"": 2.0728538036346436, ""3"": 2.0427911281585693, ""10"": 2.0250298976898193, ""30"": 2.059682607650757, ""45"": 2.079711437225342, ""65"": 2.131321668624878, ""90"": 2.305480480194092}","{""1e-05"": 0.11769847075144449, ""0.0001"": 0.11845972802903916, ""0.001"": 0.11711385515001084, ""0.01"": 0.11855365170372856, ""0.1"": 0.11709758970472547, ""0.3"": 0.11674039893680148, ""1"": 0.11515854464636908, ""3"": 0.1134883960088094, ""10"": 0.11250166098276773, ""30"": 0.11442681153615315, ""45"": 0.11553952429029676, ""65"": 0.11840675936804877, ""90"": 0.12808224889967176}",0.10501767725415175,0.11250167150931958,0.1637011545760031,110736,0.28551934460419737,0.39402469091989406
chronos2,electricity_15min,10,L10,block_depth,True,0.8333333333333334,10.0,False,False,1e-05|0.0001|0.001|0.01|0.1|0.3|1|3|10|30|45|65|90,90.0,1e-05,13,0.01,0.1,chronos2_quantile_loss (SUM over quantiles) = 2Q x mean pinball,0.10787079731623331,"{""1e-05"": 2.049596071243286, ""0.0001"": 2.061678171157837, ""0.001"": 2.04972243309021, ""0.01"": 2.0851082801818848, ""0.1"": 2.0388998985290527, ""0.3"": 2.022519111633301, ""1"": 2.003324270248413, ""3"": 1.9716957807540894, ""10"": 1.9416743516921997, ""30"": 1.9852575063705444, ""45"": 1.9939807653427124, ""65"": 2.0385303497314453, ""90"": 2.219085216522217}","{""1e-05"": 0.11386644840240479, ""0.0001"": 0.11453767617543538, ""0.001"": 0.11387346850501166, ""0.01"": 0.1158393488989936, ""0.1"": 0.11327221658494736, ""0.3"": 0.1123621728685167, ""1"": 0.1112957927915785, ""3"": 0.10953865448633829, ""10"": 0.10787079731623331, ""30"": 0.11029208368725246, ""45"": 0.11077670918570624, ""65"": 0.1132516860961914, ""90"": 0.12328251202901204}",0.10288298659432824,0.10787079314068529,0.16336293676370428,110736,0.28551934460419737,0.37780555040927866
chronos2,electricity_15min,11,L11,block_depth,True,0.9166666666666666,10.0,False,False,1e-05|0.0001|0.001|0.01|0.1|0.3|1|3|10|30|45|65|90,90.0,1e-05,13,0.01,0.1,chronos2_quantile_loss (SUM over quantiles) = 2Q x mean pinball,0.10646812783347236,"{""1e-05"": 2.046797275543213, ""0.0001"": 2.0417842864990234, ""0.001"": 2.0261518955230713, ""0.01"": 2.0405678749084473, ""0.1"": 2.0464415550231934, ""0.3"": 1.9982428550720215, ""1"": 1.9750338792800903, ""3"": 1.9394115209579468, ""10"": 1.9164263010025024, ""30"": 1.9315866231918335, ""45"": 1.9394762516021729, ""65"": 1.9623690843582153, ""90"": 2.2052760124206543}","{""1e-05"": 0.11371095975240071, ""0.0001"": 0.11343246036105685, ""0.001"": 0.11256399419572617, ""0.01"": 0.11336488193935818, ""0.1"": 0.11369119750128852, ""0.3"": 0.11101349194844563, ""1"": 0.10972410440444946, ""3"": 0.1077450844976637, ""10"": 0.10646812783347236, ""30"": 0.10731036795510185, ""45"": 0.10774868064456515, ""65"": 0.10902050468656752, ""90"": 0.12251533402336967}",0.10554165057196593,0.10646812491232657,0.16629459332134433,110736,0.28551934460419737,0.3728928597111994
chronos2,electricity_15min,12,L12,block_depth,True,1.0,3.0,False,False,1e-05|0.0001|0.001|0.01|0.1|0.3|1|3|10|30|45|65|90,90.0,1e-05,13,0.01,0.03,chronos2_quantile_loss (SUM over quantiles) = 2Q x mean pinball,0.10523015260696411,"{""1e-05"": 1.9967126846313477, ""0.0001"": 2.006732225418091, ""0.001"": 1.9814255237579346, ""0.01"": 1.9646352529525757, ""0.1"": 1.9586567878723145, ""0.3"": 2.000359058380127, ""1"": 1.944686770439148, ""3"": 1.894142746925354, ""10"": 1.8963751792907715, ""30"": 1.9057389497756958, ""45"": 1.9736137390136719, ""65"": 1.9728882312774658, ""90"": 2.1476240158081055}","{""1e-05"": 0.11092848247951931, ""0.0001"": 0.11148512363433838, ""0.001"": 0.11007919576432969, ""0.01"": 0.10914640294180976, ""0.1"": 0.10881426599290635, ""0.3"": 0.11113105879889594, ""1"": 0.10803815391328599, ""3"": 0.10523015260696411, ""10"": 0.10535417662726508, ""30"": 0.10587438609864976, ""45"": 0.10964520772298177, ""65"": 0.10960490173763698, ""90"": 0.11931244532267252}",0.10412893707528603,0.10523015394351865,0.16506420983044245,110736,0.28551934460419737,0.36855700299184446
chronos2,electricity_15min,13,L12+LN,head_input_diagnostic,False,,30.0,False,False,1e-05|0.0001|0.001|0.01|0.1|0.3|1|3|10|30|45|65|90,90.0,1e-05,13,0.01,0.3,chronos2_quantile_loss (SUM over quantiles) = 2Q x mean pinball,0.09841133488549125,"{""1e-05"": 1.9316868782043457, ""0.0001"": 1.932544231414795, ""0.001"": 1.949002742767334, ""0.01"": 1.9194799661636353, ""0.1"": 1.9372905492782593, ""0.3"": 1.8841160535812378, ""1"": 1.8511539697647095, ""3"": 1.8059443235397339, ""10"": 1.8244507312774658, ""30"": 1.7714040279388428, ""45"": 1.8479318618774414, ""65"": 1.8233110904693604, ""90"": 1.9838026762008667}","{""1e-05"": 0.1073159376780192, ""0.0001"": 0.10736356841193305, ""0.001"": 0.10827793015374076, ""0.01"": 0.10663777589797974, ""0.1"": 0.10762725273768106, ""0.3"": 0.10467311408784653, ""1"": 0.10284188720915052, ""3"": 0.10033024019665188, ""10"": 0.10135837395985921, ""30"": 0.09841133488549125, ""45"": 0.1026628812154134, ""65"": 0.10129506058163112, ""90"": 0.11021125978893703}",0.10244934663171192,0.09841133322822683,0.1599371440296296,110736,0.28551934460419737,0.34467483583170183
chronos2,SZ_TAXI_15T,0,Emb,block_depth,True,0.0,0.1,False,False,1e-05|0.0001|0.001|0.01|0.1|0.3|1|3|10|30|45|65|90,90.0,1e-05,13,0.01,0.001,chronos2_quantile_loss (SUM over quantiles) = 2Q x mean pinball,0.23859953880310059,"{""1e-05"": 4.294837474822998, ""0.0001"": 4.2989935874938965, ""0.001"": 4.297189712524414, ""0.01"": 4.297722339630127, ""0.1"": 4.2947916984558105, ""0.3"": 4.3040924072265625, ""1"": 4.314347743988037, ""3"": 4.332679748535156, ""10"": 4.361184120178223, ""30"": 4.410348892211914, ""45"": 4.492374420166016, ""65"": 4.484524250030518, ""90"": 4.623955249786377}","{""1e-05"": 0.238602081934611, ""0.0001"": 0.23883297708299422, ""0.001"": 0.2387327618069119, ""0.01"": 0.23876235220167372, ""0.1"": 0.23859953880310059, ""0.3"": 0.23911624484592012, ""1"": 0.23968598577711317, ""3"": 0.24070443047417533, ""10"": 0.2422880066765679, ""30"": 0.2450193829006619, ""45"": 0.24957635667588973, ""65"": 0.24914023611280653, ""90"": 0.2568864027659098}",0.23826646586743797,0.23859952906003365,0.25558068660589367,110736,0.23769737684573883,1.0037953814479001
chronos2,SZ_TAXI_15T,1,L1,block_depth,True,0.08333333333333333,45.0,False,False,1e-05|0.0001|0.001|0.01|0.1|0.3|1|3|10|30|45|65|90,90.0,1e-05,13,0.01,0.45,chronos2_quantile_loss (SUM over quantiles) = 2Q x mean pinball,0.23316383361816406,"{""1e-05"": 4.283012866973877, ""0.0001"": 4.274856090545654, ""0.001"": 4.28474235534668, ""0.01"": 4.282251358032227, ""0.1"": 4.268433570861816, ""0.3"": 4.267799377441406, ""1"": 4.235962867736816, ""3"": 4.221506595611572, ""10"": 4.206019401550293, ""30"": 4.200484275817871, ""45"": 4.196949005126953, ""65"": 4.211310386657715, ""90"": 4.22936487197876}","{""1e-05"": 0.23794515927632648, ""0.0001"": 0.23749200503031412, ""0.001"": 0.2380412419637044, ""0.01"": 0.23790285322401258, ""0.1"": 0.237135198381212, ""0.3"": 0.23709996541341144, ""1"": 0.23533127042982313, ""3"": 0.23452814420064289, ""10"": 0.23366774453057182, ""30"": 0.23336023754543728, ""45"": 0.23316383361816406, ""65"": 0.2339616881476508, ""90"": 0.23496471510993108}",0.2208873015939334,0.2331638466566801,0.24847200899743116,110736,0.23769737684573883,0.9809273023992987
chronos2,SZ_TAXI_15T,2,L2,block_depth,True,0.16666666666666666,30.0,False,False,1e-05|0.0001|0.001|0.01|0.1|0.3|1|3|10|30|45|65|90,90.0,1e-05,13,0.01,0.3,chronos2_quantile_loss (SUM over quantiles) = 2Q x mean pinball,0.22772370444403753,"{""1e-05"": 4.222884178161621, ""0.0001"": 4.228144645690918, ""0.001"": 4.22819709777832, ""0.01"": 4.216121673583984, ""0.1"": 4.212825298309326, ""0.3"": 4.186517238616943, ""1"": 4.144749164581299, ""3"": 4.126455307006836, ""10"": 4.104170799255371, ""30"": 4.099026679992676, ""45"": 4.103308200836182, ""65"": 4.112702369689941, ""90"": 4.140437126159668}","{""1e-05"": 0.2346046765645345, ""0.0001"": 0.23489692476060653, ""0.001"": 0.23489983876546222, ""0.01"": 0.2342289818657769, ""0.1"": 0.23404584990607366, ""0.3"": 0.2325842910342746, ""1"": 0.2302638424767388, ""3"": 0.22924751705593532, ""10"": 0.2280094888475206, ""30"": 0.22772370444403753, ""45"": 0.22796156671312118, ""65"": 0.2284834649827745, ""90"": 0.23002428478664821}",0.2106043345146576,0.2277236934273671,0.24542901187370986,110736,0.23769737684573883,0.9580404144516729
chronos2,SZ_TAXI_15T,3,L3,block_depth,True,0.25,30.0,False,False,1e-05|0.0001|0.001|0.01|0.1|0.3|1|3|10|30|45|65|90,90.0,1e-05,13,0.01,0.3,chronos2_quantile_loss (SUM over quantiles) = 2Q x mean pinball,0.2246031231350369,"{""1e-05"": 4.2067341804504395, ""0.0001"": 4.19672155380249, ""0.001"": 4.204012393951416, ""0.01"": 4.199560165405273, ""0.1"": 4.186885833740234, ""0.3"": 4.162593364715576, ""1"": 4.113824844360352, ""3"": 4.080379486083984, ""10"": 4.050793647766113, ""30"": 4.042856216430664, ""45"": 4.050277233123779, ""65"": 4.05410623550415, ""90"": 4.072670936584473}","{""1e-05"": 0.23370745446946883, ""0.0001"": 0.23315119743347168, ""0.001"": 0.233556244108412, ""0.01"": 0.23330889807807073, ""0.1"": 0.2326047685411241, ""0.3"": 0.2312551869286431, ""1"": 0.2285458246866862, ""3"": 0.226687749226888, ""10"": 0.22504409154256183, ""30"": 0.2246031231350369, ""45"": 0.22501540184020996, ""65"": 0.225228124194675, ""90"": 0.22625949647691512}",0.20567234973536758,0.22460311813614306,0.2419946744846992,110736,0.23769737684573883,0.9449120605226801
chronos2,SZ_TAXI_15T,4,L4,block_depth,True,0.3333333333333333,45.0,False,False,1e-05|0.0001|0.001|0.01|0.1|0.3|1|3|10|30|45|65|90,90.0,1e-05,13,0.01,0.45,chronos2_quantile_loss (SUM over quantiles) = 2Q x mean pinball,0.22341079182094997,"{""1e-05"": 4.246905326843262, ""0.0001"": 4.243710517883301, ""0.001"": 4.240606307983398, ""0.01"": 4.236750602722168, ""0.1"": 4.215721130371094, ""0.3"": 4.184739112854004, ""1"": 4.127706527709961, ""3"": 4.071159362792969, ""10"": 4.0363240242004395, ""30"": 4.024391174316406, ""45"": 4.0213942527771, ""65"": 4.027172565460205, ""90"": 4.041926383972168}","{""1e-05"": 0.23593918482462564, ""0.0001"": 0.23576169543796113, ""0.001"": 0.23558923933241102, ""0.01"": 0.23537503348456487, ""0.1"": 0.23420672946506074, ""0.3"": 0.23248550626966688, ""1"": 0.22931702931722003, ""3"": 0.22617552015516493, ""10"": 0.22424022356669107, ""30"": 0.22357728746202254, ""45"": 0.22341079182094997, ""65"": 0.2237318091922336, ""90"": 0.22455146577623153}",0.20451758416313437,0.22341079408159623,0.23991010767909196,110736,0.23769737684573883,0.9398959174319609
chronos2,SZ_TAXI_15T,5,L5,block_depth,True,0.4166666666666667,65.0,False,False,1e-05|0.0001|0.001|0.01|0.1|0.3|1|3|10|30|45|65|90,90.0,1e-05,13,0.01,0.65,chronos2_quantile_loss (SUM over quantiles) = 2Q x mean pinball,0.22311456998189289,"{""1e-05"": 4.315280437469482, ""0.0001"": 4.308537483215332, ""0.001"": 4.309526443481445, ""0.01"": 4.306547164916992, ""0.1"": 4.280454158782959, ""0.3"": 4.244472503662109, ""1"": 4.170695781707764, ""3"": 4.099369049072266, ""10"": 4.045022010803223, ""30"": 4.01976203918457, ""45"": 4.023800849914551, ""65"": 4.016062259674072, ""90"": 4.029256343841553}","{""1e-05"": 0.2397378020816379, ""0.0001"": 0.2393631935119629, ""0.001"": 0.23941813574896917, ""0.01"": 0.2392526202731662, ""0.1"": 0.23780300882127547, ""0.3"": 0.2358040279812283, ""1"": 0.23170532120598686, ""3"": 0.22774272494845918, ""10"": 0.22472344504462347, ""30"": 0.22332011328803167, ""45"": 0.22354449166191948, ""65"": 0.22311456998189289, ""90"": 0.22384757465786403}",0.20425165684324512,0.2231145729430211,0.24087261628264037,110736,0.23769737684573883,0.9386497062094981
chronos2,SZ_TAXI_15T,6,L6,block_depth,True,0.5,65.0,False,False,1e-05|0.0001|0.001|0.01|0.1|0.3|1|3|10|30|45|65|90,90.0,1e-05,13,0.01,0.65,chronos2_quantile_loss (SUM over quantiles) = 2Q x mean pinball,0.22285909122890896,"{""1e-05"": 4.327928066253662, ""0.0001"": 4.324313163757324, ""0.001"": 4.322129726409912, ""0.01"": 4.320983409881592, ""0.1"": 4.299863815307617, ""0.3"": 4.250370979309082, ""1"": 4.166282653808594, ""3"": 4.091427803039551, ""10"": 4.042906284332275, ""30"": 4.016750335693359, ""45"": 4.013255596160889, ""65"": 4.011463642120361, ""90"": 4.013164043426514}","{""1e-05"": 0.24044044812520343, ""0.0001"": 0.24023962020874023, ""0.001"": 0.24011831813388398, ""0.01"": 0.24005463388231063, ""0.1"": 0.2388813230726454, ""0.3"": 0.23613172107272676, ""1"": 0.23146014743381074, ""3"": 0.22730154461330837, ""10"": 0.2246059046851264, ""30"": 0.22315279642740884, ""45"": 0.22295864423116046, ""65"": 0.22285909122890896, ""90"": 0.22295355796813965}",0.20262787245491912,0.22285909095826822,0.24012488804948637,110736,0.23769737684573883,0.9375748858301437
chronos2,SZ_TAXI_15T,7,L7,block_depth,True,0.5833333333333334,65.0,False,False,1e-05|0.0001|0.001|0.01|0.1|0.3|1|3|10|30|45|65|90,90.0,1e-05,13,0.01,0.65,chronos2_quantile_loss (SUM over quantiles) = 2Q x mean pinball,0.22276144557529023,"{""1e-05"": 4.317488670349121, ""0.0001"": 4.317924976348877, ""0.001"": 4.313741207122803, ""0.01"": 4.314367294311523, ""0.1"": 4.292028903961182, ""0.3"": 4.2523393630981445, ""1"": 4.175786018371582, ""3"": 4.098772048950195, ""10"": 4.04509973526001, ""30"": 4.017602443695068, ""45"": 4.0125508308410645, ""65"": 4.009706020355225, ""90"": 4.01966667175293}","{""1e-05"": 0.23986048168606228, ""0.0001"": 0.23988472090827093, ""0.001"": 0.23965228928460014, ""0.01"": 0.23968707190619573, ""0.1"": 0.23844605022006563, ""0.3"": 0.2362410757276747, ""1"": 0.23198811213175455, ""3"": 0.22770955827501083, ""10"": 0.22472776307000053, ""30"": 0.2232001357608371, ""45"": 0.22291949060228133, ""65"": 0.22276144557529023, ""90"": 0.22331481509738496}",0.20194840988670737,0.22276146676486883,0.2397224854391355,110736,0.23769737684573883,0.937164177917861
chronos2,SZ_TAXI_15T,8,L8,block_depth,True,0.6666666666666666,65.0,False,False,1e-05|0.0001|0.001|0.01|0.1|0.3|1|3|10|30|45|65|90,90.0,1e-05,13,0.01,0.65,chronos2_quantile_loss (SUM over quantiles) = 2Q x mean pinball,0.22313104735480413,"{""1e-05"": 4.379305362701416, ""0.0001"": 4.376767635345459, ""0.001"": 4.37932014465332, ""0.01"": 4.376153469085693, ""0.1"": 4.349732875823975, ""0.3"": 4.308152675628662, ""1"": 4.229981899261475, ""3"": 4.145953178405762, ""10"": 4.073628902435303, ""30"": 4.032177448272705, ""45"": 4.018496990203857, ""65"": 4.016358852386475, ""90"": 4.021904945373535}","{""1e-05"": 0.24329474237230087, ""0.0001"": 0.24315375751919216, ""0.001"": 0.24329556359185112, ""0.01"": 0.2431196371714274, ""0.1"": 0.24165182643466523, ""0.3"": 0.23934181531270343, ""1"": 0.23499899440341523, ""3"": 0.2303307321336534, ""10"": 0.22631271680196124, ""30"": 0.2240098582373725, ""45"": 0.22324983278910318, ""65"": 0.22313104735480413, ""90"": 0.22343916363186306}",0.20130696603320164,0.22313105486906493,0.24057629971932143,110736,0.23769737684573883,0.9387190461671473
chronos2,SZ_TAXI_15T,9,L9,block_depth,True,0.75,65.0,False,False,1e-05|0.0001|0.001|0.01|0.1|0.3|1|3|10|30|45|65|90,90.0,1e-05,13,0.01,0.65,chronos2_quantile_loss (SUM over quantiles) = 2Q x mean pinball,0.22277731365627712,"{""1e-05"": 4.4352827072143555, ""0.0001"": 4.430432319641113, ""0.001"": 4.431654930114746, ""0.01"": 4.427019119262695, ""0.1"": 4.404410362243652, ""0.3"": 4.363131046295166, ""1"": 4.271373271942139, ""3"": 4.173191070556641, ""10"": 4.091470241546631, ""30"": 4.033907890319824, ""45"": 4.019533157348633, ""65"": 4.009991645812988, ""90"": 4.021013259887695}","{""1e-05"": 0.24640459484524196, ""0.0001"": 0.24613512886895073, ""0.001"": 0.24620305167304143, ""0.01"": 0.24594550662570527, ""0.1"": 0.2446894645690918, ""0.3"": 0.2423961692386203, ""1"": 0.23729851510789657, ""3"": 0.2318439483642578, ""10"": 0.22730390230814615, ""30"": 0.2241059939066569, ""45"": 0.22330739763047958, ""65"": 0.22277731365627712, ""90"": 0.2233896255493164}",0.20085478601563012,0.22277729743375227,0.24017892715831599,110736,0.23769737684573883,0.937230778017086
chronos2,SZ_TAXI_15T,10,L10,block_depth,True,0.8333333333333334,65.0,False,False,1e-05|0.0001|0.001|0.01|0.1|0.3|1|3|10|30|45|65|90,90.0,1e-05,13,0.01,0.65,chronos2_quantile_loss (SUM over quantiles) = 2Q x mean pinball,0.22140506903330484,"{""1e-05"": 4.361892223358154, ""0.0001"": 4.362805366516113, ""0.001"": 4.360769271850586, ""0.01"": 4.355030059814453, ""0.1"": 4.337055683135986, ""0.3"": 4.297423362731934, ""1"": 4.216619968414307, ""3"": 4.130007743835449, ""10"": 4.051510810852051, ""30"": 3.9975476264953613, ""45"": 3.986391544342041, ""65"": 3.9852912425994873, ""90"": 3.992819309234619}","{""1e-05"": 0.24232734574211967, ""0.0001"": 0.24237807591756183, ""0.001"": 0.24226495954725477, ""0.01"": 0.24194611443413627, ""0.1"": 0.24094753795199922, ""0.3"": 0.2387457423739963, ""1"": 0.23425666491190592, ""3"": 0.22944487465752494, ""10"": 0.22508393393622503, ""30"": 0.22208597924974227, ""45"": 0.22146619690789116, ""65"": 0.22140506903330484, ""90"": 0.22182329495747882}",0.20091329671314234,0.22140508660903344,0.23851364497572947,110736,0.23769737684573883,0.9314578458841016
chronos2,SZ_TAXI_15T,11,L11,block_depth,True,0.9166666666666666,45.0,False,False,1e-05|0.0001|0.001|0.01|0.1|0.3|1|3|10|30|45|65|90,90.0,1e-05,13,0.01,0.45,chronos2_quantile_loss (SUM over quantiles) = 2Q x mean pinball,0.21963222821553546,"{""1e-05"": 4.27020263671875, ""0.0001"": 4.268229007720947, ""0.001"": 4.271570682525635, ""0.01"": 4.268597602844238, ""0.1"": 4.25424337387085, ""0.3"": 4.223520278930664, ""1"": 4.133864879608154, ""3"": 4.06205940246582, ""10"": 4.00223970413208, ""30"": 3.9639434814453125, ""45"": 3.9533801078796387, ""65"": 3.9625065326690674, ""90"": 3.955418586730957}","{""1e-05"": 0.23723347981770831, ""0.0001"": 0.23712383376227483, ""0.001"": 0.23730948236253524, ""0.01"": 0.23714431126912433, ""0.1"": 0.23634685410393608, ""0.3"": 0.234640015496148, ""1"": 0.22965915997823078, ""3"": 0.22566996680365667, ""10"": 0.22234665022956, ""30"": 0.22021908230251735, ""45"": 0.21963222821553546, ""65"": 0.22013925181494817, ""90"": 0.2197454770406087}",0.20179571683813885,0.21963221560686064,0.23573493045301008,110736,0.23769737684573883,0.92399932435686
chronos2,SZ_TAXI_15T,12,L12,block_depth,True,1.0,30.0,False,False,1e-05|0.0001|0.001|0.01|0.1|0.3|1|3|10|30|45|65|90,90.0,1e-05,13,0.01,0.3,chronos2_quantile_loss (SUM over quantiles) = 2Q x mean pinball,0.21963057253095838,"{""1e-05"": 4.153120994567871, ""0.0001"": 4.1603684425354, ""0.001"": 4.15839147567749, ""0.01"": 4.152414321899414, ""0.1"": 4.140124320983887, ""0.3"": 4.099112510681152, ""1"": 4.053793907165527, ""3"": 3.9999468326568604, ""10"": 3.977736234664917, ""30"": 3.953350305557251, ""45"": 3.9571001529693604, ""65"": 3.9560277462005615, ""90"": 3.971052646636963}","{""1e-05"": 0.2307289441426595, ""0.0001"": 0.23113158014085555, ""0.001"": 0.23102174864874944, ""0.01"": 0.23068968454996744, ""0.1"": 0.23000690672132704, ""0.3"": 0.22772847281561956, ""1"": 0.22521077262030706, ""3"": 0.22221926848093668, ""10"": 0.22098534637027314, ""30"": 0.21963057253095838, ""45"": 0.21983889738718668, ""65"": 0.21977931923336452, ""90"": 0.2206140359242757}",0.2067717126940766,0.21963059773238805,0.23657254182184353,110736,0.23769737684573883,0.9239925179103857
chronos2,SZ_TAXI_15T,13,L12+LN,head_input_diagnostic,False,,65.0,False,False,1e-05|0.0001|0.001|0.01|0.1|0.3|1|3|10|30|45|65|90,90.0,1e-05,13,0.01,0.65,chronos2_quantile_loss (SUM over quantiles) = 2Q x mean pinball,0.21923542022705078,"{""1e-05"": 4.169795036315918, ""0.0001"": 4.168265342712402, ""0.001"": 4.171600341796875, ""0.01"": 4.171737194061279, ""0.1"": 4.147189617156982, ""0.3"": 4.115105628967285, ""1"": 4.055323600769043, ""3"": 3.9974405765533447, ""10"": 3.9692089557647705, ""30"": 3.9501054286956787, ""45"": 3.9486844539642334, ""65"": 3.946237564086914, ""90"": 3.9678423404693604}","{""1e-05"": 0.23165527979532877, ""0.0001"": 0.23157029681735566, ""0.001"": 0.23175557454427081, ""0.01"": 0.23176317744784883, ""0.1"": 0.2303994231753879, ""0.3"": 0.22861697938707137, ""1"": 0.22529575559828016, ""3"": 0.22208003203074136, ""10"": 0.22051160865359834, ""30"": 0.21945030159420437, ""45"": 0.2193713585535685, ""65"": 0.21923542022705078, ""90"": 0.22043568558163112}",0.20682600140571594,0.21923543319392663,0.23753135493741587,110736,0.23769737684573883,0.9223300488343477
chronos2,monash_london_smart_meters,0,Emb,block_depth,True,0.0,3.0,False,False,1e-05|0.0001|0.001|0.01|0.1|0.3|1|3|10|30|45|65|90,90.0,1e-05,13,0.01,0.03,chronos2_quantile_loss (SUM over quantiles) = 2Q x mean pinball,0.212269213464525,"{""1e-05"": 3.8750879764556885, ""0.0001"": 3.873217821121216, ""0.001"": 3.8600330352783203, ""0.01"": 3.8573949337005615, ""0.1"": 3.8407909870147705, ""0.3"": 3.848827838897705, ""1"": 3.857121229171753, ""3"": 3.82084584236145, ""10"": 3.87239408493042, ""30"": 3.9077396392822266, ""45"": 3.982809066772461, ""65"": 3.980221748352051, ""90"": 4.325233459472656}","{""1e-05"": 0.21528266535864934, ""0.0001"": 0.21517876784006754, ""0.001"": 0.21444627973768446, ""0.01"": 0.21429971853892008, ""0.1"": 0.21337727705637613, ""0.3"": 0.21382376882765028, ""1"": 0.21428451273176405, ""3"": 0.212269213464525, ""10"": 0.21513300471835664, ""30"": 0.21709664662679035, ""45"": 0.22126717037624782, ""65"": 0.22112343046400282, ""90"": 0.2402907477484809}",0.21300940561927373,0.21226921785651273,0.2067720571262691,110736,0.202930832779362,1.0460175762808008
chronos2,monash_london_smart_meters,1,L1,block_depth,True,0.08333333333333333,10.0,False,False,1e-05|0.0001|0.001|0.01|0.1|0.3|1|3|10|30|45|65|90,90.0,1e-05,13,0.01,0.1,chronos2_quantile_loss (SUM over quantiles) = 2Q x mean pinball,0.1949963304731581,"{""1e-05"": 3.530808210372925, ""0.0001"": 3.5321054458618164, ""0.001"": 3.5192878246307373, ""0.01"": 3.5242464542388916, ""0.1"": 3.520773410797119, ""0.3"": 3.5214695930480957, ""1"": 3.5224013328552246, ""3"": 3.5127553939819336, ""10"": 3.5099339485168457, ""30"": 3.517751455307007, ""45"": 3.532518148422241, ""65"": 3.54543399810791, ""90"": 3.583127021789551}","{""1e-05"": 0.1961560116873847, ""0.0001"": 0.19622808032565645, ""0.001"": 0.19551599025726318, ""0.01"": 0.1957914696799384, ""0.1"": 0.19559852282206217, ""0.3"": 0.1956371996137831, ""1"": 0.19568896293640137, ""3"": 0.19515307744344074, ""10"": 0.1949963304731581, ""30"": 0.19543063640594482, ""45"": 0.19625100824568006, ""65"": 0.19696855545043945, ""90"": 0.19906261232164169}",0.19239655984204845,0.19499634529058715,0.1891443885237206,110736,0.202930832779362,0.9609005325602656
chronos2,monash_london_smart_meters,2,L2,block_depth,True,0.16666666666666666,3.0,False,False,1e-05|0.0001|0.001|0.01|0.1|0.3|1|3|10|30|45|65|90,90.0,1e-05,13,0.01,0.03,chronos2_quantile_loss (SUM over quantiles) = 2Q x mean pinball,0.17100041442447236,"{""1e-05"": 3.1148324012756348, ""0.0001"": 3.1145050525665283, ""0.001"": 3.1135995388031006, ""0.01"": 3.112147569656372, ""0.1"": 3.0952510833740234, ""0.3"": 3.102097749710083, ""1"": 3.0782241821289062, ""3"": 3.078007459640503, ""10"": 3.0816538333892822, ""30"": 3.091121196746826, ""45"": 3.105598211288452, ""65"": 3.137679100036621, ""90"": 3.1913795471191406}","{""1e-05"": 0.17304624451531303, ""0.0001"": 0.17302805847591823, ""0.001"": 0.1729777521557278, ""0.01"": 0.17289708720313177, ""0.1"": 0.17195839352077907, ""0.3"": 0.17233876387278238, ""1"": 0.171012454562717, ""3"": 0.17100041442447236, ""10"": 0.171202990743849, ""30"": 0.17172895537482366, ""45"": 0.17253323396046955, ""65"": 0.17431550555759004, ""90"": 0.17729886372884113}",0.16479534908348809,0.171000411008833,0.15863988696391346,110736,0.202930832779362,0.8426536700549316
chronos2,monash_london_smart_meters,3,L3,block_depth,True,0.25,10.0,False,False,1e-05|0.0001|0.001|0.01|0.1|0.3|1|3|10|30|45|65|90,90.0,1e-05,13,0.01,0.1,chronos2_quantile_loss (SUM over quantiles) = 2Q x mean pinball,0.16229008303748235,"{""1e-05"": 3.0116569995880127, ""0.0001"": 3.0069706439971924, ""0.001"": 3.004178762435913, ""0.01"": 3.0125763416290283, ""0.1"": 2.9901413917541504, ""0.3"": 2.97544527053833, ""1"": 2.9457778930664062, ""3"": 2.9238016605377197, ""10"": 2.9212214946746826, ""30"": 2.934792995452881, ""45"": 2.951890230178833, ""65"": 2.9769535064697266, ""90"": 3.0219082832336426}","{""1e-05"": 0.16731427775488958, ""0.0001"": 0.16705392466651067, ""0.001"": 0.1668988201353285, ""0.01"": 0.1673653523127238, ""0.1"": 0.1661189662085639, ""0.3"": 0.16530251502990723, ""1"": 0.16365432739257812, ""3"": 0.16243342558542886, ""10"": 0.16229008303748235, ""30"": 0.1630440553029378, ""45"": 0.16399390167660183, ""65"": 0.1653863059149848, ""90"": 0.16788379351298013}",0.15820384649439598,0.16229007988883795,0.15288088777820572,110736,0.202930832779362,0.7997310101481179
chronos2,monash_london_smart_meters,4,L4,block_depth,True,0.3333333333333333,10.0,False,False,1e-05|0.0001|0.001|0.01|0.1|0.3|1|3|10|30|45|65|90,90.0,1e-05,13,0.01,0.1,chronos2_quantile_loss (SUM over quantiles) = 2Q x mean pinball,0.16007305516137016,"{""1e-05"": 2.9843809604644775, ""0.0001"": 2.9822232723236084, ""0.001"": 2.9787251949310303, ""0.01"": 2.99051570892334, ""0.1"": 2.9721457958221436, ""0.3"": 2.9489071369171143, ""1"": 2.9122002124786377, ""3"": 2.8893377780914307, ""10"": 2.881314992904663, ""30"": 2.8860678672790527, ""45"": 2.8950464725494385, ""65"": 2.919309139251709, ""90"": 2.9597320556640625}","{""1e-05"": 0.16579894224802652, ""0.0001"": 0.1656790706846449, ""0.001"": 0.1654847330517239, ""0.01"": 0.1661397616068522, ""0.1"": 0.16511921087900797, ""0.3"": 0.163828174273173, ""1"": 0.16178890069325763, ""3"": 0.16051876544952393, ""10"": 0.16007305516137016, ""30"": 0.16033710373772514, ""45"": 0.16083591514163545, ""65"": 0.16218384106953937, ""90"": 0.16442955864800346}",0.15544001616596362,0.16007306193577425,0.15108318892769687,110736,0.202930832779362,0.7888060170226318
chronos2,monash_london_smart_meters,5,L5,block_depth,True,0.4166666666666667,30.0,False,False,1e-05|0.0001|0.001|0.01|0.1|0.3|1|3|10|30|45|65|90,90.0,1e-05,13,0.01,0.3,chronos2_quantile_loss (SUM over quantiles) = 2Q x mean pinball,0.1592026154200236,"{""1e-05"": 2.985607862472534, ""0.0001"": 2.992638349533081, ""0.001"": 2.984438180923462, ""0.01"": 2.9843201637268066, ""0.1"": 2.9690403938293457, ""0.3"": 2.9561305046081543, ""1"": 2.9119720458984375, ""3"": 2.8861513137817383, ""10"": 2.870713472366333, ""30"": 2.865647077560425, ""45"": 2.8690414428710938, ""65"": 2.893921375274658, ""90"": 2.9301400184631348}","{""1e-05"": 0.16586710347069633, ""0.0001"": 0.16625768608517116, ""0.001"": 0.16580212116241455, ""0.01"": 0.16579556465148926, ""0.1"": 0.16494668854607475, ""0.3"": 0.16422947247823078, ""1"": 0.1617762247721354, ""3"": 0.16034173965454102, ""10"": 0.1594840817981296, ""30"": 0.1592026154200236, ""45"": 0.15939119127061632, ""65"": 0.160773409737481, ""90"": 0.16278555658128527}",0.15632029591660032,0.15920261925669343,0.14997001865324172,110736,0.202930832779362,0.7845166605598451
chronos2,monash_london_smart_meters,6,L6,block_depth,True,0.5,10.0,False,False,1e-05|0.0001|0.001|0.01|0.1|0.3|1|3|10|30|45|65|90,90.0,1e-05,13,0.01,0.1,chronos2_quantile_loss (SUM over quantiles) = 2Q x mean pinball,0.15879681375291613,"{""1e-05"": 2.984309196472168, ""0.0001"": 2.9848642349243164, ""0.001"": 2.984766960144043, ""0.01"": 2.990172863006592, ""0.1"": 2.971670389175415, ""0.3"": 2.947018623352051, ""1"": 2.9150307178497314, ""3"": 2.881434202194214, ""10"": 2.8583426475524902, ""30"": 2.866885185241699, ""45"": 2.8642024993896484, ""65"": 2.881767749786377, ""90"": 2.9158847332000732}","{""1e-05"": 0.16579495535956487, ""0.0001"": 0.16582579082912868, ""0.001"": 0.16582038667466906, ""0.01"": 0.16612071461147732, ""0.1"": 0.16509279939863417, ""0.3"": 0.1637232568528917, ""1"": 0.16194615099165174, ""3"": 0.16007967789967853, ""10"": 0.15879681375291613, ""30"": 0.1592713991800944, ""45"": 0.15912236107720268, ""65"": 0.16009820832146537, ""90"": 0.16199359628889295}",0.15232219458844945,0.15879680114648953,0.14967386583790523,110736,0.202930832779362,0.7825168751913737
chronos2,monash_london_smart_meters,7,L7,block_depth,True,0.5833333333333334,30.0,False,False,1e-05|0.0001|0.001|0.01|0.1|0.3|1|3|10|30|45|65|90,90.0,1e-05,13,0.01,0.3,chronos2_quantile_loss (SUM over quantiles) = 2Q x mean pinball,0.158813648753696,"{""1e-05"": 3.005892753601074, ""0.0001"": 3.0127406120300293, ""0.001"": 3.0065529346466064, ""0.01"": 3.0125536918640137, ""0.1"": 2.9995169639587402, ""0.3"": 2.977370023727417, ""1"": 2.9356541633605957, ""3"": 2.901766061782837, ""10"": 2.863901376724243, ""30"": 2.8586456775665283, ""45"": 2.8608925342559814, ""65"": 2.8762028217315674, ""90"": 2.9163315296173096}","{""1e-05"": 0.16699404186672634, ""0.0001"": 0.16737447844611272, ""0.001"": 0.16703071859147814, ""0.01"": 0.1673640939924452, ""0.1"": 0.16663983133104113, ""0.3"": 0.16540944576263428, ""1"": 0.16309189796447754, ""3"": 0.16120922565460205, ""10"": 0.15910563204023573, ""30"": 0.158813648753696, ""45"": 0.1589384741253323, ""65"": 0.15978904565175372, ""90"": 0.16201841831207275}",0.15522250879176464,0.15881364619117658,0.14964085254277892,110736,0.202930832779362,0.782599883990265
chronos2,monash_london_smart_meters,8,L8,block_depth,True,0.6666666666666666,30.0,False,False,1e-05|0.0001|0.001|0.01|0.1|0.3|1|3|10|30|45|65|90,90.0,1e-05,13,0.01,0.3,chronos2_quantile_loss (SUM over quantiles) = 2Q x mean pinball,0.1581352154413859,"{""1e-05"": 3.0116562843322754, ""0.0001"": 3.009413480758667, ""0.001"": 3.0129756927490234, ""0.01"": 3.0060739517211914, ""0.1"": 3.0017240047454834, ""0.3"": 2.9671525955200195, ""1"": 2.9205567836761475, ""3"": 2.8998515605926514, ""10"": 2.857727527618408, ""30"": 2.8464338779449463, ""45"": 2.8605306148529053, ""65"": 2.8721561431884766, ""90"": 2.9132285118103027}","{""1e-05"": 0.16731423801845974, ""0.0001"": 0.16718963781992593, ""0.001"": 0.16738753848605684, ""0.01"": 0.16700410842895508, ""0.1"": 0.1667624447080824, ""0.3"": 0.1648418108622233, ""1"": 0.16225315464867485, ""3"": 0.16110286447736952, ""10"": 0.1587626404232449, ""30"": 0.1581352154413859, ""45"": 0.15891836749182806, ""65"": 0.15956423017713758, ""90"": 0.1618460284339057}",0.1544529880748439,0.15813522422615126,0.149036358330996,110736,0.202930832779362,0.7792567647819437
chronos2,monash_london_smart_meters,9,L9,block_depth,True,0.75,10.0,False,False,1e-05|0.0001|0.001|0.01|0.1|0.3|1|3|10|30|45|65|90,90.0,1e-05,13,0.01,0.1,chronos2_quantile_loss (SUM over quantiles) = 2Q x mean pinball,0.1579458051257663,"{""1e-05"": 3.0188217163085938, ""0.0001"": 2.998100996017456, ""0.001"": 2.989314079284668, ""0.01"": 2.991130828857422, ""0.1"": 2.9944136142730713, ""0.3"": 2.9710638523101807, ""1"": 2.9167847633361816, ""3"": 2.8969838619232178, ""10"": 2.843024492263794, ""30"": 2.843383312225342, ""45"": 2.843144416809082, ""65"": 2.8613946437835693, ""90"": 2.919365167617798}","{""1e-05"": 0.16771231757269964, ""0.0001"": 0.16656116644541422, ""0.001"": 0.16607300440470377, ""0.01"": 0.16617393493652344, ""0.1"": 0.1663563119040595, ""0.3"": 0.16505910290612114, ""1"": 0.1620435979631212, ""3"": 0.1609435478846232, ""10"": 0.1579458051257663, ""30"": 0.15796573956807453, ""45"": 0.15795246760050455, ""65"": 0.15896636909908718, ""90"": 0.16218695375654432}",0.1523023886990919,0.15794581805448268,0.14888042955168787,110736,0.202930832779362,0.7783234114364987
chronos2,monash_london_smart_meters,10,L10,block_depth,True,0.8333333333333334,30.0,False,False,1e-05|0.0001|0.001|0.01|0.1|0.3|1|3|10|30|45|65|90,90.0,1e-05,13,0.01,0.3,chronos2_quantile_loss (SUM over quantiles) = 2Q x mean pinball,0.15608074929979113,"{""1e-05"": 2.980484962463379, ""0.0001"": 2.9957149028778076, ""0.001"": 2.9914631843566895, ""0.01"": 2.9692740440368652, ""0.1"": 2.980377197265625, ""0.3"": 2.9485909938812256, ""1"": 2.901182174682617, ""3"": 2.8542158603668213, ""10"": 2.8311362266540527, ""30"": 2.8094534873962402, ""45"": 2.8338286876678467, ""65"": 2.8546602725982666, ""90"": 2.897434949874878}","{""1e-05"": 0.16558249791463214, ""0.0001"": 0.16642860571543375, ""0.001"": 0.16619239913092718, ""0.01"": 0.16495966911315918, ""0.1"": 0.16557651095920137, ""0.3"": 0.1638106107711792, ""1"": 0.1611767874823676, ""3"": 0.15856754779815674, ""10"": 0.15728534592522514, ""30"": 0.15608074929979113, ""45"": 0.15743492709265813, ""65"": 0.15859223736657035, ""90"": 0.1609686083263821}",0.15413038918168592,0.15608075191444568,0.1474488967361341,110736,0.202930832779362,0.769132762019193
chronos2,monash_london_smart_meters,11,L11,block_depth,True,0.9166666666666666,30.0,False,False,1e-05|0.0001|0.001|0.01|0.1|0.3|1|3|10|30|45|65|90,90.0,1e-05,13,0.01,0.3,chronos2_quantile_loss (SUM over quantiles) = 2Q x mean pinball,0.15677356719970703,"{""1e-05"": 2.9347758293151855, ""0.0001"": 2.94065523147583, ""0.001"": 2.9262611865997314, ""0.01"": 2.9264745712280273, ""0.1"": 2.9300601482391357, ""0.3"": 2.893885850906372, ""1"": 2.8709793090820312, ""3"": 2.838047742843628, ""10"": 2.8389203548431396, ""30"": 2.8219242095947266, ""45"": 2.836991310119629, ""65"": 2.8257250785827637, ""90"": 2.8953745365142822}","{""1e-05"": 0.1630431016286214, ""0.0001"": 0.16336973508199054, ""0.001"": 0.1625700659222073, ""0.01"": 0.1625819206237793, ""0.1"": 0.16278111934661865, ""0.3"": 0.1607714361614651, ""1"": 0.15949885050455728, ""3"": 0.1576693190468682, ""10"": 0.15771779749128553, ""30"": 0.15677356719970703, ""45"": 0.15761062833997938, ""65"": 0.1569847265879313, ""90"": 0.16085414091746011}",0.15591310521045237,0.15677355454509495,0.1483035500637675,110736,0.202930832779362,0.7725467460903199
chronos2,monash_london_smart_meters,12,L12,block_depth,True,1.0,45.0,False,False,1e-05|0.0001|0.001|0.01|0.1|0.3|1|3|10|30|45|65|90,90.0,1e-05,13,0.01,0.45,chronos2_quantile_loss (SUM over quantiles) = 2Q x mean pinball,0.15652864509158662,"{""1e-05"": 2.9068949222564697, ""0.0001"": 2.889660596847534, ""0.001"": 2.900557041168213, ""0.01"": 2.9165406227111816, ""0.1"": 2.8965442180633545, ""0.3"": 2.908813953399658, ""1"": 2.8676366806030273, ""3"": 2.823607921600342, ""10"": 2.824650526046753, ""30"": 2.823498010635376, ""45"": 2.8175156116485596, ""65"": 2.8277387619018555, ""90"": 2.892972707748413}","{""1e-05"": 0.16149416234758165, ""0.0001"": 0.160536699824863, ""0.001"": 0.1611420578426785, ""0.01"": 0.16203003459506563, ""0.1"": 0.1609191232257419, ""0.3"": 0.1616007751888699, ""1"": 0.1593131489223904, ""3"": 0.15686710675557453, ""10"": 0.1569250292248196, ""30"": 0.1568610005908542, ""45"": 0.15652864509158662, ""65"": 0.1570965978834364, ""90"": 0.16072070598602295}",0.1576981270121921,0.15652863314474813,0.14797563670302621,110736,0.202930832779362,0.7713398255007163
chronos2,monash_london_smart_meters,13,L12+LN,head_input_diagnostic,False,,30.0,False,False,1e-05|0.0001|0.001|0.01|0.1|0.3|1|3|10|30|45|65|90,90.0,1e-05,13,0.01,0.3,chronos2_quantile_loss (SUM over quantiles) = 2Q x mean pinball,0.15223203765021429,"{""1e-05"": 2.8706138134002686, ""0.0001"": 2.885768175125122, ""0.001"": 2.8466031551361084, ""0.01"": 2.861225128173828, ""0.1"": 2.8569984436035156, ""0.3"": 2.826838731765747, ""1"": 2.793855905532837, ""3"": 2.772712469100952, ""10"": 2.7608299255371094, ""30"": 2.7401766777038574, ""45"": 2.7676498889923096, ""65"": 2.7663586139678955, ""90"": 2.854281187057495}","{""1e-05"": 0.1594785451889038, ""0.0001"": 0.16032045417361787, ""0.001"": 0.1581446197297838, ""0.01"": 0.15895695156521267, ""0.1"": 0.15872213575575086, ""0.3"": 0.15704659620920816, ""1"": 0.1552142169740465, ""3"": 0.15403958161671955, ""10"": 0.1533794403076172, ""30"": 0.15223203765021429, ""45"": 0.1537583271662394, ""65"": 0.15368658966488308, ""90"": 0.1585711770587497}",0.15354177543901473,0.15223202426413088,0.1439710288159265,110736,0.202930832779362,0.7501670504139025
chronos2,m5,0,Emb,block_depth,True,0.0,3.0,False,False,1e-05|0.0001|0.001|0.01|0.1|0.3|1|3|10|30|45|65|90,90.0,1e-05,13,0.01,0.03,chronos2_quantile_loss (SUM over quantiles) = 2Q x mean pinball,0.2231361601087782,"{""1e-05"": 4.115952968597412, ""0.0001"": 4.11910343170166, ""0.001"": 4.098280429840088, ""0.01"": 4.09475564956665, ""0.1"": 4.056730270385742, ""0.3"": 4.030162334442139, ""1"": 4.085167407989502, ""3"": 4.016450881958008, ""10"": 4.045350551605225, ""30"": 4.07576847076416, ""45"": 4.135447978973389, ""65"": 4.333013534545898, ""90"": 4.397159099578857}","{""1e-05"": 0.22866405381096733, ""0.0001"": 0.2288390795389811, ""0.001"": 0.2276822461022271, ""0.01"": 0.227486424975925, ""0.1"": 0.225373903910319, ""0.3"": 0.2238979074690077, ""1"": 0.22695374488830566, ""3"": 0.2231361601087782, ""10"": 0.22474169731140137, ""30"": 0.22643158170912, ""45"": 0.22974710994296602, ""65"": 0.24072297414143878, ""90"": 0.24428661664326984}",0.2211598932497214,0.22313617300668745,0.23556897331398863,110736,0.21212675877427326,1.0519001671266257
chronos2,m5,1,L1,block_depth,True,0.08333333333333333,30.0,False,False,1e-05|0.0001|0.001|0.01|0.1|0.3|1|3|10|30|45|65|90,90.0,1e-05,13,0.01,0.3,chronos2_quantile_loss (SUM over quantiles) = 2Q x mean pinball,0.2111425267325507,"{""1e-05"": 3.911123037338257, ""0.0001"": 3.917001485824585, ""0.001"": 3.9214487075805664, ""0.01"": 3.8910467624664307, ""0.1"": 3.9076333045959473, ""0.3"": 3.916543960571289, ""1"": 3.895962715148926, ""3"": 3.8671576976776123, ""10"": 3.8612165451049805, ""30"": 3.800565481185913, ""45"": 3.8431596755981445, ""65"": 3.8368780612945557, ""90"": 3.833329439163208}","{""1e-05"": 0.2172846131854587, ""0.0001"": 0.2176111936569214, ""0.001"": 0.21785826153225368, ""0.01"": 0.21616926458146835, ""0.1"": 0.21709073914421928, ""0.3"": 0.21758577558729383, ""1"": 0.21644237306382919, ""3"": 0.2148420943154229, ""10"": 0.21451203028361002, ""30"": 0.2111425267325507, ""45"": 0.21350887086656356, ""65"": 0.21315989229414198, ""90"": 0.21296274662017822}",0.20081412143887714,0.21114254041880598,0.21886518007528236,110736,0.21212675877427326,0.9953602347900172
chronos2,m5,2,L2,block_depth,True,0.16666666666666666,90.0,True,False,1e-05|0.0001|0.001|0.01|0.1|0.3|1|3|10|30|45|65|90,90.0,1e-05,13,0.01,0.9,chronos2_quantile_loss (SUM over quantiles) = 2Q x mean pinball,0.21036279201507568,"{""1e-05"": 3.897317409515381, ""0.0001"": 3.9040234088897705, ""0.001"": 3.8689663410186768, ""0.01"": 3.8941071033477783, ""0.1"": 3.907418727874756, ""0.3"": 3.87852144241333, ""1"": 3.8535616397857666, ""3"": 3.8011133670806885, ""10"": 3.831932544708252, ""30"": 3.801701307296753, ""45"": 3.813549280166626, ""65"": 3.793691396713257, ""90"": 3.7865302562713623}","{""1e-05"": 0.2165176338619656, ""0.0001"": 0.21689018938276503, ""0.001"": 0.2149425745010376, ""0.01"": 0.216339283519321, ""0.1"": 0.2170788182152642, ""0.3"": 0.21547341346740723, ""1"": 0.2140867577658759, ""3"": 0.211172964837816, ""10"": 0.21288514137268066, ""30"": 0.21120562818315292, ""45"": 0.21186384889814588, ""65"": 0.21076063315073648, ""90"": 0.21036279201507568}",0.20079101165930288,0.2103627770286025,0.21843326960526804,110736,0.21212675877427326,0.9916843034991741
chronos2,m5,3,L3,block_depth,True,0.25,45.0,False,False,1e-05|0.0001|0.001|0.01|0.1|0.3|1|3|10|30|45|65|90,90.0,1e-05,13,0.01,0.45,chronos2_quantile_loss (SUM over quantiles) = 2Q x mean pinball,0.20756497648027206,"{""1e-05"": 3.881523847579956, ""0.0001"": 3.8716869354248047, ""0.001"": 3.8408870697021484, ""0.01"": 3.8309903144836426, ""0.1"": 3.8643534183502197, ""0.3"": 3.8149492740631104, ""1"": 3.803405523300171, ""3"": 3.778782367706299, ""10"": 3.7601709365844727, ""30"": 3.7392842769622803, ""45"": 3.7361695766448975, ""65"": 3.737194776535034, ""90"": 3.777134418487549}","{""1e-05"": 0.21564021375444198, ""0.0001"": 0.21509371863471136, ""0.001"": 0.21338261498345268, ""0.01"": 0.21283279524909124, ""0.1"": 0.21468630101945663, ""0.3"": 0.21194162633683944, ""1"": 0.21130030685000947, ""3"": 0.20993235376146102, ""10"": 0.20889838536580402, ""30"": 0.20773801538679335, ""45"": 0.20756497648027206, ""65"": 0.20762193202972412, ""90"": 0.20984080102708602}",0.19605501288470614,0.20756496464876273,0.21544205196884297,110736,0.21212675877427326,0.9784949614472506
chronos2,m5,4,L4,block_depth,True,0.3333333333333333,65.0,False,False,1e-05|0.0001|0.001|0.01|0.1|0.3|1|3|10|30|45|65|90,90.0,1e-05,13,0.01,0.65,chronos2_quantile_loss (SUM over quantiles) = 2Q x mean pinball,0.20393100049760604,"{""1e-05"": 3.8168787956237793, ""0.0001"": 3.8028457164764404, ""0.001"": 3.7941102981567383, ""0.01"": 3.809001922607422, ""0.1"": 3.7872891426086426, ""0.3"": 3.792081117630005, ""1"": 3.7566263675689697, ""3"": 3.724501848220825, ""10"": 3.7003846168518066, ""30"": 3.689263343811035, ""45"": 3.7056262493133545, ""65"": 3.670758008956909, ""90"": 3.704608201980591}","{""1e-05"": 0.21204882197909883, ""0.0001"": 0.21126920647091335, ""0.001"": 0.21078390545315212, ""0.01"": 0.21161121792263454, ""0.1"": 0.2104049523671468, ""0.3"": 0.21067117320166692, ""1"": 0.20870146486494276, ""3"": 0.20691676934560138, ""10"": 0.20557692315843368, ""30"": 0.2049590746561686, ""45"": 0.20586812496185303, ""65"": 0.20393100049760604, ""90"": 0.20581156677669948}",0.19282460642959842,0.20393099672807993,0.21243167276145847,110736,0.21212675877427326,0.9613638463456912
chronos2,m5,5,L5,block_depth,True,0.4166666666666667,45.0,False,False,1e-05|0.0001|0.001|0.01|0.1|0.3|1|3|10|30|45|65|90,90.0,1e-05,13,0.01,0.45,chronos2_quantile_loss (SUM over quantiles) = 2Q x mean pinball,0.2035341527726915,"{""1e-05"": 3.8168256282806396, ""0.0001"": 3.805044412612915, ""0.001"": 3.8027262687683105, ""0.01"": 3.8192954063415527, ""0.1"": 3.8056066036224365, ""0.3"": 3.784270763397217, ""1"": 3.7537412643432617, ""3"": 3.710967540740967, ""10"": 3.6914258003234863, ""30"": 3.675668716430664, ""45"": 3.6636147499084473, ""65"": 3.6638271808624268, ""90"": 3.673750638961792}","{""1e-05"": 0.2120458682378133, ""0.0001"": 0.21139135625627303, ""0.001"": 0.21126257048712835, ""0.01"": 0.21218307813008624, ""0.1"": 0.21142258909013534, ""0.3"": 0.2102372646331787, ""1"": 0.2085411813524034, ""3"": 0.20616486337449813, ""10"": 0.20507921112908256, ""30"": 0.20420381757948133, ""45"": 0.2035341527726915, ""65"": 0.20354595449235702, ""90"": 0.20409725772009954}",0.19040606787409553,0.20353414489397112,0.21151447650187344,110736,0.21212675877427326,0.9594930223327193
chronos2,m5,6,L6,block_depth,True,0.5,30.0,False,False,1e-05|0.0001|0.001|0.01|0.1|0.3|1|3|10|30|45|65|90,90.0,1e-05,13,0.01,0.3,chronos2_quantile_loss (SUM over quantiles) = 2Q x mean pinball,0.20193321175045437,"{""1e-05"": 3.8359014987945557, ""0.0001"": 3.8304550647735596, ""0.001"": 3.825347661972046, ""0.01"": 3.8266992568969727, ""0.1"": 3.8221940994262695, ""0.3"": 3.784952163696289, ""1"": 3.7448689937591553, ""3"": 3.6892457008361816, ""10"": 3.651015520095825, ""30"": 3.6347978115081787, ""45"": 3.635652780532837, ""65"": 3.640533208847046, ""90"": 3.638094902038574}","{""1e-05"": 0.21310563882191974, ""0.0001"": 0.21280305915408662, ""0.001"": 0.21251931455400253, ""0.01"": 0.2125944031609429, ""0.1"": 0.21234411663479275, ""0.3"": 0.2102751202053494, ""1"": 0.20804827743106416, ""3"": 0.20495809449089897, ""10"": 0.20283419556087917, ""30"": 0.20193321175045437, ""45"": 0.20198071002960205, ""65"": 0.20225184493594697, ""90"": 0.20211638344658744}",0.18679567866315971,0.20193320730317185,0.20990320283720512,110736,0.21212675877427326,0.9519459424638242
chronos2,m5,7,L7,block_depth,True,0.5833333333333334,30.0,False,False,1e-05|0.0001|0.001|0.01|0.1|0.3|1|3|10|30|45|65|90,90.0,1e-05,13,0.01,0.3,chronos2_quantile_loss (SUM over quantiles) = 2Q x mean pinball,0.20172536373138428,"{""1e-05"": 3.8733444213867188, ""0.0001"": 3.865910053253174, ""0.001"": 3.870945692062378, ""0.01"": 3.8614275455474854, ""0.1"": 3.85456919670105, ""0.3"": 3.8181240558624268, ""1"": 3.7808661460876465, ""3"": 3.7225940227508545, ""10"": 3.6806249618530273, ""30"": 3.631056547164917, ""45"": 3.639259099960327, ""65"": 3.6348135471343994, ""90"": 3.6340079307556152}","{""1e-05"": 0.21518580118815103, ""0.0001"": 0.21477278073628742, ""0.001"": 0.21505253844790986, ""0.01"": 0.21452375253041583, ""0.1"": 0.2141427331500583, ""0.3"": 0.21211800310346815, ""1"": 0.21004811922709146, ""3"": 0.20681077904171413, ""10"": 0.2044791645473904, ""30"": 0.20172536373138428, ""45"": 0.20218106110890705, ""65"": 0.20193408595191106, ""90"": 0.20188932948642305}",0.18564245435896956,0.20172536405841357,0.20982743458438466,110736,0.21212675877427326,0.9509661356447352
chronos2,m5,8,L8,block_depth,True,0.6666666666666666,45.0,False,False,1e-05|0.0001|0.001|0.01|0.1|0.3|1|3|10|30|45|65|90,90.0,1e-05,13,0.01,0.45,chronos2_quantile_loss (SUM over quantiles) = 2Q x mean pinball,0.2021467950608995,"{""1e-05"": 3.8901939392089844, ""0.0001"": 3.898104429244995, ""0.001"": 3.8849570751190186, ""0.01"": 3.891162395477295, ""0.1"": 3.8704917430877686, ""0.3"": 3.8470957279205322, ""1"": 3.785939931869507, ""3"": 3.7196333408355713, ""10"": 3.6811742782592773, ""30"": 3.6439592838287354, ""45"": 3.6386423110961914, ""65"": 3.646812915802002, ""90"": 3.6421878337860107}","{""1e-05"": 0.21612188551161024, ""0.0001"": 0.2165613571802775, ""0.001"": 0.21583094861772323, ""0.01"": 0.21617568863762748, ""0.1"": 0.21502731906043157, ""0.3"": 0.21372754044002956, ""1"": 0.2103299962149726, ""3"": 0.2066462967130873, ""10"": 0.2045096821255154, ""30"": 0.20244218243492973, ""45"": 0.2021467950608995, ""65"": 0.20260071754455566, ""90"": 0.20234376854366726}",0.18785678126302732,0.2021467991400766,0.210430730845182,110736,0.21212675877427326,0.9529528490801273
chronos2,m5,9,L9,block_depth,True,0.75,65.0,False,False,1e-05|0.0001|0.001|0.01|0.1|0.3|1|3|10|30|45|65|90,90.0,1e-05,13,0.01,0.65,chronos2_quantile_loss (SUM over quantiles) = 2Q x mean pinball,0.20238433943854436,"{""1e-05"": 3.9192733764648438, ""0.0001"": 3.929037570953369, ""0.001"": 3.915130376815796, ""0.01"": 3.9205780029296875, ""0.1"": 3.8940210342407227, ""0.3"": 3.8476576805114746, ""1"": 3.8100595474243164, ""3"": 3.7423572540283203, ""10"": 3.6934540271759033, ""30"": 3.6677732467651367, ""45"": 3.669917106628418, ""65"": 3.642918109893799, ""90"": 3.647204637527466}","{""1e-05"": 0.21773740980360243, ""0.0001"": 0.21827986505296493, ""0.001"": 0.2175072431564331, ""0.01"": 0.2178098890516493, ""0.1"": 0.21633450190226236, ""0.3"": 0.21375876002841523, ""1"": 0.21166997485690645, ""3"": 0.20790873633490667, ""10"": 0.2051918903986613, ""30"": 0.2037651803758409, ""45"": 0.20388428370157877, ""65"": 0.20238433943854436, ""90"": 0.20262247986263698}",0.18964161324332143,0.20238434071190484,0.21097743937759908,110736,0.21212675877427326,0.9540726586373978
chronos2,m5,10,L10,block_depth,True,0.8333333333333334,30.0,False,False,1e-05|0.0001|0.001|0.01|0.1|0.3|1|3|10|30|45|65|90,90.0,1e-05,13,0.01,0.3,chronos2_quantile_loss (SUM over quantiles) = 2Q x mean pinball,0.2048321035173204,"{""1e-05"": 3.9414331912994385, ""0.0001"": 3.9251890182495117, ""0.001"": 3.9411776065826416, ""0.01"": 3.9256348609924316, ""0.1"": 3.922755479812622, ""0.3"": 3.9103505611419678, ""1"": 3.818575143814087, ""3"": 3.7923519611358643, ""10"": 3.7476181983947754, ""30"": 3.6869778633117676, ""45"": 3.6977596282958984, ""65"": 3.726353883743286, ""90"": 3.717249870300293}","{""1e-05"": 0.21896851062774658, ""0.0001"": 0.2180660565694173, ""0.001"": 0.2189543114768134, ""0.01"": 0.21809082561069063, ""0.1"": 0.2179308599895901, ""0.3"": 0.2172416978412204, ""1"": 0.21214306354522705, ""3"": 0.21068622006310356, ""10"": 0.20820101102193195, ""30"": 0.2048321035173204, ""45"": 0.20543109046088323, ""65"": 0.20701966020796034, ""90"": 0.2065138816833496}",0.19099684650749182,0.20483211307068364,0.2124341002573039,110736,0.21212675877427326,0.9656118551674476
chronos2,m5,11,L11,block_depth,True,0.9166666666666666,90.0,True,False,1e-05|0.0001|0.001|0.01|0.1|0.3|1|3|10|30|45|65|90,90.0,1e-05,13,0.01,0.9,chronos2_quantile_loss (SUM over quantiles) = 2Q x mean pinball,0.2108762264251709,"{""1e-05"": 4.020040035247803, ""0.0001"": 4.029562473297119, ""0.001"": 3.9826958179473877, ""0.01"": 3.9790141582489014, ""0.1"": 4.002183437347412, ""0.3"": 3.9556996822357178, ""1"": 3.939387798309326, ""3"": 3.861928701400757, ""10"": 3.8539135456085205, ""30"": 3.7994067668914795, ""45"": 3.8320610523223877, ""65"": 3.8486549854278564, ""90"": 3.795772075653076}","{""1e-05"": 0.2233355575137668, ""0.0001"": 0.22386458184983993, ""0.001"": 0.22126087877485487, ""0.01"": 0.22105634212493896, ""0.1"": 0.22234352429707843, ""0.3"": 0.21976109345753986, ""1"": 0.21885487768385145, ""3"": 0.21455159452226424, ""10"": 0.21410630808936224, ""30"": 0.2110781537161933, ""45"": 0.21289228068457708, ""65"": 0.2138141658571031, ""90"": 0.2108762264251709}",0.20028199974335248,0.21087623206998102,0.21785345306719534,110736,0.21212675877427326,0.9941048139729372
chronos2,m5,12,L12,block_depth,True,1.0,30.0,False,False,1e-05|0.0001|0.001|0.01|0.1|0.3|1|3|10|30|45|65|90,90.0,1e-05,13,0.01,0.3,chronos2_quantile_loss (SUM over quantiles) = 2Q x mean pinball,0.21386219395531547,"{""1e-05"": 3.9962377548217773, ""0.0001"": 3.9860503673553467, ""0.001"": 3.991502046585083, ""0.01"": 4.041958808898926, ""0.1"": 4.008173942565918, ""0.3"": 3.994758367538452, ""1"": 3.9581961631774902, ""3"": 4.005677223205566, ""10"": 3.9224936962127686, ""30"": 3.8495194911956787, ""45"": 3.8799493312835693, ""65"": 3.908846616744995, ""90"": 3.9158153533935547}","{""1e-05"": 0.22201320860120985, ""0.0001"": 0.22144724263085258, ""0.001"": 0.22175011369917128, ""0.01"": 0.22455326716105142, ""0.1"": 0.22267633014255098, ""0.3"": 0.2219310204188029, ""1"": 0.2198997868431939, ""3"": 0.22253762351142034, ""10"": 0.2179163164562649, ""30"": 0.21386219395531547, ""45"": 0.21555274062686494, ""65"": 0.21715814537472194, ""90"": 0.217545297410753}",0.2028725763149506,0.21386219171508578,0.22038910680144796,110736,0.21212675877427326,1.0081811127970857
chronos2,m5,13,L12+LN,head_input_diagnostic,False,,45.0,False,False,1e-05|0.0001|0.001|0.01|0.1|0.3|1|3|10|30|45|65|90,90.0,1e-05,13,0.01,0.45,chronos2_quantile_loss (SUM over quantiles) = 2Q x mean pinball,0.2107022338443332,"{""1e-05"": 3.9854989051818848, ""0.0001"": 3.9567108154296875, ""0.001"": 4.006714820861816, ""0.01"": 3.9738125801086426, ""0.1"": 3.942413091659546, ""0.3"": 3.956930160522461, ""1"": 3.9292616844177246, ""3"": 3.9065403938293457, ""10"": 3.8590712547302246, ""30"": 3.794729471206665, ""45"": 3.792640209197998, ""65"": 3.8538711071014404, ""90"": 3.8539552688598633}","{""1e-05"": 0.22141660584343803, ""0.0001"": 0.2198172675238715, ""0.001"": 0.22259526782565645, ""0.01"": 0.22076736556159124, ""0.1"": 0.21902294953664142, ""0.3"": 0.21982945336235893, ""1"": 0.21829231580098468, ""3"": 0.2170300218794081, ""10"": 0.21439284748501247, ""30"": 0.21081830395592582, ""45"": 0.2107022338443332, ""65"": 0.21410395039452446, ""90"": 0.21410862604777017}",0.19977197348750816,0.2107022438795512,0.21760221717182462,110736,0.21212675877427326,0.9932846053795698
chronos2,wiki_daily_100k,0,Emb,block_depth,True,0.0,0.01,False,False,1e-05|0.0001|0.001|0.01|0.1|0.3|1|3|10|30|45|65|90,90.0,1e-05,13,0.01,0.0001,chronos2_quantile_loss (SUM over quantiles) = 2Q x mean pinball,0.21170639991760254,"{""1e-05"": 3.8247146606445312, ""0.0001"": 3.8304619789123535, ""0.001"": 3.816080093383789, ""0.01"": 3.8107151985168457, ""0.1"": 3.8175532817840576, ""0.3"": 3.829523801803589, ""1"": 3.8525209426879883, ""3"": 3.860332489013672, ""10"": 3.8844666481018066, ""30"": 3.957181215286255, ""45"": 4.023097515106201, ""65"": 4.062709808349609, ""90"": 4.375927925109863}","{""1e-05"": 0.21248414781358504, ""0.0001"": 0.2128034432729085, ""0.001"": 0.2120044496324327, ""0.01"": 0.21170639991760254, ""0.1"": 0.21208629343244764, ""0.3"": 0.21275132232242158, ""1"": 0.21402894126044378, ""3"": 0.2144629160563151, ""10"": 0.21580370267232257, ""30"": 0.21984340084923637, ""45"": 0.22350541750590006, ""65"": 0.2257061004638672, ""90"": 0.24310710695054794}",0.2128491600817724,0.21170640745349512,0.21453038895971902,110736,0.20789182049627522,1.018348903521619
chronos2,wiki_daily_100k,1,L1,block_depth,True,0.08333333333333333,30.0,False,False,1e-05|0.0001|0.001|0.01|0.1|0.3|1|3|10|30|45|65|90,90.0,1e-05,13,0.01,0.3,chronos2_quantile_loss (SUM over quantiles) = 2Q x mean pinball,0.18491694662306044,"{""1e-05"": 3.370769500732422, ""0.0001"": 3.3651938438415527, ""0.001"": 3.379074811935425, ""0.01"": 3.3982791900634766, ""0.1"": 3.364877462387085, ""0.3"": 3.359198808670044, ""1"": 3.3376712799072266, ""3"": 3.354626417160034, ""10"": 3.3339319229125977, ""30"": 3.328505039215088, ""45"": 3.3441381454467773, ""65"": 3.355184555053711, ""90"": 3.377542734146118}","{""1e-05"": 0.1872649722629123, ""0.0001"": 0.18695521354675293, ""0.001"": 0.18772637844085693, ""0.01"": 0.1887932883368598, ""0.1"": 0.1869376367992825, ""0.3"": 0.18662215603722465, ""1"": 0.18542618221706814, ""3"": 0.18636813428666857, ""10"": 0.18521844016181097, ""30"": 0.18491694662306044, ""45"": 0.18578545252482095, ""65"": 0.18639914194742838, ""90"": 0.18764126300811768}",0.18864551999765197,0.18491694410793655,0.1979040749911361,110736,0.20789182049627522,0.8894863860757316
chronos2,wiki_daily_100k,2,L2,block_depth,True,0.16666666666666666,45.0,False,False,1e-05|0.0001|0.001|0.01|0.1|0.3|1|3|10|30|45|65|90,90.0,1e-05,13,0.01,0.45,chronos2_quantile_loss (SUM over quantiles) = 2Q x mean pinball,0.1823879877726237,"{""1e-05"": 3.3422534465789795, ""0.0001"": 3.345526695251465, ""0.001"": 3.3429856300354004, ""0.01"": 3.335674285888672, ""0.1"": 3.3228535652160645, ""0.3"": 3.311309337615967, ""1"": 3.302381753921509, ""3"": 3.295761823654175, ""10"": 3.2838146686553955, ""30"": 3.2831525802612305, ""45"": 3.2829837799072266, ""65"": 3.305121898651123, ""90"": 3.347177743911743}","{""1e-05"": 0.18568074703216553, ""0.0001"": 0.18586259418063691, ""0.001"": 0.18572142389085558, ""0.01"": 0.1853152381049262, ""0.1"": 0.18460297584533691, ""0.3"": 0.1839616298675537, ""1"": 0.18346565299563936, ""3"": 0.1830978790918986, ""10"": 0.18243414825863308, ""30"": 0.18239736557006836, ""45"": 0.1823879877726237, ""65"": 0.1836178832583957, ""90"": 0.18595431910620794}",0.1861694156027892,0.18238797771054824,0.1953362846135638,110736,0.20789182049627522,0.8773215669339721
chronos2,wiki_daily_100k,3,L3,block_depth,True,0.25,30.0,False,False,1e-05|0.0001|0.001|0.01|0.1|0.3|1|3|10|30|45|65|90,90.0,1e-05,13,0.01,0.3,chronos2_quantile_loss (SUM over quantiles) = 2Q x mean pinball,0.17815154128604463,"{""1e-05"": 3.3145315647125244, ""0.0001"": 3.3102736473083496, ""0.001"": 3.322873115539551, ""0.01"": 3.3187694549560547, ""0.1"": 3.3050453662872314, ""0.3"": 3.299656391143799, ""1"": 3.2542459964752197, ""3"": 3.221223831176758, ""10"": 3.2151856422424316, ""30"": 3.2067277431488037, ""45"": 3.218170166015625, ""65"": 3.230010747909546, ""90"": 3.2517924308776855}","{""1e-05"": 0.18414064248402912, ""0.0001"": 0.18390409151713052, ""0.001"": 0.18460406197441948, ""0.01"": 0.1843760808308919, ""0.1"": 0.18361363146040174, ""0.3"": 0.18331424395243326, ""1"": 0.1807914442486233, ""3"": 0.17895687950981987, ""10"": 0.17862142456902397, ""30"": 0.17815154128604463, ""45"": 0.1787872314453125, ""65"": 0.17944504155053032, ""90"": 0.1806551350487603}",0.1785437462121847,0.1781515458897325,0.1888052593091972,110736,0.20789182049627522,0.8569435077553925
chronos2,wiki_daily_100k,4,L4,block_depth,True,0.3333333333333333,30.0,False,False,1e-05|0.0001|0.001|0.01|0.1|0.3|1|3|10|30|45|65|90,90.0,1e-05,13,0.01,0.3,chronos2_quantile_loss (SUM over quantiles) = 2Q x mean pinball,0.17644984192318386,"{""1e-05"": 3.3392486572265625, ""0.0001"": 3.3358407020568848, ""0.001"": 3.344346046447754, ""0.01"": 3.3357489109039307, ""0.1"": 3.319840431213379, ""0.3"": 3.2990052700042725, ""1"": 3.2494609355926514, ""3"": 3.2172670364379883, ""10"": 3.1955807209014893, ""30"": 3.1760971546173096, ""45"": 3.1824824810028076, ""65"": 3.1877989768981934, ""90"": 3.2109153270721436}","{""1e-05"": 0.18551381429036456, ""0.0001"": 0.1853244834476047, ""0.001"": 0.18579700258043078, ""0.01"": 0.18531938393910724, ""0.1"": 0.18443557951185438, ""0.3"": 0.1832780705557929, ""1"": 0.18052560753292507, ""3"": 0.17873705757988823, ""10"": 0.17753226227230495, ""30"": 0.17644984192318386, ""45"": 0.17680458227793375, ""65"": 0.17709994316101074, ""90"": 0.1783841848373413}",0.174305873761325,0.17644984280790083,0.1859834653730611,110736,0.20789182049627522,0.8487579856998859
chronos2,wiki_daily_100k,5,L5,block_depth,True,0.4166666666666667,45.0,False,False,1e-05|0.0001|0.001|0.01|0.1|0.3|1|3|10|30|45|65|90,90.0,1e-05,13,0.01,0.45,chronos2_quantile_loss (SUM over quantiles) = 2Q x mean pinball,0.1755024856991238,"{""1e-05"": 3.349222183227539, ""0.0001"": 3.353997230529785, ""0.001"": 3.347773790359497, ""0.01"": 3.3493380546569824, ""0.1"": 3.335212469100952, ""0.3"": 3.3077263832092285, ""1"": 3.2578012943267822, ""3"": 3.211571455001831, ""10"": 3.180429458618164, ""30"": 3.1630170345306396, ""45"": 3.1590447425842285, ""65"": 3.1602652072906494, ""90"": 3.181882858276367}","{""1e-05"": 0.1860678990681966, ""0.0001"": 0.18633317947387695, ""0.001"": 0.18598743279774982, ""0.01"": 0.18607433636983234, ""0.1"": 0.18528958161671955, ""0.3"": 0.18376257684495714, ""1"": 0.18098896079593232, ""3"": 0.1784206363889906, ""10"": 0.1766905254787869, ""30"": 0.17572316858503553, ""45"": 0.1755024856991238, ""65"": 0.17557028929392496, ""90"": 0.1767712699042426}",0.1730055441890163,0.17550249694924774,0.1848223130609698,110736,0.20789182049627522,0.8442010682781634
chronos2,wiki_daily_100k,6,L6,block_depth,True,0.5,45.0,False,False,1e-05|0.0001|0.001|0.01|0.1|0.3|1|3|10|30|45|65|90,90.0,1e-05,13,0.01,0.45,chronos2_quantile_loss (SUM over quantiles) = 2Q x mean pinball,0.1752000782224867,"{""1e-05"": 3.389784574508667, ""0.0001"": 3.394373893737793, ""0.001"": 3.3908629417419434, ""0.01"": 3.3887009620666504, ""0.1"": 3.3703882694244385, ""0.3"": 3.3434205055236816, ""1"": 3.285835027694702, ""3"": 3.229752779006958, ""10"": 3.18156099319458, ""30"": 3.1561427116394043, ""45"": 3.1536014080047607, ""65"": 3.1548848152160645, ""90"": 3.1659398078918457}","{""1e-05"": 0.1883213652504815, ""0.0001"": 0.18857632742987737, ""0.001"": 0.18838127454121906, ""0.01"": 0.18826116455925834, ""0.1"": 0.18724379274580213, ""0.3"": 0.18574558364020452, ""1"": 0.18254639042748344, ""3"": 0.17943070994483099, ""10"": 0.17675338851081, ""30"": 0.17534126175774467, ""45"": 0.1752000782224867, ""65"": 0.17527137862311468, ""90"": 0.1758855448828803}",0.17157300130345216,0.17520008826244424,0.18386732037570186,110736,0.20789182049627522,0.8427464238093162
chronos2,wiki_daily_100k,7,L7,block_depth,True,0.5833333333333334,45.0,False,False,1e-05|0.0001|0.001|0.01|0.1|0.3|1|3|10|30|45|65|90,90.0,1e-05,13,0.01,0.45,chronos2_quantile_loss (SUM over quantiles) = 2Q x mean pinball,0.17514566580454508,"{""1e-05"": 3.4222664833068848, ""0.0001"": 3.4228386878967285, ""0.001"": 3.4181466102600098, ""0.01"": 3.41951322555542, ""0.1"": 3.404104471206665, ""0.3"": 3.366217613220215, ""1"": 3.303273916244507, ""3"": 3.237797260284424, ""10"": 3.186063051223755, ""30"": 3.155715227127075, ""45"": 3.1526219844818115, ""65"": 3.1528162956237793, ""90"": 3.1691548824310303}","{""1e-05"": 0.19012591573927137, ""0.0001"": 0.19015770488315156, ""0.001"": 0.18989703390333387, ""0.01"": 0.1899729569753011, ""0.1"": 0.18911691506703693, ""0.3"": 0.18701208962334526, ""1"": 0.18351521756913927, ""3"": 0.17987762557135686, ""10"": 0.17700350284576416, ""30"": 0.17531751261817083, ""45"": 0.17514566580454508, ""65"": 0.17515646086798772, ""90"": 0.17606416013505724}",0.17103058761693912,0.17514566269539694,0.18437056317356706,110736,0.20789182049627522,0.8424846262700124
chronos2,wiki_daily_100k,8,L8,block_depth,True,0.6666666666666666,65.0,False,False,1e-05|0.0001|0.001|0.01|0.1|0.3|1|3|10|30|45|65|90,90.0,1e-05,13,0.01,0.65,chronos2_quantile_loss (SUM over quantiles) = 2Q x mean pinball,0.17440806494818792,"{""1e-05"": 3.3992998600006104, ""0.0001"": 3.3956453800201416, ""0.001"": 3.3991317749023438, ""0.01"": 3.3930413722991943, ""0.1"": 3.378037214279175, ""0.3"": 3.3489444255828857, ""1"": 3.289804220199585, ""3"": 3.2288379669189453, ""10"": 3.1784489154815674, ""30"": 3.145338773727417, ""45"": 3.139876365661621, ""65"": 3.139345169067383, ""90"": 3.15492582321167}","{""1e-05"": 0.18884999222225612, ""0.0001"": 0.1886469655566745, ""0.001"": 0.18884065416124132, ""0.01"": 0.18850229846106634, ""0.1"": 0.1876687341266208, ""0.3"": 0.1860524680879381, ""1"": 0.18276690112219915, ""3"": 0.1793798870510525, ""10"": 0.17658049530453152, ""30"": 0.1747410429848565, ""45"": 0.17443757587009004, ""65"": 0.17440806494818792, ""90"": 0.17527365684509277}",0.17237872813415409,0.17440805695097866,0.1837917393400469,110736,0.20789182049627522,0.8389365994998514
chronos2,wiki_daily_100k,9,L9,block_depth,True,0.75,65.0,False,False,1e-05|0.0001|0.001|0.01|0.1|0.3|1|3|10|30|45|65|90,90.0,1e-05,13,0.01,0.65,chronos2_quantile_loss (SUM over quantiles) = 2Q x mean pinball,0.1734715700149536,"{""1e-05"": 3.409555673599243, ""0.0001"": 3.414731979370117, ""0.001"": 3.4110054969787598, ""0.01"": 3.410579204559326, ""0.1"": 3.385470151901245, ""0.3"": 3.3517754077911377, ""1"": 3.282491445541382, ""3"": 3.213491201400757, ""10"": 3.159053087234497, ""30"": 3.122622489929199, ""45"": 3.1226141452789307, ""65"": 3.122488260269165, ""90"": 3.147315502166748}","{""1e-05"": 0.18941975964440239, ""0.0001"": 0.1897073321872287, ""0.001"": 0.18950030538770887, ""0.01"": 0.1894766224755181, ""0.1"": 0.1880816751056247, ""0.3"": 0.18620974487728542, ""1"": 0.1823606358634101, ""3"": 0.1785272889667087, ""10"": 0.17550294929080537, ""30"": 0.17347902721828884, ""45"": 0.17347856362660724, ""65"": 0.1734715700149536, ""90"": 0.174850861231486}",0.17236261484393559,0.1734715721477534,0.18171876464181275,110736,0.20789182049627522,0.8344319258624294
chronos2,wiki_daily_100k,10,L10,block_depth,True,0.8333333333333334,45.0,False,False,1e-05|0.0001|0.001|0.01|0.1|0.3|1|3|10|30|45|65|90,90.0,1e-05,13,0.01,0.45,chronos2_quantile_loss (SUM over quantiles) = 2Q x mean pinball,0.17284124427371553,"{""1e-05"": 3.3808863162994385, ""0.0001"": 3.3785183429718018, ""0.001"": 3.3810689449310303, ""0.01"": 3.3770956993103027, ""0.1"": 3.3594460487365723, ""0.3"": 3.3217549324035645, ""1"": 3.264143943786621, ""3"": 3.2010650634765625, ""10"": 3.1483192443847656, ""30"": 3.115551710128784, ""45"": 3.11114239692688, ""65"": 3.115595579147339, ""90"": 3.1397788524627686}","{""1e-05"": 0.18782701757219103, ""0.0001"": 0.1876954634984334, ""0.001"": 0.18783716360727945, ""0.01"": 0.18761642773946124, ""0.1"": 0.18663589159647623, ""0.3"": 0.18454194068908691, ""1"": 0.18134133021036783, ""3"": 0.17783694797092012, ""10"": 0.17490662468804252, ""30"": 0.17308620611826578, ""45"": 0.17284124427371553, ""65"": 0.17308864328596327, ""90"": 0.1744321584701538}",0.1706875225280544,0.17284125156473112,0.18055583452734783,110736,0.20789182049627522,0.8313999615383035
chronos2,wiki_daily_100k,11,L11,block_depth,True,0.9166666666666666,65.0,False,False,1e-05|0.0001|0.001|0.01|0.1|0.3|1|3|10|30|45|65|90,90.0,1e-05,13,0.01,0.65,chronos2_quantile_loss (SUM over quantiles) = 2Q x mean pinball,0.17336583137512207,"{""1e-05"": 3.325200080871582, ""0.0001"": 3.3267080783843994, ""0.001"": 3.332622766494751, ""0.01"": 3.3309593200683594, ""0.1"": 3.306464433670044, ""0.3"": 3.2839107513427734, ""1"": 3.2316782474517822, ""3"": 3.18520450592041, ""10"": 3.141740322113037, ""30"": 3.1336402893066406, ""45"": 3.126322031021118, ""65"": 3.1205849647521973, ""90"": 3.147275924682617}","{""1e-05"": 0.184733337826199, ""0.0001"": 0.18481711546579996, ""0.001"": 0.18514570924970838, ""0.01"": 0.1850532955593533, ""0.1"": 0.18369246853722465, ""0.3"": 0.18243948618570963, ""1"": 0.1795376804139879, ""3"": 0.17695580588446722, ""10"": 0.17454112900627983, ""30"": 0.17409112718370226, ""45"": 0.173684557278951, ""65"": 0.17336583137512207, ""90"": 0.1748486624823676}",0.17360852212462055,0.17336584006272654,0.18155947120021318,110736,0.20789182049627522,0.8339233340151193
chronos2,wiki_daily_100k,12,L12,block_depth,True,1.0,30.0,False,False,1e-05|0.0001|0.001|0.01|0.1|0.3|1|3|10|30|45|65|90,90.0,1e-05,13,0.01,0.3,chronos2_quantile_loss (SUM over quantiles) = 2Q x mean pinball,0.17516554726494682,"{""1e-05"": 3.2812602519989014, ""0.0001"": 3.283268928527832, ""0.001"": 3.268990993499756, ""0.01"": 3.280430316925049, ""0.1"": 3.2753710746765137, ""0.3"": 3.236842393875122, ""1"": 3.2036972045898438, ""3"": 3.1815991401672363, ""10"": 3.1652910709381104, ""30"": 3.152979850769043, ""45"": 3.165181875228882, ""65"": 3.172039747238159, ""90"": 3.188502311706543}","{""1e-05"": 0.18229223622216117, ""0.0001"": 0.18240382936265734, ""0.001"": 0.18161061074998644, ""0.01"": 0.18224612871805826, ""0.1"": 0.18196505970425075, ""0.3"": 0.17982457743750677, ""1"": 0.17798317803276908, ""3"": 0.17675550778706867, ""10"": 0.17584950394100612, ""30"": 0.17516554726494682, ""45"": 0.17584343751271564, ""65"": 0.17622443040211994, ""90"": 0.17713901731703016}",0.1754266045308823,0.17516555324310565,0.18302840639957946,110736,0.20789182049627522,0.8425803036644439
chronos2,wiki_daily_100k,13,L12+LN,head_input_diagnostic,False,,45.0,False,False,1e-05|0.0001|0.001|0.01|0.1|0.3|1|3|10|30|45|65|90,90.0,1e-05,13,0.01,0.45,chronos2_quantile_loss (SUM over quantiles) = 2Q x mean pinball,0.1726769208908081,"{""1e-05"": 3.2441468238830566, ""0.0001"": 3.2437713146209717, ""0.001"": 3.2438862323760986, ""0.01"": 3.245934009552002, ""0.1"": 3.2435104846954346, ""0.3"": 3.1977057456970215, ""1"": 3.1651198863983154, ""3"": 3.1415419578552246, ""10"": 3.124601364135742, ""30"": 3.1113405227661133, ""45"": 3.108184576034546, ""65"": 3.127183198928833, ""90"": 3.1514790058135986}","{""1e-05"": 0.18023037910461426, ""0.0001"": 0.18020951747894287, ""0.001"": 0.18021590179867214, ""0.01"": 0.18032966719733343, ""0.1"": 0.18019502692752412, ""0.3"": 0.17765031920539007, ""1"": 0.1758399936887953, ""3"": 0.17453010876973468, ""10"": 0.1735889646742079, ""30"": 0.17285225126478407, ""45"": 0.1726769208908081, ""65"": 0.17373239994049072, ""90"": 0.17508216698964435}",0.17363545774259048,0.17267691208945432,0.1806426089086378,110736,0.20789182049627522,0.8306094567705619
chronos2,monash_traffic,0,Emb,block_depth,True,0.0,1e-05,False,True,1e-05|0.0001|0.001|0.01|0.1|0.3|1|3|10|30|45|65|90,90.0,1e-05,13,0.01,1.0000000000000001e-07,chronos2_quantile_loss (SUM over quantiles) = 2Q x mean pinball,0.19786797629462347,"{""1e-05"": 3.5616235733032227, ""0.0001"": 3.574497938156128, ""0.001"": 3.575355052947998, ""0.01"": 3.594081163406372, ""0.1"": 3.6039562225341797, ""0.3"": 3.578233003616333, ""1"": 3.586829423904419, ""3"": 3.6108458042144775, ""10"": 3.6670079231262207, ""30"": 3.8501687049865723, ""45"": 3.8663041591644287, ""65"": 3.872389554977417, ""90"": 4.175017356872559}","{""1e-05"": 0.19786797629462347, ""0.0001"": 0.19858321878645155, ""0.001"": 0.19863083627488876, ""0.01"": 0.19967117574479842, ""0.1"": 0.20021979014078775, ""0.3"": 0.1987907224231296, ""1"": 0.19926830132802326, ""3"": 0.20060254467858207, ""10"": 0.20372266239590114, ""30"": 0.21389826138814289, ""45"": 0.21479467550913492, ""65"": 0.21513275305430093, ""90"": 0.23194540871514213}",0.2352411701174258,0.19786798601387112,0.2063782860645811,110736,0.1960542057818584,1.0092514222012194
chronos2,monash_traffic,1,L1,block_depth,True,0.08333333333333333,0.001,False,False,1e-05|0.0001|0.001|0.01|0.1|0.3|1|3|10|30|45|65|90,90.0,1e-05,13,0.01,1e-05,chronos2_quantile_loss (SUM over quantiles) = 2Q x mean pinball,0.16376749674479166,"{""1e-05"": 2.962566375732422, ""0.0001"": 2.9553141593933105, ""0.001"": 2.94781494140625, ""0.01"": 2.9671225547790527, ""0.1"": 2.948585033416748, ""0.3"": 2.959937572479248, ""1"": 2.9806864261627197, ""3"": 2.9865753650665283, ""10"": 3.0275015830993652, ""30"": 3.0398335456848145, ""45"": 3.0283215045928955, ""65"": 3.0318334102630615, ""90"": 3.105786085128784}","{""1e-05"": 0.16458702087402344, ""0.0001"": 0.16418411996629503, ""0.001"": 0.16376749674479166, ""0.01"": 0.1648401419321696, ""0.1"": 0.16381027963426378, ""0.3"": 0.1644409762488471, ""1"": 0.1655936903423733, ""3"": 0.16592085361480713, ""10"": 0.16819453239440918, ""30"": 0.16887964142693412, ""45"": 0.16824008358849418, ""65"": 0.16843518945905897, ""90"": 0.17254367139604357}",0.17483901162464785,0.1637674947162621,0.16622112822214155,110736,0.1960542057818584,0.835317426949155
chronos2,monash_traffic,2,L2,block_depth,True,0.16666666666666666,3.0,False,False,1e-05|0.0001|0.001|0.01|0.1|0.3|1|3|10|30|45|65|90,90.0,1e-05,13,0.01,0.03,chronos2_quantile_loss (SUM over quantiles) = 2Q x mean pinball,0.10738049613104926,"{""1e-05"": 1.995363712310791, ""0.0001"": 1.962799310684204, ""0.001"": 1.9738075733184814, ""0.01"": 1.9723893404006958, ""0.1"": 1.9725627899169922, ""0.3"": 1.9567039012908936, ""1"": 1.951339840888977, ""3"": 1.9328489303588867, ""10"": 1.9746745824813843, ""30"": 2.0405123233795166, ""45"": 2.115544557571411, ""65"": 2.1687259674072266, ""90"": 2.3382394313812256}","{""1e-05"": 0.11085353957282172, ""0.0001"": 0.10904440614912245, ""0.001"": 0.10965597629547119, ""0.01"": 0.10957718557781643, ""0.1"": 0.10958682166205512, ""0.3"": 0.10870577229393852, ""1"": 0.1084077689382765, ""3"": 0.10738049613104926, ""10"": 0.10970414347118801, ""30"": 0.11336179574330647, ""45"": 0.11753025319841172, ""65"": 0.12048477596706814, ""90"": 0.1299021906322903}",0.12264244145095092,0.10738049928127354,0.11617331448515864,110736,0.1960542057818584,0.5477082159652902
chronos2,monash_traffic,3,L3,block_depth,True,0.25,30.0,False,False,1e-05|0.0001|0.001|0.01|0.1|0.3|1|3|10|30|45|65|90,90.0,1e-05,13,0.01,0.3,chronos2_quantile_loss (SUM over quantiles) = 2Q x mean pinball,0.10654638873206244,"{""1e-05"": 2.0270347595214844, ""0.0001"": 2.0562634468078613, ""0.001"": 2.04040789604187, ""0.01"": 2.042239189147949, ""0.1"": 2.0283188819885254, ""0.3"": 2.01720929145813, ""1"": 2.001338005065918, ""3"": 1.9898271560668945, ""10"": 1.958927035331726, ""30"": 1.917834997177124, ""45"": 1.920237421989441, ""65"": 1.951518177986145, ""90"": 1.9696389436721802}","{""1e-05"": 0.11261304219563802, ""0.0001"": 0.11423685815599229, ""0.001"": 0.11335599422454834, ""0.01"": 0.11345773273044162, ""0.1"": 0.11268438233269584, ""0.3"": 0.11206718285878499, ""1"": 0.11118544472588432, ""3"": 0.11054595311482747, ""10"": 0.10882927974065144, ""30"": 0.10654638873206244, ""45"": 0.10667985677719116, ""65"": 0.10841767655478583, ""90"": 0.10942438575956556}",0.09364463870481747,0.10654639356008923,0.09153524302799283,110736,0.1960542057818584,0.5434537511459413
chronos2,monash_traffic,4,L4,block_depth,True,0.3333333333333333,65.0,False,False,1e-05|0.0001|0.001|0.01|0.1|0.3|1|3|10|30|45|65|90,90.0,1e-05,13,0.01,0.65,chronos2_quantile_loss (SUM over quantiles) = 2Q x mean pinball,0.1091051697731018,"{""1e-05"": 2.053955078125, ""0.0001"": 2.0699639320373535, ""0.001"": 2.0330252647399902, ""0.01"": 2.022197961807251, ""0.1"": 2.0266191959381104, ""0.3"": 2.0642926692962646, ""1"": 2.020610809326172, ""3"": 2.0008554458618164, ""10"": 2.0025508403778076, ""30"": 1.9717216491699219, ""45"": 1.9690430164337158, ""65"": 1.9638930559158325, ""90"": 1.982836127281189}","{""1e-05"": 0.11410861545138888, ""0.0001"": 0.1149979962242974, ""0.001"": 0.11294584804111056, ""0.01"": 0.11234433121151394, ""0.1"": 0.11258995532989502, ""0.3"": 0.11468292607201469, ""1"": 0.11225615607367621, ""3"": 0.11115863588121201, ""10"": 0.11125282446543375, ""30"": 0.10954009162055121, ""45"": 0.10939127869076198, ""65"": 0.1091051697731018, ""90"": 0.11015756262673271}",0.09302646129083428,0.10910516990106979,0.09124074644544197,110736,0.1960542057818584,0.5565051229886224
chronos2,monash_traffic,5,L5,block_depth,True,0.4166666666666667,10.0,False,False,1e-05|0.0001|0.001|0.01|0.1|0.3|1|3|10|30|45|65|90,90.0,1e-05,13,0.01,0.1,chronos2_quantile_loss (SUM over quantiles) = 2Q x mean pinball,0.1092002789179484,"{""1e-05"": 2.0251333713531494, ""0.0001"": 2.106241226196289, ""0.001"": 2.027564287185669, ""0.01"": 2.0705244541168213, ""0.1"": 2.032803773880005, ""0.3"": 2.000911235809326, ""1"": 2.0504062175750732, ""3"": 1.9738222360610962, ""10"": 1.9656050205230713, ""30"": 1.9837253093719482, ""45"": 1.9877163171768188, ""65"": 1.974926233291626, ""90"": 2.0408132076263428}","{""1e-05"": 0.1125074095196194, ""0.0001"": 0.11701340145534939, ""0.001"": 0.11264246039920382, ""0.01"": 0.1150291363398234, ""0.1"": 0.1129335429933336, ""0.3"": 0.11116173532274033, ""1"": 0.11391145653194851, ""3"": 0.10965679089228311, ""10"": 0.1092002789179484, ""30"": 0.1102069616317749, ""45"": 0.11042868428760104, ""65"": 0.10971812407175699, ""90"": 0.11337851153479682}",0.08180123484203086,0.10920027967627721,0.09241131966123144,110736,0.1960542057818584,0.556990242778979
chronos2,monash_traffic,6,L6,block_depth,True,0.5,30.0,False,False,1e-05|0.0001|0.001|0.01|0.1|0.3|1|3|10|30|45|65|90,90.0,1e-05,13,0.01,0.3,chronos2_quantile_loss (SUM over quantiles) = 2Q x mean pinball,0.10621846384472317,"{""1e-05"": 1.9910944700241089, ""0.0001"": 1.9916220903396606, ""0.001"": 2.0186662673950195, ""0.01"": 2.019052505493164, ""0.1"": 1.9747368097305298, ""0.3"": 1.992940902709961, ""1"": 1.9802321195602417, ""3"": 1.9298371076583862, ""10"": 1.9578673839569092, ""30"": 1.911932349205017, ""45"": 1.932044506072998, ""65"": 2.0020816326141357, ""90"": 2.074120044708252}","{""1e-05"": 0.11061635944578382, ""0.0001"": 0.1106456716855367, ""0.001"": 0.11214812596638997, ""0.01"": 0.11216958363850911, ""0.1"": 0.10970760054058498, ""0.3"": 0.11071893903944227, ""1"": 0.11001289553112453, ""3"": 0.10721317264768812, ""10"": 0.10877041021982828, ""30"": 0.10621846384472317, ""45"": 0.10733580589294434, ""65"": 0.11122675736745198, ""90"": 0.11522889137268066}",0.08275036716638627,0.10621846337866692,0.09287052175015893,110736,0.1960542057818584,0.5417811005638508
chronos2,monash_traffic,7,L7,block_depth,True,0.5833333333333334,1.0,False,False,1e-05|0.0001|0.001|0.01|0.1|0.3|1|3|10|30|45|65|90,90.0,1e-05,13,0.01,0.01,chronos2_quantile_loss (SUM over quantiles) = 2Q x mean pinball,0.10063444905810885,"{""1e-05"": 1.8945380449295044, ""0.0001"": 1.9140149354934692, ""0.001"": 1.8958314657211304, ""0.01"": 1.869106650352478, ""0.1"": 1.9035604000091553, ""0.3"": 1.8478604555130005, ""1"": 1.8114200830459595, ""3"": 1.8462951183319092, ""10"": 1.8446890115737915, ""30"": 1.8784862756729126, ""45"": 1.920282244682312, ""65"": 1.9368356466293335, ""90"": 2.004099130630493}","{""1e-05"": 0.10525211360719468, ""0.0001"": 0.1063341630829705, ""0.001"": 0.10532397031784058, ""0.01"": 0.10383925835291544, ""0.1"": 0.10575335555606417, ""0.3"": 0.10265891419516669, ""1"": 0.10063444905810885, ""3"": 0.1025719510184394, ""10"": 0.10248272286521064, ""30"": 0.10436034864849514, ""45"": 0.10668234692679511, ""65"": 0.1076019803682963, ""90"": 0.11133884059058295}",0.07601793995728366,0.10063444978010108,0.09164751187421893,110736,0.1960542057818584,0.5132991122469108
chronos2,monash_traffic,8,L8,block_depth,True,0.6666666666666666,1.0,False,False,1e-05|0.0001|0.001|0.01|0.1|0.3|1|3|10|30|45|65|90,90.0,1e-05,13,0.01,0.01,chronos2_quantile_loss (SUM over quantiles) = 2Q x mean pinball,0.10090284215079413,"{""1e-05"": 1.8935502767562866, ""0.0001"": 1.878558874130249, ""0.001"": 1.8843967914581299, ""0.01"": 1.8632545471191406, ""0.1"": 1.862417221069336, ""0.3"": 1.8402777910232544, ""1"": 1.8162511587142944, ""3"": 1.824985146522522, ""10"": 1.85880708694458, ""30"": 1.8252050876617432, ""45"": 1.8234188556671143, ""65"": 1.882158875465393, ""90"": 1.958953857421875}","{""1e-05"": 0.10519723759757148, ""0.0001"": 0.10436438189612494, ""0.001"": 0.10468871063656277, ""0.01"": 0.10351414150661892, ""0.1"": 0.10346762339274088, ""0.3"": 0.10223765505684745, ""1"": 0.10090284215079413, ""3"": 0.10138806369569565, ""10"": 0.10326706038581, ""30"": 0.10140028264787461, ""45"": 0.1013010475370619, ""65"": 0.1045643819702996, ""90"": 0.10883076985677083}",0.07470831836452187,0.10090284578445304,0.09159875629853656,110736,0.1960542057818584,0.5146681010083689
chronos2,monash_traffic,9,L9,block_depth,True,0.75,3.0,False,False,1e-05|0.0001|0.001|0.01|0.1|0.3|1|3|10|30|45|65|90,90.0,1e-05,13,0.01,0.03,chronos2_quantile_loss (SUM over quantiles) = 2Q x mean pinball,0.0984187192387051,"{""1e-05"": 1.8718578815460205, ""0.0001"": 1.8409905433654785, ""0.001"": 1.8655287027359009, ""0.01"": 1.876648187637329, ""0.1"": 1.8515374660491943, ""0.3"": 1.8199653625488281, ""1"": 1.8114449977874756, ""3"": 1.771536946296692, ""10"": 1.8099451065063477, ""30"": 1.8131486177444458, ""45"": 1.8419557809829712, ""65"": 1.892699956893921, ""90"": 1.9610209465026855}","{""1e-05"": 0.10399210453033447, ""0.0001"": 0.10227725240919325, ""0.001"": 0.10364048348532783, ""0.01"": 0.10425823264651828, ""0.1"": 0.10286319255828857, ""0.3"": 0.10110918680826822, ""1"": 0.1006358332104153, ""3"": 0.0984187192387051, ""10"": 0.10055250591701931, ""30"": 0.10073047876358032, ""45"": 0.10233087672127616, ""65"": 0.10514999760521782, ""90"": 0.10894560813903809}",0.07662111756470659,0.0984187183887449,0.08989918032902798,110736,0.1960542057818584,0.5019974858292581
chronos2,monash_traffic,10,L10,block_depth,True,0.8333333333333334,10.0,False,False,1e-05|0.0001|0.001|0.01|0.1|0.3|1|3|10|30|45|65|90,90.0,1e-05,13,0.01,0.1,chronos2_quantile_loss (SUM over quantiles) = 2Q x mean pinball,0.09567678636974758,"{""1e-05"": 1.8357003927230835, ""0.0001"": 1.8529623746871948, ""0.001"": 1.832635521888733, ""0.01"": 1.8714892864227295, ""0.1"": 1.8309298753738403, ""0.3"": 1.8148139715194702, ""1"": 1.7827905416488647, ""3"": 1.7593507766723633, ""10"": 1.7221821546554565, ""30"": 1.7624603509902954, ""45"": 1.7868629693984985, ""65"": 1.8023046255111694, ""90"": 1.8741389513015747}","{""1e-05"": 0.10198335515128241, ""0.0001"": 0.1029423541492886, ""0.001"": 0.10181308454937404, ""0.01"": 0.10397162702348496, ""0.1"": 0.10171832640965779, ""0.3"": 0.10082299841774833, ""1"": 0.09904391898049247, ""3"": 0.09774170981513129, ""10"": 0.09567678636974758, ""30"": 0.0979144639439053, ""45"": 0.09927016496658325, ""65"": 0.10012803475062051, ""90"": 0.10411883062786526}",0.07902386405343562,0.09567678704118456,0.08545340434114897,110736,0.1960542057818584,0.48801190803139544
chronos2,monash_traffic,11,L11,block_depth,True,0.9166666666666666,10.0,False,False,1e-05|0.0001|0.001|0.01|0.1|0.3|1|3|10|30|45|65|90,90.0,1e-05,13,0.01,0.1,chronos2_quantile_loss (SUM over quantiles) = 2Q x mean pinball,0.09154646926456027,"{""1e-05"": 1.8216685056686401, ""0.0001"": 1.8038314580917358, ""0.001"": 1.833806037902832, ""0.01"": 1.8408955335617065, ""0.1"": 1.8154020309448242, ""0.3"": 1.8077588081359863, ""1"": 1.7179028987884521, ""3"": 1.6967029571533203, ""10"": 1.647836446762085, ""30"": 1.6826344728469849, ""45"": 1.6671624183654785, ""65"": 1.678335428237915, ""90"": 1.770764708518982}","{""1e-05"": 0.10120380587048, ""0.0001"": 0.10021285878287421, ""0.001"": 0.101878113216824, ""0.01"": 0.10227197408676147, ""0.1"": 0.10085566838582356, ""0.3"": 0.10043104489644368, ""1"": 0.09543904993269178, ""3"": 0.09426127539740668, ""10"": 0.09154646926456027, ""30"": 0.0934796929359436, ""45"": 0.0926201343536377, ""65"": 0.09324085712432861, ""90"": 0.09837581713994344}",0.07835270993283266,0.09154646422799306,0.08419937361742703,110736,0.1960542057818584,0.46694465881468067
chronos2,monash_traffic,12,L12,block_depth,True,1.0,45.0,False,False,1e-05|0.0001|0.001|0.01|0.1|0.3|1|3|10|30|45|65|90,90.0,1e-05,13,0.01,0.45,chronos2_quantile_loss (SUM over quantiles) = 2Q x mean pinball,0.08749913507037692,"{""1e-05"": 1.7945219278335571, ""0.0001"": 1.8014743328094482, ""0.001"": 1.774200439453125, ""0.01"": 1.7799038887023926, ""0.1"": 1.7841250896453857, ""0.3"": 1.7827707529067993, ""1"": 1.7129247188568115, ""3"": 1.668846607208252, ""10"": 1.6194621324539185, ""30"": 1.5884100198745728, ""45"": 1.5749844312667847, ""65"": 1.5867232084274292, ""90"": 1.679616928100586}","{""1e-05"": 0.09969566265741983, ""0.0001"": 0.10008190737830268, ""0.001"": 0.09856669108072916, ""0.01"": 0.09888354937235513, ""0.1"": 0.09911806053585476, ""0.3"": 0.0990428196059333, ""1"": 0.09516248438093397, ""3"": 0.09271370040045844, ""10"": 0.08997011846966213, ""30"": 0.08824500110414292, ""45"": 0.08749913507037692, ""65"": 0.0881512893570794, ""90"": 0.09331205156114365}",0.08047777309030338,0.08749914038499804,0.08432700820551574,110736,0.1960542057818584,0.4463007566507132
chronos2,monash_traffic,13,L12+LN,head_input_diagnostic,False,,30.0,False,False,1e-05|0.0001|0.001|0.01|0.1|0.3|1|3|10|30|45|65|90,90.0,1e-05,13,0.01,0.3,chronos2_quantile_loss (SUM over quantiles) = 2Q x mean pinball,0.08343519767125447,"{""1e-05"": 1.7111550569534302, ""0.0001"": 1.766428828239441, ""0.001"": 1.7234457731246948, ""0.01"": 1.7281806468963623, ""0.1"": 1.7186042070388794, ""0.3"": 1.6957306861877441, ""1"": 1.6748756170272827, ""3"": 1.6421289443969727, ""10"": 1.550531029701233, ""30"": 1.5018335580825806, ""45"": 1.5033674240112305, ""65"": 1.5494312047958374, ""90"": 1.6741796731948853}","{""1e-05"": 0.09506416983074611, ""0.0001"": 0.09813493490219116, ""0.001"": 0.09574698739581637, ""0.01"": 0.09601003593868679, ""0.1"": 0.09547801150215997, ""0.3"": 0.09420726034376356, ""1"": 0.0930486453904046, ""3"": 0.09122938579983181, ""10"": 0.0861406127611796, ""30"": 0.08343519767125447, ""45"": 0.08352041244506836, ""65"": 0.08607951137754652, ""90"": 0.09300998184416029}",0.07588310167861506,0.08343519432512858,0.07715939468782367,110736,0.1960542057818584,0.4255720707056066
timesfm3,m4_hourly,0,Emb,block_depth,True,0.0,65.0,False,False,1e-05|0.0001|0.001|0.01|0.1|0.3|1|3|10|30|45|65|90,90.0,1e-05,13,0.01,0.65,"mean pinball over (batch, quantiles, horizon)",0.17203259468078613,"{""1e-05"": 0.19861480593681335, ""0.0001"": 0.19616355001926422, ""0.001"": 0.19958364963531494, ""0.01"": 0.20096497237682343, ""0.1"": 0.19342081248760223, ""0.3"": 0.20112477242946625, ""1"": 0.19838522374629974, ""3"": 0.18809285759925842, ""10"": 0.17912930250167847, ""30"": 0.17384514212608337, ""45"": 0.17317156493663788, ""65"": 0.17203259468078613, ""90"": 0.17796078324317932}","{""1e-05"": 0.19861480593681335, ""0.0001"": 0.19616355001926422, ""0.001"": 0.19958364963531494, ""0.01"": 0.20096497237682343, ""0.1"": 0.19342081248760223, ""0.3"": 0.20112477242946625, ""1"": 0.19838522374629974, ""3"": 0.18809285759925842, ""10"": 0.17912930250167847, ""30"": 0.17384514212608337, ""45"": 0.17317156493663788, ""65"": 0.17203259468078613, ""90"": 0.17796078324317932}",0.14356832206249237,0.17203259468078613,0.1732410043478012,737856,0.3730808057971583,0.46111349607816376
timesfm3,m4_hourly,1,L1,block_depth,True,0.05,45.0,False,False,1e-05|0.0001|0.001|0.01|0.1|0.3|1|3|10|30|45|65|90,90.0,1e-05,13,0.01,0.45,"mean pinball over (batch, quantiles, horizon)",0.16071894764900208,"{""1e-05"": 0.18466641008853912, ""0.0001"": 0.18826821446418762, ""0.001"": 0.18563808500766754, ""0.01"": 0.18796594440937042, ""0.1"": 0.18401974439620972, ""0.3"": 0.18545015156269073, ""1"": 0.17850783467292786, ""3"": 0.17218632996082306, ""10"": 0.16281376779079437, ""30"": 0.1624210774898529, ""45"": 0.16071894764900208, ""65"": 0.16241154074668884, ""90"": 0.16642658412456512}","{""1e-05"": 0.18466641008853912, ""0.0001"": 0.18826821446418762, ""0.001"": 0.18563808500766754, ""0.01"": 0.18796594440937042, ""0.1"": 0.18401974439620972, ""0.3"": 0.18545015156269073, ""1"": 0.17850783467292786, ""3"": 0.17218632996082306, ""10"": 0.16281376779079437, ""30"": 0.1624210774898529, ""45"": 0.16071894764900208, ""65"": 0.16241154074668884, ""90"": 0.16642658412456512}",0.12647251784801483,0.16071894764900208,0.1558639258146286,737856,0.3730808057971583,0.430788572211844
timesfm3,m4_hourly,2,L2,block_depth,True,0.1,30.0,False,False,1e-05|0.0001|0.001|0.01|0.1|0.3|1|3|10|30|45|65|90,90.0,1e-05,13,0.01,0.3,"mean pinball over (batch, quantiles, horizon)",0.1506146490573883,"{""1e-05"": 0.19933538138866425, ""0.0001"": 0.1910908818244934, ""0.001"": 0.1931256353855133, ""0.01"": 0.19427929818630219, ""0.1"": 0.19041690230369568, ""0.3"": 0.1887684464454651, ""1"": 0.19030077755451202, ""3"": 0.16985531151294708, ""10"": 0.15676090121269226, ""30"": 0.1506146490573883, ""45"": 0.1546149104833603, ""65"": 0.15801113843917847, ""90"": 0.16359031200408936}","{""1e-05"": 0.19933538138866425, ""0.0001"": 0.1910908818244934, ""0.001"": 0.1931256353855133, ""0.01"": 0.19427929818630219, ""0.1"": 0.19041690230369568, ""0.3"": 0.1887684464454651, ""1"": 0.19030077755451202, ""3"": 0.16985531151294708, ""10"": 0.15676090121269226, ""30"": 0.1506146490573883, ""45"": 0.1546149104833603, ""65"": 0.15801113843917847, ""90"": 0.16359031200408936}",0.11681780964136124,0.1506146490573883,0.15136978030204773,737856,0.3730808057971583,0.4037051671301379
timesfm3,m4_hourly,3,L3,block_depth,True,0.15,30.0,False,False,1e-05|0.0001|0.001|0.01|0.1|0.3|1|3|10|30|45|65|90,90.0,1e-05,13,0.01,0.3,"mean pinball over (batch, quantiles, horizon)",0.14158566296100616,"{""1e-05"": 0.18093034625053406, ""0.0001"": 0.17911367118358612, ""0.001"": 0.17660528421401978, ""0.01"": 0.17885108292102814, ""0.1"": 0.17520324885845184, ""0.3"": 0.17264880239963531, ""1"": 0.16279812157154083, ""3"": 0.1582159399986267, ""10"": 0.14545346796512604, ""30"": 0.14158566296100616, ""45"": 0.14249074459075928, ""65"": 0.14726188778877258, ""90"": 0.14699827134609222}","{""1e-05"": 0.18093034625053406, ""0.0001"": 0.17911367118358612, ""0.001"": 0.17660528421401978, ""0.01"": 0.17885108292102814, ""0.1"": 0.17520324885845184, ""0.3"": 0.17264880239963531, ""1"": 0.16279812157154083, ""3"": 0.1582159399986267, ""10"": 0.14545346796512604, ""30"": 0.14158566296100616, ""45"": 0.14249074459075928, ""65"": 0.14726188778877258, ""90"": 0.14699827134609222}",0.10617350041866302,0.14158566296100616,0.14616887271404266,737856,0.3730808057971583,0.37950401296706054
timesfm3,m4_hourly,4,L4,block_depth,True,0.2,30.0,False,False,1e-05|0.0001|0.001|0.01|0.1|0.3|1|3|10|30|45|65|90,90.0,1e-05,13,0.01,0.3,"mean pinball over (batch, quantiles, horizon)",0.13576865196228027,"{""1e-05"": 0.17121121287345886, ""0.0001"": 0.167521670460701, ""0.001"": 0.1693180501461029, ""0.01"": 0.17222248017787933, ""0.1"": 0.1670393943786621, ""0.3"": 0.1632155179977417, ""1"": 0.15548427402973175, ""3"": 0.14952200651168823, ""10"": 0.14194142818450928, ""30"": 0.13576865196228027, ""45"": 0.1371491253376007, ""65"": 0.14066165685653687, ""90"": 0.14166168868541718}","{""1e-05"": 0.17121121287345886, ""0.0001"": 0.167521670460701, ""0.001"": 0.1693180501461029, ""0.01"": 0.17222248017787933, ""0.1"": 0.1670393943786621, ""0.3"": 0.1632155179977417, ""1"": 0.15548427402973175, ""3"": 0.14952200651168823, ""10"": 0.14194142818450928, ""30"": 0.13576865196228027, ""45"": 0.1371491253376007, ""65"": 0.14066165685653687, ""90"": 0.14166168868541718}",0.10126782953739166,0.13576865196228027,0.14442050457000732,737856,0.3730808057971583,0.36391218699172867
timesfm3,m4_hourly,5,L5,block_depth,True,0.25,30.0,False,False,1e-05|0.0001|0.001|0.01|0.1|0.3|1|3|10|30|45|65|90,90.0,1e-05,13,0.01,0.3,"mean pinball over (batch, quantiles, horizon)",0.1290108561515808,"{""1e-05"": 0.16508010029792786, ""0.0001"": 0.16638217866420746, ""0.001"": 0.16760481894016266, ""0.01"": 0.16768039762973785, ""0.1"": 0.16165649890899658, ""0.3"": 0.15590864419937134, ""1"": 0.1516791582107544, ""3"": 0.14344201982021332, ""10"": 0.1324661821126938, ""30"": 0.1290108561515808, ""45"": 0.13077028095722198, ""65"": 0.13329148292541504, ""90"": 0.13739627599716187}","{""1e-05"": 0.16508010029792786, ""0.0001"": 0.16638217866420746, ""0.001"": 0.16760481894016266, ""0.01"": 0.16768039762973785, ""0.1"": 0.16165649890899658, ""0.3"": 0.15590864419937134, ""1"": 0.1516791582107544, ""3"": 0.14344201982021332, ""10"": 0.1324661821126938, ""30"": 0.1290108561515808, ""45"": 0.13077028095722198, ""65"": 0.13329148292541504, ""90"": 0.13739627599716187}",0.09634348005056381,0.1290108561515808,0.14219677448272705,737856,0.3730808057971583,0.3457986960115102
timesfm3,m4_hourly,6,L6,block_depth,True,0.3,30.0,False,False,1e-05|0.0001|0.001|0.01|0.1|0.3|1|3|10|30|45|65|90,90.0,1e-05,13,0.01,0.3,"mean pinball over (batch, quantiles, horizon)",0.13077227771282196,"{""1e-05"": 0.1696998029947281, ""0.0001"": 0.1685762107372284, ""0.001"": 0.16680239140987396, ""0.01"": 0.16898897290229797, ""0.1"": 0.1634581834077835, ""0.3"": 0.15633361041545868, ""1"": 0.1500641107559204, ""3"": 0.1473054140806198, ""10"": 0.13583333790302277, ""30"": 0.13077227771282196, ""45"": 0.1316470354795456, ""65"": 0.13743311166763306, ""90"": 0.13925044238567352}","{""1e-05"": 0.1696998029947281, ""0.0001"": 0.1685762107372284, ""0.001"": 0.16680239140987396, ""0.01"": 0.16898897290229797, ""0.1"": 0.1634581834077835, ""0.3"": 0.15633361041545868, ""1"": 0.1500641107559204, ""3"": 0.1473054140806198, ""10"": 0.13583333790302277, ""30"": 0.13077227771282196, ""45"": 0.1316470354795456, ""65"": 0.13743311166763306, ""90"": 0.13925044238567352}",0.09379089623689651,0.13077227771282196,0.13865062594413757,737856,0.3730808057971583,0.3505199830192337
timesfm3,m4_hourly,7,L7,block_depth,True,0.35,45.0,False,False,1e-05|0.0001|0.001|0.01|0.1|0.3|1|3|10|30|45|65|90,90.0,1e-05,13,0.01,0.45,"mean pinball over (batch, quantiles, horizon)",0.12952853739261627,"{""1e-05"": 0.16730985045433044, ""0.0001"": 0.17264708876609802, ""0.001"": 0.16944818198680878, ""0.01"": 0.17039072513580322, ""0.1"": 0.1687239706516266, ""0.3"": 0.16050881147384644, ""1"": 0.1510487049818039, ""3"": 0.14713500440120697, ""10"": 0.13528984785079956, ""30"": 0.12973953783512115, ""45"": 0.12952853739261627, ""65"": 0.1356661319732666, ""90"": 0.13613158464431763}","{""1e-05"": 0.16730985045433044, ""0.0001"": 0.17264708876609802, ""0.001"": 0.16944818198680878, ""0.01"": 0.17039072513580322, ""0.1"": 0.1687239706516266, ""0.3"": 0.16050881147384644, ""1"": 0.1510487049818039, ""3"": 0.14713500440120697, ""10"": 0.13528984785079956, ""30"": 0.12973953783512115, ""45"": 0.12952853739261627, ""65"": 0.1356661319732666, ""90"": 0.13613158464431763}",0.09392794221639633,0.12952853739261627,0.14043185114860535,737856,0.3730808057971583,0.3471862807732868
timesfm3,m4_hourly,8,L8,block_depth,True,0.4,30.0,False,False,1e-05|0.0001|0.001|0.01|0.1|0.3|1|3|10|30|45|65|90,90.0,1e-05,13,0.01,0.3,"mean pinball over (batch, quantiles, horizon)",0.1284043937921524,"{""1e-05"": 0.16891568899154663, ""0.0001"": 0.17002782225608826, ""0.001"": 0.17099526524543762, ""0.01"": 0.16918398439884186, ""0.1"": 0.16587026417255402, ""0.3"": 0.15689602494239807, ""1"": 0.15101215243339539, ""3"": 0.1421472281217575, ""10"": 0.13384774327278137, ""30"": 0.1284043937921524, ""45"": 0.13149245083332062, ""65"": 0.13414952158927917, ""90"": 0.1388678401708603}","{""1e-05"": 0.16891568899154663, ""0.0001"": 0.17002782225608826, ""0.001"": 0.17099526524543762, ""0.01"": 0.16918398439884186, ""0.1"": 0.16587026417255402, ""0.3"": 0.15689602494239807, ""1"": 0.15101215243339539, ""3"": 0.1421472281217575, ""10"": 0.13384774327278137, ""30"": 0.1284043937921524, ""45"": 0.13149245083332062, ""65"": 0.13414952158927917, ""90"": 0.1388678401708603}",0.09014955908060074,0.1284043937921524,0.1414291262626648,737856,0.3730808057971583,0.34417314371826746
timesfm3,m4_hourly,9,L9,block_depth,True,0.45,30.0,False,False,1e-05|0.0001|0.001|0.01|0.1|0.3|1|3|10|30|45|65|90,90.0,1e-05,13,0.01,0.3,"mean pinball over (batch, quantiles, horizon)",0.1297493577003479,"{""1e-05"": 0.17259490489959717, ""0.0001"": 0.17293502390384674, ""0.001"": 0.17347128689289093, ""0.01"": 0.17499734461307526, ""0.1"": 0.16551867127418518, ""0.3"": 0.16010348498821259, ""1"": 0.1523841917514801, ""3"": 0.14636361598968506, ""10"": 0.1336977630853653, ""30"": 0.1297493577003479, ""45"": 0.13222648203372955, ""65"": 0.13477803766727448, ""90"": 0.1399248093366623}","{""1e-05"": 0.17259490489959717, ""0.0001"": 0.17293502390384674, ""0.001"": 0.17347128689289093, ""0.01"": 0.17499734461307526, ""0.1"": 0.16551867127418518, ""0.3"": 0.16010348498821259, ""1"": 0.1523841917514801, ""3"": 0.14636361598968506, ""10"": 0.1336977630853653, ""30"": 0.1297493577003479, ""45"": 0.13222648203372955, ""65"": 0.13477803766727448, ""90"": 0.1399248093366623}",0.08878546208143234,0.1297493577003479,0.1420772820711136,737856,0.3730808057971583,0.34777816409802603
timesfm3,m4_hourly,10,L10,block_depth,True,0.5,30.0,False,False,1e-05|0.0001|0.001|0.01|0.1|0.3|1|3|10|30|45|65|90,90.0,1e-05,13,0.01,0.3,"mean pinball over (batch, quantiles, horizon)",0.13224749267101288,"{""1e-05"": 0.1775476038455963, ""0.0001"": 0.17929229140281677, ""0.001"": 0.17669716477394104, ""0.01"": 0.17675542831420898, ""0.1"": 0.16972830891609192, ""0.3"": 0.16557486355304718, ""1"": 0.1537146121263504, ""3"": 0.14750194549560547, ""10"": 0.13549286127090454, ""30"": 0.13224749267101288, ""45"": 0.13539978861808777, ""65"": 0.13759642839431763, ""90"": 0.14179785549640656}","{""1e-05"": 0.1775476038455963, ""0.0001"": 0.17929229140281677, ""0.001"": 0.17669716477394104, ""0.01"": 0.17675542831420898, ""0.1"": 0.16972830891609192, ""0.3"": 0.16557486355304718, ""1"": 0.1537146121263504, ""3"": 0.14750194549560547, ""10"": 0.13549286127090454, ""30"": 0.13224749267101288, ""45"": 0.13539978861808777, ""65"": 0.13759642839431763, ""90"": 0.14179785549640656}",0.0894346609711647,0.13224749267101288,0.14375527203083038,737856,0.3730808057971583,0.3544741262913295
timesfm3,m4_hourly,11,L11,block_depth,True,0.55,45.0,False,False,1e-05|0.0001|0.001|0.01|0.1|0.3|1|3|10|30|45|65|90,90.0,1e-05,13,0.01,0.45,"mean pinball over (batch, quantiles, horizon)",0.13082531094551086,"{""1e-05"": 0.17876370251178741, ""0.0001"": 0.17963901162147522, ""0.001"": 0.17990054190158844, ""0.01"": 0.17748816311359406, ""0.1"": 0.17291103303432465, ""0.3"": 0.16795364022254944, ""1"": 0.15692433714866638, ""3"": 0.1435137242078781, ""10"": 0.13620474934577942, ""30"": 0.1310330480337143, ""45"": 0.13082531094551086, ""65"": 0.13441979885101318, ""90"": 0.14010845124721527}","{""1e-05"": 0.17876370251178741, ""0.0001"": 0.17963901162147522, ""0.001"": 0.17990054190158844, ""0.01"": 0.17748816311359406, ""0.1"": 0.17291103303432465, ""0.3"": 0.16795364022254944, ""1"": 0.15692433714866638, ""3"": 0.1435137242078781, ""10"": 0.13620474934577942, ""30"": 0.1310330480337143, ""45"": 0.13082531094551086, ""65"": 0.13441979885101318, ""90"": 0.14010845124721527}",0.09074091911315918,0.13082531094551086,0.14186087250709534,737856,0.3730808057971583,0.3506621324728235
timesfm3,m4_hourly,12,L12,block_depth,True,0.6,30.0,False,False,1e-05|0.0001|0.001|0.01|0.1|0.3|1|3|10|30|45|65|90,90.0,1e-05,13,0.01,0.3,"mean pinball over (batch, quantiles, horizon)",0.12784205377101898,"{""1e-05"": 0.17983560264110565, ""0.0001"": 0.1787910759449005, ""0.001"": 0.1801721155643463, ""0.01"": 0.18396319448947906, ""0.1"": 0.1789887696504593, ""0.3"": 0.16979366540908813, ""1"": 0.15742141008377075, ""3"": 0.1446360945701599, ""10"": 0.13294027745723724, ""30"": 0.12784205377101898, ""45"": 0.13093498349189758, ""65"": 0.1355668008327484, ""90"": 0.14180105924606323}","{""1e-05"": 0.17983560264110565, ""0.0001"": 0.1787910759449005, ""0.001"": 0.1801721155643463, ""0.01"": 0.18396319448947906, ""0.1"": 0.1789887696504593, ""0.3"": 0.16979366540908813, ""1"": 0.15742141008377075, ""3"": 0.1446360945701599, ""10"": 0.13294027745723724, ""30"": 0.12784205377101898, ""45"": 0.13093498349189758, ""65"": 0.1355668008327484, ""90"": 0.14180105924606323}",0.08808379620313644,0.12784205377101898,0.1399587094783783,737856,0.3730808057971583,0.34266585625561746
timesfm3,m4_hourly,13,L13,block_depth,True,0.65,30.0,False,False,1e-05|0.0001|0.001|0.01|0.1|0.3|1|3|10|30|45|65|90,90.0,1e-05,13,0.01,0.3,"mean pinball over (batch, quantiles, horizon)",0.12228411436080933,"{""1e-05"": 0.17751029133796692, ""0.0001"": 0.1767473965883255, ""0.001"": 0.17598232626914978, ""0.01"": 0.18402817845344543, ""0.1"": 0.17159247398376465, ""0.3"": 0.16428622603416443, ""1"": 0.15652509033679962, ""3"": 0.14107662439346313, ""10"": 0.13083849847316742, ""30"": 0.12228411436080933, ""45"": 0.12532390654087067, ""65"": 0.12647444009780884, ""90"": 0.1325763612985611}","{""1e-05"": 0.17751029133796692, ""0.0001"": 0.1767473965883255, ""0.001"": 0.17598232626914978, ""0.01"": 0.18402817845344543, ""0.1"": 0.17159247398376465, ""0.3"": 0.16428622603416443, ""1"": 0.15652509033679962, ""3"": 0.14107662439346313, ""10"": 0.13083849847316742, ""30"": 0.12228411436080933, ""45"": 0.12532390654087067, ""65"": 0.12647444009780884, ""90"": 0.1325763612985611}",0.08625271171331406,0.12228411436080933,0.13506241142749786,737856,0.3730808057971583,0.3277684417442114
timesfm3,m4_hourly,14,L14,block_depth,True,0.7,30.0,False,False,1e-05|0.0001|0.001|0.01|0.1|0.3|1|3|10|30|45|65|90,90.0,1e-05,13,0.01,0.3,"mean pinball over (batch, quantiles, horizon)",0.12186350673437119,"{""1e-05"": 0.17867445945739746, ""0.0001"": 0.17723572254180908, ""0.001"": 0.1798182874917984, ""0.01"": 0.17629043757915497, ""0.1"": 0.17332080006599426, ""0.3"": 0.16228866577148438, ""1"": 0.1534806787967682, ""3"": 0.14186806976795197, ""10"": 0.13013581931591034, ""30"": 0.12186350673437119, ""45"": 0.12404707074165344, ""65"": 0.12485603243112564, ""90"": 0.12964217364788055}","{""1e-05"": 0.17867445945739746, ""0.0001"": 0.17723572254180908, ""0.001"": 0.1798182874917984, ""0.01"": 0.17629043757915497, ""0.1"": 0.17332080006599426, ""0.3"": 0.16228866577148438, ""1"": 0.1534806787967682, ""3"": 0.14186806976795197, ""10"": 0.13013581931591034, ""30"": 0.12186350673437119, ""45"": 0.12404707074165344, ""65"": 0.12485603243112564, ""90"": 0.12964217364788055}",0.0843985378742218,0.12186350673437119,0.1351357400417328,737856,0.3730808057971583,0.3266410515919911
timesfm3,m4_hourly,15,L15,block_depth,True,0.75,30.0,False,False,1e-05|0.0001|0.001|0.01|0.1|0.3|1|3|10|30|45|65|90,90.0,1e-05,13,0.01,0.3,"mean pinball over (batch, quantiles, horizon)",0.12339986860752106,"{""1e-05"": 0.17416329681873322, ""0.0001"": 0.17627832293510437, ""0.001"": 0.1758796125650406, ""0.01"": 0.17438814043998718, ""0.1"": 0.17202627658843994, ""0.3"": 0.16133978962898254, ""1"": 0.1552426517009735, ""3"": 0.13892143964767456, ""10"": 0.12839525938034058, ""30"": 0.12339986860752106, ""45"": 0.12497569620609283, ""65"": 0.12471925467252731, ""90"": 0.12929625809192657}","{""1e-05"": 0.17416329681873322, ""0.0001"": 0.17627832293510437, ""0.001"": 0.1758796125650406, ""0.01"": 0.17438814043998718, ""0.1"": 0.17202627658843994, ""0.3"": 0.16133978962898254, ""1"": 0.1552426517009735, ""3"": 0.13892143964767456, ""10"": 0.12839525938034058, ""30"": 0.12339986860752106, ""45"": 0.12497569620609283, ""65"": 0.12471925467252731, ""90"": 0.12929625809192657}",0.08701610565185547,0.12339986860752106,0.13544878363609314,737856,0.3730808057971583,0.3307590921056732
timesfm3,m4_hourly,16,L16,block_depth,True,0.8,30.0,False,False,1e-05|0.0001|0.001|0.01|0.1|0.3|1|3|10|30|45|65|90,90.0,1e-05,13,0.01,0.3,"mean pinball over (batch, quantiles, horizon)",0.11839961260557175,"{""1e-05"": 0.17464317381381989, ""0.0001"": 0.17615225911140442, ""0.001"": 0.17704442143440247, ""0.01"": 0.17703238129615784, ""0.1"": 0.17143581807613373, ""0.3"": 0.1635431945323944, ""1"": 0.14754454791545868, ""3"": 0.13578659296035767, ""10"": 0.12479351460933685, ""30"": 0.11839961260557175, ""45"": 0.12127584964036942, ""65"": 0.12400557100772858, ""90"": 0.12640380859375}","{""1e-05"": 0.17464317381381989, ""0.0001"": 0.17615225911140442, ""0.001"": 0.17704442143440247, ""0.01"": 0.17703238129615784, ""0.1"": 0.17143581807613373, ""0.3"": 0.1635431945323944, ""1"": 0.14754454791545868, ""3"": 0.13578659296035767, ""10"": 0.12479351460933685, ""30"": 0.11839961260557175, ""45"": 0.12127584964036942, ""65"": 0.12400557100772858, ""90"": 0.12640380859375}",0.08309439569711685,0.11839961260557175,0.13051989674568176,737856,0.3730808057971583,0.3173564835440633
timesfm3,m4_hourly,17,L17,block_depth,True,0.85,30.0,False,False,1e-05|0.0001|0.001|0.01|0.1|0.3|1|3|10|30|45|65|90,90.0,1e-05,13,0.01,0.3,"mean pinball over (batch, quantiles, horizon)",0.1180899515748024,"{""1e-05"": 0.16743694245815277, ""0.0001"": 0.16634391248226166, ""0.001"": 0.16976076364517212, ""0.01"": 0.1663048267364502, ""0.1"": 0.16465727984905243, ""0.3"": 0.15579548478126526, ""1"": 0.14528463780879974, ""3"": 0.13419894874095917, ""10"": 0.12406402826309204, ""30"": 0.1180899515748024, ""45"": 0.12013862282037735, ""65"": 0.12101037800312042, ""90"": 0.12430357187986374}","{""1e-05"": 0.16743694245815277, ""0.0001"": 0.16634391248226166, ""0.001"": 0.16976076364517212, ""0.01"": 0.1663048267364502, ""0.1"": 0.16465727984905243, ""0.3"": 0.15579548478126526, ""1"": 0.14528463780879974, ""3"": 0.13419894874095917, ""10"": 0.12406402826309204, ""30"": 0.1180899515748024, ""45"": 0.12013862282037735, ""65"": 0.12101037800312042, ""90"": 0.12430357187986374}",0.08407577127218246,0.1180899515748024,0.1277858018875122,737856,0.3730808057971583,0.3165264729244934
timesfm3,m4_hourly,18,L18,block_depth,True,0.9,30.0,False,False,1e-05|0.0001|0.001|0.01|0.1|0.3|1|3|10|30|45|65|90,90.0,1e-05,13,0.01,0.3,"mean pinball over (batch, quantiles, horizon)",0.1173747107386589,"{""1e-05"": 0.16289415955543518, ""0.0001"": 0.1637623906135559, ""0.001"": 0.16222113370895386, ""0.01"": 0.16336093842983246, ""0.1"": 0.15772745013237, ""0.3"": 0.1509312391281128, ""1"": 0.14374400675296783, ""3"": 0.13836289942264557, ""10"": 0.1264120489358902, ""30"": 0.1173747107386589, ""45"": 0.11959633976221085, ""65"": 0.11931968480348587, ""90"": 0.12475277483463287}","{""1e-05"": 0.16289415955543518, ""0.0001"": 0.1637623906135559, ""0.001"": 0.16222113370895386, ""0.01"": 0.16336093842983246, ""0.1"": 0.15772745013237, ""0.3"": 0.1509312391281128, ""1"": 0.14374400675296783, ""3"": 0.13836289942264557, ""10"": 0.1264120489358902, ""30"": 0.1173747107386589, ""45"": 0.11959633976221085, ""65"": 0.11931968480348587, ""90"": 0.12475277483463287}",0.08969920873641968,0.1173747107386589,0.13010860979557037,737856,0.3730808057971583,0.31460935249098504
timesfm3,m4_hourly,19,L19,block_depth,True,0.95,30.0,False,False,1e-05|0.0001|0.001|0.01|0.1|0.3|1|3|10|30|45|65|90,90.0,1e-05,13,0.01,0.3,"mean pinball over (batch, quantiles, horizon)",0.11896385252475739,"{""1e-05"": 0.15402403473854065, ""0.0001"": 0.15778551995754242, ""0.001"": 0.1586306095123291, ""0.01"": 0.15327653288841248, ""0.1"": 0.15420334041118622, ""0.3"": 0.14692740142345428, ""1"": 0.13830001652240753, ""3"": 0.130893737077713, ""10"": 0.12166203558444977, ""30"": 0.11896385252475739, ""45"": 0.12094717472791672, ""65"": 0.12403527647256851, ""90"": 0.1305994838476181}","{""1e-05"": 0.15402403473854065, ""0.0001"": 0.15778551995754242, ""0.001"": 0.1586306095123291, ""0.01"": 0.15327653288841248, ""0.1"": 0.15420334041118622, ""0.3"": 0.14692740142345428, ""1"": 0.13830001652240753, ""3"": 0.130893737077713, ""10"": 0.12166203558444977, ""30"": 0.11896385252475739, ""45"": 0.12094717472791672, ""65"": 0.12403527647256851, ""90"": 0.1305994838476181}",0.08735605329275131,0.11896385252475739,0.12983715534210205,737856,0.3730808057971583,0.3188688634639577
timesfm3,m4_hourly,20,L20,block_depth,True,1.0,30.0,False,False,1e-05|0.0001|0.001|0.01|0.1|0.3|1|3|10|30|45|65|90,90.0,1e-05,13,0.01,0.3,"mean pinball over (batch, quantiles, horizon)",0.11596637219190598,"{""1e-05"": 0.16870172321796417, ""0.0001"": 0.17000368237495422, ""0.001"": 0.17026463150978088, ""0.01"": 0.169220432639122, ""0.1"": 0.16590891778469086, ""0.3"": 0.15545864403247833, ""1"": 0.14061102271080017, ""3"": 0.1299886405467987, ""10"": 0.11802340298891068, ""30"": 0.11596637219190598, ""45"": 0.1184285581111908, ""65"": 0.12147954106330872, ""90"": 0.12676578760147095}","{""1e-05"": 0.16870172321796417, ""0.0001"": 0.17000368237495422, ""0.001"": 0.17026463150978088, ""0.01"": 0.169220432639122, ""0.1"": 0.16590891778469086, ""0.3"": 0.15545864403247833, ""1"": 0.14061102271080017, ""3"": 0.1299886405467987, ""10"": 0.11802340298891068, ""30"": 0.11596637219190598, ""45"": 0.1184285581111908, ""65"": 0.12147954106330872, ""90"": 0.12676578760147095}",0.07845856994390488,0.11596637219190598,0.13153280317783356,737856,0.3730808057971583,0.3108344637138909
timesfm3,monash_electricity_hourly,0,Emb,block_depth,True,0.0,3.0,False,False,1e-05|0.0001|0.001|0.01|0.1|0.3|1|3|10|30|45|65|90,90.0,1e-05,13,0.01,0.03,"mean pinball over (batch, quantiles, horizon)",0.21712997555732727,"{""1e-05"": 0.22220392525196075, ""0.0001"": 0.2211492955684662, ""0.001"": 0.22281698882579803, ""0.01"": 0.225325345993042, ""0.1"": 0.22236934304237366, ""0.3"": 0.22238877415657043, ""1"": 0.2196916937828064, ""3"": 0.21712997555732727, ""10"": 0.21842172741889954, ""30"": 0.22264216840267181, ""45"": 0.2236851006746292, ""65"": 0.22576256096363068, ""90"": 0.22351424396038055}","{""1e-05"": 0.22220392525196075, ""0.0001"": 0.2211492955684662, ""0.001"": 0.22281698882579803, ""0.01"": 0.225325345993042, ""0.1"": 0.22236934304237366, ""0.3"": 0.22238877415657043, ""1"": 0.2196916937828064, ""3"": 0.21712997555732727, ""10"": 0.21842172741889954, ""30"": 0.22264216840267181, ""45"": 0.2236851006746292, ""65"": 0.22576256096363068, ""90"": 0.22351424396038055}",0.15471138060092926,0.21712997555732727,0.20099397003650665,737856,0.30417946578209637,0.713821937319305
timesfm3,monash_electricity_hourly,1,L1,block_depth,True,0.05,1.0,False,False,1e-05|0.0001|0.001|0.01|0.1|0.3|1|3|10|30|45|65|90,90.0,1e-05,13,0.01,0.01,"mean pinball over (batch, quantiles, horizon)",0.14039668440818787,"{""1e-05"": 0.14928393065929413, ""0.0001"": 0.14937976002693176, ""0.001"": 0.15008418262004852, ""0.01"": 0.14893759787082672, ""0.1"": 0.14740270376205444, ""0.3"": 0.14348165690898895, ""1"": 0.14039668440818787, ""3"": 0.14166688919067383, ""10"": 0.1510595828294754, ""30"": 0.16531099379062653, ""45"": 0.17132307589054108, ""65"": 0.17784270644187927, ""90"": 0.18221288919448853}","{""1e-05"": 0.14928393065929413, ""0.0001"": 0.14937976002693176, ""0.001"": 0.15008418262004852, ""0.01"": 0.14893759787082672, ""0.1"": 0.14740270376205444, ""0.3"": 0.14348165690898895, ""1"": 0.14039668440818787, ""3"": 0.14166688919067383, ""10"": 0.1510595828294754, ""30"": 0.16531099379062653, ""45"": 0.17132307589054108, ""65"": 0.17784270644187927, ""90"": 0.18221288919448853}",0.11893437057733536,0.14039668440818787,0.16933809220790863,737856,0.30417946578209637,0.46155871845985547
timesfm3,monash_electricity_hourly,2,L2,block_depth,True,0.1,3.0,False,False,1e-05|0.0001|0.001|0.01|0.1|0.3|1|3|10|30|45|65|90,90.0,1e-05,13,0.01,0.03,"mean pinball over (batch, quantiles, horizon)",0.1508575677871704,"{""1e-05"": 0.16797754168510437, ""0.0001"": 0.16966676712036133, ""0.001"": 0.17036038637161255, ""0.01"": 0.1699916124343872, ""0.1"": 0.16740204393863678, ""0.3"": 0.1619718372821808, ""1"": 0.152324378490448, ""3"": 0.1508575677871704, ""10"": 0.15333442389965057, ""30"": 0.16135035455226898, ""45"": 0.1661680042743683, ""65"": 0.16959939897060394, ""90"": 0.17238730192184448}","{""1e-05"": 0.16797754168510437, ""0.0001"": 0.16966676712036133, ""0.001"": 0.17036038637161255, ""0.01"": 0.1699916124343872, ""0.1"": 0.16740204393863678, ""0.3"": 0.1619718372821808, ""1"": 0.152324378490448, ""3"": 0.1508575677871704, ""10"": 0.15333442389965057, ""30"": 0.16135035455226898, ""45"": 0.1661680042743683, ""65"": 0.16959939897060394, ""90"": 0.17238730192184448}",0.12050722539424896,0.1508575677871704,0.16683357954025269,737856,0.30417946578209637,0.49594921668788633
timesfm3,monash_electricity_hourly,3,L3,block_depth,True,0.15,10.0,False,False,1e-05|0.0001|0.001|0.01|0.1|0.3|1|3|10|30|45|65|90,90.0,1e-05,13,0.01,0.1,"mean pinball over (batch, quantiles, horizon)",0.14744314551353455,"{""1e-05"": 0.20041847229003906, ""0.0001"": 0.19959115982055664, ""0.001"": 0.20085319876670837, ""0.01"": 0.20237581431865692, ""0.1"": 0.19373662769794464, ""0.3"": 0.184540256857872, ""1"": 0.16830220818519592, ""3"": 0.15581299364566803, ""10"": 0.14744314551353455, ""30"": 0.15133631229400635, ""45"": 0.15591855347156525, ""65"": 0.15866997838020325, ""90"": 0.16370509564876556}","{""1e-05"": 0.20041847229003906, ""0.0001"": 0.19959115982055664, ""0.001"": 0.20085319876670837, ""0.01"": 0.20237581431865692, ""0.1"": 0.19373662769794464, ""0.3"": 0.184540256857872, ""1"": 0.16830220818519592, ""3"": 0.15581299364566803, ""10"": 0.14744314551353455, ""30"": 0.15133631229400635, ""45"": 0.15591855347156525, ""65"": 0.15866997838020325, ""90"": 0.16370509564876556}",0.11703173071146011,0.14744314551353455,0.1639341413974762,737856,0.30417946578209637,0.48472419114299353
timesfm3,monash_electricity_hourly,4,L4,block_depth,True,0.2,30.0,False,False,1e-05|0.0001|0.001|0.01|0.1|0.3|1|3|10|30|45|65|90,90.0,1e-05,13,0.01,0.3,"mean pinball over (batch, quantiles, horizon)",0.15902096033096313,"{""1e-05"": 0.2178162932395935, ""0.0001"": 0.21646855771541595, ""0.001"": 0.21600376069545746, ""0.01"": 0.21648257970809937, ""0.1"": 0.20921508967876434, ""0.3"": 0.20029184222221375, ""1"": 0.1874358206987381, ""3"": 0.17237591743469238, ""10"": 0.15988928079605103, ""30"": 0.15902096033096313, ""45"": 0.15987762808799744, ""65"": 0.1598917543888092, ""90"": 0.16452641785144806}","{""1e-05"": 0.2178162932395935, ""0.0001"": 0.21646855771541595, ""0.001"": 0.21600376069545746, ""0.01"": 0.21648257970809937, ""0.1"": 0.20921508967876434, ""0.3"": 0.20029184222221375, ""1"": 0.1874358206987381, ""3"": 0.17237591743469238, ""10"": 0.15988928079605103, ""30"": 0.15902096033096313, ""45"": 0.15987762808799744, ""65"": 0.1598917543888092, ""90"": 0.16452641785144806}",0.12195883691310883,0.15902096033096313,0.16391964256763458,737856,0.30417946578209637,0.5227866382173222
timesfm3,monash_electricity_hourly,5,L5,block_depth,True,0.25,65.0,False,False,1e-05|0.0001|0.001|0.01|0.1|0.3|1|3|10|30|45|65|90,90.0,1e-05,13,0.01,0.65,"mean pinball over (batch, quantiles, horizon)",0.16261261701583862,"{""1e-05"": 0.24160711467266083, ""0.0001"": 0.23927606642246246, ""0.001"": 0.23904497921466827, ""0.01"": 0.24183863401412964, ""0.1"": 0.23047101497650146, ""0.3"": 0.21516738831996918, ""1"": 0.19663602113723755, ""3"": 0.1800842434167862, ""10"": 0.16881762444972992, ""30"": 0.1628464013338089, ""45"": 0.16386382281780243, ""65"": 0.16261261701583862, ""90"": 0.16942904889583588}","{""1e-05"": 0.24160711467266083, ""0.0001"": 0.23927606642246246, ""0.001"": 0.23904497921466827, ""0.01"": 0.24183863401412964, ""0.1"": 0.23047101497650146, ""0.3"": 0.21516738831996918, ""1"": 0.19663602113723755, ""3"": 0.1800842434167862, ""10"": 0.16881762444972992, ""30"": 0.1628464013338089, ""45"": 0.16386382281780243, ""65"": 0.16261261701583862, ""90"": 0.16942904889583588}",0.12240666151046753,0.16261261701583862,0.1693345159292221,737856,0.30417946578209637,0.5345943277194414
timesfm3,monash_electricity_hourly,6,L6,block_depth,True,0.3,10.0,False,False,1e-05|0.0001|0.001|0.01|0.1|0.3|1|3|10|30|45|65|90,90.0,1e-05,13,0.01,0.1,"mean pinball over (batch, quantiles, horizon)",0.16321414709091187,"{""1e-05"": 0.23099525272846222, ""0.0001"": 0.23415201902389526, ""0.001"": 0.23242606222629547, ""0.01"": 0.23373451828956604, ""0.1"": 0.22215668857097626, ""0.3"": 0.2109297662973404, ""1"": 0.19352476298809052, ""3"": 0.17839141190052032, ""10"": 0.16321414709091187, ""30"": 0.16361413896083832, ""45"": 0.1639796793460846, ""65"": 0.1661946028470993, ""90"": 0.17007169127464294}","{""1e-05"": 0.23099525272846222, ""0.0001"": 0.23415201902389526, ""0.001"": 0.23242606222629547, ""0.01"": 0.23373451828956604, ""0.1"": 0.22215668857097626, ""0.3"": 0.2109297662973404, ""1"": 0.19352476298809052, ""3"": 0.17839141190052032, ""10"": 0.16321414709091187, ""30"": 0.16361413896083832, ""45"": 0.1639796793460846, ""65"": 0.1661946028470993, ""90"": 0.17007169127464294}",0.0969952866435051,0.16321414709091187,0.16923758387565613,737856,0.30417946578209637,0.5365718776290863
timesfm3,monash_electricity_hourly,7,L7,block_depth,True,0.35,45.0,False,False,1e-05|0.0001|0.001|0.01|0.1|0.3|1|3|10|30|45|65|90,90.0,1e-05,13,0.01,0.45,"mean pinball over (batch, quantiles, horizon)",0.15897302329540253,"{""1e-05"": 0.2586526572704315, ""0.0001"": 0.2580178678035736, ""0.001"": 0.25882354378700256, ""0.01"": 0.25965434312820435, ""0.1"": 0.25064516067504883, ""0.3"": 0.23130276799201965, ""1"": 0.20536689460277557, ""3"": 0.18030515313148499, ""10"": 0.1643761843442917, ""30"": 0.15974631905555725, ""45"": 0.15897302329540253, ""65"": 0.16143594682216644, ""90"": 0.16636812686920166}","{""1e-05"": 0.2586526572704315, ""0.0001"": 0.2580178678035736, ""0.001"": 0.25882354378700256, ""0.01"": 0.25965434312820435, ""0.1"": 0.25064516067504883, ""0.3"": 0.23130276799201965, ""1"": 0.20536689460277557, ""3"": 0.18030515313148499, ""10"": 0.1643761843442917, ""30"": 0.15974631905555725, ""45"": 0.15897302329540253, ""65"": 0.16143594682216644, ""90"": 0.16636812686920166}",0.1110164225101471,0.15897302329540253,0.16907817125320435,737856,0.30417946578209637,0.5226290436359873
timesfm3,monash_electricity_hourly,8,L8,block_depth,True,0.4,45.0,False,False,1e-05|0.0001|0.001|0.01|0.1|0.3|1|3|10|30|45|65|90,90.0,1e-05,13,0.01,0.45,"mean pinball over (batch, quantiles, horizon)",0.16400472819805145,"{""1e-05"": 0.3098941445350647, ""0.0001"": 0.30807778239250183, ""0.001"": 0.307708203792572, ""0.01"": 0.3072904646396637, ""0.1"": 0.29135552048683167, ""0.3"": 0.2731551229953766, ""1"": 0.22983761131763458, ""3"": 0.19534790515899658, ""10"": 0.17118051648139954, ""30"": 0.16566216945648193, ""45"": 0.16400472819805145, ""65"": 0.16466812789440155, ""90"": 0.1707407534122467}","{""1e-05"": 0.3098941445350647, ""0.0001"": 0.30807778239250183, ""0.001"": 0.307708203792572, ""0.01"": 0.3072904646396637, ""0.1"": 0.29135552048683167, ""0.3"": 0.2731551229953766, ""1"": 0.22983761131763458, ""3"": 0.19534790515899658, ""10"": 0.17118051648139954, ""30"": 0.16566216945648193, ""45"": 0.16400472819805145, ""65"": 0.16466812789440155, ""90"": 0.1707407534122467}",0.10994474589824677,0.16400472819805145,0.1707836538553238,737856,0.30417946578209637,0.5391709390256434
timesfm3,monash_electricity_hourly,9,L9,block_depth,True,0.45,30.0,False,False,1e-05|0.0001|0.001|0.01|0.1|0.3|1|3|10|30|45|65|90,90.0,1e-05,13,0.01,0.3,"mean pinball over (batch, quantiles, horizon)",0.1718592792749405,"{""1e-05"": 0.2995947301387787, ""0.0001"": 0.30393266677856445, ""0.001"": 0.2978282868862152, ""0.01"": 0.3005697727203369, ""0.1"": 0.28899699449539185, ""0.3"": 0.2661183774471283, ""1"": 0.23471476137638092, ""3"": 0.2030007392168045, ""10"": 0.1845790445804596, ""30"": 0.1718592792749405, ""45"": 0.17513836920261383, ""65"": 0.17729105055332184, ""90"": 0.1821124106645584}","{""1e-05"": 0.2995947301387787, ""0.0001"": 0.30393266677856445, ""0.001"": 0.2978282868862152, ""0.01"": 0.3005697727203369, ""0.1"": 0.28899699449539185, ""0.3"": 0.2661183774471283, ""1"": 0.23471476137638092, ""3"": 0.2030007392168045, ""10"": 0.1845790445804596, ""30"": 0.1718592792749405, ""45"": 0.17513836920261383, ""65"": 0.17729105055332184, ""90"": 0.1821124106645584}",0.10325828194618225,0.1718592792749405,0.17508935928344727,737856,0.30417946578209637,0.5649930340730315
timesfm3,monash_electricity_hourly,10,L10,block_depth,True,0.5,30.0,False,False,1e-05|0.0001|0.001|0.01|0.1|0.3|1|3|10|30|45|65|90,90.0,1e-05,13,0.01,0.3,"mean pinball over (batch, quantiles, horizon)",0.17901849746704102,"{""1e-05"": 0.335637629032135, ""0.0001"": 0.33703088760375977, ""0.001"": 0.33490777015686035, ""0.01"": 0.33739715814590454, ""0.1"": 0.3174899220466614, ""0.3"": 0.29717645049095154, ""1"": 0.2535276412963867, ""3"": 0.21777905523777008, ""10"": 0.19179992377758026, ""30"": 0.17901849746704102, ""45"": 0.17993493378162384, ""65"": 0.1809244453907013, ""90"": 0.18322238326072693}","{""1e-05"": 0.335637629032135, ""0.0001"": 0.33703088760375977, ""0.001"": 0.33490777015686035, ""0.01"": 0.33739715814590454, ""0.1"": 0.3174899220466614, ""0.3"": 0.29717645049095154, ""1"": 0.2535276412963867, ""3"": 0.21777905523777008, ""10"": 0.19179992377758026, ""30"": 0.17901849746704102, ""45"": 0.17993493378162384, ""65"": 0.1809244453907013, ""90"": 0.18322238326072693}",0.10244759917259216,0.17901849746704102,0.17648985981941223,737856,0.30417946578209637,0.5885291993881128
timesfm3,monash_electricity_hourly,11,L11,block_depth,True,0.55,65.0,False,False,1e-05|0.0001|0.001|0.01|0.1|0.3|1|3|10|30|45|65|90,90.0,1e-05,13,0.01,0.65,"mean pinball over (batch, quantiles, horizon)",0.18160347640514374,"{""1e-05"": 0.35293832421302795, ""0.0001"": 0.3498533368110657, ""0.001"": 0.3498218059539795, ""0.01"": 0.3472195565700531, ""0.1"": 0.3330524265766144, ""0.3"": 0.3053809702396393, ""1"": 0.2563592493534088, ""3"": 0.22020313143730164, ""10"": 0.1940702199935913, ""30"": 0.18244881927967072, ""45"": 0.1829608529806137, ""65"": 0.18160347640514374, ""90"": 0.18452121317386627}","{""1e-05"": 0.35293832421302795, ""0.0001"": 0.3498533368110657, ""0.001"": 0.3498218059539795, ""0.01"": 0.3472195565700531, ""0.1"": 0.3330524265766144, ""0.3"": 0.3053809702396393, ""1"": 0.2563592493534088, ""3"": 0.22020313143730164, ""10"": 0.1940702199935913, ""30"": 0.18244881927967072, ""45"": 0.1829608529806137, ""65"": 0.18160347640514374, ""90"": 0.18452121317386627}",0.11643531918525696,0.18160347640514374,0.17580804228782654,737856,0.30417946578209637,0.5970274026821987
timesfm3,monash_electricity_hourly,12,L12,block_depth,True,0.6,65.0,False,False,1e-05|0.0001|0.001|0.01|0.1|0.3|1|3|10|30|45|65|90,90.0,1e-05,13,0.01,0.65,"mean pinball over (batch, quantiles, horizon)",0.17286135256290436,"{""1e-05"": 0.3596683442592621, ""0.0001"": 0.3631425201892853, ""0.001"": 0.360836923122406, ""0.01"": 0.3586384356021881, ""0.1"": 0.34384095668792725, ""0.3"": 0.3201676905155182, ""1"": 0.2670472264289856, ""3"": 0.22549623250961304, ""10"": 0.1943412721157074, ""30"": 0.1789051592350006, ""45"": 0.17500297725200653, ""65"": 0.17286135256290436, ""90"": 0.17450228333473206}","{""1e-05"": 0.3596683442592621, ""0.0001"": 0.3631425201892853, ""0.001"": 0.360836923122406, ""0.01"": 0.3586384356021881, ""0.1"": 0.34384095668792725, ""0.3"": 0.3201676905155182, ""1"": 0.2670472264289856, ""3"": 0.22549623250961304, ""10"": 0.1943412721157074, ""30"": 0.1789051592350006, ""45"": 0.17500297725200653, ""65"": 0.17286135256290436, ""90"": 0.17450228333473206}",0.11622833460569382,0.17286135256290436,0.17318491637706757,737856,0.30417946578209637,0.5682873829712629
timesfm3,monash_electricity_hourly,13,L13,block_depth,True,0.65,65.0,False,False,1e-05|0.0001|0.001|0.01|0.1|0.3|1|3|10|30|45|65|90,90.0,1e-05,13,0.01,0.65,"mean pinball over (batch, quantiles, horizon)",0.14677612483501434,"{""1e-05"": 0.339543879032135, ""0.0001"": 0.3398837745189667, ""0.001"": 0.3416261672973633, ""0.01"": 0.334800660610199, ""0.1"": 0.32344549894332886, ""0.3"": 0.29670795798301697, ""1"": 0.2524615526199341, ""3"": 0.21034598350524902, ""10"": 0.17630691826343536, ""30"": 0.15482236444950104, ""45"": 0.14771975576877594, ""65"": 0.14677612483501434, ""90"": 0.15029214322566986}","{""1e-05"": 0.339543879032135, ""0.0001"": 0.3398837745189667, ""0.001"": 0.3416261672973633, ""0.01"": 0.334800660610199, ""0.1"": 0.32344549894332886, ""0.3"": 0.29670795798301697, ""1"": 0.2524615526199341, ""3"": 0.21034598350524902, ""10"": 0.17630691826343536, ""30"": 0.15482236444950104, ""45"": 0.14771975576877594, ""65"": 0.14677612483501434, ""90"": 0.15029214322566986}",0.11406420916318893,0.14677612483501434,0.1751488298177719,737856,0.30417946578209637,0.48253133872014775
timesfm3,monash_electricity_hourly,14,L14,block_depth,True,0.7,65.0,False,False,1e-05|0.0001|0.001|0.01|0.1|0.3|1|3|10|30|45|65|90,90.0,1e-05,13,0.01,0.65,"mean pinball over (batch, quantiles, horizon)",0.1421690583229065,"{""1e-05"": 0.34442731738090515, ""0.0001"": 0.344853937625885, ""0.001"": 0.34549254179000854, ""0.01"": 0.3445734977722168, ""0.1"": 0.32470688223838806, ""0.3"": 0.2952578067779541, ""1"": 0.2524668574333191, ""3"": 0.20313213765621185, ""10"": 0.1685570776462555, ""30"": 0.15063594281673431, ""45"": 0.14573286473751068, ""65"": 0.1421690583229065, ""90"": 0.1436866968870163}","{""1e-05"": 0.34442731738090515, ""0.0001"": 0.344853937625885, ""0.001"": 0.34549254179000854, ""0.01"": 0.3445734977722168, ""0.1"": 0.32470688223838806, ""0.3"": 0.2952578067779541, ""1"": 0.2524668574333191, ""3"": 0.20313213765621185, ""10"": 0.1685570776462555, ""30"": 0.15063594281673431, ""45"": 0.14573286473751068, ""65"": 0.1421690583229065, ""90"": 0.1436866968870163}",0.11368578672409058,0.1421690583229065,0.17163477838039398,737856,0.30417946578209637,0.4673854560082352
timesfm3,monash_electricity_hourly,15,L15,block_depth,True,0.75,65.0,False,False,1e-05|0.0001|0.001|0.01|0.1|0.3|1|3|10|30|45|65|90,90.0,1e-05,13,0.01,0.65,"mean pinball over (batch, quantiles, horizon)",0.13477124273777008,"{""1e-05"": 0.32372838258743286, ""0.0001"": 0.3231329023838043, ""0.001"": 0.32081830501556396, ""0.01"": 0.3204088807106018, ""0.1"": 0.30798590183258057, ""0.3"": 0.2807528078556061, ""1"": 0.2357855886220932, ""3"": 0.19274528324604034, ""10"": 0.15358713269233704, ""30"": 0.13711318373680115, ""45"": 0.13556167483329773, ""65"": 0.13477124273777008, ""90"": 0.1402050405740738}","{""1e-05"": 0.32372838258743286, ""0.0001"": 0.3231329023838043, ""0.001"": 0.32081830501556396, ""0.01"": 0.3204088807106018, ""0.1"": 0.30798590183258057, ""0.3"": 0.2807528078556061, ""1"": 0.2357855886220932, ""3"": 0.19274528324604034, ""10"": 0.15358713269233704, ""30"": 0.13711318373680115, ""45"": 0.13556167483329773, ""65"": 0.13477124273777008, ""90"": 0.1402050405740738}",0.11369248479604721,0.13477124273777008,0.16697530448436737,737856,0.30417946578209637,0.443064893914685
timesfm3,monash_electricity_hourly,16,L16,block_depth,True,0.8,65.0,False,False,1e-05|0.0001|0.001|0.01|0.1|0.3|1|3|10|30|45|65|90,90.0,1e-05,13,0.01,0.65,"mean pinball over (batch, quantiles, horizon)",0.13064885139465332,"{""1e-05"": 0.30388495326042175, ""0.0001"": 0.3048393130302429, ""0.001"": 0.2982234060764313, ""0.01"": 0.30096855759620667, ""0.1"": 0.28744304180145264, ""0.3"": 0.26603490114212036, ""1"": 0.22271008789539337, ""3"": 0.18176159262657166, ""10"": 0.1529155820608139, ""30"": 0.1356142908334732, ""45"": 0.13108284771442413, ""65"": 0.13064885139465332, ""90"": 0.13768741488456726}","{""1e-05"": 0.30388495326042175, ""0.0001"": 0.3048393130302429, ""0.001"": 0.2982234060764313, ""0.01"": 0.30096855759620667, ""0.1"": 0.28744304180145264, ""0.3"": 0.26603490114212036, ""1"": 0.22271008789539337, ""3"": 0.18176159262657166, ""10"": 0.1529155820608139, ""30"": 0.1356142908334732, ""45"": 0.13108284771442413, ""65"": 0.13064885139465332, ""90"": 0.13768741488456726}",0.1135195791721344,0.13064885139465332,0.1668003499507904,737856,0.30417946578209637,0.42951239676463115
timesfm3,monash_electricity_hourly,17,L17,block_depth,True,0.85,45.0,False,False,1e-05|0.0001|0.001|0.01|0.1|0.3|1|3|10|30|45|65|90,90.0,1e-05,13,0.01,0.45,"mean pinball over (batch, quantiles, horizon)",0.12460342049598694,"{""1e-05"": 0.2715708613395691, ""0.0001"": 0.2678369879722595, ""0.001"": 0.2692835032939911, ""0.01"": 0.26813817024230957, ""0.1"": 0.25521430373191833, ""0.3"": 0.23139236867427826, ""1"": 0.19381389021873474, ""3"": 0.1607619971036911, ""10"": 0.13507629930973053, ""30"": 0.1259537637233734, ""45"": 0.12460342049598694, ""65"": 0.12644854187965393, ""90"": 0.13198941946029663}","{""1e-05"": 0.2715708613395691, ""0.0001"": 0.2678369879722595, ""0.001"": 0.2692835032939911, ""0.01"": 0.26813817024230957, ""0.1"": 0.25521430373191833, ""0.3"": 0.23139236867427826, ""1"": 0.19381389021873474, ""3"": 0.1607619971036911, ""10"": 0.13507629930973053, ""30"": 0.1259537637233734, ""45"": 0.12460342049598694, ""65"": 0.12644854187965393, ""90"": 0.13198941946029663}",0.10801605880260468,0.12460342049598694,0.16409927606582642,737856,0.30417946578209637,0.40963784381569174
timesfm3,monash_electricity_hourly,18,L18,block_depth,True,0.9,30.0,False,False,1e-05|0.0001|0.001|0.01|0.1|0.3|1|3|10|30|45|65|90,90.0,1e-05,13,0.01,0.3,"mean pinball over (batch, quantiles, horizon)",0.11890870332717896,"{""1e-05"": 0.2264278382062912, ""0.0001"": 0.22696956992149353, ""0.001"": 0.2290896624326706, ""0.01"": 0.22663220763206482, ""0.1"": 0.21595193445682526, ""0.3"": 0.19414083659648895, ""1"": 0.16543304920196533, ""3"": 0.14322586357593536, ""10"": 0.12632004916667938, ""30"": 0.11890870332717896, ""45"": 0.11974580585956573, ""65"": 0.1212136372923851, ""90"": 0.12475862354040146}","{""1e-05"": 0.2264278382062912, ""0.0001"": 0.22696956992149353, ""0.001"": 0.2290896624326706, ""0.01"": 0.22663220763206482, ""0.1"": 0.21595193445682526, ""0.3"": 0.19414083659648895, ""1"": 0.16543304920196533, ""3"": 0.14322586357593536, ""10"": 0.12632004916667938, ""30"": 0.11890870332717896, ""45"": 0.11974580585956573, ""65"": 0.1212136372923851, ""90"": 0.12475862354040146}",0.11076315492391586,0.11890870332717896,0.16553418338298798,737856,0.30417946578209637,0.3909162737906872
timesfm3,monash_electricity_hourly,19,L19,block_depth,True,0.95,45.0,False,False,1e-05|0.0001|0.001|0.01|0.1|0.3|1|3|10|30|45|65|90,90.0,1e-05,13,0.01,0.45,"mean pinball over (batch, quantiles, horizon)",0.11662742495536804,"{""1e-05"": 0.20403212308883667, ""0.0001"": 0.20342053472995758, ""0.001"": 0.20491968095302582, ""0.01"": 0.20510807633399963, ""0.1"": 0.19490060210227966, ""0.3"": 0.1814611554145813, ""1"": 0.15980461239814758, ""3"": 0.14012528955936432, ""10"": 0.12418732792139053, ""30"": 0.11677232384681702, ""45"": 0.11662742495536804, ""65"": 0.11895617097616196, ""90"": 0.1248149573802948}","{""1e-05"": 0.20403212308883667, ""0.0001"": 0.20342053472995758, ""0.001"": 0.20491968095302582, ""0.01"": 0.20510807633399963, ""0.1"": 0.19490060210227966, ""0.3"": 0.1814611554145813, ""1"": 0.15980461239814758, ""3"": 0.14012528955936432, ""10"": 0.12418732792139053, ""30"": 0.11677232384681702, ""45"": 0.11662742495536804, ""65"": 0.11895617097616196, ""90"": 0.1248149573802948}",0.11386141180992126,0.11662742495536804,0.16490237414836884,737856,0.30417946578209637,0.3834164960987731
timesfm3,monash_electricity_hourly,20,L20,block_depth,True,1.0,45.0,False,False,1e-05|0.0001|0.001|0.01|0.1|0.3|1|3|10|30|45|65|90,90.0,1e-05,13,0.01,0.45,"mean pinball over (batch, quantiles, horizon)",0.13154351711273193,"{""1e-05"": 0.23898787796497345, ""0.0001"": 0.23692333698272705, ""0.001"": 0.23719221353530884, ""0.01"": 0.23656274378299713, ""0.1"": 0.22711145877838135, ""0.3"": 0.2093145102262497, ""1"": 0.1821715384721756, ""3"": 0.15534207224845886, ""10"": 0.13994386792182922, ""30"": 0.13164617121219635, ""45"": 0.13154351711273193, ""65"": 0.13450275361537933, ""90"": 0.1404642015695572}","{""1e-05"": 0.23898787796497345, ""0.0001"": 0.23692333698272705, ""0.001"": 0.23719221353530884, ""0.01"": 0.23656274378299713, ""0.1"": 0.22711145877838135, ""0.3"": 0.2093145102262497, ""1"": 0.1821715384721756, ""3"": 0.15534207224845886, ""10"": 0.13994386792182922, ""30"": 0.13164617121219635, ""45"": 0.13154351711273193, ""65"": 0.13450275361537933, ""90"": 0.1404642015695572}",0.10534900426864624,0.13154351711273193,0.16895323991775513,737856,0.30417946578209637,0.43245363974360174
timesfm3,uber_tlc_hourly,0,Emb,block_depth,True,0.0,10.0,False,False,1e-05|0.0001|0.001|0.01|0.1|0.3|1|3|10|30|45|65|90,90.0,1e-05,13,0.01,0.1,"mean pinball over (batch, quantiles, horizon)",0.23068931698799133,"{""1e-05"": 0.23802423477172852, ""0.0001"": 0.23820814490318298, ""0.001"": 0.23796267807483673, ""0.01"": 0.23893147706985474, ""0.1"": 0.2369968295097351, ""0.3"": 0.2357899695634842, ""1"": 0.2331777811050415, ""3"": 0.23108415305614471, ""10"": 0.23068931698799133, ""30"": 0.23150260746479034, ""45"": 0.23188982903957367, ""65"": 0.23324643075466156, ""90"": 0.23630517721176147}","{""1e-05"": 0.23802423477172852, ""0.0001"": 0.23820814490318298, ""0.001"": 0.23796267807483673, ""0.01"": 0.23893147706985474, ""0.1"": 0.2369968295097351, ""0.3"": 0.2357899695634842, ""1"": 0.2331777811050415, ""3"": 0.23108415305614471, ""10"": 0.23068931698799133, ""30"": 0.23150260746479034, ""45"": 0.23188982903957367, ""65"": 0.23324643075466156, ""90"": 0.23630517721176147}",0.24113532900810242,0.23068931698799133,0.31709733605384827,737856,0.27267011081558146,0.8460381532027046
timesfm3,uber_tlc_hourly,1,L1,block_depth,True,0.05,10.0,False,False,1e-05|0.0001|0.001|0.01|0.1|0.3|1|3|10|30|45|65|90,90.0,1e-05,13,0.01,0.1,"mean pinball over (batch, quantiles, horizon)",0.21481013298034668,"{""1e-05"": 0.24466481804847717, ""0.0001"": 0.24424979090690613, ""0.001"": 0.24416451156139374, ""0.01"": 0.24420733749866486, ""0.1"": 0.24098047614097595, ""0.3"": 0.23609158396720886, ""1"": 0.22761324048042297, ""3"": 0.21969112753868103, ""10"": 0.21481013298034668, ""30"": 0.21481868624687195, ""45"": 0.21642155945301056, ""65"": 0.21888971328735352, ""90"": 0.22224371135234833}","{""1e-05"": 0.24466481804847717, ""0.0001"": 0.24424979090690613, ""0.001"": 0.24416451156139374, ""0.01"": 0.24420733749866486, ""0.1"": 0.24098047614097595, ""0.3"": 0.23609158396720886, ""1"": 0.22761324048042297, ""3"": 0.21969112753868103, ""10"": 0.21481013298034668, ""30"": 0.21481868624687195, ""45"": 0.21642155945301056, ""65"": 0.21888971328735352, ""90"": 0.22224371135234833}",0.20403404533863068,0.21481013298034668,0.28897368907928467,737856,0.27267011081558146,0.7878022726357127
timesfm3,uber_tlc_hourly,2,L2,block_depth,True,0.1,45.0,False,False,1e-05|0.0001|0.001|0.01|0.1|0.3|1|3|10|30|45|65|90,90.0,1e-05,13,0.01,0.45,"mean pinball over (batch, quantiles, horizon)",0.21014870703220367,"{""1e-05"": 0.27530452609062195, ""0.0001"": 0.27582141757011414, ""0.001"": 0.27570435404777527, ""0.01"": 0.2749095857143402, ""0.1"": 0.26915761828422546, ""0.3"": 0.2594514787197113, ""1"": 0.24198520183563232, ""3"": 0.22614368796348572, ""10"": 0.21501442790031433, ""30"": 0.2103758156299591, ""45"": 0.21014870703220367, ""65"": 0.21152502298355103, ""90"": 0.214310422539711}","{""1e-05"": 0.27530452609062195, ""0.0001"": 0.27582141757011414, ""0.001"": 0.27570435404777527, ""0.01"": 0.2749095857143402, ""0.1"": 0.26915761828422546, ""0.3"": 0.2594514787197113, ""1"": 0.24198520183563232, ""3"": 0.22614368796348572, ""10"": 0.21501442790031433, ""30"": 0.2103758156299591, ""45"": 0.21014870703220367, ""65"": 0.21152502298355103, ""90"": 0.214310422539711}",0.20654311776161194,0.21014870703220367,0.2904199957847595,737856,0.27267011081558146,0.7707067943883893
timesfm3,uber_tlc_hourly,3,L3,block_depth,True,0.15,45.0,False,False,1e-05|0.0001|0.001|0.01|0.1|0.3|1|3|10|30|45|65|90,90.0,1e-05,13,0.01,0.45,"mean pinball over (batch, quantiles, horizon)",0.20960797369480133,"{""1e-05"": 0.2978879511356354, ""0.0001"": 0.2974379360675812, ""0.001"": 0.29775965213775635, ""0.01"": 0.29679495096206665, ""0.1"": 0.2898983061313629, ""0.3"": 0.2767273783683777, ""1"": 0.2536297142505646, ""3"": 0.23315976560115814, ""10"": 0.21815772354602814, ""30"": 0.2104935497045517, ""45"": 0.20960797369480133, ""65"": 0.21005728840827942, ""90"": 0.21197478473186493}","{""1e-05"": 0.2978879511356354, ""0.0001"": 0.2974379360675812, ""0.001"": 0.29775965213775635, ""0.01"": 0.29679495096206665, ""0.1"": 0.2898983061313629, ""0.3"": 0.2767273783683777, ""1"": 0.2536297142505646, ""3"": 0.23315976560115814, ""10"": 0.21815772354602814, ""30"": 0.2104935497045517, ""45"": 0.20960797369480133, ""65"": 0.21005728840827942, ""90"": 0.21197478473186493}",0.19887232780456543,0.20960797369480133,0.28390857577323914,737856,0.27267011081558146,0.7687236898384078
timesfm3,uber_tlc_hourly,4,L4,block_depth,True,0.2,65.0,False,False,1e-05|0.0001|0.001|0.01|0.1|0.3|1|3|10|30|45|65|90,90.0,1e-05,13,0.01,0.65,"mean pinball over (batch, quantiles, horizon)",0.21054208278656006,"{""1e-05"": 0.3181295096874237, ""0.0001"": 0.31674423813819885, ""0.001"": 0.31774866580963135, ""0.01"": 0.3161109387874603, ""0.1"": 0.3067241907119751, ""0.3"": 0.2899424135684967, ""1"": 0.26004278659820557, ""3"": 0.23607882857322693, ""10"": 0.21872158348560333, ""30"": 0.21119870245456696, ""45"": 0.2106240838766098, ""65"": 0.21054208278656006, ""90"": 0.21342745423316956}","{""1e-05"": 0.3181295096874237, ""0.0001"": 0.31674423813819885, ""0.001"": 0.31774866580963135, ""0.01"": 0.3161109387874603, ""0.1"": 0.3067241907119751, ""0.3"": 0.2899424135684967, ""1"": 0.26004278659820557, ""3"": 0.23607882857322693, ""10"": 0.21872158348560333, ""30"": 0.21119870245456696, ""45"": 0.2106240838766098, ""65"": 0.21054208278656006, ""90"": 0.21342745423316956}",0.20453275740146637,0.21054208278656006,0.28464779257774353,737856,0.27267011081558146,0.7721494745309975
timesfm3,uber_tlc_hourly,5,L5,block_depth,True,0.25,45.0,False,False,1e-05|0.0001|0.001|0.01|0.1|0.3|1|3|10|30|45|65|90,90.0,1e-05,13,0.01,0.45,"mean pinball over (batch, quantiles, horizon)",0.20980316400527954,"{""1e-05"": 0.3302113711833954, ""0.0001"": 0.32929497957229614, ""0.001"": 0.3299318850040436, ""0.01"": 0.3279937207698822, ""0.1"": 0.3181358575820923, ""0.3"": 0.3002428412437439, ""1"": 0.2663330137729645, ""3"": 0.23813490569591522, ""10"": 0.21903008222579956, ""30"": 0.2104276418685913, ""45"": 0.20980316400527954, ""65"": 0.21052230894565582, ""90"": 0.21229131519794464}","{""1e-05"": 0.3302113711833954, ""0.0001"": 0.32929497957229614, ""0.001"": 0.3299318850040436, ""0.01"": 0.3279937207698822, ""0.1"": 0.3181358575820923, ""0.3"": 0.3002428412437439, ""1"": 0.2663330137729645, ""3"": 0.23813490569591522, ""10"": 0.21903008222579956, ""30"": 0.2104276418685913, ""45"": 0.20980316400527954, ""65"": 0.21052230894565582, ""90"": 0.21229131519794464}",0.1974254846572876,0.20980316400527954,0.2763305604457855,737856,0.27267011081558146,0.7694395376806754
timesfm3,uber_tlc_hourly,6,L6,block_depth,True,0.3,30.0,False,False,1e-05|0.0001|0.001|0.01|0.1|0.3|1|3|10|30|45|65|90,90.0,1e-05,13,0.01,0.3,"mean pinball over (batch, quantiles, horizon)",0.21047033369541168,"{""1e-05"": 0.3236922025680542, ""0.0001"": 0.3243938684463501, ""0.001"": 0.32458069920539856, ""0.01"": 0.3231777250766754, ""0.1"": 0.3133369982242584, ""0.3"": 0.2948652505874634, ""1"": 0.26192593574523926, ""3"": 0.23473916947841644, ""10"": 0.21729660034179688, ""30"": 0.21047033369541168, ""45"": 0.2108394205570221, ""65"": 0.21210052073001862, ""90"": 0.21507792174816132}","{""1e-05"": 0.3236922025680542, ""0.0001"": 0.3243938684463501, ""0.001"": 0.32458069920539856, ""0.01"": 0.3231777250766754, ""0.1"": 0.3133369982242584, ""0.3"": 0.2948652505874634, ""1"": 0.26192593574523926, ""3"": 0.23473916947841644, ""10"": 0.21729660034179688, ""30"": 0.21047033369541168, ""45"": 0.2108394205570221, ""65"": 0.21210052073001862, ""90"": 0.21507792174816132}",0.19376841187477112,0.21047033369541168,0.27810993790626526,737856,0.27267011081558146,0.7718863393786561
timesfm3,uber_tlc_hourly,7,L7,block_depth,True,0.35,30.0,False,False,1e-05|0.0001|0.001|0.01|0.1|0.3|1|3|10|30|45|65|90,90.0,1e-05,13,0.01,0.3,"mean pinball over (batch, quantiles, horizon)",0.21031372249126434,"{""1e-05"": 0.32699742913246155, ""0.0001"": 0.3264768123626709, ""0.001"": 0.32559239864349365, ""0.01"": 0.32427507638931274, ""0.1"": 0.3133762776851654, ""0.3"": 0.2942913770675659, ""1"": 0.2614586055278778, ""3"": 0.23359926044940948, ""10"": 0.21639156341552734, ""30"": 0.21031372249126434, ""45"": 0.2104143649339676, ""65"": 0.2112695276737213, ""90"": 0.21494100987911224}","{""1e-05"": 0.32699742913246155, ""0.0001"": 0.3264768123626709, ""0.001"": 0.32559239864349365, ""0.01"": 0.32427507638931274, ""0.1"": 0.3133762776851654, ""0.3"": 0.2942913770675659, ""1"": 0.2614586055278778, ""3"": 0.23359926044940948, ""10"": 0.21639156341552734, ""30"": 0.21031372249126434, ""45"": 0.2104143649339676, ""65"": 0.2112695276737213, ""90"": 0.21494100987911224}",0.19488568603992462,0.21031372249126434,0.27492961287498474,737856,0.27267011081558146,0.7713119779142518
timesfm3,uber_tlc_hourly,8,L8,block_depth,True,0.4,30.0,False,False,1e-05|0.0001|0.001|0.01|0.1|0.3|1|3|10|30|45|65|90,90.0,1e-05,13,0.01,0.3,"mean pinball over (batch, quantiles, horizon)",0.21047233045101166,"{""1e-05"": 0.3195264935493469, ""0.0001"": 0.3188483417034149, ""0.001"": 0.3195323348045349, ""0.01"": 0.31964173913002014, ""0.1"": 0.3067191243171692, ""0.3"": 0.28870889544487, ""1"": 0.25659415125846863, ""3"": 0.23087292909622192, ""10"": 0.21510662138462067, ""30"": 0.21047233045101166, ""45"": 0.21128664910793304, ""65"": 0.2128312736749649, ""90"": 0.2167222648859024}","{""1e-05"": 0.3195264935493469, ""0.0001"": 0.3188483417034149, ""0.001"": 0.3195323348045349, ""0.01"": 0.31964173913002014, ""0.1"": 0.3067191243171692, ""0.3"": 0.28870889544487, ""1"": 0.25659415125846863, ""3"": 0.23087292909622192, ""10"": 0.21510662138462067, ""30"": 0.21047233045101166, ""45"": 0.21128664910793304, ""65"": 0.2128312736749649, ""90"": 0.2167222648859024}",0.19746549427509308,0.21047233045101166,0.2750397324562073,737856,0.27267011081558146,0.7718936623507047
timesfm3,uber_tlc_hourly,9,L9,block_depth,True,0.45,30.0,False,False,1e-05|0.0001|0.001|0.01|0.1|0.3|1|3|10|30|45|65|90,90.0,1e-05,13,0.01,0.3,"mean pinball over (batch, quantiles, horizon)",0.21292860805988312,"{""1e-05"": 0.3175194561481476, ""0.0001"": 0.3195318579673767, ""0.001"": 0.3183882534503937, ""0.01"": 0.31725192070007324, ""0.1"": 0.3064381778240204, ""0.3"": 0.28876233100891113, ""1"": 0.25803643465042114, ""3"": 0.23189996182918549, ""10"": 0.21729812026023865, ""30"": 0.21292860805988312, ""45"": 0.21412409842014313, ""65"": 0.21642382442951202, ""90"": 0.22123080492019653}","{""1e-05"": 0.3175194561481476, ""0.0001"": 0.3195318579673767, ""0.001"": 0.3183882534503937, ""0.01"": 0.31725192070007324, ""0.1"": 0.3064381778240204, ""0.3"": 0.28876233100891113, ""1"": 0.25803643465042114, ""3"": 0.23189996182918549, ""10"": 0.21729812026023865, ""30"": 0.21292860805988312, ""45"": 0.21412409842014313, ""65"": 0.21642382442951202, ""90"": 0.22123080492019653}",0.19863931834697723,0.21292860805988312,0.27606311440467834,737856,0.27267011081558146,0.7809019016532248
timesfm3,uber_tlc_hourly,10,L10,block_depth,True,0.5,30.0,False,False,1e-05|0.0001|0.001|0.01|0.1|0.3|1|3|10|30|45|65|90,90.0,1e-05,13,0.01,0.3,"mean pinball over (batch, quantiles, horizon)",0.21302899718284607,"{""1e-05"": 0.3210895359516144, ""0.0001"": 0.32111987471580505, ""0.001"": 0.3208520710468292, ""0.01"": 0.3198133409023285, ""0.1"": 0.30949854850769043, ""0.3"": 0.28995391726493835, ""1"": 0.25867149233818054, ""3"": 0.23325872421264648, ""10"": 0.21754971146583557, ""30"": 0.21302899718284607, ""45"": 0.2139252871274948, ""65"": 0.21627016365528107, ""90"": 0.22017212212085724}","{""1e-05"": 0.3210895359516144, ""0.0001"": 0.32111987471580505, ""0.001"": 0.3208520710468292, ""0.01"": 0.3198133409023285, ""0.1"": 0.30949854850769043, ""0.3"": 0.28995391726493835, ""1"": 0.25867149233818054, ""3"": 0.23325872421264648, ""10"": 0.21754971146583557, ""30"": 0.21302899718284607, ""45"": 0.2139252871274948, ""65"": 0.21627016365528107, ""90"": 0.22017212212085724}",0.1985648274421692,0.21302899718284607,0.27612897753715515,737856,0.27267011081558146,0.7812700722703221
timesfm3,uber_tlc_hourly,11,L11,block_depth,True,0.55,30.0,False,False,1e-05|0.0001|0.001|0.01|0.1|0.3|1|3|10|30|45|65|90,90.0,1e-05,13,0.01,0.3,"mean pinball over (batch, quantiles, horizon)",0.21341107785701752,"{""1e-05"": 0.3179551362991333, ""0.0001"": 0.3176835775375366, ""0.001"": 0.31954070925712585, ""0.01"": 0.3164471387863159, ""0.1"": 0.30462920665740967, ""0.3"": 0.2891771197319031, ""1"": 0.2576163411140442, ""3"": 0.23244823515415192, ""10"": 0.21797071397304535, ""30"": 0.21341107785701752, ""45"": 0.2139287292957306, ""65"": 0.21647053956985474, ""90"": 0.22128824889659882}","{""1e-05"": 0.3179551362991333, ""0.0001"": 0.3176835775375366, ""0.001"": 0.31954070925712585, ""0.01"": 0.3164471387863159, ""0.1"": 0.30462920665740967, ""0.3"": 0.2891771197319031, ""1"": 0.2576163411140442, ""3"": 0.23244823515415192, ""10"": 0.21797071397304535, ""30"": 0.21341107785701752, ""45"": 0.2139287292957306, ""65"": 0.21647053956985474, ""90"": 0.22128824889659882}",0.19831964373588562,0.21341107785701752,0.27713173627853394,737856,0.27267011081558146,0.7826713284367153
timesfm3,uber_tlc_hourly,12,L12,block_depth,True,0.6,30.0,False,False,1e-05|0.0001|0.001|0.01|0.1|0.3|1|3|10|30|45|65|90,90.0,1e-05,13,0.01,0.3,"mean pinball over (batch, quantiles, horizon)",0.21378867328166962,"{""1e-05"": 0.31318899989128113, ""0.0001"": 0.3120037317276001, ""0.001"": 0.3130286931991577, ""0.01"": 0.3114495873451233, ""0.1"": 0.3019630014896393, ""0.3"": 0.2865256369113922, ""1"": 0.2551116347312927, ""3"": 0.2306707352399826, ""10"": 0.21677038073539734, ""30"": 0.21378867328166962, ""45"": 0.21441249549388885, ""65"": 0.21649114787578583, ""90"": 0.22038207948207855}","{""1e-05"": 0.31318899989128113, ""0.0001"": 0.3120037317276001, ""0.001"": 0.3130286931991577, ""0.01"": 0.3114495873451233, ""0.1"": 0.3019630014896393, ""0.3"": 0.2865256369113922, ""1"": 0.2551116347312927, ""3"": 0.2306707352399826, ""10"": 0.21677038073539734, ""30"": 0.21378867328166962, ""45"": 0.21441249549388885, ""65"": 0.21649114787578583, ""90"": 0.22038207948207855}",0.1998782753944397,0.21378867328166962,0.27628612518310547,737856,0.27267011081558146,0.7840561352405219
timesfm3,uber_tlc_hourly,13,L13,block_depth,True,0.65,45.0,False,False,1e-05|0.0001|0.001|0.01|0.1|0.3|1|3|10|30|45|65|90,90.0,1e-05,13,0.01,0.45,"mean pinball over (batch, quantiles, horizon)",0.21061447262763977,"{""1e-05"": 0.30764126777648926, ""0.0001"": 0.30952444672584534, ""0.001"": 0.3081568479537964, ""0.01"": 0.30752629041671753, ""0.1"": 0.2986753582954407, ""0.3"": 0.2808366119861603, ""1"": 0.25167468190193176, ""3"": 0.2286110520362854, ""10"": 0.21484923362731934, ""30"": 0.2109214961528778, ""45"": 0.21061447262763977, ""65"": 0.21209411323070526, ""90"": 0.2153775691986084}","{""1e-05"": 0.30764126777648926, ""0.0001"": 0.30952444672584534, ""0.001"": 0.3081568479537964, ""0.01"": 0.30752629041671753, ""0.1"": 0.2986753582954407, ""0.3"": 0.2808366119861603, ""1"": 0.25167468190193176, ""3"": 0.2286110520362854, ""10"": 0.21484923362731934, ""30"": 0.2109214961528778, ""45"": 0.21061447262763977, ""65"": 0.21209411323070526, ""90"": 0.2153775691986084}",0.20354343950748444,0.21061447262763977,0.2697470486164093,737856,0.27267011081558146,0.7724149595922797
timesfm3,uber_tlc_hourly,14,L14,block_depth,True,0.7,30.0,False,False,1e-05|0.0001|0.001|0.01|0.1|0.3|1|3|10|30|45|65|90,90.0,1e-05,13,0.01,0.3,"mean pinball over (batch, quantiles, horizon)",0.2099945992231369,"{""1e-05"": 0.3137551248073578, ""0.0001"": 0.31513574719429016, ""0.001"": 0.3155023157596588, ""0.01"": 0.31300342082977295, ""0.1"": 0.3033636510372162, ""0.3"": 0.28558990359306335, ""1"": 0.2532825767993927, ""3"": 0.22901326417922974, ""10"": 0.21531377732753754, ""30"": 0.2099945992231369, ""45"": 0.21085365116596222, ""65"": 0.21192485094070435, ""90"": 0.21446283161640167}","{""1e-05"": 0.3137551248073578, ""0.0001"": 0.31513574719429016, ""0.001"": 0.3155023157596588, ""0.01"": 0.31300342082977295, ""0.1"": 0.3033636510372162, ""0.3"": 0.28558990359306335, ""1"": 0.2532825767993927, ""3"": 0.22901326417922974, ""10"": 0.21531377732753754, ""30"": 0.2099945992231369, ""45"": 0.21085365116596222, ""65"": 0.21192485094070435, ""90"": 0.21446283161640167}",0.19624613225460052,0.2099945992231369,0.265242338180542,737856,0.27267011081558146,0.7701416139635682
timesfm3,uber_tlc_hourly,15,L15,block_depth,True,0.75,30.0,False,False,1e-05|0.0001|0.001|0.01|0.1|0.3|1|3|10|30|45|65|90,90.0,1e-05,13,0.01,0.3,"mean pinball over (batch, quantiles, horizon)",0.20849177241325378,"{""1e-05"": 0.3169340193271637, ""0.0001"": 0.31685948371887207, ""0.001"": 0.31735652685165405, ""0.01"": 0.3158615827560425, ""0.1"": 0.3060636520385742, ""0.3"": 0.2876172661781311, ""1"": 0.2535742521286011, ""3"": 0.22801212966442108, ""10"": 0.21277493238449097, ""30"": 0.20849177241325378, ""45"": 0.20874899625778198, ""65"": 0.2099580019712448, ""90"": 0.21334078907966614}","{""1e-05"": 0.3169340193271637, ""0.0001"": 0.31685948371887207, ""0.001"": 0.31735652685165405, ""0.01"": 0.3158615827560425, ""0.1"": 0.3060636520385742, ""0.3"": 0.2876172661781311, ""1"": 0.2535742521286011, ""3"": 0.22801212966442108, ""10"": 0.21277493238449097, ""30"": 0.20849177241325378, ""45"": 0.20874899625778198, ""65"": 0.2099580019712448, ""90"": 0.21334078907966614}",0.19512417912483215,0.20849177241325378,0.26376232504844666,737856,0.27267011081558146,0.7646300938142272
timesfm3,uber_tlc_hourly,16,L16,block_depth,True,0.8,45.0,False,False,1e-05|0.0001|0.001|0.01|0.1|0.3|1|3|10|30|45|65|90,90.0,1e-05,13,0.01,0.45,"mean pinball over (batch, quantiles, horizon)",0.20912106335163116,"{""1e-05"": 0.30890876054763794, ""0.0001"": 0.30945882201194763, ""0.001"": 0.31085526943206787, ""0.01"": 0.3093186914920807, ""0.1"": 0.29827606678009033, ""0.3"": 0.2825160026550293, ""1"": 0.2514011859893799, ""3"": 0.22877420485019684, ""10"": 0.21357373893260956, ""30"": 0.2094062864780426, ""45"": 0.20912106335163116, ""65"": 0.21003560721874237, ""90"": 0.2126234471797943}","{""1e-05"": 0.30890876054763794, ""0.0001"": 0.30945882201194763, ""0.001"": 0.31085526943206787, ""0.01"": 0.3093186914920807, ""0.1"": 0.29827606678009033, ""0.3"": 0.2825160026550293, ""1"": 0.2514011859893799, ""3"": 0.22877420485019684, ""10"": 0.21357373893260956, ""30"": 0.2094062864780426, ""45"": 0.20912106335163116, ""65"": 0.21003560721874237, ""90"": 0.2126234471797943}",0.2003733366727829,0.20912106335163116,0.26414361596107483,737856,0.27267011081558146,0.7669379776394661
timesfm3,uber_tlc_hourly,17,L17,block_depth,True,0.85,30.0,False,False,1e-05|0.0001|0.001|0.01|0.1|0.3|1|3|10|30|45|65|90,90.0,1e-05,13,0.01,0.3,"mean pinball over (batch, quantiles, horizon)",0.2090369313955307,"{""1e-05"": 0.3029016852378845, ""0.0001"": 0.3019393980503082, ""0.001"": 0.302045077085495, ""0.01"": 0.3024413585662842, ""0.1"": 0.29307177662849426, ""0.3"": 0.27763631939888, ""1"": 0.25090715289115906, ""3"": 0.22861559689044952, ""10"": 0.21414493024349213, ""30"": 0.2090369313955307, ""45"": 0.2091587781906128, ""65"": 0.2093697488307953, ""90"": 0.21215368807315826}","{""1e-05"": 0.3029016852378845, ""0.0001"": 0.3019393980503082, ""0.001"": 0.302045077085495, ""0.01"": 0.3024413585662842, ""0.1"": 0.29307177662849426, ""0.3"": 0.27763631939888, ""1"": 0.25090715289115906, ""3"": 0.22861559689044952, ""10"": 0.21414493024349213, ""30"": 0.2090369313955307, ""45"": 0.2091587781906128, ""65"": 0.2093697488307953, ""90"": 0.21215368807315826}",0.19356641173362732,0.2090369313955307,0.26231494545936584,737856,0.27267011081558146,0.7666294291306148
timesfm3,uber_tlc_hourly,18,L18,block_depth,True,0.9,45.0,False,False,1e-05|0.0001|0.001|0.01|0.1|0.3|1|3|10|30|45|65|90,90.0,1e-05,13,0.01,0.45,"mean pinball over (batch, quantiles, horizon)",0.20638558268547058,"{""1e-05"": 0.2876909673213959, ""0.0001"": 0.2874775826931, ""0.001"": 0.2883450984954834, ""0.01"": 0.28573882579803467, ""0.1"": 0.27902162075042725, ""0.3"": 0.26620885729789734, ""1"": 0.2419309765100479, ""3"": 0.22263044118881226, ""10"": 0.21180056035518646, ""30"": 0.20694904029369354, ""45"": 0.20638558268547058, ""65"": 0.2074066698551178, ""90"": 0.2096550017595291}","{""1e-05"": 0.2876909673213959, ""0.0001"": 0.2874775826931, ""0.001"": 0.2883450984954834, ""0.01"": 0.28573882579803467, ""0.1"": 0.27902162075042725, ""0.3"": 0.26620885729789734, ""1"": 0.2419309765100479, ""3"": 0.22263044118881226, ""10"": 0.21180056035518646, ""30"": 0.20694904029369354, ""45"": 0.20638558268547058, ""65"": 0.2074066698551178, ""90"": 0.2096550017595291}",0.2005598098039627,0.20638558268547058,0.2606256902217865,737856,0.27267011081558146,0.7569057791781881
timesfm3,uber_tlc_hourly,19,L19,block_depth,True,0.95,30.0,False,False,1e-05|0.0001|0.001|0.01|0.1|0.3|1|3|10|30|45|65|90,90.0,1e-05,13,0.01,0.3,"mean pinball over (batch, quantiles, horizon)",0.20699839293956757,"{""1e-05"": 0.2723298966884613, ""0.0001"": 0.2732280492782593, ""0.001"": 0.27415651082992554, ""0.01"": 0.2723890244960785, ""0.1"": 0.2656663954257965, ""0.3"": 0.25445759296417236, ""1"": 0.23574163019657135, ""3"": 0.21998456120491028, ""10"": 0.21055777370929718, ""30"": 0.20699839293956757, ""45"": 0.2071269452571869, ""65"": 0.20722360908985138, ""90"": 0.21048232913017273}","{""1e-05"": 0.2723298966884613, ""0.0001"": 0.2732280492782593, ""0.001"": 0.27415651082992554, ""0.01"": 0.2723890244960785, ""0.1"": 0.2656663954257965, ""0.3"": 0.25445759296417236, ""1"": 0.23574163019657135, ""3"": 0.21998456120491028, ""10"": 0.21055777370929718, ""30"": 0.20699839293956757, ""45"": 0.2071269452571869, ""65"": 0.20722360908985138, ""90"": 0.21048232913017273}",0.19883327186107635,0.20699839293956757,0.26277804374694824,737856,0.27267011081558146,0.759153221159504
timesfm3,uber_tlc_hourly,20,L20,block_depth,True,1.0,45.0,False,False,1e-05|0.0001|0.001|0.01|0.1|0.3|1|3|10|30|45|65|90,90.0,1e-05,13,0.01,0.45,"mean pinball over (batch, quantiles, horizon)",0.206626757979393,"{""1e-05"": 0.298260360956192, ""0.0001"": 0.2969854176044464, ""0.001"": 0.29737046360969543, ""0.01"": 0.2973869740962982, ""0.1"": 0.288308709859848, ""0.3"": 0.27353113889694214, ""1"": 0.24828682839870453, ""3"": 0.2267681211233139, ""10"": 0.2126614898443222, ""30"": 0.20720285177230835, ""45"": 0.206626757979393, ""65"": 0.20788826048374176, ""90"": 0.20955117046833038}","{""1e-05"": 0.298260360956192, ""0.0001"": 0.2969854176044464, ""0.001"": 0.29737046360969543, ""0.01"": 0.2973869740962982, ""0.1"": 0.288308709859848, ""0.3"": 0.27353113889694214, ""1"": 0.24828682839870453, ""3"": 0.2267681211233139, ""10"": 0.2126614898443222, ""30"": 0.20720285177230835, ""45"": 0.206626757979393, ""65"": 0.20788826048374176, ""90"": 0.20955117046833038}",0.19465696811676025,0.206626757979393,0.26312434673309326,737856,0.27267011081558146,0.7577902739737528
timesfm3,wind_farms_hourly,0,Emb,block_depth,True,0.0,30.0,False,False,1e-05|0.0001|0.001|0.01|0.1|0.3|1|3|10|30|45|65|90,90.0,1e-05,13,0.01,0.3,"mean pinball over (batch, quantiles, horizon)",0.20789262652397156,"{""1e-05"": 0.21730686724185944, ""0.0001"": 0.2166210263967514, ""0.001"": 0.217451810836792, ""0.01"": 0.21559925377368927, ""0.1"": 0.21613748371601105, ""0.3"": 0.2158876657485962, ""1"": 0.21340787410736084, ""3"": 0.21091167628765106, ""10"": 0.20972809195518494, ""30"": 0.20789262652397156, ""45"": 0.20804262161254883, ""65"": 0.20987631380558014, ""90"": 0.21387271583080292}","{""1e-05"": 0.21730686724185944, ""0.0001"": 0.2166210263967514, ""0.001"": 0.217451810836792, ""0.01"": 0.21559925377368927, ""0.1"": 0.21613748371601105, ""0.3"": 0.2158876657485962, ""1"": 0.21340787410736084, ""3"": 0.21091167628765106, ""10"": 0.20972809195518494, ""30"": 0.20789262652397156, ""45"": 0.20804262161254883, ""65"": 0.20987631380558014, ""90"": 0.21387271583080292}",12.043371200561523,0.20789262652397156,0.6302698254585266,737856,0.2799916125777114,0.7424959076810602
timesfm3,wind_farms_hourly,1,L1,block_depth,True,0.05,10.0,False,False,1e-05|0.0001|0.001|0.01|0.1|0.3|1|3|10|30|45|65|90,90.0,1e-05,13,0.01,0.1,"mean pinball over (batch, quantiles, horizon)",0.2000897079706192,"{""1e-05"": 0.22917531430721283, ""0.0001"": 0.2293481081724167, ""0.001"": 0.22895148396492004, ""0.01"": 0.22818957269191742, ""0.1"": 0.22494232654571533, ""0.3"": 0.21955926716327667, ""1"": 0.210951566696167, ""3"": 0.2034127116203308, ""10"": 0.2000897079706192, ""30"": 0.20163968205451965, ""45"": 0.20393268764019012, ""65"": 0.20843632519245148, ""90"": 0.21521306037902832}","{""1e-05"": 0.22917531430721283, ""0.0001"": 0.2293481081724167, ""0.001"": 0.22895148396492004, ""0.01"": 0.22818957269191742, ""0.1"": 0.22494232654571533, ""0.3"": 0.21955926716327667, ""1"": 0.210951566696167, ""3"": 0.2034127116203308, ""10"": 0.2000897079706192, ""30"": 0.20163968205451965, ""45"": 0.20393268764019012, ""65"": 0.20843632519245148, ""90"": 0.21521306037902832}",12.01396369934082,0.2000897079706192,0.6121832728385925,737856,0.2799916125777114,0.7146275066189153
timesfm3,wind_farms_hourly,2,L2,block_depth,True,0.1,10.0,False,False,1e-05|0.0001|0.001|0.01|0.1|0.3|1|3|10|30|45|65|90,90.0,1e-05,13,0.01,0.1,"mean pinball over (batch, quantiles, horizon)",0.19924211502075195,"{""1e-05"": 0.260231077671051, ""0.0001"": 0.2606598734855652, ""0.001"": 0.2603057026863098, ""0.01"": 0.2595009505748749, ""0.1"": 0.2533491253852844, ""0.3"": 0.2428721934556961, ""1"": 0.22320033609867096, ""3"": 0.20815509557724, ""10"": 0.19924211502075195, ""30"": 0.20009231567382812, ""45"": 0.20201818645000458, ""65"": 0.2059059739112854, ""90"": 0.21044470369815826}","{""1e-05"": 0.260231077671051, ""0.0001"": 0.2606598734855652, ""0.001"": 0.2603057026863098, ""0.01"": 0.2595009505748749, ""0.1"": 0.2533491253852844, ""0.3"": 0.2428721934556961, ""1"": 0.22320033609867096, ""3"": 0.20815509557724, ""10"": 0.19924211502075195, ""30"": 0.20009231567382812, ""45"": 0.20201818645000458, ""65"": 0.2059059739112854, ""90"": 0.21044470369815826}",12.000889778137207,0.19924211502075195,0.609999418258667,737856,0.2799916125777114,0.7116002982605506
timesfm3,wind_farms_hourly,3,L3,block_depth,True,0.15,30.0,False,False,1e-05|0.0001|0.001|0.01|0.1|0.3|1|3|10|30|45|65|90,90.0,1e-05,13,0.01,0.3,"mean pinball over (batch, quantiles, horizon)",0.19936318695545197,"{""1e-05"": 0.2854625880718231, ""0.0001"": 0.2863246202468872, ""0.001"": 0.2860596179962158, ""0.01"": 0.28491002321243286, ""0.1"": 0.276994913816452, ""0.3"": 0.2621707022190094, ""1"": 0.23523516952991486, ""3"": 0.2135932743549347, ""10"": 0.2013486623764038, ""30"": 0.19936318695545197, ""45"": 0.2010640799999237, ""65"": 0.2041960507631302, ""90"": 0.20899726450443268}","{""1e-05"": 0.2854625880718231, ""0.0001"": 0.2863246202468872, ""0.001"": 0.2860596179962158, ""0.01"": 0.28491002321243286, ""0.1"": 0.276994913816452, ""0.3"": 0.2621707022190094, ""1"": 0.23523516952991486, ""3"": 0.2135932743549347, ""10"": 0.2013486623764038, ""30"": 0.19936318695545197, ""45"": 0.2010640799999237, ""65"": 0.2041960507631302, ""90"": 0.20899726450443268}",12.008360862731934,0.19936318695545197,0.608119547367096,737856,0.2799916125777114,0.7120327109802939
timesfm3,wind_farms_hourly,4,L4,block_depth,True,0.2,30.0,False,False,1e-05|0.0001|0.001|0.01|0.1|0.3|1|3|10|30|45|65|90,90.0,1e-05,13,0.01,0.3,"mean pinball over (batch, quantiles, horizon)",0.20130588114261627,"{""1e-05"": 0.2986593544483185, ""0.0001"": 0.2987549304962158, ""0.001"": 0.29903948307037354, ""0.01"": 0.2980012893676758, ""0.1"": 0.2885264754295349, ""0.3"": 0.27323806285858154, ""1"": 0.24316179752349854, ""3"": 0.21862120926380157, ""10"": 0.20429253578186035, ""30"": 0.20130588114261627, ""45"": 0.20242226123809814, ""65"": 0.20462587475776672, ""90"": 0.20878362655639648}","{""1e-05"": 0.2986593544483185, ""0.0001"": 0.2987549304962158, ""0.001"": 0.29903948307037354, ""0.01"": 0.2980012893676758, ""0.1"": 0.2885264754295349, ""0.3"": 0.27323806285858154, ""1"": 0.24316179752349854, ""3"": 0.21862120926380157, ""10"": 0.20429253578186035, ""30"": 0.20130588114261627, ""45"": 0.20242226123809814, ""65"": 0.20462587475776672, ""90"": 0.20878362655639648}",12.00693416595459,0.20130588114261627,0.6084403395652771,737856,0.2799916125777114,0.7189711123462459
timesfm3,wind_farms_hourly,5,L5,block_depth,True,0.25,30.0,False,False,1e-05|0.0001|0.001|0.01|0.1|0.3|1|3|10|30|45|65|90,90.0,1e-05,13,0.01,0.3,"mean pinball over (batch, quantiles, horizon)",0.2020910680294037,"{""1e-05"": 0.3108745217323303, ""0.0001"": 0.31149059534072876, ""0.001"": 0.31107985973358154, ""0.01"": 0.3097519278526306, ""0.1"": 0.299858033657074, ""0.3"": 0.2818009555339813, ""1"": 0.24919277429580688, ""3"": 0.2230156511068344, ""10"": 0.20623305439949036, ""30"": 0.2020910680294037, ""45"": 0.20347659289836884, ""65"": 0.2044556885957718, ""90"": 0.20905514061450958}","{""1e-05"": 0.3108745217323303, ""0.0001"": 0.31149059534072876, ""0.001"": 0.31107985973358154, ""0.01"": 0.3097519278526306, ""0.1"": 0.299858033657074, ""0.3"": 0.2818009555339813, ""1"": 0.24919277429580688, ""3"": 0.2230156511068344, ""10"": 0.20623305439949036, ""30"": 0.2020910680294037, ""45"": 0.20347659289836884, ""65"": 0.2044556885957718, ""90"": 0.20905514061450958}",12.006399154663086,0.2020910680294037,0.609684944152832,737856,0.2799916125777114,0.7217754352313447
timesfm3,wind_farms_hourly,6,L6,block_depth,True,0.3,30.0,False,False,1e-05|0.0001|0.001|0.01|0.1|0.3|1|3|10|30|45|65|90,90.0,1e-05,13,0.01,0.3,"mean pinball over (batch, quantiles, horizon)",0.2028845250606537,"{""1e-05"": 0.3187182545661926, ""0.0001"": 0.3186715543270111, ""0.001"": 0.31903350353240967, ""0.01"": 0.3170481026172638, ""0.1"": 0.30656352639198303, ""0.3"": 0.28771182894706726, ""1"": 0.253199964761734, ""3"": 0.2252192199230194, ""10"": 0.20746207237243652, ""30"": 0.2028845250606537, ""45"": 0.2038610577583313, ""65"": 0.20525670051574707, ""90"": 0.20891261100769043}","{""1e-05"": 0.3187182545661926, ""0.0001"": 0.3186715543270111, ""0.001"": 0.31903350353240967, ""0.01"": 0.3170481026172638, ""0.1"": 0.30656352639198303, ""0.3"": 0.28771182894706726, ""1"": 0.253199964761734, ""3"": 0.2252192199230194, ""10"": 0.20746207237243652, ""30"": 0.2028845250606537, ""45"": 0.2038610577583313, ""65"": 0.20525670051574707, ""90"": 0.20891261100769043}",12.005569458007812,0.2028845250606537,0.6124156713485718,737856,0.2799916125777114,0.7246092952314538
timesfm3,wind_farms_hourly,7,L7,block_depth,True,0.35,30.0,False,False,1e-05|0.0001|0.001|0.01|0.1|0.3|1|3|10|30|45|65|90,90.0,1e-05,13,0.01,0.3,"mean pinball over (batch, quantiles, horizon)",0.20221376419067383,"{""1e-05"": 0.33049553632736206, ""0.0001"": 0.3312491774559021, ""0.001"": 0.3305128216743469, ""0.01"": 0.3283577859401703, ""0.1"": 0.3178315758705139, ""0.3"": 0.2979333996772766, ""1"": 0.259289413690567, ""3"": 0.22673702239990234, ""10"": 0.20694881677627563, ""30"": 0.20221376419067383, ""45"": 0.2029896229505539, ""65"": 0.2053566873073578, ""90"": 0.20872513949871063}","{""1e-05"": 0.33049553632736206, ""0.0001"": 0.3312491774559021, ""0.001"": 0.3305128216743469, ""0.01"": 0.3283577859401703, ""0.1"": 0.3178315758705139, ""0.3"": 0.2979333996772766, ""1"": 0.259289413690567, ""3"": 0.22673702239990234, ""10"": 0.20694881677627563, ""30"": 0.20221376419067383, ""45"": 0.2029896229505539, ""65"": 0.2053566873073578, ""90"": 0.20872513949871063}",12.002579689025879,0.20221376419067383,0.6142653822898865,737856,0.2799916125777114,0.7222136489340358
timesfm3,wind_farms_hourly,8,L8,block_depth,True,0.4,30.0,False,False,1e-05|0.0001|0.001|0.01|0.1|0.3|1|3|10|30|45|65|90,90.0,1e-05,13,0.01,0.3,"mean pinball over (batch, quantiles, horizon)",0.2031574547290802,"{""1e-05"": 0.34084516763687134, ""0.0001"": 0.340212881565094, ""0.001"": 0.3406203091144562, ""0.01"": 0.33929601311683655, ""0.1"": 0.3259055018424988, ""0.3"": 0.3039129674434662, ""1"": 0.26128295063972473, ""3"": 0.22701650857925415, ""10"": 0.2078845202922821, ""30"": 0.2031574547290802, ""45"": 0.20407219231128693, ""65"": 0.20640167593955994, ""90"": 0.2107350081205368}","{""1e-05"": 0.34084516763687134, ""0.0001"": 0.340212881565094, ""0.001"": 0.3406203091144562, ""0.01"": 0.33929601311683655, ""0.1"": 0.3259055018424988, ""0.3"": 0.3039129674434662, ""1"": 0.26128295063972473, ""3"": 0.22701650857925415, ""10"": 0.2078845202922821, ""30"": 0.2031574547290802, ""45"": 0.20407219231128693, ""65"": 0.20640167593955994, ""90"": 0.2107350081205368}",11.999236106872559,0.2031574547290802,0.6142834424972534,737856,0.2799916125777114,0.7255840732468157
timesfm3,wind_farms_hourly,9,L9,block_depth,True,0.45,30.0,False,False,1e-05|0.0001|0.001|0.01|0.1|0.3|1|3|10|30|45|65|90,90.0,1e-05,13,0.01,0.3,"mean pinball over (batch, quantiles, horizon)",0.20476289093494415,"{""1e-05"": 0.35214686393737793, ""0.0001"": 0.3518452048301697, ""0.001"": 0.35208117961883545, ""0.01"": 0.3501923680305481, ""0.1"": 0.33707791566848755, ""0.3"": 0.31416863203048706, ""1"": 0.2688037157058716, ""3"": 0.23375864326953888, ""10"": 0.21160265803337097, ""30"": 0.20476289093494415, ""45"": 0.20625633001327515, ""65"": 0.20803076028823853, ""90"": 0.21249240636825562}","{""1e-05"": 0.35214686393737793, ""0.0001"": 0.3518452048301697, ""0.001"": 0.35208117961883545, ""0.01"": 0.3501923680305481, ""0.1"": 0.33707791566848755, ""0.3"": 0.31416863203048706, ""1"": 0.2688037157058716, ""3"": 0.23375864326953888, ""10"": 0.21160265803337097, ""30"": 0.20476289093494415, ""45"": 0.20625633001327515, ""65"": 0.20803076028823853, ""90"": 0.21249240636825562}",11.998656272888184,0.20476289093494415,0.6142277121543884,737856,0.2799916125777114,0.7313179457406511
timesfm3,wind_farms_hourly,10,L10,block_depth,True,0.5,30.0,False,False,1e-05|0.0001|0.001|0.01|0.1|0.3|1|3|10|30|45|65|90,90.0,1e-05,13,0.01,0.3,"mean pinball over (batch, quantiles, horizon)",0.205706387758255,"{""1e-05"": 0.37348678708076477, ""0.0001"": 0.37317460775375366, ""0.001"": 0.37319183349609375, ""0.01"": 0.37180453538894653, ""0.1"": 0.3566072881221771, ""0.3"": 0.3319058120250702, ""1"": 0.28106310963630676, ""3"": 0.2381061315536499, ""10"": 0.21234393119812012, ""30"": 0.205706387758255, ""45"": 0.2058572918176651, ""65"": 0.2080826461315155, ""90"": 0.21227853000164032}","{""1e-05"": 0.37348678708076477, ""0.0001"": 0.37317460775375366, ""0.001"": 0.37319183349609375, ""0.01"": 0.37180453538894653, ""0.1"": 0.3566072881221771, ""0.3"": 0.3319058120250702, ""1"": 0.28106310963630676, ""3"": 0.2381061315536499, ""10"": 0.21234393119812012, ""30"": 0.205706387758255, ""45"": 0.2058572918176651, ""65"": 0.2080826461315155, ""90"": 0.21227853000164032}",11.998109817504883,0.205706387758255,0.6145086288452148,737856,0.2799916125777114,0.7346876781930795
timesfm3,wind_farms_hourly,11,L11,block_depth,True,0.55,30.0,False,False,1e-05|0.0001|0.001|0.01|0.1|0.3|1|3|10|30|45|65|90,90.0,1e-05,13,0.01,0.3,"mean pinball over (batch, quantiles, horizon)",0.2055821567773819,"{""1e-05"": 0.37024030089378357, ""0.0001"": 0.3698066473007202, ""0.001"": 0.3700384497642517, ""0.01"": 0.36820679903030396, ""0.1"": 0.35369575023651123, ""0.3"": 0.3277210593223572, ""1"": 0.27860912680625916, ""3"": 0.23674404621124268, ""10"": 0.21258923411369324, ""30"": 0.2055821567773819, ""45"": 0.20583710074424744, ""65"": 0.20779025554656982, ""90"": 0.2126026153564453}","{""1e-05"": 0.37024030089378357, ""0.0001"": 0.3698066473007202, ""0.001"": 0.3700384497642517, ""0.01"": 0.36820679903030396, ""0.1"": 0.35369575023651123, ""0.3"": 0.3277210593223572, ""1"": 0.27860912680625916, ""3"": 0.23674404621124268, ""10"": 0.21258923411369324, ""30"": 0.2055821567773819, ""45"": 0.20583710074424744, ""65"": 0.20779025554656982, ""90"": 0.2126026153564453}",11.996926307678223,0.2055821567773819,0.6143976449966431,737856,0.2799916125777114,0.7342439828276027
timesfm3,wind_farms_hourly,12,L12,block_depth,True,0.6,30.0,False,False,1e-05|0.0001|0.001|0.01|0.1|0.3|1|3|10|30|45|65|90,90.0,1e-05,13,0.01,0.3,"mean pinball over (batch, quantiles, horizon)",0.20530784130096436,"{""1e-05"": 0.3695307970046997, ""0.0001"": 0.36973607540130615, ""0.001"": 0.3700123429298401, ""0.01"": 0.36816176772117615, ""0.1"": 0.3527829945087433, ""0.3"": 0.32702192664146423, ""1"": 0.27821922302246094, ""3"": 0.23675982654094696, ""10"": 0.2126966267824173, ""30"": 0.20530784130096436, ""45"": 0.2058081328868866, ""65"": 0.20820125937461853, ""90"": 0.21210037171840668}","{""1e-05"": 0.3695307970046997, ""0.0001"": 0.36973607540130615, ""0.001"": 0.3700123429298401, ""0.01"": 0.36816176772117615, ""0.1"": 0.3527829945087433, ""0.3"": 0.32702192664146423, ""1"": 0.27821922302246094, ""3"": 0.23675982654094696, ""10"": 0.2126966267824173, ""30"": 0.20530784130096436, ""45"": 0.2058081328868866, ""65"": 0.20820125937461853, ""90"": 0.21210037171840668}",11.996983528137207,0.20530784130096436,0.6165863871574402,737856,0.2799916125777114,0.7332642553497254
timesfm3,wind_farms_hourly,13,L13,block_depth,True,0.65,30.0,False,False,1e-05|0.0001|0.001|0.01|0.1|0.3|1|3|10|30|45|65|90,90.0,1e-05,13,0.01,0.3,"mean pinball over (batch, quantiles, horizon)",0.2071901261806488,"{""1e-05"": 0.3717533051967621, ""0.0001"": 0.3729221820831299, ""0.001"": 0.3726387321949005, ""0.01"": 0.37125739455223083, ""0.1"": 0.35631468892097473, ""0.3"": 0.33038127422332764, ""1"": 0.28190624713897705, ""3"": 0.2408747524023056, ""10"": 0.21573421359062195, ""30"": 0.2071901261806488, ""45"": 0.20734268426895142, ""65"": 0.2080676555633545, ""90"": 0.21081514656543732}","{""1e-05"": 0.3717533051967621, ""0.0001"": 0.3729221820831299, ""0.001"": 0.3726387321949005, ""0.01"": 0.37125739455223083, ""0.1"": 0.35631468892097473, ""0.3"": 0.33038127422332764, ""1"": 0.28190624713897705, ""3"": 0.2408747524023056, ""10"": 0.21573421359062195, ""30"": 0.2071901261806488, ""45"": 0.20734268426895142, ""65"": 0.2080676555633545, ""90"": 0.21081514656543732}",11.996245384216309,0.2071901261806488,0.6150748133659363,737856,0.2799916125777114,0.7399869027260357
timesfm3,wind_farms_hourly,14,L14,block_depth,True,0.7,45.0,False,False,1e-05|0.0001|0.001|0.01|0.1|0.3|1|3|10|30|45|65|90,90.0,1e-05,13,0.01,0.45,"mean pinball over (batch, quantiles, horizon)",0.20555195212364197,"{""1e-05"": 0.37662944197654724, ""0.0001"": 0.3768777549266815, ""0.001"": 0.37720221281051636, ""0.01"": 0.3759915828704834, ""0.1"": 0.36060455441474915, ""0.3"": 0.3342704772949219, ""1"": 0.2841697931289673, ""3"": 0.24222064018249512, ""10"": 0.21513158082962036, ""30"": 0.2066173255443573, ""45"": 0.20555195212364197, ""65"": 0.20613552629947662, ""90"": 0.20983396470546722}","{""1e-05"": 0.37662944197654724, ""0.0001"": 0.3768777549266815, ""0.001"": 0.37720221281051636, ""0.01"": 0.3759915828704834, ""0.1"": 0.36060455441474915, ""0.3"": 0.3342704772949219, ""1"": 0.2841697931289673, ""3"": 0.24222064018249512, ""10"": 0.21513158082962036, ""30"": 0.2066173255443573, ""45"": 0.20555195212364197, ""65"": 0.20613552629947662, ""90"": 0.20983396470546722}",12.003593444824219,0.20555195212364197,0.6155097484588623,737856,0.2799916125777114,0.7341361058327818
timesfm3,wind_farms_hourly,15,L15,block_depth,True,0.75,45.0,False,False,1e-05|0.0001|0.001|0.01|0.1|0.3|1|3|10|30|45|65|90,90.0,1e-05,13,0.01,0.45,"mean pinball over (batch, quantiles, horizon)",0.2032780647277832,"{""1e-05"": 0.3603403866291046, ""0.0001"": 0.360523521900177, ""0.001"": 0.3606418967247009, ""0.01"": 0.35901743173599243, ""0.1"": 0.34481683373451233, ""0.3"": 0.32076117396354675, ""1"": 0.27461618185043335, ""3"": 0.23654498159885406, ""10"": 0.21159467101097107, ""30"": 0.20334044098854065, ""45"": 0.2032780647277832, ""65"": 0.2037258893251419, ""90"": 0.2060425728559494}","{""1e-05"": 0.3603403866291046, ""0.0001"": 0.360523521900177, ""0.001"": 0.3606418967247009, ""0.01"": 0.35901743173599243, ""0.1"": 0.34481683373451233, ""0.3"": 0.32076117396354675, ""1"": 0.27461618185043335, ""3"": 0.23654498159885406, ""10"": 0.21159467101097107, ""30"": 0.20334044098854065, ""45"": 0.2032780647277832, ""65"": 0.2037258893251419, ""90"": 0.2060425728559494}",12.003134727478027,0.2032780647277832,0.612743616104126,737856,0.2799916125777114,0.7260148361457206
timesfm3,wind_farms_hourly,16,L16,block_depth,True,0.8,45.0,False,False,1e-05|0.0001|0.001|0.01|0.1|0.3|1|3|10|30|45|65|90,90.0,1e-05,13,0.01,0.45,"mean pinball over (batch, quantiles, horizon)",0.20065347850322723,"{""1e-05"": 0.3619017004966736, ""0.0001"": 0.3612571358680725, ""0.001"": 0.36184391379356384, ""0.01"": 0.3592924177646637, ""0.1"": 0.3457074463367462, ""0.3"": 0.3219347596168518, ""1"": 0.27565428614616394, ""3"": 0.2337171733379364, ""10"": 0.2091919183731079, ""30"": 0.2015891969203949, ""45"": 0.20065347850322723, ""65"": 0.20125676691532135, ""90"": 0.20285411179065704}","{""1e-05"": 0.3619017004966736, ""0.0001"": 0.3612571358680725, ""0.001"": 0.36184391379356384, ""0.01"": 0.3592924177646637, ""0.1"": 0.3457074463367462, ""0.3"": 0.3219347596168518, ""1"": 0.27565428614616394, ""3"": 0.2337171733379364, ""10"": 0.2091919183731079, ""30"": 0.2015891969203949, ""45"": 0.20065347850322723, ""65"": 0.20125676691532135, ""90"": 0.20285411179065704}",12.001161575317383,0.20065347850322723,0.6115521192550659,737856,0.2799916125777114,0.7166410331221478
timesfm3,wind_farms_hourly,17,L17,block_depth,True,0.85,30.0,False,False,1e-05|0.0001|0.001|0.01|0.1|0.3|1|3|10|30|45|65|90,90.0,1e-05,13,0.01,0.3,"mean pinball over (batch, quantiles, horizon)",0.19784533977508545,"{""1e-05"": 0.34067803621292114, ""0.0001"": 0.3413558006286621, ""0.001"": 0.34013092517852783, ""0.01"": 0.33974871039390564, ""0.1"": 0.3264666795730591, ""0.3"": 0.30533111095428467, ""1"": 0.262778639793396, ""3"": 0.2265898883342743, ""10"": 0.20482993125915527, ""30"": 0.19784533977508545, ""45"": 0.19786621630191803, ""65"": 0.19793882966041565, ""90"": 0.19979067146778107}","{""1e-05"": 0.34067803621292114, ""0.0001"": 0.3413558006286621, ""0.001"": 0.34013092517852783, ""0.01"": 0.33974871039390564, ""0.1"": 0.3264666795730591, ""0.3"": 0.30533111095428467, ""1"": 0.262778639793396, ""3"": 0.2265898883342743, ""10"": 0.20482993125915527, ""30"": 0.19784533977508545, ""45"": 0.19786621630191803, ""65"": 0.19793882966041565, ""90"": 0.19979067146778107}",11.99411392211914,0.19784533977508545,0.6100432276725769,737856,0.2799916125777114,0.7066116658054308
timesfm3,wind_farms_hourly,18,L18,block_depth,True,0.9,30.0,False,False,1e-05|0.0001|0.001|0.01|0.1|0.3|1|3|10|30|45|65|90,90.0,1e-05,13,0.01,0.3,"mean pinball over (batch, quantiles, horizon)",0.19676059484481812,"{""1e-05"": 0.31638044118881226, ""0.0001"": 0.3171573579311371, ""0.001"": 0.3178088068962097, ""0.01"": 0.31566229462623596, ""0.1"": 0.30463603138923645, ""0.3"": 0.28445330262184143, ""1"": 0.2470630556344986, ""3"": 0.21588151156902313, ""10"": 0.19993971288204193, ""30"": 0.19676059484481812, ""45"": 0.19762316346168518, ""65"": 0.19903774559497833, ""90"": 0.2007039189338684}","{""1e-05"": 0.31638044118881226, ""0.0001"": 0.3171573579311371, ""0.001"": 0.3178088068962097, ""0.01"": 0.31566229462623596, ""0.1"": 0.30463603138923645, ""0.3"": 0.28445330262184143, ""1"": 0.2470630556344986, ""3"": 0.21588151156902313, ""10"": 0.19993971288204193, ""30"": 0.19676059484481812, ""45"": 0.19762316346168518, ""65"": 0.19903774559497833, ""90"": 0.2007039189338684}",11.997604370117188,0.19676059484481812,0.6060246825218201,737856,0.2799916125777114,0.7027374607166399
timesfm3,wind_farms_hourly,19,L19,block_depth,True,0.95,10.0,False,False,1e-05|0.0001|0.001|0.01|0.1|0.3|1|3|10|30|45|65|90,90.0,1e-05,13,0.01,0.1,"mean pinball over (batch, quantiles, horizon)",0.19931861758232117,"{""1e-05"": 0.2920876443386078, ""0.0001"": 0.2923412322998047, ""0.001"": 0.2919006943702698, ""0.01"": 0.29093459248542786, ""0.1"": 0.2812831401824951, ""0.3"": 0.2655344605445862, ""1"": 0.23402070999145508, ""3"": 0.2099374383687973, ""10"": 0.19931861758232117, ""30"": 0.20010189712047577, ""45"": 0.20259027183055878, ""65"": 0.2043188363313675, ""90"": 0.2088286131620407}","{""1e-05"": 0.2920876443386078, ""0.0001"": 0.2923412322998047, ""0.001"": 0.2919006943702698, ""0.01"": 0.29093459248542786, ""0.1"": 0.2812831401824951, ""0.3"": 0.2655344605445862, ""1"": 0.23402070999145508, ""3"": 0.2099374383687973, ""10"": 0.19931861758232117, ""30"": 0.20010189712047577, ""45"": 0.20259027183055878, ""65"": 0.2043188363313675, ""90"": 0.2088286131620407}",11.986647605895996,0.19931861758232117,0.6117613911628723,737856,0.2799916125777114,0.7118735298794012
timesfm3,wind_farms_hourly,20,L20,block_depth,True,1.0,30.0,False,False,1e-05|0.0001|0.001|0.01|0.1|0.3|1|3|10|30|45|65|90,90.0,1e-05,13,0.01,0.3,"mean pinball over (batch, quantiles, horizon)",0.20043906569480896,"{""1e-05"": 0.3184908628463745, ""0.0001"": 0.31830352544784546, ""0.001"": 0.3184046745300293, ""0.01"": 0.31703028082847595, ""0.1"": 0.30579107999801636, ""0.3"": 0.28690919280052185, ""1"": 0.2486359179019928, ""3"": 0.2171022891998291, ""10"": 0.20121659338474274, ""30"": 0.20043906569480896, ""45"": 0.20313091576099396, ""65"": 0.20685461163520813, ""90"": 0.21187050640583038}","{""1e-05"": 0.3184908628463745, ""0.0001"": 0.31830352544784546, ""0.001"": 0.3184046745300293, ""0.01"": 0.31703028082847595, ""0.1"": 0.30579107999801636, ""0.3"": 0.28690919280052185, ""1"": 0.2486359179019928, ""3"": 0.2171022891998291, ""10"": 0.20121659338474274, ""30"": 0.20043906569480896, ""45"": 0.20313091576099396, ""65"": 0.20685461163520813, ""90"": 0.21187050640583038}",12.000570297241211,0.20043906569480896,0.6077083349227905,737856,0.2799916125777114,0.7158752501529927
timesfm3,sg_carpark,0,Emb,block_depth,True,0.0,0.1,False,False,1e-05|0.0001|0.001|0.01|0.1|0.3|1|3|10|30|45|65|90,90.0,1e-05,13,0.01,0.001,"mean pinball over (batch, quantiles, horizon)",0.19568324089050293,"{""1e-05"": 0.20127631723880768, ""0.0001"": 0.1982058882713318, ""0.001"": 0.20064350962638855, ""0.01"": 0.1978788673877716, ""0.1"": 0.19568324089050293, ""0.3"": 0.19669154286384583, ""1"": 0.1983642429113388, ""3"": 0.19680708646774292, ""10"": 0.20403797924518585, ""30"": 0.2048097550868988, ""45"": 0.21243001520633698, ""65"": 0.20638728141784668, ""90"": 0.21422645449638367}","{""1e-05"": 0.20127631723880768, ""0.0001"": 0.1982058882713318, ""0.001"": 0.20064350962638855, ""0.01"": 0.1978788673877716, ""0.1"": 0.19568324089050293, ""0.3"": 0.19669154286384583, ""1"": 0.1983642429113388, ""3"": 0.19680708646774292, ""10"": 0.20403797924518585, ""30"": 0.2048097550868988, ""45"": 0.21243001520633698, ""65"": 0.20638728141784668, ""90"": 0.21422645449638367}",0.16489087045192719,0.19568324089050293,0.17352697253227234,737856,0.33433408946809123,0.5852925174391435
timesfm3,sg_carpark,1,L1,block_depth,True,0.05,10.0,False,False,1e-05|0.0001|0.001|0.01|0.1|0.3|1|3|10|30|45|65|90,90.0,1e-05,13,0.01,0.1,"mean pinball over (batch, quantiles, horizon)",0.19276127219200134,"{""1e-05"": 0.2093731015920639, ""0.0001"": 0.20737707614898682, ""0.001"": 0.2067835032939911, ""0.01"": 0.20949852466583252, ""0.1"": 0.2064756602048874, ""0.3"": 0.20334866642951965, ""1"": 0.20019155740737915, ""3"": 0.1952451914548874, ""10"": 0.19276127219200134, ""30"": 0.19374261796474457, ""45"": 0.19354678690433502, ""65"": 0.19487133622169495, ""90"": 0.19864124059677124}","{""1e-05"": 0.2093731015920639, ""0.0001"": 0.20737707614898682, ""0.001"": 0.2067835032939911, ""0.01"": 0.20949852466583252, ""0.1"": 0.2064756602048874, ""0.3"": 0.20334866642951965, ""1"": 0.20019155740737915, ""3"": 0.1952451914548874, ""10"": 0.19276127219200134, ""30"": 0.19374261796474457, ""45"": 0.19354678690433502, ""65"": 0.19487133622169495, ""90"": 0.19864124059677124}",0.14064016938209534,0.19276127219200134,0.14809715747833252,737856,0.33433408946809123,0.576552850170543
timesfm3,sg_carpark,2,L2,block_depth,True,0.1,10.0,False,False,1e-05|0.0001|0.001|0.01|0.1|0.3|1|3|10|30|45|65|90,90.0,1e-05,13,0.01,0.1,"mean pinball over (batch, quantiles, horizon)",0.18805067241191864,"{""1e-05"": 0.2138163298368454, ""0.0001"": 0.21355779469013214, ""0.001"": 0.21464495360851288, ""0.01"": 0.21220625936985016, ""0.1"": 0.211985245347023, ""0.3"": 0.20857372879981995, ""1"": 0.19720642268657684, ""3"": 0.19175073504447937, ""10"": 0.18805067241191864, ""30"": 0.1890847086906433, ""45"": 0.1897585541009903, ""65"": 0.19206048548221588, ""90"": 0.1979944407939911}","{""1e-05"": 0.2138163298368454, ""0.0001"": 0.21355779469013214, ""0.001"": 0.21464495360851288, ""0.01"": 0.21220625936985016, ""0.1"": 0.211985245347023, ""0.3"": 0.20857372879981995, ""1"": 0.19720642268657684, ""3"": 0.19175073504447937, ""10"": 0.18805067241191864, ""30"": 0.1890847086906433, ""45"": 0.1897585541009903, ""65"": 0.19206048548221588, ""90"": 0.1979944407939911}",0.13532017171382904,0.18805067241191864,0.1510096937417984,737856,0.33433408946809123,0.5624633512876231
timesfm3,sg_carpark,3,L3,block_depth,True,0.15,10.0,False,False,1e-05|0.0001|0.001|0.01|0.1|0.3|1|3|10|30|45|65|90,90.0,1e-05,13,0.01,0.1,"mean pinball over (batch, quantiles, horizon)",0.18027399480342865,"{""1e-05"": 0.22627465426921844, ""0.0001"": 0.2274501621723175, ""0.001"": 0.2280426174402237, ""0.01"": 0.22747237980365753, ""0.1"": 0.2264668047428131, ""0.3"": 0.21467521786689758, ""1"": 0.19721756875514984, ""3"": 0.18655283749103546, ""10"": 0.18027399480342865, ""30"": 0.18122348189353943, ""45"": 0.18233445286750793, ""65"": 0.18381330370903015, ""90"": 0.19195924699306488}","{""1e-05"": 0.22627465426921844, ""0.0001"": 0.2274501621723175, ""0.001"": 0.2280426174402237, ""0.01"": 0.22747237980365753, ""0.1"": 0.2264668047428131, ""0.3"": 0.21467521786689758, ""1"": 0.19721756875514984, ""3"": 0.18655283749103546, ""10"": 0.18027399480342865, ""30"": 0.18122348189353943, ""45"": 0.18233445286750793, ""65"": 0.18381330370903015, ""90"": 0.19195924699306488}",0.12196371704339981,0.18027399480342865,0.1423533856868744,737856,0.33433408946809123,0.5392031518240797
timesfm3,sg_carpark,4,L4,block_depth,True,0.2,10.0,False,False,1e-05|0.0001|0.001|0.01|0.1|0.3|1|3|10|30|45|65|90,90.0,1e-05,13,0.01,0.1,"mean pinball over (batch, quantiles, horizon)",0.1765367090702057,"{""1e-05"": 0.23257547616958618, ""0.0001"": 0.233885258436203, ""0.001"": 0.2307024598121643, ""0.01"": 0.23235085606575012, ""0.1"": 0.22618171572685242, ""0.3"": 0.2169305980205536, ""1"": 0.19668036699295044, ""3"": 0.18324163556098938, ""10"": 0.1765367090702057, ""30"": 0.17666858434677124, ""45"": 0.17979855835437775, ""65"": 0.18288765847682953, ""90"": 0.1915920227766037}","{""1e-05"": 0.23257547616958618, ""0.0001"": 0.233885258436203, ""0.001"": 0.2307024598121643, ""0.01"": 0.23235085606575012, ""0.1"": 0.22618171572685242, ""0.3"": 0.2169305980205536, ""1"": 0.19668036699295044, ""3"": 0.18324163556098938, ""10"": 0.1765367090702057, ""30"": 0.17666858434677124, ""45"": 0.17979855835437775, ""65"": 0.18288765847682953, ""90"": 0.1915920227766037}",0.11296895891427994,0.1765367090702057,0.13786329329013824,737856,0.33433408946809123,0.5280248548721632
timesfm3,sg_carpark,5,L5,block_depth,True,0.25,30.0,False,False,1e-05|0.0001|0.001|0.01|0.1|0.3|1|3|10|30|45|65|90,90.0,1e-05,13,0.01,0.3,"mean pinball over (batch, quantiles, horizon)",0.1748608648777008,"{""1e-05"": 0.23462961614131927, ""0.0001"": 0.23653006553649902, ""0.001"": 0.23553262650966644, ""0.01"": 0.2364632934331894, ""0.1"": 0.22760070860385895, ""0.3"": 0.21636220812797546, ""1"": 0.19973470270633698, ""3"": 0.18295103311538696, ""10"": 0.1760156750679016, ""30"": 0.1748608648777008, ""45"": 0.175840824842453, ""65"": 0.17912568151950836, ""90"": 0.18367116153240204}","{""1e-05"": 0.23462961614131927, ""0.0001"": 0.23653006553649902, ""0.001"": 0.23553262650966644, ""0.01"": 0.2364632934331894, ""0.1"": 0.22760070860385895, ""0.3"": 0.21636220812797546, ""1"": 0.19973470270633698, ""3"": 0.18295103311538696, ""10"": 0.1760156750679016, ""30"": 0.1748608648777008, ""45"": 0.175840824842453, ""65"": 0.17912568151950836, ""90"": 0.18367116153240204}",0.1196514144539833,0.1748608648777008,0.1294282227754593,737856,0.33433408946809123,0.5230123711162558
timesfm3,sg_carpark,6,L6,block_depth,True,0.3,30.0,False,False,1e-05|0.0001|0.001|0.01|0.1|0.3|1|3|10|30|45|65|90,90.0,1e-05,13,0.01,0.3,"mean pinball over (batch, quantiles, horizon)",0.17287057638168335,"{""1e-05"": 0.24722526967525482, ""0.0001"": 0.24723544716835022, ""0.001"": 0.2458629459142685, ""0.01"": 0.2452598661184311, ""0.1"": 0.23981596529483795, ""0.3"": 0.2269344925880432, ""1"": 0.20462536811828613, ""3"": 0.18400543928146362, ""10"": 0.1749606728553772, ""30"": 0.17287057638168335, ""45"": 0.17602962255477905, ""65"": 0.1781783252954483, ""90"": 0.18381017446517944}","{""1e-05"": 0.24722526967525482, ""0.0001"": 0.24723544716835022, ""0.001"": 0.2458629459142685, ""0.01"": 0.2452598661184311, ""0.1"": 0.23981596529483795, ""0.3"": 0.2269344925880432, ""1"": 0.20462536811828613, ""3"": 0.18400543928146362, ""10"": 0.1749606728553772, ""30"": 0.17287057638168335, ""45"": 0.17602962255477905, ""65"": 0.1781783252954483, ""90"": 0.18381017446517944}",0.11866184324026108,0.17287057638168335,0.12658946216106415,737856,0.33433408946809123,0.517059378111014
timesfm3,sg_carpark,7,L7,block_depth,True,0.35,30.0,False,False,1e-05|0.0001|0.001|0.01|0.1|0.3|1|3|10|30|45|65|90,90.0,1e-05,13,0.01,0.3,"mean pinball over (batch, quantiles, horizon)",0.17247751355171204,"{""1e-05"": 0.24690428376197815, ""0.0001"": 0.24779924750328064, ""0.001"": 0.24502533674240112, ""0.01"": 0.245064839720726, ""0.1"": 0.23938557505607605, ""0.3"": 0.2267044484615326, ""1"": 0.2033275067806244, ""3"": 0.18477074801921844, ""10"": 0.17417192459106445, ""30"": 0.17247751355171204, ""45"": 0.1733800619840622, ""65"": 0.17726701498031616, ""90"": 0.18265147507190704}","{""1e-05"": 0.24690428376197815, ""0.0001"": 0.24779924750328064, ""0.001"": 0.24502533674240112, ""0.01"": 0.245064839720726, ""0.1"": 0.23938557505607605, ""0.3"": 0.2267044484615326, ""1"": 0.2033275067806244, ""3"": 0.18477074801921844, ""10"": 0.17417192459106445, ""30"": 0.17247751355171204, ""45"": 0.1733800619840622, ""65"": 0.17726701498031616, ""90"": 0.18265147507190704}",0.11699574440717697,0.17247751355171204,0.1280822902917862,737856,0.33433408946809123,0.515883719264509
timesfm3,sg_carpark,8,L8,block_depth,True,0.4,30.0,False,False,1e-05|0.0001|0.001|0.01|0.1|0.3|1|3|10|30|45|65|90,90.0,1e-05,13,0.01,0.3,"mean pinball over (batch, quantiles, horizon)",0.17107485234737396,"{""1e-05"": 0.2524964213371277, ""0.0001"": 0.25282683968544006, ""0.001"": 0.2529311180114746, ""0.01"": 0.2528298497200012, ""0.1"": 0.24355076253414154, ""0.3"": 0.2302638292312622, ""1"": 0.2069905549287796, ""3"": 0.18705132603645325, ""10"": 0.17223064601421356, ""30"": 0.17107485234737396, ""45"": 0.17413194477558136, ""65"": 0.1784542351961136, ""90"": 0.18436749279499054}","{""1e-05"": 0.2524964213371277, ""0.0001"": 0.25282683968544006, ""0.001"": 0.2529311180114746, ""0.01"": 0.2528298497200012, ""0.1"": 0.24355076253414154, ""0.3"": 0.2302638292312622, ""1"": 0.2069905549287796, ""3"": 0.18705132603645325, ""10"": 0.17223064601421356, ""30"": 0.17107485234737396, ""45"": 0.17413194477558136, ""65"": 0.1784542351961136, ""90"": 0.18436749279499054}",0.11560335755348206,0.17107485234737396,0.12822303175926208,737856,0.33433408946809123,0.5116883313321279
timesfm3,sg_carpark,9,L9,block_depth,True,0.45,30.0,False,False,1e-05|0.0001|0.001|0.01|0.1|0.3|1|3|10|30|45|65|90,90.0,1e-05,13,0.01,0.3,"mean pinball over (batch, quantiles, horizon)",0.17457890510559082,"{""1e-05"": 0.25302374362945557, ""0.0001"": 0.25478529930114746, ""0.001"": 0.2541447579860687, ""0.01"": 0.25340211391448975, ""0.1"": 0.24574799835681915, ""0.3"": 0.23269528150558472, ""1"": 0.20713478326797485, ""3"": 0.1881839781999588, ""10"": 0.17540700733661652, ""30"": 0.17457890510559082, ""45"": 0.17658229172229767, ""65"": 0.18028251826763153, ""90"": 0.18930256366729736}","{""1e-05"": 0.25302374362945557, ""0.0001"": 0.25478529930114746, ""0.001"": 0.2541447579860687, ""0.01"": 0.25340211391448975, ""0.1"": 0.24574799835681915, ""0.3"": 0.23269528150558472, ""1"": 0.20713478326797485, ""3"": 0.1881839781999588, ""10"": 0.17540700733661652, ""30"": 0.17457890510559082, ""45"": 0.17658229172229767, ""65"": 0.18028251826763153, ""90"": 0.18930256366729736}",0.1166815310716629,0.17457890510559082,0.1294531524181366,737856,0.33433408946809123,0.5221690237550622
timesfm3,sg_carpark,10,L10,block_depth,True,0.5,30.0,False,False,1e-05|0.0001|0.001|0.01|0.1|0.3|1|3|10|30|45|65|90,90.0,1e-05,13,0.01,0.3,"mean pinball over (batch, quantiles, horizon)",0.17437903583049774,"{""1e-05"": 0.2679847180843353, ""0.0001"": 0.267989844083786, ""0.001"": 0.26923447847366333, ""0.01"": 0.2675803601741791, ""0.1"": 0.25822189450263977, ""0.3"": 0.24390484392642975, ""1"": 0.2142893522977829, ""3"": 0.18966205418109894, ""10"": 0.17683790624141693, ""30"": 0.17437903583049774, ""45"": 0.1762082278728485, ""65"": 0.18172518908977509, ""90"": 0.1887504905462265}","{""1e-05"": 0.2679847180843353, ""0.0001"": 0.267989844083786, ""0.001"": 0.26923447847366333, ""0.01"": 0.2675803601741791, ""0.1"": 0.25822189450263977, ""0.3"": 0.24390484392642975, ""1"": 0.2142893522977829, ""3"": 0.18966205418109894, ""10"": 0.17683790624141693, ""30"": 0.17437903583049774, ""45"": 0.1762082278728485, ""65"": 0.18172518908977509, ""90"": 0.1887504905462265}",0.11420363187789917,0.17437903583049774,0.12942196428775787,737856,0.33433408946809123,0.5215712107249549
timesfm3,sg_carpark,11,L11,block_depth,True,0.55,30.0,False,False,1e-05|0.0001|0.001|0.01|0.1|0.3|1|3|10|30|45|65|90,90.0,1e-05,13,0.01,0.3,"mean pinball over (batch, quantiles, horizon)",0.17418543994426727,"{""1e-05"": 0.26441502571105957, ""0.0001"": 0.26453110575675964, ""0.001"": 0.26307082176208496, ""0.01"": 0.26069679856300354, ""0.1"": 0.2522238492965698, ""0.3"": 0.2389259934425354, ""1"": 0.21160829067230225, ""3"": 0.18847309052944183, ""10"": 0.1752346009016037, ""30"": 0.17418543994426727, ""45"": 0.17739740014076233, ""65"": 0.18020080029964447, ""90"": 0.18741346895694733}","{""1e-05"": 0.26441502571105957, ""0.0001"": 0.26453110575675964, ""0.001"": 0.26307082176208496, ""0.01"": 0.26069679856300354, ""0.1"": 0.2522238492965698, ""0.3"": 0.2389259934425354, ""1"": 0.21160829067230225, ""3"": 0.18847309052944183, ""10"": 0.1752346009016037, ""30"": 0.17418543994426727, ""45"": 0.17739740014076233, ""65"": 0.18020080029964447, ""90"": 0.18741346895694733}",0.1143369972705841,0.17418543994426727,0.1318017840385437,737856,0.33433408946809123,0.5209921615273739
timesfm3,sg_carpark,12,L12,block_depth,True,0.6,30.0,False,False,1e-05|0.0001|0.001|0.01|0.1|0.3|1|3|10|30|45|65|90,90.0,1e-05,13,0.01,0.3,"mean pinball over (batch, quantiles, horizon)",0.1724446564912796,"{""1e-05"": 0.25751248002052307, ""0.0001"": 0.25786280632019043, ""0.001"": 0.2575334906578064, ""0.01"": 0.25609269738197327, ""0.1"": 0.24781793355941772, ""0.3"": 0.23578648269176483, ""1"": 0.20797716081142426, ""3"": 0.18704232573509216, ""10"": 0.1737128049135208, ""30"": 0.1724446564912796, ""45"": 0.17450308799743652, ""65"": 0.17766545712947845, ""90"": 0.18666516244411469}","{""1e-05"": 0.25751248002052307, ""0.0001"": 0.25786280632019043, ""0.001"": 0.2575334906578064, ""0.01"": 0.25609269738197327, ""0.1"": 0.24781793355941772, ""0.3"": 0.23578648269176483, ""1"": 0.20797716081142426, ""3"": 0.18704232573509216, ""10"": 0.1737128049135208, ""30"": 0.1724446564912796, ""45"": 0.17450308799743652, ""65"": 0.17766545712947845, ""90"": 0.18666516244411469}",0.11407659202814102,0.1724446564912796,0.1299198865890503,737856,0.33433408946809123,0.5157854431345317
timesfm3,sg_carpark,13,L13,block_depth,True,0.65,30.0,False,False,1e-05|0.0001|0.001|0.01|0.1|0.3|1|3|10|30|45|65|90,90.0,1e-05,13,0.01,0.3,"mean pinball over (batch, quantiles, horizon)",0.1615547388792038,"{""1e-05"": 0.264248788356781, ""0.0001"": 0.2659875154495239, ""0.001"": 0.2661157250404358, ""0.01"": 0.2633819282054901, ""0.1"": 0.2566332519054413, ""0.3"": 0.23733823001384735, ""1"": 0.2048744559288025, ""3"": 0.17888428270816803, ""10"": 0.16477860510349274, ""30"": 0.1615547388792038, ""45"": 0.16278666257858276, ""65"": 0.16713638603687286, ""90"": 0.17590700089931488}","{""1e-05"": 0.264248788356781, ""0.0001"": 0.2659875154495239, ""0.001"": 0.2661157250404358, ""0.01"": 0.2633819282054901, ""0.1"": 0.2566332519054413, ""0.3"": 0.23733823001384735, ""1"": 0.2048744559288025, ""3"": 0.17888428270816803, ""10"": 0.16477860510349274, ""30"": 0.1615547388792038, ""45"": 0.16278666257858276, ""65"": 0.16713638603687286, ""90"": 0.17590700089931488}",0.11089660972356796,0.1615547388792038,0.1283796727657318,737856,0.33433408946809123,0.4832134800738665
timesfm3,sg_carpark,14,L14,block_depth,True,0.7,30.0,False,False,1e-05|0.0001|0.001|0.01|0.1|0.3|1|3|10|30|45|65|90,90.0,1e-05,13,0.01,0.3,"mean pinball over (batch, quantiles, horizon)",0.16134397685527802,"{""1e-05"": 0.26865872740745544, ""0.0001"": 0.2671314477920532, ""0.001"": 0.2696496546268463, ""0.01"": 0.2692054510116577, ""0.1"": 0.25781214237213135, ""0.3"": 0.2393130511045456, ""1"": 0.21157905459403992, ""3"": 0.18414126336574554, ""10"": 0.16720594465732574, ""30"": 0.16134397685527802, ""45"": 0.16490335762500763, ""65"": 0.16667664051055908, ""90"": 0.17167280614376068}","{""1e-05"": 0.26865872740745544, ""0.0001"": 0.2671314477920532, ""0.001"": 0.2696496546268463, ""0.01"": 0.2692054510116577, ""0.1"": 0.25781214237213135, ""0.3"": 0.2393130511045456, ""1"": 0.21157905459403992, ""3"": 0.18414126336574554, ""10"": 0.16720594465732574, ""30"": 0.16134397685527802, ""45"": 0.16490335762500763, ""65"": 0.16667664051055908, ""90"": 0.17167280614376068}",0.1094094067811966,0.16134397685527802,0.12863419950008392,737856,0.33433408946809123,0.4825830866124606
timesfm3,sg_carpark,15,L15,block_depth,True,0.75,30.0,False,False,1e-05|0.0001|0.001|0.01|0.1|0.3|1|3|10|30|45|65|90,90.0,1e-05,13,0.01,0.3,"mean pinball over (batch, quantiles, horizon)",0.15849235653877258,"{""1e-05"": 0.26217079162597656, ""0.0001"": 0.2589744031429291, ""0.001"": 0.26087862253189087, ""0.01"": 0.26051145792007446, ""0.1"": 0.2530744969844818, ""0.3"": 0.23801517486572266, ""1"": 0.20781061053276062, ""3"": 0.1817593276500702, ""10"": 0.16417072713375092, ""30"": 0.15849235653877258, ""45"": 0.16004978120326996, ""65"": 0.16333355009555817, ""90"": 0.16835461556911469}","{""1e-05"": 0.26217079162597656, ""0.0001"": 0.2589744031429291, ""0.001"": 0.26087862253189087, ""0.01"": 0.26051145792007446, ""0.1"": 0.2530744969844818, ""0.3"": 0.23801517486572266, ""1"": 0.20781061053276062, ""3"": 0.1817593276500702, ""10"": 0.16417072713375092, ""30"": 0.15849235653877258, ""45"": 0.16004978120326996, ""65"": 0.16333355009555817, ""90"": 0.16835461556911469}",0.10814787447452545,0.15849235653877258,0.12775883078575134,737856,0.33433408946809123,0.47405383277226076
timesfm3,sg_carpark,16,L16,block_depth,True,0.8,30.0,False,False,1e-05|0.0001|0.001|0.01|0.1|0.3|1|3|10|30|45|65|90,90.0,1e-05,13,0.01,0.3,"mean pinball over (batch, quantiles, horizon)",0.16061364114284515,"{""1e-05"": 0.25941208004951477, ""0.0001"": 0.26122981309890747, ""0.001"": 0.26066288352012634, ""0.01"": 0.2588399052619934, ""0.1"": 0.24984098970890045, ""0.3"": 0.23844078183174133, ""1"": 0.212167426943779, ""3"": 0.18529674410820007, ""10"": 0.1682271808385849, ""30"": 0.16061364114284515, ""45"": 0.16241931915283203, ""65"": 0.1634962558746338, ""90"": 0.17047926783561707}","{""1e-05"": 0.25941208004951477, ""0.0001"": 0.26122981309890747, ""0.001"": 0.26066288352012634, ""0.01"": 0.2588399052619934, ""0.1"": 0.24984098970890045, ""0.3"": 0.23844078183174133, ""1"": 0.212167426943779, ""3"": 0.18529674410820007, ""10"": 0.1682271808385849, ""30"": 0.16061364114284515, ""45"": 0.16241931915283203, ""65"": 0.1634962558746338, ""90"": 0.17047926783561707}",0.10673249512910843,0.16061364114284515,0.12732338905334473,737856,0.33433408946809123,0.4803986377768818
timesfm3,sg_carpark,17,L17,block_depth,True,0.85,30.0,False,False,1e-05|0.0001|0.001|0.01|0.1|0.3|1|3|10|30|45|65|90,90.0,1e-05,13,0.01,0.3,"mean pinball over (batch, quantiles, horizon)",0.1548016369342804,"{""1e-05"": 0.2437906712293625, ""0.0001"": 0.24458327889442444, ""0.001"": 0.2454061359167099, ""0.01"": 0.24325083196163177, ""0.1"": 0.2380976676940918, ""0.3"": 0.22365930676460266, ""1"": 0.19958560168743134, ""3"": 0.17705829441547394, ""10"": 0.1603519469499588, ""30"": 0.1548016369342804, ""45"": 0.15792669355869293, ""65"": 0.15945519506931305, ""90"": 0.16392841935157776}","{""1e-05"": 0.2437906712293625, ""0.0001"": 0.24458327889442444, ""0.001"": 0.2454061359167099, ""0.01"": 0.24325083196163177, ""0.1"": 0.2380976676940918, ""0.3"": 0.22365930676460266, ""1"": 0.19958560168743134, ""3"": 0.17705829441547394, ""10"": 0.1603519469499588, ""30"": 0.1548016369342804, ""45"": 0.15792669355869293, ""65"": 0.15945519506931305, ""90"": 0.16392841935157776}",0.10754993557929993,0.1548016369342804,0.12834592163562775,737856,0.33433408946809123,0.46301481604990397
timesfm3,sg_carpark,18,L18,block_depth,True,0.9,45.0,False,False,1e-05|0.0001|0.001|0.01|0.1|0.3|1|3|10|30|45|65|90,90.0,1e-05,13,0.01,0.45,"mean pinball over (batch, quantiles, horizon)",0.15411141514778137,"{""1e-05"": 0.23643817007541656, ""0.0001"": 0.23359857499599457, ""0.001"": 0.235420361161232, ""0.01"": 0.23407676815986633, ""0.1"": 0.22803723812103271, ""0.3"": 0.21623514592647552, ""1"": 0.19032469391822815, ""3"": 0.17331752181053162, ""10"": 0.1574585735797882, ""30"": 0.15536384284496307, ""45"": 0.15411141514778137, ""65"": 0.15981851518154144, ""90"": 0.16764459013938904}","{""1e-05"": 0.23643817007541656, ""0.0001"": 0.23359857499599457, ""0.001"": 0.235420361161232, ""0.01"": 0.23407676815986633, ""0.1"": 0.22803723812103271, ""0.3"": 0.21623514592647552, ""1"": 0.19032469391822815, ""3"": 0.17331752181053162, ""10"": 0.1574585735797882, ""30"": 0.15536384284496307, ""45"": 0.15411141514778137, ""65"": 0.15981851518154144, ""90"": 0.16764459013938904}",0.11817934364080429,0.15411141514778137,0.13433939218521118,737856,0.33433408946809123,0.4609503487752772
timesfm3,sg_carpark,19,L19,block_depth,True,0.95,45.0,False,False,1e-05|0.0001|0.001|0.01|0.1|0.3|1|3|10|30|45|65|90,90.0,1e-05,13,0.01,0.45,"mean pinball over (batch, quantiles, horizon)",0.15471798181533813,"{""1e-05"": 0.22744527459144592, ""0.0001"": 0.22709280252456665, ""0.001"": 0.22678588330745697, ""0.01"": 0.22464345395565033, ""0.1"": 0.22192208468914032, ""0.3"": 0.21015231311321259, ""1"": 0.19199801981449127, ""3"": 0.1731371432542801, ""10"": 0.16037538647651672, ""30"": 0.1567651778459549, ""45"": 0.15471798181533813, ""65"": 0.15909621119499207, ""90"": 0.1665739119052887}","{""1e-05"": 0.22744527459144592, ""0.0001"": 0.22709280252456665, ""0.001"": 0.22678588330745697, ""0.01"": 0.22464345395565033, ""0.1"": 0.22192208468914032, ""0.3"": 0.21015231311321259, ""1"": 0.19199801981449127, ""3"": 0.1731371432542801, ""10"": 0.16037538647651672, ""30"": 0.1567651778459549, ""45"": 0.15471798181533813, ""65"": 0.15909621119499207, ""90"": 0.1665739119052887}",0.11815191060304642,0.15471798181533813,0.1369510442018509,737856,0.33433408946809123,0.4627646019031044
timesfm3,sg_carpark,20,L20,block_depth,True,1.0,45.0,False,False,1e-05|0.0001|0.001|0.01|0.1|0.3|1|3|10|30|45|65|90,90.0,1e-05,13,0.01,0.45,"mean pinball over (batch, quantiles, horizon)",0.16576625406742096,"{""1e-05"": 0.2543673515319824, ""0.0001"": 0.25481992959976196, ""0.001"": 0.2553667724132538, ""0.01"": 0.2549040615558624, ""0.1"": 0.2446947693824768, ""0.3"": 0.23615381121635437, ""1"": 0.21453648805618286, ""3"": 0.19213728606700897, ""10"": 0.17315949499607086, ""30"": 0.16782620549201965, ""45"": 0.16576625406742096, ""65"": 0.16849087178707123, ""90"": 0.17345388233661652}","{""1e-05"": 0.2543673515319824, ""0.0001"": 0.25481992959976196, ""0.001"": 0.2553667724132538, ""0.01"": 0.2549040615558624, ""0.1"": 0.2446947693824768, ""0.3"": 0.23615381121635437, ""1"": 0.21453648805618286, ""3"": 0.19213728606700897, ""10"": 0.17315949499607086, ""30"": 0.16782620549201965, ""45"": 0.16576625406742096, ""65"": 0.16849087178707123, ""90"": 0.17345388233661652}",0.10931094735860825,0.16576625406742096,0.13409125804901123,737856,0.33433408946809123,0.49581020688361976
timesfm3,coastal_ts,0,Emb,block_depth,True,0.0,90.0,True,False,1e-05|0.0001|0.001|0.01|0.1|0.3|1|3|10|30|45|65|90,90.0,1e-05,13,0.01,0.9,"mean pinball over (batch, quantiles, horizon)",0.32936516404151917,"{""1e-05"": 0.3582609295845032, ""0.0001"": 0.35802432894706726, ""0.001"": 0.35916823148727417, ""0.01"": 0.3586573600769043, ""0.1"": 0.3553914427757263, ""0.3"": 0.3523949980735779, ""1"": 0.34463489055633545, ""3"": 0.33873414993286133, ""10"": 0.33507782220840454, ""30"": 0.33255088329315186, ""45"": 0.3306122124195099, ""65"": 0.3295600414276123, ""90"": 0.32936516404151917}","{""1e-05"": 0.3582609295845032, ""0.0001"": 0.35802432894706726, ""0.001"": 0.35916823148727417, ""0.01"": 0.3586573600769043, ""0.1"": 0.3553914427757263, ""0.3"": 0.3523949980735779, ""1"": 0.34463489055633545, ""3"": 0.33873414993286133, ""10"": 0.33507782220840454, ""30"": 0.33255088329315186, ""45"": 0.3306122124195099, ""65"": 0.3295600414276123, ""90"": 0.32936516404151917}",3.779470205307007,0.32936516404151917,0.2989047169685364,737856,0.45682604673008126,0.7209859560309326
timesfm3,coastal_ts,1,L1,block_depth,True,0.05,65.0,False,False,1e-05|0.0001|0.001|0.01|0.1|0.3|1|3|10|30|45|65|90,90.0,1e-05,13,0.01,0.65,"mean pinball over (batch, quantiles, horizon)",0.3398021161556244,"{""1e-05"": 0.40997225046157837, ""0.0001"": 0.4091527462005615, ""0.001"": 0.4108005464076996, ""0.01"": 0.40976423025131226, ""0.1"": 0.4047795534133911, ""0.3"": 0.39659056067466736, ""1"": 0.3814173638820648, ""3"": 0.3678893446922302, ""10"": 0.3523321747779846, ""30"": 0.34278762340545654, ""45"": 0.34013789892196655, ""65"": 0.3398021161556244, ""90"": 0.34089896082878113}","{""1e-05"": 0.40997225046157837, ""0.0001"": 0.4091527462005615, ""0.001"": 0.4108005464076996, ""0.01"": 0.40976423025131226, ""0.1"": 0.4047795534133911, ""0.3"": 0.39659056067466736, ""1"": 0.3814173638820648, ""3"": 0.3678893446922302, ""10"": 0.3523321747779846, ""30"": 0.34278762340545654, ""45"": 0.34013789892196655, ""65"": 0.3398021161556244, ""90"": 0.34089896082878113}",3.7655556201934814,0.3398021161556244,0.30800896883010864,737856,0.45682604673008126,0.7438326220404826
timesfm3,coastal_ts,2,L2,block_depth,True,0.1,65.0,False,False,1e-05|0.0001|0.001|0.01|0.1|0.3|1|3|10|30|45|65|90,90.0,1e-05,13,0.01,0.65,"mean pinball over (batch, quantiles, horizon)",0.3375834822654724,"{""1e-05"": 0.4696575105190277, ""0.0001"": 0.4697806239128113, ""0.001"": 0.4703390300273895, ""0.01"": 0.46821969747543335, ""0.1"": 0.459499716758728, ""0.3"": 0.4443701505661011, ""1"": 0.41437309980392456, ""3"": 0.38453182578086853, ""10"": 0.3603048026561737, ""30"": 0.34400296211242676, ""45"": 0.34003815054893494, ""65"": 0.3375834822654724, ""90"": 0.3386760950088501}","{""1e-05"": 0.4696575105190277, ""0.0001"": 0.4697806239128113, ""0.001"": 0.4703390300273895, ""0.01"": 0.46821969747543335, ""0.1"": 0.459499716758728, ""0.3"": 0.4443701505661011, ""1"": 0.41437309980392456, ""3"": 0.38453182578086853, ""10"": 0.3603048026561737, ""30"": 0.34400296211242676, ""45"": 0.34003815054893494, ""65"": 0.3375834822654724, ""90"": 0.3386760950088501}",3.7505300045013428,0.3375834822654724,0.30328381061553955,737856,0.45682604673008126,0.7389759946523712
timesfm3,coastal_ts,3,L3,block_depth,True,0.15,65.0,False,False,1e-05|0.0001|0.001|0.01|0.1|0.3|1|3|10|30|45|65|90,90.0,1e-05,13,0.01,0.65,"mean pinball over (batch, quantiles, horizon)",0.34066909551620483,"{""1e-05"": 0.5108296275138855, ""0.0001"": 0.5112602114677429, ""0.001"": 0.5108523368835449, ""0.01"": 0.5103785991668701, ""0.1"": 0.4974653720855713, ""0.3"": 0.4767816960811615, ""1"": 0.4364505410194397, ""3"": 0.3966519236564636, ""10"": 0.3643680512905121, ""30"": 0.34531649947166443, ""45"": 0.34206506609916687, ""65"": 0.34066909551620483, ""90"": 0.34193843603134155}","{""1e-05"": 0.5108296275138855, ""0.0001"": 0.5112602114677429, ""0.001"": 0.5108523368835449, ""0.01"": 0.5103785991668701, ""0.1"": 0.4974653720855713, ""0.3"": 0.4767816960811615, ""1"": 0.4364505410194397, ""3"": 0.3966519236564636, ""10"": 0.3643680512905121, ""30"": 0.34531649947166443, ""45"": 0.34206506609916687, ""65"": 0.34066909551620483, ""90"": 0.34193843603134155}",3.744706392288208,0.34066909551620483,0.31700214743614197,737856,0.45682604673008126,0.7457304546329677
timesfm3,coastal_ts,4,L4,block_depth,True,0.2,65.0,False,False,1e-05|0.0001|0.001|0.01|0.1|0.3|1|3|10|30|45|65|90,90.0,1e-05,13,0.01,0.65,"mean pinball over (batch, quantiles, horizon)",0.33247968554496765,"{""1e-05"": 0.50855952501297, ""0.0001"": 0.507733941078186, ""0.001"": 0.5085549354553223, ""0.01"": 0.5074756145477295, ""0.1"": 0.49344754219055176, ""0.3"": 0.4683319926261902, ""1"": 0.4238027036190033, ""3"": 0.3878483772277832, ""10"": 0.35935527086257935, ""30"": 0.34007471799850464, ""45"": 0.3350764214992523, ""65"": 0.33247968554496765, ""90"": 0.33257824182510376}","{""1e-05"": 0.50855952501297, ""0.0001"": 0.507733941078186, ""0.001"": 0.5085549354553223, ""0.01"": 0.5074756145477295, ""0.1"": 0.49344754219055176, ""0.3"": 0.4683319926261902, ""1"": 0.4238027036190033, ""3"": 0.3878483772277832, ""10"": 0.35935527086257935, ""30"": 0.34007471799850464, ""45"": 0.3350764214992523, ""65"": 0.33247968554496765, ""90"": 0.33257824182510376}",3.7417171001434326,0.33247968554496765,0.3138813376426697,737856,0.45682604673008126,0.7278036966692828
timesfm3,coastal_ts,5,L5,block_depth,True,0.25,65.0,False,False,1e-05|0.0001|0.001|0.01|0.1|0.3|1|3|10|30|45|65|90,90.0,1e-05,13,0.01,0.65,"mean pinball over (batch, quantiles, horizon)",0.32580792903900146,"{""1e-05"": 0.4865548014640808, ""0.0001"": 0.4875316619873047, ""0.001"": 0.48705849051475525, ""0.01"": 0.48508286476135254, ""0.1"": 0.4706850051879883, ""0.3"": 0.4466690719127655, ""1"": 0.40409907698631287, ""3"": 0.36850810050964355, ""10"": 0.3435763716697693, ""30"": 0.3303256630897522, ""45"": 0.3276388347148895, ""65"": 0.32580792903900146, ""90"": 0.3266500234603882}","{""1e-05"": 0.4865548014640808, ""0.0001"": 0.4875316619873047, ""0.001"": 0.48705849051475525, ""0.01"": 0.48508286476135254, ""0.1"": 0.4706850051879883, ""0.3"": 0.4466690719127655, ""1"": 0.40409907698631287, ""3"": 0.36850810050964355, ""10"": 0.3435763716697693, ""30"": 0.3303256630897522, ""45"": 0.3276388347148895, ""65"": 0.32580792903900146, ""90"": 0.3266500234603882}",3.740403175354004,0.32580792903900146,0.30562329292297363,737856,0.45682604673008126,0.7131991079998713
timesfm3,coastal_ts,6,L6,block_depth,True,0.3,65.0,False,False,1e-05|0.0001|0.001|0.01|0.1|0.3|1|3|10|30|45|65|90,90.0,1e-05,13,0.01,0.65,"mean pinball over (batch, quantiles, horizon)",0.32193854451179504,"{""1e-05"": 0.529914379119873, ""0.0001"": 0.530173122882843, ""0.001"": 0.530404806137085, ""0.01"": 0.5289931297302246, ""0.1"": 0.5118229389190674, ""0.3"": 0.48078203201293945, ""1"": 0.42297500371932983, ""3"": 0.3726383149623871, ""10"": 0.3409143388271332, ""30"": 0.32703661918640137, ""45"": 0.3234863877296448, ""65"": 0.32193854451179504, ""90"": 0.3227209448814392}","{""1e-05"": 0.529914379119873, ""0.0001"": 0.530173122882843, ""0.001"": 0.530404806137085, ""0.01"": 0.5289931297302246, ""0.1"": 0.5118229389190674, ""0.3"": 0.48078203201293945, ""1"": 0.42297500371932983, ""3"": 0.3726383149623871, ""10"": 0.3409143388271332, ""30"": 0.32703661918640137, ""45"": 0.3234863877296448, ""65"": 0.32193854451179504, ""90"": 0.3227209448814392}",3.7432663440704346,0.32193854451179504,0.3113839626312256,737856,0.45682604673008126,0.7047289593406538
timesfm3,coastal_ts,7,L7,block_depth,True,0.35,90.0,True,False,1e-05|0.0001|0.001|0.01|0.1|0.3|1|3|10|30|45|65|90,90.0,1e-05,13,0.01,0.9,"mean pinball over (batch, quantiles, horizon)",0.31914374232292175,"{""1e-05"": 0.5556554198265076, ""0.0001"": 0.5558871626853943, ""0.001"": 0.5553590059280396, ""0.01"": 0.5544619560241699, ""0.1"": 0.5353410243988037, ""0.3"": 0.5033465623855591, ""1"": 0.44227051734924316, ""3"": 0.3887403905391693, ""10"": 0.3508128523826599, ""30"": 0.33001908659935, ""45"": 0.3239336609840393, ""65"": 0.3199625015258789, ""90"": 0.31914374232292175}","{""1e-05"": 0.5556554198265076, ""0.0001"": 0.5558871626853943, ""0.001"": 0.5553590059280396, ""0.01"": 0.5544619560241699, ""0.1"": 0.5353410243988037, ""0.3"": 0.5033465623855591, ""1"": 0.44227051734924316, ""3"": 0.3887403905391693, ""10"": 0.3508128523826599, ""30"": 0.33001908659935, ""45"": 0.3239336609840393, ""65"": 0.3199625015258789, ""90"": 0.31914374232292175}",3.7580671310424805,0.31914374232292175,0.31144410371780396,737856,0.45682604673008126,0.6986110897295005
timesfm3,coastal_ts,8,L8,block_depth,True,0.4,65.0,False,False,1e-05|0.0001|0.001|0.01|0.1|0.3|1|3|10|30|45|65|90,90.0,1e-05,13,0.01,0.65,"mean pinball over (batch, quantiles, horizon)",0.31661257147789,"{""1e-05"": 0.5737414360046387, ""0.0001"": 0.5744844675064087, ""0.001"": 0.5742096900939941, ""0.01"": 0.5717805624008179, ""0.1"": 0.5537204146385193, ""0.3"": 0.5205814242362976, ""1"": 0.4528757333755493, ""3"": 0.38941165804862976, ""10"": 0.34499025344848633, ""30"": 0.32450544834136963, ""45"": 0.3195644021034241, ""65"": 0.31661257147789, ""90"": 0.31694602966308594}","{""1e-05"": 0.5737414360046387, ""0.0001"": 0.5744844675064087, ""0.001"": 0.5742096900939941, ""0.01"": 0.5717805624008179, ""0.1"": 0.5537204146385193, ""0.3"": 0.5205814242362976, ""1"": 0.4528757333755493, ""3"": 0.38941165804862976, ""10"": 0.34499025344848633, ""30"": 0.32450544834136963, ""45"": 0.3195644021034241, ""65"": 0.31661257147789, ""90"": 0.31694602966308594}",3.7418508529663086,0.31661257147789,0.30754023790359497,737856,0.45682604673008126,0.6930703136219435
timesfm3,coastal_ts,9,L9,block_depth,True,0.45,65.0,False,False,1e-05|0.0001|0.001|0.01|0.1|0.3|1|3|10|30|45|65|90,90.0,1e-05,13,0.01,0.65,"mean pinball over (batch, quantiles, horizon)",0.3180450201034546,"{""1e-05"": 0.5854318737983704, ""0.0001"": 0.5860233306884766, ""0.001"": 0.5854549407958984, ""0.01"": 0.5840256214141846, ""0.1"": 0.5629526972770691, ""0.3"": 0.527310311794281, ""1"": 0.45751023292541504, ""3"": 0.39230188727378845, ""10"": 0.34635767340660095, ""30"": 0.3250283896923065, ""45"": 0.32108545303344727, ""65"": 0.3180450201034546, ""90"": 0.3186444938182831}","{""1e-05"": 0.5854318737983704, ""0.0001"": 0.5860233306884766, ""0.001"": 0.5854549407958984, ""0.01"": 0.5840256214141846, ""0.1"": 0.5629526972770691, ""0.3"": 0.527310311794281, ""1"": 0.45751023292541504, ""3"": 0.39230188727378845, ""10"": 0.34635767340660095, ""30"": 0.3250283896923065, ""45"": 0.32108545303344727, ""65"": 0.3180450201034546, ""90"": 0.3186444938182831}",3.7413570880889893,0.3180450201034546,0.3103278577327728,737856,0.45682604673008126,0.6962059680703224
timesfm3,coastal_ts,10,L10,block_depth,True,0.5,65.0,False,False,1e-05|0.0001|0.001|0.01|0.1|0.3|1|3|10|30|45|65|90,90.0,1e-05,13,0.01,0.65,"mean pinball over (batch, quantiles, horizon)",0.3170508146286011,"{""1e-05"": 0.5747592449188232, ""0.0001"": 0.5747888088226318, ""0.001"": 0.5741713047027588, ""0.01"": 0.5719162821769714, ""0.1"": 0.55143141746521, ""0.3"": 0.5145951509475708, ""1"": 0.4472835063934326, ""3"": 0.38612276315689087, ""10"": 0.3429396152496338, ""30"": 0.3225633203983307, ""45"": 0.31838512420654297, ""65"": 0.3170508146286011, ""90"": 0.31760168075561523}","{""1e-05"": 0.5747592449188232, ""0.0001"": 0.5747888088226318, ""0.001"": 0.5741713047027588, ""0.01"": 0.5719162821769714, ""0.1"": 0.55143141746521, ""0.3"": 0.5145951509475708, ""1"": 0.4472835063934326, ""3"": 0.38612276315689087, ""10"": 0.3429396152496338, ""30"": 0.3225633203983307, ""45"": 0.31838512420654297, ""65"": 0.3170508146286011, ""90"": 0.31760168075561523}",3.7404463291168213,0.3170508146286011,0.3094835877418518,737856,0.45682604673008126,0.69402963534593
timesfm3,coastal_ts,11,L11,block_depth,True,0.55,65.0,False,False,1e-05|0.0001|0.001|0.01|0.1|0.3|1|3|10|30|45|65|90,90.0,1e-05,13,0.01,0.65,"mean pinball over (batch, quantiles, horizon)",0.31283801794052124,"{""1e-05"": 0.587986946105957, ""0.0001"": 0.5877329707145691, ""0.001"": 0.5876030921936035, ""0.01"": 0.5854482054710388, ""0.1"": 0.5602700114250183, ""0.3"": 0.5191820859909058, ""1"": 0.44376254081726074, ""3"": 0.379987895488739, ""10"": 0.3367515802383423, ""30"": 0.31611984968185425, ""45"": 0.31290170550346375, ""65"": 0.31283801794052124, ""90"": 0.3138483166694641}","{""1e-05"": 0.587986946105957, ""0.0001"": 0.5877329707145691, ""0.001"": 0.5876030921936035, ""0.01"": 0.5854482054710388, ""0.1"": 0.5602700114250183, ""0.3"": 0.5191820859909058, ""1"": 0.44376254081726074, ""3"": 0.379987895488739, ""10"": 0.3367515802383423, ""30"": 0.31611984968185425, ""45"": 0.31290170550346375, ""65"": 0.31283801794052124, ""90"": 0.3138483166694641}",3.7401483058929443,0.31283801794052124,0.31207332015037537,737856,0.45682604673008126,0.6848077516152744
timesfm3,coastal_ts,12,L12,block_depth,True,0.6,65.0,False,False,1e-05|0.0001|0.001|0.01|0.1|0.3|1|3|10|30|45|65|90,90.0,1e-05,13,0.01,0.65,"mean pinball over (batch, quantiles, horizon)",0.31044530868530273,"{""1e-05"": 0.555871307849884, ""0.0001"": 0.5552036762237549, ""0.001"": 0.5546170473098755, ""0.01"": 0.5531049966812134, ""0.1"": 0.5314043760299683, ""0.3"": 0.4967421889305115, ""1"": 0.4309343695640564, ""3"": 0.3768415153026581, ""10"": 0.3374318480491638, ""30"": 0.31464624404907227, ""45"": 0.31087857484817505, ""65"": 0.31044530868530273, ""90"": 0.31192585825920105}","{""1e-05"": 0.555871307849884, ""0.0001"": 0.5552036762237549, ""0.001"": 0.5546170473098755, ""0.01"": 0.5531049966812134, ""0.1"": 0.5314043760299683, ""0.3"": 0.4967421889305115, ""1"": 0.4309343695640564, ""3"": 0.3768415153026581, ""10"": 0.3374318480491638, ""30"": 0.31464624404907227, ""45"": 0.31087857484817505, ""65"": 0.31044530868530273, ""90"": 0.31192585825920105}",3.738990545272827,0.31044530868530273,0.3116861581802368,737856,0.45682604673008126,0.6795700702870199
timesfm3,coastal_ts,13,L13,block_depth,True,0.65,65.0,False,False,1e-05|0.0001|0.001|0.01|0.1|0.3|1|3|10|30|45|65|90,90.0,1e-05,13,0.01,0.65,"mean pinball over (batch, quantiles, horizon)",0.3104398548603058,"{""1e-05"": 0.565746545791626, ""0.0001"": 0.5656083822250366, ""0.001"": 0.5651317834854126, ""0.01"": 0.5630155801773071, ""0.1"": 0.5409524440765381, ""0.3"": 0.5048927664756775, ""1"": 0.4420827329158783, ""3"": 0.3873082995414734, ""10"": 0.34148550033569336, ""30"": 0.31573769450187683, ""45"": 0.3120289742946625, ""65"": 0.3104398548603058, ""90"": 0.31252139806747437}","{""1e-05"": 0.565746545791626, ""0.0001"": 0.5656083822250366, ""0.001"": 0.5651317834854126, ""0.01"": 0.5630155801773071, ""0.1"": 0.5409524440765381, ""0.3"": 0.5048927664756775, ""1"": 0.4420827329158783, ""3"": 0.3873082995414734, ""10"": 0.34148550033569336, ""30"": 0.31573769450187683, ""45"": 0.3120289742946625, ""65"": 0.3104398548603058, ""90"": 0.31252139806747437}",3.7370636463165283,0.3104398548603058,0.30848586559295654,737856,0.45682604673008126,0.6795581317711756
timesfm3,coastal_ts,14,L14,block_depth,True,0.7,65.0,False,False,1e-05|0.0001|0.001|0.01|0.1|0.3|1|3|10|30|45|65|90,90.0,1e-05,13,0.01,0.65,"mean pinball over (batch, quantiles, horizon)",0.3173943758010864,"{""1e-05"": 0.5681373476982117, ""0.0001"": 0.5672857761383057, ""0.001"": 0.5682459473609924, ""0.01"": 0.565322756767273, ""0.1"": 0.5424069166183472, ""0.3"": 0.5057305097579956, ""1"": 0.4397067427635193, ""3"": 0.38743770122528076, ""10"": 0.34644803404808044, ""30"": 0.3231406807899475, ""45"": 0.3188263773918152, ""65"": 0.3173943758010864, ""90"": 0.31795355677604675}","{""1e-05"": 0.5681373476982117, ""0.0001"": 0.5672857761383057, ""0.001"": 0.5682459473609924, ""0.01"": 0.565322756767273, ""0.1"": 0.5424069166183472, ""0.3"": 0.5057305097579956, ""1"": 0.4397067427635193, ""3"": 0.38743770122528076, ""10"": 0.34644803404808044, ""30"": 0.3231406807899475, ""45"": 0.3188263773918152, ""65"": 0.3173943758010864, ""90"": 0.31795355677604675}",3.736217737197876,0.3173943758010864,0.31027328968048096,737856,0.45682604673008126,0.6947816966063256
timesfm3,coastal_ts,15,L15,block_depth,True,0.75,90.0,True,False,1e-05|0.0001|0.001|0.01|0.1|0.3|1|3|10|30|45|65|90,90.0,1e-05,13,0.01,0.9,"mean pinball over (batch, quantiles, horizon)",0.3207741975784302,"{""1e-05"": 0.593507707118988, ""0.0001"": 0.5927474498748779, ""0.001"": 0.5938854217529297, ""0.01"": 0.5902053713798523, ""0.1"": 0.5694770812988281, ""0.3"": 0.5325450897216797, ""1"": 0.46728771924972534, ""3"": 0.4099613428115845, ""10"": 0.36343592405319214, ""30"": 0.3343391418457031, ""45"": 0.32756227254867554, ""65"": 0.3228381872177124, ""90"": 0.3207741975784302}","{""1e-05"": 0.593507707118988, ""0.0001"": 0.5927474498748779, ""0.001"": 0.5938854217529297, ""0.01"": 0.5902053713798523, ""0.1"": 0.5694770812988281, ""0.3"": 0.5325450897216797, ""1"": 0.46728771924972534, ""3"": 0.4099613428115845, ""10"": 0.36343592405319214, ""30"": 0.3343391418457031, ""45"": 0.32756227254867554, ""65"": 0.3228381872177124, ""90"": 0.3207741975784302}",3.751264810562134,0.3207741975784302,0.3060052990913391,737856,0.45682604673008126,0.7021801840645959
timesfm3,coastal_ts,16,L16,block_depth,True,0.8,90.0,True,False,1e-05|0.0001|0.001|0.01|0.1|0.3|1|3|10|30|45|65|90,90.0,1e-05,13,0.01,0.9,"mean pinball over (batch, quantiles, horizon)",0.32490605115890503,"{""1e-05"": 0.6410239934921265, ""0.0001"": 0.6411724090576172, ""0.001"": 0.6402032375335693, ""0.01"": 0.638079047203064, ""0.1"": 0.6125034093856812, ""0.3"": 0.5699648857116699, ""1"": 0.4905893802642822, ""3"": 0.4221230745315552, ""10"": 0.3696770668029785, ""30"": 0.3386138379573822, ""45"": 0.3314359188079834, ""65"": 0.3269878029823303, ""90"": 0.32490605115890503}","{""1e-05"": 0.6410239934921265, ""0.0001"": 0.6411724090576172, ""0.001"": 0.6402032375335693, ""0.01"": 0.638079047203064, ""0.1"": 0.6125034093856812, ""0.3"": 0.5699648857116699, ""1"": 0.4905893802642822, ""3"": 0.4221230745315552, ""10"": 0.3696770668029785, ""30"": 0.3386138379573822, ""45"": 0.3314359188079834, ""65"": 0.3269878029823303, ""90"": 0.32490605115890503}",3.7490038871765137,0.32490605115890503,0.31015706062316895,737856,0.45682604673008126,0.7112248819535414
timesfm3,coastal_ts,17,L17,block_depth,True,0.85,90.0,True,False,1e-05|0.0001|0.001|0.01|0.1|0.3|1|3|10|30|45|65|90,90.0,1e-05,13,0.01,0.9,"mean pinball over (batch, quantiles, horizon)",0.3255760669708252,"{""1e-05"": 0.6058992147445679, ""0.0001"": 0.6058770418167114, ""0.001"": 0.6061468124389648, ""0.01"": 0.6037467122077942, ""0.1"": 0.5837306380271912, ""0.3"": 0.547294557094574, ""1"": 0.4769580364227295, ""3"": 0.41384971141815186, ""10"": 0.3690635561943054, ""30"": 0.34040528535842896, ""45"": 0.33349162340164185, ""65"": 0.32860928773880005, ""90"": 0.3255760669708252}","{""1e-05"": 0.6058992147445679, ""0.0001"": 0.6058770418167114, ""0.001"": 0.6061468124389648, ""0.01"": 0.6037467122077942, ""0.1"": 0.5837306380271912, ""0.3"": 0.547294557094574, ""1"": 0.4769580364227295, ""3"": 0.41384971141815186, ""10"": 0.3690635561943054, ""30"": 0.34040528535842896, ""45"": 0.33349162340164185, ""65"": 0.32860928773880005, ""90"": 0.3255760669708252}",3.746870994567871,0.3255760669708252,0.3103143572807312,737856,0.45682604673008126,0.7126915579820123
timesfm3,coastal_ts,18,L18,block_depth,True,0.9,90.0,True,False,1e-05|0.0001|0.001|0.01|0.1|0.3|1|3|10|30|45|65|90,90.0,1e-05,13,0.01,0.9,"mean pinball over (batch, quantiles, horizon)",0.3159778118133545,"{""1e-05"": 0.552628755569458, ""0.0001"": 0.5526184439659119, ""0.001"": 0.5520512461662292, ""0.01"": 0.5506394505500793, ""0.1"": 0.53316330909729, ""0.3"": 0.5039318799972534, ""1"": 0.44762122631073, ""3"": 0.3955719470977783, ""10"": 0.35319384932518005, ""30"": 0.32880914211273193, ""45"": 0.3230489492416382, ""65"": 0.31831154227256775, ""90"": 0.3159778118133545}","{""1e-05"": 0.552628755569458, ""0.0001"": 0.5526184439659119, ""0.001"": 0.5520512461662292, ""0.01"": 0.5506394505500793, ""0.1"": 0.53316330909729, ""0.3"": 0.5039318799972534, ""1"": 0.44762122631073, ""3"": 0.3955719470977783, ""10"": 0.35319384932518005, ""30"": 0.32880914211273193, ""45"": 0.3230489492416382, ""65"": 0.31831154227256775, ""90"": 0.3159778118133545}",3.751356363296509,0.3159778118133545,0.3135334253311157,737856,0.45682604673008126,0.6916808139008153
timesfm3,coastal_ts,19,L19,block_depth,True,0.95,65.0,False,False,1e-05|0.0001|0.001|0.01|0.1|0.3|1|3|10|30|45|65|90,90.0,1e-05,13,0.01,0.65,"mean pinball over (batch, quantiles, horizon)",0.3171765208244324,"{""1e-05"": 0.4666442275047302, ""0.0001"": 0.467014878988266, ""0.001"": 0.46669241786003113, ""0.01"": 0.4650406241416931, ""0.1"": 0.45135390758514404, ""0.3"": 0.42944297194480896, ""1"": 0.39072975516319275, ""3"": 0.3602792024612427, ""10"": 0.33690640330314636, ""30"": 0.32157182693481445, ""45"": 0.3185949921607971, ""65"": 0.3171765208244324, ""90"": 0.3188196122646332}","{""1e-05"": 0.4666442275047302, ""0.0001"": 0.467014878988266, ""0.001"": 0.46669241786003113, ""0.01"": 0.4650406241416931, ""0.1"": 0.45135390758514404, ""0.3"": 0.42944297194480896, ""1"": 0.39072975516319275, ""3"": 0.3602792024612427, ""10"": 0.33690640330314636, ""30"": 0.32157182693481445, ""45"": 0.3185949921607971, ""65"": 0.3171765208244324, ""90"": 0.3188196122646332}",3.7494094371795654,0.3171765208244324,0.31818145513534546,737856,0.45682604673008126,0.694304808350471
timesfm3,coastal_ts,20,L20,block_depth,True,1.0,45.0,False,False,1e-05|0.0001|0.001|0.01|0.1|0.3|1|3|10|30|45|65|90,90.0,1e-05,13,0.01,0.45,"mean pinball over (batch, quantiles, horizon)",0.315023273229599,"{""1e-05"": 0.5518695712089539, ""0.0001"": 0.5525264739990234, ""0.001"": 0.5515350103378296, ""0.01"": 0.5499375462532043, ""0.1"": 0.5294828414916992, ""0.3"": 0.49299392104148865, ""1"": 0.42569780349731445, ""3"": 0.3701501786708832, ""10"": 0.3335111141204834, ""30"": 0.3168807029724121, ""45"": 0.315023273229599, ""65"": 0.31670570373535156, ""90"": 0.3215356767177582}","{""1e-05"": 0.5518695712089539, ""0.0001"": 0.5525264739990234, ""0.001"": 0.5515350103378296, ""0.01"": 0.5499375462532043, ""0.1"": 0.5294828414916992, ""0.3"": 0.49299392104148865, ""1"": 0.42569780349731445, ""3"": 0.3701501786708832, ""10"": 0.3335111141204834, ""30"": 0.3168807029724121, ""45"": 0.315023273229599, ""65"": 0.31670570373535156, ""90"": 0.3215356767177582}",3.730513334274292,0.315023273229599,0.326337993144989,737856,0.45682604673008126,0.6895913126769074
timesfm3,boom_hourly,0,Emb,block_depth,True,0.0,10.0,False,False,1e-05|0.0001|0.001|0.01|0.1|0.3|1|3|10|30|45|65|90,90.0,1e-05,13,0.01,0.1,"mean pinball over (batch, quantiles, horizon)",0.17729519307613373,"{""1e-05"": 0.1813550442457199, ""0.0001"": 0.18234218657016754, ""0.001"": 0.18093788623809814, ""0.01"": 0.182222381234169, ""0.1"": 0.18133999407291412, ""0.3"": 0.18044424057006836, ""1"": 0.17923466861248016, ""3"": 0.17755217850208282, ""10"": 0.17729519307613373, ""30"": 0.17871667444705963, ""45"": 0.1801135540008545, ""65"": 0.18324197828769684, ""90"": 0.1933329552412033}","{""1e-05"": 0.1813550442457199, ""0.0001"": 0.18234218657016754, ""0.001"": 0.18093788623809814, ""0.01"": 0.182222381234169, ""0.1"": 0.18133999407291412, ""0.3"": 0.18044424057006836, ""1"": 0.17923466861248016, ""3"": 0.17755217850208282, ""10"": 0.17729519307613373, ""30"": 0.17871667444705963, ""45"": 0.1801135540008545, ""65"": 0.18324197828769684, ""90"": 0.1933329552412033}",12.52096176147461,0.17729519307613373,0.22727808356285095,737856,0.2636542626062019,0.6724533535835322
timesfm3,boom_hourly,1,L1,block_depth,True,0.05,10.0,False,False,1e-05|0.0001|0.001|0.01|0.1|0.3|1|3|10|30|45|65|90,90.0,1e-05,13,0.01,0.1,"mean pinball over (batch, quantiles, horizon)",0.17345330119132996,"{""1e-05"": 0.2003471851348877, ""0.0001"": 0.20033009350299835, ""0.001"": 0.20074675977230072, ""0.01"": 0.20029854774475098, ""0.1"": 0.19718985259532928, ""0.3"": 0.1923404037952423, ""1"": 0.18349669873714447, ""3"": 0.1771405190229416, ""10"": 0.17345330119132996, ""30"": 0.17768554389476776, ""45"": 0.18398629128932953, ""65"": 0.1915251463651657, ""90"": 0.20407238602638245}","{""1e-05"": 0.2003471851348877, ""0.0001"": 0.20033009350299835, ""0.001"": 0.20074675977230072, ""0.01"": 0.20029854774475098, ""0.1"": 0.19718985259532928, ""0.3"": 0.1923404037952423, ""1"": 0.18349669873714447, ""3"": 0.1771405190229416, ""10"": 0.17345330119132996, ""30"": 0.17768554389476776, ""45"": 0.18398629128932953, ""65"": 0.1915251463651657, ""90"": 0.20407238602638245}",12.497284889221191,0.17345330119132996,0.22391919791698456,737856,0.2636542626062019,0.6578816495388983
timesfm3,boom_hourly,2,L2,block_depth,True,0.1,10.0,False,False,1e-05|0.0001|0.001|0.01|0.1|0.3|1|3|10|30|45|65|90,90.0,1e-05,13,0.01,0.1,"mean pinball over (batch, quantiles, horizon)",0.17488807439804077,"{""1e-05"": 0.2324559986591339, ""0.0001"": 0.23210453987121582, ""0.001"": 0.23178014159202576, ""0.01"": 0.2315288931131363, ""0.1"": 0.22531527280807495, ""0.3"": 0.21503198146820068, ""1"": 0.196284681558609, ""3"": 0.18215173482894897, ""10"": 0.17488807439804077, ""30"": 0.17782838642597198, ""45"": 0.1827414333820343, ""65"": 0.18925213813781738, ""90"": 0.1996418982744217}","{""1e-05"": 0.2324559986591339, ""0.0001"": 0.23210453987121582, ""0.001"": 0.23178014159202576, ""0.01"": 0.2315288931131363, ""0.1"": 0.22531527280807495, ""0.3"": 0.21503198146820068, ""1"": 0.196284681558609, ""3"": 0.18215173482894897, ""10"": 0.17488807439804077, ""30"": 0.17782838642597198, ""45"": 0.1827414333820343, ""65"": 0.18925213813781738, ""90"": 0.1996418982744217}",12.483416557312012,0.17488807439804077,0.22825661301612854,737856,0.2636542626062019,0.6633235232735695
timesfm3,boom_hourly,3,L3,block_depth,True,0.15,30.0,False,False,1e-05|0.0001|0.001|0.01|0.1|0.3|1|3|10|30|45|65|90,90.0,1e-05,13,0.01,0.3,"mean pinball over (batch, quantiles, horizon)",0.18167857825756073,"{""1e-05"": 0.2664605677127838, ""0.0001"": 0.26576927304267883, ""0.001"": 0.2660503685474396, ""0.01"": 0.26524198055267334, ""0.1"": 0.25763756036758423, ""0.3"": 0.24370300769805908, ""1"": 0.21776290237903595, ""3"": 0.19582127034664154, ""10"": 0.18256184458732605, ""30"": 0.18167857825756073, ""45"": 0.18437141180038452, ""65"": 0.18871307373046875, ""90"": 0.1969468891620636}","{""1e-05"": 0.2664605677127838, ""0.0001"": 0.26576927304267883, ""0.001"": 0.2660503685474396, ""0.01"": 0.26524198055267334, ""0.1"": 0.25763756036758423, ""0.3"": 0.24370300769805908, ""1"": 0.21776290237903595, ""3"": 0.19582127034664154, ""10"": 0.18256184458732605, ""30"": 0.18167857825756073, ""45"": 0.18437141180038452, ""65"": 0.18871307373046875, ""90"": 0.1969468891620636}",12.491986274719238,0.18167857825756073,0.23215587437152863,737856,0.2636542626062019,0.6890788582808489
timesfm3,boom_hourly,4,L4,block_depth,True,0.2,30.0,False,False,1e-05|0.0001|0.001|0.01|0.1|0.3|1|3|10|30|45|65|90,90.0,1e-05,13,0.01,0.3,"mean pinball over (batch, quantiles, horizon)",0.18369559943675995,"{""1e-05"": 0.2898048460483551, ""0.0001"": 0.29012906551361084, ""0.001"": 0.2895408570766449, ""0.01"": 0.28863605856895447, ""0.1"": 0.27942079305648804, ""0.3"": 0.2622095048427582, ""1"": 0.23073641955852509, ""3"": 0.20400841534137726, ""10"": 0.18783435225486755, ""30"": 0.18369559943675995, ""45"": 0.1850639134645462, ""65"": 0.18859867751598358, ""90"": 0.1950574368238449}","{""1e-05"": 0.2898048460483551, ""0.0001"": 0.29012906551361084, ""0.001"": 0.2895408570766449, ""0.01"": 0.28863605856895447, ""0.1"": 0.27942079305648804, ""0.3"": 0.2622095048427582, ""1"": 0.23073641955852509, ""3"": 0.20400841534137726, ""10"": 0.18783435225486755, ""30"": 0.18369559943675995, ""45"": 0.1850639134645462, ""65"": 0.18859867751598358, ""90"": 0.1950574368238449}",12.486594200134277,0.18369559943675995,0.2326786071062088,737856,0.2636542626062019,0.6967291088751733
timesfm3,boom_hourly,5,L5,block_depth,True,0.25,30.0,False,False,1e-05|0.0001|0.001|0.01|0.1|0.3|1|3|10|30|45|65|90,90.0,1e-05,13,0.01,0.3,"mean pinball over (batch, quantiles, horizon)",0.18446597456932068,"{""1e-05"": 0.31846240162849426, ""0.0001"": 0.3180091083049774, ""0.001"": 0.3174114227294922, ""0.01"": 0.31643664836883545, ""0.1"": 0.3048602044582367, ""0.3"": 0.28459659218788147, ""1"": 0.24618922173976898, ""3"": 0.2135782390832901, ""10"": 0.19144444167613983, ""30"": 0.18446597456932068, ""45"": 0.1848061978816986, ""65"": 0.18721014261245728, ""90"": 0.19262443482875824}","{""1e-05"": 0.31846240162849426, ""0.0001"": 0.3180091083049774, ""0.001"": 0.3174114227294922, ""0.01"": 0.31643664836883545, ""0.1"": 0.3048602044582367, ""0.3"": 0.28459659218788147, ""1"": 0.24618922173976898, ""3"": 0.2135782390832901, ""10"": 0.19144444167613983, ""30"": 0.18446597456932068, ""45"": 0.1848061978816986, ""65"": 0.18721014261245728, ""90"": 0.19262443482875824}",12.48287582397461,0.18446597456932068,0.23356802761554718,737856,0.2636542626062019,0.6996510230704744
timesfm3,boom_hourly,6,L6,block_depth,True,0.3,45.0,False,False,1e-05|0.0001|0.001|0.01|0.1|0.3|1|3|10|30|45|65|90,90.0,1e-05,13,0.01,0.45,"mean pinball over (batch, quantiles, horizon)",0.1869288682937622,"{""1e-05"": 0.35541313886642456, ""0.0001"": 0.3551526367664337, ""0.001"": 0.35576167702674866, ""0.01"": 0.35365432500839233, ""0.1"": 0.3394075036048889, ""0.3"": 0.3153797686100006, ""1"": 0.26746657490730286, ""3"": 0.2252061665058136, ""10"": 0.197993665933609, ""30"": 0.18784424662590027, ""45"": 0.1869288682937622, ""65"": 0.18852996826171875, ""90"": 0.19306761026382446}","{""1e-05"": 0.35541313886642456, ""0.0001"": 0.3551526367664337, ""0.001"": 0.35576167702674866, ""0.01"": 0.35365432500839233, ""0.1"": 0.3394075036048889, ""0.3"": 0.3153797686100006, ""1"": 0.26746657490730286, ""3"": 0.2252061665058136, ""10"": 0.197993665933609, ""30"": 0.18784424662590027, ""45"": 0.1869288682937622, ""65"": 0.18852996826171875, ""90"": 0.19306761026382446}",12.487017631530762,0.1869288682937622,0.23580725491046906,737856,0.2636542626062019,0.7089923995386416
timesfm3,boom_hourly,7,L7,block_depth,True,0.35,45.0,False,False,1e-05|0.0001|0.001|0.01|0.1|0.3|1|3|10|30|45|65|90,90.0,1e-05,13,0.01,0.45,"mean pinball over (batch, quantiles, horizon)",0.18800173699855804,"{""1e-05"": 0.36820948123931885, ""0.0001"": 0.3684989809989929, ""0.001"": 0.36849963665008545, ""0.01"": 0.36662861704826355, ""0.1"": 0.35141217708587646, ""0.3"": 0.32548999786376953, ""1"": 0.27406129240989685, ""3"": 0.22887247800827026, ""10"": 0.1998092383146286, ""30"": 0.1884952336549759, ""45"": 0.18800173699855804, ""65"": 0.1883753538131714, ""90"": 0.19224566221237183}","{""1e-05"": 0.36820948123931885, ""0.0001"": 0.3684989809989929, ""0.001"": 0.36849963665008545, ""0.01"": 0.36662861704826355, ""0.1"": 0.35141217708587646, ""0.3"": 0.32548999786376953, ""1"": 0.27406129240989685, ""3"": 0.22887247800827026, ""10"": 0.1998092383146286, ""30"": 0.1884952336549759, ""45"": 0.18800173699855804, ""65"": 0.1883753538131714, ""90"": 0.19224566221237183}",12.485260963439941,0.18800173699855804,0.23618032038211823,737856,0.2636542626062019,0.7130616252518563
timesfm3,boom_hourly,8,L8,block_depth,True,0.4,45.0,False,False,1e-05|0.0001|0.001|0.01|0.1|0.3|1|3|10|30|45|65|90,90.0,1e-05,13,0.01,0.45,"mean pinball over (batch, quantiles, horizon)",0.1856278032064438,"{""1e-05"": 0.3840227425098419, ""0.0001"": 0.3842998743057251, ""0.001"": 0.3838340640068054, ""0.01"": 0.38170620799064636, ""0.1"": 0.36435773968696594, ""0.3"": 0.3349357545375824, ""1"": 0.27613410353660583, ""3"": 0.22571279108524323, ""10"": 0.196448415517807, ""30"": 0.18631039559841156, ""45"": 0.1856278032064438, ""65"": 0.18688921630382538, ""90"": 0.19134993851184845}","{""1e-05"": 0.3840227425098419, ""0.0001"": 0.3842998743057251, ""0.001"": 0.3838340640068054, ""0.01"": 0.38170620799064636, ""0.1"": 0.36435773968696594, ""0.3"": 0.3349357545375824, ""1"": 0.27613410353660583, ""3"": 0.22571279108524323, ""10"": 0.196448415517807, ""30"": 0.18631039559841156, ""45"": 0.1856278032064438, ""65"": 0.18688921630382538, ""90"": 0.19134993851184845}",12.484338760375977,0.1856278032064438,0.23431599140167236,737856,0.2636542626062019,0.7040576601020115
timesfm3,boom_hourly,9,L9,block_depth,True,0.45,45.0,False,False,1e-05|0.0001|0.001|0.01|0.1|0.3|1|3|10|30|45|65|90,90.0,1e-05,13,0.01,0.45,"mean pinball over (batch, quantiles, horizon)",0.18701089918613434,"{""1e-05"": 0.37590062618255615, ""0.0001"": 0.37515464425086975, ""0.001"": 0.3750423789024353, ""0.01"": 0.3738993704319, ""0.1"": 0.35788556933403015, ""0.3"": 0.32968953251838684, ""1"": 0.2754703760147095, ""3"": 0.22890649735927582, ""10"": 0.19896948337554932, ""30"": 0.18801407516002655, ""45"": 0.18701089918613434, ""65"": 0.18814991414546967, ""90"": 0.19273145496845245}","{""1e-05"": 0.37590062618255615, ""0.0001"": 0.37515464425086975, ""0.001"": 0.3750423789024353, ""0.01"": 0.3738993704319, ""0.1"": 0.35788556933403015, ""0.3"": 0.32968953251838684, ""1"": 0.2754703760147095, ""3"": 0.22890649735927582, ""10"": 0.19896948337554932, ""30"": 0.18801407516002655, ""45"": 0.18701089918613434, ""65"": 0.18814991414546967, ""90"": 0.19273145496845245}",12.483114242553711,0.18701089918613434,0.23579005897045135,737856,0.2636542626062019,0.7093035300758885
timesfm3,boom_hourly,10,L10,block_depth,True,0.5,45.0,False,False,1e-05|0.0001|0.001|0.01|0.1|0.3|1|3|10|30|45|65|90,90.0,1e-05,13,0.01,0.45,"mean pinball over (batch, quantiles, horizon)",0.18597489595413208,"{""1e-05"": 0.38817429542541504, ""0.0001"": 0.3878639340400696, ""0.001"": 0.3877502381801605, ""0.01"": 0.3858673572540283, ""0.1"": 0.3683147132396698, ""0.3"": 0.3370642066001892, ""1"": 0.27835527062416077, ""3"": 0.2293296456336975, ""10"": 0.1985318660736084, ""30"": 0.18669761717319489, ""45"": 0.18597489595413208, ""65"": 0.18677878379821777, ""90"": 0.19025735557079315}","{""1e-05"": 0.38817429542541504, ""0.0001"": 0.3878639340400696, ""0.001"": 0.3877502381801605, ""0.01"": 0.3858673572540283, ""0.1"": 0.3683147132396698, ""0.3"": 0.3370642066001892, ""1"": 0.27835527062416077, ""3"": 0.2293296456336975, ""10"": 0.1985318660736084, ""30"": 0.18669761717319489, ""45"": 0.18597489595413208, ""65"": 0.18677878379821777, ""90"": 0.19025735557079315}",12.482007026672363,0.18597489595413208,0.23378604650497437,737856,0.2636542626062019,0.7053741294215564
timesfm3,boom_hourly,11,L11,block_depth,True,0.55,45.0,False,False,1e-05|0.0001|0.001|0.01|0.1|0.3|1|3|10|30|45|65|90,90.0,1e-05,13,0.01,0.45,"mean pinball over (batch, quantiles, horizon)",0.18756991624832153,"{""1e-05"": 0.3900803327560425, ""0.0001"": 0.39021429419517517, ""0.001"": 0.39014965295791626, ""0.01"": 0.38812997937202454, ""0.1"": 0.3702070116996765, ""0.3"": 0.3409895896911621, ""1"": 0.2828127443790436, ""3"": 0.23274748027324677, ""10"": 0.2006295919418335, ""30"": 0.1886478215456009, ""45"": 0.18756991624832153, ""65"": 0.1880592554807663, ""90"": 0.19183073937892914}","{""1e-05"": 0.3900803327560425, ""0.0001"": 0.39021429419517517, ""0.001"": 0.39014965295791626, ""0.01"": 0.38812997937202454, ""0.1"": 0.3702070116996765, ""0.3"": 0.3409895896911621, ""1"": 0.2828127443790436, ""3"": 0.23274748027324677, ""10"": 0.2006295919418335, ""30"": 0.1886478215456009, ""45"": 0.18756991624832153, ""65"": 0.1880592554807663, ""90"": 0.19183073937892914}",12.481404304504395,0.18756991624832153,0.2339743673801422,737856,0.2636542626062019,0.7114237956716781
timesfm3,boom_hourly,12,L12,block_depth,True,0.6,45.0,False,False,1e-05|0.0001|0.001|0.01|0.1|0.3|1|3|10|30|45|65|90,90.0,1e-05,13,0.01,0.45,"mean pinball over (batch, quantiles, horizon)",0.18798451125621796,"{""1e-05"": 0.39743730425834656, ""0.0001"": 0.39737895131111145, ""0.001"": 0.39753249287605286, ""0.01"": 0.3956434726715088, ""0.1"": 0.3789640963077545, ""0.3"": 0.3493061065673828, ""1"": 0.2903783917427063, ""3"": 0.2384006530046463, ""10"": 0.2031242400407791, ""30"": 0.18930798768997192, ""45"": 0.18798451125621796, ""65"": 0.1885954588651657, ""90"": 0.19200825691223145}","{""1e-05"": 0.39743730425834656, ""0.0001"": 0.39737895131111145, ""0.001"": 0.39753249287605286, ""0.01"": 0.3956434726715088, ""0.1"": 0.3789640963077545, ""0.3"": 0.3493061065673828, ""1"": 0.2903783917427063, ""3"": 0.2384006530046463, ""10"": 0.2031242400407791, ""30"": 0.18930798768997192, ""45"": 0.18798451125621796, ""65"": 0.1885954588651657, ""90"": 0.19200825691223145}",12.481520652770996,0.18798451125621796,0.2333708554506302,737856,0.2636542626062019,0.7129962906649249
timesfm3,boom_hourly,13,L13,block_depth,True,0.65,45.0,False,False,1e-05|0.0001|0.001|0.01|0.1|0.3|1|3|10|30|45|65|90,90.0,1e-05,13,0.01,0.45,"mean pinball over (batch, quantiles, horizon)",0.18530096113681793,"{""1e-05"": 0.39741620421409607, ""0.0001"": 0.3974427878856659, ""0.001"": 0.39719823002815247, ""0.01"": 0.3956995904445648, ""0.1"": 0.3773737847805023, ""0.3"": 0.34648969769477844, ""1"": 0.2844843864440918, ""3"": 0.2319643199443817, ""10"": 0.19902245700359344, ""30"": 0.18685533106327057, ""45"": 0.18530096113681793, ""65"": 0.186539888381958, ""90"": 0.19008535146713257}","{""1e-05"": 0.39741620421409607, ""0.0001"": 0.3974427878856659, ""0.001"": 0.39719823002815247, ""0.01"": 0.3956995904445648, ""0.1"": 0.3773737847805023, ""0.3"": 0.34648969769477844, ""1"": 0.2844843864440918, ""3"": 0.2319643199443817, ""10"": 0.19902245700359344, ""30"": 0.18685533106327057, ""45"": 0.18530096113681793, ""65"": 0.186539888381958, ""90"": 0.19008535146713257}",12.481200218200684,0.18530096113681793,0.23171281814575195,737856,0.2636542626062019,0.7028179984845773
timesfm3,boom_hourly,14,L14,block_depth,True,0.7,45.0,False,False,1e-05|0.0001|0.001|0.01|0.1|0.3|1|3|10|30|45|65|90,90.0,1e-05,13,0.01,0.45,"mean pinball over (batch, quantiles, horizon)",0.18592345714569092,"{""1e-05"": 0.40237048268318176, ""0.0001"": 0.40204736590385437, ""0.001"": 0.40209248661994934, ""0.01"": 0.3999383747577667, ""0.1"": 0.3814079165458679, ""0.3"": 0.35011258721351624, ""1"": 0.28839170932769775, ""3"": 0.234303280711174, ""10"": 0.19944149255752563, ""30"": 0.18684913218021393, ""45"": 0.18592345714569092, ""65"": 0.18689975142478943, ""90"": 0.18974584341049194}","{""1e-05"": 0.40237048268318176, ""0.0001"": 0.40204736590385437, ""0.001"": 0.40209248661994934, ""0.01"": 0.3999383747577667, ""0.1"": 0.3814079165458679, ""0.3"": 0.35011258721351624, ""1"": 0.28839170932769775, ""3"": 0.234303280711174, ""10"": 0.19944149255752563, ""30"": 0.18684913218021393, ""45"": 0.18592345714569092, ""65"": 0.18689975142478943, ""90"": 0.18974584341049194}",12.480467796325684,0.18592345714569092,0.23206841945648193,737856,0.2636542626062019,0.7051790299457024
timesfm3,boom_hourly,15,L15,block_depth,True,0.75,45.0,False,False,1e-05|0.0001|0.001|0.01|0.1|0.3|1|3|10|30|45|65|90,90.0,1e-05,13,0.01,0.45,"mean pinball over (batch, quantiles, horizon)",0.1841209977865219,"{""1e-05"": 0.39814603328704834, ""0.0001"": 0.3979351222515106, ""0.001"": 0.39764851331710815, ""0.01"": 0.39592066407203674, ""0.1"": 0.3774764835834503, ""0.3"": 0.3457027077674866, ""1"": 0.28374460339546204, ""3"": 0.22972232103347778, ""10"": 0.19636951386928558, ""30"": 0.18445582687854767, ""45"": 0.1841209977865219, ""65"": 0.1852617859840393, ""90"": 0.1889185756444931}","{""1e-05"": 0.39814603328704834, ""0.0001"": 0.3979351222515106, ""0.001"": 0.39764851331710815, ""0.01"": 0.39592066407203674, ""0.1"": 0.3774764835834503, ""0.3"": 0.3457027077674866, ""1"": 0.28374460339546204, ""3"": 0.22972232103347778, ""10"": 0.19636951386928558, ""30"": 0.18445582687854767, ""45"": 0.1841209977865219, ""65"": 0.1852617859840393, ""90"": 0.1889185756444931}",12.481045722961426,0.1841209977865219,0.23186665773391724,737856,0.2636542626062019,0.6983425792797741
timesfm3,boom_hourly,16,L16,block_depth,True,0.8,45.0,False,False,1e-05|0.0001|0.001|0.01|0.1|0.3|1|3|10|30|45|65|90,90.0,1e-05,13,0.01,0.45,"mean pinball over (batch, quantiles, horizon)",0.18149006366729736,"{""1e-05"": 0.38210228085517883, ""0.0001"": 0.38273900747299194, ""0.001"": 0.38191887736320496, ""0.01"": 0.38046109676361084, ""0.1"": 0.3634702265262604, ""0.3"": 0.33453723788261414, ""1"": 0.27762019634246826, ""3"": 0.22813603281974792, ""10"": 0.1951846182346344, ""30"": 0.18209902942180634, ""45"": 0.18149006366729736, ""65"": 0.18178461492061615, ""90"": 0.18518973886966705}","{""1e-05"": 0.38210228085517883, ""0.0001"": 0.38273900747299194, ""0.001"": 0.38191887736320496, ""0.01"": 0.38046109676361084, ""0.1"": 0.3634702265262604, ""0.3"": 0.33453723788261414, ""1"": 0.27762019634246826, ""3"": 0.22813603281974792, ""10"": 0.1951846182346344, ""30"": 0.18209902942180634, ""45"": 0.18149006366729736, ""65"": 0.18178461492061615, ""90"": 0.18518973886966705}",12.479622840881348,0.18149006366729736,0.22998808324337006,737856,0.2636542626062019,0.6883638514821728
timesfm3,boom_hourly,17,L17,block_depth,True,0.85,45.0,False,False,1e-05|0.0001|0.001|0.01|0.1|0.3|1|3|10|30|45|65|90,90.0,1e-05,13,0.01,0.45,"mean pinball over (batch, quantiles, horizon)",0.17774567008018494,"{""1e-05"": 0.3483441174030304, ""0.0001"": 0.34902268648147583, ""0.001"": 0.34824252128601074, ""0.01"": 0.3469034731388092, ""0.1"": 0.33338990807533264, ""0.3"": 0.3100541830062866, ""1"": 0.2636757791042328, ""3"": 0.22172604501247406, ""10"": 0.1905585676431656, ""30"": 0.1786675751209259, ""45"": 0.17774567008018494, ""65"": 0.17873986065387726, ""90"": 0.1817636489868164}","{""1e-05"": 0.3483441174030304, ""0.0001"": 0.34902268648147583, ""0.001"": 0.34824252128601074, ""0.01"": 0.3469034731388092, ""0.1"": 0.33338990807533264, ""0.3"": 0.3100541830062866, ""1"": 0.2636757791042328, ""3"": 0.22172604501247406, ""10"": 0.1905585676431656, ""30"": 0.1786675751209259, ""45"": 0.17774567008018494, ""65"": 0.17873986065387726, ""90"": 0.1817636489868164}",12.477896690368652,0.17774567008018494,0.22618606686592102,737856,0.2636542626062019,0.6741619434602831
timesfm3,boom_hourly,18,L18,block_depth,True,0.9,45.0,False,False,1e-05|0.0001|0.001|0.01|0.1|0.3|1|3|10|30|45|65|90,90.0,1e-05,13,0.01,0.45,"mean pinball over (batch, quantiles, horizon)",0.17772425711154938,"{""1e-05"": 0.3378628194332123, ""0.0001"": 0.3375876545906067, ""0.001"": 0.33803117275238037, ""0.01"": 0.3365509510040283, ""0.1"": 0.3232038617134094, ""0.3"": 0.2985730767250061, ""1"": 0.2536604404449463, ""3"": 0.214677095413208, ""10"": 0.18891119956970215, ""30"": 0.17890706658363342, ""45"": 0.17772425711154938, ""65"": 0.1784593164920807, ""90"": 0.1826218068599701}","{""1e-05"": 0.3378628194332123, ""0.0001"": 0.3375876545906067, ""0.001"": 0.33803117275238037, ""0.01"": 0.3365509510040283, ""0.1"": 0.3232038617134094, ""0.3"": 0.2985730767250061, ""1"": 0.2536604404449463, ""3"": 0.214677095413208, ""10"": 0.18891119956970215, ""30"": 0.17890706658363342, ""45"": 0.17772425711154938, ""65"": 0.1784593164920807, ""90"": 0.1826218068599701}",12.477506637573242,0.17772425711154938,0.22592559456825256,737856,0.2636542626062019,0.674080727369089
timesfm3,boom_hourly,19,L19,block_depth,True,0.95,30.0,False,False,1e-05|0.0001|0.001|0.01|0.1|0.3|1|3|10|30|45|65|90,90.0,1e-05,13,0.01,0.3,"mean pinball over (batch, quantiles, horizon)",0.18461738526821136,"{""1e-05"": 0.3259546756744385, ""0.0001"": 0.32579711079597473, ""0.001"": 0.32548725605010986, ""0.01"": 0.32457810640335083, ""0.1"": 0.3127839267253876, ""0.3"": 0.29205045104026794, ""1"": 0.2514471411705017, ""3"": 0.2134481519460678, ""10"": 0.1903432160615921, ""30"": 0.18461738526821136, ""45"": 0.18553681671619415, ""65"": 0.1880847066640854, ""90"": 0.19377531111240387}","{""1e-05"": 0.3259546756744385, ""0.0001"": 0.32579711079597473, ""0.001"": 0.32548725605010986, ""0.01"": 0.32457810640335083, ""0.1"": 0.3127839267253876, ""0.3"": 0.29205045104026794, ""1"": 0.2514471411705017, ""3"": 0.2134481519460678, ""10"": 0.1903432160615921, ""30"": 0.18461738526821136, ""45"": 0.18553681671619415, ""65"": 0.1880847066640854, ""90"": 0.19377531111240387}",12.472270011901855,0.18461738526821136,0.23087413609027863,737856,0.2636542626062019,0.7002253005253276
timesfm3,boom_hourly,20,L20,block_depth,True,1.0,30.0,False,False,1e-05|0.0001|0.001|0.01|0.1|0.3|1|3|10|30|45|65|90,90.0,1e-05,13,0.01,0.3,"mean pinball over (batch, quantiles, horizon)",0.19227200746536255,"{""1e-05"": 0.2941439747810364, ""0.0001"": 0.29389676451683044, ""0.001"": 0.29384493827819824, ""0.01"": 0.2929568886756897, ""0.1"": 0.2838543951511383, ""0.3"": 0.26819536089897156, ""1"": 0.23713654279708862, ""3"": 0.20946994423866272, ""10"": 0.19412188231945038, ""30"": 0.19227200746536255, ""45"": 0.19497448205947876, ""65"": 0.2001107633113861, ""90"": 0.20654812455177307}","{""1e-05"": 0.2941439747810364, ""0.0001"": 0.29389676451683044, ""0.001"": 0.29384493827819824, ""0.01"": 0.2929568886756897, ""0.1"": 0.2838543951511383, ""0.3"": 0.26819536089897156, ""1"": 0.23713654279708862, ""3"": 0.20946994423866272, ""10"": 0.19412188231945038, ""30"": 0.19227200746536255, ""45"": 0.19497448205947876, ""65"": 0.2001107633113861, ""90"": 0.20654812455177307}",12.478772163391113,0.19227200746536255,0.23762404918670654,737856,0.2636542626062019,0.7292581032628439
timesfm3,LOOP_SEATTLE_5T,0,Emb,block_depth,True,0.0,90.0,True,False,1e-05|0.0001|0.001|0.01|0.1|0.3|1|3|10|30|45|65|90,90.0,1e-05,13,0.01,0.9,"mean pinball over (batch, quantiles, horizon)",0.32823076844215393,"{""1e-05"": 0.3432272970676422, ""0.0001"": 0.34315165877342224, ""0.001"": 0.343667596578598, ""0.01"": 0.3431936800479889, ""0.1"": 0.34208011627197266, ""0.3"": 0.34099408984184265, ""1"": 0.3374907672405243, ""3"": 0.3350978493690491, ""10"": 0.3326338231563568, ""30"": 0.3312901556491852, ""45"": 0.33055779337882996, ""65"": 0.33039963245391846, ""90"": 0.32823076844215393}","{""1e-05"": 0.3432272970676422, ""0.0001"": 0.34315165877342224, ""0.001"": 0.343667596578598, ""0.01"": 0.3431936800479889, ""0.1"": 0.34208011627197266, ""0.3"": 0.34099408984184265, ""1"": 0.3374907672405243, ""3"": 0.3350978493690491, ""10"": 0.3326338231563568, ""30"": 0.3312901556491852, ""45"": 0.33055779337882996, ""65"": 0.33039963245391846, ""90"": 0.32823076844215393}",0.31080883741378784,0.32823076844215393,0.25931239128112793,737856,0.31316966839305316,1.0480924609537787
timesfm3,LOOP_SEATTLE_5T,1,L1,block_depth,True,0.05,10.0,False,False,1e-05|0.0001|0.001|0.01|0.1|0.3|1|3|10|30|45|65|90,90.0,1e-05,13,0.01,0.1,"mean pinball over (batch, quantiles, horizon)",0.2837570011615753,"{""1e-05"": 0.3088212311267853, ""0.0001"": 0.30870333313941956, ""0.001"": 0.30816271901130676, ""0.01"": 0.3081980347633362, ""0.1"": 0.3060845732688904, ""0.3"": 0.3013885021209717, ""1"": 0.29419034719467163, ""3"": 0.28756043314933777, ""10"": 0.2837570011615753, ""30"": 0.2855056822299957, ""45"": 0.2878935635089874, ""65"": 0.2916693687438965, ""90"": 0.29574841260910034}","{""1e-05"": 0.3088212311267853, ""0.0001"": 0.30870333313941956, ""0.001"": 0.30816271901130676, ""0.01"": 0.3081980347633362, ""0.1"": 0.3060845732688904, ""0.3"": 0.3013885021209717, ""1"": 0.29419034719467163, ""3"": 0.28756043314933777, ""10"": 0.2837570011615753, ""30"": 0.2855056822299957, ""45"": 0.2878935635089874, ""65"": 0.2916693687438965, ""90"": 0.29574841260910034}",0.2479678839445114,0.2837570011615753,0.2317928522825241,737856,0.31316966839305316,0.9060807281164835
timesfm3,LOOP_SEATTLE_5T,2,L2,block_depth,True,0.1,45.0,False,False,1e-05|0.0001|0.001|0.01|0.1|0.3|1|3|10|30|45|65|90,90.0,1e-05,13,0.01,0.45,"mean pinball over (batch, quantiles, horizon)",0.28207001090049744,"{""1e-05"": 0.3513602316379547, ""0.0001"": 0.3514379858970642, ""0.001"": 0.3509736657142639, ""0.01"": 0.35093560814857483, ""0.1"": 0.3447679281234741, ""0.3"": 0.33416393399238586, ""1"": 0.3145442008972168, ""3"": 0.29873529076576233, ""10"": 0.2869309186935425, ""30"": 0.2823168635368347, ""45"": 0.28207001090049744, ""65"": 0.2828528881072998, ""90"": 0.2853095531463623}","{""1e-05"": 0.3513602316379547, ""0.0001"": 0.3514379858970642, ""0.001"": 0.3509736657142639, ""0.01"": 0.35093560814857483, ""0.1"": 0.3447679281234741, ""0.3"": 0.33416393399238586, ""1"": 0.3145442008972168, ""3"": 0.29873529076576233, ""10"": 0.2869309186935425, ""30"": 0.2823168635368347, ""45"": 0.28207001090049744, ""65"": 0.2828528881072998, ""90"": 0.2853095531463623}",0.2537972629070282,0.28207001090049744,0.22437262535095215,737856,0.31316966839305316,0.900693902918072
timesfm3,LOOP_SEATTLE_5T,3,L3,block_depth,True,0.15,65.0,False,False,1e-05|0.0001|0.001|0.01|0.1|0.3|1|3|10|30|45|65|90,90.0,1e-05,13,0.01,0.65,"mean pinball over (batch, quantiles, horizon)",0.2811524569988251,"{""1e-05"": 0.37055671215057373, ""0.0001"": 0.37050822377204895, ""0.001"": 0.3695980906486511, ""0.01"": 0.368578165769577, ""0.1"": 0.3615815341472626, ""0.3"": 0.3483942151069641, ""1"": 0.3243274986743927, ""3"": 0.30376726388931274, ""10"": 0.2897835671901703, ""30"": 0.2831130921840668, ""45"": 0.28149887919425964, ""65"": 0.2811524569988251, ""90"": 0.28236138820648193}","{""1e-05"": 0.37055671215057373, ""0.0001"": 0.37050822377204895, ""0.001"": 0.3695980906486511, ""0.01"": 0.368578165769577, ""0.1"": 0.3615815341472626, ""0.3"": 0.3483942151069641, ""1"": 0.3243274986743927, ""3"": 0.30376726388931274, ""10"": 0.2897835671901703, ""30"": 0.2831130921840668, ""45"": 0.28149887919425964, ""65"": 0.2811524569988251, ""90"": 0.28236138820648193}",0.25616708397865295,0.2811524569988251,0.22484637796878815,737856,0.31316966839305316,0.8977640090162119
timesfm3,LOOP_SEATTLE_5T,4,L4,block_depth,True,0.2,45.0,False,False,1e-05|0.0001|0.001|0.01|0.1|0.3|1|3|10|30|45|65|90,90.0,1e-05,13,0.01,0.45,"mean pinball over (batch, quantiles, horizon)",0.2746117115020752,"{""1e-05"": 0.3779853880405426, ""0.0001"": 0.3784586191177368, ""0.001"": 0.37761250138282776, ""0.01"": 0.375669002532959, ""0.1"": 0.36638250946998596, ""0.3"": 0.350282222032547, ""1"": 0.3191239535808563, ""3"": 0.2948102056980133, ""10"": 0.2812477946281433, ""30"": 0.27546122670173645, ""45"": 0.2746117115020752, ""65"": 0.2746773362159729, ""90"": 0.27500012516975403}","{""1e-05"": 0.3779853880405426, ""0.0001"": 0.3784586191177368, ""0.001"": 0.37761250138282776, ""0.01"": 0.375669002532959, ""0.1"": 0.36638250946998596, ""0.3"": 0.350282222032547, ""1"": 0.3191239535808563, ""3"": 0.2948102056980133, ""10"": 0.2812477946281433, ""30"": 0.27546122670173645, ""45"": 0.2746117115020752, ""65"": 0.2746773362159729, ""90"": 0.27500012516975403}",0.2450367957353592,0.2746117115020752,0.21938836574554443,737856,0.31316966839305316,0.8768783800524876
timesfm3,LOOP_SEATTLE_5T,5,L5,block_depth,True,0.25,90.0,True,False,1e-05|0.0001|0.001|0.01|0.1|0.3|1|3|10|30|45|65|90,90.0,1e-05,13,0.01,0.9,"mean pinball over (batch, quantiles, horizon)",0.2735707461833954,"{""1e-05"": 0.38038042187690735, ""0.0001"": 0.37976861000061035, ""0.001"": 0.3803870379924774, ""0.01"": 0.37907081842422485, ""0.1"": 0.36883994936943054, ""0.3"": 0.35083258152008057, ""1"": 0.3173947036266327, ""3"": 0.2932378649711609, ""10"": 0.2802182137966156, ""30"": 0.2755070626735687, ""45"": 0.2752824127674103, ""65"": 0.27446669340133667, ""90"": 0.2735707461833954}","{""1e-05"": 0.38038042187690735, ""0.0001"": 0.37976861000061035, ""0.001"": 0.3803870379924774, ""0.01"": 0.37907081842422485, ""0.1"": 0.36883994936943054, ""0.3"": 0.35083258152008057, ""1"": 0.3173947036266327, ""3"": 0.2932378649711609, ""10"": 0.2802182137966156, ""30"": 0.2755070626735687, ""45"": 0.2752824127674103, ""65"": 0.27446669340133667, ""90"": 0.2735707461833954}",0.2652689516544342,0.2735707461833954,0.20768430829048157,737856,0.31316966839305316,0.8735544140885383
timesfm3,LOOP_SEATTLE_5T,6,L6,block_depth,True,0.3,90.0,True,False,1e-05|0.0001|0.001|0.01|0.1|0.3|1|3|10|30|45|65|90,90.0,1e-05,13,0.01,0.9,"mean pinball over (batch, quantiles, horizon)",0.27379700541496277,"{""1e-05"": 0.39605382084846497, ""0.0001"": 0.39673203229904175, ""0.001"": 0.3956701159477234, ""0.01"": 0.39548370242118835, ""0.1"": 0.3843708634376526, ""0.3"": 0.3642627000808716, ""1"": 0.3272186815738678, ""3"": 0.29707714915275574, ""10"": 0.28106072545051575, ""30"": 0.276592880487442, ""45"": 0.2754092514514923, ""65"": 0.2761199176311493, ""90"": 0.27379700541496277}","{""1e-05"": 0.39605382084846497, ""0.0001"": 0.39673203229904175, ""0.001"": 0.3956701159477234, ""0.01"": 0.39548370242118835, ""0.1"": 0.3843708634376526, ""0.3"": 0.3642627000808716, ""1"": 0.3272186815738678, ""3"": 0.29707714915275574, ""10"": 0.28106072545051575, ""30"": 0.276592880487442, ""45"": 0.2754092514514923, ""65"": 0.2761199176311493, ""90"": 0.27379700541496277}",0.26278361678123474,0.27379700541496277,0.20414014160633087,737856,0.31316966839305316,0.8742768953962855
timesfm3,LOOP_SEATTLE_5T,7,L7,block_depth,True,0.35,90.0,True,False,1e-05|0.0001|0.001|0.01|0.1|0.3|1|3|10|30|45|65|90,90.0,1e-05,13,0.01,0.9,"mean pinball over (batch, quantiles, horizon)",0.27576860785484314,"{""1e-05"": 0.4044400155544281, ""0.0001"": 0.4037850797176361, ""0.001"": 0.40458521246910095, ""0.01"": 0.40374329686164856, ""0.1"": 0.39206641912460327, ""0.3"": 0.37237200140953064, ""1"": 0.33418187499046326, ""3"": 0.3060341775417328, ""10"": 0.28820231556892395, ""30"": 0.28015273809432983, ""45"": 0.2784120440483093, ""65"": 0.2778488099575043, ""90"": 0.27576860785484314}","{""1e-05"": 0.4044400155544281, ""0.0001"": 0.4037850797176361, ""0.001"": 0.40458521246910095, ""0.01"": 0.40374329686164856, ""0.1"": 0.39206641912460327, ""0.3"": 0.37237200140953064, ""1"": 0.33418187499046326, ""3"": 0.3060341775417328, ""10"": 0.28820231556892395, ""30"": 0.28015273809432983, ""45"": 0.2784120440483093, ""65"": 0.2778488099575043, ""90"": 0.27576860785484314}",0.2595643997192383,0.27576860785484314,0.20176495611667633,737856,0.31316966839305316,0.8805725320395056
timesfm3,LOOP_SEATTLE_5T,8,L8,block_depth,True,0.4,90.0,True,False,1e-05|0.0001|0.001|0.01|0.1|0.3|1|3|10|30|45|65|90,90.0,1e-05,13,0.01,0.9,"mean pinball over (batch, quantiles, horizon)",0.2784433662891388,"{""1e-05"": 0.4161713421344757, ""0.0001"": 0.4160264730453491, ""0.001"": 0.4150643050670624, ""0.01"": 0.4140147864818573, ""0.1"": 0.4031267762184143, ""0.3"": 0.38385623693466187, ""1"": 0.34548187255859375, ""3"": 0.3151388168334961, ""10"": 0.2955766022205353, ""30"": 0.28506651520729065, ""45"": 0.2825176417827606, ""65"": 0.2798338234424591, ""90"": 0.2784433662891388}","{""1e-05"": 0.4161713421344757, ""0.0001"": 0.4160264730453491, ""0.001"": 0.4150643050670624, ""0.01"": 0.4140147864818573, ""0.1"": 0.4031267762184143, ""0.3"": 0.38385623693466187, ""1"": 0.34548187255859375, ""3"": 0.3151388168334961, ""10"": 0.2955766022205353, ""30"": 0.28506651520729065, ""45"": 0.2825176417827606, ""65"": 0.2798338234424591, ""90"": 0.2784433662891388}",0.2589612603187561,0.2784433662891388,0.20339258015155792,737856,0.31316966839305316,0.889113456350664
timesfm3,LOOP_SEATTLE_5T,9,L9,block_depth,True,0.45,90.0,True,False,1e-05|0.0001|0.001|0.01|0.1|0.3|1|3|10|30|45|65|90,90.0,1e-05,13,0.01,0.9,"mean pinball over (batch, quantiles, horizon)",0.28250378370285034,"{""1e-05"": 0.4212234616279602, ""0.0001"": 0.4195469915866852, ""0.001"": 0.4203989803791046, ""0.01"": 0.4200242757797241, ""0.1"": 0.4084450602531433, ""0.3"": 0.3861507177352905, ""1"": 0.3478918969631195, ""3"": 0.31708887219429016, ""10"": 0.29858720302581787, ""30"": 0.28784650564193726, ""45"": 0.284609317779541, ""65"": 0.28284135460853577, ""90"": 0.28250378370285034}","{""1e-05"": 0.4212234616279602, ""0.0001"": 0.4195469915866852, ""0.001"": 0.4203989803791046, ""0.01"": 0.4200242757797241, ""0.1"": 0.4084450602531433, ""0.3"": 0.3861507177352905, ""1"": 0.3478918969631195, ""3"": 0.31708887219429016, ""10"": 0.29858720302581787, ""30"": 0.28784650564193726, ""45"": 0.284609317779541, ""65"": 0.28284135460853577, ""90"": 0.28250378370285034}",0.25885725021362305,0.28250378370285034,0.20581190288066864,737856,0.31316966839305316,0.9020790076907619
timesfm3,LOOP_SEATTLE_5T,10,L10,block_depth,True,0.5,90.0,True,False,1e-05|0.0001|0.001|0.01|0.1|0.3|1|3|10|30|45|65|90,90.0,1e-05,13,0.01,0.9,"mean pinball over (batch, quantiles, horizon)",0.27685242891311646,"{""1e-05"": 0.4188117980957031, ""0.0001"": 0.41850611567497253, ""0.001"": 0.41859275102615356, ""0.01"": 0.4180711507797241, ""0.1"": 0.4058187007904053, ""0.3"": 0.38584667444229126, ""1"": 0.34704965353012085, ""3"": 0.3141655921936035, ""10"": 0.2914780378341675, ""30"": 0.281390517950058, ""45"": 0.27881407737731934, ""65"": 0.2781965732574463, ""90"": 0.27685242891311646}","{""1e-05"": 0.4188117980957031, ""0.0001"": 0.41850611567497253, ""0.001"": 0.41859275102615356, ""0.01"": 0.4180711507797241, ""0.1"": 0.4058187007904053, ""0.3"": 0.38584667444229126, ""1"": 0.34704965353012085, ""3"": 0.3141655921936035, ""10"": 0.2914780378341675, ""30"": 0.281390517950058, ""45"": 0.27881407737731934, ""65"": 0.2781965732574463, ""90"": 0.27685242891311646}",0.2590404152870178,0.27685242891311646,0.20152606070041656,737856,0.31316966839305316,0.8840333431194376
timesfm3,LOOP_SEATTLE_5T,11,L11,block_depth,True,0.55,65.0,False,False,1e-05|0.0001|0.001|0.01|0.1|0.3|1|3|10|30|45|65|90,90.0,1e-05,13,0.01,0.65,"mean pinball over (batch, quantiles, horizon)",0.2792293131351471,"{""1e-05"": 0.3932899832725525, ""0.0001"": 0.3938969671726227, ""0.001"": 0.395248681306839, ""0.01"": 0.3929518461227417, ""0.1"": 0.3815099895000458, ""0.3"": 0.3653203845024109, ""1"": 0.33142948150634766, ""3"": 0.30451205372810364, ""10"": 0.2873806655406952, ""30"": 0.28027409315109253, ""45"": 0.28012120723724365, ""65"": 0.2792293131351471, ""90"": 0.2805750072002411}","{""1e-05"": 0.3932899832725525, ""0.0001"": 0.3938969671726227, ""0.001"": 0.395248681306839, ""0.01"": 0.3929518461227417, ""0.1"": 0.3815099895000458, ""0.3"": 0.3653203845024109, ""1"": 0.33142948150634766, ""3"": 0.30451205372810364, ""10"": 0.2873806655406952, ""30"": 0.28027409315109253, ""45"": 0.28012120723724365, ""65"": 0.2792293131351471, ""90"": 0.2805750072002411}",0.24872246384620667,0.2792293131351471,0.2031039148569107,737856,0.31316966839305316,0.8916231082273646
timesfm3,LOOP_SEATTLE_5T,12,L12,block_depth,True,0.6,65.0,False,False,1e-05|0.0001|0.001|0.01|0.1|0.3|1|3|10|30|45|65|90,90.0,1e-05,13,0.01,0.65,"mean pinball over (batch, quantiles, horizon)",0.2814173698425293,"{""1e-05"": 0.4099762439727783, ""0.0001"": 0.4106215238571167, ""0.001"": 0.4092123806476593, ""0.01"": 0.40790361166000366, ""0.1"": 0.3955971300601959, ""0.3"": 0.3757622241973877, ""1"": 0.33943721652030945, ""3"": 0.3104306757450104, ""10"": 0.29268524050712585, ""30"": 0.28373828530311584, ""45"": 0.28232717514038086, ""65"": 0.2814173698425293, ""90"": 0.2820538580417633}","{""1e-05"": 0.4099762439727783, ""0.0001"": 0.4106215238571167, ""0.001"": 0.4092123806476593, ""0.01"": 0.40790361166000366, ""0.1"": 0.3955971300601959, ""0.3"": 0.3757622241973877, ""1"": 0.33943721652030945, ""3"": 0.3104306757450104, ""10"": 0.29268524050712585, ""30"": 0.28373828530311584, ""45"": 0.28232717514038086, ""65"": 0.2814173698425293, ""90"": 0.2820538580417633}",0.24902601540088654,0.2814173698425293,0.20613797008991241,737856,0.31316966839305316,0.8986099173861494
timesfm3,LOOP_SEATTLE_5T,13,L13,block_depth,True,0.65,90.0,True,False,1e-05|0.0001|0.001|0.01|0.1|0.3|1|3|10|30|45|65|90,90.0,1e-05,13,0.01,0.9,"mean pinball over (batch, quantiles, horizon)",0.2803862988948822,"{""1e-05"": 0.4202120900154114, ""0.0001"": 0.42109179496765137, ""0.001"": 0.41939085721969604, ""0.01"": 0.41855958104133606, ""0.1"": 0.40747514367103577, ""0.3"": 0.3866128921508789, ""1"": 0.3489021062850952, ""3"": 0.31737276911735535, ""10"": 0.2970677316188812, ""30"": 0.28589850664138794, ""45"": 0.28240203857421875, ""65"": 0.2818087041378021, ""90"": 0.2803862988948822}","{""1e-05"": 0.4202120900154114, ""0.0001"": 0.42109179496765137, ""0.001"": 0.41939085721969604, ""0.01"": 0.41855958104133606, ""0.1"": 0.40747514367103577, ""0.3"": 0.3866128921508789, ""1"": 0.3489021062850952, ""3"": 0.31737276911735535, ""10"": 0.2970677316188812, ""30"": 0.28589850664138794, ""45"": 0.28240203857421875, ""65"": 0.2818087041378021, ""90"": 0.2803862988948822}",0.25883057713508606,0.2803862988948822,0.20768272876739502,737856,0.31316966839305316,0.8953175457048886
timesfm3,LOOP_SEATTLE_5T,14,L14,block_depth,True,0.7,90.0,True,False,1e-05|0.0001|0.001|0.01|0.1|0.3|1|3|10|30|45|65|90,90.0,1e-05,13,0.01,0.9,"mean pinball over (batch, quantiles, horizon)",0.2781030833721161,"{""1e-05"": 0.42297661304473877, ""0.0001"": 0.4235996901988983, ""0.001"": 0.4234614968299866, ""0.01"": 0.42132145166397095, ""0.1"": 0.40902814269065857, ""0.3"": 0.38840076327323914, ""1"": 0.35054871439933777, ""3"": 0.3167785108089447, ""10"": 0.29551181197166443, ""30"": 0.28375372290611267, ""45"": 0.28095096349716187, ""65"": 0.2784896492958069, ""90"": 0.2781030833721161}","{""1e-05"": 0.42297661304473877, ""0.0001"": 0.4235996901988983, ""0.001"": 0.4234614968299866, ""0.01"": 0.42132145166397095, ""0.1"": 0.40902814269065857, ""0.3"": 0.38840076327323914, ""1"": 0.35054871439933777, ""3"": 0.3167785108089447, ""10"": 0.29551181197166443, ""30"": 0.28375372290611267, ""45"": 0.28095096349716187, ""65"": 0.2784896492958069, ""90"": 0.2781030833721161}",0.2567019462585449,0.2781030833721161,0.20536722242832184,737856,0.31316966839305316,0.888026879483981
timesfm3,LOOP_SEATTLE_5T,15,L15,block_depth,True,0.75,90.0,True,False,1e-05|0.0001|0.001|0.01|0.1|0.3|1|3|10|30|45|65|90,90.0,1e-05,13,0.01,0.9,"mean pinball over (batch, quantiles, horizon)",0.2767072916030884,"{""1e-05"": 0.43093547224998474, ""0.0001"": 0.4296593964099884, ""0.001"": 0.4305163621902466, ""0.01"": 0.42828643321990967, ""0.1"": 0.4152449369430542, ""0.3"": 0.3952537477016449, ""1"": 0.3537255823612213, ""3"": 0.3198780119419098, ""10"": 0.2970649302005768, ""30"": 0.2830126881599426, ""45"": 0.28015339374542236, ""65"": 0.27773210406303406, ""90"": 0.2767072916030884}","{""1e-05"": 0.43093547224998474, ""0.0001"": 0.4296593964099884, ""0.001"": 0.4305163621902466, ""0.01"": 0.42828643321990967, ""0.1"": 0.4152449369430542, ""0.3"": 0.3952537477016449, ""1"": 0.3537255823612213, ""3"": 0.3198780119419098, ""10"": 0.2970649302005768, ""30"": 0.2830126881599426, ""45"": 0.28015339374542236, ""65"": 0.27773210406303406, ""90"": 0.2767072916030884}",0.2559499442577362,0.2767072916030884,0.2042027711868286,737856,0.31316966839305316,0.8835698968643363
timesfm3,LOOP_SEATTLE_5T,16,L16,block_depth,True,0.8,90.0,True,False,1e-05|0.0001|0.001|0.01|0.1|0.3|1|3|10|30|45|65|90,90.0,1e-05,13,0.01,0.9,"mean pinball over (batch, quantiles, horizon)",0.2771357297897339,"{""1e-05"": 0.40895190834999084, ""0.0001"": 0.4085976481437683, ""0.001"": 0.40860968828201294, ""0.01"": 0.406096875667572, ""0.1"": 0.39536339044570923, ""0.3"": 0.3737912178039551, ""1"": 0.3374234139919281, ""3"": 0.3081193268299103, ""10"": 0.28972327709198, ""30"": 0.2809312641620636, ""45"": 0.2794422209262848, ""65"": 0.27741315960884094, ""90"": 0.2771357297897339}","{""1e-05"": 0.40895190834999084, ""0.0001"": 0.4085976481437683, ""0.001"": 0.40860968828201294, ""0.01"": 0.406096875667572, ""0.1"": 0.39536339044570923, ""0.3"": 0.3737912178039551, ""1"": 0.3374234139919281, ""3"": 0.3081193268299103, ""10"": 0.28972327709198, ""30"": 0.2809312641620636, ""45"": 0.2794422209262848, ""65"": 0.27741315960884094, ""90"": 0.2771357297897339}",0.25506651401519775,0.2771357297897339,0.20837174355983734,737856,0.31316966839305316,0.8849379673701548
timesfm3,LOOP_SEATTLE_5T,17,L17,block_depth,True,0.85,90.0,True,False,1e-05|0.0001|0.001|0.01|0.1|0.3|1|3|10|30|45|65|90,90.0,1e-05,13,0.01,0.9,"mean pinball over (batch, quantiles, horizon)",0.27275097370147705,"{""1e-05"": 0.4282898008823395, ""0.0001"": 0.42768341302871704, ""0.001"": 0.4272554814815521, ""0.01"": 0.42469847202301025, ""0.1"": 0.4101448357105255, ""0.3"": 0.3877612054347992, ""1"": 0.3465375304222107, ""3"": 0.31188249588012695, ""10"": 0.2888534665107727, ""30"": 0.2776887118816376, ""45"": 0.27431702613830566, ""65"": 0.27332207560539246, ""90"": 0.27275097370147705}","{""1e-05"": 0.4282898008823395, ""0.0001"": 0.42768341302871704, ""0.001"": 0.4272554814815521, ""0.01"": 0.42469847202301025, ""0.1"": 0.4101448357105255, ""0.3"": 0.3877612054347992, ""1"": 0.3465375304222107, ""3"": 0.31188249588012695, ""10"": 0.2888534665107727, ""30"": 0.2776887118816376, ""45"": 0.27431702613830566, ""65"": 0.27332207560539246, ""90"": 0.27275097370147705}",0.25187239050865173,0.27275097370147705,0.2073136270046234,737856,0.31316966839305316,0.8709367516369836
timesfm3,LOOP_SEATTLE_5T,18,L18,block_depth,True,0.9,90.0,True,False,1e-05|0.0001|0.001|0.01|0.1|0.3|1|3|10|30|45|65|90,90.0,1e-05,13,0.01,0.9,"mean pinball over (batch, quantiles, horizon)",0.26627275347709656,"{""1e-05"": 0.41866475343704224, ""0.0001"": 0.4193176031112671, ""0.001"": 0.41738760471343994, ""0.01"": 0.41732850670814514, ""0.1"": 0.4038001298904419, ""0.3"": 0.38395360112190247, ""1"": 0.34382206201553345, ""3"": 0.3121284246444702, ""10"": 0.288699209690094, ""30"": 0.27451348304748535, ""45"": 0.2706018090248108, ""65"": 0.2678636908531189, ""90"": 0.26627275347709656}","{""1e-05"": 0.41866475343704224, ""0.0001"": 0.4193176031112671, ""0.001"": 0.41738760471343994, ""0.01"": 0.41732850670814514, ""0.1"": 0.4038001298904419, ""0.3"": 0.38395360112190247, ""1"": 0.34382206201553345, ""3"": 0.3121284246444702, ""10"": 0.288699209690094, ""30"": 0.27451348304748535, ""45"": 0.2706018090248108, ""65"": 0.2678636908531189, ""90"": 0.26627275347709656}",0.2508779764175415,0.26627275347709656,0.2163453996181488,737856,0.31316966839305316,0.8502507757006109
timesfm3,LOOP_SEATTLE_5T,19,L19,block_depth,True,0.95,90.0,True,False,1e-05|0.0001|0.001|0.01|0.1|0.3|1|3|10|30|45|65|90,90.0,1e-05,13,0.01,0.9,"mean pinball over (batch, quantiles, horizon)",0.2701922059059143,"{""1e-05"": 0.40691518783569336, ""0.0001"": 0.4070540964603424, ""0.001"": 0.4078209698200226, ""0.01"": 0.40648722648620605, ""0.1"": 0.3949737548828125, ""0.3"": 0.3773282468318939, ""1"": 0.3452068269252777, ""3"": 0.31795892119407654, ""10"": 0.2947448194026947, ""30"": 0.2797185182571411, ""45"": 0.2750261723995209, ""65"": 0.2719990611076355, ""90"": 0.2701922059059143}","{""1e-05"": 0.40691518783569336, ""0.0001"": 0.4070540964603424, ""0.001"": 0.4078209698200226, ""0.01"": 0.40648722648620605, ""0.1"": 0.3949737548828125, ""0.3"": 0.3773282468318939, ""1"": 0.3452068269252777, ""3"": 0.31795892119407654, ""10"": 0.2947448194026947, ""30"": 0.2797185182571411, ""45"": 0.2750261723995209, ""65"": 0.2719990611076355, ""90"": 0.2701922059059143}",0.2555024325847626,0.2701922059059143,0.22497175633907318,737856,0.31316966839305316,0.862766203675898
timesfm3,LOOP_SEATTLE_5T,20,L20,block_depth,True,1.0,90.0,True,False,1e-05|0.0001|0.001|0.01|0.1|0.3|1|3|10|30|45|65|90,90.0,1e-05,13,0.01,0.9,"mean pinball over (batch, quantiles, horizon)",0.27176299691200256,"{""1e-05"": 0.4424012303352356, ""0.0001"": 0.44239342212677, ""0.001"": 0.4421778619289398, ""0.01"": 0.440857857465744, ""0.1"": 0.42758816480636597, ""0.3"": 0.402200311422348, ""1"": 0.35767269134521484, ""3"": 0.3202795088291168, ""10"": 0.2938922047615051, ""30"": 0.27794763445854187, ""45"": 0.2741848826408386, ""65"": 0.27200084924697876, ""90"": 0.27176299691200256}","{""1e-05"": 0.4424012303352356, ""0.0001"": 0.44239342212677, ""0.001"": 0.4421778619289398, ""0.01"": 0.440857857465744, ""0.1"": 0.42758816480636597, ""0.3"": 0.402200311422348, ""1"": 0.35767269134521484, ""3"": 0.3202795088291168, ""10"": 0.2938922047615051, ""30"": 0.27794763445854187, ""45"": 0.2741848826408386, ""65"": 0.27200084924697876, ""90"": 0.27176299691200256}",0.2503177523612976,0.27176299691200256,0.22629550099372864,737856,0.31316966839305316,0.8677819863797221
timesfm3,electricity_15min,0,Emb,block_depth,True,0.0,3.0,False,False,1e-05|0.0001|0.001|0.01|0.1|0.3|1|3|10|30|45|65|90,90.0,1e-05,13,0.01,0.03,"mean pinball over (batch, quantiles, horizon)",0.279994398355484,"{""1e-05"": 0.28387340903282166, ""0.0001"": 0.2847176194190979, ""0.001"": 0.2843431234359741, ""0.01"": 0.28409385681152344, ""0.1"": 0.2833915650844574, ""0.3"": 0.2821209728717804, ""1"": 0.2804981768131256, ""3"": 0.279994398355484, ""10"": 0.28326159715652466, ""30"": 0.28696393966674805, ""45"": 0.288033127784729, ""65"": 0.2891246974468231, ""90"": 0.2967835068702698}","{""1e-05"": 0.28387340903282166, ""0.0001"": 0.2847176194190979, ""0.001"": 0.2843431234359741, ""0.01"": 0.28409385681152344, ""0.1"": 0.2833915650844574, ""0.3"": 0.2821209728717804, ""1"": 0.2804981768131256, ""3"": 0.279994398355484, ""10"": 0.28326159715652466, ""30"": 0.28696393966674805, ""45"": 0.288033127784729, ""65"": 0.2891246974468231, ""90"": 0.2967835068702698}",0.22082006931304932,0.279994398355484,0.2593005299568176,737856,0.3602297370329158,0.777266198681148
timesfm3,electricity_15min,1,L1,block_depth,True,0.05,10.0,False,False,1e-05|0.0001|0.001|0.01|0.1|0.3|1|3|10|30|45|65|90,90.0,1e-05,13,0.01,0.1,"mean pinball over (batch, quantiles, horizon)",0.1623031347990036,"{""1e-05"": 0.18184952437877655, ""0.0001"": 0.1809764951467514, ""0.001"": 0.18133418262004852, ""0.01"": 0.18070954084396362, ""0.1"": 0.17836880683898926, ""0.3"": 0.17472080886363983, ""1"": 0.16782750189304352, ""3"": 0.16346894204616547, ""10"": 0.1623031347990036, ""30"": 0.16694770753383636, ""45"": 0.17336149513721466, ""65"": 0.18205736577510834, ""90"": 0.19574834406375885}","{""1e-05"": 0.18184952437877655, ""0.0001"": 0.1809764951467514, ""0.001"": 0.18133418262004852, ""0.01"": 0.18070954084396362, ""0.1"": 0.17836880683898926, ""0.3"": 0.17472080886363983, ""1"": 0.16782750189304352, ""3"": 0.16346894204616547, ""10"": 0.1623031347990036, ""30"": 0.16694770753383636, ""45"": 0.17336149513721466, ""65"": 0.18205736577510834, ""90"": 0.19574834406375885}",0.13080202043056488,0.1623031347990036,0.2065628319978714,737856,0.3602297370329158,0.45055451594817464
timesfm3,electricity_15min,2,L2,block_depth,True,0.1,10.0,False,False,1e-05|0.0001|0.001|0.01|0.1|0.3|1|3|10|30|45|65|90,90.0,1e-05,13,0.01,0.1,"mean pinball over (batch, quantiles, horizon)",0.16460692882537842,"{""1e-05"": 0.20050615072250366, ""0.0001"": 0.19907031953334808, ""0.001"": 0.2000521719455719, ""0.01"": 0.19878102838993073, ""0.1"": 0.19491702318191528, ""0.3"": 0.18791641294956207, ""1"": 0.17494146525859833, ""3"": 0.1683938056230545, ""10"": 0.16460692882537842, ""30"": 0.17026185989379883, ""45"": 0.17518778145313263, ""65"": 0.17986145615577698, ""90"": 0.19373807311058044}","{""1e-05"": 0.20050615072250366, ""0.0001"": 0.19907031953334808, ""0.001"": 0.2000521719455719, ""0.01"": 0.19878102838993073, ""0.1"": 0.19491702318191528, ""0.3"": 0.18791641294956207, ""1"": 0.17494146525859833, ""3"": 0.1683938056230545, ""10"": 0.16460692882537842, ""30"": 0.17026185989379883, ""45"": 0.17518778145313263, ""65"": 0.17986145615577698, ""90"": 0.19373807311058044}",0.12723931670188904,0.16460692882537842,0.2030576765537262,737856,0.3602297370329158,0.4569498625548994
timesfm3,electricity_15min,3,L3,block_depth,True,0.15,10.0,False,False,1e-05|0.0001|0.001|0.01|0.1|0.3|1|3|10|30|45|65|90,90.0,1e-05,13,0.01,0.1,"mean pinball over (batch, quantiles, horizon)",0.1640763282775879,"{""1e-05"": 0.20957553386688232, ""0.0001"": 0.21017512679100037, ""0.001"": 0.2098018229007721, ""0.01"": 0.21002814173698425, ""0.1"": 0.20477429032325745, ""0.3"": 0.19439545273780823, ""1"": 0.18030600249767303, ""3"": 0.16954582929611206, ""10"": 0.1640763282775879, ""30"": 0.16878798604011536, ""45"": 0.17114217579364777, ""65"": 0.17597532272338867, ""90"": 0.18713070452213287}","{""1e-05"": 0.20957553386688232, ""0.0001"": 0.21017512679100037, ""0.001"": 0.2098018229007721, ""0.01"": 0.21002814173698425, ""0.1"": 0.20477429032325745, ""0.3"": 0.19439545273780823, ""1"": 0.18030600249767303, ""3"": 0.16954582929611206, ""10"": 0.1640763282775879, ""30"": 0.16878798604011536, ""45"": 0.17114217579364777, ""65"": 0.17597532272338867, ""90"": 0.18713070452213287}",0.12742677330970764,0.1640763282775879,0.2022179812192917,737856,0.3602297370329158,0.4554769121200994
timesfm3,electricity_15min,4,L4,block_depth,True,0.2,30.0,False,False,1e-05|0.0001|0.001|0.01|0.1|0.3|1|3|10|30|45|65|90,90.0,1e-05,13,0.01,0.3,"mean pinball over (batch, quantiles, horizon)",0.1625678688287735,"{""1e-05"": 0.21463562548160553, ""0.0001"": 0.21422609686851501, ""0.001"": 0.21326389908790588, ""0.01"": 0.21286797523498535, ""0.1"": 0.20635703206062317, ""0.3"": 0.19750136137008667, ""1"": 0.18150971829891205, ""3"": 0.17034827172756195, ""10"": 0.16292260587215424, ""30"": 0.1625678688287735, ""45"": 0.16510717570781708, ""65"": 0.17029467225074768, ""90"": 0.18089888989925385}","{""1e-05"": 0.21463562548160553, ""0.0001"": 0.21422609686851501, ""0.001"": 0.21326389908790588, ""0.01"": 0.21286797523498535, ""0.1"": 0.20635703206062317, ""0.3"": 0.19750136137008667, ""1"": 0.18150971829891205, ""3"": 0.17034827172756195, ""10"": 0.16292260587215424, ""30"": 0.1625678688287735, ""45"": 0.16510717570781708, ""65"": 0.17029467225074768, ""90"": 0.18089888989925385}",0.1383199691772461,0.1625678688287735,0.2014816552400589,737856,0.3602297370329158,0.45128941926834587
timesfm3,electricity_15min,5,L5,block_depth,True,0.25,10.0,False,False,1e-05|0.0001|0.001|0.01|0.1|0.3|1|3|10|30|45|65|90,90.0,1e-05,13,0.01,0.1,"mean pinball over (batch, quantiles, horizon)",0.16332072019577026,"{""1e-05"": 0.21720629930496216, ""0.0001"": 0.21828241646289825, ""0.001"": 0.21898238360881805, ""0.01"": 0.21827150881290436, ""0.1"": 0.21065407991409302, ""0.3"": 0.2000865638256073, ""1"": 0.1828819215297699, ""3"": 0.1723911464214325, ""10"": 0.16332072019577026, ""30"": 0.16583630442619324, ""45"": 0.16775967180728912, ""65"": 0.1715473085641861, ""90"": 0.18125589191913605}","{""1e-05"": 0.21720629930496216, ""0.0001"": 0.21828241646289825, ""0.001"": 0.21898238360881805, ""0.01"": 0.21827150881290436, ""0.1"": 0.21065407991409302, ""0.3"": 0.2000865638256073, ""1"": 0.1828819215297699, ""3"": 0.1723911464214325, ""10"": 0.16332072019577026, ""30"": 0.16583630442619324, ""45"": 0.16775967180728912, ""65"": 0.1715473085641861, ""90"": 0.18125589191913605}",0.13030418753623962,0.16332072019577026,0.20725832879543304,737856,0.3602297370329158,0.45337933936544206
timesfm3,electricity_15min,6,L6,block_depth,True,0.3,10.0,False,False,1e-05|0.0001|0.001|0.01|0.1|0.3|1|3|10|30|45|65|90,90.0,1e-05,13,0.01,0.1,"mean pinball over (batch, quantiles, horizon)",0.16890329122543335,"{""1e-05"": 0.22948342561721802, ""0.0001"": 0.2306838035583496, ""0.001"": 0.2288932502269745, ""0.01"": 0.22717104852199554, ""0.1"": 0.22366495430469513, ""0.3"": 0.2101105898618698, ""1"": 0.19147446751594543, ""3"": 0.17570233345031738, ""10"": 0.16890329122543335, ""30"": 0.16891156136989594, ""45"": 0.17155569791793823, ""65"": 0.17405208945274353, ""90"": 0.18570028245449066}","{""1e-05"": 0.22948342561721802, ""0.0001"": 0.2306838035583496, ""0.001"": 0.2288932502269745, ""0.01"": 0.22717104852199554, ""0.1"": 0.22366495430469513, ""0.3"": 0.2101105898618698, ""1"": 0.19147446751594543, ""3"": 0.17570233345031738, ""10"": 0.16890329122543335, ""30"": 0.16891156136989594, ""45"": 0.17155569791793823, ""65"": 0.17405208945274353, ""90"": 0.18570028245449066}",0.12513774633407593,0.16890329122543335,0.2072802484035492,737856,0.3602297370329158,0.46887659141255156
timesfm3,electricity_15min,7,L7,block_depth,True,0.35,30.0,False,False,1e-05|0.0001|0.001|0.01|0.1|0.3|1|3|10|30|45|65|90,90.0,1e-05,13,0.01,0.3,"mean pinball over (batch, quantiles, horizon)",0.17134137451648712,"{""1e-05"": 0.2408657670021057, ""0.0001"": 0.24330580234527588, ""0.001"": 0.24230238795280457, ""0.01"": 0.24033772945404053, ""0.1"": 0.23381301760673523, ""0.3"": 0.2202763855457306, ""1"": 0.19914279878139496, ""3"": 0.18193450570106506, ""10"": 0.17240841686725616, ""30"": 0.17134137451648712, ""45"": 0.173705592751503, ""65"": 0.17792192101478577, ""90"": 0.18480534851551056}","{""1e-05"": 0.2408657670021057, ""0.0001"": 0.24330580234527588, ""0.001"": 0.24230238795280457, ""0.01"": 0.24033772945404053, ""0.1"": 0.23381301760673523, ""0.3"": 0.2202763855457306, ""1"": 0.19914279878139496, ""3"": 0.18193450570106506, ""10"": 0.17240841686725616, ""30"": 0.17134137451648712, ""45"": 0.173705592751503, ""65"": 0.17792192101478577, ""90"": 0.18480534851551056}",0.13575495779514313,0.17134137451648712,0.20244307816028595,737856,0.3602297370329158,0.4756447258567965
timesfm3,electricity_15min,8,L8,block_depth,True,0.4,10.0,False,False,1e-05|0.0001|0.001|0.01|0.1|0.3|1|3|10|30|45|65|90,90.0,1e-05,13,0.01,0.1,"mean pinball over (batch, quantiles, horizon)",0.17107772827148438,"{""1e-05"": 0.24322977662086487, ""0.0001"": 0.24302271008491516, ""0.001"": 0.24536901712417603, ""0.01"": 0.24415111541748047, ""0.1"": 0.23511409759521484, ""0.3"": 0.22182443737983704, ""1"": 0.19890539348125458, ""3"": 0.18095897138118744, ""10"": 0.17107772827148438, ""30"": 0.1712387651205063, ""45"": 0.17306283116340637, ""65"": 0.17519928514957428, ""90"": 0.18366529047489166}","{""1e-05"": 0.24322977662086487, ""0.0001"": 0.24302271008491516, ""0.001"": 0.24536901712417603, ""0.01"": 0.24415111541748047, ""0.1"": 0.23511409759521484, ""0.3"": 0.22182443737983704, ""1"": 0.19890539348125458, ""3"": 0.18095897138118744, ""10"": 0.17107772827148438, ""30"": 0.1712387651205063, ""45"": 0.17306283116340637, ""65"": 0.17519928514957428, ""90"": 0.18366529047489166}",0.12180820107460022,0.17107772827148438,0.20743179321289062,737856,0.3602297370329158,0.4749128422339332
timesfm3,electricity_15min,9,L9,block_depth,True,0.45,30.0,False,False,1e-05|0.0001|0.001|0.01|0.1|0.3|1|3|10|30|45|65|90,90.0,1e-05,13,0.01,0.3,"mean pinball over (batch, quantiles, horizon)",0.17207001149654388,"{""1e-05"": 0.2522341310977936, ""0.0001"": 0.2496025711297989, ""0.001"": 0.250732958316803, ""0.01"": 0.24902251362800598, ""0.1"": 0.24194519221782684, ""0.3"": 0.22694435715675354, ""1"": 0.20016229152679443, ""3"": 0.18254663050174713, ""10"": 0.17297326028347015, ""30"": 0.17207001149654388, ""45"": 0.17514543235301971, ""65"": 0.178134486079216, ""90"": 0.18431437015533447}","{""1e-05"": 0.2522341310977936, ""0.0001"": 0.2496025711297989, ""0.001"": 0.250732958316803, ""0.01"": 0.24902251362800598, ""0.1"": 0.24194519221782684, ""0.3"": 0.22694435715675354, ""1"": 0.20016229152679443, ""3"": 0.18254663050174713, ""10"": 0.17297326028347015, ""30"": 0.17207001149654388, ""45"": 0.17514543235301971, ""65"": 0.178134486079216, ""90"": 0.18431437015533447}",0.13361917436122894,0.17207001149654388,0.2017403095960617,737856,0.3602297370329158,0.47766742666450407
timesfm3,electricity_15min,10,L10,block_depth,True,0.5,30.0,False,False,1e-05|0.0001|0.001|0.01|0.1|0.3|1|3|10|30|45|65|90,90.0,1e-05,13,0.01,0.3,"mean pinball over (batch, quantiles, horizon)",0.17225322127342224,"{""1e-05"": 0.2573021352291107, ""0.0001"": 0.25761905312538147, ""0.001"": 0.254909485578537, ""0.01"": 0.25475388765335083, ""0.1"": 0.24755603075027466, ""0.3"": 0.23208516836166382, ""1"": 0.20544838905334473, ""3"": 0.18286758661270142, ""10"": 0.17241570353507996, ""30"": 0.17225322127342224, ""45"": 0.17338134348392487, ""65"": 0.1785137951374054, ""90"": 0.18413250148296356}","{""1e-05"": 0.2573021352291107, ""0.0001"": 0.25761905312538147, ""0.001"": 0.254909485578537, ""0.01"": 0.25475388765335083, ""0.1"": 0.24755603075027466, ""0.3"": 0.23208516836166382, ""1"": 0.20544838905334473, ""3"": 0.18286758661270142, ""10"": 0.17241570353507996, ""30"": 0.17225322127342224, ""45"": 0.17338134348392487, ""65"": 0.1785137951374054, ""90"": 0.18413250148296356}",0.13380418717861176,0.17225322127342224,0.20209407806396484,737856,0.3602297370329158,0.47817601814944755
timesfm3,electricity_15min,11,L11,block_depth,True,0.55,10.0,False,False,1e-05|0.0001|0.001|0.01|0.1|0.3|1|3|10|30|45|65|90,90.0,1e-05,13,0.01,0.1,"mean pinball over (batch, quantiles, horizon)",0.16872747242450714,"{""1e-05"": 0.2557171583175659, ""0.0001"": 0.2542794942855835, ""0.001"": 0.25642573833465576, ""0.01"": 0.2559376358985901, ""0.1"": 0.24743419885635376, ""0.3"": 0.23198115825653076, ""1"": 0.2034764289855957, ""3"": 0.18156573176383972, ""10"": 0.16872747242450714, ""30"": 0.16939981281757355, ""45"": 0.17056338489055634, ""65"": 0.17430497705936432, ""90"": 0.18308967351913452}","{""1e-05"": 0.2557171583175659, ""0.0001"": 0.2542794942855835, ""0.001"": 0.25642573833465576, ""0.01"": 0.2559376358985901, ""0.1"": 0.24743419885635376, ""0.3"": 0.23198115825653076, ""1"": 0.2034764289855957, ""3"": 0.18156573176383972, ""10"": 0.16872747242450714, ""30"": 0.16939981281757355, ""45"": 0.17056338489055634, ""65"": 0.17430497705936432, ""90"": 0.18308967351913452}",0.11789556592702866,0.16872747242450714,0.20751729607582092,737856,0.3602297370329158,0.46838851732301534
timesfm3,electricity_15min,12,L12,block_depth,True,0.6,30.0,False,False,1e-05|0.0001|0.001|0.01|0.1|0.3|1|3|10|30|45|65|90,90.0,1e-05,13,0.01,0.3,"mean pinball over (batch, quantiles, horizon)",0.16642038524150848,"{""1e-05"": 0.24750155210494995, ""0.0001"": 0.24730589985847473, ""0.001"": 0.24769653379917145, ""0.01"": 0.2482316642999649, ""0.1"": 0.2381717562675476, ""0.3"": 0.2231089174747467, ""1"": 0.19654951989650726, ""3"": 0.17697225511074066, ""10"": 0.16755478084087372, ""30"": 0.16642038524150848, ""45"": 0.1679091453552246, ""65"": 0.17352500557899475, ""90"": 0.1810707151889801}","{""1e-05"": 0.24750155210494995, ""0.0001"": 0.24730589985847473, ""0.001"": 0.24769653379917145, ""0.01"": 0.2482316642999649, ""0.1"": 0.2381717562675476, ""0.3"": 0.2231089174747467, ""1"": 0.19654951989650726, ""3"": 0.17697225511074066, ""10"": 0.16755478084087372, ""30"": 0.16642038524150848, ""45"": 0.1679091453552246, ""65"": 0.17352500557899475, ""90"": 0.1810707151889801}",0.13252198696136475,0.16642038524150848,0.2040853053331375,737856,0.3602297370329158,0.4619840288929337
timesfm3,electricity_15min,13,L13,block_depth,True,0.65,30.0,False,False,1e-05|0.0001|0.001|0.01|0.1|0.3|1|3|10|30|45|65|90,90.0,1e-05,13,0.01,0.3,"mean pinball over (batch, quantiles, horizon)",0.16581878066062927,"{""1e-05"": 0.24974071979522705, ""0.0001"": 0.2511758506298065, ""0.001"": 0.24870401620864868, ""0.01"": 0.2500019371509552, ""0.1"": 0.24198374152183533, ""0.3"": 0.22699029743671417, ""1"": 0.20007455348968506, ""3"": 0.17717182636260986, ""10"": 0.16598501801490784, ""30"": 0.16581878066062927, ""45"": 0.16713851690292358, ""65"": 0.17152611911296844, ""90"": 0.18024669587612152}","{""1e-05"": 0.24974071979522705, ""0.0001"": 0.2511758506298065, ""0.001"": 0.24870401620864868, ""0.01"": 0.2500019371509552, ""0.1"": 0.24198374152183533, ""0.3"": 0.22699029743671417, ""1"": 0.20007455348968506, ""3"": 0.17717182636260986, ""10"": 0.16598501801490784, ""30"": 0.16581878066062927, ""45"": 0.16713851690292358, ""65"": 0.17152611911296844, ""90"": 0.18024669587612152}",0.13265572488307953,0.16581878066062927,0.20385345816612244,737856,0.3602297370329158,0.460313970818788
timesfm3,electricity_15min,14,L14,block_depth,True,0.7,30.0,False,False,1e-05|0.0001|0.001|0.01|0.1|0.3|1|3|10|30|45|65|90,90.0,1e-05,13,0.01,0.3,"mean pinball over (batch, quantiles, horizon)",0.16477197408676147,"{""1e-05"": 0.2650628983974457, ""0.0001"": 0.26625898480415344, ""0.001"": 0.2657565772533417, ""0.01"": 0.2649456262588501, ""0.1"": 0.2566241919994354, ""0.3"": 0.23793981969356537, ""1"": 0.2083536833524704, ""3"": 0.1824985295534134, ""10"": 0.16832925379276276, ""30"": 0.16477197408676147, ""45"": 0.165223628282547, ""65"": 0.16927391290664673, ""90"": 0.1777840554714203}","{""1e-05"": 0.2650628983974457, ""0.0001"": 0.26625898480415344, ""0.001"": 0.2657565772533417, ""0.01"": 0.2649456262588501, ""0.1"": 0.2566241919994354, ""0.3"": 0.23793981969356537, ""1"": 0.2083536833524704, ""3"": 0.1824985295534134, ""10"": 0.16832925379276276, ""30"": 0.16477197408676147, ""45"": 0.165223628282547, ""65"": 0.16927391290664673, ""90"": 0.1777840554714203}",0.1300228387117386,0.16477197408676147,0.20302151143550873,737856,0.3602297370329158,0.45740802923137225
timesfm3,electricity_15min,15,L15,block_depth,True,0.75,45.0,False,False,1e-05|0.0001|0.001|0.01|0.1|0.3|1|3|10|30|45|65|90,90.0,1e-05,13,0.01,0.45,"mean pinball over (batch, quantiles, horizon)",0.16289369761943817,"{""1e-05"": 0.24672552943229675, ""0.0001"": 0.24679018557071686, ""0.001"": 0.24791012704372406, ""0.01"": 0.24629852175712585, ""0.1"": 0.23686359822750092, ""0.3"": 0.2223978340625763, ""1"": 0.1981346756219864, ""3"": 0.17736752331256866, ""10"": 0.16610540449619293, ""30"": 0.16378909349441528, ""45"": 0.16289369761943817, ""65"": 0.16703470051288605, ""90"": 0.1740846186876297}","{""1e-05"": 0.24672552943229675, ""0.0001"": 0.24679018557071686, ""0.001"": 0.24791012704372406, ""0.01"": 0.24629852175712585, ""0.1"": 0.23686359822750092, ""0.3"": 0.2223978340625763, ""1"": 0.1981346756219864, ""3"": 0.17736752331256866, ""10"": 0.16610540449619293, ""30"": 0.16378909349441528, ""45"": 0.16289369761943817, ""65"": 0.16703470051288605, ""90"": 0.1740846186876297}",0.13300298154354095,0.16289369761943817,0.20153304934501648,737856,0.3602297370329158,0.4521939220263591
timesfm3,electricity_15min,16,L16,block_depth,True,0.8,30.0,False,False,1e-05|0.0001|0.001|0.01|0.1|0.3|1|3|10|30|45|65|90,90.0,1e-05,13,0.01,0.3,"mean pinball over (batch, quantiles, horizon)",0.16035763919353485,"{""1e-05"": 0.2354300171136856, ""0.0001"": 0.23519860208034515, ""0.001"": 0.23524899780750275, ""0.01"": 0.23442453145980835, ""0.1"": 0.22721309959888458, ""0.3"": 0.21321932971477509, ""1"": 0.18978698551654816, ""3"": 0.17208601534366608, ""10"": 0.16201730072498322, ""30"": 0.16035763919353485, ""45"": 0.16173791885375977, ""65"": 0.16485297679901123, ""90"": 0.1718941479921341}","{""1e-05"": 0.2354300171136856, ""0.0001"": 0.23519860208034515, ""0.001"": 0.23524899780750275, ""0.01"": 0.23442453145980835, ""0.1"": 0.22721309959888458, ""0.3"": 0.21321932971477509, ""1"": 0.18978698551654816, ""3"": 0.17208601534366608, ""10"": 0.16201730072498322, ""30"": 0.16035763919353485, ""45"": 0.16173791885375977, ""65"": 0.16485297679901123, ""90"": 0.1718941479921341}",0.1258506029844284,0.16035763919353485,0.20037609338760376,737856,0.3602297370329158,0.4451538079958187
timesfm3,electricity_15min,17,L17,block_depth,True,0.85,30.0,False,False,1e-05|0.0001|0.001|0.01|0.1|0.3|1|3|10|30|45|65|90,90.0,1e-05,13,0.01,0.3,"mean pinball over (batch, quantiles, horizon)",0.15701235830783844,"{""1e-05"": 0.2319345623254776, ""0.0001"": 0.23158729076385498, ""0.001"": 0.23079384863376617, ""0.01"": 0.2293110340833664, ""0.1"": 0.22455216944217682, ""0.3"": 0.20997346937656403, ""1"": 0.18869441747665405, ""3"": 0.16888540983200073, ""10"": 0.158589169383049, ""30"": 0.15701235830783844, ""45"": 0.15773262083530426, ""65"": 0.16107037663459778, ""90"": 0.1658102571964264}","{""1e-05"": 0.2319345623254776, ""0.0001"": 0.23158729076385498, ""0.001"": 0.23079384863376617, ""0.01"": 0.2293110340833664, ""0.1"": 0.22455216944217682, ""0.3"": 0.20997346937656403, ""1"": 0.18869441747665405, ""3"": 0.16888540983200073, ""10"": 0.158589169383049, ""30"": 0.15701235830783844, ""45"": 0.15773262083530426, ""65"": 0.16107037663459778, ""90"": 0.1658102571964264}",0.12731434404850006,0.15701235830783844,0.20196186006069183,737856,0.3602297370329158,0.43586728736248537
timesfm3,electricity_15min,18,L18,block_depth,True,0.9,30.0,False,False,1e-05|0.0001|0.001|0.01|0.1|0.3|1|3|10|30|45|65|90,90.0,1e-05,13,0.01,0.3,"mean pinball over (batch, quantiles, horizon)",0.15667666494846344,"{""1e-05"": 0.23223471641540527, ""0.0001"": 0.23363785445690155, ""0.001"": 0.23407243192195892, ""0.01"": 0.23358331620693207, ""0.1"": 0.22435258328914642, ""0.3"": 0.21221953630447388, ""1"": 0.19064736366271973, ""3"": 0.17195791006088257, ""10"": 0.1617823988199234, ""30"": 0.15667666494846344, ""45"": 0.1583319455385208, ""65"": 0.15985800325870514, ""90"": 0.16556252539157867}","{""1e-05"": 0.23223471641540527, ""0.0001"": 0.23363785445690155, ""0.001"": 0.23407243192195892, ""0.01"": 0.23358331620693207, ""0.1"": 0.22435258328914642, ""0.3"": 0.21221953630447388, ""1"": 0.19064736366271973, ""3"": 0.17195791006088257, ""10"": 0.1617823988199234, ""30"": 0.15667666494846344, ""45"": 0.1583319455385208, ""65"": 0.15985800325870514, ""90"": 0.16556252539157867}",0.12676861882209778,0.15667666494846344,0.19835034012794495,737856,0.3602297370329158,0.4349354005001181
timesfm3,electricity_15min,19,L19,block_depth,True,0.95,30.0,False,False,1e-05|0.0001|0.001|0.01|0.1|0.3|1|3|10|30|45|65|90,90.0,1e-05,13,0.01,0.3,"mean pinball over (batch, quantiles, horizon)",0.15952017903327942,"{""1e-05"": 0.2331766039133072, ""0.0001"": 0.2327224463224411, ""0.001"": 0.2321094423532486, ""0.01"": 0.23177257180213928, ""0.1"": 0.2248140573501587, ""0.3"": 0.21239390969276428, ""1"": 0.19075274467468262, ""3"": 0.17200949788093567, ""10"": 0.16056856513023376, ""30"": 0.15952017903327942, ""45"": 0.15968115627765656, ""65"": 0.16227805614471436, ""90"": 0.16943511366844177}","{""1e-05"": 0.2331766039133072, ""0.0001"": 0.2327224463224411, ""0.001"": 0.2321094423532486, ""0.01"": 0.23177257180213928, ""0.1"": 0.2248140573501587, ""0.3"": 0.21239390969276428, ""1"": 0.19075274467468262, ""3"": 0.17200949788093567, ""10"": 0.16056856513023376, ""30"": 0.15952017903327942, ""45"": 0.15968115627765656, ""65"": 0.16227805614471436, ""90"": 0.16943511366844177}",0.12424582988023758,0.15952017903327942,0.19935305416584015,737856,0.3602297370329158,0.44282901336016955
timesfm3,electricity_15min,20,L20,block_depth,True,1.0,45.0,False,False,1e-05|0.0001|0.001|0.01|0.1|0.3|1|3|10|30|45|65|90,90.0,1e-05,13,0.01,0.45,"mean pinball over (batch, quantiles, horizon)",0.1678735315799713,"{""1e-05"": 0.2571035921573639, ""0.0001"": 0.25740543007850647, ""0.001"": 0.2561185956001282, ""0.01"": 0.25579363107681274, ""0.1"": 0.24713857471942902, ""0.3"": 0.23365826904773712, ""1"": 0.20835861563682556, ""3"": 0.18606649339199066, ""10"": 0.17242205142974854, ""30"": 0.168042853474617, ""45"": 0.1678735315799713, ""65"": 0.17187851667404175, ""90"": 0.17908693850040436}","{""1e-05"": 0.2571035921573639, ""0.0001"": 0.25740543007850647, ""0.001"": 0.2561185956001282, ""0.01"": 0.25579363107681274, ""0.1"": 0.24713857471942902, ""0.3"": 0.23365826904773712, ""1"": 0.20835861563682556, ""3"": 0.18606649339199066, ""10"": 0.17242205142974854, ""30"": 0.168042853474617, ""45"": 0.1678735315799713, ""65"": 0.17187851667404175, ""90"": 0.17908693850040436}",0.12504035234451294,0.1678735315799713,0.2042963057756424,737856,0.3602297370329158,0.4660179722048654
timesfm3,SZ_TAXI_15T,0,Emb,block_depth,True,0.0,65.0,False,False,1e-05|0.0001|0.001|0.01|0.1|0.3|1|3|10|30|45|65|90,90.0,1e-05,13,0.01,0.65,"mean pinball over (batch, quantiles, horizon)",0.30400121212005615,"{""1e-05"": 0.3404649794101715, ""0.0001"": 0.339587539434433, ""0.001"": 0.3396865129470825, ""0.01"": 0.3403226137161255, ""0.1"": 0.3368366062641144, ""0.3"": 0.33186718821525574, ""1"": 0.32232388854026794, ""3"": 0.31498318910598755, ""10"": 0.3088875412940979, ""30"": 0.30557501316070557, ""45"": 0.3045862317085266, ""65"": 0.30400121212005615, ""90"": 0.3047069311141968}","{""1e-05"": 0.3404649794101715, ""0.0001"": 0.339587539434433, ""0.001"": 0.3396865129470825, ""0.01"": 0.3403226137161255, ""0.1"": 0.3368366062641144, ""0.3"": 0.33186718821525574, ""1"": 0.32232388854026794, ""3"": 0.31498318910598755, ""10"": 0.3088875412940979, ""30"": 0.30557501316070557, ""45"": 0.3045862317085266, ""65"": 0.30400121212005615, ""90"": 0.3047069311141968}",0.28200405836105347,0.30400121212005615,0.33052006363868713,737856,0.29274280350177717,1.0384583616867993
timesfm3,SZ_TAXI_15T,1,L1,block_depth,True,0.05,65.0,False,False,1e-05|0.0001|0.001|0.01|0.1|0.3|1|3|10|30|45|65|90,90.0,1e-05,13,0.01,0.65,"mean pinball over (batch, quantiles, horizon)",0.2975882887840271,"{""1e-05"": 0.3624424636363983, ""0.0001"": 0.36296170949935913, ""0.001"": 0.36280885338783264, ""0.01"": 0.3627030849456787, ""0.1"": 0.35620468854904175, ""0.3"": 0.3473750054836273, ""1"": 0.32969361543655396, ""3"": 0.31664565205574036, ""10"": 0.3059608042240143, ""30"": 0.2999638319015503, ""45"": 0.2986428141593933, ""65"": 0.2975882887840271, ""90"": 0.29786527156829834}","{""1e-05"": 0.3624424636363983, ""0.0001"": 0.36296170949935913, ""0.001"": 0.36280885338783264, ""0.01"": 0.3627030849456787, ""0.1"": 0.35620468854904175, ""0.3"": 0.3473750054836273, ""1"": 0.32969361543655396, ""3"": 0.31664565205574036, ""10"": 0.3059608042240143, ""30"": 0.2999638319015503, ""45"": 0.2986428141593933, ""65"": 0.2975882887840271, ""90"": 0.29786527156829834}",0.2609694302082062,0.2975882887840271,0.327330082654953,737856,0.29274280350177717,1.0165520218577142
timesfm3,SZ_TAXI_15T,2,L2,block_depth,True,0.1,90.0,True,False,1e-05|0.0001|0.001|0.01|0.1|0.3|1|3|10|30|45|65|90,90.0,1e-05,13,0.01,0.9,"mean pinball over (batch, quantiles, horizon)",0.2955598831176758,"{""1e-05"": 0.42075538635253906, ""0.0001"": 0.4208295941352844, ""0.001"": 0.42080435156822205, ""0.01"": 0.42051491141319275, ""0.1"": 0.40890204906463623, ""0.3"": 0.3910297155380249, ""1"": 0.3581989109516144, ""3"": 0.33113229274749756, ""10"": 0.31187769770622253, ""30"": 0.300586998462677, ""45"": 0.2982262969017029, ""65"": 0.296220600605011, ""90"": 0.2955598831176758}","{""1e-05"": 0.42075538635253906, ""0.0001"": 0.4208295941352844, ""0.001"": 0.42080435156822205, ""0.01"": 0.42051491141319275, ""0.1"": 0.40890204906463623, ""0.3"": 0.3910297155380249, ""1"": 0.3581989109516144, ""3"": 0.33113229274749756, ""10"": 0.31187769770622253, ""30"": 0.300586998462677, ""45"": 0.2982262969017029, ""65"": 0.296220600605011, ""90"": 0.2955598831176758}",0.25268617272377014,0.2955598831176758,0.326524019241333,737856,0.29274280350177717,1.0096230533499058
timesfm3,SZ_TAXI_15T,3,L3,block_depth,True,0.15,90.0,True,False,1e-05|0.0001|0.001|0.01|0.1|0.3|1|3|10|30|45|65|90,90.0,1e-05,13,0.01,0.9,"mean pinball over (batch, quantiles, horizon)",0.2950504720211029,"{""1e-05"": 0.46553540229797363, ""0.0001"": 0.4654121398925781, ""0.001"": 0.46565911173820496, ""0.01"": 0.464010089635849, ""0.1"": 0.45088666677474976, ""0.3"": 0.4275696277618408, ""1"": 0.38411036133766174, ""3"": 0.34567883610725403, ""10"": 0.3191322088241577, ""30"": 0.30360570549964905, ""45"": 0.29955804347991943, ""65"": 0.2965833246707916, ""90"": 0.2950504720211029}","{""1e-05"": 0.46553540229797363, ""0.0001"": 0.4654121398925781, ""0.001"": 0.46565911173820496, ""0.01"": 0.464010089635849, ""0.1"": 0.45088666677474976, ""0.3"": 0.4275696277618408, ""1"": 0.38411036133766174, ""3"": 0.34567883610725403, ""10"": 0.3191322088241577, ""30"": 0.30360570549964905, ""45"": 0.29955804347991943, ""65"": 0.2965833246707916, ""90"": 0.2950504720211029}",0.24305342137813568,0.2950504720211029,0.32777273654937744,737856,0.29274280350177717,1.0078829214304212
timesfm3,SZ_TAXI_15T,4,L4,block_depth,True,0.2,90.0,True,False,1e-05|0.0001|0.001|0.01|0.1|0.3|1|3|10|30|45|65|90,90.0,1e-05,13,0.01,0.9,"mean pinball over (batch, quantiles, horizon)",0.29365769028663635,"{""1e-05"": 0.4851500689983368, ""0.0001"": 0.4853747487068176, ""0.001"": 0.48520874977111816, ""0.01"": 0.4834953248500824, ""0.1"": 0.4678126275539398, ""0.3"": 0.4410894513130188, ""1"": 0.390923410654068, ""3"": 0.3488866984844208, ""10"": 0.31901466846466064, ""30"": 0.30254441499710083, ""45"": 0.29873523116111755, ""65"": 0.2957564890384674, ""90"": 0.29365769028663635}","{""1e-05"": 0.4851500689983368, ""0.0001"": 0.4853747487068176, ""0.001"": 0.48520874977111816, ""0.01"": 0.4834953248500824, ""0.1"": 0.4678126275539398, ""0.3"": 0.4410894513130188, ""1"": 0.390923410654068, ""3"": 0.3488866984844208, ""10"": 0.31901466846466064, ""30"": 0.30254441499710083, ""45"": 0.29873523116111755, ""65"": 0.2957564890384674, ""90"": 0.29365769028663635}",0.2412392944097519,0.29365769028663635,0.32713791728019714,737856,0.29274280350177717,1.0031252238275898
timesfm3,SZ_TAXI_15T,5,L5,block_depth,True,0.25,90.0,True,False,1e-05|0.0001|0.001|0.01|0.1|0.3|1|3|10|30|45|65|90,90.0,1e-05,13,0.01,0.9,"mean pinball over (batch, quantiles, horizon)",0.290824294090271,"{""1e-05"": 0.4936907887458801, ""0.0001"": 0.4945995807647705, ""0.001"": 0.4944196343421936, ""0.01"": 0.49286359548568726, ""0.1"": 0.4763619899749756, ""0.3"": 0.44786062836647034, ""1"": 0.39495810866355896, ""3"": 0.3494532108306885, ""10"": 0.31747305393218994, ""30"": 0.29989928007125854, ""45"": 0.29538026452064514, ""65"": 0.2923060357570648, ""90"": 0.290824294090271}","{""1e-05"": 0.4936907887458801, ""0.0001"": 0.4945995807647705, ""0.001"": 0.4944196343421936, ""0.01"": 0.49286359548568726, ""0.1"": 0.4763619899749756, ""0.3"": 0.44786062836647034, ""1"": 0.39495810866355896, ""3"": 0.3494532108306885, ""10"": 0.31747305393218994, ""30"": 0.29989928007125854, ""45"": 0.29538026452064514, ""65"": 0.2923060357570648, ""90"": 0.290824294090271}",0.2421436905860901,0.290824294090271,0.32467588782310486,737856,0.29274280350177717,0.9934464335636708
timesfm3,SZ_TAXI_15T,6,L6,block_depth,True,0.3,90.0,True,False,1e-05|0.0001|0.001|0.01|0.1|0.3|1|3|10|30|45|65|90,90.0,1e-05,13,0.01,0.9,"mean pinball over (batch, quantiles, horizon)",0.2901647686958313,"{""1e-05"": 0.5057187080383301, ""0.0001"": 0.5053220987319946, ""0.001"": 0.505020260810852, ""0.01"": 0.5033532977104187, ""0.1"": 0.48632657527923584, ""0.3"": 0.45655861496925354, ""1"": 0.4010922312736511, ""3"": 0.35201871395111084, ""10"": 0.31852492690086365, ""30"": 0.29939937591552734, ""45"": 0.2949475944042206, ""65"": 0.2910537123680115, ""90"": 0.2901647686958313}","{""1e-05"": 0.5057187080383301, ""0.0001"": 0.5053220987319946, ""0.001"": 0.505020260810852, ""0.01"": 0.5033532977104187, ""0.1"": 0.48632657527923584, ""0.3"": 0.45655861496925354, ""1"": 0.4010922312736511, ""3"": 0.35201871395111084, ""10"": 0.31852492690086365, ""30"": 0.29939937591552734, ""45"": 0.2949475944042206, ""65"": 0.2910537123680115, ""90"": 0.2901647686958313}",0.24197746813297272,0.2901647686958313,0.32484009861946106,737856,0.29274280350177717,0.9911935160314531
timesfm3,SZ_TAXI_15T,7,L7,block_depth,True,0.35,90.0,True,False,1e-05|0.0001|0.001|0.01|0.1|0.3|1|3|10|30|45|65|90,90.0,1e-05,13,0.01,0.9,"mean pinball over (batch, quantiles, horizon)",0.28985896706581116,"{""1e-05"": 0.5148913860321045, ""0.0001"": 0.5148472785949707, ""0.001"": 0.5151983499526978, ""0.01"": 0.513321042060852, ""0.1"": 0.4950718581676483, ""0.3"": 0.46268609166145325, ""1"": 0.40262556076049805, ""3"": 0.3508860766887665, ""10"": 0.3161369860172272, ""30"": 0.29800644516944885, ""45"": 0.2941126823425293, ""65"": 0.29080870747566223, ""90"": 0.28985896706581116}","{""1e-05"": 0.5148913860321045, ""0.0001"": 0.5148472785949707, ""0.001"": 0.5151983499526978, ""0.01"": 0.513321042060852, ""0.1"": 0.4950718581676483, ""0.3"": 0.46268609166145325, ""1"": 0.40262556076049805, ""3"": 0.3508860766887665, ""10"": 0.3161369860172272, ""30"": 0.29800644516944885, ""45"": 0.2941126823425293, ""65"": 0.29080870747566223, ""90"": 0.28985896706581116}",0.24361450970172882,0.28985896706581116,0.32251569628715515,737856,0.29274280350177717,0.9901489075001343
timesfm3,SZ_TAXI_15T,8,L8,block_depth,True,0.4,90.0,True,False,1e-05|0.0001|0.001|0.01|0.1|0.3|1|3|10|30|45|65|90,90.0,1e-05,13,0.01,0.9,"mean pinball over (batch, quantiles, horizon)",0.2888314127922058,"{""1e-05"": 0.5147222876548767, ""0.0001"": 0.5146283507347107, ""0.001"": 0.5148993134498596, ""0.01"": 0.5133244395256042, ""0.1"": 0.4948330521583557, ""0.3"": 0.4622269570827484, ""1"": 0.4020802080631256, ""3"": 0.3499736785888672, ""10"": 0.3147796392440796, ""30"": 0.2963135242462158, ""45"": 0.292420893907547, ""65"": 0.29021283984184265, ""90"": 0.2888314127922058}","{""1e-05"": 0.5147222876548767, ""0.0001"": 0.5146283507347107, ""0.001"": 0.5148993134498596, ""0.01"": 0.5133244395256042, ""0.1"": 0.4948330521583557, ""0.3"": 0.4622269570827484, ""1"": 0.4020802080631256, ""3"": 0.3499736785888672, ""10"": 0.3147796392440796, ""30"": 0.2963135242462158, ""45"": 0.292420893907547, ""65"": 0.29021283984184265, ""90"": 0.2888314127922058}",0.24422293901443481,0.2888314127922058,0.32241886854171753,737856,0.29274280350177717,0.9866388151552029
timesfm3,SZ_TAXI_15T,9,L9,block_depth,True,0.45,90.0,True,False,1e-05|0.0001|0.001|0.01|0.1|0.3|1|3|10|30|45|65|90,90.0,1e-05,13,0.01,0.9,"mean pinball over (batch, quantiles, horizon)",0.2896052300930023,"{""1e-05"": 0.5383782386779785, ""0.0001"": 0.5383730530738831, ""0.001"": 0.5387939810752869, ""0.01"": 0.5352824926376343, ""0.1"": 0.5154687762260437, ""0.3"": 0.4807954430580139, ""1"": 0.4129960536956787, ""3"": 0.35458001494407654, ""10"": 0.3162149488925934, ""30"": 0.29673629999160767, ""45"": 0.29243358969688416, ""65"": 0.2896879315376282, ""90"": 0.2896052300930023}","{""1e-05"": 0.5383782386779785, ""0.0001"": 0.5383730530738831, ""0.001"": 0.5387939810752869, ""0.01"": 0.5352824926376343, ""0.1"": 0.5154687762260437, ""0.3"": 0.4807954430580139, ""1"": 0.4129960536956787, ""3"": 0.35458001494407654, ""10"": 0.3162149488925934, ""30"": 0.29673629999160767, ""45"": 0.29243358969688416, ""65"": 0.2896879315376282, ""90"": 0.2896052300930023}",0.24312597513198853,0.2896052300930023,0.3230776786804199,737856,0.29274280350177717,0.989282150163067
timesfm3,SZ_TAXI_15T,10,L10,block_depth,True,0.5,90.0,True,False,1e-05|0.0001|0.001|0.01|0.1|0.3|1|3|10|30|45|65|90,90.0,1e-05,13,0.01,0.9,"mean pinball over (batch, quantiles, horizon)",0.29058656096458435,"{""1e-05"": 0.5087369084358215, ""0.0001"": 0.5085476040840149, ""0.001"": 0.5085638165473938, ""0.01"": 0.5064916610717773, ""0.1"": 0.4888228476047516, ""0.3"": 0.45697030425071716, ""1"": 0.3973790109157562, ""3"": 0.34600627422332764, ""10"": 0.3123472332954407, ""30"": 0.2961423993110657, ""45"": 0.2926265299320221, ""65"": 0.29098960757255554, ""90"": 0.29058656096458435}","{""1e-05"": 0.5087369084358215, ""0.0001"": 0.5085476040840149, ""0.001"": 0.5085638165473938, ""0.01"": 0.5064916610717773, ""0.1"": 0.4888228476047516, ""0.3"": 0.45697030425071716, ""1"": 0.3973790109157562, ""3"": 0.34600627422332764, ""10"": 0.3123472332954407, ""30"": 0.2961423993110657, ""45"": 0.2926265299320221, ""65"": 0.29098960757255554, ""90"": 0.29058656096458435}",0.24802546203136444,0.29058656096458435,0.32377946376800537,737856,0.29274280350177717,0.9926343448535714
timesfm3,SZ_TAXI_15T,11,L11,block_depth,True,0.55,65.0,False,False,1e-05|0.0001|0.001|0.01|0.1|0.3|1|3|10|30|45|65|90,90.0,1e-05,13,0.01,0.65,"mean pinball over (batch, quantiles, horizon)",0.2910288870334625,"{""1e-05"": 0.5103181004524231, ""0.0001"": 0.5102265477180481, ""0.001"": 0.509469747543335, ""0.01"": 0.5074032545089722, ""0.1"": 0.4899955093860626, ""0.3"": 0.4573098123073578, ""1"": 0.3982466757297516, ""3"": 0.34769055247306824, ""10"": 0.3134534955024719, ""30"": 0.29702988266944885, ""45"": 0.2928798794746399, ""65"": 0.2910288870334625, ""90"": 0.29106512665748596}","{""1e-05"": 0.5103181004524231, ""0.0001"": 0.5102265477180481, ""0.001"": 0.509469747543335, ""0.01"": 0.5074032545089722, ""0.1"": 0.4899955093860626, ""0.3"": 0.4573098123073578, ""1"": 0.3982466757297516, ""3"": 0.34769055247306824, ""10"": 0.3134534955024719, ""30"": 0.29702988266944885, ""45"": 0.2928798794746399, ""65"": 0.2910288870334625, ""90"": 0.29106512665748596}",0.23796528577804565,0.2910288870334625,0.324133962392807,737856,0.29274280350177717,0.9941453164763989
timesfm3,SZ_TAXI_15T,12,L12,block_depth,True,0.6,65.0,False,False,1e-05|0.0001|0.001|0.01|0.1|0.3|1|3|10|30|45|65|90,90.0,1e-05,13,0.01,0.65,"mean pinball over (batch, quantiles, horizon)",0.2908170819282532,"{""1e-05"": 0.48558691143989563, ""0.0001"": 0.48579171299934387, ""0.001"": 0.48535725474357605, ""0.01"": 0.4837413728237152, ""0.1"": 0.46628403663635254, ""0.3"": 0.4390942454338074, ""1"": 0.38576385378837585, ""3"": 0.3415921926498413, ""10"": 0.31275784969329834, ""30"": 0.2970033288002014, ""45"": 0.29305732250213623, ""65"": 0.2908170819282532, ""90"": 0.29144158959388733}","{""1e-05"": 0.48558691143989563, ""0.0001"": 0.48579171299934387, ""0.001"": 0.48535725474357605, ""0.01"": 0.4837413728237152, ""0.1"": 0.46628403663635254, ""0.3"": 0.4390942454338074, ""1"": 0.38576385378837585, ""3"": 0.3415921926498413, ""10"": 0.31275784969329834, ""30"": 0.2970033288002014, ""45"": 0.29305732250213623, ""65"": 0.2908170819282532, ""90"": 0.29144158959388733}",0.23885847628116608,0.2908170819282532,0.32323014736175537,737856,0.29274280350177717,0.993421797050214
timesfm3,SZ_TAXI_15T,13,L13,block_depth,True,0.65,65.0,False,False,1e-05|0.0001|0.001|0.01|0.1|0.3|1|3|10|30|45|65|90,90.0,1e-05,13,0.01,0.65,"mean pinball over (batch, quantiles, horizon)",0.28914543986320496,"{""1e-05"": 0.48436009883880615, ""0.0001"": 0.4834485352039337, ""0.001"": 0.48431748151779175, ""0.01"": 0.4817241430282593, ""0.1"": 0.4656622111797333, ""0.3"": 0.43783849477767944, ""1"": 0.38505780696868896, ""3"": 0.3411155045032501, ""10"": 0.3108157217502594, ""30"": 0.2939269244670868, ""45"": 0.2911609709262848, ""65"": 0.28914543986320496, ""90"": 0.2901257872581482}","{""1e-05"": 0.48436009883880615, ""0.0001"": 0.4834485352039337, ""0.001"": 0.48431748151779175, ""0.01"": 0.4817241430282593, ""0.1"": 0.4656622111797333, ""0.3"": 0.43783849477767944, ""1"": 0.38505780696868896, ""3"": 0.3411155045032501, ""10"": 0.3108157217502594, ""30"": 0.2939269244670868, ""45"": 0.2911609709262848, ""65"": 0.28914543986320496, ""90"": 0.2901257872581482}",0.2412380874156952,0.28914543986320496,0.3232331871986389,737856,0.29274280350177717,0.9877115215283153
timesfm3,SZ_TAXI_15T,14,L14,block_depth,True,0.7,65.0,False,False,1e-05|0.0001|0.001|0.01|0.1|0.3|1|3|10|30|45|65|90,90.0,1e-05,13,0.01,0.65,"mean pinball over (batch, quantiles, horizon)",0.28978705406188965,"{""1e-05"": 0.49400243163108826, ""0.0001"": 0.4930957555770874, ""0.001"": 0.49240395426750183, ""0.01"": 0.4919300675392151, ""0.1"": 0.4752161204814911, ""0.3"": 0.44753697514533997, ""1"": 0.3948074281215668, ""3"": 0.34685268998146057, ""10"": 0.31306982040405273, ""30"": 0.29554620385169983, ""45"": 0.2920762896537781, ""65"": 0.28978705406188965, ""90"": 0.2907277047634125}","{""1e-05"": 0.49400243163108826, ""0.0001"": 0.4930957555770874, ""0.001"": 0.49240395426750183, ""0.01"": 0.4919300675392151, ""0.1"": 0.4752161204814911, ""0.3"": 0.44753697514533997, ""1"": 0.3948074281215668, ""3"": 0.34685268998146057, ""10"": 0.31306982040405273, ""30"": 0.29554620385169983, ""45"": 0.2920762896537781, ""65"": 0.28978705406188965, ""90"": 0.2907277047634125}",0.23984456062316895,0.28978705406188965,0.3240891993045807,737856,0.29274280350177717,0.9899032549919896
timesfm3,SZ_TAXI_15T,15,L15,block_depth,True,0.75,65.0,False,False,1e-05|0.0001|0.001|0.01|0.1|0.3|1|3|10|30|45|65|90,90.0,1e-05,13,0.01,0.65,"mean pinball over (batch, quantiles, horizon)",0.28893232345581055,"{""1e-05"": 0.49593687057495117, ""0.0001"": 0.4955958425998688, ""0.001"": 0.4948052763938904, ""0.01"": 0.4937381446361542, ""0.1"": 0.4777100384235382, ""0.3"": 0.4490353465080261, ""1"": 0.39555954933166504, ""3"": 0.3480806052684784, ""10"": 0.3130427300930023, ""30"": 0.29516640305519104, ""45"": 0.2913075089454651, ""65"": 0.28893232345581055, ""90"": 0.28968939185142517}","{""1e-05"": 0.49593687057495117, ""0.0001"": 0.4955958425998688, ""0.001"": 0.4948052763938904, ""0.01"": 0.4937381446361542, ""0.1"": 0.4777100384235382, ""0.3"": 0.4490353465080261, ""1"": 0.39555954933166504, ""3"": 0.3480806052684784, ""10"": 0.3130427300930023, ""30"": 0.29516640305519104, ""45"": 0.2913075089454651, ""65"": 0.28893232345581055, ""90"": 0.28968939185142517}",0.23805944621562958,0.28893232345581055,0.32422199845314026,737856,0.29274280350177717,0.9869835227360474
timesfm3,SZ_TAXI_15T,16,L16,block_depth,True,0.8,65.0,False,False,1e-05|0.0001|0.001|0.01|0.1|0.3|1|3|10|30|45|65|90,90.0,1e-05,13,0.01,0.65,"mean pinball over (batch, quantiles, horizon)",0.2878866493701935,"{""1e-05"": 0.5056230425834656, ""0.0001"": 0.506520688533783, ""0.001"": 0.5055595636367798, ""0.01"": 0.5045771598815918, ""0.1"": 0.4880236089229584, ""0.3"": 0.45775219798088074, ""1"": 0.3997824788093567, ""3"": 0.3488296568393707, ""10"": 0.3125793933868408, ""30"": 0.2933574318885803, ""45"": 0.28952687978744507, ""65"": 0.2878866493701935, ""90"": 0.2880319058895111}","{""1e-05"": 0.5056230425834656, ""0.0001"": 0.506520688533783, ""0.001"": 0.5055595636367798, ""0.01"": 0.5045771598815918, ""0.1"": 0.4880236089229584, ""0.3"": 0.45775219798088074, ""1"": 0.3997824788093567, ""3"": 0.3488296568393707, ""10"": 0.3125793933868408, ""30"": 0.2933574318885803, ""45"": 0.28952687978744507, ""65"": 0.2878866493701935, ""90"": 0.2880319058895111}",0.23669324815273285,0.2878866493701935,0.3232922852039337,737856,0.29274280350177717,0.9834115336961504
timesfm3,SZ_TAXI_15T,17,L17,block_depth,True,0.85,65.0,False,False,1e-05|0.0001|0.001|0.01|0.1|0.3|1|3|10|30|45|65|90,90.0,1e-05,13,0.01,0.65,"mean pinball over (batch, quantiles, horizon)",0.2875649034976959,"{""1e-05"": 0.49398207664489746, ""0.0001"": 0.49308571219444275, ""0.001"": 0.4930700659751892, ""0.01"": 0.4925336539745331, ""0.1"": 0.47635215520858765, ""0.3"": 0.44716811180114746, ""1"": 0.39480671286582947, ""3"": 0.3471392095088959, ""10"": 0.31230226159095764, ""30"": 0.29402098059654236, ""45"": 0.28974950313568115, ""65"": 0.2875649034976959, ""90"": 0.28875377774238586}","{""1e-05"": 0.49398207664489746, ""0.0001"": 0.49308571219444275, ""0.001"": 0.4930700659751892, ""0.01"": 0.4925336539745331, ""0.1"": 0.47635215520858765, ""0.3"": 0.44716811180114746, ""1"": 0.39480671286582947, ""3"": 0.3471392095088959, ""10"": 0.31230226159095764, ""30"": 0.29402098059654236, ""45"": 0.28974950313568115, ""65"": 0.2875649034976959, ""90"": 0.28875377774238586}",0.23604969680309296,0.2875649034976959,0.32337474822998047,737856,0.29274280350177717,0.9823124601454128
timesfm3,SZ_TAXI_15T,18,L18,block_depth,True,0.9,65.0,False,False,1e-05|0.0001|0.001|0.01|0.1|0.3|1|3|10|30|45|65|90,90.0,1e-05,13,0.01,0.65,"mean pinball over (batch, quantiles, horizon)",0.28804486989974976,"{""1e-05"": 0.4872105121612549, ""0.0001"": 0.4867081344127655, ""0.001"": 0.4876032769680023, ""0.01"": 0.48572853207588196, ""0.1"": 0.4699295163154602, ""0.3"": 0.44320037961006165, ""1"": 0.392514705657959, ""3"": 0.3457491099834442, ""10"": 0.31194910407066345, ""30"": 0.29335659742355347, ""45"": 0.28965693712234497, ""65"": 0.28804486989974976, ""90"": 0.28927987813949585}","{""1e-05"": 0.4872105121612549, ""0.0001"": 0.4867081344127655, ""0.001"": 0.4876032769680023, ""0.01"": 0.48572853207588196, ""0.1"": 0.4699295163154602, ""0.3"": 0.44320037961006165, ""1"": 0.392514705657959, ""3"": 0.3457491099834442, ""10"": 0.31194910407066345, ""30"": 0.29335659742355347, ""45"": 0.28965693712234497, ""65"": 0.28804486989974976, ""90"": 0.28927987813949585}",0.23773802816867828,0.28804486989974976,0.3241032361984253,737856,0.29274280350177717,0.9839520099355785
timesfm3,SZ_TAXI_15T,19,L19,block_depth,True,0.95,65.0,False,False,1e-05|0.0001|0.001|0.01|0.1|0.3|1|3|10|30|45|65|90,90.0,1e-05,13,0.01,0.65,"mean pinball over (batch, quantiles, horizon)",0.2847714424133301,"{""1e-05"": 0.4712368845939636, ""0.0001"": 0.4711882770061493, ""0.001"": 0.4705597460269928, ""0.01"": 0.4691845774650574, ""0.1"": 0.45480841398239136, ""0.3"": 0.4289611577987671, ""1"": 0.3806879222393036, ""3"": 0.3365752100944519, ""10"": 0.3053232729434967, ""30"": 0.28956353664398193, ""45"": 0.28676924109458923, ""65"": 0.2847714424133301, ""90"": 0.28515157103538513}","{""1e-05"": 0.4712368845939636, ""0.0001"": 0.4711882770061493, ""0.001"": 0.4705597460269928, ""0.01"": 0.4691845774650574, ""0.1"": 0.45480841398239136, ""0.3"": 0.4289611577987671, ""1"": 0.3806879222393036, ""3"": 0.3365752100944519, ""10"": 0.3053232729434967, ""30"": 0.28956353664398193, ""45"": 0.28676924109458923, ""65"": 0.2847714424133301, ""90"": 0.28515157103538513}",0.23975436389446259,0.2847714424133301,0.3229112923145294,737856,0.29274280350177717,0.9727700869394772
timesfm3,SZ_TAXI_15T,20,L20,block_depth,True,1.0,90.0,True,False,1e-05|0.0001|0.001|0.01|0.1|0.3|1|3|10|30|45|65|90,90.0,1e-05,13,0.01,0.9,"mean pinball over (batch, quantiles, horizon)",0.2855432629585266,"{""1e-05"": 0.505588710308075, ""0.0001"": 0.5057109594345093, ""0.001"": 0.50571209192276, ""0.01"": 0.5038895010948181, ""0.1"": 0.48835545778274536, ""0.3"": 0.46043485403060913, ""1"": 0.4058806300163269, ""3"": 0.35563477873802185, ""10"": 0.31686559319496155, ""30"": 0.2943754196166992, ""45"": 0.2894318699836731, ""65"": 0.2860155999660492, ""90"": 0.2855432629585266}","{""1e-05"": 0.505588710308075, ""0.0001"": 0.5057109594345093, ""0.001"": 0.50571209192276, ""0.01"": 0.5038895010948181, ""0.1"": 0.48835545778274536, ""0.3"": 0.46043485403060913, ""1"": 0.4058806300163269, ""3"": 0.35563477873802185, ""10"": 0.31686559319496155, ""30"": 0.2943754196166992, ""45"": 0.2894318699836731, ""65"": 0.2860155999660492, ""90"": 0.2855432629585266}",0.24130254983901978,0.2855432629585266,0.3230629861354828,737856,0.29274280350177717,0.9754066010944421
timesfm3,monash_london_smart_meters,0,Emb,block_depth,True,0.0,10.0,False,False,1e-05|0.0001|0.001|0.01|0.1|0.3|1|3|10|30|45|65|90,90.0,1e-05,13,0.01,0.1,"mean pinball over (batch, quantiles, horizon)",0.2798005938529968,"{""1e-05"": 0.288338303565979, ""0.0001"": 0.2888370454311371, ""0.001"": 0.288301020860672, ""0.01"": 0.288023978471756, ""0.1"": 0.2870108485221863, ""0.3"": 0.28544777631759644, ""1"": 0.28300946950912476, ""3"": 0.2812158763408661, ""10"": 0.2798005938529968, ""30"": 0.2798050343990326, ""45"": 0.2801159620285034, ""65"": 0.2807561755180359, ""90"": 0.2832043468952179}","{""1e-05"": 0.288338303565979, ""0.0001"": 0.2888370454311371, ""0.001"": 0.288301020860672, ""0.01"": 0.288023978471756, ""0.1"": 0.2870108485221863, ""0.3"": 0.28544777631759644, ""1"": 0.28300946950912476, ""3"": 0.2812158763408661, ""10"": 0.2798005938529968, ""30"": 0.2798050343990326, ""45"": 0.2801159620285034, ""65"": 0.2807561755180359, ""90"": 0.2832043468952179}",0.23294062912464142,0.2798005938529968,0.23939789831638336,737856,0.3002947132380409,0.9317533127238288
timesfm3,monash_london_smart_meters,1,L1,block_depth,True,0.05,30.0,False,False,1e-05|0.0001|0.001|0.01|0.1|0.3|1|3|10|30|45|65|90,90.0,1e-05,13,0.01,0.3,"mean pinball over (batch, quantiles, horizon)",0.2625882029533386,"{""1e-05"": 0.2946748435497284, ""0.0001"": 0.2947573959827423, ""0.001"": 0.2946253716945648, ""0.01"": 0.29419273138046265, ""0.1"": 0.2912866771221161, ""0.3"": 0.28610363602638245, ""1"": 0.2769700586795807, ""3"": 0.2699117362499237, ""10"": 0.26428577303886414, ""30"": 0.2625882029533386, ""45"": 0.26291581988334656, ""65"": 0.2637769281864166, ""90"": 0.26683709025382996}","{""1e-05"": 0.2946748435497284, ""0.0001"": 0.2947573959827423, ""0.001"": 0.2946253716945648, ""0.01"": 0.29419273138046265, ""0.1"": 0.2912866771221161, ""0.3"": 0.28610363602638245, ""1"": 0.2769700586795807, ""3"": 0.2699117362499237, ""10"": 0.26428577303886414, ""30"": 0.2625882029533386, ""45"": 0.26291581988334656, ""65"": 0.2637769281864166, ""90"": 0.26683709025382996}",0.2079363316297531,0.2625882029533386,0.21708132326602936,737856,0.3002947132380409,0.8744349846252115
timesfm3,monash_london_smart_meters,2,L2,block_depth,True,0.1,45.0,False,False,1e-05|0.0001|0.001|0.01|0.1|0.3|1|3|10|30|45|65|90,90.0,1e-05,13,0.01,0.45,"mean pinball over (batch, quantiles, horizon)",0.26058462262153625,"{""1e-05"": 0.32919275760650635, ""0.0001"": 0.3290803134441376, ""0.001"": 0.3289414346218109, ""0.01"": 0.3284097909927368, ""0.1"": 0.3220459520816803, ""0.3"": 0.31200897693634033, ""1"": 0.2928422689437866, ""3"": 0.2769785225391388, ""10"": 0.2661454677581787, ""30"": 0.26128247380256653, ""45"": 0.26058462262153625, ""65"": 0.26123303174972534, ""90"": 0.2636023461818695}","{""1e-05"": 0.32919275760650635, ""0.0001"": 0.3290803134441376, ""0.001"": 0.3289414346218109, ""0.01"": 0.3284097909927368, ""0.1"": 0.3220459520816803, ""0.3"": 0.31200897693634033, ""1"": 0.2928422689437866, ""3"": 0.2769785225391388, ""10"": 0.2661454677581787, ""30"": 0.26128247380256653, ""45"": 0.26058462262153625, ""65"": 0.26123303174972534, ""90"": 0.2636023461818695}",0.2023092359304428,0.26058462262153625,0.21687066555023193,737856,0.3002947132380409,0.8677629379874336
timesfm3,monash_london_smart_meters,3,L3,block_depth,True,0.15,65.0,False,False,1e-05|0.0001|0.001|0.01|0.1|0.3|1|3|10|30|45|65|90,90.0,1e-05,13,0.01,0.65,"mean pinball over (batch, quantiles, horizon)",0.26056915521621704,"{""1e-05"": 0.3580133616924286, ""0.0001"": 0.35791105031967163, ""0.001"": 0.35795846581459045, ""0.01"": 0.35697948932647705, ""0.1"": 0.34862151741981506, ""0.3"": 0.334155797958374, ""1"": 0.30739298462867737, ""3"": 0.284862220287323, ""10"": 0.2695379853248596, ""30"": 0.262326180934906, ""45"": 0.26095888018608093, ""65"": 0.26056915521621704, ""90"": 0.26191964745521545}","{""1e-05"": 0.3580133616924286, ""0.0001"": 0.35791105031967163, ""0.001"": 0.35795846581459045, ""0.01"": 0.35697948932647705, ""0.1"": 0.34862151741981506, ""0.3"": 0.334155797958374, ""1"": 0.30739298462867737, ""3"": 0.284862220287323, ""10"": 0.2695379853248596, ""30"": 0.262326180934906, ""45"": 0.26095888018608093, ""65"": 0.26056915521621704, ""90"": 0.26191964745521545}",0.20148880779743195,0.26056915521621704,0.21663177013397217,737856,0.3002947132380409,0.8677114305694293
timesfm3,monash_london_smart_meters,4,L4,block_depth,True,0.2,65.0,False,False,1e-05|0.0001|0.001|0.01|0.1|0.3|1|3|10|30|45|65|90,90.0,1e-05,13,0.01,0.65,"mean pinball over (batch, quantiles, horizon)",0.26111653447151184,"{""1e-05"": 0.378415048122406, ""0.0001"": 0.37747400999069214, ""0.001"": 0.37764936685562134, ""0.01"": 0.37640953063964844, ""0.1"": 0.3662111163139343, ""0.3"": 0.3483230173587799, ""1"": 0.31533706188201904, ""3"": 0.2888715863227844, ""10"": 0.2710358202457428, ""30"": 0.262879341840744, ""45"": 0.2615440785884857, ""65"": 0.26111653447151184, ""90"": 0.2627534866333008}","{""1e-05"": 0.378415048122406, ""0.0001"": 0.37747400999069214, ""0.001"": 0.37764936685562134, ""0.01"": 0.37640953063964844, ""0.1"": 0.3662111163139343, ""0.3"": 0.3483230173587799, ""1"": 0.31533706188201904, ""3"": 0.2888715863227844, ""10"": 0.2710358202457428, ""30"": 0.262879341840744, ""45"": 0.2615440785884857, ""65"": 0.26111653447151184, ""90"": 0.2627534866333008}",0.19961324334144592,0.26111653447151184,0.2168077677488327,737856,0.3002947132380409,0.8695342374027315
timesfm3,monash_london_smart_meters,5,L5,block_depth,True,0.25,65.0,False,False,1e-05|0.0001|0.001|0.01|0.1|0.3|1|3|10|30|45|65|90,90.0,1e-05,13,0.01,0.65,"mean pinball over (batch, quantiles, horizon)",0.2605171203613281,"{""1e-05"": 0.3950868546962738, ""0.0001"": 0.39568793773651123, ""0.001"": 0.395141065120697, ""0.01"": 0.3934369385242462, ""0.1"": 0.381901353597641, ""0.3"": 0.362114280462265, ""1"": 0.32390058040618896, ""3"": 0.29252079129219055, ""10"": 0.27215155959129333, ""30"": 0.2628575563430786, ""45"": 0.2612835168838501, ""65"": 0.2605171203613281, ""90"": 0.26201945543289185}","{""1e-05"": 0.3950868546962738, ""0.0001"": 0.39568793773651123, ""0.001"": 0.395141065120697, ""0.01"": 0.3934369385242462, ""0.1"": 0.381901353597641, ""0.3"": 0.362114280462265, ""1"": 0.32390058040618896, ""3"": 0.29252079129219055, ""10"": 0.27215155959129333, ""30"": 0.2628575563430786, ""45"": 0.2612835168838501, ""65"": 0.2605171203613281, ""90"": 0.26201945543289185}",0.19758181273937225,0.2605171203613281,0.21611334383487701,737856,0.3002947132380409,0.8675381512788024
timesfm3,monash_london_smart_meters,6,L6,block_depth,True,0.3,65.0,False,False,1e-05|0.0001|0.001|0.01|0.1|0.3|1|3|10|30|45|65|90,90.0,1e-05,13,0.01,0.65,"mean pinball over (batch, quantiles, horizon)",0.2608512043952942,"{""1e-05"": 0.40211251378059387, ""0.0001"": 0.4030704200267792, ""0.001"": 0.4021838903427124, ""0.01"": 0.40087956190109253, ""0.1"": 0.3879578411579132, ""0.3"": 0.365950345993042, ""1"": 0.32607102394104004, ""3"": 0.29407575726509094, ""10"": 0.2727407217025757, ""30"": 0.26341918110847473, ""45"": 0.26161274313926697, ""65"": 0.2608512043952942, ""90"": 0.26289528608322144}","{""1e-05"": 0.40211251378059387, ""0.0001"": 0.4030704200267792, ""0.001"": 0.4021838903427124, ""0.01"": 0.40087956190109253, ""0.1"": 0.3879578411579132, ""0.3"": 0.365950345993042, ""1"": 0.32607102394104004, ""3"": 0.29407575726509094, ""10"": 0.2727407217025757, ""30"": 0.26341918110847473, ""45"": 0.26161274313926697, ""65"": 0.2608512043952942, ""90"": 0.26289528608322144}",0.1979035884141922,0.2608512043952942,0.21622462570667267,737856,0.3002947132380409,0.8686506718102619
timesfm3,monash_london_smart_meters,7,L7,block_depth,True,0.35,65.0,False,False,1e-05|0.0001|0.001|0.01|0.1|0.3|1|3|10|30|45|65|90,90.0,1e-05,13,0.01,0.65,"mean pinball over (batch, quantiles, horizon)",0.26062461733818054,"{""1e-05"": 0.41384899616241455, ""0.0001"": 0.41390302777290344, ""0.001"": 0.413505494594574, ""0.01"": 0.41238677501678467, ""0.1"": 0.3987917900085449, ""0.3"": 0.37532705068588257, ""1"": 0.3326175808906555, ""3"": 0.29677459597587585, ""10"": 0.2738327383995056, ""30"": 0.2631964087486267, ""45"": 0.26113271713256836, ""65"": 0.26062461733818054, ""90"": 0.2622285485267639}","{""1e-05"": 0.41384899616241455, ""0.0001"": 0.41390302777290344, ""0.001"": 0.413505494594574, ""0.01"": 0.41238677501678467, ""0.1"": 0.3987917900085449, ""0.3"": 0.37532705068588257, ""1"": 0.3326175808906555, ""3"": 0.29677459597587585, ""10"": 0.2738327383995056, ""30"": 0.2631964087486267, ""45"": 0.26113271713256836, ""65"": 0.26062461733818054, ""90"": 0.2622285485267639}",0.19700033962726593,0.26062461733818054,0.21612077951431274,737856,0.3002947132380409,0.8678961228717529
timesfm3,monash_london_smart_meters,8,L8,block_depth,True,0.4,65.0,False,False,1e-05|0.0001|0.001|0.01|0.1|0.3|1|3|10|30|45|65|90,90.0,1e-05,13,0.01,0.65,"mean pinball over (batch, quantiles, horizon)",0.2611827552318573,"{""1e-05"": 0.4132975935935974, ""0.0001"": 0.4134018123149872, ""0.001"": 0.4131784439086914, ""0.01"": 0.41195711493492126, ""0.1"": 0.3977881073951721, ""0.3"": 0.37496083974838257, ""1"": 0.3305879831314087, ""3"": 0.2954022288322449, ""10"": 0.27302080392837524, ""30"": 0.2630864381790161, ""45"": 0.2613224983215332, ""65"": 0.2611827552318573, ""90"": 0.2630433142185211}","{""1e-05"": 0.4132975935935974, ""0.0001"": 0.4134018123149872, ""0.001"": 0.4131784439086914, ""0.01"": 0.41195711493492126, ""0.1"": 0.3977881073951721, ""0.3"": 0.37496083974838257, ""1"": 0.3305879831314087, ""3"": 0.2954022288322449, ""10"": 0.27302080392837524, ""30"": 0.2630864381790161, ""45"": 0.2613224983215332, ""65"": 0.2611827552318573, ""90"": 0.2630433142185211}",0.1983788013458252,0.2611827552318573,0.21644338965415955,737856,0.3002947132380409,0.869754756637424
timesfm3,monash_london_smart_meters,9,L9,block_depth,True,0.45,65.0,False,False,1e-05|0.0001|0.001|0.01|0.1|0.3|1|3|10|30|45|65|90,90.0,1e-05,13,0.01,0.65,"mean pinball over (batch, quantiles, horizon)",0.2615244686603546,"{""1e-05"": 0.41827648878097534, ""0.0001"": 0.41923853754997253, ""0.001"": 0.41896575689315796, ""0.01"": 0.4170211851596832, ""0.1"": 0.4032288193702698, ""0.3"": 0.3783372640609741, ""1"": 0.3334444463253021, ""3"": 0.2968514859676361, ""10"": 0.27399373054504395, ""30"": 0.2633916139602661, ""45"": 0.2622070014476776, ""65"": 0.2615244686603546, ""90"": 0.2632431089878082}","{""1e-05"": 0.41827648878097534, ""0.0001"": 0.41923853754997253, ""0.001"": 0.41896575689315796, ""0.01"": 0.4170211851596832, ""0.1"": 0.4032288193702698, ""0.3"": 0.3783372640609741, ""1"": 0.3334444463253021, ""3"": 0.2968514859676361, ""10"": 0.27399373054504395, ""30"": 0.2633916139602661, ""45"": 0.2622070014476776, ""65"": 0.2615244686603546, ""90"": 0.2632431089878082}",0.19759775698184967,0.2615244686603546,0.21651272475719452,737856,0.3002947132380409,0.8708926835253558
timesfm3,monash_london_smart_meters,10,L10,block_depth,True,0.5,65.0,False,False,1e-05|0.0001|0.001|0.01|0.1|0.3|1|3|10|30|45|65|90,90.0,1e-05,13,0.01,0.65,"mean pinball over (batch, quantiles, horizon)",0.26129111647605896,"{""1e-05"": 0.4078599810600281, ""0.0001"": 0.40766260027885437, ""0.001"": 0.4076346158981323, ""0.01"": 0.4053613543510437, ""0.1"": 0.39223241806030273, ""0.3"": 0.36982980370521545, ""1"": 0.32745102047920227, ""3"": 0.29375573992729187, ""10"": 0.27227190136909485, ""30"": 0.2629801630973816, ""45"": 0.26168397068977356, ""65"": 0.26129111647605896, ""90"": 0.2631842792034149}","{""1e-05"": 0.4078599810600281, ""0.0001"": 0.40766260027885437, ""0.001"": 0.4076346158981323, ""0.01"": 0.4053613543510437, ""0.1"": 0.39223241806030273, ""0.3"": 0.36982980370521545, ""1"": 0.32745102047920227, ""3"": 0.29375573992729187, ""10"": 0.27227190136909485, ""30"": 0.2629801630973816, ""45"": 0.26168397068977356, ""65"": 0.26129111647605896, ""90"": 0.2631842792034149}",0.19940361380577087,0.26129111647605896,0.21636195480823517,737856,0.3002947132380409,0.8701156062941936
timesfm3,monash_london_smart_meters,11,L11,block_depth,True,0.55,65.0,False,False,1e-05|0.0001|0.001|0.01|0.1|0.3|1|3|10|30|45|65|90,90.0,1e-05,13,0.01,0.65,"mean pinball over (batch, quantiles, horizon)",0.2617025077342987,"{""1e-05"": 0.4143046736717224, ""0.0001"": 0.4137338697910309, ""0.001"": 0.413375586271286, ""0.01"": 0.4117351770401001, ""0.1"": 0.3980678617954254, ""0.3"": 0.3740157186985016, ""1"": 0.3313314616680145, ""3"": 0.2964760661125183, ""10"": 0.2737097144126892, ""30"": 0.263330340385437, ""45"": 0.26245707273483276, ""65"": 0.2617025077342987, ""90"": 0.26324179768562317}","{""1e-05"": 0.4143046736717224, ""0.0001"": 0.4137338697910309, ""0.001"": 0.413375586271286, ""0.01"": 0.4117351770401001, ""0.1"": 0.3980678617954254, ""0.3"": 0.3740157186985016, ""1"": 0.3313314616680145, ""3"": 0.2964760661125183, ""10"": 0.2737097144126892, ""30"": 0.263330340385437, ""45"": 0.26245707273483276, ""65"": 0.2617025077342987, ""90"": 0.26324179768562317}",0.19858987629413605,0.2617025077342987,0.21727874875068665,737856,0.3002947132380409,0.8714855646720943
timesfm3,monash_london_smart_meters,12,L12,block_depth,True,0.6,45.0,False,False,1e-05|0.0001|0.001|0.01|0.1|0.3|1|3|10|30|45|65|90,90.0,1e-05,13,0.01,0.45,"mean pinball over (batch, quantiles, horizon)",0.2624419331550598,"{""1e-05"": 0.3966486155986786, ""0.0001"": 0.39622417092323303, ""0.001"": 0.39669835567474365, ""0.01"": 0.39453253149986267, ""0.1"": 0.3825032413005829, ""0.3"": 0.3606874644756317, ""1"": 0.323055624961853, ""3"": 0.2918257713317871, ""10"": 0.2722741663455963, ""30"": 0.2641206681728363, ""45"": 0.2624419331550598, ""65"": 0.2626858055591583, ""90"": 0.2648470401763916}","{""1e-05"": 0.3966486155986786, ""0.0001"": 0.39622417092323303, ""0.001"": 0.39669835567474365, ""0.01"": 0.39453253149986267, ""0.1"": 0.3825032413005829, ""0.3"": 0.3606874644756317, ""1"": 0.323055624961853, ""3"": 0.2918257713317871, ""10"": 0.2722741663455963, ""30"": 0.2641206681728363, ""45"": 0.2624419331550598, ""65"": 0.2626858055591583, ""90"": 0.2648470401763916}",0.19453659653663635,0.2624419331550598,0.2180260866880417,737856,0.3002947132380409,0.8739478971347207
timesfm3,monash_london_smart_meters,13,L13,block_depth,True,0.65,45.0,False,False,1e-05|0.0001|0.001|0.01|0.1|0.3|1|3|10|30|45|65|90,90.0,1e-05,13,0.01,0.45,"mean pinball over (batch, quantiles, horizon)",0.26189911365509033,"{""1e-05"": 0.40055158734321594, ""0.0001"": 0.39987993240356445, ""0.001"": 0.39972755312919617, ""0.01"": 0.3984944224357605, ""0.1"": 0.3854360282421112, ""0.3"": 0.364142507314682, ""1"": 0.3241584897041321, ""3"": 0.29220840334892273, ""10"": 0.27170947194099426, ""30"": 0.2636299133300781, ""45"": 0.26189911365509033, ""65"": 0.2621748447418213, ""90"": 0.26484861969947815}","{""1e-05"": 0.40055158734321594, ""0.0001"": 0.39987993240356445, ""0.001"": 0.39972755312919617, ""0.01"": 0.3984944224357605, ""0.1"": 0.3854360282421112, ""0.3"": 0.364142507314682, ""1"": 0.3241584897041321, ""3"": 0.29220840334892273, ""10"": 0.27170947194099426, ""30"": 0.2636299133300781, ""45"": 0.26189911365509033, ""65"": 0.2621748447418213, ""90"": 0.26484861969947815}",0.19436299800872803,0.26189911365509033,0.2178572416305542,737856,0.3002947132380409,0.8721402745691539
timesfm3,monash_london_smart_meters,14,L14,block_depth,True,0.7,45.0,False,False,1e-05|0.0001|0.001|0.01|0.1|0.3|1|3|10|30|45|65|90,90.0,1e-05,13,0.01,0.45,"mean pinball over (batch, quantiles, horizon)",0.2623489201068878,"{""1e-05"": 0.4003693461418152, ""0.0001"": 0.40010836720466614, ""0.001"": 0.3999553918838501, ""0.01"": 0.3989952504634857, ""0.1"": 0.38551053404808044, ""0.3"": 0.36382874846458435, ""1"": 0.3244361877441406, ""3"": 0.29241466522216797, ""10"": 0.2722417414188385, ""30"": 0.2635689675807953, ""45"": 0.2623489201068878, ""65"": 0.26243364810943604, ""90"": 0.2646190822124481}","{""1e-05"": 0.4003693461418152, ""0.0001"": 0.40010836720466614, ""0.001"": 0.3999553918838501, ""0.01"": 0.3989952504634857, ""0.1"": 0.38551053404808044, ""0.3"": 0.36382874846458435, ""1"": 0.3244361877441406, ""3"": 0.29241466522216797, ""10"": 0.2722417414188385, ""30"": 0.2635689675807953, ""45"": 0.2623489201068878, ""65"": 0.26243364810943604, ""90"": 0.2646190822124481}",0.1936512142419815,0.2623489201068878,0.21810808777809143,737856,0.3002947132380409,0.8736381579216355
timesfm3,monash_london_smart_meters,15,L15,block_depth,True,0.75,45.0,False,False,1e-05|0.0001|0.001|0.01|0.1|0.3|1|3|10|30|45|65|90,90.0,1e-05,13,0.01,0.45,"mean pinball over (batch, quantiles, horizon)",0.2602922320365906,"{""1e-05"": 0.3949216604232788, ""0.0001"": 0.3949655592441559, ""0.001"": 0.3949660062789917, ""0.01"": 0.39337775111198425, ""0.1"": 0.38116997480392456, ""0.3"": 0.3599203824996948, ""1"": 0.3211846649646759, ""3"": 0.28979912400245667, ""10"": 0.26966404914855957, ""30"": 0.2608957588672638, ""45"": 0.2602922320365906, ""65"": 0.2604295611381531, ""90"": 0.26274022459983826}","{""1e-05"": 0.3949216604232788, ""0.0001"": 0.3949655592441559, ""0.001"": 0.3949660062789917, ""0.01"": 0.39337775111198425, ""0.1"": 0.38116997480392456, ""0.3"": 0.3599203824996948, ""1"": 0.3211846649646759, ""3"": 0.28979912400245667, ""10"": 0.26966404914855957, ""30"": 0.2608957588672638, ""45"": 0.2602922320365906, ""65"": 0.2604295611381531, ""90"": 0.26274022459983826}",0.19399939477443695,0.2602922320365906,0.21721310913562775,737856,0.3002947132380409,0.8667892592243516
timesfm3,monash_london_smart_meters,16,L16,block_depth,True,0.8,45.0,False,False,1e-05|0.0001|0.001|0.01|0.1|0.3|1|3|10|30|45|65|90,90.0,1e-05,13,0.01,0.45,"mean pinball over (batch, quantiles, horizon)",0.26017633080482483,"{""1e-05"": 0.3909955322742462, ""0.0001"": 0.39121222496032715, ""0.001"": 0.39162176847457886, ""0.01"": 0.3898439407348633, ""0.1"": 0.3773820698261261, ""0.3"": 0.356772780418396, ""1"": 0.318948358297348, ""3"": 0.28821179270744324, ""10"": 0.2689236104488373, ""30"": 0.2612995505332947, ""45"": 0.26017633080482483, ""65"": 0.2602750062942505, ""90"": 0.26315838098526}","{""1e-05"": 0.3909955322742462, ""0.0001"": 0.39121222496032715, ""0.001"": 0.39162176847457886, ""0.01"": 0.3898439407348633, ""0.1"": 0.3773820698261261, ""0.3"": 0.356772780418396, ""1"": 0.318948358297348, ""3"": 0.28821179270744324, ""10"": 0.2689236104488373, ""30"": 0.2612995505332947, ""45"": 0.26017633080482483, ""65"": 0.2602750062942505, ""90"": 0.26315838098526}",0.1938473880290985,0.26017633080482483,0.2163698673248291,737856,0.3002947132380409,0.8664033009418497
timesfm3,monash_london_smart_meters,17,L17,block_depth,True,0.85,45.0,False,False,1e-05|0.0001|0.001|0.01|0.1|0.3|1|3|10|30|45|65|90,90.0,1e-05,13,0.01,0.45,"mean pinball over (batch, quantiles, horizon)",0.2586788833141327,"{""1e-05"": 0.37521955370903015, ""0.0001"": 0.3754221796989441, ""0.001"": 0.3752950131893158, ""0.01"": 0.3744351863861084, ""0.1"": 0.362720787525177, ""0.3"": 0.34524431824684143, ""1"": 0.311150461435318, ""3"": 0.2837897837162018, ""10"": 0.2670214772224426, ""30"": 0.25912779569625854, ""45"": 0.2586788833141327, ""65"": 0.2590407431125641, ""90"": 0.2619197368621826}","{""1e-05"": 0.37521955370903015, ""0.0001"": 0.3754221796989441, ""0.001"": 0.3752950131893158, ""0.01"": 0.3744351863861084, ""0.1"": 0.362720787525177, ""0.3"": 0.34524431824684143, ""1"": 0.311150461435318, ""3"": 0.2837897837162018, ""10"": 0.2670214772224426, ""30"": 0.25912779569625854, ""45"": 0.2586788833141327, ""65"": 0.2590407431125641, ""90"": 0.2619197368621826}",0.19481945037841797,0.2586788833141327,0.2155289351940155,737856,0.3002947132380409,0.861416708022696
timesfm3,monash_london_smart_meters,18,L18,block_depth,True,0.9,45.0,False,False,1e-05|0.0001|0.001|0.01|0.1|0.3|1|3|10|30|45|65|90,90.0,1e-05,13,0.01,0.45,"mean pinball over (batch, quantiles, horizon)",0.256597638130188,"{""1e-05"": 0.3616553843021393, ""0.0001"": 0.3611365258693695, ""0.001"": 0.36136406660079956, ""0.01"": 0.36051276326179504, ""0.1"": 0.3504484295845032, ""0.3"": 0.33478471636772156, ""1"": 0.30470719933509827, ""3"": 0.27979204058647156, ""10"": 0.2635952830314636, ""30"": 0.2575436532497406, ""45"": 0.256597638130188, ""65"": 0.25676921010017395, ""90"": 0.2603577673435211}","{""1e-05"": 0.3616553843021393, ""0.0001"": 0.3611365258693695, ""0.001"": 0.36136406660079956, ""0.01"": 0.36051276326179504, ""0.1"": 0.3504484295845032, ""0.3"": 0.33478471636772156, ""1"": 0.30470719933509827, ""3"": 0.27979204058647156, ""10"": 0.2635952830314636, ""30"": 0.2575436532497406, ""45"": 0.256597638130188, ""65"": 0.25676921010017395, ""90"": 0.2603577673435211}",0.19491888582706451,0.256597638130188,0.21461740136146545,737856,0.3002947132380409,0.8544860326155171
timesfm3,monash_london_smart_meters,19,L19,block_depth,True,0.95,45.0,False,False,1e-05|0.0001|0.001|0.01|0.1|0.3|1|3|10|30|45|65|90,90.0,1e-05,13,0.01,0.45,"mean pinball over (batch, quantiles, horizon)",0.2544254958629608,"{""1e-05"": 0.35487470030784607, ""0.0001"": 0.35596731305122375, ""0.001"": 0.35572198033332825, ""0.01"": 0.35389694571495056, ""0.1"": 0.344691663980484, ""0.3"": 0.3280479609966278, ""1"": 0.2990648150444031, ""3"": 0.2753235995769501, ""10"": 0.2607284486293793, ""30"": 0.254817396402359, ""45"": 0.2544254958629608, ""65"": 0.2544385492801666, ""90"": 0.25756317377090454}","{""1e-05"": 0.35487470030784607, ""0.0001"": 0.35596731305122375, ""0.001"": 0.35572198033332825, ""0.01"": 0.35389694571495056, ""0.1"": 0.344691663980484, ""0.3"": 0.3280479609966278, ""1"": 0.2990648150444031, ""3"": 0.2753235995769501, ""10"": 0.2607284486293793, ""30"": 0.254817396402359, ""45"": 0.2544254958629608, ""65"": 0.2544385492801666, ""90"": 0.25756317377090454}",0.19491301476955414,0.2544254958629608,0.21334417164325714,737856,0.3002947132380409,0.8472526642894309
timesfm3,monash_london_smart_meters,20,L20,block_depth,True,1.0,45.0,False,False,1e-05|0.0001|0.001|0.01|0.1|0.3|1|3|10|30|45|65|90,90.0,1e-05,13,0.01,0.45,"mean pinball over (batch, quantiles, horizon)",0.2580239772796631,"{""1e-05"": 0.38784313201904297, ""0.0001"": 0.3874565362930298, ""0.001"": 0.38749960064888, ""0.01"": 0.3861933946609497, ""0.1"": 0.3744155764579773, ""0.3"": 0.35550063848495483, ""1"": 0.31893572211265564, ""3"": 0.2887783348560333, ""10"": 0.2681278884410858, ""30"": 0.2593572437763214, ""45"": 0.2580239772796631, ""65"": 0.258545458316803, ""90"": 0.2605196535587311}","{""1e-05"": 0.38784313201904297, ""0.0001"": 0.3874565362930298, ""0.001"": 0.38749960064888, ""0.01"": 0.3861933946609497, ""0.1"": 0.3744155764579773, ""0.3"": 0.35550063848495483, ""1"": 0.31893572211265564, ""3"": 0.2887783348560333, ""10"": 0.2681278884410858, ""30"": 0.2593572437763214, ""45"": 0.2580239772796631, ""65"": 0.258545458316803, ""90"": 0.2605196535587311}",0.1911904662847519,0.2580239772796631,0.21611027419567108,737856,0.3002947132380409,0.8592358303528634
timesfm3,m5,0,Emb,block_depth,True,0.0,65.0,False,False,1e-05|0.0001|0.001|0.01|0.1|0.3|1|3|10|30|45|65|90,90.0,1e-05,13,0.01,0.65,"mean pinball over (batch, quantiles, horizon)",0.2861891984939575,"{""1e-05"": 0.3035711944103241, ""0.0001"": 0.3040032684803009, ""0.001"": 0.30382469296455383, ""0.01"": 0.3037879168987274, ""0.1"": 0.3026428818702698, ""0.3"": 0.3007006347179413, ""1"": 0.2962455153465271, ""3"": 0.2924358546733856, ""10"": 0.28902435302734375, ""30"": 0.28751739859580994, ""45"": 0.2862898111343384, ""65"": 0.2861891984939575, ""90"": 0.2880373001098633}","{""1e-05"": 0.3035711944103241, ""0.0001"": 0.3040032684803009, ""0.001"": 0.30382469296455383, ""0.01"": 0.3037879168987274, ""0.1"": 0.3026428818702698, ""0.3"": 0.3007006347179413, ""1"": 0.2962455153465271, ""3"": 0.2924358546733856, ""10"": 0.28902435302734375, ""30"": 0.28751739859580994, ""45"": 0.2862898111343384, ""65"": 0.2861891984939575, ""90"": 0.2880373001098633}",0.26018205285072327,0.2861891984939575,0.3018242120742798,737856,0.2818191304006649,1.015506641039874
timesfm3,m5,1,L1,block_depth,True,0.05,45.0,False,False,1e-05|0.0001|0.001|0.01|0.1|0.3|1|3|10|30|45|65|90,90.0,1e-05,13,0.01,0.45,"mean pinball over (batch, quantiles, horizon)",0.28021690249443054,"{""1e-05"": 0.32123664021492004, ""0.0001"": 0.32108089327812195, ""0.001"": 0.32111650705337524, ""0.01"": 0.32078617811203003, ""0.1"": 0.31711286306381226, ""0.3"": 0.31124335527420044, ""1"": 0.3013473451137543, ""3"": 0.2920700013637543, ""10"": 0.28481537103652954, ""30"": 0.2808174788951874, ""45"": 0.28021690249443054, ""65"": 0.28123781085014343, ""90"": 0.2826579213142395}","{""1e-05"": 0.32123664021492004, ""0.0001"": 0.32108089327812195, ""0.001"": 0.32111650705337524, ""0.01"": 0.32078617811203003, ""0.1"": 0.31711286306381226, ""0.3"": 0.31124335527420044, ""1"": 0.3013473451137543, ""3"": 0.2920700013637543, ""10"": 0.28481537103652954, ""30"": 0.2808174788951874, ""45"": 0.28021690249443054, ""65"": 0.28123781085014343, ""90"": 0.2826579213142395}",0.24661020934581757,0.28021690249443054,0.2954966723918915,737856,0.2818191304006649,0.9943146943078119
timesfm3,m5,2,L2,block_depth,True,0.1,65.0,False,False,1e-05|0.0001|0.001|0.01|0.1|0.3|1|3|10|30|45|65|90,90.0,1e-05,13,0.01,0.65,"mean pinball over (batch, quantiles, horizon)",0.2786042392253876,"{""1e-05"": 0.365387886762619, ""0.0001"": 0.36546218395233154, ""0.001"": 0.3655267357826233, ""0.01"": 0.36526671051979065, ""0.1"": 0.3573427200317383, ""0.3"": 0.3448162078857422, ""1"": 0.32164466381073, ""3"": 0.30212855339050293, ""10"": 0.28817668557167053, ""30"": 0.2808746099472046, ""45"": 0.27879589796066284, ""65"": 0.2786042392253876, ""90"": 0.2799370586872101}","{""1e-05"": 0.365387886762619, ""0.0001"": 0.36546218395233154, ""0.001"": 0.3655267357826233, ""0.01"": 0.36526671051979065, ""0.1"": 0.3573427200317383, ""0.3"": 0.3448162078857422, ""1"": 0.32164466381073, ""3"": 0.30212855339050293, ""10"": 0.28817668557167053, ""30"": 0.2808746099472046, ""45"": 0.27879589796066284, ""65"": 0.2786042392253876, ""90"": 0.2799370586872101}",0.24169085919857025,0.2786042392253876,0.2945881485939026,737856,0.2818191304006649,0.9885923600335197
timesfm3,m5,3,L3,block_depth,True,0.15,65.0,False,False,1e-05|0.0001|0.001|0.01|0.1|0.3|1|3|10|30|45|65|90,90.0,1e-05,13,0.01,0.65,"mean pinball over (batch, quantiles, horizon)",0.2778880298137665,"{""1e-05"": 0.4054381251335144, ""0.0001"": 0.4057846665382385, ""0.001"": 0.4053698182106018, ""0.01"": 0.40436941385269165, ""0.1"": 0.3938961625099182, ""0.3"": 0.3760351836681366, ""1"": 0.34288614988327026, ""3"": 0.31342512369155884, ""10"": 0.2927309572696686, ""30"": 0.28197479248046875, ""45"": 0.27938875555992126, ""65"": 0.2778880298137665, ""90"": 0.27876219153404236}","{""1e-05"": 0.4054381251335144, ""0.0001"": 0.4057846665382385, ""0.001"": 0.4053698182106018, ""0.01"": 0.40436941385269165, ""0.1"": 0.3938961625099182, ""0.3"": 0.3760351836681366, ""1"": 0.34288614988327026, ""3"": 0.31342512369155884, ""10"": 0.2927309572696686, ""30"": 0.28197479248046875, ""45"": 0.27938875555992126, ""65"": 0.2778880298137665, ""90"": 0.27876219153404236}",0.23594772815704346,0.2778880298137665,0.2934538424015045,737856,0.2818191304006649,0.9860509803528612
timesfm3,m5,4,L4,block_depth,True,0.2,90.0,True,False,1e-05|0.0001|0.001|0.01|0.1|0.3|1|3|10|30|45|65|90,90.0,1e-05,13,0.01,0.9,"mean pinball over (batch, quantiles, horizon)",0.2779224216938019,"{""1e-05"": 0.42535319924354553, ""0.0001"": 0.42558178305625916, ""0.001"": 0.4251001179218292, ""0.01"": 0.42432600259780884, ""0.1"": 0.4122041165828705, ""0.3"": 0.39128437638282776, ""1"": 0.3518316149711609, ""3"": 0.31805914640426636, ""10"": 0.2952363193035126, ""30"": 0.28266075253486633, ""45"": 0.27982568740844727, ""65"": 0.2780744135379791, ""90"": 0.2779224216938019}","{""1e-05"": 0.42535319924354553, ""0.0001"": 0.42558178305625916, ""0.001"": 0.4251001179218292, ""0.01"": 0.42432600259780884, ""0.1"": 0.4122041165828705, ""0.3"": 0.39128437638282776, ""1"": 0.3518316149711609, ""3"": 0.31805914640426636, ""10"": 0.2952363193035126, ""30"": 0.28266075253486633, ""45"": 0.27982568740844727, ""65"": 0.2780744135379791, ""90"": 0.2779224216938019}",0.23977899551391602,0.2779224216938019,0.2935066819190979,737856,0.2818191304006649,0.9861730156454495
timesfm3,m5,5,L5,block_depth,True,0.25,90.0,True,False,1e-05|0.0001|0.001|0.01|0.1|0.3|1|3|10|30|45|65|90,90.0,1e-05,13,0.01,0.9,"mean pinball over (batch, quantiles, horizon)",0.27912193536758423,"{""1e-05"": 0.4425559937953949, ""0.0001"": 0.44251665472984314, ""0.001"": 0.4423811733722687, ""0.01"": 0.44092679023742676, ""0.1"": 0.42808958888053894, ""0.3"": 0.40468892455101013, ""1"": 0.36109715700149536, ""3"": 0.3229008913040161, ""10"": 0.29726678133010864, ""30"": 0.28389430046081543, ""45"": 0.28113853931427, ""65"": 0.27937155961990356, ""90"": 0.27912193536758423}","{""1e-05"": 0.4425559937953949, ""0.0001"": 0.44251665472984314, ""0.001"": 0.4423811733722687, ""0.01"": 0.44092679023742676, ""0.1"": 0.42808958888053894, ""0.3"": 0.40468892455101013, ""1"": 0.36109715700149536, ""3"": 0.3229008913040161, ""10"": 0.29726678133010864, ""30"": 0.28389430046081543, ""45"": 0.28113853931427, ""65"": 0.27937155961990356, ""90"": 0.27912193536758423}",0.2406960427761078,0.27912193536758423,0.29379549622535706,737856,0.2818191304006649,0.9904293401613792
timesfm3,m5,6,L6,block_depth,True,0.3,65.0,False,False,1e-05|0.0001|0.001|0.01|0.1|0.3|1|3|10|30|45|65|90,90.0,1e-05,13,0.01,0.65,"mean pinball over (batch, quantiles, horizon)",0.2788306176662445,"{""1e-05"": 0.4444306492805481, ""0.0001"": 0.4434671103954315, ""0.001"": 0.44368085265159607, ""0.01"": 0.4420861601829529, ""0.1"": 0.4287363290786743, ""0.3"": 0.4054071009159088, ""1"": 0.36028754711151123, ""3"": 0.321691632270813, ""10"": 0.2963204085826874, ""30"": 0.28332093358039856, ""45"": 0.280297189950943, ""65"": 0.2788306176662445, ""90"": 0.2797555923461914}","{""1e-05"": 0.4444306492805481, ""0.0001"": 0.4434671103954315, ""0.001"": 0.44368085265159607, ""0.01"": 0.4420861601829529, ""0.1"": 0.4287363290786743, ""0.3"": 0.4054071009159088, ""1"": 0.36028754711151123, ""3"": 0.321691632270813, ""10"": 0.2963204085826874, ""30"": 0.28332093358039856, ""45"": 0.280297189950943, ""65"": 0.2788306176662445, ""90"": 0.2797555923461914}",0.23470839858055115,0.2788306176662445,0.2930832505226135,737856,0.2818191304006649,0.9893956356682685
timesfm3,m5,7,L7,block_depth,True,0.35,90.0,True,False,1e-05|0.0001|0.001|0.01|0.1|0.3|1|3|10|30|45|65|90,90.0,1e-05,13,0.01,0.9,"mean pinball over (batch, quantiles, horizon)",0.27919870615005493,"{""1e-05"": 0.46378886699676514, ""0.0001"": 0.46369001269340515, ""0.001"": 0.46338343620300293, ""0.01"": 0.4622448682785034, ""0.1"": 0.4470064043998718, ""0.3"": 0.42053887248039246, ""1"": 0.36948204040527344, ""3"": 0.32623395323753357, ""10"": 0.29767340421676636, ""30"": 0.2838802635669708, ""45"": 0.2803761065006256, ""65"": 0.27923280000686646, ""90"": 0.27919870615005493}","{""1e-05"": 0.46378886699676514, ""0.0001"": 0.46369001269340515, ""0.001"": 0.46338343620300293, ""0.01"": 0.4622448682785034, ""0.1"": 0.4470064043998718, ""0.3"": 0.42053887248039246, ""1"": 0.36948204040527344, ""3"": 0.32623395323753357, ""10"": 0.29767340421676636, ""30"": 0.2838802635669708, ""45"": 0.2803761065006256, ""65"": 0.27923280000686646, ""90"": 0.27919870615005493}",0.23988434672355652,0.27919870615005493,0.2931750416755676,737856,0.2818191304006649,0.9907017516983871
timesfm3,m5,8,L8,block_depth,True,0.4,90.0,True,False,1e-05|0.0001|0.001|0.01|0.1|0.3|1|3|10|30|45|65|90,90.0,1e-05,13,0.01,0.9,"mean pinball over (batch, quantiles, horizon)",0.27894556522369385,"{""1e-05"": 0.4704185724258423, ""0.0001"": 0.470673531293869, ""0.001"": 0.4705387353897095, ""0.01"": 0.4686925411224365, ""0.1"": 0.4527948498725891, ""0.3"": 0.4257020354270935, ""1"": 0.3715980350971222, ""3"": 0.3263113498687744, ""10"": 0.29766204953193665, ""30"": 0.28379306197166443, ""45"": 0.2806430757045746, ""65"": 0.27901098132133484, ""90"": 0.27894556522369385}","{""1e-05"": 0.4704185724258423, ""0.0001"": 0.470673531293869, ""0.001"": 0.4705387353897095, ""0.01"": 0.4686925411224365, ""0.1"": 0.4527948498725891, ""0.3"": 0.4257020354270935, ""1"": 0.3715980350971222, ""3"": 0.3263113498687744, ""10"": 0.29766204953193665, ""30"": 0.28379306197166443, ""45"": 0.2806430757045746, ""65"": 0.27901098132133484, ""90"": 0.27894556522369385}",0.2402358055114746,0.27894556522369385,0.2928287386894226,737856,0.2818191304006649,0.9898035127250386
timesfm3,m5,9,L9,block_depth,True,0.45,65.0,False,False,1e-05|0.0001|0.001|0.01|0.1|0.3|1|3|10|30|45|65|90,90.0,1e-05,13,0.01,0.65,"mean pinball over (batch, quantiles, horizon)",0.2791648507118225,"{""1e-05"": 0.46946313977241516, ""0.0001"": 0.4697883725166321, ""0.001"": 0.4690530598163605, ""0.01"": 0.4675615131855011, ""0.1"": 0.451894611120224, ""0.3"": 0.4243600070476532, ""1"": 0.3718378245830536, ""3"": 0.3270556926727295, ""10"": 0.2971588671207428, ""30"": 0.283243328332901, ""45"": 0.28058144450187683, ""65"": 0.2791648507118225, ""90"": 0.2796846926212311}","{""1e-05"": 0.46946313977241516, ""0.0001"": 0.4697883725166321, ""0.001"": 0.4690530598163605, ""0.01"": 0.4675615131855011, ""0.1"": 0.451894611120224, ""0.3"": 0.4243600070476532, ""1"": 0.3718378245830536, ""3"": 0.3270556926727295, ""10"": 0.2971588671207428, ""30"": 0.283243328332901, ""45"": 0.28058144450187683, ""65"": 0.2791648507118225, ""90"": 0.2796846926212311}",0.23486271500587463,0.2791648507118225,0.2929475009441376,737856,0.2818191304006649,0.9905816199025638
timesfm3,m5,10,L10,block_depth,True,0.5,90.0,True,False,1e-05|0.0001|0.001|0.01|0.1|0.3|1|3|10|30|45|65|90,90.0,1e-05,13,0.01,0.9,"mean pinball over (batch, quantiles, horizon)",0.27919507026672363,"{""1e-05"": 0.47086432576179504, ""0.0001"": 0.47080859541893005, ""0.001"": 0.4702334702014923, ""0.01"": 0.4687826931476593, ""0.1"": 0.4530739486217499, ""0.3"": 0.4247414469718933, ""1"": 0.37163421511650085, ""3"": 0.3265836238861084, ""10"": 0.2973673641681671, ""30"": 0.2834826111793518, ""45"": 0.28049278259277344, ""65"": 0.27921125292778015, ""90"": 0.27919507026672363}","{""1e-05"": 0.47086432576179504, ""0.0001"": 0.47080859541893005, ""0.001"": 0.4702334702014923, ""0.01"": 0.4687826931476593, ""0.1"": 0.4530739486217499, ""0.3"": 0.4247414469718933, ""1"": 0.37163421511650085, ""3"": 0.3265836238861084, ""10"": 0.2973673641681671, ""30"": 0.2834826111793518, ""45"": 0.28049278259277344, ""65"": 0.27921125292778015, ""90"": 0.27919507026672363}",0.2411489188671112,0.27919507026672363,0.2931111454963684,737856,0.2818191304006649,0.9906888502203146
timesfm3,m5,11,L11,block_depth,True,0.55,65.0,False,False,1e-05|0.0001|0.001|0.01|0.1|0.3|1|3|10|30|45|65|90,90.0,1e-05,13,0.01,0.65,"mean pinball over (batch, quantiles, horizon)",0.27926477789878845,"{""1e-05"": 0.4646438956260681, ""0.0001"": 0.4649459719657898, ""0.001"": 0.4646115005016327, ""0.01"": 0.4626472294330597, ""0.1"": 0.44776883721351624, ""0.3"": 0.42073193192481995, ""1"": 0.36919671297073364, ""3"": 0.325233519077301, ""10"": 0.2965288460254669, ""30"": 0.28272193670272827, ""45"": 0.2804604172706604, ""65"": 0.27926477789878845, ""90"": 0.2794010043144226}","{""1e-05"": 0.4646438956260681, ""0.0001"": 0.4649459719657898, ""0.001"": 0.4646115005016327, ""0.01"": 0.4626472294330597, ""0.1"": 0.44776883721351624, ""0.3"": 0.42073193192481995, ""1"": 0.36919671297073364, ""3"": 0.325233519077301, ""10"": 0.2965288460254669, ""30"": 0.28272193670272827, ""45"": 0.2804604172706604, ""65"": 0.27926477789878845, ""90"": 0.2794010043144226}",0.23500877618789673,0.27926477789878845,0.29274433851242065,737856,0.2818191304006649,0.9909361990499193
timesfm3,m5,12,L12,block_depth,True,0.6,65.0,False,False,1e-05|0.0001|0.001|0.01|0.1|0.3|1|3|10|30|45|65|90,90.0,1e-05,13,0.01,0.65,"mean pinball over (batch, quantiles, horizon)",0.2785128653049469,"{""1e-05"": 0.46457427740097046, ""0.0001"": 0.464508593082428, ""0.001"": 0.4638529419898987, ""0.01"": 0.4626384675502777, ""0.1"": 0.4471878111362457, ""0.3"": 0.41961389780044556, ""1"": 0.3679928481578827, ""3"": 0.3244762718677521, ""10"": 0.29607048630714417, ""30"": 0.28295058012008667, ""45"": 0.28031742572784424, ""65"": 0.2785128653049469, ""90"": 0.27888786792755127}","{""1e-05"": 0.46457427740097046, ""0.0001"": 0.464508593082428, ""0.001"": 0.4638529419898987, ""0.01"": 0.4626384675502777, ""0.1"": 0.4471878111362457, ""0.3"": 0.41961389780044556, ""1"": 0.3679928481578827, ""3"": 0.3244762718677521, ""10"": 0.29607048630714417, ""30"": 0.28295058012008667, ""45"": 0.28031742572784424, ""65"": 0.2785128653049469, ""90"": 0.27888786792755127}",0.23408611118793488,0.2785128653049469,0.2924262583255768,737856,0.2818191304006649,0.9882681310845809
timesfm3,m5,13,L13,block_depth,True,0.65,65.0,False,False,1e-05|0.0001|0.001|0.01|0.1|0.3|1|3|10|30|45|65|90,90.0,1e-05,13,0.01,0.65,"mean pinball over (batch, quantiles, horizon)",0.27876684069633484,"{""1e-05"": 0.45530956983566284, ""0.0001"": 0.45486485958099365, ""0.001"": 0.4548898935317993, ""0.01"": 0.45334166288375854, ""0.1"": 0.4376560151576996, ""0.3"": 0.41132402420043945, ""1"": 0.3615516424179077, ""3"": 0.3198147416114807, ""10"": 0.29389622807502747, ""30"": 0.2815350592136383, ""45"": 0.27931562066078186, ""65"": 0.27876684069633484, ""90"": 0.27942022681236267}","{""1e-05"": 0.45530956983566284, ""0.0001"": 0.45486485958099365, ""0.001"": 0.4548898935317993, ""0.01"": 0.45334166288375854, ""0.1"": 0.4376560151576996, ""0.3"": 0.41132402420043945, ""1"": 0.3615516424179077, ""3"": 0.3198147416114807, ""10"": 0.29389622807502747, ""30"": 0.2815350592136383, ""45"": 0.27931562066078186, ""65"": 0.27876684069633484, ""90"": 0.27942022681236267}",0.23614554107189178,0.27876684069633484,0.2927236258983612,737856,0.2818191304006649,0.989169331052897
timesfm3,m5,14,L14,block_depth,True,0.7,90.0,True,False,1e-05|0.0001|0.001|0.01|0.1|0.3|1|3|10|30|45|65|90,90.0,1e-05,13,0.01,0.9,"mean pinball over (batch, quantiles, horizon)",0.2786043584346771,"{""1e-05"": 0.4560386836528778, ""0.0001"": 0.45595014095306396, ""0.001"": 0.4555184245109558, ""0.01"": 0.4540669322013855, ""0.1"": 0.43874669075012207, ""0.3"": 0.41201871633529663, ""1"": 0.36275702714920044, ""3"": 0.3209061622619629, ""10"": 0.29442253708839417, ""30"": 0.28200554847717285, ""45"": 0.27979543805122375, ""65"": 0.27877381443977356, ""90"": 0.2786043584346771}","{""1e-05"": 0.4560386836528778, ""0.0001"": 0.45595014095306396, ""0.001"": 0.4555184245109558, ""0.01"": 0.4540669322013855, ""0.1"": 0.43874669075012207, ""0.3"": 0.41201871633529663, ""1"": 0.36275702714920044, ""3"": 0.3209061622619629, ""10"": 0.29442253708839417, ""30"": 0.28200554847717285, ""45"": 0.27979543805122375, ""65"": 0.27877381443977356, ""90"": 0.2786043584346771}",0.24189332127571106,0.2786043584346771,0.292974054813385,737856,0.2818191304006649,0.9885927830328007
timesfm3,m5,15,L15,block_depth,True,0.75,65.0,False,False,1e-05|0.0001|0.001|0.01|0.1|0.3|1|3|10|30|45|65|90,90.0,1e-05,13,0.01,0.65,"mean pinball over (batch, quantiles, horizon)",0.2784501314163208,"{""1e-05"": 0.4538799524307251, ""0.0001"": 0.4531879723072052, ""0.001"": 0.4537512958049774, ""0.01"": 0.4521731436252594, ""0.1"": 0.43684229254722595, ""0.3"": 0.41102832555770874, ""1"": 0.3618020713329315, ""3"": 0.32060515880584717, ""10"": 0.29418665170669556, ""30"": 0.28196465969085693, ""45"": 0.2787352204322815, ""65"": 0.2784501314163208, ""90"": 0.2789926528930664}","{""1e-05"": 0.4538799524307251, ""0.0001"": 0.4531879723072052, ""0.001"": 0.4537512958049774, ""0.01"": 0.4521731436252594, ""0.1"": 0.43684229254722595, ""0.3"": 0.41102832555770874, ""1"": 0.3618020713329315, ""3"": 0.32060515880584717, ""10"": 0.29418665170669556, ""30"": 0.28196465969085693, ""45"": 0.2787352204322815, ""65"": 0.2784501314163208, ""90"": 0.2789926528930664}",0.23654358088970184,0.2784501314163208,0.2927839159965515,737856,0.2818191304006649,0.9880455277129186
timesfm3,m5,16,L16,block_depth,True,0.8,65.0,False,False,1e-05|0.0001|0.001|0.01|0.1|0.3|1|3|10|30|45|65|90,90.0,1e-05,13,0.01,0.65,"mean pinball over (batch, quantiles, horizon)",0.2780309319496155,"{""1e-05"": 0.43961912393569946, ""0.0001"": 0.439182311296463, ""0.001"": 0.43884560465812683, ""0.01"": 0.4378509223461151, ""0.1"": 0.42407530546188354, ""0.3"": 0.39980438351631165, ""1"": 0.35473790764808655, ""3"": 0.31699609756469727, ""10"": 0.29299309849739075, ""30"": 0.28125789761543274, ""45"": 0.27912965416908264, ""65"": 0.2780309319496155, ""90"": 0.2791193723678589}","{""1e-05"": 0.43961912393569946, ""0.0001"": 0.439182311296463, ""0.001"": 0.43884560465812683, ""0.01"": 0.4378509223461151, ""0.1"": 0.42407530546188354, ""0.3"": 0.39980438351631165, ""1"": 0.35473790764808655, ""3"": 0.31699609756469727, ""10"": 0.29299309849739075, ""30"": 0.28125789761543274, ""45"": 0.27912965416908264, ""65"": 0.2780309319496155, ""90"": 0.2791193723678589}",0.2365994155406952,0.2780309319496155,0.2922409176826477,737856,0.2818191304006649,0.9865580507410419
timesfm3,m5,17,L17,block_depth,True,0.85,90.0,True,False,1e-05|0.0001|0.001|0.01|0.1|0.3|1|3|10|30|45|65|90,90.0,1e-05,13,0.01,0.9,"mean pinball over (batch, quantiles, horizon)",0.2794145941734314,"{""1e-05"": 0.4180161654949188, ""0.0001"": 0.41843414306640625, ""0.001"": 0.4179835915565491, ""0.01"": 0.4162117838859558, ""0.1"": 0.40472665429115295, ""0.3"": 0.384459525346756, ""1"": 0.34508201479911804, ""3"": 0.31293895840644836, ""10"": 0.29160070419311523, ""30"": 0.28145742416381836, ""45"": 0.2802397906780243, ""65"": 0.2805461883544922, ""90"": 0.2794145941734314}","{""1e-05"": 0.4180161654949188, ""0.0001"": 0.41843414306640625, ""0.001"": 0.4179835915565491, ""0.01"": 0.4162117838859558, ""0.1"": 0.40472665429115295, ""0.3"": 0.384459525346756, ""1"": 0.34508201479911804, ""3"": 0.31293895840644836, ""10"": 0.29160070419311523, ""30"": 0.28145742416381836, ""45"": 0.2802397906780243, ""65"": 0.2805461883544922, ""90"": 0.2794145941734314}",0.24512095749378204,0.2794145941734314,0.29338452219963074,737856,0.2818191304006649,0.991467803396402
timesfm3,m5,18,L18,block_depth,True,0.9,65.0,False,False,1e-05|0.0001|0.001|0.01|0.1|0.3|1|3|10|30|45|65|90,90.0,1e-05,13,0.01,0.65,"mean pinball over (batch, quantiles, horizon)",0.2802523076534271,"{""1e-05"": 0.3977750241756439, ""0.0001"": 0.39828556776046753, ""0.001"": 0.3983552157878876, ""0.01"": 0.3972829580307007, ""0.1"": 0.38636744022369385, ""0.3"": 0.36852020025253296, ""1"": 0.33569416403770447, ""3"": 0.3082844614982605, ""10"": 0.2902623116970062, ""30"": 0.28210362792015076, ""45"": 0.28121739625930786, ""65"": 0.2802523076534271, ""90"": 0.2816469669342041}","{""1e-05"": 0.3977750241756439, ""0.0001"": 0.39828556776046753, ""0.001"": 0.3983552157878876, ""0.01"": 0.3972829580307007, ""0.1"": 0.38636744022369385, ""0.3"": 0.36852020025253296, ""1"": 0.33569416403770447, ""3"": 0.3082844614982605, ""10"": 0.2902623116970062, ""30"": 0.28210362792015076, ""45"": 0.28121739625930786, ""65"": 0.2802523076534271, ""90"": 0.2816469669342041}",0.24597957730293274,0.2802523076534271,0.2937644124031067,737856,0.2818191304006649,0.9944403250942893
timesfm3,m5,19,L19,block_depth,True,0.95,65.0,False,False,1e-05|0.0001|0.001|0.01|0.1|0.3|1|3|10|30|45|65|90,90.0,1e-05,13,0.01,0.65,"mean pinball over (batch, quantiles, horizon)",0.2814960777759552,"{""1e-05"": 0.37100622057914734, ""0.0001"": 0.37105754017829895, ""0.001"": 0.3706204295158386, ""0.01"": 0.37036749720573425, ""0.1"": 0.36094263195991516, ""0.3"": 0.346461683511734, ""1"": 0.3207266330718994, ""3"": 0.30022478103637695, ""10"": 0.28857940435409546, ""30"": 0.2822878956794739, ""45"": 0.28158894181251526, ""65"": 0.2814960777759552, ""90"": 0.2814970016479492}","{""1e-05"": 0.37100622057914734, ""0.0001"": 0.37105754017829895, ""0.001"": 0.3706204295158386, ""0.01"": 0.37036749720573425, ""0.1"": 0.36094263195991516, ""0.3"": 0.346461683511734, ""1"": 0.3207266330718994, ""3"": 0.30022478103637695, ""10"": 0.28857940435409546, ""30"": 0.2822878956794739, ""45"": 0.28158894181251526, ""65"": 0.2814960777759552, ""90"": 0.2814970016479492}",0.24976803362369537,0.2814960777759552,0.29490926861763,737856,0.2818191304006649,0.9988536880933157
timesfm3,m5,20,L20,block_depth,True,1.0,65.0,False,False,1e-05|0.0001|0.001|0.01|0.1|0.3|1|3|10|30|45|65|90,90.0,1e-05,13,0.01,0.65,"mean pinball over (batch, quantiles, horizon)",0.2773582935333252,"{""1e-05"": 0.3807274401187897, ""0.0001"": 0.38113129138946533, ""0.001"": 0.3804953694343567, ""0.01"": 0.37906309962272644, ""0.1"": 0.369279146194458, ""0.3"": 0.35375744104385376, ""1"": 0.32411637902259827, ""3"": 0.3003832995891571, ""10"": 0.28589728474617004, ""30"": 0.27857813239097595, ""45"": 0.27768468856811523, ""65"": 0.2773582935333252, ""90"": 0.2774454653263092}","{""1e-05"": 0.3807274401187897, ""0.0001"": 0.38113129138946533, ""0.001"": 0.3804953694343567, ""0.01"": 0.37906309962272644, ""0.1"": 0.369279146194458, ""0.3"": 0.35375744104385376, ""1"": 0.32411637902259827, ""3"": 0.3003832995891571, ""10"": 0.28589728474617004, ""30"": 0.27857813239097595, ""45"": 0.27768468856811523, ""65"": 0.2773582935333252, ""90"": 0.2774454653263092}",0.24471859633922577,0.2773582935333252,0.2932572066783905,737856,0.2818191304006649,0.9841712772976139
timesfm3,wiki_daily_100k,0,Emb,block_depth,True,0.0,30.0,False,False,1e-05|0.0001|0.001|0.01|0.1|0.3|1|3|10|30|45|65|90,90.0,1e-05,13,0.01,0.3,"mean pinball over (batch, quantiles, horizon)",0.26614177227020264,"{""1e-05"": 0.27448737621307373, ""0.0001"": 0.27463334798812866, ""0.001"": 0.274627685546875, ""0.01"": 0.27455615997314453, ""0.1"": 0.2738547921180725, ""0.3"": 0.27210745215415955, ""1"": 0.269466370344162, ""3"": 0.26727059483528137, ""10"": 0.2662500739097595, ""30"": 0.26614177227020264, ""45"": 0.2664202153682709, ""65"": 0.2679731249809265, ""90"": 0.270468145608902}","{""1e-05"": 0.27448737621307373, ""0.0001"": 0.27463334798812866, ""0.001"": 0.274627685546875, ""0.01"": 0.27455615997314453, ""0.1"": 0.2738547921180725, ""0.3"": 0.27210745215415955, ""1"": 0.269466370344162, ""3"": 0.26727059483528137, ""10"": 0.2662500739097595, ""30"": 0.26614177227020264, ""45"": 0.2664202153682709, ""65"": 0.2679731249809265, ""90"": 0.270468145608902}",0.2814487814903259,0.26614177227020264,0.2628377079963684,737856,0.29510931682040675,0.9018413079522232
timesfm3,wiki_daily_100k,1,L1,block_depth,True,0.05,30.0,False,False,1e-05|0.0001|0.001|0.01|0.1|0.3|1|3|10|30|45|65|90,90.0,1e-05,13,0.01,0.3,"mean pinball over (batch, quantiles, horizon)",0.2654608190059662,"{""1e-05"": 0.30164608359336853, ""0.0001"": 0.3019370138645172, ""0.001"": 0.3018767833709717, ""0.01"": 0.30181920528411865, ""0.1"": 0.29818227887153625, ""0.3"": 0.29262468218803406, ""1"": 0.28291967511177063, ""3"": 0.27502742409706116, ""10"": 0.26841530203819275, ""30"": 0.2654608190059662, ""45"": 0.2657785415649414, ""65"": 0.2666351795196533, ""90"": 0.26897957921028137}","{""1e-05"": 0.30164608359336853, ""0.0001"": 0.3019370138645172, ""0.001"": 0.3018767833709717, ""0.01"": 0.30181920528411865, ""0.1"": 0.29818227887153625, ""0.3"": 0.29262468218803406, ""1"": 0.28291967511177063, ""3"": 0.27502742409706116, ""10"": 0.26841530203819275, ""30"": 0.2654608190059662, ""45"": 0.2657785415649414, ""65"": 0.2666351795196533, ""90"": 0.26897957921028137}",0.2661415636539459,0.2654608190059662,0.2570072114467621,737856,0.29510931682040675,0.8995338468677232
timesfm3,wiki_daily_100k,2,L2,block_depth,True,0.1,45.0,False,False,1e-05|0.0001|0.001|0.01|0.1|0.3|1|3|10|30|45|65|90,90.0,1e-05,13,0.01,0.45,"mean pinball over (batch, quantiles, horizon)",0.26520439982414246,"{""1e-05"": 0.3406929671764374, ""0.0001"": 0.3406042456626892, ""0.001"": 0.3405432105064392, ""0.01"": 0.33979639410972595, ""0.1"": 0.3338037431240082, ""0.3"": 0.3229949176311493, ""1"": 0.3031313419342041, ""3"": 0.2862614095211029, ""10"": 0.27292490005493164, ""30"": 0.26623809337615967, ""45"": 0.26520439982414246, ""65"": 0.2652476727962494, ""90"": 0.2668689489364624}","{""1e-05"": 0.3406929671764374, ""0.0001"": 0.3406042456626892, ""0.001"": 0.3405432105064392, ""0.01"": 0.33979639410972595, ""0.1"": 0.3338037431240082, ""0.3"": 0.3229949176311493, ""1"": 0.3031313419342041, ""3"": 0.2862614095211029, ""10"": 0.27292490005493164, ""30"": 0.26623809337615967, ""45"": 0.26520439982414246, ""65"": 0.2652476727962494, ""90"": 0.2668689489364624}",0.2591111958026886,0.26520439982414246,0.2552490830421448,737856,0.29510931682040675,0.898664951284939
timesfm3,wiki_daily_100k,3,L3,block_depth,True,0.15,65.0,False,False,1e-05|0.0001|0.001|0.01|0.1|0.3|1|3|10|30|45|65|90,90.0,1e-05,13,0.01,0.65,"mean pinball over (batch, quantiles, horizon)",0.2651398777961731,"{""1e-05"": 0.36550185084342957, ""0.0001"": 0.3658148944377899, ""0.001"": 0.3655387759208679, ""0.01"": 0.3645241856575012, ""0.1"": 0.3565915524959564, ""0.3"": 0.3428904712200165, ""1"": 0.31719768047332764, ""3"": 0.2945776879787445, ""10"": 0.2780539393424988, ""30"": 0.26822614669799805, ""45"": 0.2662219703197479, ""65"": 0.2651398777961731, ""90"": 0.26551732420921326}","{""1e-05"": 0.36550185084342957, ""0.0001"": 0.3658148944377899, ""0.001"": 0.3655387759208679, ""0.01"": 0.3645241856575012, ""0.1"": 0.3565915524959564, ""0.3"": 0.3428904712200165, ""1"": 0.31719768047332764, ""3"": 0.2945776879787445, ""10"": 0.2780539393424988, ""30"": 0.26822614669799805, ""45"": 0.2662219703197479, ""65"": 0.2651398777961731, ""90"": 0.26551732420921326}",0.25884923338890076,0.2651398777961731,0.2556222677230835,737856,0.29510931682040675,0.898446313565654
timesfm3,wiki_daily_100k,4,L4,block_depth,True,0.2,65.0,False,False,1e-05|0.0001|0.001|0.01|0.1|0.3|1|3|10|30|45|65|90,90.0,1e-05,13,0.01,0.65,"mean pinball over (batch, quantiles, horizon)",0.2651788890361786,"{""1e-05"": 0.382223516702652, ""0.0001"": 0.38226839900016785, ""0.001"": 0.38230782747268677, ""0.01"": 0.38069427013397217, ""0.1"": 0.3714766502380371, ""0.3"": 0.35488831996917725, ""1"": 0.3239072263240814, ""3"": 0.2976830303668976, ""10"": 0.2791851758956909, ""30"": 0.2688422203063965, ""45"": 0.2663469910621643, ""65"": 0.2651788890361786, ""90"": 0.26526010036468506}","{""1e-05"": 0.382223516702652, ""0.0001"": 0.38226839900016785, ""0.001"": 0.38230782747268677, ""0.01"": 0.38069427013397217, ""0.1"": 0.3714766502380371, ""0.3"": 0.35488831996917725, ""1"": 0.3239072263240814, ""3"": 0.2976830303668976, ""10"": 0.2791851758956909, ""30"": 0.2688422203063965, ""45"": 0.2663469910621643, ""65"": 0.2651788890361786, ""90"": 0.26526010036468506}",0.25671181082725525,0.2651788890361786,0.2560087740421295,737856,0.29510931682040675,0.898578506071217
timesfm3,wiki_daily_100k,5,L5,block_depth,True,0.25,90.0,True,False,1e-05|0.0001|0.001|0.01|0.1|0.3|1|3|10|30|45|65|90,90.0,1e-05,13,0.01,0.9,"mean pinball over (batch, quantiles, horizon)",0.2633926272392273,"{""1e-05"": 0.3990008533000946, ""0.0001"": 0.3986748158931732, ""0.001"": 0.3990022540092468, ""0.01"": 0.3976362943649292, ""0.1"": 0.3864680230617523, ""0.3"": 0.36659637093544006, ""1"": 0.3306885361671448, ""3"": 0.30026572942733765, ""10"": 0.2787226438522339, ""30"": 0.2675818204879761, ""45"": 0.2647942006587982, ""65"": 0.2634093463420868, ""90"": 0.2633926272392273}","{""1e-05"": 0.3990008533000946, ""0.0001"": 0.3986748158931732, ""0.001"": 0.3990022540092468, ""0.01"": 0.3976362943649292, ""0.1"": 0.3864680230617523, ""0.3"": 0.36659637093544006, ""1"": 0.3306885361671448, ""3"": 0.30026572942733765, ""10"": 0.2787226438522339, ""30"": 0.2675818204879761, ""45"": 0.2647942006587982, ""65"": 0.2634093463420868, ""90"": 0.2633926272392273}",0.2620197534561157,0.2633926272392273,0.25444743037223816,737856,0.29510931682040675,0.8925256243248968
timesfm3,wiki_daily_100k,6,L6,block_depth,True,0.3,90.0,True,False,1e-05|0.0001|0.001|0.01|0.1|0.3|1|3|10|30|45|65|90,90.0,1e-05,13,0.01,0.9,"mean pinball over (batch, quantiles, horizon)",0.26251891255378723,"{""1e-05"": 0.41105860471725464, ""0.0001"": 0.410706102848053, ""0.001"": 0.4104633927345276, ""0.01"": 0.4093678295612335, ""0.1"": 0.39730656147003174, ""0.3"": 0.3750722110271454, ""1"": 0.3353566825389862, ""3"": 0.30198127031326294, ""10"": 0.2786359190940857, ""30"": 0.2662428319454193, ""45"": 0.26407191157341003, ""65"": 0.26267823576927185, ""90"": 0.26251891255378723}","{""1e-05"": 0.41105860471725464, ""0.0001"": 0.410706102848053, ""0.001"": 0.4104633927345276, ""0.01"": 0.4093678295612335, ""0.1"": 0.39730656147003174, ""0.3"": 0.3750722110271454, ""1"": 0.3353566825389862, ""3"": 0.30198127031326294, ""10"": 0.2786359190940857, ""30"": 0.2662428319454193, ""45"": 0.26407191157341003, ""65"": 0.26267823576927185, ""90"": 0.26251891255378723}",0.2613256871700287,0.26251891255378723,0.2539583742618561,737856,0.29510931682040675,0.8895649767423205
timesfm3,wiki_daily_100k,7,L7,block_depth,True,0.35,90.0,True,False,1e-05|0.0001|0.001|0.01|0.1|0.3|1|3|10|30|45|65|90,90.0,1e-05,13,0.01,0.9,"mean pinball over (batch, quantiles, horizon)",0.2614028751850128,"{""1e-05"": 0.4251667261123657, ""0.0001"": 0.4248708486557007, ""0.001"": 0.4250408709049225, ""0.01"": 0.4236030876636505, ""0.1"": 0.4099571108818054, ""0.3"": 0.3855845332145691, ""1"": 0.34100738167762756, ""3"": 0.30277955532073975, ""10"": 0.2773963510990143, ""30"": 0.2653824985027313, ""45"": 0.26271161437034607, ""65"": 0.26147451996803284, ""90"": 0.2614028751850128}","{""1e-05"": 0.4251667261123657, ""0.0001"": 0.4248708486557007, ""0.001"": 0.4250408709049225, ""0.01"": 0.4236030876636505, ""0.1"": 0.4099571108818054, ""0.3"": 0.3855845332145691, ""1"": 0.34100738167762756, ""3"": 0.30277955532073975, ""10"": 0.2773963510990143, ""30"": 0.2653824985027313, ""45"": 0.26271161437034607, ""65"": 0.26147451996803284, ""90"": 0.2614028751850128}",0.25909560918807983,0.2614028751850128,0.2516166865825653,737856,0.29510931682040675,0.8857832006167853
timesfm3,wiki_daily_100k,8,L8,block_depth,True,0.4,90.0,True,False,1e-05|0.0001|0.001|0.01|0.1|0.3|1|3|10|30|45|65|90,90.0,1e-05,13,0.01,0.9,"mean pinball over (batch, quantiles, horizon)",0.26074761152267456,"{""1e-05"": 0.42489704489707947, ""0.0001"": 0.4247254729270935, ""0.001"": 0.42510107159614563, ""0.01"": 0.42384472489356995, ""0.1"": 0.409759521484375, ""0.3"": 0.3850349187850952, ""1"": 0.33861133456230164, ""3"": 0.2997831404209137, ""10"": 0.27534496784210205, ""30"": 0.2641359269618988, ""45"": 0.26166510581970215, ""65"": 0.2608479857444763, ""90"": 0.26074761152267456}","{""1e-05"": 0.42489704489707947, ""0.0001"": 0.4247254729270935, ""0.001"": 0.42510107159614563, ""0.01"": 0.42384472489356995, ""0.1"": 0.409759521484375, ""0.3"": 0.3850349187850952, ""1"": 0.33861133456230164, ""3"": 0.2997831404209137, ""10"": 0.27534496784210205, ""30"": 0.2641359269618988, ""45"": 0.26166510581970215, ""65"": 0.2608479857444763, ""90"": 0.26074761152267456}",0.2594890296459198,0.26074761152267456,0.25090187788009644,737856,0.29510931682040675,0.8835627906704026
timesfm3,wiki_daily_100k,9,L9,block_depth,True,0.45,65.0,False,False,1e-05|0.0001|0.001|0.01|0.1|0.3|1|3|10|30|45|65|90,90.0,1e-05,13,0.01,0.65,"mean pinball over (batch, quantiles, horizon)",0.2604602873325348,"{""1e-05"": 0.4272213578224182, ""0.0001"": 0.42770618200302124, ""0.001"": 0.4274030327796936, ""0.01"": 0.42576074600219727, ""0.1"": 0.4108060300350189, ""0.3"": 0.3861714005470276, ""1"": 0.33974266052246094, ""3"": 0.3007945418357849, ""10"": 0.2756521701812744, ""30"": 0.2640799582004547, ""45"": 0.26193559169769287, ""65"": 0.2604602873325348, ""90"": 0.26063603162765503}","{""1e-05"": 0.4272213578224182, ""0.0001"": 0.42770618200302124, ""0.001"": 0.4274030327796936, ""0.01"": 0.42576074600219727, ""0.1"": 0.4108060300350189, ""0.3"": 0.3861714005470276, ""1"": 0.33974266052246094, ""3"": 0.3007945418357849, ""10"": 0.2756521701812744, ""30"": 0.2640799582004547, ""45"": 0.26193559169769287, ""65"": 0.2604602873325348, ""90"": 0.26063603162765503}",0.25126421451568604,0.2604602873325348,0.2503575086593628,737856,0.29510931682040675,0.8825891711546398
timesfm3,wiki_daily_100k,10,L10,block_depth,True,0.5,65.0,False,False,1e-05|0.0001|0.001|0.01|0.1|0.3|1|3|10|30|45|65|90,90.0,1e-05,13,0.01,0.65,"mean pinball over (batch, quantiles, horizon)",0.2607438266277313,"{""1e-05"": 0.42930465936660767, ""0.0001"": 0.42912524938583374, ""0.001"": 0.42909032106399536, ""0.01"": 0.4271771311759949, ""0.1"": 0.41199448704719543, ""0.3"": 0.38592419028282166, ""1"": 0.33891478180885315, ""3"": 0.2997501492500305, ""10"": 0.2755209505558014, ""30"": 0.26404908299446106, ""45"": 0.2619154453277588, ""65"": 0.2607438266277313, ""90"": 0.26098185777664185}","{""1e-05"": 0.42930465936660767, ""0.0001"": 0.42912524938583374, ""0.001"": 0.42909032106399536, ""0.01"": 0.4271771311759949, ""0.1"": 0.41199448704719543, ""0.3"": 0.38592419028282166, ""1"": 0.33891478180885315, ""3"": 0.2997501492500305, ""10"": 0.2755209505558014, ""30"": 0.26404908299446106, ""45"": 0.2619154453277588, ""65"": 0.2607438266277313, ""90"": 0.26098185777664185}",0.2508602738380432,0.2607438266277313,0.25072258710861206,737856,0.29510931682040675,0.8835499652707032
timesfm3,wiki_daily_100k,11,L11,block_depth,True,0.55,65.0,False,False,1e-05|0.0001|0.001|0.01|0.1|0.3|1|3|10|30|45|65|90,90.0,1e-05,13,0.01,0.65,"mean pinball over (batch, quantiles, horizon)",0.2615942358970642,"{""1e-05"": 0.42313873767852783, ""0.0001"": 0.4233628511428833, ""0.001"": 0.4233555495738983, ""0.01"": 0.42214399576187134, ""0.1"": 0.4070289433002472, ""0.3"": 0.381691038608551, ""1"": 0.33621305227279663, ""3"": 0.299284964799881, ""10"": 0.27568671107292175, ""30"": 0.2648830711841583, ""45"": 0.2628013789653778, ""65"": 0.2615942358970642, ""90"": 0.2623443007469177}","{""1e-05"": 0.42313873767852783, ""0.0001"": 0.4233628511428833, ""0.001"": 0.4233555495738983, ""0.01"": 0.42214399576187134, ""0.1"": 0.4070289433002472, ""0.3"": 0.381691038608551, ""1"": 0.33621305227279663, ""3"": 0.299284964799881, ""10"": 0.27568671107292175, ""30"": 0.2648830711841583, ""45"": 0.2628013789653778, ""65"": 0.2615942358970642, ""90"": 0.2623443007469177}",0.25119930505752563,0.2615942358970642,0.2513599097728729,737856,0.29510931682040675,0.8864316407070989
timesfm3,wiki_daily_100k,12,L12,block_depth,True,0.6,65.0,False,False,1e-05|0.0001|0.001|0.01|0.1|0.3|1|3|10|30|45|65|90,90.0,1e-05,13,0.01,0.65,"mean pinball over (batch, quantiles, horizon)",0.2616252303123474,"{""1e-05"": 0.4274252653121948, ""0.0001"": 0.4276069402694702, ""0.001"": 0.427185982465744, ""0.01"": 0.4253086447715759, ""0.1"": 0.4105900228023529, ""0.3"": 0.3849090039730072, ""1"": 0.33804944157600403, ""3"": 0.2997797727584839, ""10"": 0.27584967017173767, ""30"": 0.2647972106933594, ""45"": 0.26253795623779297, ""65"": 0.2616252303123474, ""90"": 0.2621179223060608}","{""1e-05"": 0.4274252653121948, ""0.0001"": 0.4276069402694702, ""0.001"": 0.427185982465744, ""0.01"": 0.4253086447715759, ""0.1"": 0.4105900228023529, ""0.3"": 0.3849090039730072, ""1"": 0.33804944157600403, ""3"": 0.2997797727584839, ""10"": 0.27584967017173767, ""30"": 0.2647972106933594, ""45"": 0.26253795623779297, ""65"": 0.2616252303123474, ""90"": 0.2621179223060608}",0.2506631910800934,0.2616252303123474,0.25077253580093384,737856,0.29510931682040675,0.886536667602275
timesfm3,wiki_daily_100k,13,L13,block_depth,True,0.65,65.0,False,False,1e-05|0.0001|0.001|0.01|0.1|0.3|1|3|10|30|45|65|90,90.0,1e-05,13,0.01,0.65,"mean pinball over (batch, quantiles, horizon)",0.2616344690322876,"{""1e-05"": 0.4247887134552002, ""0.0001"": 0.42462337017059326, ""0.001"": 0.42455339431762695, ""0.01"": 0.4228304326534271, ""0.1"": 0.40888819098472595, ""0.3"": 0.3845420181751251, ""1"": 0.33909475803375244, ""3"": 0.30129924416542053, ""10"": 0.27697286009788513, ""30"": 0.2650422751903534, ""45"": 0.2625980079174042, ""65"": 0.2616344690322876, ""90"": 0.26200804114341736}","{""1e-05"": 0.4247887134552002, ""0.0001"": 0.42462337017059326, ""0.001"": 0.42455339431762695, ""0.01"": 0.4228304326534271, ""0.1"": 0.40888819098472595, ""0.3"": 0.3845420181751251, ""1"": 0.33909475803375244, ""3"": 0.30129924416542053, ""10"": 0.27697286009788513, ""30"": 0.2650422751903534, ""45"": 0.2625980079174042, ""65"": 0.2616344690322876, ""90"": 0.26200804114341736}",0.2504080832004547,0.2616344690322876,0.24974185228347778,737856,0.29510931682040675,0.8865679736960295
timesfm3,wiki_daily_100k,14,L14,block_depth,True,0.7,65.0,False,False,1e-05|0.0001|0.001|0.01|0.1|0.3|1|3|10|30|45|65|90,90.0,1e-05,13,0.01,0.65,"mean pinball over (batch, quantiles, horizon)",0.2609716057777405,"{""1e-05"": 0.42915472388267517, ""0.0001"": 0.42916449904441833, ""0.001"": 0.4291008412837982, ""0.01"": 0.4271879196166992, ""0.1"": 0.41308239102363586, ""0.3"": 0.3878176808357239, ""1"": 0.34152254462242126, ""3"": 0.3022768497467041, ""10"": 0.27705663442611694, ""30"": 0.2647871673107147, ""45"": 0.2624146044254303, ""65"": 0.2609716057777405, ""90"": 0.26173436641693115}","{""1e-05"": 0.42915472388267517, ""0.0001"": 0.42916449904441833, ""0.001"": 0.4291008412837982, ""0.01"": 0.4271879196166992, ""0.1"": 0.41308239102363586, ""0.3"": 0.3878176808357239, ""1"": 0.34152254462242126, ""3"": 0.3022768497467041, ""10"": 0.27705663442611694, ""30"": 0.2647871673107147, ""45"": 0.2624146044254303, ""65"": 0.2609716057777405, ""90"": 0.26173436641693115}",0.24956154823303223,0.2609716057777405,0.24965129792690277,737856,0.29510931682040675,0.8843218119628486
timesfm3,wiki_daily_100k,15,L15,block_depth,True,0.75,65.0,False,False,1e-05|0.0001|0.001|0.01|0.1|0.3|1|3|10|30|45|65|90,90.0,1e-05,13,0.01,0.65,"mean pinball over (batch, quantiles, horizon)",0.26086387038230896,"{""1e-05"": 0.42158880829811096, ""0.0001"": 0.4211512506008148, ""0.001"": 0.42150548100471497, ""0.01"": 0.4199967682361603, ""0.1"": 0.4056882858276367, ""0.3"": 0.3813791573047638, ""1"": 0.33714860677719116, ""3"": 0.29986992478370667, ""10"": 0.2759498357772827, ""30"": 0.2644253075122833, ""45"": 0.26224637031555176, ""65"": 0.26086387038230896, ""90"": 0.26136747002601624}","{""1e-05"": 0.42158880829811096, ""0.0001"": 0.4211512506008148, ""0.001"": 0.42150548100471497, ""0.01"": 0.4199967682361603, ""0.1"": 0.4056882858276367, ""0.3"": 0.3813791573047638, ""1"": 0.33714860677719116, ""3"": 0.29986992478370667, ""10"": 0.2759498357772827, ""30"": 0.2644253075122833, ""45"": 0.26224637031555176, ""65"": 0.26086387038230896, ""90"": 0.26136747002601624}",0.2501033842563629,0.26086387038230896,0.24935318529605865,737856,0.29510931682040675,0.8839567425147123
timesfm3,wiki_daily_100k,16,L16,block_depth,True,0.8,65.0,False,False,1e-05|0.0001|0.001|0.01|0.1|0.3|1|3|10|30|45|65|90,90.0,1e-05,13,0.01,0.65,"mean pinball over (batch, quantiles, horizon)",0.2602953612804413,"{""1e-05"": 0.42639097571372986, ""0.0001"": 0.4262545108795166, ""0.001"": 0.4257371127605438, ""0.01"": 0.4244351387023926, ""0.1"": 0.4106588065624237, ""0.3"": 0.38667649030685425, ""1"": 0.3416122794151306, ""3"": 0.3023967146873474, ""10"": 0.27640020847320557, ""30"": 0.264217346906662, ""45"": 0.26148611307144165, ""65"": 0.2602953612804413, ""90"": 0.2604198753833771}","{""1e-05"": 0.42639097571372986, ""0.0001"": 0.4262545108795166, ""0.001"": 0.4257371127605438, ""0.01"": 0.4244351387023926, ""0.1"": 0.4106588065624237, ""0.3"": 0.38667649030685425, ""1"": 0.3416122794151306, ""3"": 0.3023967146873474, ""10"": 0.27640020847320557, ""30"": 0.264217346906662, ""45"": 0.26148611307144165, ""65"": 0.2602953612804413, ""90"": 0.2604198753833771}",0.2497389167547226,0.2602953612804413,0.24760480225086212,737856,0.29510931682040675,0.8820303068874236
timesfm3,wiki_daily_100k,17,L17,block_depth,True,0.85,65.0,False,False,1e-05|0.0001|0.001|0.01|0.1|0.3|1|3|10|30|45|65|90,90.0,1e-05,13,0.01,0.65,"mean pinball over (batch, quantiles, horizon)",0.25993812084198,"{""1e-05"": 0.41179144382476807, ""0.0001"": 0.4115614593029022, ""0.001"": 0.41119688749313354, ""0.01"": 0.40989184379577637, ""0.1"": 0.39795801043510437, ""0.3"": 0.3755216598510742, ""1"": 0.3347929120063782, ""3"": 0.29966387152671814, ""10"": 0.2754359543323517, ""30"": 0.2635330855846405, ""45"": 0.2610803246498108, ""65"": 0.25993812084198, ""90"": 0.26010608673095703}","{""1e-05"": 0.41179144382476807, ""0.0001"": 0.4115614593029022, ""0.001"": 0.41119688749313354, ""0.01"": 0.40989184379577637, ""0.1"": 0.39795801043510437, ""0.3"": 0.3755216598510742, ""1"": 0.3347929120063782, ""3"": 0.29966387152671814, ""10"": 0.2754359543323517, ""30"": 0.2635330855846405, ""45"": 0.2610803246498108, ""65"": 0.25993812084198, ""90"": 0.26010608673095703}",0.24953313171863556,0.25993812084198,0.24588091671466827,737856,0.29510931682040675,0.8808197709331193
timesfm3,wiki_daily_100k,18,L18,block_depth,True,0.9,65.0,False,False,1e-05|0.0001|0.001|0.01|0.1|0.3|1|3|10|30|45|65|90,90.0,1e-05,13,0.01,0.65,"mean pinball over (batch, quantiles, horizon)",0.25875237584114075,"{""1e-05"": 0.3930527865886688, ""0.0001"": 0.3926265835762024, ""0.001"": 0.3926374912261963, ""0.01"": 0.39172807335853577, ""0.1"": 0.380255788564682, ""0.3"": 0.3612004816532135, ""1"": 0.32518455386161804, ""3"": 0.29427123069763184, ""10"": 0.27308595180511475, ""30"": 0.2624759376049042, ""45"": 0.2601253092288971, ""65"": 0.25875237584114075, ""90"": 0.2592478096485138}","{""1e-05"": 0.3930527865886688, ""0.0001"": 0.3926265835762024, ""0.001"": 0.3926374912261963, ""0.01"": 0.39172807335853577, ""0.1"": 0.380255788564682, ""0.3"": 0.3612004816532135, ""1"": 0.32518455386161804, ""3"": 0.29427123069763184, ""10"": 0.27308595180511475, ""30"": 0.2624759376049042, ""45"": 0.2601253092288971, ""65"": 0.25875237584114075, ""90"": 0.2592478096485138}",0.2518773376941681,0.25875237584114075,0.24540890753269196,737856,0.29510931682040675,0.8768017852808369
timesfm3,wiki_daily_100k,19,L19,block_depth,True,0.95,65.0,False,False,1e-05|0.0001|0.001|0.01|0.1|0.3|1|3|10|30|45|65|90,90.0,1e-05,13,0.01,0.65,"mean pinball over (batch, quantiles, horizon)",0.25966253876686096,"{""1e-05"": 0.3576424717903137, ""0.0001"": 0.3576347827911377, ""0.001"": 0.35799771547317505, ""0.01"": 0.3569749593734741, ""0.1"": 0.348317950963974, ""0.3"": 0.3328181803226471, ""1"": 0.3051006495952606, ""3"": 0.2830584645271301, ""10"": 0.2685329020023346, ""30"": 0.2615777254104614, ""45"": 0.25996607542037964, ""65"": 0.25966253876686096, ""90"": 0.261817067861557}","{""1e-05"": 0.3576424717903137, ""0.0001"": 0.3576347827911377, ""0.001"": 0.35799771547317505, ""0.01"": 0.3569749593734741, ""0.1"": 0.348317950963974, ""0.3"": 0.3328181803226471, ""1"": 0.3051006495952606, ""3"": 0.2830584645271301, ""10"": 0.2685329020023346, ""30"": 0.2615777254104614, ""45"": 0.25996607542037964, ""65"": 0.25966253876686096, ""90"": 0.261817067861557}",0.25956350564956665,0.25966253876686096,0.24567250907421112,737856,0.29510931682040675,0.8798859404526443
timesfm3,wiki_daily_100k,20,L20,block_depth,True,1.0,45.0,False,False,1e-05|0.0001|0.001|0.01|0.1|0.3|1|3|10|30|45|65|90,90.0,1e-05,13,0.01,0.45,"mean pinball over (batch, quantiles, horizon)",0.26011767983436584,"{""1e-05"": 0.37073540687561035, ""0.0001"": 0.37064361572265625, ""0.001"": 0.3706674873828888, ""0.01"": 0.36972832679748535, ""0.1"": 0.3594900071620941, ""0.3"": 0.3423144519329071, ""1"": 0.3116918206214905, ""3"": 0.28681376576423645, ""10"": 0.269379198551178, ""30"": 0.2609933316707611, ""45"": 0.26011767983436584, ""65"": 0.26019686460494995, ""90"": 0.2625701129436493}","{""1e-05"": 0.37073540687561035, ""0.0001"": 0.37064361572265625, ""0.001"": 0.3706674873828888, ""0.01"": 0.36972832679748535, ""0.1"": 0.3594900071620941, ""0.3"": 0.3423144519329071, ""1"": 0.3116918206214905, ""3"": 0.28681376576423645, ""10"": 0.269379198551178, ""30"": 0.2609933316707611, ""45"": 0.26011767983436584, ""65"": 0.26019686460494995, ""90"": 0.2625701129436493}",0.2503003776073456,0.26011767983436584,0.24742990732192993,737856,0.29510931682040675,0.8814282200133464
timesfm3,monash_traffic,0,Emb,block_depth,True,0.0,10.0,False,False,1e-05|0.0001|0.001|0.01|0.1|0.3|1|3|10|30|45|65|90,90.0,1e-05,13,0.01,0.1,"mean pinball over (batch, quantiles, horizon)",0.14085935056209564,"{""1e-05"": 0.14706307649612427, ""0.0001"": 0.14913137257099152, ""0.001"": 0.1502828598022461, ""0.01"": 0.14715032279491425, ""0.1"": 0.14895112812519073, ""0.3"": 0.14813973009586334, ""1"": 0.14565704762935638, ""3"": 0.14327146112918854, ""10"": 0.14085935056209564, ""30"": 0.1423369199037552, ""45"": 0.14471317827701569, ""65"": 0.14657367765903473, ""90"": 0.1514584869146347}","{""1e-05"": 0.14706307649612427, ""0.0001"": 0.14913137257099152, ""0.001"": 0.1502828598022461, ""0.01"": 0.14715032279491425, ""0.1"": 0.14895112812519073, ""0.3"": 0.14813973009586334, ""1"": 0.14565704762935638, ""3"": 0.14327146112918854, ""10"": 0.14085935056209564, ""30"": 0.1423369199037552, ""45"": 0.14471317827701569, ""65"": 0.14657367765903473, ""90"": 0.1514584869146347}",0.1628730595111847,0.14085935056209564,0.13423556089401245,737856,0.2297141970000194,0.613193927069661
timesfm3,monash_traffic,1,L1,block_depth,True,0.05,30.0,False,False,1e-05|0.0001|0.001|0.01|0.1|0.3|1|3|10|30|45|65|90,90.0,1e-05,13,0.01,0.3,"mean pinball over (batch, quantiles, horizon)",0.1279858499765396,"{""1e-05"": 0.14478816092014313, ""0.0001"": 0.14252020418643951, ""0.001"": 0.14501798152923584, ""0.01"": 0.14476342499256134, ""0.1"": 0.14386753737926483, ""0.3"": 0.14155380427837372, ""1"": 0.13527138531208038, ""3"": 0.13191922008991241, ""10"": 0.130093052983284, ""30"": 0.1279858499765396, ""45"": 0.12920542061328888, ""65"": 0.13159875571727753, ""90"": 0.13454650342464447}","{""1e-05"": 0.14478816092014313, ""0.0001"": 0.14252020418643951, ""0.001"": 0.14501798152923584, ""0.01"": 0.14476342499256134, ""0.1"": 0.14386753737926483, ""0.3"": 0.14155380427837372, ""1"": 0.13527138531208038, ""3"": 0.13191922008991241, ""10"": 0.130093052983284, ""30"": 0.1279858499765396, ""45"": 0.12920542061328888, ""65"": 0.13159875571727753, ""90"": 0.13454650342464447}",0.13753795623779297,0.1279858499765396,0.125828355550766,737856,0.2297141970000194,0.5571525471563641
timesfm3,monash_traffic,2,L2,block_depth,True,0.1,10.0,False,False,1e-05|0.0001|0.001|0.01|0.1|0.3|1|3|10|30|45|65|90,90.0,1e-05,13,0.01,0.1,"mean pinball over (batch, quantiles, horizon)",0.13051320612430573,"{""1e-05"": 0.15434813499450684, ""0.0001"": 0.15497583150863647, ""0.001"": 0.15438500046730042, ""0.01"": 0.155831441283226, ""0.1"": 0.15211686491966248, ""0.3"": 0.14874376356601715, ""1"": 0.13873083889484406, ""3"": 0.13187451660633087, ""10"": 0.13051320612430573, ""30"": 0.13209448754787445, ""45"": 0.1328672170639038, ""65"": 0.13365615904331207, ""90"": 0.1378117948770523}","{""1e-05"": 0.15434813499450684, ""0.0001"": 0.15497583150863647, ""0.001"": 0.15438500046730042, ""0.01"": 0.155831441283226, ""0.1"": 0.15211686491966248, ""0.3"": 0.14874376356601715, ""1"": 0.13873083889484406, ""3"": 0.13187451660633087, ""10"": 0.13051320612430573, ""30"": 0.13209448754787445, ""45"": 0.1328672170639038, ""65"": 0.13365615904331207, ""90"": 0.1378117948770523}",0.12083829194307327,0.13051320612430573,0.11979707330465317,737856,0.2297141970000194,0.5681547236903894
timesfm3,monash_traffic,3,L3,block_depth,True,0.15,30.0,False,False,1e-05|0.0001|0.001|0.01|0.1|0.3|1|3|10|30|45|65|90,90.0,1e-05,13,0.01,0.3,"mean pinball over (batch, quantiles, horizon)",0.12773822247982025,"{""1e-05"": 0.1688207983970642, ""0.0001"": 0.17056044936180115, ""0.001"": 0.16811440885066986, ""0.01"": 0.17066940665245056, ""0.1"": 0.16501253843307495, ""0.3"": 0.1570786088705063, ""1"": 0.14455129206180573, ""3"": 0.13642790913581848, ""10"": 0.1293981969356537, ""30"": 0.12773822247982025, ""45"": 0.12891778349876404, ""65"": 0.13055644929409027, ""90"": 0.13472236692905426}","{""1e-05"": 0.1688207983970642, ""0.0001"": 0.17056044936180115, ""0.001"": 0.16811440885066986, ""0.01"": 0.17066940665245056, ""0.1"": 0.16501253843307495, ""0.3"": 0.1570786088705063, ""1"": 0.14455129206180573, ""3"": 0.13642790913581848, ""10"": 0.1293981969356537, ""30"": 0.12773822247982025, ""45"": 0.12891778349876404, ""65"": 0.13055644929409027, ""90"": 0.13472236692905426}",0.12309068441390991,0.12773822247982025,0.1174219474196434,737856,0.2297141970000194,0.556074566343888
timesfm3,monash_traffic,4,L4,block_depth,True,0.2,30.0,False,False,1e-05|0.0001|0.001|0.01|0.1|0.3|1|3|10|30|45|65|90,90.0,1e-05,13,0.01,0.3,"mean pinball over (batch, quantiles, horizon)",0.12996767461299896,"{""1e-05"": 0.17674392461776733, ""0.0001"": 0.18039840459823608, ""0.001"": 0.17651574313640594, ""0.01"": 0.1782355159521103, ""0.1"": 0.17322339117527008, ""0.3"": 0.16295947134494781, ""1"": 0.151961550116539, ""3"": 0.1404290795326233, ""10"": 0.13287070393562317, ""30"": 0.12996767461299896, ""45"": 0.13164331018924713, ""65"": 0.1337512880563736, ""90"": 0.14123904705047607}","{""1e-05"": 0.17674392461776733, ""0.0001"": 0.18039840459823608, ""0.001"": 0.17651574313640594, ""0.01"": 0.1782355159521103, ""0.1"": 0.17322339117527008, ""0.3"": 0.16295947134494781, ""1"": 0.151961550116539, ""3"": 0.1404290795326233, ""10"": 0.13287070393562317, ""30"": 0.12996767461299896, ""45"": 0.13164331018924713, ""65"": 0.1337512880563736, ""90"": 0.14123904705047607}",0.11911354213953018,0.12996767461299896,0.11046202480792999,737856,0.2297141970000194,0.5657798965424325
timesfm3,monash_traffic,5,L5,block_depth,True,0.25,30.0,False,False,1e-05|0.0001|0.001|0.01|0.1|0.3|1|3|10|30|45|65|90,90.0,1e-05,13,0.01,0.3,"mean pinball over (batch, quantiles, horizon)",0.13464443385601044,"{""1e-05"": 0.1847074031829834, ""0.0001"": 0.1824466586112976, ""0.001"": 0.18219836056232452, ""0.01"": 0.181108295917511, ""0.1"": 0.1771368533372879, ""0.3"": 0.16669103503227234, ""1"": 0.1514934003353119, ""3"": 0.14240363240242004, ""10"": 0.13727013766765594, ""30"": 0.13464443385601044, ""45"": 0.1376713216304779, ""65"": 0.14445868134498596, ""90"": 0.1516568809747696}","{""1e-05"": 0.1847074031829834, ""0.0001"": 0.1824466586112976, ""0.001"": 0.18219836056232452, ""0.01"": 0.181108295917511, ""0.1"": 0.1771368533372879, ""0.3"": 0.16669103503227234, ""1"": 0.1514934003353119, ""3"": 0.14240363240242004, ""10"": 0.13727013766765594, ""30"": 0.13464443385601044, ""45"": 0.1376713216304779, ""65"": 0.14445868134498596, ""90"": 0.1516568809747696}",0.11563486605882645,0.13464443385601044,0.11046751588582993,737856,0.2297141970000194,0.5861389309603666
timesfm3,monash_traffic,6,L6,block_depth,True,0.3,10.0,False,False,1e-05|0.0001|0.001|0.01|0.1|0.3|1|3|10|30|45|65|90,90.0,1e-05,13,0.01,0.1,"mean pinball over (batch, quantiles, horizon)",0.13870178163051605,"{""1e-05"": 0.19154983758926392, ""0.0001"": 0.1928320825099945, ""0.001"": 0.18769532442092896, ""0.01"": 0.19130179286003113, ""0.1"": 0.18313759565353394, ""0.3"": 0.17404451966285706, ""1"": 0.16214068233966827, ""3"": 0.1443418264389038, ""10"": 0.13870178163051605, ""30"": 0.141699880361557, ""45"": 0.14432170987129211, ""65"": 0.14555682241916656, ""90"": 0.16159313917160034}","{""1e-05"": 0.19154983758926392, ""0.0001"": 0.1928320825099945, ""0.001"": 0.18769532442092896, ""0.01"": 0.19130179286003113, ""0.1"": 0.18313759565353394, ""0.3"": 0.17404451966285706, ""1"": 0.16214068233966827, ""3"": 0.1443418264389038, ""10"": 0.13870178163051605, ""30"": 0.141699880361557, ""45"": 0.14432170987129211, ""65"": 0.14555682241916656, ""90"": 0.16159313917160034}",0.10875909775495529,0.13870178163051605,0.113054059445858,737856,0.2297141970000194,0.6038015213770368
timesfm3,monash_traffic,7,L7,block_depth,True,0.35,10.0,False,False,1e-05|0.0001|0.001|0.01|0.1|0.3|1|3|10|30|45|65|90,90.0,1e-05,13,0.01,0.1,"mean pinball over (batch, quantiles, horizon)",0.1372779905796051,"{""1e-05"": 0.19486196339130402, ""0.0001"": 0.19739395380020142, ""0.001"": 0.1956697255373001, ""0.01"": 0.19669152796268463, ""0.1"": 0.1902090460062027, ""0.3"": 0.17887774109840393, ""1"": 0.16061308979988098, ""3"": 0.14544452726840973, ""10"": 0.1372779905796051, ""30"": 0.13730251789093018, ""45"": 0.1413046270608902, ""65"": 0.14516738057136536, ""90"": 0.16235114634037018}","{""1e-05"": 0.19486196339130402, ""0.0001"": 0.19739395380020142, ""0.001"": 0.1956697255373001, ""0.01"": 0.19669152796268463, ""0.1"": 0.1902090460062027, ""0.3"": 0.17887774109840393, ""1"": 0.16061308979988098, ""3"": 0.14544452726840973, ""10"": 0.1372779905796051, ""30"": 0.13730251789093018, ""45"": 0.1413046270608902, ""65"": 0.14516738057136536, ""90"": 0.16235114634037018}",0.10691986978054047,0.1372779905796051,0.11898170411586761,737856,0.2297141970000194,0.597603423612488
timesfm3,monash_traffic,8,L8,block_depth,True,0.4,30.0,False,False,1e-05|0.0001|0.001|0.01|0.1|0.3|1|3|10|30|45|65|90,90.0,1e-05,13,0.01,0.3,"mean pinball over (batch, quantiles, horizon)",0.14634454250335693,"{""1e-05"": 0.20671746134757996, ""0.0001"": 0.2068270444869995, ""0.001"": 0.21113117039203644, ""0.01"": 0.2083636373281479, ""0.1"": 0.1992185413837433, ""0.3"": 0.1934758573770523, ""1"": 0.17245972156524658, ""3"": 0.157217338681221, ""10"": 0.15019777417182922, ""30"": 0.14634454250335693, ""45"": 0.15013596415519714, ""65"": 0.15921856462955475, ""90"": 0.17281493544578552}","{""1e-05"": 0.20671746134757996, ""0.0001"": 0.2068270444869995, ""0.001"": 0.21113117039203644, ""0.01"": 0.2083636373281479, ""0.1"": 0.1992185413837433, ""0.3"": 0.1934758573770523, ""1"": 0.17245972156524658, ""3"": 0.157217338681221, ""10"": 0.15019777417182922, ""30"": 0.14634454250335693, ""45"": 0.15013596415519714, ""65"": 0.15921856462955475, ""90"": 0.17281493544578552}",0.11842772364616394,0.14634454250335693,0.1171441525220871,737856,0.2297141970000194,0.6370722594187096
timesfm3,monash_traffic,9,L9,block_depth,True,0.45,30.0,False,False,1e-05|0.0001|0.001|0.01|0.1|0.3|1|3|10|30|45|65|90,90.0,1e-05,13,0.01,0.3,"mean pinball over (batch, quantiles, horizon)",0.1488388478755951,"{""1e-05"": 0.22263558208942413, ""0.0001"": 0.22089266777038574, ""0.001"": 0.2231665998697281, ""0.01"": 0.22211304306983948, ""0.1"": 0.21579623222351074, ""0.3"": 0.19977691769599915, ""1"": 0.17825733125209808, ""3"": 0.16379256546497345, ""10"": 0.1492956131696701, ""30"": 0.1488388478755951, ""45"": 0.15160371363162994, ""65"": 0.15914253890514374, ""90"": 0.17758941650390625}","{""1e-05"": 0.22263558208942413, ""0.0001"": 0.22089266777038574, ""0.001"": 0.2231665998697281, ""0.01"": 0.22211304306983948, ""0.1"": 0.21579623222351074, ""0.3"": 0.19977691769599915, ""1"": 0.17825733125209808, ""3"": 0.16379256546497345, ""10"": 0.1492956131696701, ""30"": 0.1488388478755951, ""45"": 0.15160371363162994, ""65"": 0.15914253890514374, ""90"": 0.17758941650390625}",0.12017128616571426,0.1488388478755951,0.11915288865566254,737856,0.2297141970000194,0.6479305581430064
timesfm3,monash_traffic,10,L10,block_depth,True,0.5,30.0,False,False,1e-05|0.0001|0.001|0.01|0.1|0.3|1|3|10|30|45|65|90,90.0,1e-05,13,0.01,0.3,"mean pinball over (batch, quantiles, horizon)",0.1581910401582718,"{""1e-05"": 0.2325882911682129, ""0.0001"": 0.23178735375404358, ""0.001"": 0.23712873458862305, ""0.01"": 0.22924816608428955, ""0.1"": 0.225549578666687, ""0.3"": 0.2116420418024063, ""1"": 0.19016428291797638, ""3"": 0.16962310671806335, ""10"": 0.15913592278957367, ""30"": 0.1581910401582718, ""45"": 0.15997841954231262, ""65"": 0.16469134390354156, ""90"": 0.17705030739307404}","{""1e-05"": 0.2325882911682129, ""0.0001"": 0.23178735375404358, ""0.001"": 0.23712873458862305, ""0.01"": 0.22924816608428955, ""0.1"": 0.225549578666687, ""0.3"": 0.2116420418024063, ""1"": 0.19016428291797638, ""3"": 0.16962310671806335, ""10"": 0.15913592278957367, ""30"": 0.1581910401582718, ""45"": 0.15997841954231262, ""65"": 0.16469134390354156, ""90"": 0.17705030739307404}",0.11901714652776718,0.1581910401582718,0.11784201860427856,737856,0.2297141970000194,0.6886428537033713
timesfm3,monash_traffic,11,L11,block_depth,True,0.55,30.0,False,False,1e-05|0.0001|0.001|0.01|0.1|0.3|1|3|10|30|45|65|90,90.0,1e-05,13,0.01,0.3,"mean pinball over (batch, quantiles, horizon)",0.14873698353767395,"{""1e-05"": 0.23499391973018646, ""0.0001"": 0.2330760955810547, ""0.001"": 0.2385866940021515, ""0.01"": 0.22619906067848206, ""0.1"": 0.22420266270637512, ""0.3"": 0.2090483456850052, ""1"": 0.18870346248149872, ""3"": 0.16840536892414093, ""10"": 0.15596485137939453, ""30"": 0.14873698353767395, ""45"": 0.1548827886581421, ""65"": 0.16007296741008759, ""90"": 0.17540371417999268}","{""1e-05"": 0.23499391973018646, ""0.0001"": 0.2330760955810547, ""0.001"": 0.2385866940021515, ""0.01"": 0.22619906067848206, ""0.1"": 0.22420266270637512, ""0.3"": 0.2090483456850052, ""1"": 0.18870346248149872, ""3"": 0.16840536892414093, ""10"": 0.15596485137939453, ""30"": 0.14873698353767395, ""45"": 0.1548827886581421, ""65"": 0.16007296741008759, ""90"": 0.17540371417999268}",0.11999956518411636,0.14873698353767395,0.12129692733287811,737856,0.2297141970000194,0.6474871186897577
timesfm3,monash_traffic,12,L12,block_depth,True,0.6,45.0,False,False,1e-05|0.0001|0.001|0.01|0.1|0.3|1|3|10|30|45|65|90,90.0,1e-05,13,0.01,0.45,"mean pinball over (batch, quantiles, horizon)",0.14720632135868073,"{""1e-05"": 0.2300892174243927, ""0.0001"": 0.23326830565929413, ""0.001"": 0.23000530898571014, ""0.01"": 0.23103676736354828, ""0.1"": 0.22421608865261078, ""0.3"": 0.2116761952638626, ""1"": 0.18668720126152039, ""3"": 0.16444817185401917, ""10"": 0.15567898750305176, ""30"": 0.14831818640232086, ""45"": 0.14720632135868073, ""65"": 0.15429642796516418, ""90"": 0.1652405858039856}","{""1e-05"": 0.2300892174243927, ""0.0001"": 0.23326830565929413, ""0.001"": 0.23000530898571014, ""0.01"": 0.23103676736354828, ""0.1"": 0.22421608865261078, ""0.3"": 0.2116761952638626, ""1"": 0.18668720126152039, ""3"": 0.16444817185401917, ""10"": 0.15567898750305176, ""30"": 0.14831818640232086, ""45"": 0.14720632135868073, ""65"": 0.15429642796516418, ""90"": 0.1652405858039856}",0.12742683291435242,0.14720632135868073,0.12106096744537354,737856,0.2297141970000194,0.6408237857352295
timesfm3,monash_traffic,13,L13,block_depth,True,0.65,30.0,False,False,1e-05|0.0001|0.001|0.01|0.1|0.3|1|3|10|30|45|65|90,90.0,1e-05,13,0.01,0.3,"mean pinball over (batch, quantiles, horizon)",0.1448989361524582,"{""1e-05"": 0.2191656529903412, ""0.0001"": 0.22045165300369263, ""0.001"": 0.2194197028875351, ""0.01"": 0.2155192643404007, ""0.1"": 0.20787884294986725, ""0.3"": 0.19922009110450745, ""1"": 0.17476679384708405, ""3"": 0.1567164659500122, ""10"": 0.14913597702980042, ""30"": 0.1448989361524582, ""45"": 0.14525599777698517, ""65"": 0.14946916699409485, ""90"": 0.1617787480354309}","{""1e-05"": 0.2191656529903412, ""0.0001"": 0.22045165300369263, ""0.001"": 0.2194197028875351, ""0.01"": 0.2155192643404007, ""0.1"": 0.20787884294986725, ""0.3"": 0.19922009110450745, ""1"": 0.17476679384708405, ""3"": 0.1567164659500122, ""10"": 0.14913597702980042, ""30"": 0.1448989361524582, ""45"": 0.14525599777698517, ""65"": 0.14946916699409485, ""90"": 0.1617787480354309}",0.11509865522384644,0.1448989361524582,0.11383738368749619,737856,0.2297141970000194,0.6307791945155482
timesfm3,monash_traffic,14,L14,block_depth,True,0.7,30.0,False,False,1e-05|0.0001|0.001|0.01|0.1|0.3|1|3|10|30|45|65|90,90.0,1e-05,13,0.01,0.3,"mean pinball over (batch, quantiles, horizon)",0.14404229819774628,"{""1e-05"": 0.22665946185588837, ""0.0001"": 0.2302475869655609, ""0.001"": 0.22971871495246887, ""0.01"": 0.22713717818260193, ""0.1"": 0.21827512979507446, ""0.3"": 0.20735560357570648, ""1"": 0.1822737157344818, ""3"": 0.15945613384246826, ""10"": 0.14714612066745758, ""30"": 0.14404229819774628, ""45"": 0.14445602893829346, ""65"": 0.1501782238483429, ""90"": 0.1591523140668869}","{""1e-05"": 0.22665946185588837, ""0.0001"": 0.2302475869655609, ""0.001"": 0.22971871495246887, ""0.01"": 0.22713717818260193, ""0.1"": 0.21827512979507446, ""0.3"": 0.20735560357570648, ""1"": 0.1822737157344818, ""3"": 0.15945613384246826, ""10"": 0.14714612066745758, ""30"": 0.14404229819774628, ""45"": 0.14445602893829346, ""65"": 0.1501782238483429, ""90"": 0.1591523140668869}",0.11339342594146729,0.14404229819774628,0.11367654800415039,737856,0.2297141970000194,0.6270500477501358
timesfm3,monash_traffic,15,L15,block_depth,True,0.75,45.0,False,False,1e-05|0.0001|0.001|0.01|0.1|0.3|1|3|10|30|45|65|90,90.0,1e-05,13,0.01,0.45,"mean pinball over (batch, quantiles, horizon)",0.14104272425174713,"{""1e-05"": 0.22380046546459198, ""0.0001"": 0.22984306514263153, ""0.001"": 0.22307495772838593, ""0.01"": 0.2219761610031128, ""0.1"": 0.21109409630298615, ""0.3"": 0.20107299089431763, ""1"": 0.17777691781520844, ""3"": 0.16080178320407867, ""10"": 0.14710427820682526, ""30"": 0.1434975415468216, ""45"": 0.14104272425174713, ""65"": 0.1450735181570053, ""90"": 0.1520087718963623}","{""1e-05"": 0.22380046546459198, ""0.0001"": 0.22984306514263153, ""0.001"": 0.22307495772838593, ""0.01"": 0.2219761610031128, ""0.1"": 0.21109409630298615, ""0.3"": 0.20107299089431763, ""1"": 0.17777691781520844, ""3"": 0.16080178320407867, ""10"": 0.14710427820682526, ""30"": 0.1434975415468216, ""45"": 0.14104272425174713, ""65"": 0.1450735181570053, ""90"": 0.1520087718963623}",0.11519934982061386,0.14104272425174713,0.11322958022356033,737856,0.2297141970000194,0.6139921959274255
timesfm3,monash_traffic,16,L16,block_depth,True,0.8,45.0,False,False,1e-05|0.0001|0.001|0.01|0.1|0.3|1|3|10|30|45|65|90,90.0,1e-05,13,0.01,0.45,"mean pinball over (batch, quantiles, horizon)",0.1354495882987976,"{""1e-05"": 0.21619832515716553, ""0.0001"": 0.21417057514190674, ""0.001"": 0.21479088068008423, ""0.01"": 0.21497340500354767, ""0.1"": 0.205714151263237, ""0.3"": 0.1967160999774933, ""1"": 0.1704222410917282, ""3"": 0.15294985473155975, ""10"": 0.13860000669956207, ""30"": 0.1377960741519928, ""45"": 0.1354495882987976, ""65"": 0.13967454433441162, ""90"": 0.14927810430526733}","{""1e-05"": 0.21619832515716553, ""0.0001"": 0.21417057514190674, ""0.001"": 0.21479088068008423, ""0.01"": 0.21497340500354767, ""0.1"": 0.205714151263237, ""0.3"": 0.1967160999774933, ""1"": 0.1704222410917282, ""3"": 0.15294985473155975, ""10"": 0.13860000669956207, ""30"": 0.1377960741519928, ""45"": 0.1354495882987976, ""65"": 0.13967454433441162, ""90"": 0.14927810430526733}",0.11326802521944046,0.1354495882987976,0.11214904487133026,737856,0.2297141970000194,0.5896439578733836
timesfm3,monash_traffic,17,L17,block_depth,True,0.85,45.0,False,False,1e-05|0.0001|0.001|0.01|0.1|0.3|1|3|10|30|45|65|90,90.0,1e-05,13,0.01,0.45,"mean pinball over (batch, quantiles, horizon)",0.13319484889507294,"{""1e-05"": 0.20904441177845, ""0.0001"": 0.21044404804706573, ""0.001"": 0.20842589437961578, ""0.01"": 0.20369155704975128, ""0.1"": 0.19877250492572784, ""0.3"": 0.185195192694664, ""1"": 0.1662577986717224, ""3"": 0.14965388178825378, ""10"": 0.13972634077072144, ""30"": 0.13399112224578857, ""45"": 0.13319484889507294, ""65"": 0.13346853852272034, ""90"": 0.1393345445394516}","{""1e-05"": 0.20904441177845, ""0.0001"": 0.21044404804706573, ""0.001"": 0.20842589437961578, ""0.01"": 0.20369155704975128, ""0.1"": 0.19877250492572784, ""0.3"": 0.185195192694664, ""1"": 0.1662577986717224, ""3"": 0.14965388178825378, ""10"": 0.13972634077072144, ""30"": 0.13399112224578857, ""45"": 0.13319484889507294, ""65"": 0.13346853852272034, ""90"": 0.1393345445394516}",0.10978998988866806,0.13319484889507294,0.10756208747625351,737856,0.2297141970000194,0.5798285462306959
timesfm3,monash_traffic,18,L18,block_depth,True,0.9,30.0,False,False,1e-05|0.0001|0.001|0.01|0.1|0.3|1|3|10|30|45|65|90,90.0,1e-05,13,0.01,0.3,"mean pinball over (batch, quantiles, horizon)",0.128428652882576,"{""1e-05"": 0.18426679074764252, ""0.0001"": 0.18532021343708038, ""0.001"": 0.18606415390968323, ""0.01"": 0.18357135355472565, ""0.1"": 0.17873074114322662, ""0.3"": 0.16565389931201935, ""1"": 0.1510351151227951, ""3"": 0.13737952709197998, ""10"": 0.1302964836359024, ""30"": 0.128428652882576, ""45"": 0.128859743475914, ""65"": 0.12991364300251007, ""90"": 0.1364888846874237}","{""1e-05"": 0.18426679074764252, ""0.0001"": 0.18532021343708038, ""0.001"": 0.18606415390968323, ""0.01"": 0.18357135355472565, ""0.1"": 0.17873074114322662, ""0.3"": 0.16565389931201935, ""1"": 0.1510351151227951, ""3"": 0.13737952709197998, ""10"": 0.1302964836359024, ""30"": 0.128428652882576, ""45"": 0.128859743475914, ""65"": 0.12991364300251007, ""90"": 0.1364888846874237}",0.10439374297857285,0.128428652882576,0.10399805754423141,737856,0.2297141970000194,0.5590801724917557
timesfm3,monash_traffic,19,L19,block_depth,True,0.95,30.0,False,False,1e-05|0.0001|0.001|0.01|0.1|0.3|1|3|10|30|45|65|90,90.0,1e-05,13,0.01,0.3,"mean pinball over (batch, quantiles, horizon)",0.136972114443779,"{""1e-05"": 0.18612895905971527, ""0.0001"": 0.18713654577732086, ""0.001"": 0.1858886480331421, ""0.01"": 0.1864636093378067, ""0.1"": 0.1786608248949051, ""0.3"": 0.1679169088602066, ""1"": 0.1537804901599884, ""3"": 0.14310210943222046, ""10"": 0.13836084306240082, ""30"": 0.136972114443779, ""45"": 0.1392308920621872, ""65"": 0.14215771853923798, ""90"": 0.14743834733963013}","{""1e-05"": 0.18612895905971527, ""0.0001"": 0.18713654577732086, ""0.001"": 0.1858886480331421, ""0.01"": 0.1864636093378067, ""0.1"": 0.1786608248949051, ""0.3"": 0.1679169088602066, ""1"": 0.1537804901599884, ""3"": 0.14310210943222046, ""10"": 0.13836084306240082, ""30"": 0.136972114443779, ""45"": 0.1392308920621872, ""65"": 0.14215771853923798, ""90"": 0.14743834733963013}",0.10159949958324432,0.136972114443779,0.10863780230283737,737856,0.2297141970000194,0.5962718727557245
timesfm3,monash_traffic,20,L20,block_depth,True,1.0,45.0,False,False,1e-05|0.0001|0.001|0.01|0.1|0.3|1|3|10|30|45|65|90,90.0,1e-05,13,0.01,0.45,"mean pinball over (batch, quantiles, horizon)",0.14106202125549316,"{""1e-05"": 0.22749529778957367, ""0.0001"": 0.22630365192890167, ""0.001"": 0.22611813247203827, ""0.01"": 0.22590050101280212, ""0.1"": 0.22016549110412598, ""0.3"": 0.20317265391349792, ""1"": 0.17819775640964508, ""3"": 0.1572902351617813, ""10"": 0.14607711136341095, ""30"": 0.1417350322008133, ""45"": 0.14106202125549316, ""65"": 0.1423250138759613, ""90"": 0.1462084949016571}","{""1e-05"": 0.22749529778957367, ""0.0001"": 0.22630365192890167, ""0.001"": 0.22611813247203827, ""0.01"": 0.22590050101280212, ""0.1"": 0.22016549110412598, ""0.3"": 0.20317265391349792, ""1"": 0.17819775640964508, ""3"": 0.1572902351617813, ""10"": 0.14607711136341095, ""30"": 0.1417350322008133, ""45"": 0.14106202125549316, ""65"": 0.1423250138759613, ""90"": 0.1462084949016571}",0.10075796395540237,0.14106202125549316,0.11883610486984253,737856,0.2297141970000194,0.6140762003294087
tirex,m4_hourly,0,Emb,block_depth,True,0.0,45.0,False,False,1e-05|0.0001|0.001|0.01|0.1|0.3|1|3|10|30|45|65|90,90.0,1e-05,13,0.01,0.45,"mean pinball over (batch, quantiles, horizon)",0.26316624879837036,"{""1e-05"": 0.2675973176956177, ""0.0001"": 0.2682541608810425, ""0.001"": 0.26803916692733765, ""0.01"": 0.26819607615470886, ""0.1"": 0.2655903995037079, ""0.3"": 0.2678658068180084, ""1"": 0.2700788974761963, ""3"": 0.2664366066455841, ""10"": 0.264072060585022, ""30"": 0.26328423619270325, ""45"": 0.26316624879837036, ""65"": 0.26387709379196167, ""90"": 0.26427820324897766}","{""1e-05"": 0.2675973176956177, ""0.0001"": 0.2682541608810425, ""0.001"": 0.26803916692733765, ""0.01"": 0.26819607615470886, ""0.1"": 0.2655903995037079, ""0.3"": 0.2678658068180084, ""1"": 0.2700788974761963, ""3"": 0.2664366066455841, ""10"": 0.264072060585022, ""30"": 0.26328423619270325, ""45"": 0.26316624879837036, ""65"": 0.26387709379196167, ""90"": 0.26427820324897766}",0.2112681269645691,0.26316624857087173,0.23350677206998563,147744,0.37308079755033247,0.7053867427614466
tirex,m4_hourly,1,L1,block_depth,True,0.08333333333333333,0.001,False,False,1e-05|0.0001|0.001|0.01|0.1|0.3|1|3|10|30|45|65|90,90.0,1e-05,13,0.01,1e-05,"mean pinball over (batch, quantiles, horizon)",0.1466856300830841,"{""1e-05"": 0.14712075889110565, ""0.0001"": 0.14709973335266113, ""0.001"": 0.1466856300830841, ""0.01"": 0.14779458940029144, ""0.1"": 0.14698821306228638, ""0.3"": 0.14841611683368683, ""1"": 0.15019039809703827, ""3"": 0.1554042547941208, ""10"": 0.16427139937877655, ""30"": 0.1853410005569458, ""45"": 0.19724303483963013, ""65"": 0.2101643830537796, ""90"": 0.2286994606256485}","{""1e-05"": 0.14712075889110565, ""0.0001"": 0.14709973335266113, ""0.001"": 0.1466856300830841, ""0.01"": 0.14779458940029144, ""0.1"": 0.14698821306228638, ""0.3"": 0.14841611683368683, ""1"": 0.15019039809703827, ""3"": 0.1554042547941208, ""10"": 0.16427139937877655, ""30"": 0.1853410005569458, ""45"": 0.19724303483963013, ""65"": 0.2101643830537796, ""90"": 0.2286994606256485}",0.10211829096078873,0.14668562688388442,0.1569963214165382,147744,0.37308079755033247,0.39317388578299856
tirex,m4_hourly,2,L2,block_depth,True,0.16666666666666666,0.1,False,False,1e-05|0.0001|0.001|0.01|0.1|0.3|1|3|10|30|45|65|90,90.0,1e-05,13,0.01,0.001,"mean pinball over (batch, quantiles, horizon)",0.1324254721403122,"{""1e-05"": 0.13368962705135345, ""0.0001"": 0.13341543078422546, ""0.001"": 0.13417038321495056, ""0.01"": 0.13430023193359375, ""0.1"": 0.1324254721403122, ""0.3"": 0.1326170265674591, ""1"": 0.13262885808944702, ""3"": 0.1330917924642563, ""10"": 0.1363644003868103, ""30"": 0.14565543830394745, ""45"": 0.15543080866336823, ""65"": 0.16954867541790009, ""90"": 0.1955152451992035}","{""1e-05"": 0.13368962705135345, ""0.0001"": 0.13341543078422546, ""0.001"": 0.13417038321495056, ""0.01"": 0.13430023193359375, ""0.1"": 0.1324254721403122, ""0.3"": 0.1326170265674591, ""1"": 0.13262885808944702, ""3"": 0.1330917924642563, ""10"": 0.1363644003868103, ""30"": 0.14565543830394745, ""45"": 0.15543080866336823, ""65"": 0.16954867541790009, ""90"": 0.1955152451992035}",0.09078233689069748,0.13242546724909135,0.14336776063699302,147744,0.37308079755033247,0.3549511744335375
tirex,m4_hourly,3,L3,block_depth,True,0.25,1.0,False,False,1e-05|0.0001|0.001|0.01|0.1|0.3|1|3|10|30|45|65|90,90.0,1e-05,13,0.01,0.01,"mean pinball over (batch, quantiles, horizon)",0.1282806545495987,"{""1e-05"": 0.13331156969070435, ""0.0001"": 0.1339947134256363, ""0.001"": 0.13358592987060547, ""0.01"": 0.13394217193126678, ""0.1"": 0.13221250474452972, ""0.3"": 0.1311122328042984, ""1"": 0.1282806545495987, ""3"": 0.1287851184606552, ""10"": 0.1313101053237915, ""30"": 0.1420971006155014, ""45"": 0.1489470899105072, ""65"": 0.16291245818138123, ""90"": 0.19004806876182556}","{""1e-05"": 0.13331156969070435, ""0.0001"": 0.1339947134256363, ""0.001"": 0.13358592987060547, ""0.01"": 0.13394217193126678, ""0.1"": 0.13221250474452972, ""0.3"": 0.1311122328042984, ""1"": 0.1282806545495987, ""3"": 0.1287851184606552, ""10"": 0.1313101053237915, ""30"": 0.1420971006155014, ""45"": 0.1489470899105072, ""65"": 0.16291245818138123, ""90"": 0.19004806876182556}",0.0894901305437088,0.12828065858769963,0.13869459954097527,147744,0.37308079755033247,0.34384149339766873
tirex,m4_hourly,4,L4,block_depth,True,0.3333333333333333,3.0,False,False,1e-05|0.0001|0.001|0.01|0.1|0.3|1|3|10|30|45|65|90,90.0,1e-05,13,0.01,0.03,"mean pinball over (batch, quantiles, horizon)",0.12359299510717392,"{""1e-05"": 0.1295071393251419, ""0.0001"": 0.12952956557273865, ""0.001"": 0.12985555827617645, ""0.01"": 0.13005654513835907, ""0.1"": 0.12841637432575226, ""0.3"": 0.12605401873588562, ""1"": 0.12406653165817261, ""3"": 0.12359299510717392, ""10"": 0.12551848590373993, ""30"": 0.13447551429271698, ""45"": 0.14389076828956604, ""65"": 0.16001619398593903, ""90"": 0.19082356989383698}","{""1e-05"": 0.1295071393251419, ""0.0001"": 0.12952956557273865, ""0.001"": 0.12985555827617645, ""0.01"": 0.13005654513835907, ""0.1"": 0.12841637432575226, ""0.3"": 0.12605401873588562, ""1"": 0.12406653165817261, ""3"": 0.12359299510717392, ""10"": 0.12551848590373993, ""30"": 0.13447551429271698, ""45"": 0.14389076828956604, ""65"": 0.16001619398593903, ""90"": 0.19082356989383698}",0.08971817791461945,0.12359300093682668,0.14062045862940886,147744,0.37308079755033247,0.3312767683256405
tirex,m4_hourly,5,L5,block_depth,True,0.4166666666666667,3.0,False,False,1e-05|0.0001|0.001|0.01|0.1|0.3|1|3|10|30|45|65|90,90.0,1e-05,13,0.01,0.03,"mean pinball over (batch, quantiles, horizon)",0.12305616587400436,"{""1e-05"": 0.13042676448822021, ""0.0001"": 0.13083447515964508, ""0.001"": 0.13145245611667633, ""0.01"": 0.1308761090040207, ""0.1"": 0.12949809432029724, ""0.3"": 0.1258610188961029, ""1"": 0.12357336282730103, ""3"": 0.12305616587400436, ""10"": 0.1256089210510254, ""30"": 0.141597181558609, ""45"": 0.1537795066833496, ""65"": 0.1754673719406128, ""90"": 0.20634999871253967}","{""1e-05"": 0.13042676448822021, ""0.0001"": 0.13083447515964508, ""0.001"": 0.13145245611667633, ""0.01"": 0.1308761090040207, ""0.1"": 0.12949809432029724, ""0.3"": 0.1258610188961029, ""1"": 0.12357336282730103, ""3"": 0.12305616587400436, ""10"": 0.1256089210510254, ""30"": 0.141597181558609, ""45"": 0.1537795066833496, ""65"": 0.1754673719406128, ""90"": 0.20634999871253967}",0.08464280515909195,0.12305616625790833,0.13656627506245184,147744,0.37308079755033247,0.3298378449545015
tirex,m4_hourly,6,L6,block_depth,True,0.5,3.0,False,False,1e-05|0.0001|0.001|0.01|0.1|0.3|1|3|10|30|45|65|90,90.0,1e-05,13,0.01,0.03,"mean pinball over (batch, quantiles, horizon)",0.1215134933590889,"{""1e-05"": 0.1373835653066635, ""0.0001"": 0.1364162415266037, ""0.001"": 0.13611534237861633, ""0.01"": 0.13679783046245575, ""0.1"": 0.13381756842136383, ""0.3"": 0.13193020224571228, ""1"": 0.12547855079174042, ""3"": 0.1215134933590889, ""10"": 0.12480026483535767, ""30"": 0.14215408265590668, ""45"": 0.15994876623153687, ""65"": 0.1891273558139801, ""90"": 0.2243110090494156}","{""1e-05"": 0.1373835653066635, ""0.0001"": 0.1364162415266037, ""0.001"": 0.13611534237861633, ""0.01"": 0.13679783046245575, ""0.1"": 0.13381756842136383, ""0.3"": 0.13193020224571228, ""1"": 0.12547855079174042, ""3"": 0.1215134933590889, ""10"": 0.12480026483535767, ""30"": 0.14215408265590668, ""45"": 0.15994876623153687, ""65"": 0.1891273558139801, ""90"": 0.2243110090494156}",0.07864990830421448,0.12151349603219797,0.13764736336435526,147744,0.37308079755033247,0.325702895539148
tirex,m4_hourly,7,L7,block_depth,True,0.5833333333333334,3.0,False,False,1e-05|0.0001|0.001|0.01|0.1|0.3|1|3|10|30|45|65|90,90.0,1e-05,13,0.01,0.03,"mean pinball over (batch, quantiles, horizon)",0.12281300872564316,"{""1e-05"": 0.13095302879810333, ""0.0001"": 0.1308470219373703, ""0.001"": 0.1304071545600891, ""0.01"": 0.1317915916442871, ""0.1"": 0.12803779542446136, ""0.3"": 0.12572625279426575, ""1"": 0.12311571836471558, ""3"": 0.12281300872564316, ""10"": 0.1266472190618515, ""30"": 0.14711126685142517, ""45"": 0.16707240045070648, ""65"": 0.1977173537015915, ""90"": 0.23167389631271362}","{""1e-05"": 0.13095302879810333, ""0.0001"": 0.1308470219373703, ""0.001"": 0.1304071545600891, ""0.01"": 0.1317915916442871, ""0.1"": 0.12803779542446136, ""0.3"": 0.12572625279426575, ""1"": 0.12311571836471558, ""3"": 0.12281300872564316, ""10"": 0.1266472190618515, ""30"": 0.14711126685142517, ""45"": 0.16707240045070648, ""65"": 0.1977173537015915, ""90"": 0.23167389631271362}",0.07609712332487106,0.12281301977354607,0.13824232761527747,147744,0.37308079755033247,0.329186118878116
tirex,m4_hourly,8,L8,block_depth,True,0.6666666666666666,3.0,False,False,1e-05|0.0001|0.001|0.01|0.1|0.3|1|3|10|30|45|65|90,90.0,1e-05,13,0.01,0.03,"mean pinball over (batch, quantiles, horizon)",0.11750240623950958,"{""1e-05"": 0.13129909336566925, ""0.0001"": 0.1319853961467743, ""0.001"": 0.13240963220596313, ""0.01"": 0.13069060444831848, ""0.1"": 0.12996555864810944, ""0.3"": 0.1261768788099289, ""1"": 0.12047581374645233, ""3"": 0.11750240623950958, ""10"": 0.11849605292081833, ""30"": 0.13209450244903564, ""45"": 0.14420828223228455, ""65"": 0.17129965126514435, ""90"": 0.20366910099983215}","{""1e-05"": 0.13129909336566925, ""0.0001"": 0.1319853961467743, ""0.001"": 0.13240963220596313, ""0.01"": 0.13069060444831848, ""0.1"": 0.12996555864810944, ""0.3"": 0.1261768788099289, ""1"": 0.12047581374645233, ""3"": 0.11750240623950958, ""10"": 0.11849605292081833, ""30"": 0.13209450244903564, ""45"": 0.14420828223228455, ""65"": 0.17129965126514435, ""90"": 0.20366910099983215}",0.07429049164056778,0.11750240048095015,0.1304283137113311,147744,0.37308079755033247,0.3149516170558144
tirex,m4_hourly,9,L9,block_depth,True,0.75,3.0,False,False,1e-05|0.0001|0.001|0.01|0.1|0.3|1|3|10|30|45|65|90,90.0,1e-05,13,0.01,0.03,"mean pinball over (batch, quantiles, horizon)",0.11297756433486938,"{""1e-05"": 0.1260957270860672, ""0.0001"": 0.1253439337015152, ""0.001"": 0.12565523386001587, ""0.01"": 0.12669317424297333, ""0.1"": 0.12388830631971359, ""0.3"": 0.12027537822723389, ""1"": 0.11533985286951065, ""3"": 0.11297756433486938, ""10"": 0.1144678145647049, ""30"": 0.129411518573761, ""45"": 0.1437789499759674, ""65"": 0.1698109656572342, ""90"": 0.20208927989006042}","{""1e-05"": 0.1260957270860672, ""0.0001"": 0.1253439337015152, ""0.001"": 0.12565523386001587, ""0.01"": 0.12669317424297333, ""0.1"": 0.12388830631971359, ""0.3"": 0.12027537822723389, ""1"": 0.11533985286951065, ""3"": 0.11297756433486938, ""10"": 0.1144678145647049, ""30"": 0.129411518573761, ""45"": 0.1437789499759674, ""65"": 0.1698109656572342, ""90"": 0.20208927989006042}",0.07350602746009827,0.11297756319737616,0.12467758162729158,147744,0.37308079755033247,0.30282331317825145
tirex,m4_hourly,10,L10,block_depth,True,0.8333333333333334,3.0,False,False,1e-05|0.0001|0.001|0.01|0.1|0.3|1|3|10|30|45|65|90,90.0,1e-05,13,0.01,0.03,"mean pinball over (batch, quantiles, horizon)",0.10087900608778,"{""1e-05"": 0.11134038120508194, ""0.0001"": 0.11189696937799454, ""0.001"": 0.11133469641208649, ""0.01"": 0.11242958158254623, ""0.1"": 0.1106930524110794, ""0.3"": 0.10758980363607407, ""1"": 0.10279449075460434, ""3"": 0.10087900608778, ""10"": 0.10193395614624023, ""30"": 0.11201731860637665, ""45"": 0.12057805806398392, ""65"": 0.14036411046981812, ""90"": 0.1716069132089615}","{""1e-05"": 0.11134038120508194, ""0.0001"": 0.11189696937799454, ""0.001"": 0.11133469641208649, ""0.01"": 0.11242958158254623, ""0.1"": 0.1106930524110794, ""0.3"": 0.10758980363607407, ""1"": 0.10279449075460434, ""3"": 0.10087900608778, ""10"": 0.10193395614624023, ""30"": 0.11201731860637665, ""45"": 0.12057805806398392, ""65"": 0.14036411046981812, ""90"": 0.1716069132089615}",0.0696784183382988,0.10087899954719398,0.11895130955763446,147744,0.37308079755033247,0.2703945102765155
tirex,m4_hourly,11,L11,block_depth,True,0.9166666666666666,10.0,False,False,1e-05|0.0001|0.001|0.01|0.1|0.3|1|3|10|30|45|65|90,90.0,1e-05,13,0.01,0.1,"mean pinball over (batch, quantiles, horizon)",0.09472478926181793,"{""1e-05"": 0.10549212247133255, ""0.0001"": 0.10563677549362183, ""0.001"": 0.1047934964299202, ""0.01"": 0.10541549324989319, ""0.1"": 0.10345230251550674, ""0.3"": 0.10071828961372375, ""1"": 0.09721440821886063, ""3"": 0.09529706835746765, ""10"": 0.09472478926181793, ""30"": 0.1036742627620697, ""45"": 0.1111602634191513, ""65"": 0.12569890916347504, ""90"": 0.15168452262878418}","{""1e-05"": 0.10549212247133255, ""0.0001"": 0.10563677549362183, ""0.001"": 0.1047934964299202, ""0.01"": 0.10541549324989319, ""0.1"": 0.10345230251550674, ""0.3"": 0.10071828961372375, ""1"": 0.09721440821886063, ""3"": 0.09529706835746765, ""10"": 0.09472478926181793, ""30"": 0.1036742627620697, ""45"": 0.1111602634191513, ""65"": 0.12569890916347504, ""90"": 0.15168452262878418}",0.0660707950592041,0.09472478998696986,0.11039238749427423,147744,0.37308079755033247,0.2538988621471211
tirex,m4_hourly,12,L12,block_depth,True,1.0,10.0,False,False,1e-05|0.0001|0.001|0.01|0.1|0.3|1|3|10|30|45|65|90,90.0,1e-05,13,0.01,0.1,"mean pinball over (batch, quantiles, horizon)",0.08870670199394226,"{""1e-05"": 0.1026354730129242, ""0.0001"": 0.10263220965862274, ""0.001"": 0.10318776220083237, ""0.01"": 0.10201497375965118, ""0.1"": 0.09985467791557312, ""0.3"": 0.09754820913076401, ""1"": 0.09228188544511795, ""3"": 0.0894303098320961, ""10"": 0.08870670199394226, ""30"": 0.09532727301120758, ""45"": 0.09978321194648743, ""65"": 0.10627544671297073, ""90"": 0.11857891082763672}","{""1e-05"": 0.1026354730129242, ""0.0001"": 0.10263220965862274, ""0.001"": 0.10318776220083237, ""0.01"": 0.10201497375965118, ""0.1"": 0.09985467791557312, ""0.3"": 0.09754820913076401, ""1"": 0.09228188544511795, ""3"": 0.0894303098320961, ""10"": 0.08870670199394226, ""30"": 0.09532727301120758, ""45"": 0.09978321194648743, ""65"": 0.10627544671297073, ""90"": 0.11857891082763672}",0.06075531244277954,0.08870669897958522,0.10566483562428305,147744,0.37308079755033247,0.23776806408166254
tirex,m4_hourly,13,L12+RMS,head_input_diagnostic,False,,3.0,False,False,1e-05|0.0001|0.001|0.01|0.1|0.3|1|3|10|30|45|65|90,90.0,1e-05,13,0.01,0.03,"mean pinball over (batch, quantiles, horizon)",0.08923251926898956,"{""1e-05"": 0.0995432510972023, ""0.0001"": 0.09926548600196838, ""0.001"": 0.10058362036943436, ""0.01"": 0.09956756234169006, ""0.1"": 0.09822579473257065, ""0.3"": 0.09472181648015976, ""1"": 0.0920642614364624, ""3"": 0.08923251926898956, ""10"": 0.08988833427429199, ""30"": 0.09629207104444504, ""45"": 0.10044648498296738, ""65"": 0.10737912356853485, ""90"": 0.11948825418949127}","{""1e-05"": 0.0995432510972023, ""0.0001"": 0.09926548600196838, ""0.001"": 0.10058362036943436, ""0.01"": 0.09956756234169006, ""0.1"": 0.09822579473257065, ""0.3"": 0.09472181648015976, ""1"": 0.0920642614364624, ""3"": 0.08923251926898956, ""10"": 0.08988833427429199, ""30"": 0.09629207104444504, ""45"": 0.10044648498296738, ""65"": 0.10737912356853485, ""90"": 0.11948825418949127}",0.06061561405658722,0.0892325185580563,0.10897964881804154,147744,0.37308079755033247,0.239177462747913
tirex,monash_electricity_hourly,0,Emb,block_depth,True,0.0,0.1,False,False,1e-05|0.0001|0.001|0.01|0.1|0.3|1|3|10|30|45|65|90,90.0,1e-05,13,0.01,0.001,"mean pinball over (batch, quantiles, horizon)",0.26491057872772217,"{""1e-05"": 0.265868216753006, ""0.0001"": 0.26596513390541077, ""0.001"": 0.2671378552913666, ""0.01"": 0.2665851414203644, ""0.1"": 0.26491057872772217, ""0.3"": 0.2666688561439514, ""1"": 0.2680959403514862, ""3"": 0.26816943287849426, ""10"": 0.27012959122657776, ""30"": 0.27199313044548035, ""45"": 0.2743805944919586, ""65"": 0.27661189436912537, ""90"": 0.2790457010269165}","{""1e-05"": 0.265868216753006, ""0.0001"": 0.26596513390541077, ""0.001"": 0.2671378552913666, ""0.01"": 0.2665851414203644, ""0.1"": 0.26491057872772217, ""0.3"": 0.2666688561439514, ""1"": 0.2680959403514862, ""3"": 0.26816943287849426, ""10"": 0.27012959122657776, ""30"": 0.27199313044548035, ""45"": 0.2743805944919586, ""65"": 0.27661189436912537, ""90"": 0.2790457010269165}",0.22662875056266785,0.26491054505792283,0.25710497705536034,147744,0.30417946322273665,0.8709021386625994
tirex,monash_electricity_hourly,1,L1,block_depth,True,0.08333333333333333,10.0,False,False,1e-05|0.0001|0.001|0.01|0.1|0.3|1|3|10|30|45|65|90,90.0,1e-05,13,0.01,0.1,"mean pinball over (batch, quantiles, horizon)",0.20459876954555511,"{""1e-05"": 0.22198925912380219, ""0.0001"": 0.22169969975948334, ""0.001"": 0.22134065628051758, ""0.01"": 0.2196357548236847, ""0.1"": 0.21938097476959229, ""0.3"": 0.216194748878479, ""1"": 0.2121945172548294, ""3"": 0.20565100014209747, ""10"": 0.20459876954555511, ""30"": 0.21338999271392822, ""45"": 0.22377672791481018, ""65"": 0.23049719631671906, ""90"": 0.2436191290616989}","{""1e-05"": 0.22198925912380219, ""0.0001"": 0.22169969975948334, ""0.001"": 0.22134065628051758, ""0.01"": 0.2196357548236847, ""0.1"": 0.21938097476959229, ""0.3"": 0.216194748878479, ""1"": 0.2121945172548294, ""3"": 0.20565100014209747, ""10"": 0.20459876954555511, ""30"": 0.21338999271392822, ""45"": 0.22377672791481018, ""65"": 0.23049719631671906, ""90"": 0.2436191290616989}",0.15994839370250702,0.20459877804831694,0.1974482406072944,147744,0.30417946322273665,0.6726252189435243
tirex,monash_electricity_hourly,2,L2,block_depth,True,0.16666666666666666,1.0,False,False,1e-05|0.0001|0.001|0.01|0.1|0.3|1|3|10|30|45|65|90,90.0,1e-05,13,0.01,0.01,"mean pinball over (batch, quantiles, horizon)",0.17830270528793335,"{""1e-05"": 0.18343321979045868, ""0.0001"": 0.1842171847820282, ""0.001"": 0.1834515631198883, ""0.01"": 0.18363966047763824, ""0.1"": 0.1823628842830658, ""0.3"": 0.18041925132274628, ""1"": 0.17830270528793335, ""3"": 0.17857396602630615, ""10"": 0.18225128948688507, ""30"": 0.1901729702949524, ""45"": 0.19589675962924957, ""65"": 0.2059953659772873, ""90"": 0.21840088069438934}","{""1e-05"": 0.18343321979045868, ""0.0001"": 0.1842171847820282, ""0.001"": 0.1834515631198883, ""0.01"": 0.18363966047763824, ""0.1"": 0.1823628842830658, ""0.3"": 0.18041925132274628, ""1"": 0.17830270528793335, ""3"": 0.17857396602630615, ""10"": 0.18225128948688507, ""30"": 0.1901729702949524, ""45"": 0.19589675962924957, ""65"": 0.2059953659772873, ""90"": 0.21840088069438934}",0.12435777485370636,0.17830269999858986,0.17699357776241448,147744,0.30417946322273665,0.5861759965958878
tirex,monash_electricity_hourly,3,L3,block_depth,True,0.25,3.0,False,False,1e-05|0.0001|0.001|0.01|0.1|0.3|1|3|10|30|45|65|90,90.0,1e-05,13,0.01,0.03,"mean pinball over (batch, quantiles, horizon)",0.15820524096488953,"{""1e-05"": 0.17905119061470032, ""0.0001"": 0.17979204654693604, ""0.001"": 0.17900265753269196, ""0.01"": 0.17922814190387726, ""0.1"": 0.17585255205631256, ""0.3"": 0.1711718589067459, ""1"": 0.16414082050323486, ""3"": 0.15820524096488953, ""10"": 0.16037023067474365, ""30"": 0.16942694783210754, ""45"": 0.1776467114686966, ""65"": 0.18947869539260864, ""90"": 0.20518586039543152}","{""1e-05"": 0.17905119061470032, ""0.0001"": 0.17979204654693604, ""0.001"": 0.17900265753269196, ""0.01"": 0.17922814190387726, ""0.1"": 0.17585255205631256, ""0.3"": 0.1711718589067459, ""1"": 0.16414082050323486, ""3"": 0.15820524096488953, ""10"": 0.16037023067474365, ""30"": 0.16942694783210754, ""45"": 0.1776467114686966, ""65"": 0.18947869539260864, ""90"": 0.20518586039543152}",0.12458537518978119,0.15820523681303927,0.1726758511353085,147744,0.30417946322273665,0.520104924694383
tirex,monash_electricity_hourly,4,L4,block_depth,True,0.3333333333333333,3.0,False,False,1e-05|0.0001|0.001|0.01|0.1|0.3|1|3|10|30|45|65|90,90.0,1e-05,13,0.01,0.03,"mean pinball over (batch, quantiles, horizon)",0.15303535759449005,"{""1e-05"": 0.17077110707759857, ""0.0001"": 0.16976146399974823, ""0.001"": 0.17029812932014465, ""0.01"": 0.1705840677022934, ""0.1"": 0.16826577484607697, ""0.3"": 0.16388219594955444, ""1"": 0.15786689519882202, ""3"": 0.15303535759449005, ""10"": 0.15743200480937958, ""30"": 0.17434825003147125, ""45"": 0.18647916615009308, ""65"": 0.20168916881084442, ""90"": 0.220356747508049}","{""1e-05"": 0.17077110707759857, ""0.0001"": 0.16976146399974823, ""0.001"": 0.17029812932014465, ""0.01"": 0.1705840677022934, ""0.1"": 0.16826577484607697, ""0.3"": 0.16388219594955444, ""1"": 0.15786689519882202, ""3"": 0.15303535759449005, ""10"": 0.15743200480937958, ""30"": 0.17434825003147125, ""45"": 0.18647916615009308, ""65"": 0.20168916881084442, ""90"": 0.220356747508049}",0.11917329579591751,0.15303536538631862,0.16532772133937318,147744,0.30417946322273665,0.5031088021687311
tirex,monash_electricity_hourly,5,L5,block_depth,True,0.4166666666666667,10.0,False,False,1e-05|0.0001|0.001|0.01|0.1|0.3|1|3|10|30|45|65|90,90.0,1e-05,13,0.01,0.1,"mean pinball over (batch, quantiles, horizon)",0.15909144282341003,"{""1e-05"": 0.18337568640708923, ""0.0001"": 0.1837512105703354, ""0.001"": 0.18377633392810822, ""0.01"": 0.18392333388328552, ""0.1"": 0.1803419291973114, ""0.3"": 0.17541469633579254, ""1"": 0.1681874841451645, ""3"": 0.1606907844543457, ""10"": 0.15909144282341003, ""30"": 0.17274610698223114, ""45"": 0.18867555260658264, ""65"": 0.2102642059326172, ""90"": 0.23305344581604004}","{""1e-05"": 0.18337568640708923, ""0.0001"": 0.1837512105703354, ""0.001"": 0.18377633392810822, ""0.01"": 0.18392333388328552, ""0.1"": 0.1803419291973114, ""0.3"": 0.17541469633579254, ""1"": 0.1681874841451645, ""3"": 0.1606907844543457, ""10"": 0.15909144282341003, ""30"": 0.17274610698223114, ""45"": 0.18867555260658264, ""65"": 0.2102642059326172, ""90"": 0.23305344581604004}",0.12197557091712952,0.15909143181816313,0.17097140004047912,147744,0.30417946322273665,0.5230183199503767
tirex,monash_electricity_hourly,6,L6,block_depth,True,0.5,10.0,False,False,1e-05|0.0001|0.001|0.01|0.1|0.3|1|3|10|30|45|65|90,90.0,1e-05,13,0.01,0.1,"mean pinball over (batch, quantiles, horizon)",0.16649127006530762,"{""1e-05"": 0.20047764480113983, ""0.0001"": 0.2000659555196762, ""0.001"": 0.199844628572464, ""0.01"": 0.19982029497623444, ""0.1"": 0.19778543710708618, ""0.3"": 0.19167353212833405, ""1"": 0.18084517121315002, ""3"": 0.170861154794693, ""10"": 0.16649127006530762, ""30"": 0.1808631271123886, ""45"": 0.19719472527503967, ""65"": 0.2163570523262024, ""90"": 0.2353193163871765}","{""1e-05"": 0.20047764480113983, ""0.0001"": 0.2000659555196762, ""0.001"": 0.199844628572464, ""0.01"": 0.19982029497623444, ""0.1"": 0.19778543710708618, ""0.3"": 0.19167353212833405, ""1"": 0.18084517121315002, ""3"": 0.170861154794693, ""10"": 0.16649127006530762, ""30"": 0.1808631271123886, ""45"": 0.19719472527503967, ""65"": 0.2163570523262024, ""90"": 0.2353193163871765}",0.11863279342651367,0.1664912846820955,0.1760205026744431,147744,0.30417946322273665,0.5473455798696758
tirex,monash_electricity_hourly,7,L7,block_depth,True,0.5833333333333334,10.0,False,False,1e-05|0.0001|0.001|0.01|0.1|0.3|1|3|10|30|45|65|90,90.0,1e-05,13,0.01,0.1,"mean pinball over (batch, quantiles, horizon)",0.1755051165819168,"{""1e-05"": 0.20635481178760529, ""0.0001"": 0.2065315991640091, ""0.001"": 0.20565654337406158, ""0.01"": 0.20555628836154938, ""0.1"": 0.20413650572299957, ""0.3"": 0.19792520999908447, ""1"": 0.1886269450187683, ""3"": 0.1789921522140503, ""10"": 0.1755051165819168, ""30"": 0.18970054388046265, ""45"": 0.20371094346046448, ""65"": 0.21972894668579102, ""90"": 0.23644742369651794}","{""1e-05"": 0.20635481178760529, ""0.0001"": 0.2065315991640091, ""0.001"": 0.20565654337406158, ""0.01"": 0.20555628836154938, ""0.1"": 0.20413650572299957, ""0.3"": 0.19792520999908447, ""1"": 0.1886269450187683, ""3"": 0.1789921522140503, ""10"": 0.1755051165819168, ""30"": 0.18970054388046265, ""45"": 0.20371094346046448, ""65"": 0.21972894668579102, ""90"": 0.23644742369651794}",0.11572727560997009,0.1755051122878799,0.17474542185664177,147744,0.30417946322273665,0.576978834890525
tirex,monash_electricity_hourly,8,L8,block_depth,True,0.6666666666666666,10.0,False,False,1e-05|0.0001|0.001|0.01|0.1|0.3|1|3|10|30|45|65|90,90.0,1e-05,13,0.01,0.1,"mean pinball over (batch, quantiles, horizon)",0.14802618324756622,"{""1e-05"": 0.1921473890542984, ""0.0001"": 0.19225725531578064, ""0.001"": 0.19264817237854004, ""0.01"": 0.19209638237953186, ""0.1"": 0.18793536722660065, ""0.3"": 0.1805146336555481, ""1"": 0.16792412102222443, ""3"": 0.15470543503761292, ""10"": 0.14802618324756622, ""30"": 0.15958139300346375, ""45"": 0.17361444234848022, ""65"": 0.1940271556377411, ""90"": 0.21346135437488556}","{""1e-05"": 0.1921473890542984, ""0.0001"": 0.19225725531578064, ""0.001"": 0.19264817237854004, ""0.01"": 0.19209638237953186, ""0.1"": 0.18793536722660065, ""0.3"": 0.1805146336555481, ""1"": 0.16792412102222443, ""3"": 0.15470543503761292, ""10"": 0.14802618324756622, ""30"": 0.15958139300346375, ""45"": 0.17361444234848022, ""65"": 0.1940271556377411, ""90"": 0.21346135437488556}",0.11253844946622849,0.14802619169345338,0.18361011542777977,147744,0.30417946322273665,0.48664097873386214
tirex,monash_electricity_hourly,9,L9,block_depth,True,0.75,10.0,False,False,1e-05|0.0001|0.001|0.01|0.1|0.3|1|3|10|30|45|65|90,90.0,1e-05,13,0.01,0.1,"mean pinball over (batch, quantiles, horizon)",0.13239702582359314,"{""1e-05"": 0.16526159644126892, ""0.0001"": 0.16485044360160828, ""0.001"": 0.16484829783439636, ""0.01"": 0.16441722214221954, ""0.1"": 0.1610989272594452, ""0.3"": 0.15512344241142273, ""1"": 0.14500467479228973, ""3"": 0.13544146716594696, ""10"": 0.13239702582359314, ""30"": 0.1426069289445877, ""45"": 0.15370336174964905, ""65"": 0.17311672866344452, ""90"": 0.19443394243717194}","{""1e-05"": 0.16526159644126892, ""0.0001"": 0.16485044360160828, ""0.001"": 0.16484829783439636, ""0.01"": 0.16441722214221954, ""0.1"": 0.1610989272594452, ""0.3"": 0.15512344241142273, ""1"": 0.14500467479228973, ""3"": 0.13544146716594696, ""10"": 0.13239702582359314, ""30"": 0.1426069289445877, ""45"": 0.15370336174964905, ""65"": 0.17311672866344452, ""90"": 0.19443394243717194}",0.10837234556674957,0.13239702229736416,0.17252495464022832,147744,0.30417946322273665,0.4352595697771217
tirex,monash_electricity_hourly,10,L10,block_depth,True,0.8333333333333334,10.0,False,False,1e-05|0.0001|0.001|0.01|0.1|0.3|1|3|10|30|45|65|90,90.0,1e-05,13,0.01,0.1,"mean pinball over (batch, quantiles, horizon)",0.11476641148328781,"{""1e-05"": 0.1466437131166458, ""0.0001"": 0.14653092622756958, ""0.001"": 0.14591164886951447, ""0.01"": 0.14563284814357758, ""0.1"": 0.1428757756948471, ""0.3"": 0.13762208819389343, ""1"": 0.12782517075538635, ""3"": 0.11854127794504166, ""10"": 0.11476641148328781, ""30"": 0.11871010810136795, ""45"": 0.1242767795920372, ""65"": 0.1339675486087799, ""90"": 0.1519538313150406}","{""1e-05"": 0.1466437131166458, ""0.0001"": 0.14653092622756958, ""0.001"": 0.14591164886951447, ""0.01"": 0.14563284814357758, ""0.1"": 0.1428757756948471, ""0.3"": 0.13762208819389343, ""1"": 0.12782517075538635, ""3"": 0.11854127794504166, ""10"": 0.11476641148328781, ""30"": 0.11871010810136795, ""45"": 0.1242767795920372, ""65"": 0.1339675486087799, ""90"": 0.1519538313150406}",0.10186607390642166,0.11476641520857811,0.1648035931280096,147744,0.30417946322273665,0.3772983685112888
tirex,monash_electricity_hourly,11,L11,block_depth,True,0.9166666666666666,10.0,False,False,1e-05|0.0001|0.001|0.01|0.1|0.3|1|3|10|30|45|65|90,90.0,1e-05,13,0.01,0.1,"mean pinball over (batch, quantiles, horizon)",0.10589312016963959,"{""1e-05"": 0.13415086269378662, ""0.0001"": 0.1339646577835083, ""0.001"": 0.1344408392906189, ""0.01"": 0.13365072011947632, ""0.1"": 0.13171133399009705, ""0.3"": 0.12705588340759277, ""1"": 0.11932573467493057, ""3"": 0.11114377528429031, ""10"": 0.10589312016963959, ""30"": 0.10749440640211105, ""45"": 0.11222168803215027, ""65"": 0.12250617891550064, ""90"": 0.1396046131849289}","{""1e-05"": 0.13415086269378662, ""0.0001"": 0.1339646577835083, ""0.001"": 0.1344408392906189, ""0.01"": 0.13365072011947632, ""0.1"": 0.13171133399009705, ""0.3"": 0.12705588340759277, ""1"": 0.11932573467493057, ""3"": 0.11114377528429031, ""10"": 0.10589312016963959, ""30"": 0.10749440640211105, ""45"": 0.11222168803215027, ""65"": 0.12250617891550064, ""90"": 0.1396046131849289}",0.09788605570793152,0.10589311385655222,0.15808661424249182,147744,0.30417946322273665,0.34812709817628795
tirex,monash_electricity_hourly,12,L12,block_depth,True,1.0,10.0,False,False,1e-05|0.0001|0.001|0.01|0.1|0.3|1|3|10|30|45|65|90,90.0,1e-05,13,0.01,0.1,"mean pinball over (batch, quantiles, horizon)",0.10572601854801178,"{""1e-05"": 0.1258455216884613, ""0.0001"": 0.12629841268062592, ""0.001"": 0.12609465420246124, ""0.01"": 0.1259404867887497, ""0.1"": 0.12423907965421677, ""0.3"": 0.12091396003961563, ""1"": 0.11497864127159119, ""3"": 0.10968632251024246, ""10"": 0.10572601854801178, ""30"": 0.1062728762626648, ""45"": 0.10887670516967773, ""65"": 0.11406455934047699, ""90"": 0.12399762123823166}","{""1e-05"": 0.1258455216884613, ""0.0001"": 0.12629841268062592, ""0.001"": 0.12609465420246124, ""0.01"": 0.1259404867887497, ""0.1"": 0.12423907965421677, ""0.3"": 0.12091396003961563, ""1"": 0.11497864127159119, ""3"": 0.10968632251024246, ""10"": 0.10572601854801178, ""30"": 0.1062728762626648, ""45"": 0.10887670516967773, ""65"": 0.11406455934047699, ""90"": 0.12399762123823166}",0.0948384702205658,0.10572601802192116,0.15129490924700525,147744,0.30417946322273665,0.3475777651185572
tirex,monash_electricity_hourly,13,L12+RMS,head_input_diagnostic,False,,10.0,False,False,1e-05|0.0001|0.001|0.01|0.1|0.3|1|3|10|30|45|65|90,90.0,1e-05,13,0.01,0.1,"mean pinball over (batch, quantiles, horizon)",0.10096476972103119,"{""1e-05"": 0.12220964580774307, ""0.0001"": 0.12217140197753906, ""0.001"": 0.12245769798755646, ""0.01"": 0.12286131083965302, ""0.1"": 0.12031988799571991, ""0.3"": 0.11657404154539108, ""1"": 0.11029855161905289, ""3"": 0.10396622866392136, ""10"": 0.10096476972103119, ""30"": 0.10322784632444382, ""45"": 0.10633903741836548, ""65"": 0.1130785122513771, ""90"": 0.12408535182476044}","{""1e-05"": 0.12220964580774307, ""0.0001"": 0.12217140197753906, ""0.001"": 0.12245769798755646, ""0.01"": 0.12286131083965302, ""0.1"": 0.12031988799571991, ""0.3"": 0.11657404154539108, ""1"": 0.11029855161905289, ""3"": 0.10396622866392136, ""10"": 0.10096476972103119, ""30"": 0.10322784632444382, ""45"": 0.10633903741836548, ""65"": 0.1130785122513771, ""90"": 0.12408535182476044}",0.09305763989686966,0.10096476844135131,0.1519131691884676,147744,0.30417946322273665,0.331925000365391
tirex,uber_tlc_hourly,0,Emb,block_depth,True,0.0,0.1,False,False,1e-05|0.0001|0.001|0.01|0.1|0.3|1|3|10|30|45|65|90,90.0,1e-05,13,0.01,0.001,"mean pinball over (batch, quantiles, horizon)",0.25107672810554504,"{""1e-05"": 0.2514708936214447, ""0.0001"": 0.2514336407184601, ""0.001"": 0.25160926580429077, ""0.01"": 0.25132331252098083, ""0.1"": 0.25107672810554504, ""0.3"": 0.25121375918388367, ""1"": 0.25148820877075195, ""3"": 0.25207117199897766, ""10"": 0.2520042359828949, ""30"": 0.25250113010406494, ""45"": 0.25307697057724, ""65"": 0.2534855306148529, ""90"": 0.25415581464767456}","{""1e-05"": 0.2514708936214447, ""0.0001"": 0.2514336407184601, ""0.001"": 0.25160926580429077, ""0.01"": 0.25132331252098083, ""0.1"": 0.25107672810554504, ""0.3"": 0.25121375918388367, ""1"": 0.25148820877075195, ""3"": 0.25207117199897766, ""10"": 0.2520042359828949, ""30"": 0.25250113010406494, ""45"": 0.25307697057724, ""65"": 0.2534855306148529, ""90"": 0.25415581464767456}",0.2601759731769562,0.2510767554053823,0.335024323115367,147744,0.27267011599117563,0.9208077478263437
tirex,uber_tlc_hourly,1,L1,block_depth,True,0.08333333333333333,3.0,False,False,1e-05|0.0001|0.001|0.01|0.1|0.3|1|3|10|30|45|65|90,90.0,1e-05,13,0.01,0.03,"mean pinball over (batch, quantiles, horizon)",0.22934141755104065,"{""1e-05"": 0.23261302709579468, ""0.0001"": 0.2323814481496811, ""0.001"": 0.23269754648208618, ""0.01"": 0.23218335211277008, ""0.1"": 0.23159539699554443, ""0.3"": 0.2308315485715866, ""1"": 0.22940176725387573, ""3"": 0.22934141755104065, ""10"": 0.23181046545505524, ""30"": 0.23569680750370026, ""45"": 0.23877736926078796, ""65"": 0.2407846748828888, ""90"": 0.24466535449028015}","{""1e-05"": 0.23261302709579468, ""0.0001"": 0.2323814481496811, ""0.001"": 0.23269754648208618, ""0.01"": 0.23218335211277008, ""0.1"": 0.23159539699554443, ""0.3"": 0.2308315485715866, ""1"": 0.22940176725387573, ""3"": 0.22934141755104065, ""10"": 0.23181046545505524, ""30"": 0.23569680750370026, ""45"": 0.23877736926078796, ""65"": 0.2407846748828888, ""90"": 0.24466535449028015}",0.23693153262138367,0.22934140832312688,0.31605731865803477,147744,0.27267011599117563,0.8410947693679384
tirex,uber_tlc_hourly,2,L2,block_depth,True,0.16666666666666666,3.0,False,False,1e-05|0.0001|0.001|0.01|0.1|0.3|1|3|10|30|45|65|90,90.0,1e-05,13,0.01,0.03,"mean pinball over (batch, quantiles, horizon)",0.22212736308574677,"{""1e-05"": 0.22964119911193848, ""0.0001"": 0.22918108105659485, ""0.001"": 0.2292417585849762, ""0.01"": 0.22902995347976685, ""0.1"": 0.2278536856174469, ""0.3"": 0.2265566736459732, ""1"": 0.22355951368808746, ""3"": 0.22212736308574677, ""10"": 0.22253727912902832, ""30"": 0.2258690893650055, ""45"": 0.22947445511817932, ""65"": 0.23343397676944733, ""90"": 0.2373817265033722}","{""1e-05"": 0.22964119911193848, ""0.0001"": 0.22918108105659485, ""0.001"": 0.2292417585849762, ""0.01"": 0.22902995347976685, ""0.1"": 0.2278536856174469, ""0.3"": 0.2265566736459732, ""1"": 0.22355951368808746, ""3"": 0.22212736308574677, ""10"": 0.22253727912902832, ""30"": 0.2258690893650055, ""45"": 0.22947445511817932, ""65"": 0.23343397676944733, ""90"": 0.2373817265033722}",0.2224692851305008,0.22212735741249934,0.30938371437253387,147744,0.27267011599117563,0.8146377046309248
tirex,uber_tlc_hourly,3,L3,block_depth,True,0.25,10.0,False,False,1e-05|0.0001|0.001|0.01|0.1|0.3|1|3|10|30|45|65|90,90.0,1e-05,13,0.01,0.1,"mean pinball over (batch, quantiles, horizon)",0.21857984364032745,"{""1e-05"": 0.23057052493095398, ""0.0001"": 0.23083235323429108, ""0.001"": 0.23070041835308075, ""0.01"": 0.23087647557258606, ""0.1"": 0.2289421707391739, ""0.3"": 0.22710229456424713, ""1"": 0.22286435961723328, ""3"": 0.21902592480182648, ""10"": 0.21857984364032745, ""30"": 0.22126434743404388, ""45"": 0.224784716963768, ""65"": 0.22881002724170685, ""90"": 0.23409166932106018}","{""1e-05"": 0.23057052493095398, ""0.0001"": 0.23083235323429108, ""0.001"": 0.23070041835308075, ""0.01"": 0.23087647557258606, ""0.1"": 0.2289421707391739, ""0.3"": 0.22710229456424713, ""1"": 0.22286435961723328, ""3"": 0.21902592480182648, ""10"": 0.21857984364032745, ""30"": 0.22126434743404388, ""45"": 0.224784716963768, ""65"": 0.22881002724170685, ""90"": 0.23409166932106018}",0.22425255179405212,0.2185798485742043,0.30701770735833483,147744,0.27267011599117563,0.8016274456027229
tirex,uber_tlc_hourly,4,L4,block_depth,True,0.3333333333333333,10.0,False,False,1e-05|0.0001|0.001|0.01|0.1|0.3|1|3|10|30|45|65|90,90.0,1e-05,13,0.01,0.1,"mean pinball over (batch, quantiles, horizon)",0.21759232878684998,"{""1e-05"": 0.23471175134181976, ""0.0001"": 0.23497647047042847, ""0.001"": 0.23494654893875122, ""0.01"": 0.23475304245948792, ""0.1"": 0.23315373063087463, ""0.3"": 0.23032715916633606, ""1"": 0.22486573457717896, ""3"": 0.22022435069084167, ""10"": 0.21759232878684998, ""30"": 0.22045660018920898, ""45"": 0.22390581667423248, ""65"": 0.22764210402965546, ""90"": 0.23285016417503357}","{""1e-05"": 0.23471175134181976, ""0.0001"": 0.23497647047042847, ""0.001"": 0.23494654893875122, ""0.01"": 0.23475304245948792, ""0.1"": 0.23315373063087463, ""0.3"": 0.23032715916633606, ""1"": 0.22486573457717896, ""3"": 0.22022435069084167, ""10"": 0.21759232878684998, ""30"": 0.22045660018920898, ""45"": 0.22390581667423248, ""65"": 0.22764210402965546, ""90"": 0.23285016417503357}",0.21725133061408997,0.2175923068047935,0.30205700031787386,147744,0.27267011599117563,0.7980057000886572
tirex,uber_tlc_hourly,5,L5,block_depth,True,0.4166666666666667,10.0,False,False,1e-05|0.0001|0.001|0.01|0.1|0.3|1|3|10|30|45|65|90,90.0,1e-05,13,0.01,0.1,"mean pinball over (batch, quantiles, horizon)",0.21705687046051025,"{""1e-05"": 0.23487645387649536, ""0.0001"": 0.23496925830841064, ""0.001"": 0.23485127091407776, ""0.01"": 0.23472319543361664, ""0.1"": 0.23313498497009277, ""0.3"": 0.23053501546382904, ""1"": 0.22502507269382477, ""3"": 0.21998721361160278, ""10"": 0.21705687046051025, ""30"": 0.21973179280757904, ""45"": 0.22289754450321198, ""65"": 0.2272072732448578, ""90"": 0.232560932636261}","{""1e-05"": 0.23487645387649536, ""0.0001"": 0.23496925830841064, ""0.001"": 0.23485127091407776, ""0.01"": 0.23472319543361664, ""0.1"": 0.23313498497009277, ""0.3"": 0.23053501546382904, ""1"": 0.22502507269382477, ""3"": 0.21998721361160278, ""10"": 0.21705687046051025, ""30"": 0.21973179280757904, ""45"": 0.22289754450321198, ""65"": 0.2272072732448578, ""90"": 0.232560932636261}",0.21110011637210846,0.21705687169753413,0.2900383206269213,147744,0.27267011599117563,0.7960420264924033
tirex,uber_tlc_hourly,6,L6,block_depth,True,0.5,10.0,False,False,1e-05|0.0001|0.001|0.01|0.1|0.3|1|3|10|30|45|65|90,90.0,1e-05,13,0.01,0.1,"mean pinball over (batch, quantiles, horizon)",0.21592818200588226,"{""1e-05"": 0.2319439947605133, ""0.0001"": 0.2319415658712387, ""0.001"": 0.23194757103919983, ""0.01"": 0.2320244461297989, ""0.1"": 0.2302641123533249, ""0.3"": 0.22695529460906982, ""1"": 0.2219238579273224, ""3"": 0.21728146076202393, ""10"": 0.21592818200588226, ""30"": 0.2226933389902115, ""45"": 0.2277877926826477, ""65"": 0.23343022167682648, ""90"": 0.2396942675113678}","{""1e-05"": 0.2319439947605133, ""0.0001"": 0.2319415658712387, ""0.001"": 0.23194757103919983, ""0.01"": 0.2320244461297989, ""0.1"": 0.2302641123533249, ""0.3"": 0.22695529460906982, ""1"": 0.2219238579273224, ""3"": 0.21728146076202393, ""10"": 0.21592818200588226, ""30"": 0.2226933389902115, ""45"": 0.2277877926826477, ""65"": 0.23343022167682648, ""90"": 0.2396942675113678}",0.20934680104255676,0.21592818566007924,0.2845480376783446,147744,0.27267011599117563,0.7919026435117931
tirex,uber_tlc_hourly,7,L7,block_depth,True,0.5833333333333334,3.0,False,False,1e-05|0.0001|0.001|0.01|0.1|0.3|1|3|10|30|45|65|90,90.0,1e-05,13,0.01,0.03,"mean pinball over (batch, quantiles, horizon)",0.21353386342525482,"{""1e-05"": 0.2263244241476059, ""0.0001"": 0.22648769617080688, ""0.001"": 0.22664189338684082, ""0.01"": 0.22594857215881348, ""0.1"": 0.22450001537799835, ""0.3"": 0.22212712466716766, ""1"": 0.2171913981437683, ""3"": 0.21353386342525482, ""10"": 0.2136869877576828, ""30"": 0.22235040366649628, ""45"": 0.22831393778324127, ""65"": 0.2344907522201538, ""90"": 0.24038998782634735}","{""1e-05"": 0.2263244241476059, ""0.0001"": 0.22648769617080688, ""0.001"": 0.22664189338684082, ""0.01"": 0.22594857215881348, ""0.1"": 0.22450001537799835, ""0.3"": 0.22212712466716766, ""1"": 0.2171913981437683, ""3"": 0.21353386342525482, ""10"": 0.2136869877576828, ""30"": 0.22235040366649628, ""45"": 0.22831393778324127, ""65"": 0.2344907522201538, ""90"": 0.24038998782634735}",0.19896799325942993,0.21353386669554783,0.26822189080976805,147744,0.27267011599117563,0.7831216336976891
tirex,uber_tlc_hourly,8,L8,block_depth,True,0.6666666666666666,10.0,False,False,1e-05|0.0001|0.001|0.01|0.1|0.3|1|3|10|30|45|65|90,90.0,1e-05,13,0.01,0.1,"mean pinball over (batch, quantiles, horizon)",0.20886525511741638,"{""1e-05"": 0.22297951579093933, ""0.0001"": 0.2227611094713211, ""0.001"": 0.2228931486606598, ""0.01"": 0.22245357930660248, ""0.1"": 0.2213682234287262, ""0.3"": 0.21830269694328308, ""1"": 0.213322713971138, ""3"": 0.20945076644420624, ""10"": 0.20886525511741638, ""30"": 0.21581649780273438, ""45"": 0.22230549156665802, ""65"": 0.2294783592224121, ""90"": 0.23642539978027344}","{""1e-05"": 0.22297951579093933, ""0.0001"": 0.2227611094713211, ""0.001"": 0.2228931486606598, ""0.01"": 0.22245357930660248, ""0.1"": 0.2213682234287262, ""0.3"": 0.21830269694328308, ""1"": 0.213322713971138, ""3"": 0.20945076644420624, ""10"": 0.20886525511741638, ""30"": 0.21581649780273438, ""45"": 0.22230549156665802, ""65"": 0.2294783592224121, ""90"": 0.23642539978027344}",0.20510146021842957,0.20886525119306476,0.2683084718314291,147744,0.27267011599117563,0.7659997885497075
tirex,uber_tlc_hourly,9,L9,block_depth,True,0.75,10.0,False,False,1e-05|0.0001|0.001|0.01|0.1|0.3|1|3|10|30|45|65|90,90.0,1e-05,13,0.01,0.1,"mean pinball over (batch, quantiles, horizon)",0.20521090924739838,"{""1e-05"": 0.2190563678741455, ""0.0001"": 0.2193034142255783, ""0.001"": 0.21922455728054047, ""0.01"": 0.21890473365783691, ""0.1"": 0.21745143830776215, ""0.3"": 0.2145746648311615, ""1"": 0.20980891585350037, ""3"": 0.20547086000442505, ""10"": 0.20521090924739838, ""30"": 0.21273213624954224, ""45"": 0.2192193865776062, ""65"": 0.22650592029094696, ""90"": 0.23382575809955597}","{""1e-05"": 0.2190563678741455, ""0.0001"": 0.2193034142255783, ""0.001"": 0.21922455728054047, ""0.01"": 0.21890473365783691, ""0.1"": 0.21745143830776215, ""0.3"": 0.2145746648311615, ""1"": 0.20980891585350037, ""3"": 0.20547086000442505, ""10"": 0.20521090924739838, ""30"": 0.21273213624954224, ""45"": 0.2192193865776062, ""65"": 0.22650592029094696, ""90"": 0.23382575809955597}",0.20004135370254517,0.20521091008629963,0.2569115651870957,147744,0.27267011599117563,0.752597729092325
tirex,uber_tlc_hourly,10,L10,block_depth,True,0.8333333333333334,10.0,False,False,1e-05|0.0001|0.001|0.01|0.1|0.3|1|3|10|30|45|65|90,90.0,1e-05,13,0.01,0.1,"mean pinball over (batch, quantiles, horizon)",0.19940340518951416,"{""1e-05"": 0.2137213796377182, ""0.0001"": 0.2138311266899109, ""0.001"": 0.21408283710479736, ""0.01"": 0.2137463390827179, ""0.1"": 0.21234005689620972, ""0.3"": 0.2095724493265152, ""1"": 0.20456092059612274, ""3"": 0.20036429166793823, ""10"": 0.19940340518951416, ""30"": 0.2050694078207016, ""45"": 0.2101128250360489, ""65"": 0.216605082154274, ""90"": 0.2237432897090912}","{""1e-05"": 0.2137213796377182, ""0.0001"": 0.2138311266899109, ""0.001"": 0.21408283710479736, ""0.01"": 0.2137463390827179, ""0.1"": 0.21234005689620972, ""0.3"": 0.2095724493265152, ""1"": 0.20456092059612274, ""3"": 0.20036429166793823, ""10"": 0.19940340518951416, ""30"": 0.2050694078207016, ""45"": 0.2101128250360489, ""65"": 0.216605082154274, ""90"": 0.2237432897090912}",0.1967468410730362,0.19940340348327432,0.2509762865583633,147744,0.27267011599117563,0.7312990745554514
tirex,uber_tlc_hourly,11,L11,block_depth,True,0.9166666666666666,10.0,False,False,1e-05|0.0001|0.001|0.01|0.1|0.3|1|3|10|30|45|65|90,90.0,1e-05,13,0.01,0.1,"mean pinball over (batch, quantiles, horizon)",0.19481845200061798,"{""1e-05"": 0.20965050160884857, ""0.0001"": 0.2096790224313736, ""0.001"": 0.20951852202415466, ""0.01"": 0.20945961773395538, ""0.1"": 0.20793989300727844, ""0.3"": 0.2055247277021408, ""1"": 0.20082513988018036, ""3"": 0.19675669074058533, ""10"": 0.19481845200061798, ""30"": 0.19861620664596558, ""45"": 0.20228928327560425, ""65"": 0.2083023488521576, ""90"": 0.2155889868736267}","{""1e-05"": 0.20965050160884857, ""0.0001"": 0.2096790224313736, ""0.001"": 0.20951852202415466, ""0.01"": 0.20945961773395538, ""0.1"": 0.20793989300727844, ""0.3"": 0.2055247277021408, ""1"": 0.20082513988018036, ""3"": 0.19675669074058533, ""10"": 0.19481845200061798, ""30"": 0.19861620664596558, ""45"": 0.20228928327560425, ""65"": 0.2083023488521576, ""90"": 0.2155889868736267}",0.1949937641620636,0.1948184436542615,0.2479746936187717,147744,0.27267011599117563,0.7144840311747488
tirex,uber_tlc_hourly,12,L12,block_depth,True,1.0,10.0,False,False,1e-05|0.0001|0.001|0.01|0.1|0.3|1|3|10|30|45|65|90,90.0,1e-05,13,0.01,0.1,"mean pinball over (batch, quantiles, horizon)",0.19447773694992065,"{""1e-05"": 0.2068357914686203, ""0.0001"": 0.20685233175754547, ""0.001"": 0.2065591812133789, ""0.01"": 0.2067272663116455, ""0.1"": 0.20511430501937866, ""0.3"": 0.20280015468597412, ""1"": 0.19892573356628418, ""3"": 0.19535993039608002, ""10"": 0.19447773694992065, ""30"": 0.1980067938566208, ""45"": 0.20169004797935486, ""65"": 0.2069379985332489, ""90"": 0.21338292956352234}","{""1e-05"": 0.2068357914686203, ""0.0001"": 0.20685233175754547, ""0.001"": 0.2065591812133789, ""0.01"": 0.2067272663116455, ""0.1"": 0.20511430501937866, ""0.3"": 0.20280015468597412, ""1"": 0.19892573356628418, ""3"": 0.19535993039608002, ""10"": 0.19447773694992065, ""30"": 0.1980067938566208, ""45"": 0.20169004797935486, ""65"": 0.2069379985332489, ""90"": 0.21338292956352234}",0.1961936056613922,0.19447773935998441,0.24756686808896883,147744,0.27267011599117563,0.7132345202298526
tirex,uber_tlc_hourly,13,L12+RMS,head_input_diagnostic,False,,10.0,False,False,1e-05|0.0001|0.001|0.01|0.1|0.3|1|3|10|30|45|65|90,90.0,1e-05,13,0.01,0.1,"mean pinball over (batch, quantiles, horizon)",0.1913592517375946,"{""1e-05"": 0.20527011156082153, ""0.0001"": 0.2053404152393341, ""0.001"": 0.20504747331142426, ""0.01"": 0.2050684541463852, ""0.1"": 0.2038796842098236, ""0.3"": 0.2012547254562378, ""1"": 0.19683752954006195, ""3"": 0.193599134683609, ""10"": 0.1913592517375946, ""30"": 0.1918002963066101, ""45"": 0.19361355900764465, ""65"": 0.1962098628282547, ""90"": 0.20053353905677795}","{""1e-05"": 0.20527011156082153, ""0.0001"": 0.2053404152393341, ""0.001"": 0.20504747331142426, ""0.01"": 0.2050684541463852, ""0.1"": 0.2038796842098236, ""0.3"": 0.2012547254562378, ""1"": 0.19683752954006195, ""3"": 0.193599134683609, ""10"": 0.1913592517375946, ""30"": 0.1918002963066101, ""45"": 0.19361355900764465, ""65"": 0.1962098628282547, ""90"": 0.20053353905677795}",0.1913171261548996,0.191359251062208,0.2430937081390551,147744,0.27267011599117563,0.7017976662627778
tirex,wind_farms_hourly,0,Emb,block_depth,True,0.0,30.0,False,False,1e-05|0.0001|0.001|0.01|0.1|0.3|1|3|10|30|45|65|90,90.0,1e-05,13,0.01,0.3,"mean pinball over (batch, quantiles, horizon)",0.2298656404018402,"{""1e-05"": 0.23237013816833496, ""0.0001"": 0.23202335834503174, ""0.001"": 0.23147688806056976, ""0.01"": 0.23187874257564545, ""0.1"": 0.23176734149456024, ""0.3"": 0.23121926188468933, ""1"": 0.23098720610141754, ""3"": 0.23104172945022583, ""10"": 0.23040828108787537, ""30"": 0.2298656404018402, ""45"": 0.23007328808307648, ""65"": 0.23113858699798584, ""90"": 0.23377187550067902}","{""1e-05"": 0.23237013816833496, ""0.0001"": 0.23202335834503174, ""0.001"": 0.23147688806056976, ""0.01"": 0.23187874257564545, ""0.1"": 0.23176734149456024, ""0.3"": 0.23121926188468933, ""1"": 0.23098720610141754, ""3"": 0.23104172945022583, ""10"": 0.23040828108787537, ""30"": 0.2298656404018402, ""45"": 0.23007328808307648, ""65"": 0.23113858699798584, ""90"": 0.23377187550067902}",12.072848320007324,0.22986562952456127,0.6563544061376165,147744,0.2785844365490302,0.825120140852181
tirex,wind_farms_hourly,1,L1,block_depth,True,0.08333333333333333,3.0,False,False,1e-05|0.0001|0.001|0.01|0.1|0.3|1|3|10|30|45|65|90,90.0,1e-05,13,0.01,0.03,"mean pinball over (batch, quantiles, horizon)",0.19988876581192017,"{""1e-05"": 0.20197650790214539, ""0.0001"": 0.20231659710407257, ""0.001"": 0.2014322429895401, ""0.01"": 0.20170049369335175, ""0.1"": 0.20139630138874054, ""0.3"": 0.20016197860240936, ""1"": 0.19992826879024506, ""3"": 0.19988876581192017, ""10"": 0.20340414345264435, ""30"": 0.20973190665245056, ""45"": 0.214386448264122, ""65"": 0.2208741158246994, ""90"": 0.2273169308900833}","{""1e-05"": 0.20197650790214539, ""0.0001"": 0.20231659710407257, ""0.001"": 0.2014322429895401, ""0.01"": 0.20170049369335175, ""0.1"": 0.20139630138874054, ""0.3"": 0.20016197860240936, ""1"": 0.19992826879024506, ""3"": 0.19988876581192017, ""10"": 0.20340414345264435, ""30"": 0.20973190665245056, ""45"": 0.214386448264122, ""65"": 0.2208741158246994, ""90"": 0.2273169308900833}",12.030824661254883,0.19988877203969554,0.6146077335250514,147744,0.2785844365490302,0.7175159334664253
tirex,wind_farms_hourly,2,L2,block_depth,True,0.16666666666666666,3.0,False,False,1e-05|0.0001|0.001|0.01|0.1|0.3|1|3|10|30|45|65|90,90.0,1e-05,13,0.01,0.03,"mean pinball over (batch, quantiles, horizon)",0.19246380031108856,"{""1e-05"": 0.19697168469429016, ""0.0001"": 0.19676190614700317, ""0.001"": 0.1970561146736145, ""0.01"": 0.1969895362854004, ""0.1"": 0.1964528113603592, ""0.3"": 0.19425903260707855, ""1"": 0.19299685955047607, ""3"": 0.19246380031108856, ""10"": 0.19351886212825775, ""30"": 0.20023326575756073, ""45"": 0.20490358769893646, ""65"": 0.21200403571128845, ""90"": 0.21909601986408234}","{""1e-05"": 0.19697168469429016, ""0.0001"": 0.19676190614700317, ""0.001"": 0.1970561146736145, ""0.01"": 0.1969895362854004, ""0.1"": 0.1964528113603592, ""0.3"": 0.19425903260707855, ""1"": 0.19299685955047607, ""3"": 0.19246380031108856, ""10"": 0.19351886212825775, ""30"": 0.20023326575756073, ""45"": 0.20490358769893646, ""65"": 0.21200403571128845, ""90"": 0.21909601986408234}",12.019654273986816,0.1924638143306925,0.6065524858884684,147744,0.2785844365490302,0.6908634836706656
tirex,wind_farms_hourly,3,L3,block_depth,True,0.25,10.0,False,False,1e-05|0.0001|0.001|0.01|0.1|0.3|1|3|10|30|45|65|90,90.0,1e-05,13,0.01,0.1,"mean pinball over (batch, quantiles, horizon)",0.1927615851163864,"{""1e-05"": 0.2025216966867447, ""0.0001"": 0.2020614594221115, ""0.001"": 0.20231254398822784, ""0.01"": 0.20174551010131836, ""0.1"": 0.20073135197162628, ""0.3"": 0.19844838976860046, ""1"": 0.19482092559337616, ""3"": 0.1928255409002304, ""10"": 0.1927615851163864, ""30"": 0.19883078336715698, ""45"": 0.20478014647960663, ""65"": 0.21183663606643677, ""90"": 0.2195432484149933}","{""1e-05"": 0.2025216966867447, ""0.0001"": 0.2020614594221115, ""0.001"": 0.20231254398822784, ""0.01"": 0.20174551010131836, ""0.1"": 0.20073135197162628, ""0.3"": 0.19844838976860046, ""1"": 0.19482092559337616, ""3"": 0.1928255409002304, ""10"": 0.1927615851163864, ""30"": 0.19883078336715698, ""45"": 0.20478014647960663, ""65"": 0.21183663606643677, ""90"": 0.2195432484149933}",12.023285865783691,0.19276156978866527,0.6046102064739884,147744,0.2785844365490302,0.6919322995085538
tirex,wind_farms_hourly,4,L4,block_depth,True,0.3333333333333333,10.0,False,False,1e-05|0.0001|0.001|0.01|0.1|0.3|1|3|10|30|45|65|90,90.0,1e-05,13,0.01,0.1,"mean pinball over (batch, quantiles, horizon)",0.19427824020385742,"{""1e-05"": 0.2080044150352478, ""0.0001"": 0.20826981961727142, ""0.001"": 0.20803789794445038, ""0.01"": 0.2076069712638855, ""0.1"": 0.20627063512802124, ""0.3"": 0.20329633355140686, ""1"": 0.1990007758140564, ""3"": 0.1953893005847931, ""10"": 0.19427824020385742, ""30"": 0.19897201657295227, ""45"": 0.20383985340595245, ""65"": 0.2102627158164978, ""90"": 0.2176019251346588}","{""1e-05"": 0.2080044150352478, ""0.0001"": 0.20826981961727142, ""0.001"": 0.20803789794445038, ""0.01"": 0.2076069712638855, ""0.1"": 0.20627063512802124, ""0.3"": 0.20329633355140686, ""1"": 0.1990007758140564, ""3"": 0.1953893005847931, ""10"": 0.19427824020385742, ""30"": 0.19897201657295227, ""45"": 0.20383985340595245, ""65"": 0.2102627158164978, ""90"": 0.2176019251346588}",12.019060134887695,0.19427823848339892,0.6023438496529373,147744,0.2785844365490302,0.69737649701478
tirex,wind_farms_hourly,5,L5,block_depth,True,0.4166666666666667,10.0,False,False,1e-05|0.0001|0.001|0.01|0.1|0.3|1|3|10|30|45|65|90,90.0,1e-05,13,0.01,0.1,"mean pinball over (batch, quantiles, horizon)",0.1954578459262848,"{""1e-05"": 0.21102072298526764, ""0.0001"": 0.21127989888191223, ""0.001"": 0.21109898388385773, ""0.01"": 0.21090364456176758, ""0.1"": 0.20913594961166382, ""0.3"": 0.20677748322486877, ""1"": 0.2016284167766571, ""3"": 0.1966322958469391, ""10"": 0.1954578459262848, ""30"": 0.20221346616744995, ""45"": 0.2081979662179947, ""65"": 0.2148655503988266, ""90"": 0.221926748752594}","{""1e-05"": 0.21102072298526764, ""0.0001"": 0.21127989888191223, ""0.001"": 0.21109898388385773, ""0.01"": 0.21090364456176758, ""0.1"": 0.20913594961166382, ""0.3"": 0.20677748322486877, ""1"": 0.2016284167766571, ""3"": 0.1966322958469391, ""10"": 0.1954578459262848, ""30"": 0.20221346616744995, ""45"": 0.2081979662179947, ""65"": 0.2148655503988266, ""90"": 0.221926748752594}",12.017971992492676,0.19545783439494727,0.6046365844227999,147744,0.2785844365490302,0.7016107461571965
tirex,wind_farms_hourly,6,L6,block_depth,True,0.5,10.0,False,False,1e-05|0.0001|0.001|0.01|0.1|0.3|1|3|10|30|45|65|90,90.0,1e-05,13,0.01,0.1,"mean pinball over (batch, quantiles, horizon)",0.20134574174880981,"{""1e-05"": 0.2172570675611496, ""0.0001"": 0.21720273792743683, ""0.001"": 0.21706733107566833, ""0.01"": 0.21697008609771729, ""0.1"": 0.21594296395778656, ""0.3"": 0.21359287202358246, ""1"": 0.20872418582439423, ""3"": 0.20356766879558563, ""10"": 0.20134574174880981, ""30"": 0.20720317959785461, ""45"": 0.21261247992515564, ""65"": 0.21871884167194366, ""90"": 0.22575895488262177}","{""1e-05"": 0.2172570675611496, ""0.0001"": 0.21720273792743683, ""0.001"": 0.21706733107566833, ""0.01"": 0.21697008609771729, ""0.1"": 0.21594296395778656, ""0.3"": 0.21359287202358246, ""1"": 0.20872418582439423, ""3"": 0.20356766879558563, ""10"": 0.20134574174880981, ""30"": 0.20720317959785461, ""45"": 0.21261247992515564, ""65"": 0.21871884167194366, ""90"": 0.22575895488262177}",12.016988754272461,0.2013457415710765,0.6103608619478595,147744,0.2785844365490302,0.7227458362902485
tirex,wind_farms_hourly,7,L7,block_depth,True,0.5833333333333334,10.0,False,False,1e-05|0.0001|0.001|0.01|0.1|0.3|1|3|10|30|45|65|90,90.0,1e-05,13,0.01,0.1,"mean pinball over (batch, quantiles, horizon)",0.20802119374275208,"{""1e-05"": 0.2256171554327011, ""0.0001"": 0.22544215619564056, ""0.001"": 0.2254902720451355, ""0.01"": 0.2253854125738144, ""0.1"": 0.22406107187271118, ""0.3"": 0.2218177616596222, ""1"": 0.21659772098064423, ""3"": 0.21087919175624847, ""10"": 0.20802119374275208, ""30"": 0.21214990317821503, ""45"": 0.21665091812610626, ""65"": 0.22235900163650513, ""90"": 0.22840532660484314}","{""1e-05"": 0.2256171554327011, ""0.0001"": 0.22544215619564056, ""0.001"": 0.2254902720451355, ""0.01"": 0.2253854125738144, ""0.1"": 0.22406107187271118, ""0.3"": 0.2218177616596222, ""1"": 0.21659772098064423, ""3"": 0.21087919175624847, ""10"": 0.20802119374275208, ""30"": 0.21214990317821503, ""45"": 0.21665091812610626, ""65"": 0.22235900163650513, ""90"": 0.22840532660484314}",12.015539169311523,0.20802119756757304,0.6137492685784934,147744,0.2785844365490302,0.7467078927467716
tirex,wind_farms_hourly,8,L8,block_depth,True,0.6666666666666666,10.0,False,False,1e-05|0.0001|0.001|0.01|0.1|0.3|1|3|10|30|45|65|90,90.0,1e-05,13,0.01,0.1,"mean pinball over (batch, quantiles, horizon)",0.20359483361244202,"{""1e-05"": 0.22249186038970947, ""0.0001"": 0.22268350422382355, ""0.001"": 0.22252842783927917, ""0.01"": 0.22252827882766724, ""0.1"": 0.22123189270496368, ""0.3"": 0.21932457387447357, ""1"": 0.21427564322948456, ""3"": 0.20831941068172455, ""10"": 0.20359483361244202, ""30"": 0.20678775012493134, ""45"": 0.21126388013362885, ""65"": 0.21714846789836884, ""90"": 0.22366470098495483}","{""1e-05"": 0.22249186038970947, ""0.0001"": 0.22268350422382355, ""0.001"": 0.22252842783927917, ""0.01"": 0.22252827882766724, ""0.1"": 0.22123189270496368, ""0.3"": 0.21932457387447357, ""1"": 0.21427564322948456, ""3"": 0.20831941068172455, ""10"": 0.20359483361244202, ""30"": 0.20678775012493134, ""45"": 0.21126388013362885, ""65"": 0.21714846789836884, ""90"": 0.22366470098495483}",12.0071439743042,0.203594827093184,0.6157902271508147,147744,0.2785844365490302,0.7308190996425308
tirex,wind_farms_hourly,9,L9,block_depth,True,0.75,10.0,False,False,1e-05|0.0001|0.001|0.01|0.1|0.3|1|3|10|30|45|65|90,90.0,1e-05,13,0.01,0.1,"mean pinball over (batch, quantiles, horizon)",0.2026434987783432,"{""1e-05"": 0.21886873245239258, ""0.0001"": 0.21930602192878723, ""0.001"": 0.21925032138824463, ""0.01"": 0.21910560131072998, ""0.1"": 0.21786579489707947, ""0.3"": 0.21592411398887634, ""1"": 0.21186156570911407, ""3"": 0.20648635923862457, ""10"": 0.2026434987783432, ""30"": 0.20470617711544037, ""45"": 0.20802301168441772, ""65"": 0.21341967582702637, ""90"": 0.22023223340511322}","{""1e-05"": 0.21886873245239258, ""0.0001"": 0.21930602192878723, ""0.001"": 0.21925032138824463, ""0.01"": 0.21910560131072998, ""0.1"": 0.21786579489707947, ""0.3"": 0.21592411398887634, ""1"": 0.21186156570911407, ""3"": 0.20648635923862457, ""10"": 0.2026434987783432, ""30"": 0.20470617711544037, ""45"": 0.20802301168441772, ""65"": 0.21341967582702637, ""90"": 0.22023223340511322}",11.994195938110352,0.20264350024286573,0.6067335122399999,147744,0.2785844365490302,0.7274042396377766
tirex,wind_farms_hourly,10,L10,block_depth,True,0.8333333333333334,10.0,False,False,1e-05|0.0001|0.001|0.01|0.1|0.3|1|3|10|30|45|65|90,90.0,1e-05,13,0.01,0.1,"mean pinball over (batch, quantiles, horizon)",0.20030981302261353,"{""1e-05"": 0.2152942717075348, ""0.0001"": 0.21549677848815918, ""0.001"": 0.21535974740982056, ""0.01"": 0.2152242213487625, ""0.1"": 0.2142244130373001, ""0.3"": 0.21271370351314545, ""1"": 0.2087678462266922, ""3"": 0.20412331819534302, ""10"": 0.20030981302261353, ""30"": 0.20157988369464874, ""45"": 0.20443396270275116, ""65"": 0.2096618264913559, ""90"": 0.21595492959022522}","{""1e-05"": 0.2152942717075348, ""0.0001"": 0.21549677848815918, ""0.001"": 0.21535974740982056, ""0.01"": 0.2152242213487625, ""0.1"": 0.2142244130373001, ""0.3"": 0.21271370351314545, ""1"": 0.2087678462266922, ""3"": 0.20412331819534302, ""10"": 0.20030981302261353, ""30"": 0.20157988369464874, ""45"": 0.20443396270275116, ""65"": 0.2096618264913559, ""90"": 0.21595492959022522}",11.981328010559082,0.20030981568861325,0.6005354235233128,147744,0.2785844365490302,0.7190273016323336
tirex,wind_farms_hourly,11,L11,block_depth,True,0.9166666666666666,10.0,False,False,1e-05|0.0001|0.001|0.01|0.1|0.3|1|3|10|30|45|65|90,90.0,1e-05,13,0.01,0.1,"mean pinball over (batch, quantiles, horizon)",0.19196860492229462,"{""1e-05"": 0.2030119150876999, ""0.0001"": 0.2034398317337036, ""0.001"": 0.20308707654476166, ""0.01"": 0.20295454561710358, ""0.1"": 0.20204368233680725, ""0.3"": 0.20077428221702576, ""1"": 0.19753266870975494, ""3"": 0.19440005719661713, ""10"": 0.19196860492229462, ""30"": 0.19336071610450745, ""45"": 0.19640186429023743, ""65"": 0.20114560425281525, ""90"": 0.20745480060577393}","{""1e-05"": 0.2030119150876999, ""0.0001"": 0.2034398317337036, ""0.001"": 0.20308707654476166, ""0.01"": 0.20295454561710358, ""0.1"": 0.20204368233680725, ""0.3"": 0.20077428221702576, ""1"": 0.19753266870975494, ""3"": 0.19440005719661713, ""10"": 0.19196860492229462, ""30"": 0.19336071610450745, ""45"": 0.19640186429023743, ""65"": 0.20114560425281525, ""90"": 0.20745480060577393}",11.970816612243652,0.19196860170176694,0.5938630836326202,147744,0.2785844365490302,0.6890858803161494
tirex,wind_farms_hourly,12,L12,block_depth,True,1.0,10.0,False,False,1e-05|0.0001|0.001|0.01|0.1|0.3|1|3|10|30|45|65|90,90.0,1e-05,13,0.01,0.1,"mean pinball over (batch, quantiles, horizon)",0.19035884737968445,"{""1e-05"": 0.19970865547657013, ""0.0001"": 0.19999690353870392, ""0.001"": 0.19972027838230133, ""0.01"": 0.1996811032295227, ""0.1"": 0.19851884245872498, ""0.3"": 0.19700714945793152, ""1"": 0.19370922446250916, ""3"": 0.19101902842521667, ""10"": 0.19035884737968445, ""30"": 0.19538769125938416, ""45"": 0.1995978057384491, ""65"": 0.2053273618221283, ""90"": 0.21282997727394104}","{""1e-05"": 0.19970865547657013, ""0.0001"": 0.19999690353870392, ""0.001"": 0.19972027838230133, ""0.01"": 0.1996811032295227, ""0.1"": 0.19851884245872498, ""0.3"": 0.19700714945793152, ""1"": 0.19370922446250916, ""3"": 0.19101902842521667, ""10"": 0.19035884737968445, ""30"": 0.19538769125938416, ""45"": 0.1995978057384491, ""65"": 0.2053273618221283, ""90"": 0.21282997727394104}",11.971549987792969,0.19035883379019514,0.5894423668301231,147744,0.2785844365490302,0.6833074960980186
tirex,wind_farms_hourly,13,L12+RMS,head_input_diagnostic,False,,10.0,False,False,1e-05|0.0001|0.001|0.01|0.1|0.3|1|3|10|30|45|65|90,90.0,1e-05,13,0.01,0.1,"mean pinball over (batch, quantiles, horizon)",0.1857200562953949,"{""1e-05"": 0.1966037154197693, ""0.0001"": 0.19655469059944153, ""0.001"": 0.1968015730381012, ""0.01"": 0.19655008614063263, ""0.1"": 0.19543834030628204, ""0.3"": 0.19386112689971924, ""1"": 0.19047601521015167, ""3"": 0.18721091747283936, ""10"": 0.1857200562953949, ""30"": 0.1890353262424469, ""45"": 0.19295969605445862, ""65"": 0.1988404244184494, ""90"": 0.20759260654449463}","{""1e-05"": 0.1966037154197693, ""0.0001"": 0.19655469059944153, ""0.001"": 0.1968015730381012, ""0.01"": 0.19655008614063263, ""0.1"": 0.19543834030628204, ""0.3"": 0.19386112689971924, ""1"": 0.19047601521015167, ""3"": 0.18721091747283936, ""10"": 0.1857200562953949, ""30"": 0.1890353262424469, ""45"": 0.19295969605445862, ""65"": 0.1988404244184494, ""90"": 0.20759260654449463}",11.955171585083008,0.18572006308836222,0.5835196546826312,147744,0.2785844365490302,0.6666562762406002
tirex,sg_carpark,0,Emb,block_depth,True,0.0,3.0,False,False,1e-05|0.0001|0.001|0.01|0.1|0.3|1|3|10|30|45|65|90,90.0,1e-05,13,0.01,0.03,"mean pinball over (batch, quantiles, horizon)",0.26501116156578064,"{""1e-05"": 0.26826611161231995, ""0.0001"": 0.26857537031173706, ""0.001"": 0.2684677243232727, ""0.01"": 0.2684794068336487, ""0.1"": 0.268189400434494, ""0.3"": 0.2677520513534546, ""1"": 0.2660815715789795, ""3"": 0.26501116156578064, ""10"": 0.2654455006122589, ""30"": 0.2666630148887634, ""45"": 0.26780906319618225, ""65"": 0.26802968978881836, ""90"": 0.27033260464668274}","{""1e-05"": 0.26826611161231995, ""0.0001"": 0.26857537031173706, ""0.001"": 0.2684677243232727, ""0.01"": 0.2684794068336487, ""0.1"": 0.268189400434494, ""0.3"": 0.2677520513534546, ""1"": 0.2660815715789795, ""3"": 0.26501116156578064, ""10"": 0.2654455006122589, ""30"": 0.2666630148887634, ""45"": 0.26780906319618225, ""65"": 0.26802968978881836, ""90"": 0.27033260464668274}",0.2329416126012802,0.2650111557568534,0.2319216423873174,147744,0.3343340878685315,0.7926537118795448
tirex,sg_carpark,1,L1,block_depth,True,0.08333333333333333,0.1,False,False,1e-05|0.0001|0.001|0.01|0.1|0.3|1|3|10|30|45|65|90,90.0,1e-05,13,0.01,0.001,"mean pinball over (batch, quantiles, horizon)",0.1899656057357788,"{""1e-05"": 0.19022558629512787, ""0.0001"": 0.1907423436641693, ""0.001"": 0.19025655090808868, ""0.01"": 0.1911977380514145, ""0.1"": 0.1899656057357788, ""0.3"": 0.190007284283638, ""1"": 0.19088691473007202, ""3"": 0.19552423059940338, ""10"": 0.20488621294498444, ""30"": 0.22075381875038147, ""45"": 0.23050172626972198, ""65"": 0.24061967432498932, ""90"": 0.2515493929386139}","{""1e-05"": 0.19022558629512787, ""0.0001"": 0.1907423436641693, ""0.001"": 0.19025655090808868, ""0.01"": 0.1911977380514145, ""0.1"": 0.1899656057357788, ""0.3"": 0.190007284283638, ""1"": 0.19088691473007202, ""3"": 0.19552423059940338, ""10"": 0.20488621294498444, ""30"": 0.22075381875038147, ""45"": 0.23050172626972198, ""65"": 0.24061967432498932, ""90"": 0.2515493929386139}",0.14558687806129456,0.18996560135803653,0.14348839824272078,147744,0.3343340878685315,0.5681909450786715
tirex,sg_carpark,2,L2,block_depth,True,0.16666666666666666,1.0,False,False,1e-05|0.0001|0.001|0.01|0.1|0.3|1|3|10|30|45|65|90,90.0,1e-05,13,0.01,0.01,"mean pinball over (batch, quantiles, horizon)",0.1735762059688568,"{""1e-05"": 0.17639891803264618, ""0.0001"": 0.17696230113506317, ""0.001"": 0.17689307034015656, ""0.01"": 0.17525286972522736, ""0.1"": 0.1741083562374115, ""0.3"": 0.17370885610580444, ""1"": 0.1735762059688568, ""3"": 0.17395514249801636, ""10"": 0.17980854213237762, ""30"": 0.1918870210647583, ""45"": 0.1998586505651474, ""65"": 0.20688845217227936, ""90"": 0.22214899957180023}","{""1e-05"": 0.17639891803264618, ""0.0001"": 0.17696230113506317, ""0.001"": 0.17689307034015656, ""0.01"": 0.17525286972522736, ""0.1"": 0.1741083562374115, ""0.3"": 0.17370885610580444, ""1"": 0.1735762059688568, ""3"": 0.17395514249801636, ""10"": 0.17980854213237762, ""30"": 0.1918870210647583, ""45"": 0.1998586505651474, ""65"": 0.20688845217227936, ""90"": 0.22214899957180023}",0.1328744888305664,0.17357620908378882,0.13608917498192882,147744,0.3343340878685315,0.5191699422286946
tirex,sg_carpark,3,L3,block_depth,True,0.25,3.0,False,False,1e-05|0.0001|0.001|0.01|0.1|0.3|1|3|10|30|45|65|90,90.0,1e-05,13,0.01,0.03,"mean pinball over (batch, quantiles, horizon)",0.1655004620552063,"{""1e-05"": 0.17736347019672394, ""0.0001"": 0.1770988404750824, ""0.001"": 0.17734096944332123, ""0.01"": 0.17718426883220673, ""0.1"": 0.17475703358650208, ""0.3"": 0.1723557561635971, ""1"": 0.16868029534816742, ""3"": 0.1655004620552063, ""10"": 0.16816970705986023, ""30"": 0.17842261493206024, ""45"": 0.18340420722961426, ""65"": 0.1938672959804535, ""90"": 0.20709453523159027}","{""1e-05"": 0.17736347019672394, ""0.0001"": 0.1770988404750824, ""0.001"": 0.17734096944332123, ""0.01"": 0.17718426883220673, ""0.1"": 0.17475703358650208, ""0.3"": 0.1723557561635971, ""1"": 0.16868029534816742, ""3"": 0.1655004620552063, ""10"": 0.16816970705986023, ""30"": 0.17842261493206024, ""45"": 0.18340420722961426, ""65"": 0.1938672959804535, ""90"": 0.20709453523159027}",0.13182680308818817,0.16550046199206578,0.13548353195485086,147744,0.3343340878685315,0.49501521979758367
tirex,sg_carpark,4,L4,block_depth,True,0.3333333333333333,10.0,False,False,1e-05|0.0001|0.001|0.01|0.1|0.3|1|3|10|30|45|65|90,90.0,1e-05,13,0.01,0.1,"mean pinball over (batch, quantiles, horizon)",0.16625875234603882,"{""1e-05"": 0.1807509958744049, ""0.0001"": 0.18172641098499298, ""0.001"": 0.1815817803144455, ""0.01"": 0.18171319365501404, ""0.1"": 0.17937715351581573, ""0.3"": 0.17682404816150665, ""1"": 0.17160293459892273, ""3"": 0.16808800399303436, ""10"": 0.16625875234603882, ""30"": 0.1729801446199417, ""45"": 0.17958325147628784, ""65"": 0.19070789217948914, ""90"": 0.20365141332149506}","{""1e-05"": 0.1807509958744049, ""0.0001"": 0.18172641098499298, ""0.001"": 0.1815817803144455, ""0.01"": 0.18171319365501404, ""0.1"": 0.17937715351581573, ""0.3"": 0.17682404816150665, ""1"": 0.17160293459892273, ""3"": 0.16808800399303436, ""10"": 0.16625875234603882, ""30"": 0.1729801446199417, ""45"": 0.17958325147628784, ""65"": 0.19070789217948914, ""90"": 0.20365141332149506}",0.13134491443634033,0.1662587432748517,0.13394426437631501,147744,0.3343340878685315,0.49728325440817384
tirex,sg_carpark,5,L5,block_depth,True,0.4166666666666667,3.0,False,False,1e-05|0.0001|0.001|0.01|0.1|0.3|1|3|10|30|45|65|90,90.0,1e-05,13,0.01,0.03,"mean pinball over (batch, quantiles, horizon)",0.16830886900424957,"{""1e-05"": 0.18300658464431763, ""0.0001"": 0.18298642337322235, ""0.001"": 0.18274807929992676, ""0.01"": 0.18217220902442932, ""0.1"": 0.1806705743074417, ""0.3"": 0.17803701758384705, ""1"": 0.17313893139362335, ""3"": 0.16830886900424957, ""10"": 0.16852447390556335, ""30"": 0.17800118029117584, ""45"": 0.18671393394470215, ""65"": 0.19976752996444702, ""90"": 0.21613365411758423}","{""1e-05"": 0.18300658464431763, ""0.0001"": 0.18298642337322235, ""0.001"": 0.18274807929992676, ""0.01"": 0.18217220902442932, ""0.1"": 0.1806705743074417, ""0.3"": 0.17803701758384705, ""1"": 0.17313893139362335, ""3"": 0.16830886900424957, ""10"": 0.16852447390556335, ""30"": 0.17800118029117584, ""45"": 0.18671393394470215, ""65"": 0.19976752996444702, ""90"": 0.21613365411758423}",0.11653103679418564,0.16830886292171343,0.1321163392588917,147744,0.3343340878685315,0.5034152036208066
tirex,sg_carpark,6,L6,block_depth,True,0.5,10.0,False,False,1e-05|0.0001|0.001|0.01|0.1|0.3|1|3|10|30|45|65|90,90.0,1e-05,13,0.01,0.1,"mean pinball over (batch, quantiles, horizon)",0.16637107729911804,"{""1e-05"": 0.18766598403453827, ""0.0001"": 0.18812158703804016, ""0.001"": 0.18772172927856445, ""0.01"": 0.1869799941778183, ""0.1"": 0.18533913791179657, ""0.3"": 0.18191780149936676, ""1"": 0.17460043728351593, ""3"": 0.1677519828081131, ""10"": 0.16637107729911804, ""30"": 0.17763257026672363, ""45"": 0.18832650780677795, ""65"": 0.20565296709537506, ""90"": 0.22636571526527405}","{""1e-05"": 0.18766598403453827, ""0.0001"": 0.18812158703804016, ""0.001"": 0.18772172927856445, ""0.01"": 0.1869799941778183, ""0.1"": 0.18533913791179657, ""0.3"": 0.18191780149936676, ""1"": 0.17460043728351593, ""3"": 0.1677519828081131, ""10"": 0.16637107729911804, ""30"": 0.17763257026672363, ""45"": 0.18832650780677795, ""65"": 0.20565296709537506, ""90"": 0.22636571526527405}",0.11901495605707169,0.1663710597039616,0.13118211603013136,147744,0.3343340878685315,0.49761919511295194
tirex,sg_carpark,7,L7,block_depth,True,0.5833333333333334,10.0,False,False,1e-05|0.0001|0.001|0.01|0.1|0.3|1|3|10|30|45|65|90,90.0,1e-05,13,0.01,0.1,"mean pinball over (batch, quantiles, horizon)",0.1647009402513504,"{""1e-05"": 0.17967577278614044, ""0.0001"": 0.17974711954593658, ""0.001"": 0.17960700392723083, ""0.01"": 0.17933695018291473, ""0.1"": 0.1780100166797638, ""0.3"": 0.17469553649425507, ""1"": 0.17002256214618683, ""3"": 0.16551902890205383, ""10"": 0.1647009402513504, ""30"": 0.17988769710063934, ""45"": 0.19419105350971222, ""65"": 0.21295173466205597, ""90"": 0.23220238089561462}","{""1e-05"": 0.17967577278614044, ""0.0001"": 0.17974711954593658, ""0.001"": 0.17960700392723083, ""0.01"": 0.17933695018291473, ""0.1"": 0.1780100166797638, ""0.3"": 0.17469553649425507, ""1"": 0.17002256214618683, ""3"": 0.16551902890205383, ""10"": 0.1647009402513504, ""30"": 0.17988769710063934, ""45"": 0.19419105350971222, ""65"": 0.21295173466205597, ""90"": 0.23220238089561462}",0.11559055745601654,0.16470092772848188,0.13231672255038204,147744,0.3343340878685315,0.49262379668939527
tirex,sg_carpark,8,L8,block_depth,True,0.6666666666666666,10.0,False,False,1e-05|0.0001|0.001|0.01|0.1|0.3|1|3|10|30|45|65|90,90.0,1e-05,13,0.01,0.1,"mean pinball over (batch, quantiles, horizon)",0.16069111227989197,"{""1e-05"": 0.17924991250038147, ""0.0001"": 0.17938414216041565, ""0.001"": 0.17980803549289703, ""0.01"": 0.179563969373703, ""0.1"": 0.17773430049419403, ""0.3"": 0.1747719943523407, ""1"": 0.16877442598342896, ""3"": 0.16375422477722168, ""10"": 0.16069111227989197, ""30"": 0.16801194846630096, ""45"": 0.17921565473079681, ""65"": 0.19747862219810486, ""90"": 0.21942728757858276}","{""1e-05"": 0.17924991250038147, ""0.0001"": 0.17938414216041565, ""0.001"": 0.17980803549289703, ""0.01"": 0.179563969373703, ""0.1"": 0.17773430049419403, ""0.3"": 0.1747719943523407, ""1"": 0.16877442598342896, ""3"": 0.16375422477722168, ""10"": 0.16069111227989197, ""30"": 0.16801194846630096, ""45"": 0.17921565473079681, ""65"": 0.19747862219810486, ""90"": 0.21942728757858276}",0.11381445080041885,0.16069111257454768,0.12789412545787412,147744,0.3343340878685315,0.4806303586900042
tirex,sg_carpark,9,L9,block_depth,True,0.75,10.0,False,False,1e-05|0.0001|0.001|0.01|0.1|0.3|1|3|10|30|45|65|90,90.0,1e-05,13,0.01,0.1,"mean pinball over (batch, quantiles, horizon)",0.1465947926044464,"{""1e-05"": 0.16552747786045074, ""0.0001"": 0.16614970564842224, ""0.001"": 0.1657295674085617, ""0.01"": 0.1654863804578781, ""0.1"": 0.16349144279956818, ""0.3"": 0.16063682734966278, ""1"": 0.1536301225423813, ""3"": 0.147624209523201, ""10"": 0.1465947926044464, ""30"": 0.15534666180610657, ""45"": 0.16705764830112457, ""65"": 0.18794238567352295, ""90"": 0.21308369934558868}","{""1e-05"": 0.16552747786045074, ""0.0001"": 0.16614970564842224, ""0.001"": 0.1657295674085617, ""0.01"": 0.1654863804578781, ""0.1"": 0.16349144279956818, ""0.3"": 0.16063682734966278, ""1"": 0.1536301225423813, ""3"": 0.147624209523201, ""10"": 0.1465947926044464, ""30"": 0.15534666180610657, ""45"": 0.16705764830112457, ""65"": 0.18794238567352295, ""90"": 0.21308369934558868}",0.112523652613163,0.1465947908259886,0.12427691255543528,147744,0.3343340878685315,0.4384679760313083
tirex,sg_carpark,10,L10,block_depth,True,0.8333333333333334,10.0,False,False,1e-05|0.0001|0.001|0.01|0.1|0.3|1|3|10|30|45|65|90,90.0,1e-05,13,0.01,0.1,"mean pinball over (batch, quantiles, horizon)",0.13619647920131683,"{""1e-05"": 0.15597915649414062, ""0.0001"": 0.15622974932193756, ""0.001"": 0.15544340014457703, ""0.01"": 0.15597742795944214, ""0.1"": 0.15397916734218597, ""0.3"": 0.15115150809288025, ""1"": 0.14537514746189117, ""3"": 0.13940365612506866, ""10"": 0.13619647920131683, ""30"": 0.14207495748996735, ""45"": 0.1495216339826584, ""65"": 0.16294683516025543, ""90"": 0.1842731088399887}","{""1e-05"": 0.15597915649414062, ""0.0001"": 0.15622974932193756, ""0.001"": 0.15544340014457703, ""0.01"": 0.15597742795944214, ""0.1"": 0.15397916734218597, ""0.3"": 0.15115150809288025, ""1"": 0.14537514746189117, ""3"": 0.13940365612506866, ""10"": 0.13619647920131683, ""30"": 0.14207495748996735, ""45"": 0.1495216339826584, ""65"": 0.16294683516025543, ""90"": 0.1842731088399887}",0.10913754999637604,0.13619647646522792,0.12217742687691066,147744,0.3343340878685315,0.40736640805463953
tirex,sg_carpark,11,L11,block_depth,True,0.9166666666666666,10.0,False,False,1e-05|0.0001|0.001|0.01|0.1|0.3|1|3|10|30|45|65|90,90.0,1e-05,13,0.01,0.1,"mean pinball over (batch, quantiles, horizon)",0.12983646988868713,"{""1e-05"": 0.1479632556438446, ""0.0001"": 0.14921095967292786, ""0.001"": 0.14880764484405518, ""0.01"": 0.14859504997730255, ""0.1"": 0.14721381664276123, ""0.3"": 0.14419659972190857, ""1"": 0.1393713355064392, ""3"": 0.1337965726852417, ""10"": 0.12983646988868713, ""30"": 0.13385024666786194, ""45"": 0.13928712904453278, ""65"": 0.14961130917072296, ""90"": 0.16696268320083618}","{""1e-05"": 0.1479632556438446, ""0.0001"": 0.14921095967292786, ""0.001"": 0.14880764484405518, ""0.01"": 0.14859504997730255, ""0.1"": 0.14721381664276123, ""0.3"": 0.14419659972190857, ""1"": 0.1393713355064392, ""3"": 0.1337965726852417, ""10"": 0.12983646988868713, ""30"": 0.13385024666786194, ""45"": 0.13928712904453278, ""65"": 0.14961130917072296, ""90"": 0.16696268320083618}",0.10666778683662415,0.1298364768236202,0.1184514754657018,147744,0.3343340878685315,0.38834352085173895
tirex,sg_carpark,12,L12,block_depth,True,1.0,10.0,False,False,1e-05|0.0001|0.001|0.01|0.1|0.3|1|3|10|30|45|65|90,90.0,1e-05,13,0.01,0.1,"mean pinball over (batch, quantiles, horizon)",0.12693797051906586,"{""1e-05"": 0.14852237701416016, ""0.0001"": 0.1481923609972, ""0.001"": 0.14818787574768066, ""0.01"": 0.147996723651886, ""0.1"": 0.14640288054943085, ""0.3"": 0.14402815699577332, ""1"": 0.13825689256191254, ""3"": 0.13138334453105927, ""10"": 0.12693797051906586, ""30"": 0.12734128534793854, ""45"": 0.13053274154663086, ""65"": 0.1368214190006256, ""90"": 0.14750786125659943}","{""1e-05"": 0.14852237701416016, ""0.0001"": 0.1481923609972, ""0.001"": 0.14818787574768066, ""0.01"": 0.147996723651886, ""0.1"": 0.14640288054943085, ""0.3"": 0.14402815699577332, ""1"": 0.13825689256191254, ""3"": 0.13138334453105927, ""10"": 0.12693797051906586, ""30"": 0.12734128534793854, ""45"": 0.13053274154663086, ""65"": 0.1368214190006256, ""90"": 0.14750786125659943}",0.10518712550401688,0.12693796195300286,0.12068319979444736,147744,0.3343340878685315,0.37967400441356736
tirex,sg_carpark,13,L12+RMS,head_input_diagnostic,False,,10.0,False,False,1e-05|0.0001|0.001|0.01|0.1|0.3|1|3|10|30|45|65|90,90.0,1e-05,13,0.01,0.1,"mean pinball over (batch, quantiles, horizon)",0.12382406741380692,"{""1e-05"": 0.14305046200752258, ""0.0001"": 0.1429901421070099, ""0.001"": 0.14271898567676544, ""0.01"": 0.14274726808071136, ""0.1"": 0.14105911552906036, ""0.3"": 0.13838984072208405, ""1"": 0.13330680131912231, ""3"": 0.12772680819034576, ""10"": 0.12382406741380692, ""30"": 0.1251346915960312, ""45"": 0.12910526990890503, ""65"": 0.13589240610599518, ""90"": 0.14695200324058533}","{""1e-05"": 0.14305046200752258, ""0.0001"": 0.1429901421070099, ""0.001"": 0.14271898567676544, ""0.01"": 0.14274726808071136, ""0.1"": 0.14105911552906036, ""0.3"": 0.13838984072208405, ""1"": 0.13330680131912231, ""3"": 0.12772680819034576, ""10"": 0.12382406741380692, ""30"": 0.1251346915960312, ""45"": 0.12910526990890503, ""65"": 0.13589240610599518, ""90"": 0.14695200324058533}",0.1031898558139801,0.12382406638251187,0.11634276729434898,147744,0.3343340878685315,0.3703602799580597
tirex,coastal_ts,0,Emb,block_depth,True,0.0,90.0,True,False,1e-05|0.0001|0.001|0.01|0.1|0.3|1|3|10|30|45|65|90,90.0,1e-05,13,0.01,0.9,"mean pinball over (batch, quantiles, horizon)",0.3678894639015198,"{""1e-05"": 0.378911554813385, ""0.0001"": 0.3789025843143463, ""0.001"": 0.3789697587490082, ""0.01"": 0.3789735734462738, ""0.1"": 0.37872689962387085, ""0.3"": 0.3779332935810089, ""1"": 0.3761571943759918, ""3"": 0.37437722086906433, ""10"": 0.3731672763824463, ""30"": 0.3709217309951782, ""45"": 0.3698406219482422, ""65"": 0.36830809712409973, ""90"": 0.3678894639015198}","{""1e-05"": 0.378911554813385, ""0.0001"": 0.3789025843143463, ""0.001"": 0.3789697587490082, ""0.01"": 0.3789735734462738, ""0.1"": 0.37872689962387085, ""0.3"": 0.3779332935810089, ""1"": 0.3761571943759918, ""3"": 0.37437722086906433, ""10"": 0.3731672763824463, ""30"": 0.3709217309951782, ""45"": 0.3698406219482422, ""65"": 0.36830809712409973, ""90"": 0.3678894639015198}",0.3504854142665863,0.3678894682476918,0.3669889820739627,147744,0.44793362356722355,0.8213035344788777
tirex,coastal_ts,1,L1,block_depth,True,0.08333333333333333,30.0,False,False,1e-05|0.0001|0.001|0.01|0.1|0.3|1|3|10|30|45|65|90,90.0,1e-05,13,0.01,0.3,"mean pinball over (batch, quantiles, horizon)",0.2954804599285126,"{""1e-05"": 0.3029778003692627, ""0.0001"": 0.30303892493247986, ""0.001"": 0.30324363708496094, ""0.01"": 0.30315130949020386, ""0.1"": 0.30210593342781067, ""0.3"": 0.3006015717983246, ""1"": 0.2978586256504059, ""3"": 0.29656273126602173, ""10"": 0.29632624983787537, ""30"": 0.2954804599285126, ""45"": 0.2964484989643097, ""65"": 0.305123895406723, ""90"": 0.32185041904449463}","{""1e-05"": 0.3029778003692627, ""0.0001"": 0.30303892493247986, ""0.001"": 0.30324363708496094, ""0.01"": 0.30315130949020386, ""0.1"": 0.30210593342781067, ""0.3"": 0.3006015717983246, ""1"": 0.2978586256504059, ""3"": 0.29656273126602173, ""10"": 0.29632624983787537, ""30"": 0.2954804599285126, ""45"": 0.2964484989643097, ""65"": 0.305123895406723, ""90"": 0.32185041904449463}",0.26638761162757874,0.29548045170182985,0.29123965891388554,147744,0.44793362356722355,0.659652314886975
tirex,coastal_ts,2,L2,block_depth,True,0.16666666666666666,30.0,False,False,1e-05|0.0001|0.001|0.01|0.1|0.3|1|3|10|30|45|65|90,90.0,1e-05,13,0.01,0.3,"mean pinball over (batch, quantiles, horizon)",0.2938515841960907,"{""1e-05"": 0.3128281235694885, ""0.0001"": 0.3128823935985565, ""0.001"": 0.31260019540786743, ""0.01"": 0.31260812282562256, ""0.1"": 0.3107348680496216, ""0.3"": 0.3077623248100281, ""1"": 0.30280497670173645, ""3"": 0.29872798919677734, ""10"": 0.29615339636802673, ""30"": 0.2938515841960907, ""45"": 0.29554909467697144, ""65"": 0.30376026034355164, ""90"": 0.3179928958415985}","{""1e-05"": 0.3128281235694885, ""0.0001"": 0.3128823935985565, ""0.001"": 0.31260019540786743, ""0.01"": 0.31260812282562256, ""0.1"": 0.3107348680496216, ""0.3"": 0.3077623248100281, ""1"": 0.30280497670173645, ""3"": 0.29872798919677734, ""10"": 0.29615339636802673, ""30"": 0.2938515841960907, ""45"": 0.29554909467697144, ""65"": 0.30376026034355164, ""90"": 0.3179928958415985}",0.2599189579486847,0.29385156005931395,0.27908593028162915,147744,0.44793362356722355,0.6560158572584008
tirex,coastal_ts,3,L3,block_depth,True,0.25,30.0,False,False,1e-05|0.0001|0.001|0.01|0.1|0.3|1|3|10|30|45|65|90,90.0,1e-05,13,0.01,0.3,"mean pinball over (batch, quantiles, horizon)",0.2993698716163635,"{""1e-05"": 0.32588106393814087, ""0.0001"": 0.3258073627948761, ""0.001"": 0.32592660188674927, ""0.01"": 0.3254934847354889, ""0.1"": 0.3233289420604706, ""0.3"": 0.3206256031990051, ""1"": 0.3135044574737549, ""3"": 0.3070078492164612, ""10"": 0.3018512725830078, ""30"": 0.2993698716163635, ""45"": 0.30218032002449036, ""65"": 0.3115851879119873, ""90"": 0.32734620571136475}","{""1e-05"": 0.32588106393814087, ""0.0001"": 0.3258073627948761, ""0.001"": 0.32592660188674927, ""0.01"": 0.3254934847354889, ""0.1"": 0.3233289420604706, ""0.3"": 0.3206256031990051, ""1"": 0.3135044574737549, ""3"": 0.3070078492164612, ""10"": 0.3018512725830078, ""30"": 0.2993698716163635, ""45"": 0.30218032002449036, ""65"": 0.3115851879119873, ""90"": 0.32734620571136475}",0.2599056363105774,0.29936986478666466,0.2822294000846644,147744,0.44793362356722355,0.6683353270124336
tirex,coastal_ts,4,L4,block_depth,True,0.3333333333333333,30.0,False,False,1e-05|0.0001|0.001|0.01|0.1|0.3|1|3|10|30|45|65|90,90.0,1e-05,13,0.01,0.3,"mean pinball over (batch, quantiles, horizon)",0.294119268655777,"{""1e-05"": 0.321642130613327, ""0.0001"": 0.3218071460723877, ""0.001"": 0.3216617703437805, ""0.01"": 0.32123762369155884, ""0.1"": 0.3198964297771454, ""0.3"": 0.3163956105709076, ""1"": 0.31009411811828613, ""3"": 0.3037094473838806, ""10"": 0.2973676025867462, ""30"": 0.294119268655777, ""45"": 0.2974260151386261, ""65"": 0.30783161520957947, ""90"": 0.3237110674381256}","{""1e-05"": 0.321642130613327, ""0.0001"": 0.3218071460723877, ""0.001"": 0.3216617703437805, ""0.01"": 0.32123762369155884, ""0.1"": 0.3198964297771454, ""0.3"": 0.3163956105709076, ""1"": 0.31009411811828613, ""3"": 0.3037094473838806, ""10"": 0.2973676025867462, ""30"": 0.294119268655777, ""45"": 0.2974260151386261, ""65"": 0.30783161520957947, ""90"": 0.3237110674381256}",0.2581300735473633,0.2941192255044977,0.2809242303483188,147744,0.44793362356722355,0.6566134133048795
tirex,coastal_ts,5,L5,block_depth,True,0.4166666666666667,30.0,False,False,1e-05|0.0001|0.001|0.01|0.1|0.3|1|3|10|30|45|65|90,90.0,1e-05,13,0.01,0.3,"mean pinball over (batch, quantiles, horizon)",0.2943298816680908,"{""1e-05"": 0.32212385535240173, ""0.0001"": 0.3219218850135803, ""0.001"": 0.32192596793174744, ""0.01"": 0.321750283241272, ""0.1"": 0.3204326629638672, ""0.3"": 0.31791093945503235, ""1"": 0.3128984272480011, ""3"": 0.30691826343536377, ""10"": 0.29968205094337463, ""30"": 0.2943298816680908, ""45"": 0.2971564531326294, ""65"": 0.3078567385673523, ""90"": 0.32564863562583923}","{""1e-05"": 0.32212385535240173, ""0.0001"": 0.3219218850135803, ""0.001"": 0.32192596793174744, ""0.01"": 0.321750283241272, ""0.1"": 0.3204326629638672, ""0.3"": 0.31791093945503235, ""1"": 0.3128984272480011, ""3"": 0.30691826343536377, ""10"": 0.29968205094337463, ""30"": 0.2943298816680908, ""45"": 0.2971564531326294, ""65"": 0.3078567385673523, ""90"": 0.32564863562583923}",0.25890427827835083,0.2943298957931499,0.2801346580963582,147744,0.44793362356722355,0.6570837291676953
tirex,coastal_ts,6,L6,block_depth,True,0.5,30.0,False,False,1e-05|0.0001|0.001|0.01|0.1|0.3|1|3|10|30|45|65|90,90.0,1e-05,13,0.01,0.3,"mean pinball over (batch, quantiles, horizon)",0.2931702136993408,"{""1e-05"": 0.33392155170440674, ""0.0001"": 0.3339419960975647, ""0.001"": 0.33385172486305237, ""0.01"": 0.33337923884391785, ""0.1"": 0.33202049136161804, ""0.3"": 0.32836365699768066, ""1"": 0.3205970525741577, ""3"": 0.3101818561553955, ""10"": 0.2989041805267334, ""30"": 0.2931702136993408, ""45"": 0.2961568236351013, ""65"": 0.30598101019859314, ""90"": 0.32296597957611084}","{""1e-05"": 0.33392155170440674, ""0.0001"": 0.3339419960975647, ""0.001"": 0.33385172486305237, ""0.01"": 0.33337923884391785, ""0.1"": 0.33202049136161804, ""0.3"": 0.32836365699768066, ""1"": 0.3205970525741577, ""3"": 0.3101818561553955, ""10"": 0.2989041805267334, ""30"": 0.2931702136993408, ""45"": 0.2961568236351013, ""65"": 0.30598101019859314, ""90"": 0.32296597957611084}",0.2586701512336731,0.2931702227021257,0.2842258500556151,147744,0.44793362356722355,0.6544947895793053
tirex,coastal_ts,7,L7,block_depth,True,0.5833333333333334,30.0,False,False,1e-05|0.0001|0.001|0.01|0.1|0.3|1|3|10|30|45|65|90,90.0,1e-05,13,0.01,0.3,"mean pinball over (batch, quantiles, horizon)",0.29385966062545776,"{""1e-05"": 0.3382955491542816, ""0.0001"": 0.33822381496429443, ""0.001"": 0.3386041820049286, ""0.01"": 0.3383890688419342, ""0.1"": 0.3359595835208893, ""0.3"": 0.3310869634151459, ""1"": 0.3210863769054413, ""3"": 0.30911141633987427, ""10"": 0.29838210344314575, ""30"": 0.29385966062545776, ""45"": 0.2982131838798523, ""65"": 0.3090423345565796, ""90"": 0.3262516260147095}","{""1e-05"": 0.3382955491542816, ""0.0001"": 0.33822381496429443, ""0.001"": 0.3386041820049286, ""0.01"": 0.3383890688419342, ""0.1"": 0.3359595835208893, ""0.3"": 0.3310869634151459, ""1"": 0.3210863769054413, ""3"": 0.30911141633987427, ""10"": 0.29838210344314575, ""30"": 0.29385966062545776, ""45"": 0.2982131838798523, ""65"": 0.3090423345565796, ""90"": 0.3262516260147095}",0.26141157746315,0.2938596617120008,0.2965229813319941,147744,0.44793362356722355,0.6560339439843365
tirex,coastal_ts,8,L8,block_depth,True,0.6666666666666666,30.0,False,False,1e-05|0.0001|0.001|0.01|0.1|0.3|1|3|10|30|45|65|90,90.0,1e-05,13,0.01,0.3,"mean pinball over (batch, quantiles, horizon)",0.29146096110343933,"{""1e-05"": 0.34249964356422424, ""0.0001"": 0.3425838351249695, ""0.001"": 0.34255358576774597, ""0.01"": 0.3423815071582794, ""0.1"": 0.33939459919929504, ""0.3"": 0.3339916467666626, ""1"": 0.32143643498420715, ""3"": 0.30708879232406616, ""10"": 0.2954462170600891, ""30"": 0.29146096110343933, ""45"": 0.2948472797870636, ""65"": 0.3036993443965912, ""90"": 0.3199877142906189}","{""1e-05"": 0.34249964356422424, ""0.0001"": 0.3425838351249695, ""0.001"": 0.34255358576774597, ""0.01"": 0.3423815071582794, ""0.1"": 0.33939459919929504, ""0.3"": 0.3339916467666626, ""1"": 0.32143643498420715, ""3"": 0.30708879232406616, ""10"": 0.2954462170600891, ""30"": 0.29146096110343933, ""45"": 0.2948472797870636, ""65"": 0.3036993443965912, ""90"": 0.3199877142906189}",0.25963568687438965,0.2914609575333695,0.2837218002726634,147744,0.44793362356722355,0.6506789001733168
tirex,coastal_ts,9,L9,block_depth,True,0.75,30.0,False,False,1e-05|0.0001|0.001|0.01|0.1|0.3|1|3|10|30|45|65|90,90.0,1e-05,13,0.01,0.3,"mean pinball over (batch, quantiles, horizon)",0.2831525504589081,"{""1e-05"": 0.3267689347267151, ""0.0001"": 0.32713839411735535, ""0.001"": 0.3271084129810333, ""0.01"": 0.32615378499031067, ""0.1"": 0.3238074779510498, ""0.3"": 0.3187451660633087, ""1"": 0.30747029185295105, ""3"": 0.29561954736709595, ""10"": 0.2861943542957306, ""30"": 0.2831525504589081, ""45"": 0.2859586775302887, ""65"": 0.2953239679336548, ""90"": 0.3119281530380249}","{""1e-05"": 0.3267689347267151, ""0.0001"": 0.32713839411735535, ""0.001"": 0.3271084129810333, ""0.01"": 0.32615378499031067, ""0.1"": 0.3238074779510498, ""0.3"": 0.3187451660633087, ""1"": 0.30747029185295105, ""3"": 0.29561954736709595, ""10"": 0.2861943542957306, ""30"": 0.2831525504589081, ""45"": 0.2859586775302887, ""65"": 0.2953239679336548, ""90"": 0.3119281530380249}",0.25915369391441345,0.2831525343159835,0.28275064456587035,147744,0.44793362356722355,0.6321305644819257
tirex,coastal_ts,10,L10,block_depth,True,0.8333333333333334,30.0,False,False,1e-05|0.0001|0.001|0.01|0.1|0.3|1|3|10|30|45|65|90,90.0,1e-05,13,0.01,0.3,"mean pinball over (batch, quantiles, horizon)",0.2900562286376953,"{""1e-05"": 0.32030606269836426, ""0.0001"": 0.3203257918357849, ""0.001"": 0.32008734345436096, ""0.01"": 0.31983113288879395, ""0.1"": 0.31745198369026184, ""0.3"": 0.3135826587677002, ""1"": 0.3054445683956146, ""3"": 0.29657915234565735, ""10"": 0.2908671796321869, ""30"": 0.2900562286376953, ""45"": 0.2931980788707733, ""65"": 0.3009755611419678, ""90"": 0.3161047399044037}","{""1e-05"": 0.32030606269836426, ""0.0001"": 0.3203257918357849, ""0.001"": 0.32008734345436096, ""0.01"": 0.31983113288879395, ""0.1"": 0.31745198369026184, ""0.3"": 0.3135826587677002, ""1"": 0.3054445683956146, ""3"": 0.29657915234565735, ""10"": 0.2908671796321869, ""30"": 0.2900562286376953, ""45"": 0.2931980788707733, ""65"": 0.3009755611419678, ""90"": 0.3161047399044037}",0.2588057219982147,0.2900562382613619,0.2901074360124767,147744,0.44793362356722355,0.6475429014491737
tirex,coastal_ts,11,L11,block_depth,True,0.9166666666666666,10.0,False,False,1e-05|0.0001|0.001|0.01|0.1|0.3|1|3|10|30|45|65|90,90.0,1e-05,13,0.01,0.1,"mean pinball over (batch, quantiles, horizon)",0.29187697172164917,"{""1e-05"": 0.32002007961273193, ""0.0001"": 0.3198585510253906, ""0.001"": 0.32002386450767517, ""0.01"": 0.31959718465805054, ""0.1"": 0.31704896688461304, ""0.3"": 0.3125789165496826, ""1"": 0.3037741184234619, ""3"": 0.2962420880794525, ""10"": 0.29187697172164917, ""30"": 0.29402562975883484, ""45"": 0.2991863489151001, ""65"": 0.30756738781929016, ""90"": 0.3205566108226776}","{""1e-05"": 0.32002007961273193, ""0.0001"": 0.3198585510253906, ""0.001"": 0.32002386450767517, ""0.01"": 0.31959718465805054, ""0.1"": 0.31704896688461304, ""0.3"": 0.3125789165496826, ""1"": 0.3037741184234619, ""3"": 0.2962420880794525, ""10"": 0.29187697172164917, ""30"": 0.29402562975883484, ""45"": 0.2991863489151001, ""65"": 0.30756738781929016, ""90"": 0.3205566108226776}",0.24335230886936188,0.2918769648919503,0.2918019783683121,147744,0.44793362356722355,0.6516076256288158
tirex,coastal_ts,12,L12,block_depth,True,1.0,30.0,False,False,1e-05|0.0001|0.001|0.01|0.1|0.3|1|3|10|30|45|65|90,90.0,1e-05,13,0.01,0.3,"mean pinball over (batch, quantiles, horizon)",0.2915077209472656,"{""1e-05"": 0.32407286763191223, ""0.0001"": 0.3236793577671051, ""0.001"": 0.3237689733505249, ""0.01"": 0.3239133358001709, ""0.1"": 0.3216377794742584, ""0.3"": 0.31792181730270386, ""1"": 0.30991533398628235, ""3"": 0.3021286129951477, ""10"": 0.29479366540908813, ""30"": 0.2915077209472656, ""45"": 0.2927013635635376, ""65"": 0.29633861780166626, ""90"": 0.30342960357666016}","{""1e-05"": 0.32407286763191223, ""0.0001"": 0.3236793577671051, ""0.001"": 0.3237689733505249, ""0.01"": 0.3239133358001709, ""0.1"": 0.3216377794742584, ""0.3"": 0.31792181730270386, ""1"": 0.30991533398628235, ""3"": 0.3021286129951477, ""10"": 0.29479366540908813, ""30"": 0.2915077209472656, ""45"": 0.2927013635635376, ""65"": 0.29633861780166626, ""90"": 0.30342960357666016}",0.25627800822257996,0.29150772172336775,0.2931974120438099,147744,0.44793362356722355,0.6507832999940443
tirex,coastal_ts,13,L12+RMS,head_input_diagnostic,False,,45.0,False,False,1e-05|0.0001|0.001|0.01|0.1|0.3|1|3|10|30|45|65|90,90.0,1e-05,13,0.01,0.45,"mean pinball over (batch, quantiles, horizon)",0.289755254983902,"{""1e-05"": 0.33363431692123413, ""0.0001"": 0.3336801826953888, ""0.001"": 0.33381783962249756, ""0.01"": 0.33347970247268677, ""0.1"": 0.33099499344825745, ""0.3"": 0.3266535997390747, ""1"": 0.317910373210907, ""3"": 0.3079758882522583, ""10"": 0.29788434505462646, ""30"": 0.2909354865550995, ""45"": 0.289755254983902, ""65"": 0.2910977005958557, ""90"": 0.297166109085083}","{""1e-05"": 0.33363431692123413, ""0.0001"": 0.3336801826953888, ""0.001"": 0.33381783962249756, ""0.01"": 0.33347970247268677, ""0.1"": 0.33099499344825745, ""0.3"": 0.3266535997390747, ""1"": 0.317910373210907, ""3"": 0.3079758882522583, ""10"": 0.29788434505462646, ""30"": 0.2909354865550995, ""45"": 0.289755254983902, ""65"": 0.2910977005958557, ""90"": 0.297166109085083}",0.2525921165943146,0.28975523822009563,0.2858394129822652,147744,0.44793362356722355,0.6468709267961678
tirex,boom_hourly,0,Emb,block_depth,True,0.0,10.0,False,False,1e-05|0.0001|0.001|0.01|0.1|0.3|1|3|10|30|45|65|90,90.0,1e-05,13,0.01,0.1,"mean pinball over (batch, quantiles, horizon)",0.19950540363788605,"{""1e-05"": 0.20102331042289734, ""0.0001"": 0.20094403624534607, ""0.001"": 0.20118045806884766, ""0.01"": 0.20112797617912292, ""0.1"": 0.2009131759405136, ""0.3"": 0.20057225227355957, ""1"": 0.20021167397499084, ""3"": 0.19986934959888458, ""10"": 0.19950540363788605, ""30"": 0.19975490868091583, ""45"": 0.20060068368911743, ""65"": 0.20244187116622925, ""90"": 0.20666201412677765}","{""1e-05"": 0.20102331042289734, ""0.0001"": 0.20094403624534607, ""0.001"": 0.20118045806884766, ""0.01"": 0.20112797617912292, ""0.1"": 0.2009131759405136, ""0.3"": 0.20057225227355957, ""1"": 0.20021167397499084, ""3"": 0.19986934959888458, ""10"": 0.19950540363788605, ""30"": 0.19975490868091583, ""45"": 0.20060068368911743, ""65"": 0.20244187116622925, ""90"": 0.20666201412677765}",10.830522537231445,0.19950539394581723,0.24788792681811894,147744,0.2569265937022233,0.7765073715064429
tirex,boom_hourly,1,L1,block_depth,True,0.08333333333333333,3.0,False,False,1e-05|0.0001|0.001|0.01|0.1|0.3|1|3|10|30|45|65|90,90.0,1e-05,13,0.01,0.03,"mean pinball over (batch, quantiles, horizon)",0.16442832350730896,"{""1e-05"": 0.1688508689403534, ""0.0001"": 0.16879859566688538, ""0.001"": 0.16900260746479034, ""0.01"": 0.16893473267555237, ""0.1"": 0.16804616153240204, ""0.3"": 0.16628754138946533, ""1"": 0.16530948877334595, ""3"": 0.16442832350730896, ""10"": 0.16480693221092224, ""30"": 0.171880841255188, ""45"": 0.17859067022800446, ""65"": 0.18682196736335754, ""90"": 0.19733941555023193}","{""1e-05"": 0.1688508689403534, ""0.0001"": 0.16879859566688538, ""0.001"": 0.16900260746479034, ""0.01"": 0.16893473267555237, ""0.1"": 0.16804616153240204, ""0.3"": 0.16628754138946533, ""1"": 0.16530948877334595, ""3"": 0.16442832350730896, ""10"": 0.16480693221092224, ""30"": 0.171880841255188, ""45"": 0.17859067022800446, ""65"": 0.18682196736335754, ""90"": 0.19733941555023193}",10.791666984558105,0.16442832033975988,0.2156359580592752,147744,0.2569265937022233,0.6399817082786359
tirex,boom_hourly,2,L2,block_depth,True,0.16666666666666666,10.0,False,False,1e-05|0.0001|0.001|0.01|0.1|0.3|1|3|10|30|45|65|90,90.0,1e-05,13,0.01,0.1,"mean pinball over (batch, quantiles, horizon)",0.16648198664188385,"{""1e-05"": 0.17551155388355255, ""0.0001"": 0.17542757093906403, ""0.001"": 0.17526628077030182, ""0.01"": 0.17535239458084106, ""0.1"": 0.17400628328323364, ""0.3"": 0.17229846119880676, ""1"": 0.16890525817871094, ""3"": 0.16697892546653748, ""10"": 0.16648198664188385, ""30"": 0.1724397987127304, ""45"": 0.17744611203670502, ""65"": 0.18502935767173767, ""90"": 0.19353194534778595}","{""1e-05"": 0.17551155388355255, ""0.0001"": 0.17542757093906403, ""0.001"": 0.17526628077030182, ""0.01"": 0.17535239458084106, ""0.1"": 0.17400628328323364, ""0.3"": 0.17229846119880676, ""1"": 0.16890525817871094, ""3"": 0.16697892546653748, ""10"": 0.16648198664188385, ""30"": 0.1724397987127304, ""45"": 0.17744611203670502, ""65"": 0.18502935767173767, ""90"": 0.19353194534778595}",10.79352855682373,0.1664819815064554,0.2155847733177371,147744,0.2569265937022233,0.6479748908336332
tirex,boom_hourly,3,L3,block_depth,True,0.25,10.0,False,False,1e-05|0.0001|0.001|0.01|0.1|0.3|1|3|10|30|45|65|90,90.0,1e-05,13,0.01,0.1,"mean pinball over (batch, quantiles, horizon)",0.16796188056468964,"{""1e-05"": 0.18275627493858337, ""0.0001"": 0.18252462148666382, ""0.001"": 0.1825488805770874, ""0.01"": 0.18245083093643188, ""0.1"": 0.1807509958744049, ""0.3"": 0.17804254591464996, ""1"": 0.1728728860616684, ""3"": 0.16902631521224976, ""10"": 0.16796188056468964, ""30"": 0.1745123565196991, ""45"": 0.17989617586135864, ""65"": 0.18641060590744019, ""90"": 0.19431735575199127}","{""1e-05"": 0.18275627493858337, ""0.0001"": 0.18252462148666382, ""0.001"": 0.1825488805770874, ""0.01"": 0.18245083093643188, ""0.1"": 0.1807509958744049, ""0.3"": 0.17804254591464996, ""1"": 0.1728728860616684, ""3"": 0.16902631521224976, ""10"": 0.16796188056468964, ""30"": 0.1745123565196991, ""45"": 0.17989617586135864, ""65"": 0.18641060590744019, ""90"": 0.19431735575199127}",10.791461944580078,0.16796187079895689,0.218015872110418,147744,0.2569265937022233,0.65373486013528
tirex,boom_hourly,4,L4,block_depth,True,0.3333333333333333,10.0,False,False,1e-05|0.0001|0.001|0.01|0.1|0.3|1|3|10|30|45|65|90,90.0,1e-05,13,0.01,0.1,"mean pinball over (batch, quantiles, horizon)",0.17254893481731415,"{""1e-05"": 0.1890905499458313, ""0.0001"": 0.18910972774028778, ""0.001"": 0.18890784680843353, ""0.01"": 0.18856339156627655, ""0.1"": 0.18710042536258698, ""0.3"": 0.18430235981941223, ""1"": 0.17870695888996124, ""3"": 0.17412321269512177, ""10"": 0.17254893481731415, ""30"": 0.17662106454372406, ""45"": 0.18075358867645264, ""65"": 0.1859154999256134, ""90"": 0.19240345060825348}","{""1e-05"": 0.1890905499458313, ""0.0001"": 0.18910972774028778, ""0.001"": 0.18890784680843353, ""0.01"": 0.18856339156627655, ""0.1"": 0.18710042536258698, ""0.3"": 0.18430235981941223, ""1"": 0.17870695888996124, ""3"": 0.17412321269512177, ""10"": 0.17254893481731415, ""30"": 0.17662106454372406, ""45"": 0.18075358867645264, ""65"": 0.1859154999256134, ""90"": 0.19240345060825348}",10.788494110107422,0.1725489335755507,0.21905221589078,147744,0.2569265937022233,0.6715884529085926
tirex,boom_hourly,5,L5,block_depth,True,0.4166666666666667,10.0,False,False,1e-05|0.0001|0.001|0.01|0.1|0.3|1|3|10|30|45|65|90,90.0,1e-05,13,0.01,0.1,"mean pinball over (batch, quantiles, horizon)",0.17277811467647552,"{""1e-05"": 0.19418375194072723, ""0.0001"": 0.19418926537036896, ""0.001"": 0.19418935477733612, ""0.01"": 0.19418403506278992, ""0.1"": 0.19240780174732208, ""0.3"": 0.189577117562294, ""1"": 0.18346475064754486, ""3"": 0.1766808182001114, ""10"": 0.17277811467647552, ""30"": 0.17690397799015045, ""45"": 0.18124905228614807, ""65"": 0.1866133213043213, ""90"": 0.19328178465366364}","{""1e-05"": 0.19418375194072723, ""0.0001"": 0.19418926537036896, ""0.001"": 0.19418935477733612, ""0.01"": 0.19418403506278992, ""0.1"": 0.19240780174732208, ""0.3"": 0.189577117562294, ""1"": 0.18346475064754486, ""3"": 0.1766808182001114, ""10"": 0.17277811467647552, ""30"": 0.17690397799015045, ""45"": 0.18124905228614807, ""65"": 0.1866133213043213, ""90"": 0.19328178465366364}",10.785825729370117,0.17277810996724555,0.2194850970859413,147744,0.2569265937022233,0.6724804446187246
tirex,boom_hourly,6,L6,block_depth,True,0.5,10.0,False,False,1e-05|0.0001|0.001|0.01|0.1|0.3|1|3|10|30|45|65|90,90.0,1e-05,13,0.01,0.1,"mean pinball over (batch, quantiles, horizon)",0.175887793302536,"{""1e-05"": 0.19765031337738037, ""0.0001"": 0.19781236350536346, ""0.001"": 0.1978454440832138, ""0.01"": 0.1977628916501999, ""0.1"": 0.1960587054491043, ""0.3"": 0.1935487687587738, ""1"": 0.18741662800312042, ""3"": 0.1800675392150879, ""10"": 0.175887793302536, ""30"": 0.17977862060070038, ""45"": 0.18353299796581268, ""65"": 0.18850982189178467, ""90"": 0.19402027130126953}","{""1e-05"": 0.19765031337738037, ""0.0001"": 0.19781236350536346, ""0.001"": 0.1978454440832138, ""0.01"": 0.1977628916501999, ""0.1"": 0.1960587054491043, ""0.3"": 0.1935487687587738, ""1"": 0.18741662800312042, ""3"": 0.1800675392150879, ""10"": 0.175887793302536, ""30"": 0.17977862060070038, ""45"": 0.18353299796581268, ""65"": 0.18850982189178467, ""90"": 0.19402027130126953}",10.784529685974121,0.1758877900665847,0.22137349177846463,147744,0.2569265937022233,0.6845838242437363
tirex,boom_hourly,7,L7,block_depth,True,0.5833333333333334,10.0,False,False,1e-05|0.0001|0.001|0.01|0.1|0.3|1|3|10|30|45|65|90,90.0,1e-05,13,0.01,0.1,"mean pinball over (batch, quantiles, horizon)",0.17912234365940094,"{""1e-05"": 0.20109303295612335, ""0.0001"": 0.20099946856498718, ""0.001"": 0.20098787546157837, ""0.01"": 0.20104095339775085, ""0.1"": 0.19935214519500732, ""0.3"": 0.19682656228542328, ""1"": 0.1911860704421997, ""3"": 0.184131920337677, ""10"": 0.17912234365940094, ""30"": 0.18092115223407745, ""45"": 0.1836121827363968, ""65"": 0.18771329522132874, ""90"": 0.19262124598026276}","{""1e-05"": 0.20109303295612335, ""0.0001"": 0.20099946856498718, ""0.001"": 0.20098787546157837, ""0.01"": 0.20104095339775085, ""0.1"": 0.19935214519500732, ""0.3"": 0.19682656228542328, ""1"": 0.1911860704421997, ""3"": 0.184131920337677, ""10"": 0.17912234365940094, ""30"": 0.18092115223407745, ""45"": 0.1836121827363968, ""65"": 0.18771329522132874, ""90"": 0.19262124598026276}",10.783820152282715,0.17912234505901567,0.22425794815065833,147744,0.2569265937022233,0.6971732372189451
tirex,boom_hourly,8,L8,block_depth,True,0.6666666666666666,10.0,False,False,1e-05|0.0001|0.001|0.01|0.1|0.3|1|3|10|30|45|65|90,90.0,1e-05,13,0.01,0.1,"mean pinball over (batch, quantiles, horizon)",0.1754719763994217,"{""1e-05"": 0.199867382645607, ""0.0001"": 0.1998833566904068, ""0.001"": 0.19981561601161957, ""0.01"": 0.19987061619758606, ""0.1"": 0.19831180572509766, ""0.3"": 0.19554592669010162, ""1"": 0.18908856809139252, ""3"": 0.18130289018154144, ""10"": 0.1754719763994217, ""30"": 0.17574442923069, ""45"": 0.17780330777168274, ""65"": 0.18122458457946777, ""90"": 0.18696829676628113}","{""1e-05"": 0.199867382645607, ""0.0001"": 0.1998833566904068, ""0.001"": 0.19981561601161957, ""0.01"": 0.19987061619758606, ""0.1"": 0.19831180572509766, ""0.3"": 0.19554592669010162, ""1"": 0.18908856809139252, ""3"": 0.18130289018154144, ""10"": 0.1754719763994217, ""30"": 0.17574442923069, ""45"": 0.17780330777168274, ""65"": 0.18122458457946777, ""90"": 0.18696829676628113}",10.78297233581543,0.17547198375529152,0.22237489628737087,147744,0.2569265937022233,0.6829654385978537
tirex,boom_hourly,9,L9,block_depth,True,0.75,30.0,False,False,1e-05|0.0001|0.001|0.01|0.1|0.3|1|3|10|30|45|65|90,90.0,1e-05,13,0.01,0.3,"mean pinball over (batch, quantiles, horizon)",0.17307725548744202,"{""1e-05"": 0.19895288348197937, ""0.0001"": 0.19888021051883698, ""0.001"": 0.19885379076004028, ""0.01"": 0.1987396478652954, ""0.1"": 0.19707870483398438, ""0.3"": 0.19402463734149933, ""1"": 0.18715429306030273, ""3"": 0.17929719388484955, ""10"": 0.17318885028362274, ""30"": 0.17307725548744202, ""45"": 0.17517000436782837, ""65"": 0.17886655032634735, ""90"": 0.18448558449745178}","{""1e-05"": 0.19895288348197937, ""0.0001"": 0.19888021051883698, ""0.001"": 0.19885379076004028, ""0.01"": 0.1987396478652954, ""0.1"": 0.19707870483398438, ""0.3"": 0.19402463734149933, ""1"": 0.18715429306030273, ""3"": 0.17929719388484955, ""10"": 0.17318885028362274, ""30"": 0.17307725548744202, ""45"": 0.17517000436782837, ""65"": 0.17886655032634735, ""90"": 0.18448558449745178}",10.792953491210938,0.17307724784743989,0.21846224419709484,147744,0.2569265937022233,0.6736447377963356
tirex,boom_hourly,10,L10,block_depth,True,0.8333333333333334,10.0,False,False,1e-05|0.0001|0.001|0.01|0.1|0.3|1|3|10|30|45|65|90,90.0,1e-05,13,0.01,0.1,"mean pinball over (batch, quantiles, horizon)",0.17258381843566895,"{""1e-05"": 0.19521354138851166, ""0.0001"": 0.19518963992595673, ""0.001"": 0.19491560757160187, ""0.01"": 0.19491638243198395, ""0.1"": 0.19334834814071655, ""0.3"": 0.19040527939796448, ""1"": 0.18416735529899597, ""3"": 0.1773192584514618, ""10"": 0.17258381843566895, ""30"": 0.17360623180866241, ""45"": 0.1757064163684845, ""65"": 0.17899619042873383, ""90"": 0.18383561074733734}","{""1e-05"": 0.19521354138851166, ""0.0001"": 0.19518963992595673, ""0.001"": 0.19491560757160187, ""0.01"": 0.19491638243198395, ""0.1"": 0.19334834814071655, ""0.3"": 0.19040527939796448, ""1"": 0.18416735529899597, ""3"": 0.1773192584514618, ""10"": 0.17258381843566895, ""30"": 0.17360623180866241, ""45"": 0.1757064163684845, ""65"": 0.17899619042873383, ""90"": 0.18383561074733734}",10.781962394714355,0.17258382072977427,0.21623627884618643,147744,0.2569265937022233,0.6717242393747612
tirex,boom_hourly,11,L11,block_depth,True,0.9166666666666666,10.0,False,False,1e-05|0.0001|0.001|0.01|0.1|0.3|1|3|10|30|45|65|90,90.0,1e-05,13,0.01,0.1,"mean pinball over (batch, quantiles, horizon)",0.16740071773529053,"{""1e-05"": 0.18950703740119934, ""0.0001"": 0.18951216340065002, ""0.001"": 0.1894112527370453, ""0.01"": 0.18927429616451263, ""0.1"": 0.1877187341451645, ""0.3"": 0.18471041321754456, ""1"": 0.1786649227142334, ""3"": 0.17184695601463318, ""10"": 0.16740071773529053, ""30"": 0.16927985846996307, ""45"": 0.17186680436134338, ""65"": 0.17548298835754395, ""90"": 0.18011122941970825}","{""1e-05"": 0.18950703740119934, ""0.0001"": 0.18951216340065002, ""0.001"": 0.1894112527370453, ""0.01"": 0.18927429616451263, ""0.1"": 0.1877187341451645, ""0.3"": 0.18471041321754456, ""1"": 0.1786649227142334, ""3"": 0.17184695601463318, ""10"": 0.16740071773529053, ""30"": 0.16927985846996307, ""45"": 0.17186680436134338, ""65"": 0.17548298835754395, ""90"": 0.18011122941970825}",10.78022575378418,0.16740071309446278,0.21262788574742733,147744,0.2569265937022233,0.6515507432775892
tirex,boom_hourly,12,L12,block_depth,True,1.0,10.0,False,False,1e-05|0.0001|0.001|0.01|0.1|0.3|1|3|10|30|45|65|90,90.0,1e-05,13,0.01,0.1,"mean pinball over (batch, quantiles, horizon)",0.16780933737754822,"{""1e-05"": 0.18547143042087555, ""0.0001"": 0.1854795217514038, ""0.001"": 0.18512196838855743, ""0.01"": 0.1850636601448059, ""0.1"": 0.18378697335720062, ""0.3"": 0.1812436878681183, ""1"": 0.1759686917066574, ""3"": 0.17046543955802917, ""10"": 0.16780933737754822, ""30"": 0.16995929181575775, ""45"": 0.17228178679943085, ""65"": 0.17516177892684937, ""90"": 0.17977942526340485}","{""1e-05"": 0.18547143042087555, ""0.0001"": 0.1854795217514038, ""0.001"": 0.18512196838855743, ""0.01"": 0.1850636601448059, ""0.1"": 0.18378697335720062, ""0.3"": 0.1812436878681183, ""1"": 0.1759686917066574, ""3"": 0.17046543955802917, ""10"": 0.16780933737754822, ""30"": 0.16995929181575775, ""45"": 0.17228178679943085, ""65"": 0.17516177892684937, ""90"": 0.17977942526340485}",10.784367561340332,0.16780934535429975,0.2124392209090503,147744,0.2569265937022233,0.6531412063509081
tirex,boom_hourly,13,L12+RMS,head_input_diagnostic,False,,10.0,False,False,1e-05|0.0001|0.001|0.01|0.1|0.3|1|3|10|30|45|65|90,90.0,1e-05,13,0.01,0.1,"mean pinball over (batch, quantiles, horizon)",0.15680505335330963,"{""1e-05"": 0.18092858791351318, ""0.0001"": 0.18116380274295807, ""0.001"": 0.18097548186779022, ""0.01"": 0.18096178770065308, ""0.1"": 0.1791485846042633, ""0.3"": 0.17609183490276337, ""1"": 0.16931672394275665, ""3"": 0.16191346943378448, ""10"": 0.15680505335330963, ""30"": 0.15712231397628784, ""45"": 0.15973299741744995, ""65"": 0.16337567567825317, ""90"": 0.17012333869934082}","{""1e-05"": 0.18092858791351318, ""0.0001"": 0.18116380274295807, ""0.001"": 0.18097548186779022, ""0.01"": 0.18096178770065308, ""0.1"": 0.1791485846042633, ""0.3"": 0.17609183490276337, ""1"": 0.16931672394275665, ""3"": 0.16191346943378448, ""10"": 0.15680505335330963, ""30"": 0.15712231397628784, ""45"": 0.15973299741744995, ""65"": 0.16337567567825317, ""90"": 0.17012333869934082}",10.76634693145752,0.1568050439585274,0.20172691528585418,147744,0.2569265937022233,0.6103106794007618
tirex,LOOP_SEATTLE_5T,0,Emb,block_depth,True,0.0,90.0,True,False,1e-05|0.0001|0.001|0.01|0.1|0.3|1|3|10|30|45|65|90,90.0,1e-05,13,0.01,0.9,"mean pinball over (batch, quantiles, horizon)",0.3084152340888977,"{""1e-05"": 0.3111764192581177, ""0.0001"": 0.31103453040122986, ""0.001"": 0.311632364988327, ""0.01"": 0.3111790418624878, ""0.1"": 0.310930460691452, ""0.3"": 0.31092503666877747, ""1"": 0.31048741936683655, ""3"": 0.31017667055130005, ""10"": 0.3097380995750427, ""30"": 0.30932745337486267, ""45"": 0.30903685092926025, ""65"": 0.3089217245578766, ""90"": 0.3084152340888977}","{""1e-05"": 0.3111764192581177, ""0.0001"": 0.31103453040122986, ""0.001"": 0.311632364988327, ""0.01"": 0.3111790418624878, ""0.1"": 0.310930460691452, ""0.3"": 0.31092503666877747, ""1"": 0.31048741936683655, ""3"": 0.31017667055130005, ""10"": 0.3097380995750427, ""30"": 0.30932745337486267, ""45"": 0.30903685092926025, ""65"": 0.3089217245578766, ""90"": 0.3084152340888977}",0.32583796977996826,0.3084152203252297,0.23651210303979975,147744,0.3131696619093418,0.9848183200277923
tirex,LOOP_SEATTLE_5T,1,L1,block_depth,True,0.08333333333333333,90.0,True,False,1e-05|0.0001|0.001|0.01|0.1|0.3|1|3|10|30|45|65|90,90.0,1e-05,13,0.01,0.9,"mean pinball over (batch, quantiles, horizon)",0.31739887595176697,"{""1e-05"": 0.33129602670669556, ""0.0001"": 0.33111676573753357, ""0.001"": 0.331193208694458, ""0.01"": 0.33109191060066223, ""0.1"": 0.33031922578811646, ""0.3"": 0.32882604002952576, ""1"": 0.3266095817089081, ""3"": 0.3247319757938385, ""10"": 0.3235055208206177, ""30"": 0.3215932846069336, ""45"": 0.3200485408306122, ""65"": 0.31838804483413696, ""90"": 0.31739887595176697}","{""1e-05"": 0.33129602670669556, ""0.0001"": 0.33111676573753357, ""0.001"": 0.331193208694458, ""0.01"": 0.33109191060066223, ""0.1"": 0.33031922578811646, ""0.3"": 0.32882604002952576, ""1"": 0.3266095817089081, ""3"": 0.3247319757938385, ""10"": 0.3235055208206177, ""30"": 0.3215932846069336, ""45"": 0.3200485408306122, ""65"": 0.31838804483413696, ""90"": 0.31739887595176697}",0.32278162240982056,0.31739889056855486,0.24361416657689874,147744,0.3131696619093418,1.0135045924737032
tirex,LOOP_SEATTLE_5T,2,L2,block_depth,True,0.16666666666666666,90.0,True,False,1e-05|0.0001|0.001|0.01|0.1|0.3|1|3|10|30|45|65|90,90.0,1e-05,13,0.01,0.9,"mean pinball over (batch, quantiles, horizon)",0.31710776686668396,"{""1e-05"": 0.3272496461868286, ""0.0001"": 0.32726725935935974, ""0.001"": 0.3271118998527527, ""0.01"": 0.327281653881073, ""0.1"": 0.32620468735694885, ""0.3"": 0.32447350025177, ""1"": 0.3216642439365387, ""3"": 0.31973710656166077, ""10"": 0.3185524344444275, ""30"": 0.31839582324028015, ""45"": 0.3178746700286865, ""65"": 0.3174252212047577, ""90"": 0.31710776686668396}","{""1e-05"": 0.3272496461868286, ""0.0001"": 0.32726725935935974, ""0.001"": 0.3271118998527527, ""0.01"": 0.327281653881073, ""0.1"": 0.32620468735694885, ""0.3"": 0.32447350025177, ""1"": 0.3216642439365387, ""3"": 0.31973710656166077, ""10"": 0.3185524344444275, ""30"": 0.31839582324028015, ""45"": 0.3178746700286865, ""65"": 0.3174252212047577, ""90"": 0.31710776686668396}",0.32136452198028564,0.31710777972035736,0.24290799619701073,147744,0.3131696619093418,1.0125750297362954
tirex,LOOP_SEATTLE_5T,3,L3,block_depth,True,0.25,90.0,True,False,1e-05|0.0001|0.001|0.01|0.1|0.3|1|3|10|30|45|65|90,90.0,1e-05,13,0.01,0.9,"mean pinball over (batch, quantiles, horizon)",0.315585196018219,"{""1e-05"": 0.3414734899997711, ""0.0001"": 0.3418772220611572, ""0.001"": 0.34143924713134766, ""0.01"": 0.34092801809310913, ""0.1"": 0.3396539092063904, ""0.3"": 0.33636805415153503, ""1"": 0.32990050315856934, ""3"": 0.32441821694374084, ""10"": 0.32092151045799255, ""30"": 0.3180852234363556, ""45"": 0.31725794076919556, ""65"": 0.31661638617515564, ""90"": 0.315585196018219}","{""1e-05"": 0.3414734899997711, ""0.0001"": 0.3418772220611572, ""0.001"": 0.34143924713134766, ""0.01"": 0.34092801809310913, ""0.1"": 0.3396539092063904, ""0.3"": 0.33636805415153503, ""1"": 0.32990050315856934, ""3"": 0.32441821694374084, ""10"": 0.32092151045799255, ""30"": 0.3180852234363556, ""45"": 0.31725794076919556, ""65"": 0.31661638617515564, ""90"": 0.315585196018219}",0.320061594247818,0.3155852238157096,0.2412528116113812,147744,0.3131696619093418,1.00771326919613
tirex,LOOP_SEATTLE_5T,4,L4,block_depth,True,0.3333333333333333,90.0,True,False,1e-05|0.0001|0.001|0.01|0.1|0.3|1|3|10|30|45|65|90,90.0,1e-05,13,0.01,0.9,"mean pinball over (batch, quantiles, horizon)",0.311417818069458,"{""1e-05"": 0.3377912938594818, ""0.0001"": 0.3376455307006836, ""0.001"": 0.3376947343349457, ""0.01"": 0.337247759103775, ""0.1"": 0.3361362814903259, ""0.3"": 0.3325515389442444, ""1"": 0.3274558186531067, ""3"": 0.32214903831481934, ""10"": 0.31695353984832764, ""30"": 0.3143737018108368, ""45"": 0.31279000639915466, ""65"": 0.3116726279258728, ""90"": 0.311417818069458}","{""1e-05"": 0.3377912938594818, ""0.0001"": 0.3376455307006836, ""0.001"": 0.3376947343349457, ""0.01"": 0.337247759103775, ""0.1"": 0.3361362814903259, ""0.3"": 0.3325515389442444, ""1"": 0.3274558186531067, ""3"": 0.32214903831481934, ""10"": 0.31695353984832764, ""30"": 0.3143737018108368, ""45"": 0.31279000639915466, ""65"": 0.3116726279258728, ""90"": 0.311417818069458}",0.3147057294845581,0.31141780336735814,0.23921837177099162,147744,0.3131696619093418,0.9944060400637057
tirex,LOOP_SEATTLE_5T,5,L5,block_depth,True,0.4166666666666667,65.0,False,False,1e-05|0.0001|0.001|0.01|0.1|0.3|1|3|10|30|45|65|90,90.0,1e-05,13,0.01,0.65,"mean pinball over (batch, quantiles, horizon)",0.29958024621009827,"{""1e-05"": 0.3243809938430786, ""0.0001"": 0.32424649596214294, ""0.001"": 0.3242861032485962, ""0.01"": 0.324424147605896, ""0.1"": 0.3233725428581238, ""0.3"": 0.3215528130531311, ""1"": 0.31795307993888855, ""3"": 0.3134210705757141, ""10"": 0.3080141544342041, ""30"": 0.30231234431266785, ""45"": 0.30046501755714417, ""65"": 0.29958024621009827, ""90"": 0.29995197057724}","{""1e-05"": 0.3243809938430786, ""0.0001"": 0.32424649596214294, ""0.001"": 0.3242861032485962, ""0.01"": 0.324424147605896, ""0.1"": 0.3233725428581238, ""0.3"": 0.3215528130531311, ""1"": 0.31795307993888855, ""3"": 0.3134210705757141, ""10"": 0.3080141544342041, ""30"": 0.30231234431266785, ""45"": 0.30046501755714417, ""65"": 0.29958024621009827, ""90"": 0.29995197057724}",0.2935640215873718,0.29958024703478087,0.20981880703955205,147744,0.3131696619093418,0.9566068603462142
tirex,LOOP_SEATTLE_5T,6,L6,block_depth,True,0.5,10.0,False,False,1e-05|0.0001|0.001|0.01|0.1|0.3|1|3|10|30|45|65|90,90.0,1e-05,13,0.01,0.1,"mean pinball over (batch, quantiles, horizon)",0.2868543565273285,"{""1e-05"": 0.2991059720516205, ""0.0001"": 0.2992715537548065, ""0.001"": 0.29929307103157043, ""0.01"": 0.2990473806858063, ""0.1"": 0.2977134883403778, ""0.3"": 0.2957082986831665, ""1"": 0.29144033789634705, ""3"": 0.2885027825832367, ""10"": 0.2868543565273285, ""30"": 0.28728461265563965, ""45"": 0.2891971170902252, ""65"": 0.29180896282196045, ""90"": 0.29566264152526855}","{""1e-05"": 0.2991059720516205, ""0.0001"": 0.2992715537548065, ""0.001"": 0.29929307103157043, ""0.01"": 0.2990473806858063, ""0.1"": 0.2977134883403778, ""0.3"": 0.2957082986831665, ""1"": 0.29144033789634705, ""3"": 0.2885027825832367, ""10"": 0.2868543565273285, ""30"": 0.28728461265563965, ""45"": 0.2891971170902252, ""65"": 0.29180896282196045, ""90"": 0.29566264152526855}",0.25954779982566833,0.2868543490483106,0.20896407599269434,147744,0.3131696619093418,0.9159710659691898
tirex,LOOP_SEATTLE_5T,7,L7,block_depth,True,0.5833333333333334,65.0,False,False,1e-05|0.0001|0.001|0.01|0.1|0.3|1|3|10|30|45|65|90,90.0,1e-05,13,0.01,0.65,"mean pinball over (batch, quantiles, horizon)",0.2792808413505554,"{""1e-05"": 0.2979539632797241, ""0.0001"": 0.2974769175052643, ""0.001"": 0.2978905737400055, ""0.01"": 0.2975245714187622, ""0.1"": 0.29632988572120667, ""0.3"": 0.29433467984199524, ""1"": 0.2900497317314148, ""3"": 0.28603076934814453, ""10"": 0.2828921973705292, ""30"": 0.2802360951900482, ""45"": 0.27952808141708374, ""65"": 0.2792808413505554, ""90"": 0.27963533997535706}","{""1e-05"": 0.2979539632797241, ""0.0001"": 0.2974769175052643, ""0.001"": 0.2978905737400055, ""0.01"": 0.2975245714187622, ""0.1"": 0.29632988572120667, ""0.3"": 0.29433467984199524, ""1"": 0.2900497317314148, ""3"": 0.28603076934814453, ""10"": 0.2828921973705292, ""30"": 0.2802360951900482, ""45"": 0.27952808141708374, ""65"": 0.2792808413505554, ""90"": 0.27963533997535706}",0.2849220335483551,0.2792808407533715,0.1982539569432954,147744,0.3131696619093418,0.8917876624786834
tirex,LOOP_SEATTLE_5T,8,L8,block_depth,True,0.6666666666666666,90.0,True,False,1e-05|0.0001|0.001|0.01|0.1|0.3|1|3|10|30|45|65|90,90.0,1e-05,13,0.01,0.9,"mean pinball over (batch, quantiles, horizon)",0.2731304168701172,"{""1e-05"": 0.30616477131843567, ""0.0001"": 0.30605801939964294, ""0.001"": 0.3060401678085327, ""0.01"": 0.30592209100723267, ""0.1"": 0.3042847812175751, ""0.3"": 0.30115807056427, ""1"": 0.29533395171165466, ""3"": 0.28831371665000916, ""10"": 0.28100472688674927, ""30"": 0.2753731906414032, ""45"": 0.27410948276519775, ""65"": 0.27341994643211365, ""90"": 0.2731304168701172}","{""1e-05"": 0.30616477131843567, ""0.0001"": 0.30605801939964294, ""0.001"": 0.3060401678085327, ""0.01"": 0.30592209100723267, ""0.1"": 0.3042847812175751, ""0.3"": 0.30115807056427, ""1"": 0.29533395171165466, ""3"": 0.28831371665000916, ""10"": 0.28100472688674927, ""30"": 0.2753731906414032, ""45"": 0.27410948276519775, ""65"": 0.27341994643211365, ""90"": 0.2731304168701172}",0.28813350200653076,0.2731304002058415,0.20270608615784244,147744,0.3131696619093418,0.8721483381902712
tirex,LOOP_SEATTLE_5T,9,L9,block_depth,True,0.75,45.0,False,False,1e-05|0.0001|0.001|0.01|0.1|0.3|1|3|10|30|45|65|90,90.0,1e-05,13,0.01,0.45,"mean pinball over (batch, quantiles, horizon)",0.2726287543773651,"{""1e-05"": 0.2989989221096039, ""0.0001"": 0.29907459020614624, ""0.001"": 0.29912281036376953, ""0.01"": 0.29891344904899597, ""0.1"": 0.2972850501537323, ""0.3"": 0.294363409280777, ""1"": 0.28866395354270935, ""3"": 0.2818898558616638, ""10"": 0.27588748931884766, ""30"": 0.27313557267189026, ""45"": 0.2726287543773651, ""65"": 0.2728565037250519, ""90"": 0.2738167345523834}","{""1e-05"": 0.2989989221096039, ""0.0001"": 0.29907459020614624, ""0.001"": 0.29912281036376953, ""0.01"": 0.29891344904899597, ""0.1"": 0.2972850501537323, ""0.3"": 0.294363409280777, ""1"": 0.28866395354270935, ""3"": 0.2818898558616638, ""10"": 0.27588748931884766, ""30"": 0.27313557267189026, ""45"": 0.2726287543773651, ""65"": 0.2728565037250519, ""90"": 0.2738167345523834}",0.2688925266265869,0.2726287481211524,0.20925337508434558,147744,0.3131696619093418,0.8705464841612741
tirex,LOOP_SEATTLE_5T,10,L10,block_depth,True,0.8333333333333334,90.0,True,False,1e-05|0.0001|0.001|0.01|0.1|0.3|1|3|10|30|45|65|90,90.0,1e-05,13,0.01,0.9,"mean pinball over (batch, quantiles, horizon)",0.26437345147132874,"{""1e-05"": 0.2905087471008301, ""0.0001"": 0.29037681221961975, ""0.001"": 0.290420800447464, ""0.01"": 0.29037970304489136, ""0.1"": 0.2888944447040558, ""0.3"": 0.28661686182022095, ""1"": 0.28140774369239807, ""3"": 0.2756461799144745, ""10"": 0.2702540457248688, ""30"": 0.26640987396240234, ""45"": 0.26538845896720886, ""65"": 0.26443079113960266, ""90"": 0.26437345147132874}","{""1e-05"": 0.2905087471008301, ""0.0001"": 0.29037681221961975, ""0.001"": 0.290420800447464, ""0.01"": 0.29037970304489136, ""0.1"": 0.2888944447040558, ""0.3"": 0.28661686182022095, ""1"": 0.28140774369239807, ""3"": 0.2756461799144745, ""10"": 0.2702540457248688, ""30"": 0.26640987396240234, ""45"": 0.26538845896720886, ""65"": 0.26443079113960266, ""90"": 0.26437345147132874}",0.2812241315841675,0.26437341831340133,0.20358480608360913,147744,0.3131696619093418,0.8441859173125579
tirex,LOOP_SEATTLE_5T,11,L11,block_depth,True,0.9166666666666666,90.0,True,False,1e-05|0.0001|0.001|0.01|0.1|0.3|1|3|10|30|45|65|90,90.0,1e-05,13,0.01,0.9,"mean pinball over (batch, quantiles, horizon)",0.2612355351448059,"{""1e-05"": 0.2886678874492645, ""0.0001"": 0.28875142335891724, ""0.001"": 0.2888171672821045, ""0.01"": 0.288479208946228, ""0.1"": 0.28706321120262146, ""0.3"": 0.2844066619873047, ""1"": 0.27827656269073486, ""3"": 0.2727309763431549, ""10"": 0.2674044072628021, ""30"": 0.26315930485725403, ""45"": 0.2618778944015503, ""65"": 0.26143571734428406, ""90"": 0.2612355351448059}","{""1e-05"": 0.2886678874492645, ""0.0001"": 0.28875142335891724, ""0.001"": 0.2888171672821045, ""0.01"": 0.288479208946228, ""0.1"": 0.28706321120262146, ""0.3"": 0.2844066619873047, ""1"": 0.27827656269073486, ""3"": 0.2727309763431549, ""10"": 0.2674044072628021, ""30"": 0.26315930485725403, ""45"": 0.2618778944015503, ""65"": 0.26143571734428406, ""90"": 0.2612355351448059}",0.2794560194015503,0.26123554413100236,0.20700661277839247,147744,0.3131696619093418,0.834166191381036
tirex,LOOP_SEATTLE_5T,12,L12,block_depth,True,1.0,90.0,True,False,1e-05|0.0001|0.001|0.01|0.1|0.3|1|3|10|30|45|65|90,90.0,1e-05,13,0.01,0.9,"mean pinball over (batch, quantiles, horizon)",0.26344814896583557,"{""1e-05"": 0.2925322949886322, ""0.0001"": 0.2920868694782257, ""0.001"": 0.2923293709754944, ""0.01"": 0.29207393527030945, ""0.1"": 0.29066208004951477, ""0.3"": 0.28768691420555115, ""1"": 0.2820192277431488, ""3"": 0.27519306540489197, ""10"": 0.26968345046043396, ""30"": 0.26558518409729004, ""45"": 0.2645608186721802, ""65"": 0.2636958360671997, ""90"": 0.26344814896583557}","{""1e-05"": 0.2925322949886322, ""0.0001"": 0.2920868694782257, ""0.001"": 0.2923293709754944, ""0.01"": 0.29207393527030945, ""0.1"": 0.29066208004951477, ""0.3"": 0.28768691420555115, ""1"": 0.2820192277431488, ""3"": 0.27519306540489197, ""10"": 0.26968345046043396, ""30"": 0.26558518409729004, ""45"": 0.2645608186721802, ""65"": 0.2636958360671997, ""90"": 0.26344814896583557}",0.276740700006485,0.2634481579662507,0.20890316674272522,147744,0.3131696619093418,0.8412314154572074
tirex,LOOP_SEATTLE_5T,13,L12+RMS,head_input_diagnostic,False,,90.0,True,False,1e-05|0.0001|0.001|0.01|0.1|0.3|1|3|10|30|45|65|90,90.0,1e-05,13,0.01,0.9,"mean pinball over (batch, quantiles, horizon)",0.26227515935897827,"{""1e-05"": 0.29110369086265564, ""0.0001"": 0.29099327325820923, ""0.001"": 0.29107993841171265, ""0.01"": 0.2908523678779602, ""0.1"": 0.2889409065246582, ""0.3"": 0.2860701084136963, ""1"": 0.2800721228122711, ""3"": 0.2740144729614258, ""10"": 0.2684633731842041, ""30"": 0.2650110125541687, ""45"": 0.2634916305541992, ""65"": 0.2625265419483185, ""90"": 0.26227515935897827}","{""1e-05"": 0.29110369086265564, ""0.0001"": 0.29099327325820923, ""0.001"": 0.29107993841171265, ""0.01"": 0.2908523678779602, ""0.1"": 0.2889409065246582, ""0.3"": 0.2860701084136963, ""1"": 0.2800721228122711, ""3"": 0.2740144729614258, ""10"": 0.2684633731842041, ""30"": 0.2650110125541687, ""45"": 0.2634916305541992, ""65"": 0.2625265419483185, ""90"": 0.26227515935897827}",0.2690459191799164,0.26227514623515025,0.2083798770487081,147744,0.3131696619093418,0.8374858044553345
tirex,electricity_15min,0,Emb,block_depth,True,0.0,0.3,False,False,1e-05|0.0001|0.001|0.01|0.1|0.3|1|3|10|30|45|65|90,90.0,1e-05,13,0.01,0.003,"mean pinball over (batch, quantiles, horizon)",0.31381481885910034,"{""1e-05"": 0.31516021490097046, ""0.0001"": 0.3146486282348633, ""0.001"": 0.314953088760376, ""0.01"": 0.3147176504135132, ""0.1"": 0.3147723376750946, ""0.3"": 0.31381481885910034, ""1"": 0.31381893157958984, ""3"": 0.3144456744194031, ""10"": 0.3148224949836731, ""30"": 0.3161962330341339, ""45"": 0.3157561719417572, ""65"": 0.3162918984889984, ""90"": 0.3175950348377228}","{""1e-05"": 0.31516021490097046, ""0.0001"": 0.3146486282348633, ""0.001"": 0.314953088760376, ""0.01"": 0.3147176504135132, ""0.1"": 0.3147723376750946, ""0.3"": 0.31381481885910034, ""1"": 0.31381893157958984, ""3"": 0.3144456744194031, ""10"": 0.3148224949836731, ""30"": 0.3161962330341339, ""45"": 0.3157561719417572, ""65"": 0.3162918984889984, ""90"": 0.3175950348377228}",0.2727552652359009,0.3138148268215529,0.2894090405516042,147744,0.36022973595229724,0.8711519219587948
tirex,electricity_15min,1,L1,block_depth,True,0.08333333333333333,0.3,False,False,1e-05|0.0001|0.001|0.01|0.1|0.3|1|3|10|30|45|65|90,90.0,1e-05,13,0.01,0.003,"mean pinball over (batch, quantiles, horizon)",0.18772892653942108,"{""1e-05"": 0.18801599740982056, ""0.0001"": 0.18812130391597748, ""0.001"": 0.1879650205373764, ""0.01"": 0.1880083531141281, ""0.1"": 0.18805566430091858, ""0.3"": 0.18772892653942108, ""1"": 0.1931029111146927, ""3"": 0.21082837879657745, ""10"": 0.24607113003730774, ""30"": 0.27888569235801697, ""45"": 0.2900969088077545, ""65"": 0.30091482400894165, ""90"": 0.30932530760765076}","{""1e-05"": 0.18801599740982056, ""0.0001"": 0.18812130391597748, ""0.001"": 0.1879650205373764, ""0.01"": 0.1880083531141281, ""0.1"": 0.18805566430091858, ""0.3"": 0.18772892653942108, ""1"": 0.1931029111146927, ""3"": 0.21082837879657745, ""10"": 0.24607113003730774, ""30"": 0.27888569235801697, ""45"": 0.2900969088077545, ""65"": 0.30091482400894165, ""90"": 0.30932530760765076}",0.16118894517421722,0.1877289134298117,0.2260607945384415,147744,0.36022973595229724,0.5211366378001381
tirex,electricity_15min,2,L2,block_depth,True,0.16666666666666666,1.0,False,False,1e-05|0.0001|0.001|0.01|0.1|0.3|1|3|10|30|45|65|90,90.0,1e-05,13,0.01,0.01,"mean pinball over (batch, quantiles, horizon)",0.17036712169647217,"{""1e-05"": 0.17379756271839142, ""0.0001"": 0.1737053245306015, ""0.001"": 0.17348644137382507, ""0.01"": 0.17339879274368286, ""0.1"": 0.17269736528396606, ""0.3"": 0.17150355875492096, ""1"": 0.17036712169647217, ""3"": 0.17363792657852173, ""10"": 0.1913391798734665, ""30"": 0.23402546346187592, ""45"": 0.25406551361083984, ""65"": 0.2732694447040558, ""90"": 0.28950801491737366}","{""1e-05"": 0.17379756271839142, ""0.0001"": 0.1737053245306015, ""0.001"": 0.17348644137382507, ""0.01"": 0.17339879274368286, ""0.1"": 0.17269736528396606, ""0.3"": 0.17150355875492096, ""1"": 0.17036712169647217, ""3"": 0.17363792657852173, ""10"": 0.1913391798734665, ""30"": 0.23402546346187592, ""45"": 0.25406551361083984, ""65"": 0.2732694447040558, ""90"": 0.28950801491737366}",0.14244705438613892,0.1703671193503924,0.2133772328552854,147744,0.36022973595229724,0.472940188849243
tirex,electricity_15min,3,L3,block_depth,True,0.25,3.0,False,False,1e-05|0.0001|0.001|0.01|0.1|0.3|1|3|10|30|45|65|90,90.0,1e-05,13,0.01,0.03,"mean pinball over (batch, quantiles, horizon)",0.16888564825057983,"{""1e-05"": 0.17505773901939392, ""0.0001"": 0.17532499134540558, ""0.001"": 0.17529191076755524, ""0.01"": 0.1751531958580017, ""0.1"": 0.17397460341453552, ""0.3"": 0.17204086482524872, ""1"": 0.1695263832807541, ""3"": 0.16888564825057983, ""10"": 0.17674404382705688, ""30"": 0.20465251803398132, ""45"": 0.22372423112392426, ""65"": 0.24389886856079102, ""90"": 0.2651995122432709}","{""1e-05"": 0.17505773901939392, ""0.0001"": 0.17532499134540558, ""0.001"": 0.17529191076755524, ""0.01"": 0.1751531958580017, ""0.1"": 0.17397460341453552, ""0.3"": 0.17204086482524872, ""1"": 0.1695263832807541, ""3"": 0.16888564825057983, ""10"": 0.17674404382705688, ""30"": 0.20465251803398132, ""45"": 0.22372423112392426, ""65"": 0.24389886856079102, ""90"": 0.2651995122432709}",0.14350847899913788,0.16888564610356138,0.21432333104028048,147744,0.36022973595229724,0.46882760985041433
tirex,electricity_15min,4,L4,block_depth,True,0.3333333333333333,10.0,False,False,1e-05|0.0001|0.001|0.01|0.1|0.3|1|3|10|30|45|65|90,90.0,1e-05,13,0.01,0.1,"mean pinball over (batch, quantiles, horizon)",0.15651674568653107,"{""1e-05"": 0.16723738610744476, ""0.0001"": 0.1673828810453415, ""0.001"": 0.16728225350379944, ""0.01"": 0.16694508492946625, ""0.1"": 0.16587771475315094, ""0.3"": 0.16366015374660492, ""1"": 0.15975041687488556, ""3"": 0.1571395844221115, ""10"": 0.15651674568653107, ""30"": 0.16799725592136383, ""45"": 0.18190710246562958, ""65"": 0.2038886696100235, ""90"": 0.2304195761680603}","{""1e-05"": 0.16723738610744476, ""0.0001"": 0.1673828810453415, ""0.001"": 0.16728225350379944, ""0.01"": 0.16694508492946625, ""0.1"": 0.16587771475315094, ""0.3"": 0.16366015374660492, ""1"": 0.15975041687488556, ""3"": 0.1571395844221115, ""10"": 0.15651674568653107, ""30"": 0.16799725592136383, ""45"": 0.18190710246562958, ""65"": 0.2038886696100235, ""90"": 0.2304195761680603}",0.14149631559848785,0.15651675387648226,0.20129946979004462,147744,0.36022973595229724,0.43449148766888224
tirex,electricity_15min,5,L5,block_depth,True,0.4166666666666667,3.0,False,False,1e-05|0.0001|0.001|0.01|0.1|0.3|1|3|10|30|45|65|90,90.0,1e-05,13,0.01,0.03,"mean pinball over (batch, quantiles, horizon)",0.16294202208518982,"{""1e-05"": 0.17512387037277222, ""0.0001"": 0.17530079185962677, ""0.001"": 0.17501582205295563, ""0.01"": 0.17479512095451355, ""0.1"": 0.173338383436203, ""0.3"": 0.1709183156490326, ""1"": 0.1660521775484085, ""3"": 0.16294202208518982, ""10"": 0.16488587856292725, ""30"": 0.17720773816108704, ""45"": 0.18824124336242676, ""65"": 0.20665548741817474, ""90"": 0.2298167198896408}","{""1e-05"": 0.17512387037277222, ""0.0001"": 0.17530079185962677, ""0.001"": 0.17501582205295563, ""0.01"": 0.17479512095451355, ""0.1"": 0.173338383436203, ""0.3"": 0.1709183156490326, ""1"": 0.1660521775484085, ""3"": 0.16294202208518982, ""10"": 0.16488587856292725, ""30"": 0.17720773816108704, ""45"": 0.18824124336242676, ""65"": 0.20665548741817474, ""90"": 0.2298167198896408}",0.13113360106945038,0.16294202329377636,0.20416444113463847,147744,0.36022973595229724,0.4523280757570598
tirex,electricity_15min,6,L6,block_depth,True,0.5,10.0,False,False,1e-05|0.0001|0.001|0.01|0.1|0.3|1|3|10|30|45|65|90,90.0,1e-05,13,0.01,0.1,"mean pinball over (batch, quantiles, horizon)",0.1652199923992157,"{""1e-05"": 0.18459725379943848, ""0.0001"": 0.1846209615468979, ""0.001"": 0.18501824140548706, ""0.01"": 0.18436014652252197, ""0.1"": 0.18270160257816315, ""0.3"": 0.17953574657440186, ""1"": 0.17356756329536438, ""3"": 0.16812017560005188, ""10"": 0.1652199923992157, ""30"": 0.1682746261358261, ""45"": 0.17318086326122284, ""65"": 0.18386098742485046, ""90"": 0.2006310224533081}","{""1e-05"": 0.18459725379943848, ""0.0001"": 0.1846209615468979, ""0.001"": 0.18501824140548706, ""0.01"": 0.18436014652252197, ""0.1"": 0.18270160257816315, ""0.3"": 0.17953574657440186, ""1"": 0.17356756329536438, ""3"": 0.16812017560005188, ""10"": 0.1652199923992157, ""30"": 0.1682746261358261, ""45"": 0.17318086326122284, ""65"": 0.18386098742485046, ""90"": 0.2006310224533081}",0.1329079419374466,0.16521998861705073,0.20135367623324157,147744,0.36022973595229724,0.4586517217416213
tirex,electricity_15min,7,L7,block_depth,True,0.5833333333333334,10.0,False,False,1e-05|0.0001|0.001|0.01|0.1|0.3|1|3|10|30|45|65|90,90.0,1e-05,13,0.01,0.1,"mean pinball over (batch, quantiles, horizon)",0.16542211174964905,"{""1e-05"": 0.17946100234985352, ""0.0001"": 0.17940978705883026, ""0.001"": 0.17944858968257904, ""0.01"": 0.17953115701675415, ""0.1"": 0.1777021586894989, ""0.3"": 0.17529207468032837, ""1"": 0.17043617367744446, ""3"": 0.16663572192192078, ""10"": 0.16542211174964905, ""30"": 0.17057029902935028, ""45"": 0.17546716332435608, ""65"": 0.18423791229724884, ""90"": 0.19885297119617462}","{""1e-05"": 0.17946100234985352, ""0.0001"": 0.17940978705883026, ""0.001"": 0.17944858968257904, ""0.01"": 0.17953115701675415, ""0.1"": 0.1777021586894989, ""0.3"": 0.17529207468032837, ""1"": 0.17043617367744446, ""3"": 0.16663572192192078, ""10"": 0.16542211174964905, ""30"": 0.17057029902935028, ""45"": 0.17546716332435608, ""65"": 0.18423791229724884, ""90"": 0.19885297119617462}",0.13028600811958313,0.16542211200558501,0.20888555102505302,147744,0.36022973595229724,0.4592128175323392
tirex,electricity_15min,8,L8,block_depth,True,0.6666666666666666,10.0,False,False,1e-05|0.0001|0.001|0.01|0.1|0.3|1|3|10|30|45|65|90,90.0,1e-05,13,0.01,0.1,"mean pinball over (batch, quantiles, horizon)",0.15511183440685272,"{""1e-05"": 0.17063312232494354, ""0.0001"": 0.1704927533864975, ""0.001"": 0.17075830698013306, ""0.01"": 0.17065326869487762, ""0.1"": 0.16898782551288605, ""0.3"": 0.16617903113365173, ""1"": 0.16128985583782196, ""3"": 0.1570441871881485, ""10"": 0.15511183440685272, ""30"": 0.1568860113620758, ""45"": 0.16034650802612305, ""65"": 0.16685934364795685, ""90"": 0.17807288467884064}","{""1e-05"": 0.17063312232494354, ""0.0001"": 0.1704927533864975, ""0.001"": 0.17075830698013306, ""0.01"": 0.17065326869487762, ""0.1"": 0.16898782551288605, ""0.3"": 0.16617903113365173, ""1"": 0.16128985583782196, ""3"": 0.1570441871881485, ""10"": 0.15511183440685272, ""30"": 0.1568860113620758, ""45"": 0.16034650802612305, ""65"": 0.16685934364795685, ""90"": 0.17807288467884064}",0.1260388195514679,0.1551118356438766,0.21570505636907716,147744,0.36022973595229724,0.43059142586834365
tirex,electricity_15min,9,L9,block_depth,True,0.75,10.0,False,False,1e-05|0.0001|0.001|0.01|0.1|0.3|1|3|10|30|45|65|90,90.0,1e-05,13,0.01,0.1,"mean pinball over (batch, quantiles, horizon)",0.1492605209350586,"{""1e-05"": 0.16327062249183655, ""0.0001"": 0.16339963674545288, ""0.001"": 0.16354338824748993, ""0.01"": 0.1633613109588623, ""0.1"": 0.16182397305965424, ""0.3"": 0.15936531126499176, ""1"": 0.1549513041973114, ""3"": 0.15125606954097748, ""10"": 0.1492605209350586, ""30"": 0.15228882431983948, ""45"": 0.15611831843852997, ""65"": 0.1632367968559265, ""90"": 0.1756129264831543}","{""1e-05"": 0.16327062249183655, ""0.0001"": 0.16339963674545288, ""0.001"": 0.16354338824748993, ""0.01"": 0.1633613109588623, ""0.1"": 0.16182397305965424, ""0.3"": 0.15936531126499176, ""1"": 0.1549513041973114, ""3"": 0.15125606954097748, ""10"": 0.1492605209350586, ""30"": 0.15228882431983948, ""45"": 0.15611831843852997, ""65"": 0.1632367968559265, ""90"": 0.1756129264831543}",0.12015027552843094,0.14926050783966788,0.2117516525544738,147744,0.36022973595229724,0.41434810328771254
tirex,electricity_15min,10,L10,block_depth,True,0.8333333333333334,10.0,False,False,1e-05|0.0001|0.001|0.01|0.1|0.3|1|3|10|30|45|65|90,90.0,1e-05,13,0.01,0.1,"mean pinball over (batch, quantiles, horizon)",0.14175036549568176,"{""1e-05"": 0.1534346640110016, ""0.0001"": 0.15327301621437073, ""0.001"": 0.1535348743200302, ""0.01"": 0.15322712063789368, ""0.1"": 0.1519116908311844, ""0.3"": 0.1498713195323944, ""1"": 0.14594119787216187, ""3"": 0.14286229014396667, ""10"": 0.14175036549568176, ""30"": 0.14465869963169098, ""45"": 0.14836524426937103, ""65"": 0.15517301857471466, ""90"": 0.1669779270887375}","{""1e-05"": 0.1534346640110016, ""0.0001"": 0.15327301621437073, ""0.001"": 0.1535348743200302, ""0.01"": 0.15322712063789368, ""0.1"": 0.1519116908311844, ""0.3"": 0.1498713195323944, ""1"": 0.14594119787216187, ""3"": 0.14286229014396667, ""10"": 0.14175036549568176, ""30"": 0.14465869963169098, ""45"": 0.14836524426937103, ""65"": 0.15517301857471466, ""90"": 0.1669779270887375}",0.1171840950846672,0.14175036475631117,0.20676565766050162,147744,0.36022973595229724,0.3934998991173849
tirex,electricity_15min,11,L11,block_depth,True,0.9166666666666666,10.0,False,False,1e-05|0.0001|0.001|0.01|0.1|0.3|1|3|10|30|45|65|90,90.0,1e-05,13,0.01,0.1,"mean pinball over (batch, quantiles, horizon)",0.1384456306695938,"{""1e-05"": 0.1476295441389084, ""0.0001"": 0.14757560193538666, ""0.001"": 0.1475173830986023, ""0.01"": 0.14737223088741302, ""0.1"": 0.1464299112558365, ""0.3"": 0.14455431699752808, ""1"": 0.14144153892993927, ""3"": 0.1389515995979309, ""10"": 0.1384456306695938, ""30"": 0.14246399700641632, ""45"": 0.14634786546230316, ""65"": 0.1528526097536087, ""90"": 0.1641349047422409}","{""1e-05"": 0.1476295441389084, ""0.0001"": 0.14757560193538666, ""0.001"": 0.1475173830986023, ""0.01"": 0.14737223088741302, ""0.1"": 0.1464299112558365, ""0.3"": 0.14455431699752808, ""1"": 0.14144153892993927, ""3"": 0.1389515995979309, ""10"": 0.1384456306695938, ""30"": 0.14246399700641632, ""45"": 0.14634786546230316, ""65"": 0.1528526097536087, ""90"": 0.1641349047422409}",0.1144963800907135,0.13844564056578484,0.20201416377632217,147744,0.36022973595229724,0.38432596409564107
tirex,electricity_15min,12,L12,block_depth,True,1.0,10.0,False,False,1e-05|0.0001|0.001|0.01|0.1|0.3|1|3|10|30|45|65|90,90.0,1e-05,13,0.01,0.1,"mean pinball over (batch, quantiles, horizon)",0.13970854878425598,"{""1e-05"": 0.14913345873355865, ""0.0001"": 0.14875420928001404, ""0.001"": 0.1488751322031021, ""0.01"": 0.14890490472316742, ""0.1"": 0.147859126329422, ""0.3"": 0.14622482657432556, ""1"": 0.14343631267547607, ""3"": 0.1406489461660385, ""10"": 0.13970854878425598, ""30"": 0.14265163242816925, ""45"": 0.14568866789340973, ""65"": 0.15062947571277618, ""90"": 0.1603306382894516}","{""1e-05"": 0.14913345873355865, ""0.0001"": 0.14875420928001404, ""0.001"": 0.1488751322031021, ""0.01"": 0.14890490472316742, ""0.1"": 0.147859126329422, ""0.3"": 0.14622482657432556, ""1"": 0.14343631267547607, ""3"": 0.1406489461660385, ""10"": 0.13970854878425598, ""30"": 0.14265163242816925, ""45"": 0.14568866789340973, ""65"": 0.15062947571277618, ""90"": 0.1603306382894516}",0.11264366656541824,0.13970855966153492,0.20106493616263374,147744,0.36022973595229724,0.3878318354041588
tirex,electricity_15min,13,L12+RMS,head_input_diagnostic,False,,10.0,False,False,1e-05|0.0001|0.001|0.01|0.1|0.3|1|3|10|30|45|65|90,90.0,1e-05,13,0.01,0.1,"mean pinball over (batch, quantiles, horizon)",0.13511896133422852,"{""1e-05"": 0.14441359043121338, ""0.0001"": 0.14435316622257233, ""0.001"": 0.14431138336658478, ""0.01"": 0.14413054287433624, ""0.1"": 0.1436585634946823, ""0.3"": 0.14171254634857178, ""1"": 0.1388038694858551, ""3"": 0.1357695609331131, ""10"": 0.13511896133422852, ""30"": 0.13815028965473175, ""45"": 0.14191225171089172, ""65"": 0.14791375398635864, ""90"": 0.15817537903785706}","{""1e-05"": 0.14441359043121338, ""0.0001"": 0.14435316622257233, ""0.001"": 0.14431138336658478, ""0.01"": 0.14413054287433624, ""0.1"": 0.1436585634946823, ""0.3"": 0.14171254634857178, ""1"": 0.1388038694858551, ""3"": 0.1357695609331131, ""10"": 0.13511896133422852, ""30"": 0.13815028965473175, ""45"": 0.14191225171089172, ""65"": 0.14791375398635864, ""90"": 0.15817537903785706}",0.11042903363704681,0.13511895289545067,0.19911970100756593,147744,0.36022973595229724,0.3750910583165837
tirex,SZ_TAXI_15T,0,Emb,block_depth,True,0.0,65.0,False,False,1e-05|0.0001|0.001|0.01|0.1|0.3|1|3|10|30|45|65|90,90.0,1e-05,13,0.01,0.65,"mean pinball over (batch, quantiles, horizon)",0.2914862036705017,"{""1e-05"": 0.2985720932483673, ""0.0001"": 0.2987228333950043, ""0.001"": 0.2985786497592926, ""0.01"": 0.2986019253730774, ""0.1"": 0.2981593906879425, ""0.3"": 0.2973148226737976, ""1"": 0.295786589384079, ""3"": 0.2943115234375, ""10"": 0.29309535026550293, ""30"": 0.29234692454338074, ""45"": 0.2921241223812103, ""65"": 0.2914862036705017, ""90"": 0.2921299636363983}","{""1e-05"": 0.2985720932483673, ""0.0001"": 0.2987228333950043, ""0.001"": 0.2985786497592926, ""0.01"": 0.2986019253730774, ""0.1"": 0.2981593906879425, ""0.3"": 0.2973148226737976, ""1"": 0.295786589384079, ""3"": 0.2943115234375, ""10"": 0.29309535026550293, ""30"": 0.29234692454338074, ""45"": 0.2921241223812103, ""65"": 0.2914862036705017, ""90"": 0.2921299636363983}",0.28964489698410034,0.29148620806443387,0.32772649050905156,147744,0.2927978016818181,0.9955204799699638
tirex,SZ_TAXI_15T,1,L1,block_depth,True,0.08333333333333333,45.0,False,False,1e-05|0.0001|0.001|0.01|0.1|0.3|1|3|10|30|45|65|90,90.0,1e-05,13,0.01,0.45,"mean pinball over (batch, quantiles, horizon)",0.2914082407951355,"{""1e-05"": 0.30609622597694397, ""0.0001"": 0.30637869238853455, ""0.001"": 0.30617180466651917, ""0.01"": 0.3058021366596222, ""0.1"": 0.30445215106010437, ""0.3"": 0.3018991947174072, ""1"": 0.2976779341697693, ""3"": 0.29429343342781067, ""10"": 0.2921397387981415, ""30"": 0.29172372817993164, ""45"": 0.2914082407951355, ""65"": 0.2919577658176422, ""90"": 0.29154032468795776}","{""1e-05"": 0.30609622597694397, ""0.0001"": 0.30637869238853455, ""0.001"": 0.30617180466651917, ""0.01"": 0.3058021366596222, ""0.1"": 0.30445215106010437, ""0.3"": 0.3018991947174072, ""1"": 0.2976779341697693, ""3"": 0.29429343342781067, ""10"": 0.2921397387981415, ""30"": 0.29172372817993164, ""45"": 0.2914082407951355, ""65"": 0.2919577658176422, ""90"": 0.29154032468795776}",0.2778901159763336,0.29140825560077643,0.32461521841394597,147744,0.2927978016818181,0.9952542468793816
tirex,SZ_TAXI_15T,2,L2,block_depth,True,0.16666666666666666,90.0,True,False,1e-05|0.0001|0.001|0.01|0.1|0.3|1|3|10|30|45|65|90,90.0,1e-05,13,0.01,0.9,"mean pinball over (batch, quantiles, horizon)",0.2907390594482422,"{""1e-05"": 0.3117534816265106, ""0.0001"": 0.3119604289531708, ""0.001"": 0.3120271563529968, ""0.01"": 0.31163984537124634, ""0.1"": 0.31000256538391113, ""0.3"": 0.30682072043418884, ""1"": 0.30146706104278564, ""3"": 0.2962343990802765, ""10"": 0.29294300079345703, ""30"": 0.29105809330940247, ""45"": 0.29074564576148987, ""65"": 0.290859580039978, ""90"": 0.2907390594482422}","{""1e-05"": 0.3117534816265106, ""0.0001"": 0.3119604289531708, ""0.001"": 0.3120271563529968, ""0.01"": 0.31163984537124634, ""0.1"": 0.31000256538391113, ""0.3"": 0.30682072043418884, ""1"": 0.30146706104278564, ""3"": 0.2962343990802765, ""10"": 0.29294300079345703, ""30"": 0.29105809330940247, ""45"": 0.29074564576148987, ""65"": 0.290859580039978, ""90"": 0.2907390594482422}",0.2781710624694824,0.29073905653487414,0.3246309345540328,147744,0.2927978016818181,0.9929687137843295
tirex,SZ_TAXI_15T,3,L3,block_depth,True,0.25,65.0,False,False,1e-05|0.0001|0.001|0.01|0.1|0.3|1|3|10|30|45|65|90,90.0,1e-05,13,0.01,0.65,"mean pinball over (batch, quantiles, horizon)",0.28891420364379883,"{""1e-05"": 0.3175300657749176, ""0.0001"": 0.31743791699409485, ""0.001"": 0.31765130162239075, ""0.01"": 0.3170832395553589, ""0.1"": 0.3151581585407257, ""0.3"": 0.3117034435272217, ""1"": 0.30477866530418396, ""3"": 0.29779139161109924, ""10"": 0.29227784276008606, ""30"": 0.28936922550201416, ""45"": 0.2890435457229614, ""65"": 0.28891420364379883, ""90"": 0.28964582085609436}","{""1e-05"": 0.3175300657749176, ""0.0001"": 0.31743791699409485, ""0.001"": 0.31765130162239075, ""0.01"": 0.3170832395553589, ""0.1"": 0.3151581585407257, ""0.3"": 0.3117034435272217, ""1"": 0.30477866530418396, ""3"": 0.29779139161109924, ""10"": 0.29227784276008606, ""30"": 0.28936922550201416, ""45"": 0.2890435457229614, ""65"": 0.28891420364379883, ""90"": 0.28964582085609436}",0.2700479328632355,0.2889142311536349,0.32269097625827176,147744,0.2927978016818181,0.9867363398704629
tirex,SZ_TAXI_15T,4,L4,block_depth,True,0.3333333333333333,65.0,False,False,1e-05|0.0001|0.001|0.01|0.1|0.3|1|3|10|30|45|65|90,90.0,1e-05,13,0.01,0.65,"mean pinball over (batch, quantiles, horizon)",0.2864246964454651,"{""1e-05"": 0.320810467004776, ""0.0001"": 0.32079312205314636, ""0.001"": 0.32098352909088135, ""0.01"": 0.3204592168331146, ""0.1"": 0.31813424825668335, ""0.3"": 0.31440404057502747, ""1"": 0.3059902489185333, ""3"": 0.2976531386375427, ""10"": 0.29098832607269287, ""30"": 0.2872258722782135, ""45"": 0.28645309805870056, ""65"": 0.2864246964454651, ""90"": 0.28696393966674805}","{""1e-05"": 0.320810467004776, ""0.0001"": 0.32079312205314636, ""0.001"": 0.32098352909088135, ""0.01"": 0.3204592168331146, ""0.1"": 0.31813424825668335, ""0.3"": 0.31440404057502747, ""1"": 0.3059902489185333, ""3"": 0.2976531386375427, ""10"": 0.29098832607269287, ""30"": 0.2872258722782135, ""45"": 0.28645309805870056, ""65"": 0.2864246964454651, ""90"": 0.28696393966674805}",0.26430460810661316,0.2864246861770367,0.3215232032995958,147744,0.2927978016818181,0.9782337317146013
tirex,SZ_TAXI_15T,5,L5,block_depth,True,0.4166666666666667,65.0,False,False,1e-05|0.0001|0.001|0.01|0.1|0.3|1|3|10|30|45|65|90,90.0,1e-05,13,0.01,0.65,"mean pinball over (batch, quantiles, horizon)",0.2857376039028168,"{""1e-05"": 0.32621124386787415, ""0.0001"": 0.3261374533176422, ""0.001"": 0.32606983184814453, ""0.01"": 0.32568806409835815, ""0.1"": 0.32321155071258545, ""0.3"": 0.31913837790489197, ""1"": 0.31029337644577026, ""3"": 0.30095550417900085, ""10"": 0.29195308685302734, ""30"": 0.2869121730327606, ""45"": 0.2859315872192383, ""65"": 0.2857376039028168, ""90"": 0.28623852133750916}","{""1e-05"": 0.32621124386787415, ""0.0001"": 0.3261374533176422, ""0.001"": 0.32606983184814453, ""0.01"": 0.32568806409835815, ""0.1"": 0.32321155071258545, ""0.3"": 0.31913837790489197, ""1"": 0.31029337644577026, ""3"": 0.30095550417900085, ""10"": 0.29195308685302734, ""30"": 0.2869121730327606, ""45"": 0.2859315872192383, ""65"": 0.2857376039028168, ""90"": 0.28623852133750916}",0.2615554928779602,0.28573759248814523,0.3215436823666096,147744,0.2927978016818181,0.9758870826450221
tirex,SZ_TAXI_15T,6,L6,block_depth,True,0.5,65.0,False,False,1e-05|0.0001|0.001|0.01|0.1|0.3|1|3|10|30|45|65|90,90.0,1e-05,13,0.01,0.65,"mean pinball over (batch, quantiles, horizon)",0.28530973196029663,"{""1e-05"": 0.32761719822883606, ""0.0001"": 0.32773134112358093, ""0.001"": 0.3276955783367157, ""0.01"": 0.3274253010749817, ""0.1"": 0.32528162002563477, ""0.3"": 0.32081863284111023, ""1"": 0.3119156062602997, ""3"": 0.30170831084251404, ""10"": 0.2926487922668457, ""30"": 0.28696495294570923, ""45"": 0.285963237285614, ""65"": 0.28530973196029663, ""90"": 0.2853749692440033}","{""1e-05"": 0.32761719822883606, ""0.0001"": 0.32773134112358093, ""0.001"": 0.3276955783367157, ""0.01"": 0.3274253010749817, ""0.1"": 0.32528162002563477, ""0.3"": 0.32081863284111023, ""1"": 0.3119156062602997, ""3"": 0.30170831084251404, ""10"": 0.2926487922668457, ""30"": 0.28696495294570923, ""45"": 0.285963237285614, ""65"": 0.28530973196029663, ""90"": 0.2853749692440033}",0.2586991786956787,0.28530973215133715,0.3186706538574818,147744,0.2927978016818181,0.974425800031729
tirex,SZ_TAXI_15T,7,L7,block_depth,True,0.5833333333333334,65.0,False,False,1e-05|0.0001|0.001|0.01|0.1|0.3|1|3|10|30|45|65|90,90.0,1e-05,13,0.01,0.65,"mean pinball over (batch, quantiles, horizon)",0.28385815024375916,"{""1e-05"": 0.3264803886413574, ""0.0001"": 0.326092392206192, ""0.001"": 0.3264707922935486, ""0.01"": 0.3259503245353699, ""0.1"": 0.3235585689544678, ""0.3"": 0.3190560042858124, ""1"": 0.30948296189308167, ""3"": 0.2993529140949249, ""10"": 0.2902686595916748, ""30"": 0.2850796580314636, ""45"": 0.28424063324928284, ""65"": 0.28385815024375916, ""90"": 0.284501850605011}","{""1e-05"": 0.3264803886413574, ""0.0001"": 0.326092392206192, ""0.001"": 0.3264707922935486, ""0.01"": 0.3259503245353699, ""0.1"": 0.3235585689544678, ""0.3"": 0.3190560042858124, ""1"": 0.30948296189308167, ""3"": 0.2993529140949249, ""10"": 0.2902686595916748, ""30"": 0.2850796580314636, ""45"": 0.28424063324928284, ""65"": 0.28385815024375916, ""90"": 0.284501850605011}",0.2586289644241333,0.28385816867917013,0.3171032480895519,147744,0.2927978016818181,0.9694682372910619
tirex,SZ_TAXI_15T,8,L8,block_depth,True,0.6666666666666666,65.0,False,False,1e-05|0.0001|0.001|0.01|0.1|0.3|1|3|10|30|45|65|90,90.0,1e-05,13,0.01,0.65,"mean pinball over (batch, quantiles, horizon)",0.28147897124290466,"{""1e-05"": 0.32061904668807983, ""0.0001"": 0.3207263946533203, ""0.001"": 0.3205457627773285, ""0.01"": 0.3201293349266052, ""0.1"": 0.31812337040901184, ""0.3"": 0.31386277079582214, ""1"": 0.3045729398727417, ""3"": 0.2951509952545166, ""10"": 0.28690358996391296, ""30"": 0.28234970569610596, ""45"": 0.28161323070526123, ""65"": 0.28147897124290466, ""90"": 0.2817438542842865}","{""1e-05"": 0.32061904668807983, ""0.0001"": 0.3207263946533203, ""0.001"": 0.3205457627773285, ""0.01"": 0.3201293349266052, ""0.1"": 0.31812337040901184, ""0.3"": 0.31386277079582214, ""1"": 0.3045729398727417, ""3"": 0.2951509952545166, ""10"": 0.28690358996391296, ""30"": 0.28234970569610596, ""45"": 0.28161323070526123, ""65"": 0.28147897124290466, ""90"": 0.2817438542842865}",0.25790563225746155,0.28147898805447114,0.3140229201183105,147744,0.2927978016818181,0.9613425593965111
tirex,SZ_TAXI_15T,9,L9,block_depth,True,0.75,65.0,False,False,1e-05|0.0001|0.001|0.01|0.1|0.3|1|3|10|30|45|65|90,90.0,1e-05,13,0.01,0.65,"mean pinball over (batch, quantiles, horizon)",0.2806401252746582,"{""1e-05"": 0.31684526801109314, ""0.0001"": 0.3169533908367157, ""0.001"": 0.31691476702690125, ""0.01"": 0.31648319959640503, ""0.1"": 0.31437310576438904, ""0.3"": 0.31028324365615845, ""1"": 0.30193769931793213, ""3"": 0.29320719838142395, ""10"": 0.2857034206390381, ""30"": 0.2810908555984497, ""45"": 0.2807244062423706, ""65"": 0.2806401252746582, ""90"": 0.28129029273986816}","{""1e-05"": 0.31684526801109314, ""0.0001"": 0.3169533908367157, ""0.001"": 0.31691476702690125, ""0.01"": 0.31648319959640503, ""0.1"": 0.31437310576438904, ""0.3"": 0.31028324365615845, ""1"": 0.30193769931793213, ""3"": 0.29320719838142395, ""10"": 0.2857034206390381, ""30"": 0.2810908555984497, ""45"": 0.2807244062423706, ""65"": 0.2806401252746582, ""90"": 0.28129029273986816}",0.2569698393344879,0.28064011983000314,0.31482640701608783,147744,0.2927978016818181,0.95847755078084
tirex,SZ_TAXI_15T,10,L10,block_depth,True,0.8333333333333334,45.0,False,False,1e-05|0.0001|0.001|0.01|0.1|0.3|1|3|10|30|45|65|90,90.0,1e-05,13,0.01,0.45,"mean pinball over (batch, quantiles, horizon)",0.2801332473754883,"{""1e-05"": 0.3175399601459503, ""0.0001"": 0.31761494278907776, ""0.001"": 0.3174844980239868, ""0.01"": 0.3175041377544403, ""0.1"": 0.3150273561477661, ""0.3"": 0.3108816146850586, ""1"": 0.3020574152469635, ""3"": 0.2926681637763977, ""10"": 0.2848993241786957, ""30"": 0.2809164226055145, ""45"": 0.2801332473754883, ""65"": 0.2801402509212494, ""90"": 0.2808535695075989}","{""1e-05"": 0.3175399601459503, ""0.0001"": 0.31761494278907776, ""0.001"": 0.3174844980239868, ""0.01"": 0.3175041377544403, ""0.1"": 0.3150273561477661, ""0.3"": 0.3108816146850586, ""1"": 0.3020574152469635, ""3"": 0.2926681637763977, ""10"": 0.2848993241786957, ""30"": 0.2809164226055145, ""45"": 0.2801332473754883, ""65"": 0.2801402509212494, ""90"": 0.2808535695075989}",0.2519391179084778,0.28013326643178094,0.3150772726497589,147744,0.2927978016818181,0.9567464810961945
tirex,SZ_TAXI_15T,11,L11,block_depth,True,0.9166666666666666,65.0,False,False,1e-05|0.0001|0.001|0.01|0.1|0.3|1|3|10|30|45|65|90,90.0,1e-05,13,0.01,0.65,"mean pinball over (batch, quantiles, horizon)",0.2790451645851135,"{""1e-05"": 0.3194536566734314, ""0.0001"": 0.3192048966884613, ""0.001"": 0.3193470537662506, ""0.01"": 0.31909579038619995, ""0.1"": 0.31684866547584534, ""0.3"": 0.31241536140441895, ""1"": 0.303217351436615, ""3"": 0.29279574751853943, ""10"": 0.28420403599739075, ""30"": 0.27970030903816223, ""45"": 0.2792034447193146, ""65"": 0.2790451645851135, ""90"": 0.2796867787837982}","{""1e-05"": 0.3194536566734314, ""0.0001"": 0.3192048966884613, ""0.001"": 0.3193470537662506, ""0.01"": 0.31909579038619995, ""0.1"": 0.31684866547584534, ""0.3"": 0.31241536140441895, ""1"": 0.303217351436615, ""3"": 0.29279574751853943, ""10"": 0.28420403599739075, ""30"": 0.27970030903816223, ""45"": 0.2792034447193146, ""65"": 0.2790451645851135, ""90"": 0.2796867787837982}",0.25519075989723206,0.27904518239964277,0.3141548898644172,147744,0.2927978016818181,0.9530303192060156
tirex,SZ_TAXI_15T,12,L12,block_depth,True,1.0,65.0,False,False,1e-05|0.0001|0.001|0.01|0.1|0.3|1|3|10|30|45|65|90,90.0,1e-05,13,0.01,0.65,"mean pinball over (batch, quantiles, horizon)",0.27844351530075073,"{""1e-05"": 0.316567063331604, ""0.0001"": 0.31673333048820496, ""0.001"": 0.3168138861656189, ""0.01"": 0.3163137435913086, ""0.1"": 0.3141429126262665, ""0.3"": 0.31022965908050537, ""1"": 0.30203795433044434, ""3"": 0.29268887639045715, ""10"": 0.2845078408718109, ""30"": 0.2801620662212372, ""45"": 0.27928873896598816, ""65"": 0.27844351530075073, ""90"": 0.2789228856563568}","{""1e-05"": 0.316567063331604, ""0.0001"": 0.31673333048820496, ""0.001"": 0.3168138861656189, ""0.01"": 0.3163137435913086, ""0.1"": 0.3141429126262665, ""0.3"": 0.31022965908050537, ""1"": 0.30203795433044434, ""3"": 0.29268887639045715, ""10"": 0.2845078408718109, ""30"": 0.2801620662212372, ""45"": 0.27928873896598816, ""65"": 0.27844351530075073, ""90"": 0.2789228856563568}",0.2555135488510132,0.27844353311528,0.31275368658586955,147744,0.2927978016818181,0.9509754906488783
tirex,SZ_TAXI_15T,13,L12+RMS,head_input_diagnostic,False,,65.0,False,False,1e-05|0.0001|0.001|0.01|0.1|0.3|1|3|10|30|45|65|90,90.0,1e-05,13,0.01,0.65,"mean pinball over (batch, quantiles, horizon)",0.27856549620628357,"{""1e-05"": 0.3274054527282715, ""0.0001"": 0.32750317454338074, ""0.001"": 0.3272755742073059, ""0.01"": 0.3273329436779022, ""0.1"": 0.3242183029651642, ""0.3"": 0.3187815546989441, ""1"": 0.3078470528125763, ""3"": 0.2962508797645569, ""10"": 0.28609132766723633, ""30"": 0.28038233518600464, ""45"": 0.2791826128959656, ""65"": 0.27856549620628357, ""90"": 0.27917784452438354}","{""1e-05"": 0.3274054527282715, ""0.0001"": 0.32750317454338074, ""0.001"": 0.3272755742073059, ""0.01"": 0.3273329436779022, ""0.1"": 0.3242183029651642, ""0.3"": 0.3187815546989441, ""1"": 0.3078470528125763, ""3"": 0.2962508797645569, ""10"": 0.28609132766723633, ""30"": 0.28038233518600464, ""45"": 0.2791826128959656, ""65"": 0.27856549620628357, ""90"": 0.27917784452438354}",0.25389379262924194,0.2785654921944325,0.3114523195112363,147744,0.2927978016818181,0.9513920206858253
tirex,monash_london_smart_meters,0,Emb,block_depth,True,0.0,3.0,False,False,1e-05|0.0001|0.001|0.01|0.1|0.3|1|3|10|30|45|65|90,90.0,1e-05,13,0.01,0.03,"mean pinball over (batch, quantiles, horizon)",0.29017728567123413,"{""1e-05"": 0.29119330644607544, ""0.0001"": 0.2910248041152954, ""0.001"": 0.29117351770401, ""0.01"": 0.29104679822921753, ""0.1"": 0.2908802628517151, ""0.3"": 0.2907133996486664, ""1"": 0.2902270555496216, ""3"": 0.29017728567123413, ""10"": 0.29047009348869324, ""30"": 0.2903592884540558, ""45"": 0.2906123399734497, ""65"": 0.29104891419410706, ""90"": 0.2917720079421997}","{""1e-05"": 0.29119330644607544, ""0.0001"": 0.2910248041152954, ""0.001"": 0.29117351770401, ""0.01"": 0.29104679822921753, ""0.1"": 0.2908802628517151, ""0.3"": 0.2907133996486664, ""1"": 0.2902270555496216, ""3"": 0.29017728567123413, ""10"": 0.29047009348869324, ""30"": 0.2903592884540558, ""45"": 0.2906123399734497, ""65"": 0.29104891419410706, ""90"": 0.2917720079421997}",0.24857501685619354,0.2901773116345169,0.24934406032544057,147744,0.3002947202051869,0.966308403411965
tirex,monash_london_smart_meters,1,L1,block_depth,True,0.08333333333333333,3.0,False,False,1e-05|0.0001|0.001|0.01|0.1|0.3|1|3|10|30|45|65|90,90.0,1e-05,13,0.01,0.03,"mean pinball over (batch, quantiles, horizon)",0.26890820264816284,"{""1e-05"": 0.27297911047935486, ""0.0001"": 0.27286839485168457, ""0.001"": 0.27287009358406067, ""0.01"": 0.27278852462768555, ""0.1"": 0.2720869481563568, ""0.3"": 0.2709503769874573, ""1"": 0.2694569230079651, ""3"": 0.26890820264816284, ""10"": 0.2701231837272644, ""30"": 0.2741292417049408, ""45"": 0.2761363983154297, ""65"": 0.27895480394363403, ""90"": 0.2824723720550537}","{""1e-05"": 0.27297911047935486, ""0.0001"": 0.27286839485168457, ""0.001"": 0.27287009358406067, ""0.01"": 0.27278852462768555, ""0.1"": 0.2720869481563568, ""0.3"": 0.2709503769874573, ""1"": 0.2694569230079651, ""3"": 0.26890820264816284, ""10"": 0.2701231837272644, ""30"": 0.2741292417049408, ""45"": 0.2761363983154297, ""65"": 0.27895480394363403, ""90"": 0.2824723720550537}",0.21942929923534393,0.26890820486627465,0.22523515301806327,147744,0.3002947202051869,0.8954809617782614
tirex,monash_london_smart_meters,2,L2,block_depth,True,0.16666666666666666,10.0,False,False,1e-05|0.0001|0.001|0.01|0.1|0.3|1|3|10|30|45|65|90,90.0,1e-05,13,0.01,0.1,"mean pinball over (batch, quantiles, horizon)",0.26143476366996765,"{""1e-05"": 0.27080661058425903, ""0.0001"": 0.27065449953079224, ""0.001"": 0.2706841826438904, ""0.01"": 0.2706969380378723, ""0.1"": 0.26949143409729004, ""0.3"": 0.2677488625049591, ""1"": 0.26452088356018066, ""3"": 0.26214274764060974, ""10"": 0.26143476366996765, ""30"": 0.26339298486709595, ""45"": 0.26540055871009827, ""65"": 0.2684016823768616, ""90"": 0.2729792892932892}","{""1e-05"": 0.27080661058425903, ""0.0001"": 0.27065449953079224, ""0.001"": 0.2706841826438904, ""0.01"": 0.2706969380378723, ""0.1"": 0.26949143409729004, ""0.3"": 0.2677488625049591, ""1"": 0.26452088356018066, ""3"": 0.26214274764060974, ""10"": 0.26143476366996765, ""30"": 0.26339298486709595, ""45"": 0.26540055871009827, ""65"": 0.2684016823768616, ""90"": 0.2729792892932892}",0.21213209629058838,0.2614347678360366,0.21704666713210008,147744,0.3002947202051869,0.8705939540242403
tirex,monash_london_smart_meters,3,L3,block_depth,True,0.25,10.0,False,False,1e-05|0.0001|0.001|0.01|0.1|0.3|1|3|10|30|45|65|90,90.0,1e-05,13,0.01,0.1,"mean pinball over (batch, quantiles, horizon)",0.2581900358200073,"{""1e-05"": 0.27126580476760864, ""0.0001"": 0.27140671014785767, ""0.001"": 0.27132248878479004, ""0.01"": 0.27119308710098267, ""0.1"": 0.26987650990486145, ""0.3"": 0.2676194906234741, ""1"": 0.2638457119464874, ""3"": 0.26037976145744324, ""10"": 0.2581900358200073, ""30"": 0.2584395110607147, ""45"": 0.2595539093017578, ""65"": 0.26165977120399475, ""90"": 0.2651582658290863}","{""1e-05"": 0.27126580476760864, ""0.0001"": 0.27140671014785767, ""0.001"": 0.27132248878479004, ""0.01"": 0.27119308710098267, ""0.1"": 0.26987650990486145, ""0.3"": 0.2676194906234741, ""1"": 0.2638457119464874, ""3"": 0.26037976145744324, ""10"": 0.2581900358200073, ""30"": 0.2584395110607147, ""45"": 0.2595539093017578, ""65"": 0.26165977120399475, ""90"": 0.2651582658290863}",0.20637495815753937,0.25819001227389765,0.21481445997612167,147744,0.3002947202051869,0.8597887172224683
tirex,monash_london_smart_meters,4,L4,block_depth,True,0.3333333333333333,30.0,False,False,1e-05|0.0001|0.001|0.01|0.1|0.3|1|3|10|30|45|65|90,90.0,1e-05,13,0.01,0.3,"mean pinball over (batch, quantiles, horizon)",0.25768542289733887,"{""1e-05"": 0.27437904477119446, ""0.0001"": 0.2744442820549011, ""0.001"": 0.2744969427585602, ""0.01"": 0.2742292881011963, ""0.1"": 0.27292338013648987, ""0.3"": 0.2705889940261841, ""1"": 0.2660769820213318, ""3"": 0.2616662383079529, ""10"": 0.25828883051872253, ""30"": 0.25768542289733887, ""45"": 0.258299320936203, ""65"": 0.2595013678073883, ""90"": 0.26207590103149414}","{""1e-05"": 0.27437904477119446, ""0.0001"": 0.2744442820549011, ""0.001"": 0.2744969427585602, ""0.01"": 0.2742292881011963, ""0.1"": 0.27292338013648987, ""0.3"": 0.2705889940261841, ""1"": 0.2660769820213318, ""3"": 0.2616662383079529, ""10"": 0.25828883051872253, ""30"": 0.25768542289733887, ""45"": 0.258299320936203, ""65"": 0.2595013678073883, ""90"": 0.26207590103149414}",0.20926252007484436,0.2576854061050952,0.2144849506555168,147744,0.3002947202051869,0.8581083474562011
tirex,monash_london_smart_meters,5,L5,block_depth,True,0.4166666666666667,30.0,False,False,1e-05|0.0001|0.001|0.01|0.1|0.3|1|3|10|30|45|65|90,90.0,1e-05,13,0.01,0.3,"mean pinball over (batch, quantiles, horizon)",0.25868046283721924,"{""1e-05"": 0.27698367834091187, ""0.0001"": 0.27687788009643555, ""0.001"": 0.27689963579177856, ""0.01"": 0.276810884475708, ""0.1"": 0.27533408999443054, ""0.3"": 0.27304157614707947, ""1"": 0.2681587040424347, ""3"": 0.2633252739906311, ""10"": 0.2594636082649231, ""30"": 0.25868046283721924, ""45"": 0.2593293786048889, ""65"": 0.2609320282936096, ""90"": 0.2636664807796478}","{""1e-05"": 0.27698367834091187, ""0.0001"": 0.27687788009643555, ""0.001"": 0.27689963579177856, ""0.01"": 0.276810884475708, ""0.1"": 0.27533408999443054, ""0.3"": 0.27304157614707947, ""1"": 0.2681587040424347, ""3"": 0.2633252739906311, ""10"": 0.2594636082649231, ""30"": 0.25868046283721924, ""45"": 0.2593293786048889, ""65"": 0.2609320282936096, ""90"": 0.2636664807796478}",0.20806308090686798,0.258680451590255,0.21562206708179174,147744,0.3002947202051869,0.8614219104934729
tirex,monash_london_smart_meters,6,L6,block_depth,True,0.5,30.0,False,False,1e-05|0.0001|0.001|0.01|0.1|0.3|1|3|10|30|45|65|90,90.0,1e-05,13,0.01,0.3,"mean pinball over (batch, quantiles, horizon)",0.25925880670547485,"{""1e-05"": 0.2783275544643402, ""0.0001"": 0.2783539593219757, ""0.001"": 0.2782977819442749, ""0.01"": 0.2781212031841278, ""0.1"": 0.2767214775085449, ""0.3"": 0.2741449475288391, ""1"": 0.268994003534317, ""3"": 0.2636350095272064, ""10"": 0.2599913775920868, ""30"": 0.25925880670547485, ""45"": 0.25991228222846985, ""65"": 0.26136285066604614, ""90"": 0.26392436027526855}","{""1e-05"": 0.2783275544643402, ""0.0001"": 0.2783539593219757, ""0.001"": 0.2782977819442749, ""0.01"": 0.2781212031841278, ""0.1"": 0.2767214775085449, ""0.3"": 0.2741449475288391, ""1"": 0.268994003534317, ""3"": 0.2636350095272064, ""10"": 0.2599913775920868, ""30"": 0.25925880670547485, ""45"": 0.25991228222846985, ""65"": 0.26136285066604614, ""90"": 0.26392436027526855}",0.20745690166950226,0.259258798288025,0.21605964650520842,147744,0.3002947202051869,0.8633478407841382
tirex,monash_london_smart_meters,7,L7,block_depth,True,0.5833333333333334,30.0,False,False,1e-05|0.0001|0.001|0.01|0.1|0.3|1|3|10|30|45|65|90,90.0,1e-05,13,0.01,0.3,"mean pinball over (batch, quantiles, horizon)",0.2588033974170685,"{""1e-05"": 0.2792021930217743, ""0.0001"": 0.2791975438594818, ""0.001"": 0.279204398393631, ""0.01"": 0.2791290879249573, ""0.1"": 0.2773442268371582, ""0.3"": 0.2746613621711731, ""1"": 0.2689588665962219, ""3"": 0.263240784406662, ""10"": 0.2593085467815399, ""30"": 0.2588033974170685, ""45"": 0.2597212493419647, ""65"": 0.26123687624931335, ""90"": 0.26393383741378784}","{""1e-05"": 0.2792021930217743, ""0.0001"": 0.2791975438594818, ""0.001"": 0.279204398393631, ""0.01"": 0.2791290879249573, ""0.1"": 0.2773442268371582, ""0.3"": 0.2746613621711731, ""1"": 0.2689588665962219, ""3"": 0.263240784406662, ""10"": 0.2593085467815399, ""30"": 0.2588033974170685, ""45"": 0.2597212493419647, ""65"": 0.26123687624931335, ""90"": 0.26393383741378784}",0.2075681835412979,0.2588033910755438,0.21525799733309345,147744,0.3002947202051869,0.8618313065867669
tirex,monash_london_smart_meters,8,L8,block_depth,True,0.6666666666666666,30.0,False,False,1e-05|0.0001|0.001|0.01|0.1|0.3|1|3|10|30|45|65|90,90.0,1e-05,13,0.01,0.3,"mean pinball over (batch, quantiles, horizon)",0.2551526129245758,"{""1e-05"": 0.27488112449645996, ""0.0001"": 0.27495530247688293, ""0.001"": 0.2749982476234436, ""0.01"": 0.27473631501197815, ""0.1"": 0.2732026278972626, ""0.3"": 0.2702297270298004, ""1"": 0.2647678554058075, ""3"": 0.25952988862991333, ""10"": 0.2556345462799072, ""30"": 0.2551526129245758, ""45"": 0.2560293972492218, ""65"": 0.25743913650512695, ""90"": 0.25981149077415466}","{""1e-05"": 0.27488112449645996, ""0.0001"": 0.27495530247688293, ""0.001"": 0.2749982476234436, ""0.01"": 0.27473631501197815, ""0.1"": 0.2732026278972626, ""0.3"": 0.2702297270298004, ""1"": 0.2647678554058075, ""3"": 0.25952988862991333, ""10"": 0.2556345462799072, ""30"": 0.2551526129245758, ""45"": 0.2560293972492218, ""65"": 0.25743913650512695, ""90"": 0.25981149077415466}",0.2062438279390335,0.25515259338812973,0.21306566077903027,147744,0.3002947202051869,0.8496739243826458
tirex,monash_london_smart_meters,9,L9,block_depth,True,0.75,30.0,False,False,1e-05|0.0001|0.001|0.01|0.1|0.3|1|3|10|30|45|65|90,90.0,1e-05,13,0.01,0.3,"mean pinball over (batch, quantiles, horizon)",0.25311678647994995,"{""1e-05"": 0.272810161113739, ""0.0001"": 0.272813081741333, ""0.001"": 0.27298519015312195, ""0.01"": 0.27260470390319824, ""0.1"": 0.27108195424079895, ""0.3"": 0.2682068943977356, ""1"": 0.2625768482685089, ""3"": 0.2572156488895416, ""10"": 0.2535059452056885, ""30"": 0.25311678647994995, ""45"": 0.25412553548812866, ""65"": 0.2557452917098999, ""90"": 0.2583656311035156}","{""1e-05"": 0.272810161113739, ""0.0001"": 0.272813081741333, ""0.001"": 0.27298519015312195, ""0.01"": 0.27260470390319824, ""0.1"": 0.27108195424079895, ""0.3"": 0.2682068943977356, ""1"": 0.2625768482685089, ""3"": 0.2572156488895416, ""10"": 0.2535059452056885, ""30"": 0.25311678647994995, ""45"": 0.25412553548812866, ""65"": 0.2557452917098999, ""90"": 0.2583656311035156}",0.20482128858566284,0.25311678197263304,0.21057375767872533,147744,0.3002947202051869,0.8428945463965605
tirex,monash_london_smart_meters,10,L10,block_depth,True,0.8333333333333334,30.0,False,False,1e-05|0.0001|0.001|0.01|0.1|0.3|1|3|10|30|45|65|90,90.0,1e-05,13,0.01,0.3,"mean pinball over (batch, quantiles, horizon)",0.25034499168395996,"{""1e-05"": 0.2714957594871521, ""0.0001"": 0.2713828980922699, ""0.001"": 0.27153101563453674, ""0.01"": 0.2712468206882477, ""0.1"": 0.26947203278541565, ""0.3"": 0.2667200565338135, ""1"": 0.26096856594085693, ""3"": 0.2552433907985687, ""10"": 0.2511806786060333, ""30"": 0.25034499168395996, ""45"": 0.2510420083999634, ""65"": 0.25253087282180786, ""90"": 0.2552277743816376}","{""1e-05"": 0.2714957594871521, ""0.0001"": 0.2713828980922699, ""0.001"": 0.27153101563453674, ""0.01"": 0.2712468206882477, ""0.1"": 0.26947203278541565, ""0.3"": 0.2667200565338135, ""1"": 0.26096856594085693, ""3"": 0.2552433907985687, ""10"": 0.2511806786060333, ""30"": 0.25034499168395996, ""45"": 0.2510420083999634, ""65"": 0.25253087282180786, ""90"": 0.2552277743816376}",0.20193500816822052,0.2503449744509377,0.20872998806356474,147744,0.3002947202051869,0.8336642558346704
tirex,monash_london_smart_meters,11,L11,block_depth,True,0.9166666666666666,30.0,False,False,1e-05|0.0001|0.001|0.01|0.1|0.3|1|3|10|30|45|65|90,90.0,1e-05,13,0.01,0.3,"mean pinball over (batch, quantiles, horizon)",0.24644774198532104,"{""1e-05"": 0.26691362261772156, ""0.0001"": 0.2669951319694519, ""0.001"": 0.26717498898506165, ""0.01"": 0.26667341589927673, ""0.1"": 0.265298455953598, ""0.3"": 0.2626033425331116, ""1"": 0.25681591033935547, ""3"": 0.25132396817207336, ""10"": 0.24721039831638336, ""30"": 0.24644774198532104, ""45"": 0.24755440652370453, ""65"": 0.24915073812007904, ""90"": 0.2518927752971649}","{""1e-05"": 0.26691362261772156, ""0.0001"": 0.2669951319694519, ""0.001"": 0.26717498898506165, ""0.01"": 0.26667341589927673, ""0.1"": 0.265298455953598, ""0.3"": 0.2626033425331116, ""1"": 0.25681591033935547, ""3"": 0.25132396817207336, ""10"": 0.24721039831638336, ""30"": 0.24644774198532104, ""45"": 0.24755440652370453, ""65"": 0.24915073812007904, ""90"": 0.2518927752971649}",0.1996743530035019,0.24644774307304892,0.20422109796573187,147744,0.3002947202051869,0.820686234192379
tirex,monash_london_smart_meters,12,L12,block_depth,True,1.0,30.0,False,False,1e-05|0.0001|0.001|0.01|0.1|0.3|1|3|10|30|45|65|90,90.0,1e-05,13,0.01,0.3,"mean pinball over (batch, quantiles, horizon)",0.24485746026039124,"{""1e-05"": 0.26172181963920593, ""0.0001"": 0.2616986930370331, ""0.001"": 0.2616932690143585, ""0.01"": 0.2615099549293518, ""0.1"": 0.26018914580345154, ""0.3"": 0.2575962543487549, ""1"": 0.2524157464504242, ""3"": 0.24798583984375, ""10"": 0.24490493535995483, ""30"": 0.24485746026039124, ""45"": 0.245893195271492, ""65"": 0.24792785942554474, ""90"": 0.2508162558078766}","{""1e-05"": 0.26172181963920593, ""0.0001"": 0.2616986930370331, ""0.001"": 0.2616932690143585, ""0.01"": 0.2615099549293518, ""0.1"": 0.26018914580345154, ""0.3"": 0.2575962543487549, ""1"": 0.2524157464504242, ""3"": 0.24798583984375, ""10"": 0.24490493535995483, ""30"": 0.24485746026039124, ""45"": 0.245893195271492, ""65"": 0.24792785942554474, ""90"": 0.2508162558078766}",0.19891121983528137,0.24485745539760773,0.20255397652624219,147744,0.3002947202051869,0.8153904778289152
tirex,monash_london_smart_meters,13,L12+RMS,head_input_diagnostic,False,,30.0,False,False,1e-05|0.0001|0.001|0.01|0.1|0.3|1|3|10|30|45|65|90,90.0,1e-05,13,0.01,0.3,"mean pinball over (batch, quantiles, horizon)",0.24237008392810822,"{""1e-05"": 0.2612190544605255, ""0.0001"": 0.2610771358013153, ""0.001"": 0.26118242740631104, ""0.01"": 0.26106545329093933, ""0.1"": 0.25957614183425903, ""0.3"": 0.256808876991272, ""1"": 0.2515207529067993, ""3"": 0.24661552906036377, ""10"": 0.24278560280799866, ""30"": 0.24237008392810822, ""45"": 0.24352820217609406, ""65"": 0.24504242837429047, ""90"": 0.2479025423526764}","{""1e-05"": 0.2612190544605255, ""0.0001"": 0.2610771358013153, ""0.001"": 0.26118242740631104, ""0.01"": 0.26106545329093933, ""0.1"": 0.25957614183425903, ""0.3"": 0.256808876991272, ""1"": 0.2515207529067993, ""3"": 0.24661552906036377, ""10"": 0.24278560280799866, ""30"": 0.24237008392810822, ""45"": 0.24352820217609406, ""65"": 0.24504242837429047, ""90"": 0.2479025423526764}",0.1961277425289154,0.2423700720057574,0.20035543024028077,147744,0.3002947202051869,0.8071073372190811
tirex,m5,0,Emb,block_depth,True,0.0,45.0,False,False,1e-05|0.0001|0.001|0.01|0.1|0.3|1|3|10|30|45|65|90,90.0,1e-05,13,0.01,0.45,"mean pinball over (batch, quantiles, horizon)",0.2808496654033661,"{""1e-05"": 0.28387507796287537, ""0.0001"": 0.28389137983322144, ""0.001"": 0.2842240035533905, ""0.01"": 0.2839244306087494, ""0.1"": 0.28373873233795166, ""0.3"": 0.2834446132183075, ""1"": 0.2823840379714966, ""3"": 0.28157922625541687, ""10"": 0.2809613347053528, ""30"": 0.28090524673461914, ""45"": 0.2808496654033661, ""65"": 0.28116071224212646, ""90"": 0.281515896320343}","{""1e-05"": 0.28387507796287537, ""0.0001"": 0.28389137983322144, ""0.001"": 0.2842240035533905, ""0.01"": 0.2839244306087494, ""0.1"": 0.28373873233795166, ""0.3"": 0.2834446132183075, ""1"": 0.2823840379714966, ""3"": 0.28157922625541687, ""10"": 0.2809613347053528, ""30"": 0.28090524673461914, ""45"": 0.2808496654033661, ""65"": 0.28116071224212646, ""90"": 0.281515896320343}",0.26324397325515747,0.2808496684319418,0.29939144067750634,147744,0.2818191335572086,0.9965599740761747
tirex,m5,1,L1,block_depth,True,0.08333333333333333,30.0,False,False,1e-05|0.0001|0.001|0.01|0.1|0.3|1|3|10|30|45|65|90,90.0,1e-05,13,0.01,0.3,"mean pinball over (batch, quantiles, horizon)",0.27360087633132935,"{""1e-05"": 0.2830383777618408, ""0.0001"": 0.2827775478363037, ""0.001"": 0.28318607807159424, ""0.01"": 0.2829287052154541, ""0.1"": 0.2819574177265167, ""0.3"": 0.28079429268836975, ""1"": 0.2777577340602875, ""3"": 0.27610015869140625, ""10"": 0.27422672510147095, ""30"": 0.27360087633132935, ""45"": 0.27417731285095215, ""65"": 0.2749505341053009, ""90"": 0.27689388394355774}","{""1e-05"": 0.2830383777618408, ""0.0001"": 0.2827775478363037, ""0.001"": 0.28318607807159424, ""0.01"": 0.2829287052154541, ""0.1"": 0.2819574177265167, ""0.3"": 0.28079429268836975, ""1"": 0.2777577340602875, ""3"": 0.27610015869140625, ""10"": 0.27422672510147095, ""30"": 0.27360087633132935, ""45"": 0.27417731285095215, ""65"": 0.2749505341053009, ""90"": 0.27689388394355774}",0.25198861956596375,0.2736008707433939,0.2900723695954066,147744,0.2818191335572086,0.9708385207559145
tirex,m5,2,L2,block_depth,True,0.16666666666666666,30.0,False,False,1e-05|0.0001|0.001|0.01|0.1|0.3|1|3|10|30|45|65|90,90.0,1e-05,13,0.01,0.3,"mean pinball over (batch, quantiles, horizon)",0.27235034108161926,"{""1e-05"": 0.28654569387435913, ""0.0001"": 0.28643104434013367, ""0.001"": 0.28657254576683044, ""0.01"": 0.2864209711551666, ""0.1"": 0.2851990759372711, ""0.3"": 0.2833749055862427, ""1"": 0.2799544036388397, ""3"": 0.2762802243232727, ""10"": 0.27404460310935974, ""30"": 0.27235034108161926, ""45"": 0.2724139988422394, ""65"": 0.2724305987358093, ""90"": 0.27441462874412537}","{""1e-05"": 0.28654569387435913, ""0.0001"": 0.28643104434013367, ""0.001"": 0.28657254576683044, ""0.01"": 0.2864209711551666, ""0.1"": 0.2851990759372711, ""0.3"": 0.2833749055862427, ""1"": 0.2799544036388397, ""3"": 0.2762802243232727, ""10"": 0.27404460310935974, ""30"": 0.27235034108161926, ""45"": 0.2724139988422394, ""65"": 0.2724305987358093, ""90"": 0.27441462874412537}",0.24934227764606476,0.27235033343197734,0.28845865215452116,147744,0.2818191335572086,0.9664011452816808
tirex,m5,3,L3,block_depth,True,0.25,65.0,False,False,1e-05|0.0001|0.001|0.01|0.1|0.3|1|3|10|30|45|65|90,90.0,1e-05,13,0.01,0.65,"mean pinball over (batch, quantiles, horizon)",0.27148762345314026,"{""1e-05"": 0.2899951636791229, ""0.0001"": 0.29017889499664307, ""0.001"": 0.28970959782600403, ""0.01"": 0.28983086347579956, ""0.1"": 0.28845658898353577, ""0.3"": 0.2860467731952667, ""1"": 0.28130149841308594, ""3"": 0.27723240852355957, ""10"": 0.27394208312034607, ""30"": 0.2720024883747101, ""45"": 0.2719059884548187, ""65"": 0.27148762345314026, ""90"": 0.2724636197090149}","{""1e-05"": 0.2899951636791229, ""0.0001"": 0.29017889499664307, ""0.001"": 0.28970959782600403, ""0.01"": 0.28983086347579956, ""0.1"": 0.28845658898353577, ""0.3"": 0.2860467731952667, ""1"": 0.28130149841308594, ""3"": 0.27723240852355957, ""10"": 0.27394208312034607, ""30"": 0.2720024883747101, ""45"": 0.2719059884548187, ""65"": 0.27148762345314026, ""90"": 0.2724636197090149}",0.25154203176498413,0.27148761428210116,0.2889278620652115,147744,0.2818191335572086,0.9633398941203892
tirex,m5,4,L4,block_depth,True,0.3333333333333333,45.0,False,False,1e-05|0.0001|0.001|0.01|0.1|0.3|1|3|10|30|45|65|90,90.0,1e-05,13,0.01,0.45,"mean pinball over (batch, quantiles, horizon)",0.26969456672668457,"{""1e-05"": 0.29339051246643066, ""0.0001"": 0.29366645216941833, ""0.001"": 0.29372623562812805, ""0.01"": 0.293096125125885, ""0.1"": 0.2917124330997467, ""0.3"": 0.28835129737854004, ""1"": 0.2827116847038269, ""3"": 0.2772097587585449, ""10"": 0.27233871817588806, ""30"": 0.2701590955257416, ""45"": 0.26969456672668457, ""65"": 0.27003899216651917, ""90"": 0.271720290184021}","{""1e-05"": 0.29339051246643066, ""0.0001"": 0.29366645216941833, ""0.001"": 0.29372623562812805, ""0.01"": 0.293096125125885, ""0.1"": 0.2917124330997467, ""0.3"": 0.28835129737854004, ""1"": 0.2827116847038269, ""3"": 0.2772097587585449, ""10"": 0.27233871817588806, ""30"": 0.2701590955257416, ""45"": 0.26969456672668457, ""65"": 0.27003899216651917, ""90"": 0.271720290184021}",0.24725353717803955,0.26969457652334494,0.28692076540061534,147744,0.2818191335572086,0.9569775235597962
tirex,m5,5,L5,block_depth,True,0.4166666666666667,45.0,False,False,1e-05|0.0001|0.001|0.01|0.1|0.3|1|3|10|30|45|65|90,90.0,1e-05,13,0.01,0.45,"mean pinball over (batch, quantiles, horizon)",0.26942211389541626,"{""1e-05"": 0.29658350348472595, ""0.0001"": 0.2964779734611511, ""0.001"": 0.29677316546440125, ""0.01"": 0.2965661585330963, ""0.1"": 0.2945319712162018, ""0.3"": 0.29121899604797363, ""1"": 0.2846687436103821, ""3"": 0.2778744697570801, ""10"": 0.27280333638191223, ""30"": 0.2698674499988556, ""45"": 0.26942211389541626, ""65"": 0.26946577429771423, ""90"": 0.27005141973495483}","{""1e-05"": 0.29658350348472595, ""0.0001"": 0.2964779734611511, ""0.001"": 0.29677316546440125, ""0.01"": 0.2965661585330963, ""0.1"": 0.2945319712162018, ""0.3"": 0.29121899604797363, ""1"": 0.2846687436103821, ""3"": 0.2778744697570801, ""10"": 0.27280333638191223, ""30"": 0.2698674499988556, ""45"": 0.26942211389541626, ""65"": 0.26946577429771423, ""90"": 0.27005141973495483}",0.24569164216518402,0.26942212792923886,0.2868979520356382,147744,0.2818191335572086,0.9560107737487838
tirex,m5,6,L6,block_depth,True,0.5,65.0,False,False,1e-05|0.0001|0.001|0.01|0.1|0.3|1|3|10|30|45|65|90,90.0,1e-05,13,0.01,0.65,"mean pinball over (batch, quantiles, horizon)",0.26877832412719727,"{""1e-05"": 0.29754820466041565, ""0.0001"": 0.2974981367588043, ""0.001"": 0.29754316806793213, ""0.01"": 0.29715222120285034, ""0.1"": 0.2955092191696167, ""0.3"": 0.2919822633266449, ""1"": 0.2852485775947571, ""3"": 0.2780895233154297, ""10"": 0.2719692885875702, ""30"": 0.26927703619003296, ""45"": 0.26907584071159363, ""65"": 0.26877832412719727, ""90"": 0.2694327235221863}","{""1e-05"": 0.29754820466041565, ""0.0001"": 0.2974981367588043, ""0.001"": 0.29754316806793213, ""0.01"": 0.29715222120285034, ""0.1"": 0.2955092191696167, ""0.3"": 0.2919822633266449, ""1"": 0.2852485775947571, ""3"": 0.2780895233154297, ""10"": 0.2719692885875702, ""30"": 0.26927703619003296, ""45"": 0.26907584071159363, ""65"": 0.26877832412719727, ""90"": 0.2694327235221863}",0.24837228655815125,0.2687783431091154,0.28720359632190856,147744,0.2818191335572086,0.9537263837146602
tirex,m5,7,L7,block_depth,True,0.5833333333333334,65.0,False,False,1e-05|0.0001|0.001|0.01|0.1|0.3|1|3|10|30|45|65|90,90.0,1e-05,13,0.01,0.65,"mean pinball over (batch, quantiles, horizon)",0.26812878251075745,"{""1e-05"": 0.29839926958084106, ""0.0001"": 0.298387348651886, ""0.001"": 0.29828158020973206, ""0.01"": 0.2980991303920746, ""0.1"": 0.2961460053920746, ""0.3"": 0.2926639914512634, ""1"": 0.2855249047279358, ""3"": 0.278494268655777, ""10"": 0.27157965302467346, ""30"": 0.26847749948501587, ""45"": 0.26819634437561035, ""65"": 0.26812878251075745, ""90"": 0.2688034772872925}","{""1e-05"": 0.29839926958084106, ""0.0001"": 0.298387348651886, ""0.001"": 0.29828158020973206, ""0.01"": 0.2980991303920746, ""0.1"": 0.2961460053920746, ""0.3"": 0.2926639914512634, ""1"": 0.2855249047279358, ""3"": 0.278494268655777, ""10"": 0.27157965302467346, ""30"": 0.26847749948501587, ""45"": 0.26819634437561035, ""65"": 0.26812878251075745, ""90"": 0.2688034772872925}",0.24764010310173035,0.26812877338237434,0.2866843668672875,147744,0.2818191335572086,0.9514214666618611
tirex,m5,8,L8,block_depth,True,0.6666666666666666,45.0,False,False,1e-05|0.0001|0.001|0.01|0.1|0.3|1|3|10|30|45|65|90,90.0,1e-05,13,0.01,0.45,"mean pinball over (batch, quantiles, horizon)",0.2679297924041748,"{""1e-05"": 0.29692575335502625, ""0.0001"": 0.2970775067806244, ""0.001"": 0.29690679907798767, ""0.01"": 0.29678866267204285, ""0.1"": 0.29475581645965576, ""0.3"": 0.2917662262916565, ""1"": 0.2845401167869568, ""3"": 0.27712005376815796, ""10"": 0.2712414860725403, ""30"": 0.26820018887519836, ""45"": 0.2679297924041748, ""65"": 0.2679383456707001, ""90"": 0.26873475313186646}","{""1e-05"": 0.29692575335502625, ""0.0001"": 0.2970775067806244, ""0.001"": 0.29690679907798767, ""0.01"": 0.29678866267204285, ""0.1"": 0.29475581645965576, ""0.3"": 0.2917662262916565, ""1"": 0.2845401167869568, ""3"": 0.27712005376815796, ""10"": 0.2712414860725403, ""30"": 0.26820018887519836, ""45"": 0.2679297924041748, ""65"": 0.2679383456707001, ""90"": 0.26873475313186646}",0.24519819021224976,0.2679297786689442,0.2854002314754797,147744,0.2818191335572086,0.9507153587730234
tirex,m5,9,L9,block_depth,True,0.75,45.0,False,False,1e-05|0.0001|0.001|0.01|0.1|0.3|1|3|10|30|45|65|90,90.0,1e-05,13,0.01,0.45,"mean pinball over (batch, quantiles, horizon)",0.26748234033584595,"{""1e-05"": 0.29706117510795593, ""0.0001"": 0.2968336343765259, ""0.001"": 0.29706457257270813, ""0.01"": 0.2962948679924011, ""0.1"": 0.2942923605442047, ""0.3"": 0.2909035384654999, ""1"": 0.28361940383911133, ""3"": 0.2763218283653259, ""10"": 0.270648330450058, ""30"": 0.26828330755233765, ""45"": 0.26748234033584595, ""65"": 0.2676957845687866, ""90"": 0.26833078265190125}","{""1e-05"": 0.29706117510795593, ""0.0001"": 0.2968336343765259, ""0.001"": 0.29706457257270813, ""0.01"": 0.2962948679924011, ""0.1"": 0.2942923605442047, ""0.3"": 0.2909035384654999, ""1"": 0.28361940383911133, ""3"": 0.2763218283653259, ""10"": 0.270648330450058, ""30"": 0.26828330755233765, ""45"": 0.26748234033584595, ""65"": 0.2676957845687866, ""90"": 0.26833078265190125}",0.24497327208518982,0.2674823357076704,0.28464319773075236,147744,0.2818191335572086,0.9491276633045644
tirex,m5,10,L10,block_depth,True,0.8333333333333334,65.0,False,False,1e-05|0.0001|0.001|0.01|0.1|0.3|1|3|10|30|45|65|90,90.0,1e-05,13,0.01,0.65,"mean pinball over (batch, quantiles, horizon)",0.26744839549064636,"{""1e-05"": 0.2956770360469818, ""0.0001"": 0.29502275586128235, ""0.001"": 0.2951164245605469, ""0.01"": 0.295214980840683, ""0.1"": 0.2930665612220764, ""0.3"": 0.28984299302101135, ""1"": 0.28231069445610046, ""3"": 0.2754545211791992, ""10"": 0.2703736126422882, ""30"": 0.26768219470977783, ""45"": 0.26769280433654785, ""65"": 0.26744839549064636, ""90"": 0.26839175820350647}","{""1e-05"": 0.2956770360469818, ""0.0001"": 0.29502275586128235, ""0.001"": 0.2951164245605469, ""0.01"": 0.295214980840683, ""0.1"": 0.2930665612220764, ""0.3"": 0.28984299302101135, ""1"": 0.28231069445610046, ""3"": 0.2754545211791992, ""10"": 0.2703736126422882, ""30"": 0.26768219470977783, ""45"": 0.26769280433654785, ""65"": 0.26744839549064636, ""90"": 0.26839175820350647}",0.2474612593650818,0.26744837899699464,0.28437103860023366,147744,0.2818191335572086,0.9490071721574691
tirex,m5,11,L11,block_depth,True,0.9166666666666666,45.0,False,False,1e-05|0.0001|0.001|0.01|0.1|0.3|1|3|10|30|45|65|90,90.0,1e-05,13,0.01,0.45,"mean pinball over (batch, quantiles, horizon)",0.26822835206985474,"{""1e-05"": 0.2917470633983612, ""0.0001"": 0.2911779582500458, ""0.001"": 0.29191866517066956, ""0.01"": 0.2912674844264984, ""0.1"": 0.28982171416282654, ""0.3"": 0.28572192788124084, ""1"": 0.2794143259525299, ""3"": 0.2740512192249298, ""10"": 0.27022409439086914, ""30"": 0.2690719664096832, ""45"": 0.26822835206985474, ""65"": 0.26888030767440796, ""90"": 0.269459068775177}","{""1e-05"": 0.2917470633983612, ""0.0001"": 0.2911779582500458, ""0.001"": 0.29191866517066956, ""0.01"": 0.2912674844264984, ""0.1"": 0.28982171416282654, ""0.3"": 0.28572192788124084, ""1"": 0.2794143259525299, ""3"": 0.2740512192249298, ""10"": 0.27022409439086914, ""30"": 0.2690719664096832, ""45"": 0.26822835206985474, ""65"": 0.26888030767440796, ""90"": 0.269459068775177}",0.24810974299907684,0.2682283264478199,0.28502457361412414,147744,0.2818191335572086,0.9517747182817529
tirex,m5,12,L12,block_depth,True,1.0,45.0,False,False,1e-05|0.0001|0.001|0.01|0.1|0.3|1|3|10|30|45|65|90,90.0,1e-05,13,0.01,0.45,"mean pinball over (batch, quantiles, horizon)",0.2712539732456207,"{""1e-05"": 0.286052942276001, ""0.0001"": 0.28546610474586487, ""0.001"": 0.2852626442909241, ""0.01"": 0.2856568396091461, ""0.1"": 0.2842563986778259, ""0.3"": 0.2822749614715576, ""1"": 0.2791620194911957, ""3"": 0.276563435792923, ""10"": 0.27464351058006287, ""30"": 0.27181532979011536, ""45"": 0.2712539732456207, ""65"": 0.2718713581562042, ""90"": 0.2723219096660614}","{""1e-05"": 0.286052942276001, ""0.0001"": 0.28546610474586487, ""0.001"": 0.2852626442909241, ""0.01"": 0.2856568396091461, ""0.1"": 0.2842563986778259, ""0.3"": 0.2822749614715576, ""1"": 0.2791620194911957, ""3"": 0.276563435792923, ""10"": 0.27464351058006287, ""30"": 0.27181532979011536, ""45"": 0.2712539732456207, ""65"": 0.2718713581562042, ""90"": 0.2723219096660614}",0.25327616930007935,0.27125396036351,0.2882505928144883,147744,0.2818191335572086,0.9625108023705072
tirex,m5,13,L12+RMS,head_input_diagnostic,False,,30.0,False,False,1e-05|0.0001|0.001|0.01|0.1|0.3|1|3|10|30|45|65|90,90.0,1e-05,13,0.01,0.3,"mean pinball over (batch, quantiles, horizon)",0.26905035972595215,"{""1e-05"": 0.28554943203926086, ""0.0001"": 0.28549709916114807, ""0.001"": 0.28668302297592163, ""0.01"": 0.2860511243343353, ""0.1"": 0.28436264395713806, ""0.3"": 0.2815448045730591, ""1"": 0.27756211161613464, ""3"": 0.2738906443119049, ""10"": 0.2708336412906647, ""30"": 0.26905035972595215, ""45"": 0.2691117823123932, ""65"": 0.2696573734283447, ""90"": 0.2696656286716461}","{""1e-05"": 0.28554943203926086, ""0.0001"": 0.28549709916114807, ""0.001"": 0.28668302297592163, ""0.01"": 0.2860511243343353, ""0.1"": 0.28436264395713806, ""0.3"": 0.2815448045730591, ""1"": 0.27756211161613464, ""3"": 0.2738906443119049, ""10"": 0.2708336412906647, ""30"": 0.26905035972595215, ""45"": 0.2691117823123932, ""65"": 0.2696573734283447, ""90"": 0.2696656286716461}",0.24729380011558533,0.26905036722629805,0.2825852604085253,147744,0.2818191335572086,0.9546916273223212
tirex,wiki_daily_100k,0,Emb,block_depth,True,0.0,3.0,False,False,1e-05|0.0001|0.001|0.01|0.1|0.3|1|3|10|30|45|65|90,90.0,1e-05,13,0.01,0.03,"mean pinball over (batch, quantiles, horizon)",0.2753898501396179,"{""1e-05"": 0.2767731547355652, ""0.0001"": 0.27685490250587463, ""0.001"": 0.27694040536880493, ""0.01"": 0.2768382728099823, ""0.1"": 0.2765413522720337, ""0.3"": 0.2762673795223236, ""1"": 0.27574682235717773, ""3"": 0.2753898501396179, ""10"": 0.27552324533462524, ""30"": 0.2755882740020752, ""45"": 0.27583497762680054, ""65"": 0.27621445059776306, ""90"": 0.2771473526954651}","{""1e-05"": 0.2767731547355652, ""0.0001"": 0.27685490250587463, ""0.001"": 0.27694040536880493, ""0.01"": 0.2768382728099823, ""0.1"": 0.2765413522720337, ""0.3"": 0.2762673795223236, ""1"": 0.27574682235717773, ""3"": 0.2753898501396179, ""10"": 0.27552324533462524, ""30"": 0.2755882740020752, ""45"": 0.27583497762680054, ""65"": 0.27621445059776306, ""90"": 0.2771473526954651}",0.29086679220199585,0.27538985413506284,0.2655422803412639,147744,0.29510932000538775,0.9331791152174899
tirex,wiki_daily_100k,1,L1,block_depth,True,0.08333333333333333,10.0,False,False,1e-05|0.0001|0.001|0.01|0.1|0.3|1|3|10|30|45|65|90,90.0,1e-05,13,0.01,0.1,"mean pinball over (batch, quantiles, horizon)",0.26333215832710266,"{""1e-05"": 0.2702656686306, ""0.0001"": 0.2704242169857025, ""0.001"": 0.2702278196811676, ""0.01"": 0.27028390765190125, ""0.1"": 0.2694595158100128, ""0.3"": 0.2682250738143921, ""1"": 0.2660486102104187, ""3"": 0.26438483595848083, ""10"": 0.26333215832710266, ""30"": 0.26409685611724854, ""45"": 0.2650092840194702, ""65"": 0.2665179967880249, ""90"": 0.2697362005710602}","{""1e-05"": 0.2702656686306, ""0.0001"": 0.2704242169857025, ""0.001"": 0.2702278196811676, ""0.01"": 0.27028390765190125, ""0.1"": 0.2694595158100128, ""0.3"": 0.2682250738143921, ""1"": 0.2660486102104187, ""3"": 0.26438483595848083, ""10"": 0.26333215832710266, ""30"": 0.26409685611724854, ""45"": 0.2650092840194702, ""65"": 0.2665179967880249, ""90"": 0.2697362005710602}",0.2766324579715729,0.26333215232682594,0.2549370825219587,147744,0.29510932000538775,0.8923206909291049
tirex,wiki_daily_100k,2,L2,block_depth,True,0.16666666666666666,30.0,False,False,1e-05|0.0001|0.001|0.01|0.1|0.3|1|3|10|30|45|65|90,90.0,1e-05,13,0.01,0.3,"mean pinball over (batch, quantiles, horizon)",0.26351800560951233,"{""1e-05"": 0.2766692638397217, ""0.0001"": 0.2765016257762909, ""0.001"": 0.27654314041137695, ""0.01"": 0.2765503227710724, ""0.1"": 0.27531328797340393, ""0.3"": 0.2731839716434479, ""1"": 0.2695186138153076, ""3"": 0.2662220299243927, ""10"": 0.264014333486557, ""30"": 0.26351800560951233, ""45"": 0.2643143832683563, ""65"": 0.26544758677482605, ""90"": 0.26833322644233704}","{""1e-05"": 0.2766692638397217, ""0.0001"": 0.2765016257762909, ""0.001"": 0.27654314041137695, ""0.01"": 0.2765503227710724, ""0.1"": 0.27531328797340393, ""0.3"": 0.2731839716434479, ""1"": 0.2695186138153076, ""3"": 0.2662220299243927, ""10"": 0.264014333486557, ""30"": 0.26351800560951233, ""45"": 0.2643143832683563, ""65"": 0.26544758677482605, ""90"": 0.26833322644233704}",0.2776147127151489,0.2635180105860452,0.2531246044708572,147744,0.29510932000538775,0.8929504855395085
tirex,wiki_daily_100k,3,L3,block_depth,True,0.25,45.0,False,False,1e-05|0.0001|0.001|0.01|0.1|0.3|1|3|10|30|45|65|90,90.0,1e-05,13,0.01,0.45,"mean pinball over (batch, quantiles, horizon)",0.2641412019729614,"{""1e-05"": 0.28075847029685974, ""0.0001"": 0.2807689607143402, ""0.001"": 0.28062674403190613, ""0.01"": 0.2804658114910126, ""0.1"": 0.27928221225738525, ""0.3"": 0.2770272493362427, ""1"": 0.2724676728248596, ""3"": 0.2684803307056427, ""10"": 0.2651647925376892, ""30"": 0.26418018341064453, ""45"": 0.2641412019729614, ""65"": 0.2652868926525116, ""90"": 0.26760226488113403}","{""1e-05"": 0.28075847029685974, ""0.0001"": 0.2807689607143402, ""0.001"": 0.28062674403190613, ""0.01"": 0.2804658114910126, ""0.1"": 0.27928221225738525, ""0.3"": 0.2770272493362427, ""1"": 0.2724676728248596, ""3"": 0.2684803307056427, ""10"": 0.2651647925376892, ""30"": 0.26418018341064453, ""45"": 0.2641412019729614, ""65"": 0.2652868926525116, ""90"": 0.26760226488113403}",0.27869105339050293,0.264141203117564,0.2526581041969871,147744,0.29510932000538775,0.8950622200367702
tirex,wiki_daily_100k,4,L4,block_depth,True,0.3333333333333333,45.0,False,False,1e-05|0.0001|0.001|0.01|0.1|0.3|1|3|10|30|45|65|90,90.0,1e-05,13,0.01,0.45,"mean pinball over (batch, quantiles, horizon)",0.26333123445510864,"{""1e-05"": 0.28499504923820496, ""0.0001"": 0.285173237323761, ""0.001"": 0.2851482629776001, ""0.01"": 0.2848094403743744, ""0.1"": 0.28336259722709656, ""0.3"": 0.28068551421165466, ""1"": 0.2752148509025574, ""3"": 0.26964882016181946, ""10"": 0.26550593972206116, ""30"": 0.2635955810546875, ""45"": 0.26333123445510864, ""65"": 0.26436856389045715, ""90"": 0.26629960536956787}","{""1e-05"": 0.28499504923820496, ""0.0001"": 0.285173237323761, ""0.001"": 0.2851482629776001, ""0.01"": 0.2848094403743744, ""0.1"": 0.28336259722709656, ""0.3"": 0.28068551421165466, ""1"": 0.2752148509025574, ""3"": 0.26964882016181946, ""10"": 0.26550593972206116, ""30"": 0.2635955810546875, ""45"": 0.26333123445510864, ""65"": 0.26436856389045715, ""90"": 0.26629960536956787}",0.2769854962825775,0.2633312254120375,0.2534281676564053,147744,0.29510932000538775,0.8923175500090269
tirex,wiki_daily_100k,5,L5,block_depth,True,0.4166666666666667,30.0,False,False,1e-05|0.0001|0.001|0.01|0.1|0.3|1|3|10|30|45|65|90,90.0,1e-05,13,0.01,0.3,"mean pinball over (batch, quantiles, horizon)",0.2623497247695923,"{""1e-05"": 0.28626617789268494, ""0.0001"": 0.2861533463001251, ""0.001"": 0.2862164080142975, ""0.01"": 0.28607386350631714, ""0.1"": 0.28446725010871887, ""0.3"": 0.281931072473526, ""1"": 0.2761686444282532, ""3"": 0.26994916796684265, ""10"": 0.26476889848709106, ""30"": 0.2623497247695923, ""45"": 0.2625620663166046, ""65"": 0.2634143531322479, ""90"": 0.2652507722377777}","{""1e-05"": 0.28626617789268494, ""0.0001"": 0.2861533463001251, ""0.001"": 0.2862164080142975, ""0.01"": 0.28607386350631714, ""0.1"": 0.28446725010871887, ""0.3"": 0.281931072473526, ""1"": 0.2761686444282532, ""3"": 0.26994916796684265, ""10"": 0.26476889848709106, ""30"": 0.2623497247695923, ""45"": 0.2625620663166046, ""65"": 0.2634143531322479, ""90"": 0.2652507722377777}",0.2712027132511139,0.26234973803560696,0.2519460910689512,147744,0.29510932000538775,0.8889917066354166
tirex,wiki_daily_100k,6,L6,block_depth,True,0.5,45.0,False,False,1e-05|0.0001|0.001|0.01|0.1|0.3|1|3|10|30|45|65|90,90.0,1e-05,13,0.01,0.45,"mean pinball over (batch, quantiles, horizon)",0.2617782950401306,"{""1e-05"": 0.2881767451763153, ""0.0001"": 0.288176566362381, ""0.001"": 0.2882234454154968, ""0.01"": 0.2881333827972412, ""0.1"": 0.2864696979522705, ""0.3"": 0.28344812989234924, ""1"": 0.277346134185791, ""3"": 0.27074310183525085, ""10"": 0.2647024095058441, ""30"": 0.2619113028049469, ""45"": 0.2617782950401306, ""65"": 0.26247653365135193, ""90"": 0.26389944553375244}","{""1e-05"": 0.2881767451763153, ""0.0001"": 0.288176566362381, ""0.001"": 0.2882234454154968, ""0.01"": 0.2881333827972412, ""0.1"": 0.2864696979522705, ""0.3"": 0.28344812989234924, ""1"": 0.277346134185791, ""3"": 0.27074310183525085, ""10"": 0.2647024095058441, ""30"": 0.2619113028049469, ""45"": 0.2617782950401306, ""65"": 0.26247653365135193, ""90"": 0.26389944553375244}",0.27370980381965637,0.2617782735557274,0.2506569963204497,147744,0.29510932000538775,0.8870552565095138
tirex,wiki_daily_100k,7,L7,block_depth,True,0.5833333333333334,45.0,False,False,1e-05|0.0001|0.001|0.01|0.1|0.3|1|3|10|30|45|65|90,90.0,1e-05,13,0.01,0.45,"mean pinball over (batch, quantiles, horizon)",0.26098451018333435,"{""1e-05"": 0.28935518860816956, ""0.0001"": 0.2892279028892517, ""0.001"": 0.28895285725593567, ""0.01"": 0.288745254278183, ""0.1"": 0.28692322969436646, ""0.3"": 0.28383222222328186, ""1"": 0.2769518196582794, ""3"": 0.26991209387779236, ""10"": 0.2638694941997528, ""30"": 0.26100748777389526, ""45"": 0.26098451018333435, ""65"": 0.2616046667098999, ""90"": 0.2632998526096344}","{""1e-05"": 0.28935518860816956, ""0.0001"": 0.2892279028892517, ""0.001"": 0.28895285725593567, ""0.01"": 0.288745254278183, ""0.1"": 0.28692322969436646, ""0.3"": 0.28383222222328186, ""1"": 0.2769518196582794, ""3"": 0.26991209387779236, ""10"": 0.2638694941997528, ""30"": 0.26100748777389526, ""45"": 0.26098451018333435, ""65"": 0.2616046667098999, ""90"": 0.2632998526096344}",0.27315375208854675,0.26098450342946833,0.2496451144639886,147744,0.29510932000538775,0.8843655070761696
tirex,wiki_daily_100k,8,L8,block_depth,True,0.6666666666666666,30.0,False,False,1e-05|0.0001|0.001|0.01|0.1|0.3|1|3|10|30|45|65|90,90.0,1e-05,13,0.01,0.3,"mean pinball over (batch, quantiles, horizon)",0.25804778933525085,"{""1e-05"": 0.2865733504295349, ""0.0001"": 0.2865370810031891, ""0.001"": 0.2865760624408722, ""0.01"": 0.28632813692092896, ""0.1"": 0.2845466732978821, ""0.3"": 0.281136691570282, ""1"": 0.27399197220802307, ""3"": 0.2667681872844696, ""10"": 0.2607705593109131, ""30"": 0.25804778933525085, ""45"": 0.25816628336906433, ""65"": 0.2585873305797577, ""90"": 0.2601358890533447}","{""1e-05"": 0.2865733504295349, ""0.0001"": 0.2865370810031891, ""0.001"": 0.2865760624408722, ""0.01"": 0.28632813692092896, ""0.1"": 0.2845466732978821, ""0.3"": 0.281136691570282, ""1"": 0.27399197220802307, ""3"": 0.2667681872844696, ""10"": 0.2607705593109131, ""30"": 0.25804778933525085, ""45"": 0.25816628336906433, ""65"": 0.2585873305797577, ""90"": 0.2601358890533447}",0.2675032615661621,0.2580477944397517,0.24791748417925288,147744,0.29510932000538775,0.8744142490485917
tirex,wiki_daily_100k,9,L9,block_depth,True,0.75,30.0,False,False,1e-05|0.0001|0.001|0.01|0.1|0.3|1|3|10|30|45|65|90,90.0,1e-05,13,0.01,0.3,"mean pinball over (batch, quantiles, horizon)",0.2579127252101898,"{""1e-05"": 0.28510722517967224, ""0.0001"": 0.28489574790000916, ""0.001"": 0.2849637269973755, ""0.01"": 0.28473520278930664, ""0.1"": 0.28287145495414734, ""0.3"": 0.2795259654521942, ""1"": 0.27256518602371216, ""3"": 0.2658688426017761, ""10"": 0.2603440582752228, ""30"": 0.2579127252101898, ""45"": 0.2580534815788269, ""65"": 0.258451372385025, ""90"": 0.2599376142024994}","{""1e-05"": 0.28510722517967224, ""0.0001"": 0.28489574790000916, ""0.001"": 0.2849637269973755, ""0.01"": 0.28473520278930664, ""0.1"": 0.28287145495414734, ""0.3"": 0.2795259654521942, ""1"": 0.27256518602371216, ""3"": 0.2658688426017761, ""10"": 0.2603440582752228, ""30"": 0.2579127252101898, ""45"": 0.2580534815788269, ""65"": 0.258451372385025, ""90"": 0.2599376142024994}",0.26693296432495117,0.2579127234897313,0.24631331468583972,147744,0.29510932000538775,0.8739565510334362
tirex,wiki_daily_100k,10,L10,block_depth,True,0.8333333333333334,45.0,False,False,1e-05|0.0001|0.001|0.01|0.1|0.3|1|3|10|30|45|65|90,90.0,1e-05,13,0.01,0.45,"mean pinball over (batch, quantiles, horizon)",0.2573434114456177,"{""1e-05"": 0.28353992104530334, ""0.0001"": 0.28365015983581543, ""0.001"": 0.28367188572883606, ""0.01"": 0.28330448269844055, ""0.1"": 0.281559556722641, ""0.3"": 0.27814456820487976, ""1"": 0.27152660489082336, ""3"": 0.26519718766212463, ""10"": 0.2599123418331146, ""30"": 0.25762316584587097, ""45"": 0.2573434114456177, ""65"": 0.25771889090538025, ""90"": 0.259171724319458}","{""1e-05"": 0.28353992104530334, ""0.0001"": 0.28365015983581543, ""0.001"": 0.28367188572883606, ""0.01"": 0.28330448269844055, ""0.1"": 0.281559556722641, ""0.3"": 0.27814456820487976, ""1"": 0.27152660489082336, ""3"": 0.26519718766212463, ""10"": 0.2599123418331146, ""30"": 0.25762316584587097, ""45"": 0.2573434114456177, ""65"": 0.25771889090538025, ""90"": 0.259171724319458}",0.26878419518470764,0.25734339198026496,0.2450046190522782,147744,0.29510932000538775,0.8720273286372884
tirex,wiki_daily_100k,11,L11,block_depth,True,0.9166666666666666,30.0,False,False,1e-05|0.0001|0.001|0.01|0.1|0.3|1|3|10|30|45|65|90,90.0,1e-05,13,0.01,0.3,"mean pinball over (batch, quantiles, horizon)",0.25614339113235474,"{""1e-05"": 0.2803419530391693, ""0.0001"": 0.2804586887359619, ""0.001"": 0.2802489995956421, ""0.01"": 0.280184805393219, ""0.1"": 0.2783873975276947, ""0.3"": 0.27512240409851074, ""1"": 0.2686888873577118, ""3"": 0.26260268688201904, ""10"": 0.25798681378364563, ""30"": 0.25614339113235474, ""45"": 0.2563023567199707, ""65"": 0.2569567859172821, ""90"": 0.25824594497680664}","{""1e-05"": 0.2803419530391693, ""0.0001"": 0.2804586887359619, ""0.001"": 0.2802489995956421, ""0.01"": 0.280184805393219, ""0.1"": 0.2783873975276947, ""0.3"": 0.27512240409851074, ""1"": 0.2686888873577118, ""3"": 0.26260268688201904, ""10"": 0.25798681378364563, ""30"": 0.25614339113235474, ""45"": 0.2563023567199707, ""65"": 0.2569567859172821, ""90"": 0.25824594497680664}",0.26605066657066345,0.25614341878765867,0.2422117675220921,147744,0.29510932000538775,0.8679611297365407
tirex,wiki_daily_100k,12,L12,block_depth,True,1.0,30.0,False,False,1e-05|0.0001|0.001|0.01|0.1|0.3|1|3|10|30|45|65|90,90.0,1e-05,13,0.01,0.3,"mean pinball over (batch, quantiles, horizon)",0.25573602318763733,"{""1e-05"": 0.2776351571083069, ""0.0001"": 0.27750200033187866, ""0.001"": 0.2774302661418915, ""0.01"": 0.2773849666118622, ""0.1"": 0.27554047107696533, ""0.3"": 0.2726290822029114, ""1"": 0.26654812693595886, ""3"": 0.2612001299858093, ""10"": 0.2573743760585785, ""30"": 0.25573602318763733, ""45"": 0.2557569146156311, ""65"": 0.2562335133552551, ""90"": 0.25705593824386597}","{""1e-05"": 0.2776351571083069, ""0.0001"": 0.27750200033187866, ""0.001"": 0.2774302661418915, ""0.01"": 0.2773849666118622, ""0.1"": 0.27554047107696533, ""0.3"": 0.2726290822029114, ""1"": 0.26654812693595886, ""3"": 0.2612001299858093, ""10"": 0.2573743760585785, ""30"": 0.25573602318763733, ""45"": 0.2557569146156311, ""65"": 0.2562335133552551, ""90"": 0.25705593824386597}",0.267022043466568,0.2557360143151902,0.2416381415207195,147744,0.29510932000538775,0.8665806092146506
tirex,wiki_daily_100k,13,L12+RMS,head_input_diagnostic,False,,45.0,False,False,1e-05|0.0001|0.001|0.01|0.1|0.3|1|3|10|30|45|65|90,90.0,1e-05,13,0.01,0.45,"mean pinball over (batch, quantiles, horizon)",0.2528913617134094,"{""1e-05"": 0.2759728729724884, ""0.0001"": 0.2762816250324249, ""0.001"": 0.2758505940437317, ""0.01"": 0.27595916390419006, ""0.1"": 0.2742149233818054, ""0.3"": 0.2712319493293762, ""1"": 0.2652181386947632, ""3"": 0.2594898045063019, ""10"": 0.25529944896698, ""30"": 0.25323858857154846, ""45"": 0.2528913617134094, ""65"": 0.2531431317329407, ""90"": 0.25458452105522156}","{""1e-05"": 0.2759728729724884, ""0.0001"": 0.2762816250324249, ""0.001"": 0.2758505940437317, ""0.01"": 0.27595916390419006, ""0.1"": 0.2742149233818054, ""0.3"": 0.2712319493293762, ""1"": 0.2652181386947632, ""3"": 0.2594898045063019, ""10"": 0.25529944896698, ""30"": 0.25323858857154846, ""45"": 0.2528913617134094, ""65"": 0.2531431317329407, ""90"": 0.25458452105522156}",0.265929251909256,0.25289135247127703,0.23866496424240466,147744,0.29510932000538775,0.85694125982419
tirex,monash_traffic,0,Emb,block_depth,True,0.0,0.01,False,False,1e-05|0.0001|0.001|0.01|0.1|0.3|1|3|10|30|45|65|90,90.0,1e-05,13,0.01,0.0001,"mean pinball over (batch, quantiles, horizon)",0.1816718876361847,"{""1e-05"": 0.183223158121109, ""0.0001"": 0.1827743798494339, ""0.001"": 0.18217192590236664, ""0.01"": 0.1816718876361847, ""0.1"": 0.18206870555877686, ""0.3"": 0.1832657754421234, ""1"": 0.18189845979213715, ""3"": 0.18369562923908234, ""10"": 0.18290375173091888, ""30"": 0.18490369617938995, ""45"": 0.1854138821363449, ""65"": 0.18717575073242188, ""90"": 0.18957017362117767}","{""1e-05"": 0.183223158121109, ""0.0001"": 0.1827743798494339, ""0.001"": 0.18217192590236664, ""0.01"": 0.1816718876361847, ""0.1"": 0.18206870555877686, ""0.3"": 0.1832657754421234, ""1"": 0.18189845979213715, ""3"": 0.18369562923908234, ""10"": 0.18290375173091888, ""30"": 0.18490369617938995, ""45"": 0.1854138821363449, ""65"": 0.18717575073242188, ""90"": 0.18957017362117767}",0.21488824486732483,0.18167190464170835,0.16594994622673698,147744,0.22971419119880399,0.7908606067984808
tirex,monash_traffic,1,L1,block_depth,True,0.08333333333333333,0.001,False,False,1e-05|0.0001|0.001|0.01|0.1|0.3|1|3|10|30|45|65|90,90.0,1e-05,13,0.01,1e-05,"mean pinball over (batch, quantiles, horizon)",0.14152655005455017,"{""1e-05"": 0.14274021983146667, ""0.0001"": 0.14265310764312744, ""0.001"": 0.14152655005455017, ""0.01"": 0.14250700175762177, ""0.1"": 0.14181391894817352, ""0.3"": 0.14268870651721954, ""1"": 0.14379432797431946, ""3"": 0.1493280529975891, ""10"": 0.15610279142856598, ""30"": 0.16518209874629974, ""45"": 0.169040247797966, ""65"": 0.1735241711139679, ""90"": 0.17778649926185608}","{""1e-05"": 0.14274021983146667, ""0.0001"": 0.14265310764312744, ""0.001"": 0.14152655005455017, ""0.01"": 0.14250700175762177, ""0.1"": 0.14181391894817352, ""0.3"": 0.14268870651721954, ""1"": 0.14379432797431946, ""3"": 0.1493280529975891, ""10"": 0.15610279142856598, ""30"": 0.16518209874629974, ""45"": 0.169040247797966, ""65"": 0.1735241711139679, ""90"": 0.17778649926185608}",0.13916327059268951,0.14152655215891263,0.1354837481870906,147744,0.22971419119880399,0.6160984283135986
tirex,monash_traffic,2,L2,block_depth,True,0.16666666666666666,1.0,False,False,1e-05|0.0001|0.001|0.01|0.1|0.3|1|3|10|30|45|65|90,90.0,1e-05,13,0.01,0.01,"mean pinball over (batch, quantiles, horizon)",0.12665940821170807,"{""1e-05"": 0.13014106452465057, ""0.0001"": 0.13005495071411133, ""0.001"": 0.1305747926235199, ""0.01"": 0.12987883388996124, ""0.1"": 0.12909139692783356, ""0.3"": 0.1277487725019455, ""1"": 0.12665940821170807, ""3"": 0.12793299555778503, ""10"": 0.13077378273010254, ""30"": 0.13878169655799866, ""45"": 0.14480312168598175, ""65"": 0.1528881937265396, ""90"": 0.1650421917438507}","{""1e-05"": 0.13014106452465057, ""0.0001"": 0.13005495071411133, ""0.001"": 0.1305747926235199, ""0.01"": 0.12987883388996124, ""0.1"": 0.12909139692783356, ""0.3"": 0.1277487725019455, ""1"": 0.12665940821170807, ""3"": 0.12793299555778503, ""10"": 0.13077378273010254, ""30"": 0.13878169655799866, ""45"": 0.14480312168598175, ""65"": 0.1528881937265396, ""90"": 0.1650421917438507}",0.1275787055492401,0.12665940461438577,0.12910196449579173,147744,0.22971419119880399,0.5513782320255939
tirex,monash_traffic,3,L3,block_depth,True,0.25,3.0,False,False,1e-05|0.0001|0.001|0.01|0.1|0.3|1|3|10|30|45|65|90,90.0,1e-05,13,0.01,0.03,"mean pinball over (batch, quantiles, horizon)",0.12987054884433746,"{""1e-05"": 0.14010310173034668, ""0.0001"": 0.13920900225639343, ""0.001"": 0.13948743045330048, ""0.01"": 0.1393311470746994, ""0.1"": 0.1388368159532547, ""0.3"": 0.13522668182849884, ""1"": 0.13299664855003357, ""3"": 0.12987054884433746, ""10"": 0.13072367012500763, ""30"": 0.13468903303146362, ""45"": 0.13943961262702942, ""65"": 0.1461496651172638, ""90"": 0.15598730742931366}","{""1e-05"": 0.14010310173034668, ""0.0001"": 0.13920900225639343, ""0.001"": 0.13948743045330048, ""0.01"": 0.1393311470746994, ""0.1"": 0.1388368159532547, ""0.3"": 0.13522668182849884, ""1"": 0.13299664855003357, ""3"": 0.12987054884433746, ""10"": 0.13072367012500763, ""30"": 0.13468903303146362, ""45"": 0.13943961262702942, ""65"": 0.1461496651172638, ""90"": 0.15598730742931366}",0.1268894523382187,0.12987054952683338,0.12467380206434782,147744,0.22971419119880399,0.5653571024457873
tirex,monash_traffic,4,L4,block_depth,True,0.3333333333333333,10.0,False,False,1e-05|0.0001|0.001|0.01|0.1|0.3|1|3|10|30|45|65|90,90.0,1e-05,13,0.01,0.1,"mean pinball over (batch, quantiles, horizon)",0.1304425150156021,"{""1e-05"": 0.14796248078346252, ""0.0001"": 0.1480560451745987, ""0.001"": 0.14871402084827423, ""0.01"": 0.14779208600521088, ""0.1"": 0.14624564349651337, ""0.3"": 0.14200681447982788, ""1"": 0.13544976711273193, ""3"": 0.13123203814029694, ""10"": 0.1304425150156021, ""30"": 0.13482046127319336, ""45"": 0.13911941647529602, ""65"": 0.14477229118347168, ""90"": 0.15313264727592468}","{""1e-05"": 0.14796248078346252, ""0.0001"": 0.1480560451745987, ""0.001"": 0.14871402084827423, ""0.01"": 0.14779208600521088, ""0.1"": 0.14624564349651337, ""0.3"": 0.14200681447982788, ""1"": 0.13544976711273193, ""3"": 0.13123203814029694, ""10"": 0.1304425150156021, ""30"": 0.13482046127319336, ""45"": 0.13911941647529602, ""65"": 0.14477229118347168, ""90"": 0.15313264727592468}",0.12742581963539124,0.13044251055094122,0.12232691530166691,147744,0.22971419119880399,0.5678469835503153
tirex,monash_traffic,5,L5,block_depth,True,0.4166666666666667,10.0,False,False,1e-05|0.0001|0.001|0.01|0.1|0.3|1|3|10|30|45|65|90,90.0,1e-05,13,0.01,0.1,"mean pinball over (batch, quantiles, horizon)",0.13072703778743744,"{""1e-05"": 0.15045437216758728, ""0.0001"": 0.1507674753665924, ""0.001"": 0.15150156617164612, ""0.01"": 0.15082553029060364, ""0.1"": 0.1496659368276596, ""0.3"": 0.14549915492534637, ""1"": 0.13910560309886932, ""3"": 0.1333480328321457, ""10"": 0.13072703778743744, ""30"": 0.13316774368286133, ""45"": 0.13704049587249756, ""65"": 0.14398761093616486, ""90"": 0.15379753708839417}","{""1e-05"": 0.15045437216758728, ""0.0001"": 0.1507674753665924, ""0.001"": 0.15150156617164612, ""0.01"": 0.15082553029060364, ""0.1"": 0.1496659368276596, ""0.3"": 0.14549915492534637, ""1"": 0.13910560309886932, ""3"": 0.1333480328321457, ""10"": 0.13072703778743744, ""30"": 0.13316774368286133, ""45"": 0.13704049587249756, ""65"": 0.14398761093616486, ""90"": 0.15379753708839417}",0.12146420776844025,0.1307270393230533,0.11998690285129857,147744,0.22971419119880399,0.5690856043365505
tirex,monash_traffic,6,L6,block_depth,True,0.5,10.0,False,False,1e-05|0.0001|0.001|0.01|0.1|0.3|1|3|10|30|45|65|90,90.0,1e-05,13,0.01,0.1,"mean pinball over (batch, quantiles, horizon)",0.1398620754480362,"{""1e-05"": 0.15621083974838257, ""0.0001"": 0.15612666308879852, ""0.001"": 0.15621569752693176, ""0.01"": 0.15631170570850372, ""0.1"": 0.15464243292808533, ""0.3"": 0.15131980180740356, ""1"": 0.1462228149175644, ""3"": 0.14101874828338623, ""10"": 0.1398620754480362, ""30"": 0.14545972645282745, ""45"": 0.14887285232543945, ""65"": 0.15293489396572113, ""90"": 0.16037733852863312}","{""1e-05"": 0.15621083974838257, ""0.0001"": 0.15612666308879852, ""0.001"": 0.15621569752693176, ""0.01"": 0.15631170570850372, ""0.1"": 0.15464243292808533, ""0.3"": 0.15131980180740356, ""1"": 0.1462228149175644, ""3"": 0.14101874828338623, ""10"": 0.1398620754480362, ""30"": 0.14545972645282745, ""45"": 0.14887285232543945, ""65"": 0.15293489396572113, ""90"": 0.16037733852863312}",0.11775502562522888,0.13986207735333733,0.12107364971276002,147744,0.22971419119880399,0.608852577298087
tirex,monash_traffic,7,L7,block_depth,True,0.5833333333333334,10.0,False,False,1e-05|0.0001|0.001|0.01|0.1|0.3|1|3|10|30|45|65|90,90.0,1e-05,13,0.01,0.1,"mean pinball over (batch, quantiles, horizon)",0.13934893906116486,"{""1e-05"": 0.16010405123233795, ""0.0001"": 0.16023507714271545, ""0.001"": 0.15988172590732574, ""0.01"": 0.15972363948822021, ""0.1"": 0.15741963684558868, ""0.3"": 0.15340110659599304, ""1"": 0.14616388082504272, ""3"": 0.1415080428123474, ""10"": 0.13934893906116486, ""30"": 0.14381684362888336, ""45"": 0.14808298647403717, ""65"": 0.15387292206287384, ""90"": 0.16274484992027283}","{""1e-05"": 0.16010405123233795, ""0.0001"": 0.16023507714271545, ""0.001"": 0.15988172590732574, ""0.01"": 0.15972363948822021, ""0.1"": 0.15741963684558868, ""0.3"": 0.15340110659599304, ""1"": 0.14616388082504272, ""3"": 0.1415080428123474, ""10"": 0.13934893906116486, ""30"": 0.14381684362888336, ""45"": 0.14808298647403717, ""65"": 0.15387292206287384, ""90"": 0.16274484992027283}",0.11470696330070496,0.13934894560175087,0.11311813439633556,147744,0.22971419119880399,0.606618793878314
tirex,monash_traffic,8,L8,block_depth,True,0.6666666666666666,10.0,False,False,1e-05|0.0001|0.001|0.01|0.1|0.3|1|3|10|30|45|65|90,90.0,1e-05,13,0.01,0.1,"mean pinball over (batch, quantiles, horizon)",0.1363968849182129,"{""1e-05"": 0.16119401156902313, ""0.0001"": 0.16157852113246918, ""0.001"": 0.1615394800901413, ""0.01"": 0.16115836799144745, ""0.1"": 0.15853874385356903, ""0.3"": 0.1543753743171692, ""1"": 0.1466129720211029, ""3"": 0.14041920006275177, ""10"": 0.1363968849182129, ""30"": 0.13903506100177765, ""45"": 0.14146286249160767, ""65"": 0.14642629027366638, ""90"": 0.15421442687511444}","{""1e-05"": 0.16119401156902313, ""0.0001"": 0.16157852113246918, ""0.001"": 0.1615394800901413, ""0.01"": 0.16115836799144745, ""0.1"": 0.15853874385356903, ""0.3"": 0.1543753743171692, ""1"": 0.1466129720211029, ""3"": 0.14041920006275177, ""10"": 0.1363968849182129, ""30"": 0.13903506100177765, ""45"": 0.14146286249160767, ""65"": 0.14642629027366638, ""90"": 0.15421442687511444}",0.11123621463775635,0.13639688224510382,0.11522625153528825,147744,0.22971419119880399,0.5937677665158285
tirex,monash_traffic,9,L9,block_depth,True,0.75,10.0,False,False,1e-05|0.0001|0.001|0.01|0.1|0.3|1|3|10|30|45|65|90,90.0,1e-05,13,0.01,0.1,"mean pinball over (batch, quantiles, horizon)",0.12731128931045532,"{""1e-05"": 0.14802615344524384, ""0.0001"": 0.14721724390983582, ""0.001"": 0.14813920855522156, ""0.01"": 0.14756685495376587, ""0.1"": 0.14598143100738525, ""0.3"": 0.1422124058008194, ""1"": 0.13717861473560333, ""3"": 0.13136202096939087, ""10"": 0.12731128931045532, ""30"": 0.1297200620174408, ""45"": 0.13445158302783966, ""65"": 0.14002984762191772, ""90"": 0.14877213537693024}","{""1e-05"": 0.14802615344524384, ""0.0001"": 0.14721724390983582, ""0.001"": 0.14813920855522156, ""0.01"": 0.14756685495376587, ""0.1"": 0.14598143100738525, ""0.3"": 0.1422124058008194, ""1"": 0.13717861473560333, ""3"": 0.13136202096939087, ""10"": 0.12731128931045532, ""30"": 0.1297200620174408, ""45"": 0.13445158302783966, ""65"": 0.14002984762191772, ""90"": 0.14877213537693024}",0.10493163019418716,0.1273112848173571,0.11095602309885826,147744,0.22971419119880399,0.5542160201464295
tirex,monash_traffic,10,L10,block_depth,True,0.8333333333333334,10.0,False,False,1e-05|0.0001|0.001|0.01|0.1|0.3|1|3|10|30|45|65|90,90.0,1e-05,13,0.01,0.1,"mean pinball over (batch, quantiles, horizon)",0.12081284075975418,"{""1e-05"": 0.14444950222969055, ""0.0001"": 0.14473289251327515, ""0.001"": 0.14443379640579224, ""0.01"": 0.1439565271139145, ""0.1"": 0.14273932576179504, ""0.3"": 0.13814854621887207, ""1"": 0.13118842244148254, ""3"": 0.12480848282575607, ""10"": 0.12081284075975418, ""30"": 0.121163509786129, ""45"": 0.1257232278585434, ""65"": 0.1326465755701065, ""90"": 0.14321361482143402}","{""1e-05"": 0.14444950222969055, ""0.0001"": 0.14473289251327515, ""0.001"": 0.14443379640579224, ""0.01"": 0.1439565271139145, ""0.1"": 0.14273932576179504, ""0.3"": 0.13814854621887207, ""1"": 0.13118842244148254, ""3"": 0.12480848282575607, ""10"": 0.12081284075975418, ""30"": 0.121163509786129, ""45"": 0.1257232278585434, ""65"": 0.1326465755701065, ""90"": 0.14321361482143402}",0.09746059775352478,0.12081284246599401,0.10920617046929498,147744,0.22971419119880399,0.5259267694151193
tirex,monash_traffic,11,L11,block_depth,True,0.9166666666666666,10.0,False,False,1e-05|0.0001|0.001|0.01|0.1|0.3|1|3|10|30|45|65|90,90.0,1e-05,13,0.01,0.1,"mean pinball over (batch, quantiles, horizon)",0.11076962202787399,"{""1e-05"": 0.13029766082763672, ""0.0001"": 0.12977005541324615, ""0.001"": 0.1298079490661621, ""0.01"": 0.12980592250823975, ""0.1"": 0.12804721295833588, ""0.3"": 0.12423644959926605, ""1"": 0.11902543902397156, ""3"": 0.1135031208395958, ""10"": 0.11076962202787399, ""30"": 0.11172125488519669, ""45"": 0.11441697180271149, ""65"": 0.11895745247602463, ""90"": 0.12656152248382568}","{""1e-05"": 0.13029766082763672, ""0.0001"": 0.12977005541324615, ""0.001"": 0.1298079490661621, ""0.01"": 0.12980592250823975, ""0.1"": 0.12804721295833588, ""0.3"": 0.12423644959926605, ""1"": 0.11902543902397156, ""3"": 0.1135031208395958, ""10"": 0.11076962202787399, ""30"": 0.11172125488519669, ""45"": 0.11441697180271149, ""65"": 0.11895745247602463, ""90"": 0.12656152248382568}",0.09103327989578247,0.11076961164824835,0.09942278010017089,147744,0.22971419119880399,0.48220621925958346
tirex,monash_traffic,12,L12,block_depth,True,1.0,30.0,False,False,1e-05|0.0001|0.001|0.01|0.1|0.3|1|3|10|30|45|65|90,90.0,1e-05,13,0.01,0.3,"mean pinball over (batch, quantiles, horizon)",0.10341688990592957,"{""1e-05"": 0.12361270934343338, ""0.0001"": 0.12332829087972641, ""0.001"": 0.12322485446929932, ""0.01"": 0.12361267954111099, ""0.1"": 0.12137871235609055, ""0.3"": 0.11910708248615265, ""1"": 0.11377408355474472, ""3"": 0.10807634890079498, ""10"": 0.10353826731443405, ""30"": 0.10341688990592957, ""45"": 0.10523783415555954, ""65"": 0.10872092843055725, ""90"": 0.11440516263246536}","{""1e-05"": 0.12361270934343338, ""0.0001"": 0.12332829087972641, ""0.001"": 0.12322485446929932, ""0.01"": 0.12361267954111099, ""0.1"": 0.12137871235609055, ""0.3"": 0.11910708248615265, ""1"": 0.11377408355474472, ""3"": 0.10807634890079498, ""10"": 0.10353826731443405, ""30"": 0.10341688990592957, ""45"": 0.10523783415555954, ""65"": 0.10872092843055725, ""90"": 0.11440516263246536}",0.09347601979970932,0.10341688495783405,0.09866984455867578,147744,0.22971419119880399,0.45019806751221947
tirex,monash_traffic,13,L12+RMS,head_input_diagnostic,False,,10.0,False,False,1e-05|0.0001|0.001|0.01|0.1|0.3|1|3|10|30|45|65|90,90.0,1e-05,13,0.01,0.1,"mean pinball over (batch, quantiles, horizon)",0.09958817064762115,"{""1e-05"": 0.1116076335310936, ""0.0001"": 0.11196720600128174, ""0.001"": 0.11155916750431061, ""0.01"": 0.11133253574371338, ""0.1"": 0.11010599881410599, ""0.3"": 0.10827157646417618, ""1"": 0.10444716364145279, ""3"": 0.10114726424217224, ""10"": 0.09958817064762115, ""30"": 0.10207758098840714, ""45"": 0.10455738753080368, ""65"": 0.10831610858440399, ""90"": 0.11481773853302002}","{""1e-05"": 0.1116076335310936, ""0.0001"": 0.11196720600128174, ""0.001"": 0.11155916750431061, ""0.01"": 0.11133253574371338, ""0.1"": 0.11010599881410599, ""0.3"": 0.10827157646417618, ""1"": 0.10444716364145279, ""3"": 0.10114726424217224, ""10"": 0.09958817064762115, ""30"": 0.10207758098840714, ""45"": 0.10455738753080368, ""65"": 0.10831610858440399, ""90"": 0.11481773853302002}",0.08616054803133011,0.09958816232970198,0.08948822874746477,147744,0.22971419119880399,0.43353073578077006
