model,dataset,display_name,point_index,layer,kind,point_type,include_in_main_depth_axis,block_index,relative_depth,relative_position,is_tunnel_entrance,is_reference_point,is_native_readout,is_first_crossing_0.01,is_first_crossing_0.02,is_first_crossing_0.05,is_first_crossing_0.1,is_tunnel_entrance_0.01,is_tunnel_entrance_0.02,is_tunnel_entrance_0.05,is_tunnel_entrance_0.1,n_probe_params,test_loss,test_loss_ci_hi,test_loss_ci_lo,test_loss_delta_ci_hi,test_loss_delta_ci_lo,test_loss_delta_vs_last,test_loss_point,test_mae,test_mae_ci_hi,test_mae_ci_lo,test_mae_delta_ci_hi,test_mae_delta_ci_lo,test_mae_delta_vs_last,test_mae_point,test_mase,test_mase_ci_hi,test_mase_ci_lo,test_mase_delta_ci_hi,test_mase_delta_ci_lo,test_mase_delta_vs_last,test_mase_point,test_ratio_to_final,test_suffix_excursion,test_wql,test_wql_ci_hi,test_wql_ci_lo,test_wql_delta_ci_hi,test_wql_delta_ci_lo,test_wql_delta_vs_last,test_wql_point,train_loss,val_loss,val_ratio_to_final,val_suffix_excursion,wd_at_grid_max,wd_at_grid_min,weight_decay
chronos2,m4_hourly,M4,0,Emb,embedding,block_depth,True,0,0.0,0.0,False,False,False,False,False,False,False,False,False,False,False,12304,0.3723665869986738,0.37815267466833347,0.3668160102408351,-0.24332590277541344,-0.2589880198041219,-0.2512477416516715,0.3723665869986738,859.1607786121143,1212.6130520777351,550.4054253591681,-325.32757341967084,-715.79157799808,-510.3038195237024,859.1607786121143,10.061761838525772,11.895062758402767,8.393972960897297,-6.068590859429242,-8.840976423278274,-7.384833022753401,10.061761838525772,3.074390165558906,2.074390165558906,0.1757727621537036,0.18815751524851143,0.16808200071533413,-0.09706243507465429,-0.11474949956294117,-0.10440131128909691,0.1757727621537036,0.3653222372811528,0.39133796664594694,3.524413867116713,2.524413867116713,True,False,90.0
chronos2,m4_hourly,M4,1,L1,block,block_depth,True,1,0.08333333333333333,0.08333333333333333,False,False,False,False,False,False,False,False,False,False,False,12304,0.252090695136376,0.263339923937869,0.2413975083532224,-0.12314411482830598,-0.1391702353079867,-0.13097184978937373,0.252090695136376,635.7529698262282,897.5027383648536,411.37730632663437,-188.67655863826545,-395.9168417495072,-286.89601073781625,635.7529698262282,5.5995549054292155,6.616813911129831,4.726638385934045,-2.3681474427810096,-3.583689816452045,-2.9226260896568452,5.5995549054292155,2.0813498874939147,1.0813498874939147,0.1300665234443008,0.142849196281976,0.12141947426131569,-0.053936507271563294,-0.06653102311110855,-0.05869507257969411,0.1300665234443008,0.20515860222718296,0.2932124781983954,2.640689665332232,1.640689665332232,False,False,0.001
chronos2,m4_hourly,M4,2,L2,block,block_depth,True,2,0.16666666666666666,0.16666666666666666,False,False,False,False,False,False,False,False,False,False,False,12304,0.152335062281776,0.16129355767016648,0.14349734253136315,-0.025710041622297102,-0.03704771118039507,-0.03121621693477375,0.152335062281776,398.3444406726477,571.3646057048898,250.96697930166343,-29.094175878020653,-73.42035303303335,-49.48748158423575,398.3444406726477,2.877079883509871,3.251990079693941,2.5436060944310026,-0.12711530043100777,-0.27974254101175267,-0.2001510677375009,2.877079883509871,1.2577321212511572,0.2577321212511572,0.08149592528968842,0.09134100243626998,0.07335217137539961,-0.007218250087754143,-0.013187511316133452,-0.010124474425081728,0.08149592528968842,0.12272767984766615,0.14830291373584106,1.3356251891023243,0.3356251891023243,False,True,1e-05
chronos2,m4_hourly,M4,3,L3,block,block_depth,True,3,0.25,0.25,False,False,False,False,False,False,False,False,False,False,False,12304,0.1383161811968525,0.14684347299261744,0.1300411782042614,-0.01367245682173957,-0.02079523583156063,-0.017197335849850226,0.1383161811968525,429.6135571802989,627.5193623444012,260.45152214489707,-36.098017593261254,-134.23395499855144,-80.75659809188699,429.6135571802989,3.025203030720065,3.464667480301741,2.624511075531299,-0.2796300133003962,-0.42431438924965476,-0.3482742149476947,3.025203030720065,1.141987283651692,0.141987283651692,0.08789316677868478,0.09629821100158843,0.07923323181051975,-0.010512551020725954,-0.021382522284363794,-0.016521715914078083,0.08789316677868478,0.10275622907560987,0.12731498531030336,1.1466066110711752,0.16262278972676225,False,False,0.1
chronos2,m4_hourly,M4,4,L4,block,block_depth,True,4,0.3333333333333333,0.3333333333333333,False,False,False,False,False,False,False,False,False,False,False,12304,0.13771652946433494,0.14646580465073974,0.12918813913093724,-0.012532829860481251,-0.02070226668102938,-0.016597684117332673,0.13771652946433494,452.8515744490627,668.1605932498925,268.71052921948245,-44.86572365943528,-176.34650230471624,-103.99461536065076,452.8515744490627,2.5519325426748187,2.8853770631401496,2.2495926253553353,0.21310356979802675,0.03968234451162626,0.12499627309755157,2.5519325426748187,1.1370363469844906,0.13703634698449063,0.09264735317078747,0.10153350572136842,0.08265744430808122,-0.01346278765848331,-0.027170263287306144,-0.021275902306180774,0.09264735317078747,0.10378769009909893,0.12909336294267923,1.1626227897267623,0.16262278972676225,False,False,10.0
chronos2,m4_hourly,M4,5,L5,block,block_depth,True,5,0.4166666666666667,0.4166666666666667,True,False,False,False,False,True,True,False,False,True,True,12304,0.1268573260318687,0.13526563070721584,0.1186446180688004,-0.002798515955299018,-0.008746429776971923,-0.005738480684866432,0.1268573260318687,402.597434177248,592.9177830059743,241.3997308693227,-16.868721508897142,-97.83260554792228,-53.740475088836035,402.597434177248,2.5538009032652025,2.925435674792035,2.21681442176637,0.19652658043624927,0.049486613848597476,0.12312791250716781,2.5538009032652025,1.0473789249594134,0.047378924959413427,0.08236603066965345,0.09118398347119824,0.07320018522246827,-0.004957589751670825,-0.015682939302429363,-0.010994579805046756,0.08236603066965345,0.0961733673868896,0.11573886822994428,1.0423513865779788,0.04235138657797877,False,False,45.0
chronos2,m4_hourly,M4,6,L6,block,block_depth,True,6,0.5,0.5,False,False,False,False,False,False,False,False,False,False,False,12304,0.12365539243999328,0.13202954985357765,0.11549929967150092,0.00021759489593843755,-0.005260902291647235,-0.0025365470929910178,0.12365539243999328,385.41050311656494,559.958068999903,234.4152012497811,-10.276417809947992,-66.60218104300296,-36.553544028153,385.41050311656494,2.4201911065922177,2.745672739323277,2.1221510118584583,0.34140443191875114,0.1771944052111488,0.2567377091801526,2.4201911065922177,1.0209426294126556,0.0391802935056087,0.07884981528752015,0.08694690490900388,0.0709195670811337,-0.0028844384339724244,-0.011136082215151383,-0.0074783644229134555,0.07884981528752015,0.09198236152251789,0.11357966039813201,1.022905427654931,0.022905427654930977,False,False,30.0
chronos2,m4_hourly,M4,7,L7,block,block_depth,True,7,0.5833333333333334,0.5833333333333334,False,False,False,False,True,False,False,False,True,False,False,12304,0.12298058175289904,0.13170734915512664,0.11454465883385873,0.00089793019032261,-0.004724274132087949,-0.0018617364058967772,0.12298058175289904,395.3658635181924,579.1037586504534,237.00421450729007,-13.823557454114496,-84.77258766676589,-46.50890442978044,395.3658635181924,2.477829613653569,2.8204210175546387,2.166243041655805,0.27408755455018485,0.1301524457356706,0.19909920211880117,2.477829613653569,1.015371153849452,0.0391802935056087,0.08088654838753016,0.08977902840157684,0.07156933539710758,-0.003998848865604479,-0.013642489277827265,-0.009515097522923469,0.08088654838753016,0.08967238314011518,0.11220433824617444,1.0105191915182838,0.010519191518283844,False,False,30.0
chronos2,m4_hourly,M4,8,L8,block,block_depth,True,8,0.6666666666666666,0.6666666666666666,False,False,False,True,False,False,False,True,False,False,False,12304,0.12160791529214564,0.1306270769448908,0.11284798246467102,0.002320717720542359,-0.003372111698641001,-0.000489069945143375,0.12160791529214564,380.42304227205483,553.3381872159074,231.45779313775836,-8.123040296478491,-59.041880554016835,-31.56608318364289,380.42304227205483,2.278209589946831,2.5943993527050146,1.9938111267810876,0.5010397284887685,0.29943485974601824,0.3987192258255394,2.278209589946831,1.0040379343424404,0.0391802935056087,0.07782944774910769,0.08719710758024803,0.06877582462142756,-0.0022177304257359133,-0.00972858456443823,-0.006457996884500994,0.07782944774910769,0.08666074927762643,0.10978994252629408,0.9887749947341465,0.0017680221165001786,False,False,30.0
chronos2,m4_hourly,M4,9,L9,block,block_depth,True,9,0.75,0.75,False,False,False,False,False,False,False,False,False,False,False,12304,0.12586431725675823,0.13427411184027677,0.11775158568079235,-0.0025051937996630243,-0.007226321921250166,-0.004745471909755966,0.12586431725675823,373.0140643444323,539.6354504945555,229.16100330071274,-8.47639397564478,-43.15518499170676,-24.157105256020373,373.0140643444323,2.840748100508722,3.258591844080868,2.4572683047963495,-0.11479593374374017,-0.21973868369019944,-0.16381928473635154,2.840748100508722,1.0391802935056087,0.0391802935056087,0.07631367032130452,0.0857427503632035,0.06775047617834738,-0.0022797354392893668,-0.007207944515672906,-0.00494221945669783,0.07631367032130452,0.09460503865605277,0.11123264054874428,1.0017680221165002,0.0017680221165001786,False,False,30.0
chronos2,m4_hourly,M4,10,L10,block,block_depth,True,10,0.8333333333333334,0.8333333333333334,False,False,False,False,False,False,False,False,False,False,False,12304,0.12431574406685265,0.1328793176709326,0.11600298070995747,-0.0012196082429860842,-0.005587385063066733,-0.003196898719850391,0.12431574406685265,368.1447165328438,531.7465999332378,228.58063151898543,-5.722780553535221,-36.23377734149445,-19.28775744443186,368.1447165328438,2.7348347595348685,3.143302255646911,2.363114033745234,-0.025368729607522292,-0.09323829531694061,-0.057905943762498246,2.7348347595348685,1.0263947258636041,0.02639472586360414,0.07531746712390924,0.08482573131355772,0.06686113993145217,-0.001394557400025657,-0.006437356838916955,-0.003946016259302548,0.07531746712390924,0.09394828235220105,0.11051983194326172,0.9953484238462517,0.0,False,False,30.0
chronos2,m4_hourly,M4,11,L11,block,block_depth,True,11,0.9166666666666666,0.9166666666666666,False,False,False,False,False,False,False,False,False,False,False,12304,0.12155731201513123,0.12961445814354047,0.1138769528480204,0.0011626730317548539,-0.0022074877028531183,-0.0004384666681289673,0.12155731201513123,335.5257838466916,479.6492356502829,210.36606225234192,27.836830251035558,2.7430398979335564,13.33117524172036,335.5257838466916,2.776023700245737,3.1798691470127345,2.4141353514512764,-0.03134074076405565,-0.1717876721156723,-0.09909488447336656,2.776023700245737,1.0036201358002776,0.0036201358002776463,0.06864407136437212,0.07861791939090514,0.060817455625307444,0.004711466264318568,0.0007336047080394925,0.002727379500234578,0.06864407136437212,0.09477187681093363,0.10920568892575858,0.9835131707683079,0.0,False,False,30.0
chronos2,m4_hourly,M4,12,L12,block,block_depth,True,12,1.0,1.0,False,True,False,False,False,False,False,False,False,False,False,12304,0.12111884534700226,0.12918011166070026,0.11340628733062222,0.0,0.0,0.0,0.12111884534700226,348.85695908841194,503.48818243081763,214.60234557479237,0.0,0.0,0.0,348.85695908841194,2.6769288157723703,3.070520977895371,2.318186956671479,0.0,0.0,0.0,2.6769288157723703,1.0,0.0,0.0713714508646067,0.08159916166411507,0.06297408488093054,0.0,0.0,0.0,0.0713714508646067,0.0943949124141138,0.1110363258688732,1.0,0.0,False,False,45.0
chronos2,m4_hourly,M4,13,L12+LN,final_norm,head_input_diagnostic,False,12,,,False,False,True,False,False,False,False,False,False,False,False,12304,0.11026668841488489,0.11856553315412509,0.10237970360952878,0.012437189714129993,0.009324936878348471,0.010852156932117371,0.11026668841488489,303.8107065045515,432.5146604617223,192.00866578815925,75.38968245245067,21.437928223585384,45.04625258386045,303.8107065045515,2.266069022910611,2.5882608413648924,1.9705371565184593,0.4866267862871895,0.3411818670294236,0.4108597928617592,2.266069022910611,,,0.06215559227510133,0.07225656868345265,0.054503823787509106,0.012009387903419133,0.006310689467523117,0.009215858589505362,0.06215559227510133,0.08381490583880304,0.09893406823789345,,,False,False,30.0
chronos2,monash_electricity_hourly,Electricity,0,Emb,embedding,block_depth,True,0,0.0,0.0,False,False,False,False,False,False,False,False,False,False,False,12304,0.36183556180646403,0.36828209904968057,0.355214171023428,-0.2111028859388254,-0.22795145536225486,-0.2195747116907635,0.36183556180646403,671.4031480257277,1106.717179300111,386.70949714788713,-238.78877001330954,-719.0143060598382,-428.0159039572038,671.4031480257277,2.492486228413703,2.610442348649296,2.3742354886554344,-1.3980509456906594,-1.5843626467740894,-1.4910308088562074,2.492486228413703,2.5434654826832803,1.5434654826832803,0.27547900212292664,0.3090373101780856,0.2378493217423256,-0.14588284640105292,-0.20247274239477497,-0.17561638556743067,0.27547900212292664,0.3652917395961849,0.3615428015930962,3.7357942468173104,2.7357942468173104,False,True,1e-05
chronos2,monash_electricity_hourly,Electricity,1,L1,block,block_depth,True,1,0.08333333333333333,0.08333333333333333,False,False,False,False,False,False,False,False,False,False,False,12304,0.28119144503396887,0.28765753911566416,0.27512154422757285,-0.13252403548570305,-0.14561127288629594,-0.13893059491826834,0.28119144503396887,513.3325401918027,834.5541626386594,301.3188234665415,-153.77543702182794,-449.4775475117517,-269.9452961232788,513.3325401918027,1.9602813483546446,2.0483162973483937,1.8758819245482357,-0.8970558460732068,-1.0213537489460434,-0.958825928797149,1.9602813483546446,1.9765905012185454,0.9765905012185454,0.21062209247169944,0.2346125975578702,0.1840561981454992,-0.09073422142401269,-0.1286645721403368,-0.11075947591620347,0.21062209247169944,0.25691578266781406,0.27156529586961253,2.8060635296142253,1.8060635296142253,False,False,0.3
chronos2,monash_electricity_hourly,Electricity,2,L2,block,block_depth,True,2,0.16666666666666666,0.16666666666666666,False,False,False,False,False,False,False,False,False,False,False,12304,0.17713637263265275,0.1855428184553241,0.16969499992747003,-0.0296863540569818,-0.040557820865358335,-0.03487552251695222,0.17713637263265275,294.1376071717846,436.3525414397413,188.81364751916308,-28.473082486659877,-75.6251339623766,-50.75036310326081,294.1376071717846,1.2195737887200762,1.27730464567063,1.168699934019853,-0.18778882978503855,-0.25056362096114027,-0.21811836916258054,1.2195737887200762,1.245151933849601,0.2451519338496011,0.12068566367133515,0.13467206093099363,0.11168825828993746,-0.009413371601174501,-0.03422097907837168,-0.020823047115839183,0.12068566367133515,0.13500606651595623,0.16560287415298797,1.711161892287989,0.711161892287989,False,False,0.01
chronos2,monash_electricity_hourly,Electricity,3,L3,block,block_depth,True,3,0.25,0.25,False,False,False,False,False,False,False,False,False,False,False,12304,0.14550721658152024,0.15409448330525224,0.13795953032539318,0.001172989674751415,-0.007883853293983771,-0.0032463664658197167,0.14550721658152024,229.85295963450014,338.3497742195993,148.10066474467067,58.86859543479378,-15.59937844377294,13.534284434023675,229.85295963450014,0.9952843674601288,1.0516793647505007,0.9475400975561551,0.02899433869574022,-0.018796476727370885,0.0061710520973667915,0.9952843674601288,1.0228198162964683,0.0663836917852636,0.09430945348008268,0.10622579811583284,0.08532721046705136,0.01789129735972277,-0.007477122053623366,0.005553163075413287,0.09430945348008268,0.11753947868237707,0.12029229417329526,1.2429711185753922,0.24297111857539222,False,False,1.0
chronos2,monash_electricity_hourly,Electricity,4,L4,block,block_depth,True,4,0.3333333333333333,0.3333333333333333,False,False,False,False,False,False,False,False,False,False,False,12304,0.14864507397167556,0.15669087457491923,0.14132448330180336,-0.002703630275498267,-0.010280863458703047,-0.006384223855975035,0.14864507397167556,241.0755528192699,365.8587303719575,151.349628788552,28.56752044180775,-15.003562936360932,2.3116912492539257,241.0755528192699,1.0349056924500846,1.0926855166898968,0.9842655287474791,-0.014588298845214284,-0.05406549510519003,-0.03345027289258895,1.0349056924500846,1.0448768853186436,0.0663836917852636,0.0989141217496057,0.10948409004088212,0.09008421609731863,0.008391053002089243,-0.007536497330416772,0.0009484948058902654,0.0989141217496057,0.11134241409653228,0.11182240863110272,1.155452436028545,0.15545243602854497,False,False,1.0
chronos2,monash_electricity_hourly,Electricity,5,L5,block,block_depth,True,5,0.4166666666666667,0.4166666666666667,False,False,False,False,False,False,False,False,False,False,False,12304,0.15170465054289076,0.159933944726505,0.14416330524556736,-0.006105515329195694,-0.0130318358732487,-0.00944380042719023,0.15170465054289076,245.48799343892244,365.16191727825435,156.72154758808279,32.865872767402834,-24.429795322573685,-2.1007493703986313,245.48799343892244,1.0539969722608469,1.1115057097203325,1.0019097475706868,-0.03381081102499719,-0.07311741475708021,-0.05254155270335126,1.0539969722608469,1.0663836917852636,0.0663836917852636,0.10072456118886489,0.11360268801898561,0.09112303542768016,0.009854244198477956,-0.011007660043525724,-0.0008619446333689162,0.10072456118886489,0.10671628464863153,0.11035807841663597,1.140321623392971,0.14032162339297094,False,False,0.3
chronos2,monash_electricity_hourly,Electricity,6,L6,block,block_depth,True,6,0.5,0.5,False,False,False,False,False,False,False,False,False,False,False,12304,0.1479109495821345,0.15592754470781628,0.14056012857108172,-0.0025400438896942025,-0.008906701543787844,-0.0056500994664339665,0.1479109495821345,240.52040546745727,363.5286862157676,151.62969866935182,31.46581035581906,-14.659043044325283,2.866838601066547,240.52040546745727,1.0317212541834222,1.0888806609556585,0.9810792070515859,-0.01395642327451731,-0.047500295465484205,-0.03026583462592658,1.0317212541834222,1.0397164747844452,0.05958982264154833,0.098686342897275,0.11038129459102976,0.08908575800525362,0.00951176814289712,-0.007040846094028358,0.0011762736582209693,0.098686342897275,0.10969366231556431,0.11023261548794863,1.1390252245015706,0.13902522450157062,False,False,3.0
chronos2,monash_electricity_hourly,Electricity,7,L7,block,block_depth,True,7,0.5833333333333334,0.5833333333333334,False,False,False,False,False,False,False,False,False,False,False,12304,0.150738148942931,0.15882621423647034,0.14328168326036167,-0.005426097374039753,-0.011620004605217504,-0.008477298827230473,0.150738148942931,253.14171238652912,390.6399510808964,156.67715732651476,4.7912201563080306,-20.665407120974916,-9.754468318005308,253.14171238652912,1.0512814113243802,1.108116960682379,0.999875313951989,-0.032849882539587816,-0.06763461304729633,-0.049825991766884625,1.0512814113243802,1.0595898226415483,0.05958982264154833,0.10386490818368599,0.11387784059043825,0.09395091467516199,0.0013887149916179452,-0.009943792112590865,-0.004002291628190019,0.10386490818368599,0.10588432619965486,0.10788832235199805,1.1148018219845042,0.11480182198450417,False,False,1.0
chronos2,monash_electricity_hourly,Electricity,8,L8,block,block_depth,True,8,0.6666666666666666,0.6666666666666666,False,False,False,False,False,False,False,False,False,False,False,12304,0.1490867677507282,0.15739446861406375,0.1414448074808074,-0.004016632418937335,-0.00981807733125246,-0.006825917635027684,0.1490867677507282,240.1529726183518,359.28249762083937,153.36496147464106,33.10037619504141,-14.431840835786304,3.2342714501720025,240.1529726183518,1.0376582055644654,1.0956142725403402,0.986205973818238,-0.020126697747555836,-0.05362101926278804,-0.0362027860069698,1.0376582055644654,1.0479817014271753,0.04798170142717528,0.09853558394579198,0.11176621511713783,0.08778912253328461,0.009956003863788932,-0.007703117911284819,0.0013270326097039875,0.09853558394579198,0.11620407060344558,0.10719566011644957,1.107644595832725,0.10764459583272501,False,False,30.0
chronos2,monash_electricity_hourly,Electricity,9,L9,block,block_depth,True,9,0.75,0.75,False,False,False,False,False,False,True,False,False,False,True,12304,0.14772726758916416,0.15623000882253166,0.13991547106402635,-0.002790743035783283,-0.008286592871206627,-0.005466417473463631,0.14772726758916416,247.49299948958702,381.61574213149964,153.79889597181477,9.875406938096981,-15.137044835157383,-4.105755421063208,247.49299948958702,1.0324439792467202,1.089746752742888,0.9802716836991442,-0.015355727649889758,-0.04784113867657271,-0.030988559689224537,1.0324439792467202,1.0384253114544009,0.041752903411432785,0.10154722201151915,0.11105850755111903,0.09274818499032927,0.0029964795223724533,-0.007845024627181365,-0.0016846054560231832,0.10154722201151915,0.10536773220356688,0.10194399759514641,1.0533795667770751,0.053379566777075116,False,False,1.0
chronos2,monash_electricity_hourly,Electricity,10,L10,block,block_depth,True,10,0.8333333333333334,0.8333333333333334,True,False,False,False,False,True,False,False,False,True,False,12304,0.1482006536498097,0.15668287674704465,0.14030832808130628,-0.0037913419114326305,-0.008245152005044214,-0.005939803534109167,0.1482006536498097,235.88161604392673,354.90012426055745,150.81908123990863,35.47911146166662,-9.17221088667333,7.505628024597087,235.88161604392673,1.0338576981317475,1.0917138259579524,0.9810594384522635,-0.01923289195030168,-0.04582984728561937,-0.03240227857425193,1.0338576981317475,1.0417529034114328,0.041752903411432785,0.09678303177159701,0.10931151272066912,0.08646872613174386,0.010538344687709303,-0.005373605982165078,0.003079584783898956,0.09678303177159701,0.11004954069275596,0.098908293565721,1.0220118681306194,0.022011868130619394,False,False,10.0
chronos2,monash_electricity_hourly,Electricity,11,L11,block,block_depth,True,11,0.9166666666666666,0.9166666666666666,False,False,False,True,True,False,False,True,True,False,False,12304,0.14709286690327047,0.15557811450362488,0.13918890634636957,-0.0030014670884080294,-0.006770029162120746,-0.004832016787569948,0.14709286690327047,235.50907368087647,356.5614947023755,149.30362369970695,34.844506159923455,-8.144560642270736,7.878170387647344,235.50907368087647,1.0317404153610372,1.0912237257622786,0.9773247995195778,-0.01816891872590293,-0.04283222960221072,-0.030284995803541603,1.0317404153610372,1.0339658928204076,0.03396589282040763,0.09663017636911138,0.10876166291459965,0.08595715329384286,0.010445669530550839,-0.004675607923608543,0.0032324401863845914,0.09663017636911138,0.1077038148883062,0.0974243477498757,1.0066783689792165,0.006678368979216476,False,False,10.0
chronos2,monash_electricity_hourly,Electricity,12,L12,block,block_depth,True,12,1.0,1.0,False,True,False,False,False,False,False,False,False,False,False,12304,0.14226085011570053,0.1509156964893474,0.13430764664120917,0.0,0.0,0.0,0.14226085011570053,243.3872440685238,390.91672595736065,144.61971393144256,0.0,0.0,0.0,243.3872440685238,1.0014554195574956,1.0597696463088995,0.948645562760465,0.0,0.0,0.0,1.0014554195574956,1.0,0.0,0.09986261655549597,0.10873891603428469,0.08724228555345422,0.0,0.0,0.0,0.09986261655549597,0.1084806603811136,0.0967780283673574,1.0,0.0,False,False,10.0
chronos2,monash_electricity_hourly,Electricity,13,L12+LN,final_norm,head_input_diagnostic,False,12,,,False,False,True,False,False,False,False,False,False,False,False,12304,0.1353846093184734,0.144394243576116,0.12711958432186196,0.008366358691279035,0.0053214456313751945,0.006876240797227123,0.1353846093184734,238.9038808504091,395.2147198036659,137.37441254688878,16.114493907204622,-11.348461504593988,4.483363218114704,238.9038808504091,0.9497316850950229,1.0073994537541333,0.8975929621545635,0.06358168606227625,0.039674762217501706,0.05172373446247269,0.9497316850950229,,,0.09802307733213572,0.11059357590661566,0.08142715880067837,0.006981182618938392,-0.0034291325026326023,0.0018395392233602481,0.09802307733213572,0.10760283052328028,0.09470657699293535,,,False,False,10.0
chronos2,uber_tlc_hourly,Uber TLC,0,Emb,embedding,block_depth,True,0,0.0,0.0,False,False,False,False,False,False,False,False,False,False,False,12304,0.3518317872729465,0.3630660775146013,0.3403694091428725,-0.11379046236228856,-0.13594425083457964,-0.12484186225151286,0.3518317872729465,9.94141570543072,12.022535397988511,8.005961349385338,-3.6836502033486562,-5.693867518808012,-4.652155134800805,9.94141570543072,1.3645338853961158,1.4429999346528,1.2879762118205853,-0.39952698966129874,-0.4940369659363445,-0.44608439866268534,1.3645338853961158,1.549988561121048,0.549988561121048,0.5672728275120472,0.5846937909997051,0.5495303534506357,-0.25295350128290844,-0.27792705770853715,-0.2654592942835603,0.5672728275120472,0.30508351025613856,0.2909154853293004,1.457385550604105,0.4573855506041049,False,False,0.3
chronos2,uber_tlc_hourly,Uber TLC,1,L1,block,block_depth,True,1,0.08333333333333333,0.08333333333333333,False,False,False,False,False,False,False,False,False,False,False,12304,0.3264787227825354,0.3350706981495023,0.3178653182788887,-0.091749331162432,-0.1073649452842829,-0.09948879776110178,0.3264787227825354,8.890924091014101,10.802979363503546,7.13056602505267,-2.822729897284219,-4.43967215704587,-3.6016635203841867,8.890924091014101,1.3188768022814314,1.4120676095091342,1.2370538671067448,-0.35581472733289066,-0.45099715621106057,-0.40042731554800104,1.3188768022814314,1.4382960950875132,0.4382960950875132,0.5073301225648758,0.5278243394357681,0.48705802062006126,-0.192555905130669,-0.21782413512196894,-0.20551658933638883,0.5073301225648758,0.2768796927735231,0.2732153901730785,1.368714220867924,0.36871422086792394,False,False,0.01
chronos2,uber_tlc_hourly,Uber TLC,2,L2,block,block_depth,True,2,0.16666666666666666,0.16666666666666666,False,False,False,False,False,False,False,False,False,False,False,12304,0.2961255761844511,0.30492994160753967,0.28750403337749364,-0.06296418734207636,-0.07563556739278422,-0.06913565116301748,0.2961255761844511,7.886008167333128,9.643478951066339,6.303895273952659,-1.985955947876081,-3.288772730982287,-2.5967475967032136,7.886008167333128,1.2078440213138415,1.294943961754546,1.1312051778971828,-0.25042607138958095,-0.33440908983178713,-0.2893945345804111,1.2078440213138415,1.3045758579658957,0.3045758579658957,0.44998803826525463,0.46899265333620715,0.4311453100214646,-0.13274369737254407,-0.16221526966816563,-0.1481745050367677,0.44998803826525463,0.24745691925757585,0.24514383686180333,1.2280854876378722,0.22808548763787218,False,False,1.0
chronos2,uber_tlc_hourly,Uber TLC,3,L3,block,block_depth,True,3,0.25,0.25,False,False,False,False,False,False,True,False,False,False,True,12304,0.25109910157345633,0.25942855826756767,0.242762980910857,-0.021255493700106178,-0.02695949014048769,-0.024109176552022688,0.25109910157345633,6.06536073765145,7.346132669130098,4.901176866471666,-0.5711556378346094,-1.0035773012464053,-0.7761001670215357,6.06536073765145,1.0144114101942878,1.0723965957718473,0.9624930917532303,-0.08293459314863218,-0.10908544022208923,-0.09596192346085741,1.0144114101942878,1.1062125402691163,0.1062125402691163,0.34609903030697414,0.3605112235230498,0.33232834636127034,-0.0370950021218963,-0.05115226868692188,-0.044285497078487224,0.34609903030697414,0.21914014292926323,0.2155950945866017,1.0800565507056992,0.08005655070569917,False,False,3.0
chronos2,uber_tlc_hourly,Uber TLC,4,L4,block,block_depth,True,4,0.3333333333333333,0.3333333333333333,False,False,False,False,False,False,False,False,False,False,False,12304,0.244948141845583,0.25388842549473617,0.23610127798871683,-0.0153055740683873,-0.020678541492244205,-0.01795821682414936,0.244948141845583,5.757265104028607,7.0024839535373555,4.644111293815098,-0.29907420147096325,-0.6606477251743763,-0.46800453339869286,5.757265104028607,0.979586635659115,1.032406645093183,0.9321572178578694,-0.04910517951836906,-0.07318653747326448,-0.06113714892568456,0.979586635659115,1.0791145986873807,0.07911459868738069,0.32851860852319625,0.3444424661571255,0.3136290740521528,-0.018748811187182864,-0.03472177366777107,-0.026705075294709335,0.32851860852319625,0.21603277414887503,0.21083172467601208,1.0561937217056627,0.056193721705662725,False,False,10.0
chronos2,uber_tlc_hourly,Uber TLC,5,L5,block,block_depth,True,5,0.4166666666666667,0.4166666666666667,True,False,False,False,False,True,False,False,False,True,False,12304,0.23645974610370535,0.24545220542087695,0.22738942562936598,-0.0074131442760010545,-0.011520428695708858,-0.009469821082271707,0.23645974610370535,5.477094186800231,6.61466177539591,4.440715731114779,-0.07238694701376805,-0.3068791847065726,-0.1878336161703169,5.477094186800231,0.9394584334912135,0.9867207196581724,0.8970772987655506,-0.00658201116477559,-0.033854274259804105,-0.021008946757783087,0.9394584334912135,1.041719125117018,0.04171912511701792,0.31253161500918764,0.32537093129078587,0.30017851764766423,-0.004355970243751574,-0.01681964516265208,-0.010718081780700717,0.31253161500918764,0.20863347576725347,0.20568158122078153,1.0303932915680398,0.030393291568039826,False,False,10.0
chronos2,uber_tlc_hourly,Uber TLC,6,L6,block,block_depth,True,6,0.5,0.5,False,False,False,False,True,False,False,False,True,False,False,12304,0.2332841968377128,0.2426670799710795,0.22395170811947634,-0.004314372880128394,-0.008312022333737215,-0.0062942718162791456,0.2332841968377128,5.3801748903900775,6.505600199291885,4.361088802843785,0.0585244842972038,-0.2278058823012879,-0.09091431976016295,5.3801748903900775,0.9202052377279059,0.9654661641122089,0.8796540488894506,0.01627226577868412,-0.01756121239716048,-0.0017557509944754468,0.9202052377279059,1.0277293003893666,0.027729300389366607,0.30700124740922574,0.3205005435423336,0.2942177245779339,0.003448189391643806,-0.012601299433635,-0.005187714180738823,0.30700124740922574,0.20539621485549545,0.20334632226927135,1.0186944552238781,0.018694455223878137,False,False,10.0
chronos2,uber_tlc_hourly,Uber TLC,7,L7,block,block_depth,True,7,0.5833333333333334,0.5833333333333334,False,False,False,False,False,False,False,False,False,False,False,12304,0.23311357886907252,0.24218344302840872,0.22380867359399054,-0.004194300702083423,-0.008046970214296628,-0.006123653847638882,0.23311357886907252,5.375487379437027,6.455671460418802,4.389942328004325,0.05023441226847533,-0.2188648010670116,-0.08622680880711275,5.375487379437027,0.914976820548438,0.9562858434586364,0.8783918289864924,0.02586365485734982,-0.015554718343229126,0.0034726661849924234,0.914976820548438,1.0269776460213407,0.026977646021340673,0.3067337706563043,0.31809644874997045,0.2961319348820876,0.002753766925952162,-0.01252524841665505,-0.004920237427817387,0.3067337706563043,0.20077083876605015,0.20172109420745427,1.0105526270532414,0.012019027679902816,False,False,3.0
chronos2,uber_tlc_hourly,Uber TLC,8,L8,block,block_depth,True,8,0.6666666666666666,0.6666666666666666,False,False,False,True,False,False,False,False,False,False,False,12304,0.23132757444418114,0.2406211742640736,0.22203385151304192,-0.002570364611820532,-0.006096171560334676,-0.004337649422747503,0.23132757444418114,5.293114817556068,6.379146844986458,4.317196029133299,0.09807206364916933,-0.10732389482133801,-0.0038542469261537704,5.293114817556068,0.9122608769875674,0.955829207167078,0.874149731240384,0.024015151780977087,-0.009226494628536456,0.006188609745862994,0.9122608769875674,1.0191094359026636,0.019109435902663563,0.3020334626245119,0.31407075718520183,0.29054309135885115,0.005473928346360065,-0.006130811119853239,-0.00021992939602499817,0.3020334626245119,0.20354584219679772,0.20114730693798027,1.0076781521015028,0.012019027679902816,False,False,10.0
chronos2,uber_tlc_hourly,Uber TLC,9,L9,block,block_depth,True,9,0.75,0.75,False,False,False,False,False,False,False,False,False,False,False,12304,0.2263854171028574,0.23572880464520676,0.2169133267610668,0.002466001124156772,-0.001198163524781904,0.000604507918576247,0.2263854171028574,5.089739590301455,6.146542095288236,4.140525520144018,0.2931326982127796,0.11469720610706276,0.19952098032845988,5.089739590301455,0.884127001562264,0.9244252502764968,0.8488243263324344,0.05955534131937596,0.013749106676201944,0.03432248517116643,0.884127001562264,0.9973368513227221,0.0012359872173099973,0.2904285520535148,0.30325769148363657,0.27861192307054045,0.01582296946558642,0.006965789216146121,0.011384981174972109,0.2904285520535148,0.20024431819146982,0.1988675110610842,0.9962571664996046,0.012019027679902816,False,False,10.0
chronos2,uber_tlc_hourly,Uber TLC,10,L10,block,block_depth,True,10,0.8333333333333334,0.8333333333333334,False,False,False,False,False,False,False,False,False,False,False,12304,0.2272704816672183,0.23610774327126394,0.21848104322926348,0.0012646796807419432,-0.0018648634202607637,-0.0002805566457846631,0.2272704816672183,5.0951083970861895,6.159299364574647,4.141310262074738,0.2715475710958035,0.12305582139221896,0.19415217354372505,5.0951083970861895,0.9331622765405636,1.0019832408731606,0.8735847525027878,0.004406709896159514,-0.03902419964130425,-0.014712789807133198,0.9331622765405636,1.00123598721731,0.0012359872173099973,0.29073490461892243,0.3044458355531528,0.2781759243489163,0.014731998278640015,0.007498521070351245,0.01107862860956449,0.29073490461892243,0.20483882770401932,0.20012955890812037,1.0025795879216186,0.012019027679902816,False,False,30.0
chronos2,uber_tlc_hourly,Uber TLC,11,L11,block,block_depth,True,11,0.9166666666666666,0.9166666666666666,False,False,False,False,False,False,False,False,False,False,False,12304,0.227171472380407,0.2357752880309033,0.21867748029771766,0.0016911527682237923,-0.002112886468872766,-0.00018154735897335517,0.227171472380407,5.064771862351712,6.1259899118314465,4.115473554708616,0.2880902460610722,0.16393582123871023,0.22448870827820233,5.064771862351712,0.9602957927505565,1.0498362353253436,0.8827557004855037,-0.004095031464263685,-0.08958273200137105,-0.041846306017126134,0.9602957927505565,1.0007998035990198,0.000799803599019766,0.289003854198574,0.3030234983237255,0.2761265470338874,0.015202652443269661,0.010363300820047654,0.012809679029912924,0.289003854198574,0.20841947392997476,0.20201380923390388,1.0120190276799028,0.012019027679902816,False,False,45.0
chronos2,uber_tlc_hourly,Uber TLC,12,L12,block,block_depth,True,12,1.0,1.0,False,True,False,False,False,False,False,True,False,False,False,12304,0.22698992502143364,0.23582838846526982,0.21829588881316986,0.0,0.0,0.0,0.22698992502143364,5.2892605706299145,6.393011079964568,4.293422840219715,0.0,0.0,0.0,5.2892605706299145,0.9184494867334304,0.9700304036099636,0.8727090818147686,0.0,0.0,0.0,0.9184494867334304,1.0,0.0,0.3018135332284869,0.31559444944719955,0.289427404260689,0.0,0.0,0.0,0.3018135332284869,0.2051992725361796,0.19961463540564967,1.0,0.0,False,False,65.0
chronos2,uber_tlc_hourly,Uber TLC,13,L12+LN,final_norm,head_input_diagnostic,False,12,,,False,False,True,False,False,False,False,False,False,False,False,12304,0.22674931270134357,0.23575330733655747,0.21767249824479223,0.0015634127402009764,-0.001105765807122442,0.00024061232009006672,0.22674931270134357,5.064707346230394,6.11130953160854,4.123678587533691,0.34648825184682547,0.13675978962080387,0.22455322439952052,5.064707346230394,0.9043355430110829,0.951464688623541,0.8617824400624698,0.023322039687928633,0.005856016534286526,0.014113943722347533,0.9043355430110829,,,0.28900017280714596,0.3012004636255395,0.2775760663970991,0.01883416301449547,0.008387237633977782,0.012813360421340958,0.28900017280714596,0.20619800245627184,0.20121706351069094,,,False,False,45.0
chronos2,wind_farms_hourly,Wind Farms,0,Emb,embedding,block_depth,True,0,0.0,0.0,False,False,False,False,False,False,False,False,False,False,False,12304,0.28317117361167005,0.2994718479689296,0.266878576787146,-0.06705893359985914,-0.10501470206952335,-0.08628277632741982,0.28317117361167005,25.653304671329142,31.028988401488157,20.780980571100155,-6.466014148363707,-12.729646373483241,-9.405312867970856,25.653304671329142,5.560158125253565,12.549060756217047,1.9823355113682384,-0.7083778679808226,-1.0082228992301085,-0.8544071242511704,5.560158125253565,1.4382318994798475,0.43823189947984753,0.352015679418274,0.43732816059256135,0.2869371613705612,-0.09346032446613077,-0.17181215453001158,-0.1290600818014866,0.352015679418274,0.3151534180259773,0.29369338308923115,1.5231935392454738,0.5231935392454738,False,False,0.1
chronos2,wind_farms_hourly,Wind Farms,1,L1,block,block_depth,True,1,0.08333333333333333,0.08333333333333333,False,False,False,False,False,False,False,False,False,False,False,12304,0.2343309204954341,0.25074143813325817,0.2178861747357198,-0.021761839829548806,-0.05305806616168354,-0.03744252321118388,0.2343309204954341,20.584294702892947,24.83989159003927,16.711071886303777,-2.6047504178625407,-6.216817053004901,-4.336302899534662,20.584294702892947,5.0937662108125235,12.057352977832231,1.5437800196755884,-0.28560413996197137,-0.4935692703806241,-0.3880152098101286,5.0937662108125235,1.1901713037824553,0.19017130378245528,0.2824585205696,0.3539646902190281,0.22910328516881429,-0.03736172601129923,-0.08320888268901136,-0.05950292295281262,0.2824585205696,0.24900079629994618,0.22492160089313984,1.166519741485254,0.16651974148525395,False,False,45.0
chronos2,wind_farms_hourly,Wind Farms,2,L2,block,block_depth,True,2,0.16666666666666666,0.16666666666666666,False,False,False,False,False,False,False,False,False,False,False,12304,0.21920316717551866,0.23464510068972771,0.20394601390007455,-0.008664241137395376,-0.03566502156802488,-0.022314769891268432,0.21920316717551866,18.705085383574527,22.54938895703543,15.198879298024334,-1.1130582961935456,-3.9046315276467984,-2.4570935802162417,18.705085383574527,5.027026521349457,11.983524282745842,1.4828839059518795,-0.23215659874972147,-0.4103024735934116,-0.3212755203470623,5.027026521349457,1.1133371503809457,0.11333715038094572,0.25667193463908056,0.3227434098318476,0.20732595277926286,-0.0158533710193591,-0.05180942248529835,-0.03371633702229315,0.25667193463908056,0.2340083584053124,0.21695918574189868,1.1252239547447134,0.12522395474471337,False,False,30.0
chronos2,wind_farms_hourly,Wind Farms,3,L3,block,block_depth,True,3,0.25,0.25,True,False,False,False,False,True,True,False,False,True,True,12304,0.1990139823947244,0.21447951390429307,0.1841057326580675,0.009505522280632879,-0.013617167153345933,-0.0021255851104741708,0.1990139823947244,17.232976377604828,20.787194593990606,14.059244554187602,0.03734958102122128,-2.111256603106791,-0.9849845742465426,17.232976377604828,4.838231771063494,11.795623842152105,1.3029128771778566,-0.06831132378636193,-0.19789184222806008,-0.13248077006109948,4.838231771063494,1.0107958881264365,0.013829988517768399,0.23647159559686176,0.2982067861691862,0.1908670384144769,0.0005439993757869986,-0.027571532549930576,-0.013515997980074357,0.23647159559686176,0.21914934747621226,0.2024054051526175,1.0497431102939072,0.04974311029390721,False,False,30.0
chronos2,wind_farms_hourly,Wind Farms,4,L4,block,block_depth,True,4,0.3333333333333333,0.3333333333333333,False,False,False,False,False,False,False,False,False,False,False,12304,0.19062922431426194,0.20656693107164145,0.1753792640841957,0.01798918169802266,-0.004913378787717529,0.006259172969988291,0.19062922431426194,17.0161065717668,20.6412734365617,13.781293362440582,0.31419597132953325,-1.9203290908213915,-0.7681147684085161,17.0161065717668,4.743423015551403,11.702501928738604,1.2106320097018475,0.02388102269411755,-0.10118308258444167,-0.037672014549007926,4.743423015551403,0.9682095387218179,0.013829988517768399,0.233495699390682,0.2956206242578352,0.18755879442878692,0.004648267526169225,-0.025157089871286373,-0.010540101773894583,0.233495699390682,0.21300383807137246,0.19717100981395436,1.0225957599592013,0.029219915557410214,False,False,30.0
chronos2,wind_farms_hourly,Wind Farms,5,L5,block,block_depth,True,5,0.4166666666666667,0.4166666666666667,False,False,False,True,True,False,False,False,False,False,False,12304,0.18267993717845388,0.19932283947887683,0.16663449729511953,0.02513136171561644,0.0035771476350127604,0.01420846010579635,0.18267993717845388,16.18640402570057,19.651218805427074,13.090539018606451,0.9811836010192528,-0.8444889239682104,0.06158777765771717,16.18640402570057,4.6299928388532505,11.582321965693533,1.098675169516343,0.13858939206884746,0.016159633798264128,0.07575816214914433,4.6299928388532505,0.927834954716588,0.013829988517768399,0.22211048765244537,0.2833297635854938,0.17655370612309806,0.014685645519175587,-0.011450281133489325,0.0008451099643420334,0.22211048765244537,0.1913024909270545,0.1907717093455655,0.9894068163520553,0.029219915557410214,False,False,1.0
chronos2,wind_farms_hourly,Wind Farms,6,L6,block,block_depth,True,6,0.5,0.5,False,False,False,False,False,False,False,False,False,False,False,12304,0.18776193202850017,0.20474456239736974,0.1714350495510557,0.019785881442024943,-0.0009096375019609551,0.00912646525575006,0.18776193202850017,16.781999513302488,20.232362284296244,13.6335574141645,0.3306718083296131,-1.4556082288786703,-0.534007709944202,16.781999513302488,4.666199923166909,11.625977638552078,1.13382202360905,0.09398266576739242,-0.015528326231219941,0.03955107783548595,4.666199923166909,0.9536465054232014,0.013829988517768399,0.2302832729100488,0.2935335948044798,0.18445373778211072,0.004827278397192212,-0.01936256727561177,-0.007327675293261393,0.2302832729100488,0.19757574099186845,0.19331471636919803,1.0025957136568204,0.029219915557410214,False,False,10.0
chronos2,wind_farms_hourly,Wind Farms,7,L7,block,block_depth,True,7,0.5833333333333334,0.5833333333333334,False,False,False,False,False,False,False,False,False,False,False,12304,0.19165987455293196,0.20870740275638078,0.17559352564742747,0.015639078243678224,-0.004416594608644224,0.005228522731318269,0.19165987455293196,17.2221022300291,20.704928915207265,13.988383855309767,-0.09155441774564733,-1.960970728529076,-0.9741104266708156,17.2221022300291,4.702912847335652,11.661839646673455,1.1716424970364299,0.055092667272385966,-0.04909725137723151,0.002838153666743004,4.702912847335652,0.9734442313339075,0.013829988517768399,0.23632238010606996,0.3007694541535636,0.1889779509478314,-0.0013823918484581906,-0.026236340812153373,-0.013366782489282553,0.23632238010606996,0.19891042163304268,0.1965090914465885,1.0191628267072688,0.029219915557410214,False,False,30.0
chronos2,wind_farms_hourly,Wind Farms,8,L8,block,block_depth,True,8,0.6666666666666666,0.6666666666666666,False,False,False,False,False,False,False,False,False,False,False,12304,0.19736155888193663,0.21602230717602208,0.17969308275576568,0.009366646288886976,-0.009701054670869276,-0.0004731615976864001,0.19736155888193663,17.50189376878873,21.03028693260005,14.253813511135592,-0.3880823240444107,-2.2145923257241553,-1.253901965430444,17.50189376878873,4.661485261786098,11.616466698500753,1.1308936680953268,0.10512895165255866,-0.013806255645902165,0.044265739216297284,4.661485261786098,1.002403196959358,0.013829988517768399,0.24016169086442346,0.30762243728841226,0.19109799969713678,-0.005424545207913586,-0.031173065536409448,-0.017206093247636056,0.24016169086442346,0.18172143092793192,0.19519628061138036,1.0123541442595851,0.029219915557410214,False,False,3.0
chronos2,wind_farms_hourly,Wind Farms,9,L9,block,block_depth,True,9,0.75,0.75,False,False,False,False,False,False,False,False,False,False,False,12304,0.19325728710200496,0.21050764944916237,0.17662404582103472,0.012360979663563587,-0.00414545754333319,0.0036311101822452674,0.19325728710200496,17.2457120697222,20.749092604694415,14.01282461226119,-0.16357037799096152,-2.0794220699182233,-0.9977202663639133,17.2457120697222,4.695560256342317,11.654571457585783,1.165897256172486,0.05861301425376288,-0.037057240113493824,0.010190744660078188,4.695560256342317,0.9815575207461159,0.013829988517768399,0.2366463552767937,0.3000695057826304,0.1898284561781434,-0.002467376744787202,-0.027275431193255956,-0.013690757660006297,0.2366463552767937,0.18957498357357347,0.19513222905060718,1.0120219511317656,0.029219915557410214,False,False,30.0
chronos2,wind_farms_hourly,Wind Farms,10,L10,block,block_depth,True,10,0.8333333333333334,0.8333333333333334,False,False,False,False,False,False,False,False,False,False,False,12304,0.19686348398592862,0.21409557194960874,0.18013477971180136,0.0066546053433691015,-0.0059992144829842204,2.4913298321604938e-05,0.19686348398592862,16.706582767513442,20.06809084415952,13.669245325777041,0.1439122157119479,-1.1646284444018158,-0.45859096415515666,16.706582767513442,4.795252755008673,11.750641163522214,1.260312904007484,-0.04470411840517674,-0.13569934975787934,-0.08950175400627813,4.795252755008673,0.9998734648731705,0.013829988517768399,0.22924840128829954,0.29144968575036145,0.18349099463283572,0.0020861593477268926,-0.015544251007305276,-0.006292803671512137,0.22924840128829954,0.18272536046872478,0.19844824124753246,1.0292199155574102,0.029219915557410214,False,False,30.0
chronos2,wind_farms_hourly,Wind Farms,11,L11,block,block_depth,True,11,0.9166666666666666,0.9166666666666666,False,False,False,False,False,False,False,False,False,False,False,12304,0.19961136155797324,0.21850469827986116,0.1813388064201523,0.0007188449933669752,-0.00605730312869294,-0.002722964273723011,0.19961136155797324,16.428713982223105,19.71945462732792,13.439437989365878,0.24296376453896934,-0.6429804227621307,-0.18072217886481923,16.428713982223105,4.797337490454004,11.756295811319719,1.2619409204523708,-0.056216141882992426,-0.12813643839508515,-0.09158648945160941,4.797337490454004,1.0138299885177684,0.013829988517768399,0.2254354746304554,0.28963945799338825,0.17839835771918425,0.003396560736779945,-0.009031854067510798,-0.0024798770136680026,0.2254354746304554,0.180243559815043,0.19724054917522515,1.022956414682494,0.022956414682494097,False,False,45.0
chronos2,wind_farms_hourly,Wind Farms,12,L12,block,block_depth,True,12,1.0,1.0,False,True,False,False,False,False,False,True,True,False,False,12304,0.19688839728425023,0.2177477339268413,0.17688992735005574,0.0,0.0,0.0,0.19688839728425023,16.247991803358286,19.501718649008726,13.290051109934446,0.0,0.0,0.0,16.247991803358286,4.705751001002395,11.663603537150914,1.1762133033873745,0.0,0.0,0.0,4.705751001002395,1.0,0.0,0.2229555976167874,0.2867901716933218,0.1762723834764082,0.0,0.0,0.0,0.2229555976167874,0.17585728788772434,0.1928142258499301,1.0,0.0,False,False,45.0
chronos2,wind_farms_hourly,Wind Farms,13,L12+LN,final_norm,head_input_diagnostic,False,12,,,False,False,True,False,False,False,False,False,False,False,False,12304,0.19723649620156708,0.2200963300498174,0.17545399819056412,0.00248032272384565,-0.003341155457808035,-0.0003480989173168525,0.19723649620156708,16.105450671031036,19.398020624293345,13.160003686221847,0.5441061537387772,-0.20380382431377705,0.1425411323272492,16.105450671031036,4.6427718754719,11.601878094543041,1.1083399549686315,0.09344359182567742,0.03493218919044833,0.06297912553049478,4.6427718754719,,,0.22099964246075227,0.28657523934752366,0.17329677976681554,0.007203594353652079,-0.0030829428906769193,0.0019559551560351385,0.22099964246075227,0.16918657572573875,0.18903193861701106,,,False,False,45.0
chronos2,sg_carpark,SG Carpark,0,Emb,embedding,block_depth,True,0,0.0,0.0,False,False,False,False,False,False,False,False,False,False,False,12304,0.3702975456408188,0.37838628536858465,0.3625706012629099,-0.25185844520222667,-0.2719864155923537,-0.2622160304569255,0.3702975456408188,35.262742084059866,38.136610562889985,32.565411243295515,-21.482911799885393,-25.895857087682987,-23.65545117016144,35.262742084059866,2.330498225174472,2.4334348800589374,2.2287128042940245,-1.4693681901790625,-1.6519211123568411,-1.56242633296897,2.330498225174472,3.4260950636265863,2.4260950636265863,0.13788267924013983,0.15066385726255555,0.12627897907394128,-0.08379501142929047,-0.10210133332024357,-0.09249640819766439,0.13788267924013983,0.3610957098625055,0.3703468911728616,3.362637489764335,2.362637489764335,False,False,10.0
chronos2,sg_carpark,SG Carpark,1,L1,block,block_depth,True,1,0.08333333333333333,0.08333333333333333,False,False,False,False,False,False,False,False,False,False,False,12304,0.2790673675678544,0.287521541999432,0.2713104076020546,-0.16328150873140848,-0.17826133071139746,-0.17098585238396108,0.2790673675678544,27.96524001466792,30.403181776680896,25.679034539379696,-14.843031729186611,-17.906045073914886,-16.357949100769495,27.96524001466792,1.8514830364346464,1.9591155397598468,1.7522650346359172,-1.0196315484050658,-1.1484531793130026,-1.0834111442291445,1.8514830364346464,2.582008284145909,1.582008284145909,0.10934833739316625,0.11991845365721081,0.09990887629641902,-0.058268009290083383,-0.07044525920813768,-0.06396206635069081,0.10934833739316625,0.25612118880837687,0.2908264821195333,2.6406162846253207,1.6406162846253207,False,False,0.01
chronos2,sg_carpark,SG Carpark,2,L2,block,block_depth,True,2,0.16666666666666666,0.16666666666666666,False,False,False,False,False,False,False,False,False,False,False,12304,0.18111729686080064,0.1900203271626921,0.17283754768928694,-0.06752689319589085,-0.07842563248560423,-0.07303578167690733,0.18111729686080064,18.498194450419387,20.364975714177998,16.797128431986373,-5.9524656849432835,-7.790450197758749,-6.890903536520961,18.498194450419387,1.2168070680689038,1.3054088970878637,1.139437889801464,-0.40644975453524906,-0.48533264969299034,-0.44873517586340184,1.2168070680689038,1.675747203882569,0.6757472038825689,0.07233075084883638,0.08018435085791971,0.06540248397831391,-0.02352170565188261,-0.030395794196727447,-0.02694447980636093,0.07233075084883638,0.17187072327587663,0.18166074072573818,1.6494244497319237,0.6494244497319237,False,False,3.0
chronos2,sg_carpark,SG Carpark,3,L3,block,block_depth,True,3,0.25,0.25,False,False,False,False,False,False,False,False,False,False,False,12304,0.12599075259377726,0.13608316293796577,0.11663478663017562,-0.013328335523647459,-0.0223883080685585,-0.017909237409883955,0.12599075259377726,13.189702886533503,15.040251733559588,11.590004538649838,-0.905999121570408,-2.231163175320611,-1.582411972635077,13.189702886533503,0.8645367228401063,0.962321108932381,0.7809734213964687,-0.06449501739243979,-0.12704434503200343,-0.09646483063460431,0.8645367228401063,1.1657012059778455,0.16570120597784554,0.05157374228133943,0.0593357654477356,0.0447828256070738,-0.0035713327724764977,-0.008760008172323704,-0.006187471238863984,0.05157374228133943,0.1238276533317489,0.15194107842563237,1.37957892647944,0.388582070469323,False,False,0.3
chronos2,sg_carpark,SG Carpark,4,L4,block,block_depth,True,4,0.3333333333333333,0.3333333333333333,False,False,False,False,False,False,False,False,False,False,False,12304,0.1239836087271487,0.13410664991617707,0.1146568864276159,-0.011821456831790469,-0.02000930121794638,-0.01590209354325539,0.1239836087271487,13.22047496214932,15.031273290558483,11.647169489833265,-0.9152174528952587,-2.249321336030899,-1.6131840482508935,13.22047496214932,0.8639426507000404,0.9590846451915814,0.7821116469030029,-0.06144290284820444,-0.12626208122946622,-0.09587075849453841,0.8639426507000404,1.1471305571188475,0.14713055711884748,0.051694065772393376,0.059354951444145564,0.04511765120544435,-0.0036145638099747165,-0.00874740662739786,-0.00630779472991793,0.051694065772393376,0.11636575074649952,0.15293264721578123,1.388582070469323,0.388582070469323,False,True,1e-05
chronos2,sg_carpark,SG Carpark,5,L5,block,block_depth,True,5,0.4166666666666667,0.4166666666666667,False,False,False,False,False,False,False,False,False,False,False,12304,0.12052356526466076,0.1307189162957382,0.11118764493188237,-0.008679648911275257,-0.016181457819848578,-0.012442050080767458,0.12052356526466076,12.84131844473755,14.77331957004204,11.177962866150427,-0.5192643832319109,-1.981512400105393,-1.234027530839123,12.84131844473755,0.828184670138699,0.9239784504198895,0.7453983380853078,-0.029521239906444587,-0.08773493589242458,-0.060112777933197026,0.828184670138699,1.115117280319379,0.11511728031937896,0.05021150618166524,0.05827899252563235,0.0432865577475823,-0.0020573608729590963,-0.007704585073274122,-0.004825235139189796,0.05021150618166524,0.11237497859964497,0.14375744273854515,1.3052739955623114,0.31315148443742125,False,False,0.001
chronos2,sg_carpark,SG Carpark,6,L6,block,block_depth,True,6,0.5,0.5,False,False,False,False,False,False,False,False,False,False,False,12304,0.11895483461771644,0.12952965230807284,0.10914846724820045,-0.007079420396847665,-0.014667783398181195,-0.010873319433823136,0.11895483461771644,12.733684448665187,14.725950260304346,10.989467233797244,-0.48925591943703045,-1.8075810495143187,-1.1263935347667609,12.733684448665187,0.8221319342174799,0.9236635457560166,0.7357978616749136,-0.02697517572321075,-0.0803768868467129,-0.054060042011977893,0.8221319342174799,1.100602951534524,0.10060295153452392,0.04979064090350842,0.05807001281183711,0.042682402791254945,-0.0019447843370697093,-0.007005492586479951,-0.004404369861032972,0.04979064090350842,0.10921895140287609,0.14462503656155645,1.3131514844374212,0.31315148443742125,False,False,0.01
chronos2,sg_carpark,SG Carpark,7,L7,block,block_depth,True,7,0.5833333333333334,0.5833333333333334,False,False,False,False,False,False,False,False,False,False,False,12304,0.11493591351781861,0.12521626260526228,0.10552348648013789,-0.00318100473391008,-0.010457768674287419,-0.006854398333925302,0.11493591351781861,12.158028142922564,14.007147028741095,10.564915671849771,0.15182241456737072,-1.2003076432786886,-0.5507372290241381,12.158028142922564,0.7908923483663727,0.884509215227747,0.7108435213087904,0.009808789315437444,-0.0505419678679071,-0.022820456160870695,0.7908923483663727,1.0634187846299434,0.07331765652929123,0.04753973728495081,0.05531455339178297,0.04101631723212589,0.0006047531211395167,-0.004670893189046866,-0.002153466242475366,0.04753973728495081,0.11139694651404404,0.134293699752813,1.2193460784775056,0.22124741724011132,False,False,1.0
chronos2,sg_carpark,SG Carpark,8,L8,block,block_depth,True,8,0.6666666666666666,0.6666666666666666,False,False,False,False,False,False,False,False,False,False,False,12304,0.11600579859131137,0.12584270096915423,0.10692059213748085,-0.0044733604079501815,-0.011147500646411113,-0.007924283407418062,0.11600579859131137,12.16844408410782,13.927854251883058,10.657019999234336,0.14972303434447592,-1.1662292692862137,-0.5611531702093941,12.16844408410782,0.7961499523712563,0.8862858739471212,0.7191897817186282,0.007808608095570734,-0.056582217789439324,-0.028078060165754315,0.7961499523712563,1.0733176565292912,0.07331765652929123,0.047580465197545,0.05507003452452305,0.04131682239903334,0.0005856433081584369,-0.004515733443572565,-0.002194194155069551,0.047580465197545,0.11227536762809351,0.13450310528699289,1.2212474172401113,0.22124741724011132,False,False,3.0
chronos2,sg_carpark,SG Carpark,9,L9,block,block_depth,True,9,0.75,0.75,False,False,False,False,False,False,False,False,False,False,False,12304,0.1127762693890744,0.12272302713429312,0.10376713136895059,-0.0017541585279639235,-0.007464223702064594,-0.00469475420518109,0.1127762693890744,11.879672530320777,13.652815598401652,10.354873947129327,0.35824138165159936,-0.8000831788383974,-0.2723816164223507,11.879672530320777,0.7782491597874412,0.8682698864311338,0.7019608267875393,0.02197001868973845,-0.035238042349512624,-0.010177267581939264,0.7782491597874412,1.043437161268449,0.057467513137430926,0.046451324547348814,0.053894585518571396,0.04019367342486283,0.0014228576981529057,-0.003073749414214615,-0.0010650535048733686,0.046451324547348814,0.10856189352421457,0.12535120121671656,1.138150902964057,0.13815090296405708,False,False,1.0
chronos2,sg_carpark,SG Carpark,10,L10,block,block_depth,True,10,0.8333333333333334,0.8333333333333334,False,False,False,False,False,False,False,False,False,False,False,12304,0.11429269107763713,0.12452687810827573,0.10515317361601918,-0.003872234586857812,-0.008335482371486926,-0.006211175893743828,0.11429269107763713,11.956438667667854,13.799729895042853,10.391525911163047,0.16076797837973725,-0.7948258865389768,-0.34914775376942764,11.956438667667854,0.786606049416007,0.8795080342761874,0.7077484653655243,0.0069464930696569605,-0.038477179973468986,-0.018534157210504998,0.786606049416007,1.057467513137431,0.057467513137430926,0.04675149180794073,0.05458781230562742,0.04019349900309769,0.0006206938183085607,-0.0031075062809619736,-0.0013652207654652818,0.04675149180794073,0.11677286367719109,0.12387626815987172,1.1247589579793638,0.12475895797936376,False,False,10.0
chronos2,sg_carpark,SG Carpark,11,L11,block,block_depth,True,11,0.9166666666666666,0.9166666666666666,False,False,False,False,False,False,True,False,False,False,True,12304,0.1142521719474577,0.12442458208787155,0.10509506947082062,-0.004130372744958617,-0.008082532786401152,-0.006170656763564389,0.1142521719474577,12.181912469705585,14.097724609392369,10.576413390882555,-0.2393861532933984,-0.8909168407473849,-0.574621555807159,12.181912469705585,0.8008139100290447,0.8983148065385127,0.7184731643569245,-0.01686432723639115,-0.04632678406628708,-0.03274201782354269,0.8008139100290447,1.057092618965097,0.0570926189650971,0.04763312863156928,0.05557303577430604,0.04082208008657631,-0.000950774320274393,-0.003503141208062412,-0.002246857589093834,0.04763312863156928,0.10797230981375856,0.11811594974439023,1.072457013185025,0.07245701318502507,False,False,0.0001
chronos2,sg_carpark,SG Carpark,12,L12,block,block_depth,True,12,1.0,1.0,True,True,False,True,True,True,False,True,True,True,False,12304,0.1080815151838933,0.1189537912041559,0.0984626697926219,0.0,0.0,0.0,0.1080815151838933,11.607290913898426,13.6771825990629,9.885448685089159,0.0,0.0,0.0,11.607290913898426,0.768071892205502,0.8753410982631005,0.6792902763751488,0.0,0.0,0.0,0.768071892205502,1.0,0.0,0.045386271042475446,0.05393484667061255,0.038278097211984885,0.0,0.0,0.0,0.045386271042475446,0.11589381401260067,0.11013583602162741,1.0,0.0,False,False,3.0
chronos2,sg_carpark,SG Carpark,13,L12+LN,final_norm,head_input_diagnostic,False,12,,,False,False,True,False,False,False,False,False,False,False,False,12304,0.10818514816126244,0.11801124615752595,0.09945216350899325,0.0015061636371169675,-0.0015722128467918442,-0.00010363297736913635,0.10818514816126244,11.333063056520443,13.145752364813891,9.815934636291239,0.6290757778726278,-0.008077525945667836,0.2742278573779835,11.333063056520443,0.7536364370534979,0.8459250398586502,0.6759589739552355,0.03337542577630328,-0.0009811836453312431,0.014435455152004062,0.7536364370534979,,,0.04431399845495448,0.05192032516348979,0.03789579697452156,0.0024802807369874664,-3.060547486657646e-05,0.0010722725875209685,0.04431399845495448,0.11288354764565547,0.11240057639861847,,,False,False,1.0
chronos2,coastal_ts,Coastal T-S,0,Emb,embedding,block_depth,True,0,0.0,0.0,False,False,False,False,False,False,False,False,False,False,False,12304,0.4508483974883954,0.5164187552096942,0.3926582454703748,-0.12215019899886101,-0.27456855120447776,-0.19269256216163438,0.4508483974883954,0.5260836552918742,0.6621215141203699,0.411733460191907,-0.13447353349772018,-0.31790672299066985,-0.21677961146029917,0.5260836552918742,2.446855510709394,3.248960723395958,1.7361763878870933,-0.6675525551742749,-1.9096651025432123,-1.2414577271446816,2.446855510709394,1.7464195489431165,0.7464195489431165,0.018591732042950268,0.023657344990003746,0.014432780648978936,-0.004735830903332437,-0.011316727627528651,-0.007660964958906993,0.018591732042950268,0.4408656298884403,0.4469571594769756,1.6691212785016203,0.6691212785016203,True,False,90.0
chronos2,coastal_ts,Coastal T-S,1,L1,block,block_depth,True,1,0.08333333333333333,0.08333333333333333,True,False,False,False,False,True,True,False,False,True,True,12304,0.26826464260617894,0.30006668287872645,0.2353639618571227,0.008359629831587253,-0.02799062666017563,-0.01010880727941793,0.26826464260617894,0.33576327261346667,0.42596907628600333,0.25784188256483487,-0.005646318480943806,-0.04873035660901035,-0.026459228781891664,0.33576327261346667,1.3098245164513844,1.5470562890063537,1.1042924964605179,-0.0108056701278868,-0.21326691725855534,-0.10442673288667192,1.3098245164513844,1.0391577717645728,0.0391577717645728,0.011865832993481434,0.015167381057752536,0.009066417068234635,-0.00020265444743319366,-0.0017052602969544178,-0.000935065909438159,0.011865832993481434,0.24945573423223483,0.2740427393776675,1.0233879418094467,0.0233879418094467,False,False,45.0
chronos2,coastal_ts,Coastal T-S,2,L2,block,block_depth,True,2,0.16666666666666666,0.16666666666666666,False,False,False,False,True,False,False,False,True,False,False,12304,0.2654326615544657,0.297225774176574,0.2320439727899308,0.007308564191528913,-0.021392146230209637,-0.0072768262277047024,0.2654326615544657,0.32935049558915397,0.4219371648512553,0.2508138565951813,-0.006137327677448931,-0.034722737499089974,-0.020046451757578965,0.32935049558915397,1.259695011480593,1.483350979292456,1.0692630240785117,0.007030538085453463,-0.11593408274074699,-0.05429722791588043,1.259695011480593,1.0281877270699462,0.028939429117577742,0.011639206237664314,0.0149660910438129,0.00883957544408506,-0.00021497116623513888,-0.0012222208207158948,-0.0007084391536210394,0.011639206237664314,0.2447182858306674,0.2730846176855266,1.0198099225970065,0.019809922597006535,False,False,45.0
chronos2,coastal_ts,Coastal T-S,3,L3,block,block_depth,True,3,0.25,0.25,False,False,False,True,False,False,False,True,False,False,False,12304,0.2615574271573375,0.29625989923564094,0.22622724003740585,0.013505047670332697,-0.020709402081168556,-0.003401591830576478,0.2615574271573375,0.32735341475991736,0.41746828073219344,0.24956430001860097,-0.0018791258961247514,-0.0346850652579331,-0.018049370928342356,0.32735341475991736,1.2176048585919226,1.439205145032234,1.0352940191162905,0.06835618789155905,-0.09927486130212909,-0.01220707502721008,1.2176048585919226,1.0131765056802644,0.028939429117577742,0.011568629645383225,0.014827727578527579,0.008780073448135372,-6.597758003947906e-05,-0.0012121698914215834,-0.0006378625613399497,0.011568629645383225,0.21833654203675312,0.2695261697905759,1.0065212192527042,0.006521219252704213,False,False,1.0
chronos2,coastal_ts,Coastal T-S,4,L4,block,block_depth,True,4,0.3333333333333333,0.3333333333333333,False,False,False,False,False,False,False,False,False,False,False,12304,0.26045295340009034,0.2941285784880165,0.22499952676589602,0.01104922169470224,-0.01408949102430293,-0.0022971180733293295,0.26045295340009034,0.322589974998567,0.41787487538977425,0.2450278201027921,0.000613922191680919,-0.027959088386999172,-0.013285931166992004,0.322589974998567,1.2310684787526762,1.4582684709750051,1.032050011785716,0.04341287691206796,-0.09323605243718187,-0.02567069518796372,1.2310684787526762,1.0088981838060014,0.028939429117577742,0.011400290266740817,0.014795388074349727,0.008559138459221141,2.131298423481295e-05,-0.000983629329913105,-0.0004695231826975423,0.011400290266740817,0.23627567222446116,0.265478050801903,0.9914038832874249,0.005364659181988918,False,False,45.0
chronos2,coastal_ts,Coastal T-S,5,L5,block,block_depth,True,5,0.4166666666666667,0.4166666666666667,False,False,False,False,False,False,False,False,False,False,False,12304,0.2594883848602573,0.2958551544269236,0.2218282624691104,0.01067380163585765,-0.012133223252991817,-0.0013325495334963189,0.2594883848602573,0.32053722725914824,0.4078328857658034,0.2462048350313552,0.0011902629171364541,-0.024493147845557655,-0.011233183427573235,0.32053722725914824,1.230977256552783,1.488450858344761,1.0170016327249836,0.040239205043496686,-0.09635523047210083,-0.025579472988070506,1.230977256552783,1.0051618028769702,0.028939429117577742,0.011327746412661427,0.01449537606499755,0.008628646718579353,4.344161666698493e-05,-0.0008540578631435465,-0.0003969793286181522,0.011327746412661427,0.22625261984987335,0.26105484234479565,0.9748858094665567,0.005364659181988918,False,False,30.0
chronos2,coastal_ts,Coastal T-S,6,L6,block,block_depth,True,6,0.5,0.5,False,False,False,False,False,False,False,False,False,False,False,12304,0.2617690743257602,0.2969380676435927,0.22552576764331508,0.009959078102838227,-0.015597443631850165,-0.0036132389989991798,0.2617690743257602,0.32394499407800187,0.40890561301892714,0.25026119735680885,0.0012015226107772467,-0.03220884581422464,-0.014640950246426865,0.32394499407800187,1.265938237990327,1.532814614738002,1.0374554445271658,0.01963895286790084,-0.1569818481833386,-0.06054045442561451,1.265938237990327,1.013996348346826,0.028939429117577742,0.011448176475302003,0.0145342365847854,0.008749539124501621,4.241460301022669e-05,-0.001130527023434137,-0.0005174093912587285,0.011448176475302003,0.22965445092557216,0.26400288427248597,0.9858950066727966,0.005364659181988918,False,False,45.0
chronos2,coastal_ts,Coastal T-S,7,L7,block,block_depth,True,7,0.5833333333333334,0.5833333333333334,False,False,False,False,False,False,False,False,False,False,False,12304,0.2652311652588348,0.2974678010640976,0.23196010756849622,0.0077373241889290316,-0.020752384649434446,-0.007075329932073771,0.2652311652588348,0.32561665872907114,0.40810417225352086,0.2539426072350626,0.0013459055344850557,-0.0348155796197006,-0.016312614897496136,0.32561665872907114,1.2936522821679681,1.5684038801533502,1.0614104963321704,-0.0070257125972103705,-0.1820954814529991,-0.08825449860325563,1.2936522821679681,1.0274072051213492,0.028939429117577742,0.011507252899641985,0.014537185764305715,0.008872083657656415,4.7095067139269854e-05,-0.0012321283601213042,-0.0005764858155987099,0.011507252899641985,0.23298085471307872,0.2651226813128839,0.9900767879198372,0.005364659181988918,False,False,65.0
chronos2,coastal_ts,Coastal T-S,8,L8,block,block_depth,True,8,0.6666666666666666,0.6666666666666666,False,False,False,False,False,False,False,False,False,False,False,12304,0.26388887548819184,0.2971425264258869,0.2291460821405053,0.00399740538947903,-0.015371927122275017,-0.005733040161430836,0.26388887548819184,0.3232426531678499,0.4098556027480191,0.24804955059497738,-0.002345576389101041,-0.02689149424252524,-0.013938609336274888,0.3232426531678499,1.2678000708926287,1.5162524715624248,1.0490926322508505,-0.0032074094581932295,-0.1317167230888444,-0.062402287327916195,1.2678000708926287,1.0222076721766689,0.028939429117577742,0.011423355833426897,0.014589570904656651,0.00870181021914813,-8.322862254388481e-05,-0.0009409831953510086,-0.0004925887493836215,0.011423355833426897,0.222165375261152,0.2662574825808406,0.9943146011040663,0.005364659181988918,False,False,30.0
chronos2,coastal_ts,Coastal T-S,9,L9,block,block_depth,True,9,0.75,0.75,False,False,False,False,False,False,False,False,False,False,False,12304,0.2656267178244889,0.3016872740195443,0.22898590781648334,0.00021603060886263303,-0.014924936698904882,-0.007470882497727871,0.2656267178244889,0.3227865244215617,0.41872429490028507,0.2437561492655278,-0.0029070375040615506,-0.025515126978839425,-0.01348248058998669,0.3227865244215617,1.2545774061521886,1.5007845260685255,1.041734638190302,-0.005299051175924531,-0.10493355355979819,-0.0491796225874761,1.2545774061521886,1.0289394291175777,0.028939429117577742,0.01140723629931331,0.014863469040986246,0.008525335129056177,-0.00010533459198334974,-0.0008878830707675985,-0.00047646921527003464,0.01140723629931331,0.2220513393074926,0.2682374562136829,1.0017086344054156,0.005364659181988918,False,False,30.0
chronos2,coastal_ts,Coastal T-S,10,L10,block,block_depth,True,10,0.8333333333333334,0.8333333333333334,False,False,False,False,False,False,False,False,False,False,False,12304,0.26325831670934957,0.30375575925378745,0.22272271304779376,0.003695226988444722,-0.013681157193301867,-0.005102481382588564,0.26325831670934957,0.3179516486234636,0.4178134670565362,0.2378055955049075,0.004191624691063594,-0.022720890336206893,-0.008647604791888586,0.3179516486234636,1.227936708350813,1.4893943080212189,1.0073933514949711,0.031225316530328454,-0.073870934695693,-0.022538924786100534,1.227936708350813,1.0197651212343508,0.019765121234350813,0.01123637237986819,0.014812431060349981,0.008328085806446953,0.0001528917543406349,-0.0007952303178485054,-0.00030560529582491537,0.01123637237986819,0.21471818190447484,0.26640125224366784,0.9948514959682381,0.005364659181988918,False,False,10.0
chronos2,coastal_ts,Coastal T-S,11,L11,block,block_depth,True,11,0.9166666666666666,0.9166666666666666,False,False,False,False,False,False,False,False,False,False,False,12304,0.2592908691925307,0.29679936739072815,0.22140223927175007,0.00406225665550058,-0.00633592534577474,-0.0011350338657696857,0.2592908691925307,0.31143528951149063,0.4049766640834487,0.23404294266664005,0.004620245022219292,-0.01013446677360984,-0.0021312456799156276,0.31143528951149063,1.2164836684742244,1.4531098023877083,1.007380302350134,0.01766131824141541,-0.045435717658998676,-0.0110858849095119,1.2164836684742244,1.004396700405137,0.004396700405137066,0.011006085045740268,0.014376671903568467,0.008204319958145254,0.00016377792916916323,-0.0003602820393738855,-7.531796169699297e-05,0.011006085045740268,0.22137166460551097,0.269216466229409,1.005364659181989,0.005364659181988918,False,False,10.0
chronos2,coastal_ts,Coastal T-S,12,L12,block,block_depth,True,12,1.0,1.0,False,True,False,False,False,False,False,False,False,False,False,12304,0.258155835326761,0.29423368116840715,0.2215028470964171,0.0,0.0,0.0,0.258155835326761,0.309304043831575,0.3989961835942662,0.23426793837932114,0.0,0.0,0.0,0.309304043831575,1.2053977835647125,1.4401867447482546,1.002939574174734,0.0,0.0,0.0,1.2053977835647125,1.0,0.0,0.010930767084043275,0.014164010070204255,0.008207210140685097,0.0,0.0,0.0,0.010930767084043275,0.21993310738841293,0.2677799182323118,1.0,0.0,False,False,3.0
chronos2,coastal_ts,Coastal T-S,13,L12+LN,final_norm,head_input_diagnostic,False,12,,,False,False,True,False,False,False,False,False,False,False,False,12304,0.2534472714178264,0.29107897748472167,0.2162767149469194,0.011969419033266598,-0.002170791636065908,0.004708563908934593,0.2534472714178264,0.3023530175557997,0.3921855846528809,0.22725802466602416,0.013687527992894128,0.000741918555329682,0.006951026275775318,0.3023530175557997,1.1550060417335544,1.3606736061955704,0.976391681048361,0.10949534046467152,-0.0017938775505384303,0.05039174183115813,1.1550060417335544,,,0.010685118665502268,0.0138755859165549,0.007979347612158426,0.00048793732134259736,2.587626425801411e-05,0.00024564841854100676,0.010685118665502268,0.21999226697991833,0.27090657704199356,,,False,False,10.0
chronos2,boom_hourly,BOOM,0,Emb,embedding,block_depth,True,0,0.0,0.0,False,False,False,False,False,False,False,False,False,False,False,12304,0.2549565990302859,0.2708061208685407,0.24005229265539577,-0.08603977804087988,-0.11095614508702026,-0.09813325659050948,0.2549565990302859,0.6642519999770596,0.9502070896207383,0.4657873719899191,-0.1788002519235067,-0.4861913552308555,-0.29615967498391954,0.6642519999770596,1.9170476149975895,2.5648981598628935,1.4708203647131368,-0.5061996603376125,-0.7988385859257631,-0.6338974724103219,1.9170476149975895,1.6257566958069063,0.6257566958069063,0.8162793025685113,0.9323112032448286,0.6994969784597216,-0.2528168667523905,-0.47292614886146256,-0.3639417163262434,0.8162793025685113,0.2925788538004011,0.2538126208477438,1.8487012049674079,0.8487012049674079,False,False,30.0
chronos2,boom_hourly,BOOM,1,L1,block,block_depth,True,1,0.08333333333333333,0.08333333333333333,False,False,False,False,False,False,True,False,False,False,True,12304,0.1639835782938421,0.17827269526561562,0.15003992456279822,-0.0011302317864929946,-0.013045998664946431,-0.007160235854065694,0.1639835782938421,0.41517275250899977,0.5896978106672963,0.28743723201579213,-0.009109576114249049,-0.10908147218382795,-0.04708042751585967,0.41517275250899977,1.2793062719382318,1.8965718799337508,0.8764032546048006,0.05454882135145374,-0.05510354617712114,0.0038438706490357966,1.2793062719382318,1.045657972484647,0.04565797248464709,0.5101933074724645,0.5973854578729578,0.42823398518881484,-0.013313436572679698,-0.1047828303539479,-0.057855721230196555,0.5101933074724645,0.1995325712233226,0.1452313459473057,1.0578251126955698,0.05782511269556978,False,False,10.0
chronos2,boom_hourly,BOOM,2,L2,block,block_depth,True,2,0.16666666666666666,0.16666666666666666,True,False,False,False,False,True,False,False,False,True,False,12304,0.1631139424329592,0.17721848329108228,0.14918812666782888,-0.0004850290810405035,-0.011908519047570263,-0.006290599993182794,0.1631139424329592,0.4038719830906747,0.5654014974192804,0.2831096467829375,-0.0059866287576332946,-0.08293471392741665,-0.035779658097534583,0.4038719830906747,1.2742000813335457,1.906589899107037,0.8733509541347043,0.05365174993054283,-0.03888275480898365,0.008950061253721886,1.2742000813335457,1.040112650931404,0.04011265093140404,0.4963061318529759,0.5882926306727626,0.4165950900118646,-0.008719116042487091,-0.07959032282129698,-0.043968545610707954,0.4963061318529759,0.19560125962011998,0.14319377775056719,1.0429840272998463,0.042984027299846295,False,False,10.0
chronos2,boom_hourly,BOOM,3,L3,block,block_depth,True,3,0.25,0.25,False,False,False,False,False,False,False,False,False,False,False,12304,0.15857965259754894,0.17269503060678323,0.14446630644767233,0.003913572848785008,-0.007147121722652137,-0.0017563101577725282,0.15857965259754894,0.38610288044327234,0.5365667707628824,0.2725102388296525,0.005761344763529146,-0.05100180442536326,-0.01801055545013225,0.38610288044327234,1.2179559066648147,1.8440800657588132,0.820085569056926,0.11033096597902248,0.020685160952559553,0.06519423592245288,1.2179559066648147,1.011199290427361,0.014935767996732574,0.47447021609089945,0.5747782334243811,0.3938451875423157,0.008475042071625786,-0.05077943786785845,-0.022132629848631513,0.47447021609089945,0.18663595447522538,0.1402092704833564,1.0212456985961829,0.02124569859618286,False,False,3.0
chronos2,boom_hourly,BOOM,4,L4,block,block_depth,True,4,0.3333333333333333,0.3333333333333333,False,False,False,False,True,False,False,False,True,False,False,12304,0.15803848828930975,0.17217437198469782,0.14383412441857013,0.004674076779856035,-0.006895955767756121,-0.0012151458495333334,0.15803848828930975,0.3814708926405847,0.5323790058713762,0.26807120652701805,0.010925472014577895,-0.048327399425841064,-0.013378567647444606,0.3814708926405847,1.1981652038078172,1.8179859511990026,0.8013614391514682,0.13970426246613685,0.03334116809525871,0.08498493877945035,1.1981652038078172,1.0077485011518612,0.014935767996732574,0.468778105606905,0.5615610611237161,0.3917489865240426,0.01581487670892356,-0.0460251712889573,-0.016440519364637085,0.468778105606905,0.18326913147972337,0.1394234082719448,1.0155216947530228,0.017431526147486887,False,False,3.0
chronos2,boom_hourly,BOOM,5,L5,block,block_depth,True,5,0.4166666666666667,0.4166666666666667,False,False,False,True,False,False,False,False,False,False,False,12304,0.15604367128199775,0.17005668852667685,0.1421455450972942,0.006147051968816961,-0.004383424023234699,0.0007796711577786608,0.15604367128199775,0.3735941594119146,0.5251664883435383,0.26178083928425866,0.02059328410491958,-0.042099471301833266,-0.005501834418774498,0.3735941594119146,1.1945184701610745,1.8180609121781242,0.8000632749560775,0.13976066237642792,0.03833044108002594,0.08863167242619308,1.1945184701610745,0.9950283475301002,0.014935767996732574,0.459098625068436,0.5463760359043155,0.38550661637288386,0.030329543356670766,-0.04013089119464846,-0.006761038826168075,0.459098625068436,0.18329298635343438,0.13616287367323698,0.9917728590121675,0.017431526147486887,False,False,10.0
chronos2,boom_hourly,BOOM,6,L6,block,block_depth,True,6,0.5,0.5,False,False,False,False,False,False,False,False,False,False,False,12304,0.15827801873602268,0.1723494633791526,0.1444799536201145,0.003958470489445657,-0.006861672253153245,-0.0014546762962462656,0.15827801873602268,0.3782783494355695,0.5172837556965081,0.2714440004417221,0.009436533784155278,-0.03372582310709483,-0.010186024442429387,0.3782783494355695,1.1952172203379094,1.8182081707401705,0.8038657881016901,0.1395795681332828,0.039634353237232633,0.08793292224935811,1.1952172203379094,1.00927589141779,0.014935767996732574,0.46485488529157337,0.573089835485917,0.38191297083162323,0.01289296685642829,-0.03823863030449207,-0.01251729904930543,0.46485488529157337,0.1821797543754494,0.13778233048269303,1.0035685362524653,0.017431526147486887,False,False,10.0
chronos2,boom_hourly,BOOM,7,L7,block,block_depth,True,7,0.5833333333333334,0.5833333333333334,False,False,False,False,False,False,False,False,False,False,False,12304,0.15863302951457642,0.1727167124003645,0.14496317740982284,0.003679171558153815,-0.007076033453541229,-0.0018096870748000038,0.15863302951457642,0.37360059076086455,0.5122382057869217,0.2688519269280609,0.01342343669294145,-0.02641837722879864,-0.005508265767724452,0.37360059076086455,1.199114914703707,1.823492502794684,0.8071401799527703,0.13550261559732873,0.03615407732025396,0.08403522788356055,1.199114914703707,1.0115396537699415,0.014935767996732574,0.45910652835971044,0.5556105151173661,0.3833534867603448,0.019154440139486407,-0.028699554288647153,-0.0067689421174425,0.45910652835971044,0.18081952046757963,0.13904068024965835,1.0127340092801236,0.017431526147486887,False,False,10.0
chronos2,boom_hourly,BOOM,8,L8,block,block_depth,True,8,0.6666666666666666,0.6666666666666666,False,False,False,False,False,False,False,False,False,False,False,12304,0.15916561949892907,0.1730250496401499,0.14563029840375472,0.0029590192283793135,-0.007219060316108335,-0.0023422770591526587,0.15916561949892907,0.3758152296759117,0.5074362654496672,0.27671267128665017,0.008258544529495662,-0.025050348402484175,-0.007722904682771592,0.3758152296759117,1.1947047989279327,1.8192611598438375,0.8043924888517816,0.1389471899654818,0.04162669112015899,0.08844534365933487,1.1947047989279327,1.0149357679967326,0.014935767996732574,0.4618280315077299,0.575951994702712,0.3760896962754875,0.009631179083125796,-0.034319377358505536,-0.009490445265461944,0.4618280315077299,0.17947018994058522,0.13968561360307333,1.0174315261474869,0.017431526147486887,False,False,10.0
chronos2,boom_hourly,BOOM,9,L9,block,block_depth,True,9,0.75,0.75,False,False,False,False,False,False,False,True,False,False,False,12304,0.15657652246813147,0.16991373768370957,0.14336947507953723,0.004432401305859081,-0.003846762344730476,0.0002468199716449404,0.15657652246813147,0.3572431023341243,0.4800343060198151,0.2666667637875494,0.03239085153241702,-0.007427527619434303,0.010849222659015778,0.3572431023341243,1.1976840874029,1.819335312884042,0.8115065216061326,0.12853257108846408,0.04565384290966619,0.08546605518436756,1.1976840874029,0.9984261273366257,0.002067347816818499,0.4390053028531058,0.5469426152506912,0.3548595611797856,0.033156940705817595,-0.010411263778368218,0.013332283389162147,0.4390053028531058,0.18380842120166188,0.13801746513420915,1.0052811922745952,0.0052811922745952256,False,False,30.0
chronos2,boom_hourly,BOOM,10,L10,block,block_depth,True,10,0.8333333333333334,0.8333333333333334,False,False,False,False,False,False,False,False,False,False,False,12304,0.15706581894918686,0.16979181591308237,0.14436261445786383,0.0024694009883971073,-0.0028885064863647157,-0.00024247650941044974,0.15706581894918686,0.35418458694705496,0.47105027501432434,0.2700079803309413,0.0520756019612708,-0.00861977394643185,0.013907738046085139,0.35418458694705496,1.2688264623265093,1.8823653112150662,0.8796905680950167,0.05109444201272998,-0.015392190034050434,0.014323680260758254,1.2688264623265093,1.0015461761344844,0.002067347816818499,0.43524678529179134,0.5617654380968494,0.3335145545009485,0.050142311137726034,-0.012809006522295812,0.017090800950476603,0.43524678529179134,0.18562660484014873,0.1372037580826104,0.9993543742867557,0.0,False,False,30.0
chronos2,boom_hourly,BOOM,11,L11,block,block_depth,True,11,0.9166666666666666,0.9166666666666666,False,False,False,False,False,False,False,False,False,False,False,12304,0.15714755083439547,0.17013360553402662,0.14449294122951473,0.0015819527566601353,-0.002225306866779983,-0.00032420839461905215,0.15714755083439547,0.3580941791449161,0.47664018536369185,0.2721831616176605,0.04113463368206011,-0.008919064348937857,0.009998145848224005,0.3580941791449161,1.316476767179949,1.934601647962435,0.9229328693331957,-0.002826455969740876,-0.06249263061672465,-0.03332662459268154,1.316476767179949,1.0020673478168185,0.002067347816818499,0.440051165546134,0.5601408445047518,0.34516373504580194,0.039714239404050285,-0.012921772495195945,0.012286420696133948,0.440051165546134,0.18859795111778008,0.13664570911708523,0.9952896993641637,0.0,False,False,30.0
chronos2,boom_hourly,BOOM,12,L12,block,block_depth,True,12,1.0,1.0,False,True,False,False,False,False,False,False,False,False,False,12304,0.15682334243977641,0.16969213432258803,0.14421832226742964,0.0,0.0,0.0,0.15682334243977641,0.3680923249931401,0.49928852798126633,0.2699797524799374,0.0,0.0,0.0,0.3680923249931401,1.2831501425872676,1.9021277041848206,0.8906744529814913,0.0,0.0,0.0,1.2831501425872676,1.0,0.0,0.45233758624226794,0.5574187936045559,0.3732285258825654,0.0,0.0,0.0,0.45233758624226794,0.19192831140075686,0.13729239758472406,1.0,0.0,False,False,45.0
chronos2,boom_hourly,BOOM,13,L12+LN,final_norm,head_input_diagnostic,False,12,,,False,False,True,False,False,False,False,False,False,False,False,12304,0.1476645660770815,0.16121391753776598,0.13431652786320677,0.011184209596634027,0.007176439426076406,0.00915877636269491,0.1476645660770815,0.34517524812139266,0.481325844504162,0.24443664995299857,0.03450376816040116,0.01009279098227115,0.022917076871747433,0.34517524812139266,1.151051427062636,1.7724154161594528,0.7607747478325622,0.1701087387774246,0.09900626175373242,0.1320987155246316,1.151051427062636,,,0.4241754798031078,0.5197848688575203,0.3527538375023996,0.05133283770112235,0.00973619758042861,0.028162106439160117,0.4241754798031078,0.18395834888626889,0.1258879309036048,,,False,False,30.0
chronos2,LOOP_SEATTLE_5T,Loop Seattle,0,Emb,embedding,block_depth,True,0,0.0,0.0,False,False,False,False,False,False,False,False,False,False,False,12304,0.2378556276493855,0.2478135937519144,0.22768489374843148,-0.007964807044970611,-0.03422278687286808,-0.02131631142879259,0.2378556276493855,5.0945225264973,5.56118386588752,4.65627163493001,0.4316199450710237,-0.30730442677640585,0.050715361717948326,5.0945225264973,1.1390848248013745,1.2465620495545158,1.0381232076657025,0.11066979119326563,-0.05860585635881303,0.02356843828902977,1.1390848248013745,1.098440836522626,0.09844083652262592,0.08534657260396653,0.09407083131768573,0.07734373591387689,0.007238202286957754,-0.005175999458696517,0.0008496149106191619,0.08534657260396653,0.3299295413047289,0.30012912795175123,1.3014499562605621,0.30144995626056215,False,False,0.0001
chronos2,LOOP_SEATTLE_5T,Loop Seattle,1,L1,block,block_depth,True,1,0.08333333333333333,0.08333333333333333,False,False,False,False,False,False,False,False,False,False,False,12304,0.2252909320029821,0.238937638027821,0.21182390245936017,0.0016774451680026262,-0.019072337285437755,-0.0087516157823892,0.2252909320029821,5.064901174101807,5.567227129477377,4.574921275302604,0.39336664913231595,-0.2323339930996647,0.08033671411344212,5.064901174101807,1.1106103467777053,1.2083520094257514,1.0142582431715879,0.12669381335788324,-0.018597689481394408,0.05204291631269897,1.1106103467777053,1.0404158281052007,0.04513209277738661,0.08485033750250201,0.09397464513350076,0.07620875757687788,0.006586850414984568,-0.003888030308073567,0.001345850012083677,0.08485033750250201,0.2366103144306449,0.2872054182732378,1.245408873175386,0.24540887317538607,False,False,0.001
chronos2,LOOP_SEATTLE_5T,Loop Seattle,2,L2,block,block_depth,True,2,0.16666666666666666,0.16666666666666666,False,False,False,False,False,False,False,False,False,False,False,12304,0.20335475187606483,0.21575902901120653,0.19125629716431936,0.024270198676194843,0.002510081429944475,0.013184564344528082,0.20335475187606483,4.43774850334697,4.861316253892176,4.054488631571003,1.0669342677039348,0.35806584849877354,0.7074893848682784,4.43774850334697,0.9818766183543353,1.0644068454782305,0.9010809522724017,0.2632762435410734,0.10442319871121376,0.18077664473606903,0.9818766183543353,0.9391123765667723,0.04513209277738661,0.07434389049594611,0.08205386388447647,0.06740024920012852,0.017894524936415284,0.005966432597986898,0.011852297018639574,0.07434389049594611,0.2295497527460927,0.2794993811123471,1.211993183753879,0.2119931837538791,False,False,1.0
chronos2,LOOP_SEATTLE_5T,Loop Seattle,3,L3,block,block_depth,True,3,0.25,0.25,False,False,False,False,False,False,False,False,False,False,False,12304,0.21032133843493825,0.22098480016348584,0.19972966495432132,0.01616436147436727,-0.0026545228777836985,0.006217977785654666,0.21032133843493825,4.846657851302254,5.309492828133567,4.416419480438702,0.6026281302054132,0.024473070490347686,0.29858003691299473,4.846657851302254,1.0987362193933936,1.2037274014200232,0.9986832919196867,0.1189897874484138,0.012326420408955463,0.06391704369701068,1.0987362193933936,0.9712847629974029,0.04513209277738661,0.08119419122034015,0.08956274289480606,0.07353286037332495,0.010130135376180594,0.00040726263835606796,0.005001996294245539,0.08119419122034015,0.23031844132428875,0.2665905523618669,1.156016628837862,0.16463968552152686,False,False,45.0
chronos2,LOOP_SEATTLE_5T,Loop Seattle,4,L4,block,block_depth,True,4,0.3333333333333333,0.3333333333333333,False,False,False,False,False,False,False,False,False,False,False,12304,0.22282267225380162,0.2340168689576667,0.21206019950589833,0.003279038486675211,-0.015374456783969892,-0.0062833560332087035,0.22282267225380162,5.083260454428906,5.551080597276939,4.651119529390402,0.3478341456802776,-0.2135870355019436,0.06197743378634257,5.083260454428906,1.1421779954285587,1.2420827943015529,1.0441538939361257,0.07779441689666762,-0.034683942170744,0.020475267661845598,1.1421779954285587,1.029017160222339,0.04513209277738661,0.08515790345068336,0.09360790971701943,0.07743562654446423,0.005845358512497323,-0.003567953465316937,0.0010382840639023283,0.08515790345068336,0.20415890057286623,0.2685791270821604,1.1646396855215269,0.16463968552152686,False,False,0.001
chronos2,LOOP_SEATTLE_5T,Loop Seattle,5,L5,block,block_depth,True,5,0.4166666666666667,0.4166666666666667,False,False,False,False,False,False,False,False,False,False,False,12304,0.22631218873021255,0.23779227875016687,0.2150786715182867,-0.0009377967552033038,-0.01802032445877335,-0.00977287250961964,0.22631218873021255,5.124192312831523,5.579560432073885,4.691296766427401,0.3103661203607647,-0.2465146539939174,0.021045575383725534,5.124192312831523,1.1445811239612032,1.243107899913044,1.0476262241469354,0.07638758855162024,-0.03583677798925925,0.018072139129201137,1.1445811239612032,1.0451320927773866,0.04513209277738661,0.08584361910054154,0.09424858129169093,0.07813520196308822,0.005219250454836881,-0.004131529139185379,0.00035256841404414374,0.08584361910054154,0.20159013831514966,0.26474830769855556,1.1480281031894175,0.1480281031894175,False,False,0.0001
chronos2,LOOP_SEATTLE_5T,Loop Seattle,6,L6,block,block_depth,True,6,0.5,0.5,False,False,False,False,False,False,False,False,False,False,False,12304,0.20511285642176183,0.2152974239536312,0.1948435485370116,0.02028618008751449,0.003245917658627241,0.011426459798831085,0.20511285642176183,4.600222539445746,5.023308286605137,4.195913185930472,0.823697830480367,0.29393949734605523,0.5450153487695024,4.600222539445746,1.0452529956320118,1.1396262534849748,0.9535904882398537,0.17213937121076092,0.0657002220604799,0.1174002674583925,1.0452529956320118,0.9472314774135948,0.0,0.0770657554098888,0.08473481215780373,0.06995641482986743,0.013886536505573647,0.0049010559524066835,0.009130432104696884,0.0770657554098888,0.22671942540859988,0.25530167270935217,1.107064659296412,0.10706465929641196,True,False,90.0
chronos2,LOOP_SEATTLE_5T,Loop Seattle,7,L7,block,block_depth,True,7,0.5833333333333334,0.5833333333333334,False,False,False,False,False,False,True,False,False,False,True,12304,0.2000733101669386,0.2098048513876061,0.19036478340156548,0.025497869635000812,0.008296405265946665,0.01646600605365431,0.2000733101669386,4.578815497866391,5.013135662519606,4.174106213254267,0.8423901169035424,0.3221054277167456,0.5664223903488574,4.578815497866391,1.0444828456727795,1.1443236243683175,0.9468104860247454,0.16820634686873143,0.0711836879153453,0.1181704174176248,1.0444828456727795,0.9239583538867369,0.0,0.07670713149196794,0.08457635190321854,0.06949249816446568,0.014234396796256302,0.005386411913261166,0.00948905602261775,0.07670713149196794,0.2265478453359739,0.24982482291587438,1.083315395195284,0.08331539519528408,True,False,90.0
chronos2,LOOP_SEATTLE_5T,Loop Seattle,8,L8,block,block_depth,True,8,0.6666666666666666,0.6666666666666666,True,False,False,False,False,True,False,False,False,True,False,12304,0.19792188937199934,0.20835225459557907,0.18754875603210153,0.026523614403230086,0.011274770955832394,0.018617426848593577,0.19792188937199934,4.499446191038904,4.929757047793599,4.09142638836708,0.9113099667922112,0.41376993138514745,0.6457916971763451,4.499446191038904,1.0207378593911658,1.1168028054133805,0.9263335742516644,0.19146204393229296,0.0955723107505183,0.1419154036992385,1.0207378593911658,0.9140228796620581,0.0,0.0753774880813349,0.08319703218337134,0.0681327566792062,0.015322033841588317,0.0069226155612045785,0.010818699433250784,0.0753774880813349,0.2243004516969666,0.23570399833772018,1.0220832626961145,0.022083262696114492,True,False,90.0
chronos2,LOOP_SEATTLE_5T,Loop Seattle,9,L9,block,block_depth,True,9,0.75,0.75,False,False,False,True,True,False,False,False,True,False,False,12304,0.20494671818579882,0.216410438610838,0.19361540281590617,0.017743554720228507,0.005863946967025967,0.011592598034794094,0.20494671818579882,4.721752695775781,5.19046403678719,4.275658964627992,0.6403773049359075,0.23297180319667185,0.42348519243946736,4.721752695775781,1.0791663287769977,1.1901758493246886,0.9695751736590738,0.12180540996606723,0.047083373420145236,0.08348693431340659,1.0791663287769977,0.9464642345920014,0.0,0.07910170328465932,0.08768518603383711,0.0711169700722367,0.010790365328916102,0.0038916490786165205,0.007094484229926368,0.07910170328465932,0.2205900594837953,0.23139117891324384,1.003381583556705,0.012778074880714474,False,False,65.0
chronos2,LOOP_SEATTLE_5T,Loop Seattle,10,L10,block,block_depth,True,10,0.8333333333333334,0.8333333333333334,False,False,False,False,False,False,False,False,False,False,False,12304,0.20651618338666344,0.21852462079503948,0.19454087364018133,0.015564549691932458,0.004815195089220304,0.010023132833929471,0.20651618338666344,4.823033549820841,5.334194206675652,4.350887880732695,0.5201812014488852,0.14439095738796723,0.32220433839440776,4.823033549820841,1.1072378723767065,1.2296802255359063,0.9897282594357295,0.09105122982070557,0.020942919349898528,0.05541539071369783,1.1072378723767065,0.9537121802688306,0.0,0.08079842240174831,0.08997041563067991,0.07237293160252689,0.008729232852943636,0.0024126584462932196,0.005397765112837377,0.08079842240174831,0.2197438244369827,0.2300700772525245,0.9976528903429117,0.012778074880714474,False,False,45.0
chronos2,LOOP_SEATTLE_5T,Loop Seattle,11,L11,block,block_depth,True,11,0.9166666666666666,0.9166666666666666,False,False,False,False,False,False,False,False,False,False,False,12304,0.21560562757476595,0.22941102385947496,0.20163186278748715,0.004353520550715324,-0.002405332888384109,0.0009336886458269633,0.21560562757476595,5.293831628317454,5.902063969541814,4.707860644153686,0.0018624008917777011,-0.3011609030058443,-0.14859374010220527,5.293831628317454,1.2177063743563157,1.3672486263452053,1.0719264681265341,-0.021215473136449545,-0.09119619369443888,-0.05505311126591139,1.2177063743563157,0.9956881333970973,0.0,0.08868552117876466,0.09961285680974376,0.07833078473426237,3.127843346090837e-05,-0.005059118086018105,-0.002489333664178972,0.08868552117876466,0.2286294446817173,0.23355811643805213,1.0127780748807145,0.012778074880714474,False,False,65.0
chronos2,LOOP_SEATTLE_5T,Loop Seattle,12,L12,block,block_depth,True,12,1.0,1.0,False,True,False,False,False,False,False,True,False,False,False,12304,0.21653931622059291,0.2310592898835947,0.20241328471461098,0.0,0.0,0.0,0.21653931622059291,5.145237888215249,5.727340660053353,4.594769559640844,0.0,0.0,0.0,5.145237888215249,1.1626532630904043,1.2925520172265519,1.0333878982112934,0.0,0.0,0.0,1.1626532630904043,1.0,0.0,0.08619618751458569,0.09654644866279778,0.0764636380632456,0.0,0.0,0.0,0.08619618751458569,0.23780903211625098,0.23061134737297778,1.0,0.0,False,False,65.0
chronos2,LOOP_SEATTLE_5T,Loop Seattle,13,L12+LN,final_norm,head_input_diagnostic,False,12,,,False,False,True,False,False,False,False,False,False,False,False,12304,0.21591439264478118,0.2315903860784157,0.20080578096303378,0.002716758514164403,-0.0015400762808374102,0.0006249235758117311,0.21591439264478118,5.142329891354444,5.762133864379399,4.569185368379745,0.12197197652096471,-0.12739743239436213,0.0029079968608050066,5.142329891354444,1.1596031666855533,1.2915210342071852,1.0316783320929215,0.029535202919330292,-0.02264802024536432,0.003050096404850988,1.1596031666855533,,,0.08614747096383496,0.09711070951005044,0.07610882839885058,0.002044004306457423,-0.002139061930972184,4.8716550750727006e-05,0.08614747096383496,0.23118402572666727,0.23021204527894049,,,False,False,65.0
chronos2,electricity_15min,Electricity 15min,0,Emb,embedding,block_depth,True,0,0.0,0.0,False,False,False,False,False,False,False,False,False,False,False,12304,0.37596475799347606,0.3882118037098464,0.36419873686208754,-0.16779917113319437,-0.19769378389331393,-0.18290465952160248,0.37596475799347606,157.93748540724584,236.27361258567146,94.6611669574298,-38.24380675580526,-104.3267165917751,-67.57669768494054,157.93748540724584,2.4940997630663904,2.693849566954376,2.306615447741121,-0.9916109173810712,-1.1924660297133753,-1.091160024072633,2.4940997630663904,1.9473975252750084,0.9473975252750084,0.2650024373366386,0.31141890259689264,0.2242888086376929,-0.0876478524041245,-0.1486785523237652,-0.11338656904340483,0.2650024373366386,0.37612723783620633,0.3867102460438059,3.019744845839556,2.019744845839556,False,False,0.3
chronos2,electricity_15min,Electricity 15min,1,L1,block,block_depth,True,1,0.08333333333333333,0.08333333333333333,False,False,False,False,False,False,False,False,False,False,False,12304,0.22743900888066254,0.24219413050983585,0.21368182718768033,-0.023302292636460595,-0.04563218425490131,-0.03437891040878896,0.22743900888066254,116.77359870537796,187.827577320312,62.90492695248297,-8.688307987311907,-49.25499452785533,-26.41281098307266,116.77359870537796,1.6239951048335188,1.8077217031833017,1.4577364393880894,-0.16019083202909806,-0.2818101525783983,-0.22105536583976138,1.6239951048335188,1.1780736189451262,0.1780736189451262,0.19593377844216328,0.25749834910917,0.15947602936735594,-0.023272449119701832,-0.06660283026391603,-0.044317910148929524,0.19593377844216328,0.19655395543985762,0.21500429906349144,1.6789266138471486,0.6789266138471486,False,True,1e-05
chronos2,electricity_15min,Electricity 15min,2,L2,block,block_depth,True,2,0.16666666666666666,0.16666666666666666,False,False,False,False,False,False,False,False,False,False,False,12304,0.19307554936932245,0.2073606510916796,0.18013786224804762,0.008071712634120964,-0.007707461318043791,-1.5450897448865408e-05,0.19307554936932245,98.12902847269218,158.95423351977811,52.47235704962514,1.720579241576233,-23.182367690061056,-7.76824075038688,98.12902847269218,1.4219414409312683,1.6017202733998877,1.2575574487850403,0.022002676339446414,-0.058729319243139684,-0.01900170193751083,1.4219414409312683,1.00008003154236,0.05129729692685925,0.16465015668501207,0.23133451256181203,0.12659403716702958,0.003739361487903839,-0.03634374737838145,-0.01303428839177831,0.16465015668501207,0.1502967696594157,0.14524121982052582,1.1341603421255093,0.13784149631951914,False,False,3.0
chronos2,electricity_15min,Electricity 15min,3,L3,block,block_depth,True,3,0.25,0.25,False,False,False,False,False,False,True,False,False,False,False,12304,0.18689833875773973,0.20071709635703047,0.17410211389927008,0.013906939812217824,-0.001503158569023115,0.006161759714133852,0.18689833875773973,94.62397833872109,154.39582954938965,50.96838185545136,5.731260512616737,-20.55509118432473,-4.263190616415784,94.62397833872109,1.3783757924667717,1.5582289474693112,1.2182781553116309,0.06319187395183419,-0.012942857921842398,0.02456394652698579,1.3783757924667717,0.9680837223076858,0.05129729692685925,0.1587690523601306,0.22973936732766478,0.11811620814627909,0.009362875686502245,-0.034840161575884335,-0.007153184066896856,0.1587690523601306,0.13541708306183603,0.13745527482726647,1.0733614170804204,0.13784149631951914,False,False,1.0
chronos2,electricity_15min,Electricity 15min,4,L4,block,block_depth,True,4,0.3333333333333333,0.3333333333333333,False,False,False,False,False,False,False,False,False,False,False,12304,0.1891461054275509,0.2031421687148284,0.1764069850741395,0.011816224333197423,-0.003672856441521242,0.003913993044322689,0.1891461054275509,96.61045591808566,159.21168417327647,50.84101645128136,3.480006508628592,-23.233401674189576,-6.249668195780359,96.61045591808566,1.3922878881707743,1.5712267277958287,1.2316101178041177,0.052092052336017894,-0.02915939187524686,0.010651850822983144,1.3922878881707743,0.9797265562625158,0.05129729692685925,0.16210215215520973,0.23331762678491005,0.1212868922307949,0.00664452511515571,-0.03851699753833888,-0.010486283861975976,0.16210215215520973,0.13365826754826768,0.14159333923447678,1.105674754503629,0.13784149631951914,False,False,0.3
chronos2,electricity_15min,Electricity 15min,5,L5,block,block_depth,True,5,0.4166666666666667,0.4166666666666667,False,False,False,False,False,False,False,False,False,False,False,12304,0.18405130723107407,0.19757548977357856,0.17144959128838574,0.016157580016692735,0.0021626876560501746,0.009008791240799507,0.18405130723107407,91.88603192003241,147.60606231015663,49.2884752560306,4.31036384859259,-10.761856649752586,-1.5252441977271047,91.88603192003241,1.3440988057720562,1.5192898606782674,1.1874694561133006,0.09864906055079818,0.020716128533461588,0.05884093322170125,1.3440988057720562,0.9533368556625285,0.05129729692685925,0.15417506713630147,0.21194471804055895,0.11985977854185056,0.009916976621140326,-0.017023964733614828,-0.0025591988430677115,0.15417506713630147,0.13026909151754557,0.1410063289333391,1.1010909056156053,0.13784149631951914,False,False,0.3
chronos2,electricity_15min,Electricity 15min,6,L6,block,block_depth,True,6,0.5,0.5,False,False,False,False,False,False,False,False,False,False,False,12304,0.18502680149697165,0.19870428272579863,0.17234664523497736,0.0150374609198535,0.0012819552381757547,0.008033296974901932,0.18502680149697165,90.43336275298037,143.40372852817646,49.89639778621859,5.6323793676808815,-7.727324720348597,-0.07257503067506832,90.43336275298037,1.3637886485506812,1.5468113650901676,1.2017508935576828,0.07678877643015652,0.0036529727433463888,0.0391510904430763,1.3637886485506812,0.9583896567002307,0.05129729692685925,0.151737641537686,0.20942386006688052,0.11685590729678573,0.009376497712195822,-0.013112501280293454,-0.00012177324445225568,0.151737641537686,0.13516590623198402,0.1429900166841636,1.1165811361501974,0.13784149631951914,False,False,3.0
chronos2,electricity_15min,Electricity 15min,7,L7,block,block_depth,True,7,0.5833333333333334,0.5833333333333334,False,False,False,False,False,False,False,False,False,False,False,12304,0.19348250072847567,0.2069264510099044,0.18117911210834609,0.006157492785821217,-0.0065844290880913165,-0.0004224022566020891,0.19348250072847567,94.2726935099745,149.11685950462615,52.37554227536368,4.930369864806469,-14.262512587481078,-3.9119057876691983,94.2726935099745,1.3993886911043483,1.572345702744695,1.2439968944441018,0.036596205013864215,-0.027647950452036288,0.003551047889409187,1.3993886911043483,1.002187931426253,0.05129729692685925,0.1581796334797604,0.21614889413427996,0.12000033019502117,0.007591851824037212,-0.022556765921234772,-0.006563765186526654,0.1581796334797604,0.1308002578204169,0.14454917117725802,1.1287562693217557,0.13784149631951914,False,False,1.0
chronos2,electricity_15min,Electricity 15min,8,L8,block,block_depth,True,8,0.6666666666666666,0.6666666666666666,False,False,False,False,False,False,False,False,False,False,False,12304,0.1976882285502462,0.21126426212535815,0.18544472562458425,0.0016076151638839285,-0.010448409446323172,-0.004628130078372622,0.1976882285502462,95.99474887390643,150.1566850713462,54.326595415880135,5.279814405492108,-17.11089165536975,-5.633961151601127,95.99474887390643,1.427946408139114,1.6045170877950374,1.270929102220305,0.006102675431148573,-0.054168798932792826,-0.02500666914535654,1.427946408139114,1.0239724837758066,0.05129729692685925,0.16106906069517976,0.21941053530582166,0.12090727548919686,0.007525191031868126,-0.0274647758786472,-0.009453192401946003,0.16106906069517976,0.12583596790222776,0.14571263052466263,1.1378414963195191,0.13784149631951914,False,False,1.0
chronos2,electricity_15min,Electricity 15min,9,L9,block,block_depth,True,9,0.75,0.75,False,False,False,False,False,False,False,False,False,False,True,12304,0.20296355966791396,0.21604335800502872,0.1907084722967662,-0.0053041357884738025,-0.01439390275307456,-0.00990346119604038,0.20296355966791396,93.53683352400515,142.1968416842224,55.00825199161294,2.5006125476813277,-9.195121967191893,-3.1760458016998427,93.53683352400515,1.4662822398777582,1.6477918209151725,1.307907127054907,-0.037499251490521614,-0.08739541785777669,-0.06334250088400073,1.4662822398777582,1.0512972969268592,0.05129729692685925,0.15694493806012927,0.20301505213169788,0.1255864225833505,0.003249137281730761,-0.01651352718926973,-0.005329069766895511,0.15694493806012927,0.12432259681716112,0.1381960286837043,1.0791458193891208,0.0791458193891208,False,False,3.0
chronos2,electricity_15min,Electricity 15min,10,L10,block,block_depth,True,10,0.8333333333333334,0.8333333333333334,True,False,False,False,False,True,False,False,False,True,False,12304,0.1995647108139655,0.2136819732236811,0.1869302125434384,-0.0034261046158761397,-0.009492552860903032,-0.006504612342091931,0.1995647108139655,94.28989451211412,144.2070620362394,54.92090982827148,0.23414173723028042,-8.888390787348897,-3.929106789808813,94.28989451211412,1.4303867382993627,1.6106489700203659,1.2704891535446525,-0.009053627964409347,-0.044861879015295626,-0.027446999305605235,1.4303867382993627,1.0336921631843028,0.04435537505517084,0.15820849494656086,0.1995349424929089,0.13155153310424197,0.00044723620277402733,-0.014138060929241669,-0.006592626653327105,0.15820849494656086,0.12167370919448188,0.13410519192862602,1.047201273485056,0.04720127348505598,False,False,3.0
chronos2,electricity_15min,Electricity 15min,11,L11,block,block_depth,True,11,0.9166666666666666,0.9166666666666666,False,False,False,True,True,False,False,True,True,False,False,12304,0.20162335154778174,0.21607951492192012,0.18833305483207619,-0.0062418127261841755,-0.010810028717902898,-0.008563253075908162,0.20162335154778174,98.55920535722686,154.24310986205947,55.49321386323889,-2.6935269181915587,-17.343226030552962,-8.198417634921555,98.55920535722686,1.4727969300711687,1.659830490351157,1.3054701192203042,-0.05166749100815366,-0.08867762815388307,-0.06985719107741128,1.4727969300711687,1.0443553750551708,0.04435537505517084,0.1653719481114972,0.20686649730020298,0.13953156961348934,-0.00708081402249988,-0.0191217858770732,-0.013756079818263434,0.1653719481114972,0.12616792277110958,0.12572427032842437,0.9817562922245194,0.0,False,False,10.0
chronos2,electricity_15min,Electricity 15min,12,L12,block,block_depth,True,12,1.0,1.0,False,True,False,False,False,False,False,False,False,False,False,12304,0.19306009847187358,0.2074400542769581,0.18002807431683684,0.0,0.0,0.0,0.19306009847187358,90.3607877223053,139.92612470970107,52.251216152342806,0.0,0.0,0.0,90.3607877223053,1.4029397389937575,1.582844472341103,1.2433226603591916,0.0,0.0,0.0,1.4029397389937575,1.0,0.0,0.15161586829323376,0.1982692977960446,0.12305205433460936,0.0,0.0,0.0,0.15161586829323376,0.1316919680898595,0.12806056994404502,1.0,0.0,False,False,30.0
chronos2,electricity_15min,Electricity 15min,13,L12+LN,final_norm,head_input_diagnostic,False,12,,,False,False,True,False,False,False,False,False,False,False,False,12304,0.19465639687477404,0.2095462981947406,0.18102286795459915,0.0005185145863424168,-0.0036969918837657066,-0.001596298402900459,0.19465639687477404,92.65701813353172,144.10384601597048,53.011564990843475,0.712326282614166,-7.250294065999071,-2.296230411226418,92.65701813353172,1.4055434258391963,1.5822115015830198,1.2479131763269107,0.01245915036014137,-0.017853422484541616,-0.0026036868454388795,1.4055434258391963,,,0.15546870065973917,0.19863428544458908,0.12894241713713966,0.0013347621863969543,-0.008695906960830179,-0.00385283236650541,0.15546870065973917,0.12289120244340626,0.12078634537187696,,,False,False,10.0
chronos2,SZ_TAXI_15T,SZ Taxi,0,Emb,embedding,block_depth,True,0,0.0,0.0,False,False,False,False,False,False,True,False,False,False,True,12304,0.3389013318870312,0.35569304488599296,0.3238300845552331,-0.01900683730028762,-0.042608075321484834,-0.029291499788180353,0.3389013318870312,2.957877042759473,3.192065174580747,2.730320878701713,-0.14191980253263364,-0.24205126660143686,-0.19040194824802414,2.957877042759473,0.8554761751292866,0.9267764407050966,0.7956781212586218,-0.040379213919830424,-0.10240592177893215,-0.0657899647814566,0.8554761751292866,1.0946077829299306,0.09460778292993055,0.2736306368596811,0.30435162119469245,0.24637600400884666,-0.013194673081745292,-0.02240799007304625,-0.01761391890375058,0.2736306368596811,0.312073473453821,0.31626871715371424,1.0997225475128911,0.09972254751289111,False,True,1e-05
chronos2,SZ_TAXI_15T,SZ Taxi,1,L1,block,block_depth,True,1,0.08333333333333333,0.08333333333333333,False,False,False,False,False,False,False,False,False,False,False,12304,0.32836204222761667,0.3433843129242842,0.3147356137657204,-0.010607030799087027,-0.028692717680659837,-0.018752210128765823,0.32836204222761667,2.8716079674543242,3.093635906961819,2.655057014037865,-0.061937183652329364,-0.14551298896402468,-0.10413287294287521,2.8716079674543242,0.8326104954990257,0.8994100554466777,0.7773085388289548,-0.021721675576609766,-0.07210773649314131,-0.04292428515119562,0.8326104954990257,1.06056723070338,0.06056723070337999,0.2656499596118462,0.29595026584789835,0.2390470879963533,-0.005649365152545701,-0.01374509406600617,-0.00963324165591567,0.2656499596118462,0.2787181088724942,0.30647973439250237,1.0656845144231766,0.06568451442317658,False,False,3.0
chronos2,SZ_TAXI_15T,SZ Taxi,2,L2,block,block_depth,True,2,0.16666666666666666,0.16666666666666666,True,False,False,False,False,True,False,False,False,True,False,12304,0.32147006881542695,0.33455307989691696,0.3092043836863759,-0.005985927030157594,-0.018226159984866777,-0.0118602367165761,0.32147006881542695,2.8211359808961256,3.036341140312781,2.6131506199242747,-0.02207028482063464,-0.08495746279676689,-0.05366088638467659,2.8211359808961256,0.8174062861948728,0.8772027977888914,0.7662864755356138,-0.013108631521101729,-0.0467495373928795,-0.027720075847042724,0.8174062861948728,1.0383070415954665,0.038307041595466496,0.26098083996087895,0.29129780493525526,0.23432722356796123,-0.0019731779872809167,-0.008101562165569653,-0.004964122004948446,0.26098083996087895,0.2705249463687711,0.2985593131623971,1.0381438019210507,0.03814380192105071,False,False,10.0
chronos2,SZ_TAXI_15T,SZ Taxi,3,L3,block,block_depth,True,3,0.25,0.25,False,False,False,False,False,False,False,False,False,False,False,12304,0.31806596798392445,0.3317298873256032,0.3056600585866433,-0.0024386647706612415,-0.01608634024667435,-0.008456135885073601,0.31806596798392445,2.7922133464693433,3.0058522999283914,2.5877396039166674,0.002912527130094518,-0.05254744476767562,-0.024738251957894253,2.7922133464693433,0.8108027607677837,0.8731924829962214,0.7575771018110555,-0.005120498983604446,-0.044476394515098806,-0.02111655041995364,0.8108027607677837,1.027312233037786,0.02731223303778596,0.2583052321639852,0.28820261912690914,0.23213688305119734,0.00026147398152191243,-0.00503338740429167,-0.002288514208054704,0.2583052321639852,0.2702024387599235,0.29424078700443107,1.0231275188353253,0.023127518835325267,False,False,45.0
chronos2,SZ_TAXI_15T,SZ Taxi,4,L4,block,block_depth,True,4,0.3333333333333333,0.3333333333333333,False,False,False,False,True,False,False,False,True,False,False,12304,0.315168004291944,0.32852228209137535,0.3027829429731728,-0.00019502057335696457,-0.012210151994935234,-0.0055581721930931804,0.315168004291944,2.778152205774447,2.9934204860472025,2.5711409331323147,0.014768702833780954,-0.03606110056833617,-0.010677111262998196,2.778152205774447,0.8047133344010039,0.8666986098385946,0.7519402077217031,-0.0006282795042489988,-0.03577632242215891,-0.015027124053173857,0.8047133344010039,1.0179521824465787,0.0179521824465787,0.25700444824778546,0.28698491873246246,0.23078496387517589,0.001302943286348139,-0.003448764218818698,-0.000987730291854949,0.25700444824778546,0.26571653817795016,0.29225296049545973,1.0162154927198965,0.01913041024374751,False,False,30.0
chronos2,SZ_TAXI_15T,SZ Taxi,5,L5,block,block_depth,True,5,0.4166666666666667,0.4166666666666667,False,False,False,False,False,False,False,False,False,False,False,12304,0.31484108809859324,0.32872857350426227,0.3020967099123085,0.00011928292134637562,-0.012210044907167188,-0.00523125599974239,0.31484108809859324,2.77957853259335,2.999132531684926,2.5710979259693625,0.011990771832599716,-0.03649900943054325,-0.012103438081901174,2.77957853259335,0.8037643164379576,0.8673342488469591,0.7498070201444708,0.0005950911777515443,-0.03632312125443357,-0.014078106090127607,0.8037643164379576,1.0168962851220829,0.016896285122082855,0.25713639650330267,0.286642451478527,0.23122828940585088,0.001086143599361052,-0.003485248895242679,-0.0011196785473721604,0.25713639650330267,0.26512859160430635,0.2924185926333452,1.0167914251050678,0.01913041024374751,False,False,45.0
chronos2,SZ_TAXI_15T,SZ Taxi,6,L6,block,block_depth,True,6,0.5,0.5,False,False,False,False,False,False,False,False,False,False,False,12304,0.3134509025093837,0.3273317972174249,0.30080852827582605,0.0012133237977440322,-0.010347825100120054,-0.003841070410532832,0.3134509025093837,2.7682136514059756,2.9860531677852955,2.5587759515574193,0.02314927678351494,-0.02449273742974084,-0.0007385568945266208,2.7682136514059756,0.8008326061753661,0.8644896718625109,0.7473676848680627,0.002882920476208959,-0.03235987771864326,-0.01114639582753607,0.8008326061753661,1.012406164185724,0.013185183405926448,0.2560850412129439,0.2859209719538154,0.230207947041071,0.002091121639972533,-0.00227916196120648,-6.832325701339181e-05,0.2560850412129439,0.26504782230795026,0.2919322155798093,1.0151002056345493,0.01913041024374751,False,False,65.0
chronos2,SZ_TAXI_15T,SZ Taxi,7,L7,block,block_depth,True,7,0.5833333333333334,0.5833333333333334,False,False,False,False,False,False,False,False,False,False,False,12304,0.31292824580883366,0.3266916177832545,0.3002557869093158,0.0017965126878176018,-0.010129666970803955,-0.003318413709982815,0.31292824580883366,2.7691603031271006,2.98989675715545,2.55900187350279,0.021737059299466482,-0.02580693520413644,-0.0016852086156515789,2.7691603031271006,0.7997175170552865,0.8633490461094295,0.7458169261487082,0.004269777327921709,-0.032008685936369706,-0.010031306707456444,0.7997175170552865,1.0107180501584436,0.013185183405926448,0.2561726151416743,0.28607597791923073,0.23007230635233034,0.001994282018197674,-0.0024306178038573266,-0.00015589718574376965,0.2561726151416743,0.26400761307622045,0.2922385121958378,1.0161652534138708,0.01913041024374751,False,False,65.0
chronos2,SZ_TAXI_15T,SZ Taxi,8,L8,block,block_depth,True,8,0.6666666666666666,0.6666666666666666,False,False,False,False,False,False,False,False,False,False,False,12304,0.3136920945193523,0.3280476165457796,0.30064158112718126,0.001234232297597003,-0.011598357978539586,-0.00408226242050147,0.3136920945193523,2.771182740850036,2.992287714937635,2.5604396868615154,0.018781907295109732,-0.027757393213096015,-0.0037076463385870007,2.771182740850036,0.8020503817759648,0.8678011589433439,0.7472171503114904,0.002733721694731285,-0.0362958165176816,-0.01236417142813473,0.8020503817759648,1.0131851834059264,0.013185183405926448,0.25635970909931205,0.28616655831311477,0.2301742990403082,0.0017067071665328283,-0.0026437789664682993,-0.00034299114338154357,0.25635970909931205,0.2631486478038506,0.2930912603265964,1.0191304102437475,0.01913041024374751,False,False,65.0
chronos2,SZ_TAXI_15T,SZ Taxi,9,L9,block,block_depth,True,9,0.75,0.75,False,False,False,False,False,False,False,False,False,False,False,12304,0.3131096998277383,0.327356047472224,0.3000884094371054,0.001483651372389137,-0.010160512747004278,-0.0034998677288874402,0.3131096998277383,2.77226891619989,2.994091055677837,2.5590091251410474,0.01794212698029362,-0.02871525732400142,-0.004793821688441113,2.77226891619989,0.8006845150724069,0.8658956941281748,0.7465360957058882,0.0031647714670489566,-0.03305751341186391,-0.010998304724576857,0.8006845150724069,1.0113041233385962,0.011304123338596206,0.2564601902377858,0.286323144443399,0.2302801109537622,0.0016290786492341573,-0.002736041335227948,-0.0004434722818553172,0.2564601902377858,0.2628896450690679,0.2925236047938084,1.01715657105331,0.01715657105330992,False,False,65.0
chronos2,SZ_TAXI_15T,SZ Taxi,10,L10,block,block_depth,True,10,0.8333333333333334,0.8333333333333334,False,False,False,True,False,False,False,True,False,False,False,12304,0.3100721942117581,0.3238347956815209,0.2976656578266277,0.0037421917566695254,-0.005939825134686176,-0.00046236211290723306,0.3100721942117581,2.751729077156732,2.9717062171589252,2.540172344303316,0.03875739280395341,-0.007284398290311467,0.015746017354716813,2.751729077156732,0.7940395856688548,0.8559563627123332,0.7415803826586325,0.008057469156280493,-0.023217807510177726,-0.004353375321024755,0.7940395856688548,1.0014933702517548,0.0014933702517547776,0.25456006756293276,0.2844262820481218,0.22852915178508204,0.0035305513339780195,-0.0007027342271728145,0.0014566503929977492,0.25456006756293276,0.26270770773537444,0.2901396647286721,1.0088671876924018,0.008867187692401801,False,False,65.0
chronos2,SZ_TAXI_15T,SZ Taxi,11,L11,block,block_depth,True,11,0.9166666666666666,0.9166666666666666,False,False,False,False,False,False,False,False,False,False,False,12304,0.3087787312001754,0.321850566420322,0.2971110744497333,0.0033506341780034253,-0.002035239954980543,0.0008311008986754409,0.3087787312001754,2.7546712216535387,2.9802361582223593,2.5397294592959843,0.029870588769307666,-0.00400579543800803,0.012803872857910292,2.7546712216535387,0.7899246267994678,0.8488208130631264,0.7393643129477856,0.007469691616045321,-0.010926209553980376,-0.00023841645163780179,0.7899246267994678,0.9973156508207721,0.0,0.2548322427956271,0.2847286283899097,0.22851546570711548,0.002751022940727902,-0.00036947913756461837,0.0011844751603033998,0.2548322427956271,0.2665815724586397,0.28912221246327346,1.0053293253095943,0.0053293253095942905,False,False,65.0
chronos2,SZ_TAXI_15T,SZ Taxi,12,L12,block,block_depth,True,12,1.0,1.0,False,True,False,False,False,False,False,False,False,False,False,12304,0.30960983209885085,0.3227298743306444,0.29825287458654015,0.0,0.0,0.0,0.30960983209885085,2.767475094511449,2.9919639604499912,2.5531313382178324,0.0,0.0,0.0,2.767475094511449,0.78968621034783,0.8458774270520579,0.7426912695660816,0.0,0.0,0.0,0.78968621034783,1.0,0.0,0.2560167179559305,0.2858458359066188,0.2296310686056154,0.0,0.0,0.0,0.2560167179559305,0.2724954463445302,0.287589554173442,1.0,0.0,False,False,65.0
chronos2,SZ_TAXI_15T,SZ Taxi,13,L12+LN,final_norm,head_input_diagnostic,False,12,,,False,False,True,False,False,False,False,False,False,False,False,12304,0.3090060298832563,0.32274137610951675,0.29718294840735887,0.0020479374135342994,-0.000792729131017722,0.0006038022155945288,0.3090060298832563,2.76822054282962,2.994855446127056,2.5503358966629177,0.011226471251310512,-0.012965504225367719,-0.0007454483181708049,2.76822054282962,0.7907720938113666,0.8486456461862888,0.7422994540387929,0.0030114686923012205,-0.005422673271349004,-0.0010858834635365522,0.7907720938113666,,,0.25608567873256133,0.2860792669575517,0.22988547322562952,0.0010579603445364724,-0.0012166182756492283,-6.896077663082201e-05,0.25608567873256133,0.2653726418495948,0.28797670386922664,,,False,False,30.0
chronos2,monash_london_smart_meters,London Smart Meters,0,Emb,embedding,block_depth,True,0,0.0,0.0,False,False,False,False,False,False,False,False,False,False,False,12304,0.2617230603314993,0.27202533468149087,0.25173887736910516,-0.07198766875578416,-0.08572535975480752,-0.07871399215557645,0.2617230603314993,0.12737359916694085,0.14262910948366753,0.11339586080585516,-0.02829838391688209,-0.03874994255683768,-0.033218852801358736,0.12737359916694085,1.1360518743857801,1.3126629097539249,1.0117703966910505,-0.25647603254563783,-0.3364089027076114,-0.29199050102444446,1.1360518743857801,1.430109791499022,0.43010979149902195,0.6196205714478868,0.6524151203643618,0.5878677030931232,-0.14156043104599964,-0.1824381847806765,-0.16159616035222601,0.6196205714478868,0.27089166329636466,0.26816982363585296,1.3898391416703366,0.3898391416703366,False,False,0.001
chronos2,monash_london_smart_meters,London Smart Meters,1,L1,block,block_depth,True,1,0.08333333333333333,0.08333333333333333,False,False,False,False,False,False,False,False,False,False,False,12304,0.24168567362291213,0.2520960355163303,0.23178819713915008,-0.052029032650837345,-0.0656601539748998,-0.0586766054469893,0.24168567362291213,0.11837375182461585,0.13226435900547923,0.10546165576108771,-0.020039445844952673,-0.029031477365930446,-0.02421900545903373,0.11837375182461585,1.064803428224688,1.2401886489465632,0.9423717143251473,-0.18692265061089305,-0.26101986176222286,-0.2207420548633524,1.064803428224688,1.320621300528041,0.32062130052804094,0.575839987483337,0.6053971425745384,0.5473072933147408,-0.0996494181198026,-0.13706169501776894,-0.11781557638767615,0.575839987483337,0.24480212844074456,0.24845661706369343,1.2876718443571826,0.2876718443571826,False,False,3.0
chronos2,monash_london_smart_meters,London Smart Meters,2,L2,block,block_depth,True,2,0.16666666666666666,0.16666666666666666,False,False,False,False,False,False,False,False,False,False,False,12304,0.19799474803091005,0.20668837234861295,0.18980664972372296,-0.011058269259839796,-0.018834799157725717,-0.014985679854987222,0.19799474803091005,0.10139843763534216,0.11467414274686738,0.08962325830256815,-0.004894118076476427,-0.009866420219813224,-0.007243691269760044,0.10139843763534216,0.911133818206827,1.0845748012020948,0.794741694816798,-0.04821179523909296,-0.08926612789168456,-0.06707244484549135,0.911133818206827,1.081884903323926,0.08188490332392595,0.49326201255558494,0.5261791237208453,0.46327583662843536,-0.024318929807624328,-0.04641805205700551,-0.035237601459924106,0.49326201255558494,0.20821638398909328,0.21518249366119618,1.1152226161682701,0.11522261616827012,False,False,3.0
chronos2,monash_london_smart_meters,London Smart Meters,3,L3,block,block_depth,True,3,0.25,0.25,False,False,False,False,False,False,True,False,False,False,True,12304,0.1921513314636154,0.20067205337082383,0.1839451083067435,-0.005881018021662956,-0.012412636984097012,-0.009142263287692576,0.1921513314636154,0.09849034058173071,0.11138286818908212,0.08719858033106803,-0.0026105319157371048,-0.006241035525837624,-0.004335594216148597,0.09849034058173071,0.8867223049296381,1.061849575780239,0.7711890419815135,-0.0276528507906821,-0.059700113518203535,-0.04266093156830242,0.8867223049296381,1.0499552474574882,0.04995524745748825,0.4791153073516048,0.5112215132782805,0.44939825739187683,-0.01290081994556557,-0.029618133615521992,-0.02109089625594396,0.4791153073516048,0.1982747472814649,0.2042541831148831,1.0585846486905452,0.05858464869054525,False,False,3.0
chronos2,monash_london_smart_meters,London Smart Meters,4,L4,block,block_depth,True,4,0.3333333333333333,0.3333333333333333,True,False,False,False,False,True,False,False,False,True,False,12304,0.18921608244644778,0.19760984081831826,0.18125815940594286,-0.003151522265064695,-0.009234867488808985,-0.0062070142705249465,0.18921608244644778,0.09719245152734107,0.10976507497551119,0.0861030642337068,-0.0011991092287397967,-0.005012702837502387,-0.003037705161758955,0.09719245152734107,0.8745822735459547,1.0486566554508843,0.7602000266735314,-0.016819457970206644,-0.0457778884220963,-0.03052090018461906,0.8745822735459547,1.0339164301113115,0.03391643011131151,0.4728016068452475,0.5039745924002214,0.443569032604542,-0.005823495181817878,-0.02392862313055257,-0.014777195749586691,0.4728016068452475,0.19728350849926385,0.20072273376845676,1.0402822667821534,0.04028226678215341,False,False,10.0
chronos2,monash_london_smart_meters,London Smart Meters,5,L5,block,block_depth,True,5,0.4166666666666667,0.4166666666666667,False,False,False,False,False,False,False,False,False,False,False,12304,0.18713440522835909,0.19568733029806884,0.17892314016157834,-0.0014850169565983685,-0.006793457308414457,-0.0041253370524362565,0.18713440522835909,0.09641908333600821,0.10920735163044622,0.08510855513874174,-0.0008223555790459258,-0.003866314799838909,-0.0022643369704260924,0.09641908333600821,0.8640161337067237,1.0370375462719121,0.7494455328936895,-0.008990922900028956,-0.032154931644616844,-0.019954760345388012,0.8640161337067237,1.0225417084167143,0.022541708416714323,0.46903948625049824,0.5021525904848742,0.438463023944708,-0.004048898350308126,-0.018401210059016196,-0.011015075154837406,0.46903948625049824,0.19478145489600118,0.1993845133821814,1.0333466949575165,0.03334669495751652,False,False,10.0
chronos2,monash_london_smart_meters,London Smart Meters,6,L6,block,block_depth,True,6,0.5,0.5,False,False,False,False,False,False,False,False,False,False,False,12304,0.18640292624992724,0.1949814831610513,0.17816410846084016,-0.0006888465056522965,-0.006137535716087097,-0.0033938580740044133,0.18640292624992724,0.09596767689398016,0.1086801859585892,0.08473250905438717,-0.00043358201493786167,-0.0033540705519031285,-0.001812930528398038,0.09596767689398016,0.8611000606632059,1.0346859308261689,0.7463411509000752,-0.005819377969462002,-0.029154519274225278,-0.017038687301870192,0.8611000606632059,1.0185447535897072,0.018686737641681717,0.4668435781549902,0.500024936940216,0.4362237619915616,-0.002125859063336628,-0.015990602894258372,-0.008819167059329391,0.4668435781549902,0.19251130486823823,0.19788425987344663,1.0255713568504996,0.027276367652100175,False,False,10.0
chronos2,monash_london_smart_meters,London Smart Meters,7,L7,block,block_depth,True,7,0.5833333333333334,0.5833333333333334,False,False,False,False,False,False,False,False,False,False,False,12304,0.18642891061897496,0.19500888073674708,0.17816122054399652,-0.0009831510530429154,-0.005907953169751393,-0.003419842443052129,0.18642891061897496,0.09608764855582758,0.10860843854349213,0.08504615130723336,-0.000707714539391798,-0.0033102834055844686,-0.0019329021902454585,0.09608764855582758,0.859323025517433,1.0314640816108818,0.74504393874598,-0.0054952188707905894,-0.025668651229592613,-0.015261652156097316,0.859323025517433,1.0186867376416817,0.018686737641681717,0.46742719132253546,0.5003889507839373,0.4372762484775241,-0.003490551143160234,-0.015773332231874392,-0.00940278022687463,0.46742719132253546,0.19182900748505569,0.19821324215078626,1.0272763676521002,0.027276367652100175,False,False,10.0
chronos2,monash_london_smart_meters,London Smart Meters,8,L8,block,block_depth,True,8,0.6666666666666666,0.6666666666666666,False,False,False,False,False,False,False,False,False,False,False,12304,0.1857793766663957,0.19451076324446168,0.17737269654251522,-0.000293140972161119,-0.005295861098659394,-0.0027703084904728836,0.1857793766663957,0.09565612558094079,0.10826834502095364,0.08460012262080466,-0.0002920917522683717,-0.0028679946315594974,-0.0015013792153586725,0.09565612558094079,0.8572162339896684,1.0293680189042027,0.7425233361604279,-0.003157391276742902,-0.023798826762258148,-0.01315486062833271,0.8572162339896684,1.015137547653157,0.015137547653157002,0.46532800817908193,0.4981222480081888,0.4352415415780619,-0.0014569059056989107,-0.013649843369125692,-0.007303597083421098,0.46532800817908193,0.1918572110926981,0.1979159070107773,1.025735373925902,0.025735373925902083,False,False,10.0
chronos2,monash_london_smart_meters,London Smart Meters,9,L9,block,block_depth,True,9,0.75,0.75,False,False,False,False,True,False,False,False,True,False,False,12304,0.1848986052858238,0.19349498390184558,0.17658242648751793,0.00022998743811411038,-0.00401149229928569,-0.001889537109900974,0.1848986052858238,0.09494558150342931,0.10742543718212601,0.08400268832074946,0.0003701349960659607,-0.0020313324470103917,-0.0007908351378471956,0.09494558150342931,0.8529921264354453,1.0254917089084463,0.7394273689611882,-0.00043641327165651426,-0.017739672368945556,-0.00893075307410962,0.8529921264354453,1.0103248277734773,0.010324827773477319,0.46187150125593585,0.494204575839912,0.43140018545906905,0.0017987333010767933,-0.009687072127714313,-0.003847090160275013,0.46187150125593585,0.19165738515684133,0.19562210869897184,1.0138473447896577,0.013847344789657656,False,False,10.0
chronos2,monash_london_smart_meters,London Smart Meters,10,L10,block,block_depth,True,10,0.8333333333333334,0.8333333333333334,False,False,False,False,False,False,False,False,False,False,False,12304,0.18363271390606883,0.1921720406417344,0.17535351396019336,0.0012666552647493073,-0.0025765235749080255,-0.0006236457301460052,0.18363271390606883,0.09463574639923013,0.10716760189333352,0.0837618884795072,0.0005925379306356768,-0.001629534476845849,-0.00048100003364801025,0.09463574639923013,0.8492487794886535,1.0226102718742351,0.735532452976624,0.002371240444516454,-0.013397552287288849,-0.0051874061273178285,0.8492487794886535,1.0034077313018528,0.00340773130185279,0.46036427993555135,0.49338608532674066,0.4299454888728894,0.002852960383948744,-0.007857004271915751,-0.002339868839890513,0.46036427993555135,0.19450155676073974,0.19496897087638615,1.0104623386080243,0.010462338608024258,False,False,30.0
chronos2,monash_london_smart_meters,London Smart Meters,11,L11,block,block_depth,True,11,0.9166666666666666,0.9166666666666666,False,False,False,True,False,False,False,True,False,False,False,12304,0.18296880218136402,0.19160487842426158,0.17451848828354638,0.0014272968679353917,-0.0013819915754365148,4.026599455880797e-05,0.18296880218136402,0.09382151682031592,0.10632295990385428,0.08296259685420633,0.001001156588061256,-0.00031630964288987363,0.00033322954526619764,0.09382151682031592,0.8441436301771517,1.0174373657989342,0.7310567625105242,0.005828276399894028,-0.0064049206484638275,-8.22568158159731e-05,0.8441436301771517,0.9997799781455633,0.0,0.4564033853681037,0.489439622784014,0.4257211072509809,0.004791840989902106,-0.0015525591740888523,0.0016210257275571238,0.4564033853681037,0.19244219925537856,0.19310804443675597,1.0008177470932111,0.0008177470932111408,False,False,10.0
chronos2,monash_london_smart_meters,London Smart Meters,12,L12,block,block_depth,True,12,1.0,1.0,False,True,False,False,False,False,False,False,False,False,False,12304,0.18300906817592283,0.19161231312225394,0.17456011089482096,0.0,0.0,0.0,0.18300906817592283,0.09415474636558212,0.10691607141464105,0.08319789982032763,0.0,0.0,0.0,0.09415474636558212,0.8440613733613357,1.0161149563501255,0.7298461769747784,0.0,0.0,0.0,0.8440613733613357,1.0,0.0,0.45802441109566083,0.49181607984952697,0.4269244243527166,0.0,0.0,0.0,0.45802441109566083,0.19601209536515488,0.19295025992256995,1.0,0.0,False,False,30.0
chronos2,monash_london_smart_meters,London Smart Meters,13,L12+LN,final_norm,head_input_diagnostic,False,12,,,False,False,True,False,False,False,False,False,False,False,False,12304,0.1787015310140284,0.18771736218793073,0.16990151077594237,0.005667359268875747,0.002924656615955103,0.0043075371618944425,0.1787015310140284,0.09189792472383351,0.10475286403616757,0.08082985912100069,0.0032536610335577804,0.0012638220242571457,0.0022568216417486048,0.09189792472383351,0.8260845405868985,0.9983466758407878,0.7116454222566748,0.02521009712358713,0.010548158247297313,0.01797683277443718,0.8260845405868985,,,0.44704589494740105,0.4817637368914427,0.4152347076223047,0.016041751444613485,0.006085277557123739,0.010978516148259787,0.44704589494740105,0.1880055776205304,0.18904636587009174,,,False,False,3.0
chronos2,m5,M5,0,Emb,embedding,block_depth,True,0,0.0,0.0,True,False,False,False,False,True,True,False,False,True,True,12304,0.29444437192482803,0.30937304673929705,0.28058212512592207,-0.013495231598245972,-0.025836080438208592,-0.019359984627093096,0.29444437192482803,1.145426193748743,1.3773699156572212,0.9551182933739761,-0.05766848140736455,-0.13260265101694121,-0.09156827251959787,1.145426193748743,1.1598358749765825,1.2998935481488325,1.0391018300096864,-0.03899030139751152,-0.1009407865365241,-0.0674030081129331,1.1598358749765825,1.07037834759462,0.07037834759462003,0.8130770590038084,0.9162097977049984,0.727589863919464,-0.04340188848721753,-0.09102307098653663,-0.06499944049177675,0.8130770590038084,0.2735028125003643,0.27560210131279383,1.0408684780344546,0.04086847803445459,False,False,0.0001
chronos2,m5,M5,1,L1,block,block_depth,True,1,0.08333333333333333,0.08333333333333333,False,False,False,True,True,False,False,True,True,False,False,12304,0.27769940052153047,0.2909542909265275,0.2650454516895826,0.000859680882733295,-0.006320590785356166,-0.002615013223795537,0.27769940052153047,1.0644570055655456,1.26997849304733,0.8974190859054952,0.019121079059528655,-0.03700388000161603,-0.010599084336400333,1.0644570055655456,1.0989055723857624,1.2251412024348352,0.9899171541333568,0.008157770100894083,-0.02250337142252475,-0.006472705522112987,1.0989055723857624,1.0095062218887951,0.00950622188879513,0.7556013440627536,0.8500625078272821,0.6792080709759061,0.013336818522091086,-0.025280052424428896,-0.007523725550721894,0.7556013440627536,0.2542661615223804,0.26299408277965913,0.9932516819392758,0.0,False,False,30.0
chronos2,m5,M5,2,L2,block,block_depth,True,2,0.16666666666666666,0.16666666666666666,False,False,False,False,False,False,False,False,False,False,False,12304,0.2759707495001436,0.2894617350878663,0.26313330992267164,0.002608482240350858,-0.00460212664493854,-0.0008863622024086748,0.2759707495001436,1.0643366088224897,1.2713397300211366,0.8951464376067246,0.017172650901406256,-0.036102485001072035,-0.010478687593344471,1.0643366088224897,1.0881933692996713,1.213072671129348,0.9810447644969089,0.01920689808802548,-0.011615276764331777,0.004239497563978123,1.0881933692996713,1.0032221465242568,0.003222146524256786,0.7555158808261944,0.8487068145061795,0.6789655201467871,0.012139913566695967,-0.025013969488088546,-0.007438262314162669,0.7555158808261944,0.2531036787093156,0.262391971466878,0.9909776837267928,0.0,False,False,45.0
chronos2,m5,M5,3,L3,block,block_depth,True,3,0.25,0.25,False,False,False,False,False,False,False,False,False,False,False,12304,0.2705814660533921,0.2841919422782389,0.257164658556998,0.008106824690973732,0.0007491294095534882,0.004502921244342817,0.2705814660533921,1.0520695817223842,1.254796601469414,0.8868535409499154,0.036704883879120985,-0.02798064451036703,0.0017883395067610497,1.0520695817223842,1.0684332733070832,1.1941540441868563,0.9607317445055179,0.03972522756736363,0.007317053516359784,0.023999593556566223,1.0684332733070832,0.9836307640408937,0.0,0.7468081715283733,0.839392566883826,0.6733269383548552,0.025039938912903365,-0.018863280857826622,0.0012694469836583844,0.7468081715283733,0.24667568805719722,0.2565266566479024,0.9688261062179873,0.0,False,False,30.0
chronos2,m5,M5,4,L4,block,block_depth,True,4,0.3333333333333333,0.3333333333333333,False,False,False,False,False,False,False,False,False,False,False,12304,0.26879466463676616,0.2824912384419012,0.2553225923654844,0.009787691458313227,0.0026393741100870006,0.006289722660968777,0.26879466463676616,1.046323679031487,1.2495680558942657,0.8803564300709631,0.03629951372959339,-0.017327535916696373,0.007534242197658303,1.046323679031487,1.0623008473293207,1.186971222833989,0.9551096011951082,0.04534060957327841,0.013885786001814083,0.030132019534328647,1.0623008473293207,0.9771352975617582,0.0,0.7427294611874242,0.8348395648232694,0.6682587546990457,0.024922984516830574,-0.01174119690681673,0.005348157324607472,0.7427294611874242,0.24392809576276087,0.2545939053174194,0.96152667008816,0.0,False,False,30.0
chronos2,m5,M5,5,L5,block,block_depth,True,5,0.4166666666666667,0.4166666666666667,False,False,False,False,False,False,False,False,False,False,False,12304,0.2671227415540177,0.2808713303829138,0.25359578235163743,0.01136533158248335,0.004445106857491786,0.007961645743717216,0.2671227415540177,1.0460695553613355,1.2524677975881278,0.8773698729907893,0.0339324912630807,-0.017195754163261162,0.007788365867809732,1.0460695553613355,1.056661522041126,1.1818233087400563,0.9493549858164395,0.050499207913226464,0.01990361059850021,0.03577134482252342,1.056661522041126,0.9710574423291424,0.0,0.7425490723265116,0.8325107705753061,0.6699572496205384,0.02421209802345207,-0.011233609420879264,0.005528546185520122,0.7425490723265116,0.24088057568711008,0.25309166284491313,0.9558531399207624,0.0,False,False,30.0
chronos2,m5,M5,6,L6,block,block_depth,True,6,0.5,0.5,False,False,False,False,False,False,False,False,False,False,False,12304,0.2661526763157649,0.2798717271314422,0.25266065012329464,0.012327424817334674,0.005435700593907236,0.008931710981970042,0.2661526763157649,1.044057866419381,1.2506625016284196,0.8760206686728738,0.0346328950822157,-0.013469699624112586,0.009800054809764314,1.044057866419381,1.0528882277183074,1.1767082584908188,0.9456753747395864,0.05436006104231343,0.023958709307280057,0.03954463914534201,1.0528882277183074,0.9675310145017322,0.0,0.7411210814725555,0.8321210762982479,0.6676119389793141,0.02433446005975087,-0.008705911161001587,0.006956537039476185,0.7411210814725555,0.239001875123279,0.25172394488490263,0.9506876694666717,0.0,False,False,30.0
chronos2,m5,M5,7,L7,block,block_depth,True,7,0.5833333333333334,0.5833333333333334,False,False,False,False,False,False,False,False,False,False,False,12304,0.2659481983660287,0.27969053741615574,0.2522796301494658,0.012525785373850894,0.005639393468749998,0.009136188931706257,0.2659481983660287,1.040003003397987,1.2416786633271564,0.8751933988454483,0.03538199537391136,-0.00410696129604689,0.01385491783115822,1.040003003397987,1.05241902141351,1.1767037853185969,0.944707045747047,0.055380868452356694,0.0241470739017001,0.04001384545013931,1.05241902141351,0.9667876864206845,0.0,0.7382427501421813,0.8333578775032915,0.6606453935828386,0.023806425011328614,-0.002962276169939223,0.00983486836985037,0.7382427501421813,0.23795563881679663,0.2515671663555025,0.9500955628444513,0.0,False,False,30.0
chronos2,m5,M5,8,L8,block,block_depth,True,8,0.6666666666666666,0.6666666666666666,False,False,False,False,False,False,False,False,False,False,False,12304,0.26595180603952806,0.27945772640705674,0.2526045158068216,0.012569842295266155,0.005716397930007696,0.009132581258206873,0.26595180603952806,1.0447553307705095,1.2468156214326915,0.879224832372286,0.03391087123648753,-0.011030757872612939,0.009102590458635706,1.0447553307705095,1.0510475256417227,1.1747039474302057,0.9447933623274835,0.057052227023403984,0.025724608931806885,0.04138534122192672,1.0510475256417227,0.9668008012089675,0.0,0.7416161742742311,0.8393966812066626,0.6636824972437867,0.02276384968563681,-0.0076620914253131165,0.006461444237800595,0.7416161742742311,0.2376949215331883,0.2512111564003329,0.9487510174348286,0.0,False,False,30.0
chronos2,m5,M5,9,L9,block,block_depth,True,9,0.75,0.75,False,False,False,False,False,False,False,False,False,False,False,12304,0.2662528903998491,0.2796336567025802,0.2528495762600272,0.01192927855237578,0.0057499086615835655,0.008831496897885815,0.2662528903998491,1.0441752759935405,1.2522659746974911,0.8772567027140915,0.028810276229494232,-0.007199261642354543,0.009682645235604692,1.0441752759935405,1.053296940197674,1.176794162940133,0.9474333467424453,0.05303830248930495,0.02504872042595671,0.03913592666597543,1.053296940197674,0.9678953175618538,0.0,0.7412044242769873,0.8362247124937986,0.6645299401550657,0.02009545795274816,-0.004797373257159024,0.0068731942350444,0.7412044242769873,0.23859348986565082,0.2523857366208357,0.9531870631711291,0.0,False,False,30.0
chronos2,m5,M5,10,L10,block,block_depth,True,10,0.8333333333333334,0.8333333333333334,False,False,False,False,False,False,False,False,False,False,False,12304,0.2690114321770104,0.2824051205680229,0.2558028767340397,0.008830496485750265,0.003243119089032409,0.0060729551207245325,0.2690114321770104,1.049641305601467,1.2619862498305092,0.8799928131429178,0.015188420257904348,-0.006839021675865675,0.004216615627678166,1.049641305601467,1.0654807442376546,1.191628498618898,0.9590785120933696,0.04001168149801908,0.013259807071189938,0.02695212262599478,1.0654807442376546,0.9779233013535169,0.0,0.745084467620064,0.8399749238768949,0.6642007366620806,0.01120925328840618,-0.004783237535920299,0.002993150891967722,0.745084467620064,0.24390310244541213,0.25590203567372477,0.9664670956021618,0.0,False,False,45.0
chronos2,m5,M5,11,L11,block,block_depth,True,11,0.9166666666666666,0.9166666666666666,False,False,False,False,False,False,False,False,False,False,False,12304,0.2729217482958245,0.28574072414554147,0.26034699434535363,0.004146513202981216,0.0002371035096811303,0.002162639001910438,0.2729217482958245,1.0505686920127733,1.2603488676637595,0.8831754246558375,0.0139938859424554,-0.006187976992843574,0.0032892292163719805,1.0505686920127733,1.0797741988098597,1.203929593770568,0.9746976935468515,0.021443632851661516,0.003848981548260094,0.012658668053789679,1.0797741988098597,0.9921382706479458,0.0,0.7457427698485098,0.8407487229632951,0.666094382085492,0.00993523802355898,-0.004322282466711946,0.002334848663521849,0.7457427698485098,0.2501147213930443,0.2614357100074528,0.9873661640571905,0.0,False,False,45.0
chronos2,m5,M5,12,L12,block,block_depth,True,12,1.0,1.0,False,True,False,False,False,False,False,False,False,False,False,12304,0.27508438729773493,0.2873862345990874,0.2630310087503851,0.0,0.0,0.0,0.27508438729773493,1.0538579212291452,1.2685569592934258,0.8838067438987846,0.0,0.0,0.0,1.0538579212291452,1.0924328668636494,1.217815958734738,0.9868647781144059,0.0,0.0,0.0,1.0924328668636494,1.0,0.0,0.7480776185120317,0.8454504143230398,0.6663844993568061,0.0,0.0,0.0,0.7480776185120317,0.2533761917171169,0.2647809085670773,1.0,0.0,False,False,45.0
chronos2,m5,M5,13,L12+LN,final_norm,head_input_diagnostic,False,12,,,False,False,True,False,False,False,False,False,False,False,False,12304,0.274678222365848,0.2868947920855135,0.26241286373164024,0.002062348820240679,-0.0011643144995230072,0.00040616493188694314,0.274678222365848,1.0482660063290998,1.2576249902890333,0.8798771061605202,0.014941095352763925,-0.003001354735158951,0.005591914900045403,1.0482660063290998,1.0851738242206295,1.2073076285727498,0.9816491016225593,0.014804442034576851,0.0004582399593831251,0.007259042643019908,1.0851738242206295,,,0.7441082159036906,0.8405844145040843,0.6625199726560255,0.010168985204339537,-0.0022858970407716728,0.0039694026083411105,0.7441082159036906,0.2532366653677167,0.26393822513748216,,,False,False,65.0
chronos2,wiki_daily_100k,Wiki Daily,0,Emb,embedding,block_depth,True,0,0.0,0.0,False,False,False,False,False,False,False,False,False,False,False,12304,0.2756279184276821,0.290837465080198,0.26051225322547533,-0.03547082407300486,-0.05195051725271321,-0.04358718461776506,0.2756279184276821,48.28815806149357,64.11540152464693,34.13047336094649,-0.42220963491867236,-11.584597140078449,-5.924736095814055,48.28815806149357,1.004702202483857,1.0840220507181664,0.9334234375547606,-0.11772238082851297,-0.1902072997863348,-0.15266459168451973,1.004702202483857,1.1878428149321005,0.18784281493210053,0.35078327017959554,0.4372428958097298,0.2838241146555239,-0.003126745627029289,-0.08243080977612029,-0.0430395025628042,0.35078327017959554,0.27466358910909344,0.2717835166356491,1.228589659328816,0.22858965932881592,False,False,0.01
chronos2,wiki_daily_100k,Wiki Daily,1,L1,block,block_depth,True,1,0.08333333333333333,0.08333333333333333,False,False,False,False,False,False,True,False,False,False,True,12304,0.25088667377602053,0.2657579757977021,0.2356826407020869,-0.012323522024951501,-0.02605299046902939,-0.01884593996610351,0.25088667377602053,43.711335997737415,58.71457070707887,30.469381324367394,4.840989742441226,-8.069147802171365,-1.3479140320579006,43.711335997737415,0.9224237962577297,0.9978665655794755,0.8541238170602043,-0.040010617404491064,-0.10700479137401117,-0.07038618545839248,0.9224237962577297,1.0812182398179353,0.0812182398179353,0.31753552010989966,0.3960176242280671,0.2576417239845875,0.034829701710236985,-0.05844643175691331,-0.009791752493108319,0.31753552010989966,0.23712332188078286,0.2326214006099537,1.0515584273313796,0.05155842733137961,False,False,10.0
chronos2,wiki_daily_100k,Wiki Daily,2,L2,block,block_depth,True,2,0.16666666666666666,0.16666666666666666,True,False,False,False,False,True,False,False,False,True,False,12304,0.24932839865049788,0.26390927936384123,0.23457839442452572,-0.011415770207354034,-0.023560293710911447,-0.017287664840580863,0.24932839865049788,43.303909929276344,58.14716206566511,30.347570227499336,4.492881731118456,-6.748418580205638,-0.94048796359683,43.303909929276344,0.9134134588809033,0.9864320263330663,0.8462931007757198,-0.03424532494148602,-0.09328689235768431,-0.06137584808156604,0.9134134588809033,1.0745027157806808,0.0745027157806808,0.3145758245160195,0.3909011186384985,0.2558399298917816,0.03258956305722081,-0.04777348443855206,-0.006832056899228167,0.3145758245160195,0.2325423202494766,0.229897758560895,1.0392462808899432,0.0392462808899432,False,False,10.0
chronos2,wiki_daily_100k,Wiki Daily,3,L3,block,block_depth,True,3,0.25,0.25,False,False,False,False,False,False,False,False,False,False,False,12304,0.24125131186922544,0.25546349930392137,0.22690075632746382,-0.004610402166189352,-0.01444477503728266,-0.009210578059308416,0.24125131186922544,41.39637828260432,55.71440013738423,28.782658100514634,6.650399739968534,-4.759939156226892,0.9670436830751967,41.39637828260432,0.8829791465187704,0.95483862233569,0.8181968528530649,-0.00779129960548145,-0.058873763517592104,-0.030941535719433144,0.8829791465187704,1.039693798188268,0.039693798188267904,0.3007188000227977,0.37164610555329214,0.24420889645962965,0.04871123078663625,-0.033450407455566294,0.007024967593993625,0.3007188000227977,0.22486583412848038,0.22629146075999465,1.022944114218864,0.022944114218863998,False,False,10.0
chronos2,wiki_daily_100k,Wiki Daily,4,L4,block,block_depth,True,4,0.3333333333333333,0.3333333333333333,False,False,False,False,False,False,False,False,False,False,False,12304,0.23865121908713388,0.25282629287467545,0.22442832414970826,-0.00249050325351476,-0.011230475089747356,-0.00661048527721686,0.23865121908713388,42.06274271601015,57.36634024532549,28.560083894689456,4.341969107191512,-3.965142189973752,0.3006792496693649,42.06274271601015,0.8707297715305432,0.9422515371149225,0.8064693391706202,0.0028536652194309934,-0.043089860550287594,-0.018692160731205942,0.8707297715305432,1.028488469109187,0.028488469109186898,0.30555952090479527,0.38568822514579526,0.242834341254585,0.03341413039043552,-0.02816328668673898,0.002184246711996074,0.30555952090479527,0.21986782157438214,0.22578156530458965,1.0206391463105666,0.020639146310566625,False,False,10.0
chronos2,wiki_daily_100k,Wiki Daily,5,L5,block,block_depth,True,5,0.4166666666666667,0.4166666666666667,False,False,False,False,True,False,False,False,True,False,False,12304,0.23642515510548162,0.2507001919401738,0.22233033678067832,-0.00043362791593121186,-0.008879286068925313,-0.0043844212955646,0.23642515510548162,40.77497250260132,55.59237601683284,27.854447816283663,6.1182129602778454,-2.796484830029132,1.5884494630781916,40.77497250260132,0.8601905127338836,0.9301023371018164,0.7962903033311061,0.013663921408856576,-0.032385419104469376,-0.00815290193454632,0.8601905127338836,1.0188950501214853,0.022251964960596338,0.29620467564181874,0.3749657551017067,0.23466760820553317,0.04503333156604997,-0.02025648496722762,0.011539091974972604,0.29620467564181874,0.22065652549330952,0.2245081069218066,1.014882513899447,0.014882513899447058,False,False,30.0
chronos2,wiki_daily_100k,Wiki Daily,6,L6,block,block_depth,True,6,0.5,0.5,False,False,False,False,False,False,False,False,False,False,False,12304,0.23660158330418227,0.2509641743162007,0.2224846732678276,-0.0006053151285545793,-0.008909195027747771,-0.0045608494942652456,0.23660158330418227,39.83527510418468,54.583489214100304,27.22152350618699,8.104673379109807,-2.470211592018703,2.5281468614948324,39.83527510418468,0.8586049206016201,0.927680277129477,0.7957965023176885,0.016063537251203644,-0.03093131686929999,-0.006567309802282817,0.8586049206016201,1.0196553829984067,0.022251964960596338,0.2893783617042262,0.3696272043403242,0.2298983227397348,0.05903306142348018,-0.017615805265444793,0.018365405912565136,0.2893783617042262,0.21903268718715208,0.22363166481199612,1.0109205822619334,0.011332605334670509,False,False,30.0
chronos2,wiki_daily_100k,Wiki Daily,7,L7,block,block_depth,True,7,0.5833333333333334,0.5833333333333334,False,False,False,False,False,False,False,False,False,False,False,12304,0.23720409608808637,0.2515358055127742,0.2231248545599035,-0.0014470884466245258,-0.009313081669130615,-0.005163362278169353,0.23720409608808637,40.137444772528546,54.72131747828757,27.648006690228126,7.400746551191351,-2.399515204949054,2.2259771931509675,40.137444772528546,0.8616559470798654,0.9298637709909472,0.7998443165853089,0.012105042189091423,-0.03293047851857766,-0.009618336280528106,0.8616559470798654,1.0222519649605963,0.022251964960596338,0.29157343537582414,0.366793383777823,0.23335177216297368,0.054389244687495626,-0.017359109240049898,0.0161703322409672,0.29157343537582414,0.21840067071254918,0.22372281084988863,1.0113326053346705,0.011332605334670509,False,False,30.0
chronos2,wiki_daily_100k,Wiki Daily,8,L8,block,block_depth,True,8,0.6666666666666666,0.6666666666666666,False,False,False,True,False,False,False,True,False,False,False,12304,0.2362870229194865,0.2503887297048852,0.2223556874319911,-0.0006591070990810474,-0.008302666277816615,-0.004246289109569479,0.2362870229194865,39.60196613451811,53.48164453858266,27.306660590548315,7.981604940967546,-2.088248274695706,2.761455831161406,39.60196613451811,0.8581894519429568,0.9262130809355394,0.7967019197457529,0.015118601102923453,-0.029761720192242103,-0.006151841143619552,0.8581894519429568,1.018299757287649,0.0182997572876491,0.2876835179448587,0.35791820545318986,0.2327072703279505,0.05879559251022553,-0.015274570379429154,0.02006024967193265,0.2876835179448587,0.21809139183403087,0.22283544205129147,1.0073212799111753,0.00732127991117526,False,False,30.0
chronos2,wiki_daily_100k,Wiki Daily,9,L9,block,block_depth,True,9,0.75,0.75,False,False,False,False,False,False,False,False,False,False,False,12304,0.23241590270559295,0.24653799034413376,0.21835378199879735,0.0023814409839714432,-0.003386765959110984,-0.00037516889567593137,0.23241590270559295,38.29761928099509,51.73806149660374,26.506605933152763,9.358662012470369,-0.33908268926293034,4.065802684684421,38.29761928099509,0.8416601127435573,0.9081734900369488,0.7812827455225603,0.028947637927465537,-0.008512516999119979,0.010377498055779921,0.8416601127435573,1.001616823432317,0.0016168234323170605,0.278208253758045,0.34033948791438917,0.2271341196222896,0.07028192637896395,-0.002554574378056055,0.029535513858746365,0.278208253758045,0.2195758550365053,0.2216112018769024,1.001787137011679,0.0017871370116790963,False,False,45.0
chronos2,wiki_daily_100k,Wiki Daily,10,L10,block,block_depth,True,10,0.8333333333333334,0.8333333333333334,False,False,False,False,False,False,False,False,False,False,False,12304,0.23118707224840426,0.24524549262505735,0.2173684460178501,0.0026936568309133572,-0.0010404855364805781,0.0008536615615127585,0.23118707224840426,38.5267281668458,52.157735586007874,26.941531435632267,8.311391648944431,0.5501048769124994,3.836693798833714,38.5267281668458,0.8408335496452802,0.9060278034474747,0.7811569391608418,0.021953288398621505,0.0009379951025250028,0.011204061154057032,0.8408335496452802,0.9963210702384174,0.0,0.27987258653511154,0.3449136424487684,0.22659053663305953,0.06136303388997988,0.004022813782488338,0.027871181081679797,0.27987258653511154,0.21952974321681423,0.2206982563726092,0.9976601928173076,0.0,False,False,45.0
chronos2,wiki_daily_100k,Wiki Daily,11,L11,block,block_depth,True,11,0.9166666666666666,0.9166666666666666,False,False,False,False,False,False,False,False,False,False,False,12304,0.2314261126097377,0.24519381258629602,0.21793299328877042,0.0018256954180488967,-0.0005783307867281235,0.0006146212001793272,0.2314261126097377,42.18369525796178,58.85448146747864,28.11297818347309,1.5212556366925905,-1.4075575722238762,0.1797267077177338,42.18369525796178,0.8487588468938632,0.913728798480496,0.7887101350168191,0.009309086241717874,-0.0030224328157944205,0.0032787639054741025,0.8487588468938632,0.9973512357503455,0.0,0.3064381654815525,0.3988054080112408,0.2337062485445444,0.011268429044142483,-0.009728637609356588,0.001305602135238837,0.3064381654815525,0.21919240568159215,0.21994531646598386,0.9942565493777534,0.0,False,False,30.0
chronos2,wiki_daily_100k,Wiki Daily,12,L12,block,block_depth,True,12,1.0,1.0,False,True,False,False,False,False,False,False,False,False,False,12304,0.23204073380991702,0.24576986252920316,0.2185339222427543,0.0,0.0,0.0,0.23204073380991702,42.363421965679514,58.54418585851553,28.515660369972835,0.0,0.0,0.0,42.363421965679514,0.8520376107993373,0.9168056046794862,0.7928062654335625,0.0,0.0,0.0,0.8520376107993373,1.0,0.0,0.30774376761679134,0.39880391225720574,0.23550572495823976,0.0,0.0,0.0,0.30774376761679134,0.22225429989408216,0.22121585882802047,1.0,0.0,False,False,30.0
chronos2,wiki_daily_100k,Wiki Daily,13,L12+LN,final_norm,head_input_diagnostic,False,12,,,False,False,True,False,False,False,False,False,False,False,False,12304,0.23070465743484844,0.2447243610343661,0.21695452068207202,0.0027287229437039655,-9.583176739287669e-05,0.001336076375068579,0.23070465743484844,39.968215958443515,55.40828778606678,26.885134750908456,5.362190037327251,0.06273782158653209,2.3952060072359984,39.968215958443515,0.8402453041887236,0.9053572180824946,0.7807284001420987,0.022170724624107484,0.0016742436241366455,0.011792306610613701,0.8402453041887236,,,0.29034409387272175,0.37264384529446454,0.22578217073648216,0.04087347386762701,0.00048623466415674365,0.017399673744069588,0.29034409387272175,0.21663675485299086,0.21851386508072607,,,False,False,10.0
chronos2,monash_traffic,Traffic,0,Emb,embedding,block_depth,True,0,0.0,0.0,False,False,False,False,False,False,False,False,False,False,False,12304,0.2770542643736792,0.28591474263950156,0.26816019522424306,-0.1681730595733686,-0.18625970739721967,-0.17695517634674338,0.2770542643736792,0.028133773043239017,0.02983380008961157,0.026582112459988688,-0.015299533198088956,-0.017238293942023884,-0.016248951562994746,0.028133773043239017,1.8405095618632368,1.9280032475964566,1.7555467518555326,-1.064713926185883,-1.2195164147119306,-1.1397345806228292,1.8405095618632368,2.767800085242797,1.767800085242797,0.6268356467755938,0.6673100362766561,0.5905689655318584,-0.33992975970746364,-0.38560950098488606,-0.36203541013717044,0.6268356467755938,0.31979975935440497,0.2507624534591464,2.3870821777447997,1.3870821777447997,False,False,10.0
chronos2,monash_traffic,Traffic,1,L1,block,block_depth,True,1,0.08333333333333333,0.08333333333333333,False,False,False,False,False,False,False,False,False,False,False,12304,0.21118155551206974,0.21816288830271657,0.2042070062845263,-0.10483313384999073,-0.11751593417232105,-0.11108246748513392,0.21118155551206974,0.022433614658554014,0.02399197837148582,0.021038012942494334,-0.009831775871920226,-0.011309661973105326,-0.010548793178309744,0.022433614658554014,1.4665179421473544,1.5553357128807421,1.3869623479296636,-0.7011747394985531,-0.8464296348262453,-0.7657429609069469,1.4665179421473544,2.109725070174891,1.1097250701748909,0.4998330416754574,0.5373586371090644,0.4665690648688196,-0.2179959977459004,-0.2540517179055969,-0.23503280503703405,0.4998330416754574,0.2399410474270454,0.20441567073114045,1.945893405184566,0.945893405184566,False,False,1.0
chronos2,monash_traffic,Traffic,2,L2,block,block_depth,True,2,0.16666666666666666,0.16666666666666666,False,False,False,False,False,False,False,False,False,False,False,12304,0.13971681833153463,0.1449091854355945,0.1344784396593921,-0.03682808370990609,-0.042416038709685557,-0.03961773030459881,0.13971681833153463,0.015812684772378276,0.017029062404937238,0.014666259526702826,-0.0035615619407589017,-0.004305731222348819,-0.003927863292134006,0.015812684772378276,0.9610544857410012,1.0010659360686014,0.9217895601220744,-0.23843624803226507,-0.28515416052939646,-0.2602795045005937,0.9610544857410012,1.3957851273723694,0.39578512737236937,0.35231515059564034,0.37924086752656605,0.3274359456166817,-0.0802281000286382,-0.09508789752822286,-0.087514913957217,0.35231515059564034,0.14461673629687968,0.12325548246957874,1.1733054987053784,0.28453406105195955,False,False,0.1
chronos2,monash_traffic,Traffic,3,L3,block,block_depth,True,3,0.25,0.25,False,False,False,False,False,False,False,False,False,False,False,12304,0.11540544587578483,0.12100770432388282,0.10981736128033628,-0.013183730124417732,-0.017456405051052577,-0.015306357848849012,0.11540544587578483,0.013584889452033764,0.014802343999853737,0.012476789820826659,-0.0013885244021939742,-0.0020107019104467624,-0.001700067971789494,0.013584889452033764,0.7968039931378308,0.8351133445293053,0.7602850155358921,-0.08025776046651059,-0.11168950263233558,-0.0960290118974233,0.7968039931378308,1.1529120609443535,0.1529120609443535,0.3026786685508907,0.3301052612864013,0.2774670557577208,-0.03093276727596499,-0.044788683378052065,-0.03787843191246737,0.3026786685508907,0.11963205305669708,0.13108071925132783,1.2477962488183714,0.28453406105195955,False,False,45.0
chronos2,monash_traffic,Traffic,4,L4,block,block_depth,True,4,0.3333333333333333,0.3333333333333333,False,False,False,False,False,False,False,False,False,False,False,12304,0.1063945138585249,0.11193959098984663,0.10080178995254158,-0.0043330245199862056,-0.008194648287123966,-0.006295425831589083,0.1063945138585249,0.012662916214284859,0.013817940188514276,0.01158818819955684,-0.0004820258717984596,-0.0010619553937382298,-0.0007780947340405887,0.012662916214284859,0.7366688362198501,0.7727349166245906,0.7024149264882386,-0.021964898556578273,-0.049221569508401224,-0.03589385497944264,0.7366688362198501,1.062891939933509,0.12128974510943413,0.2821366072388191,0.3078097269789238,0.2580242822940251,-0.010802149731206745,-0.023446223037942065,-0.01733637060039578,0.2821366072388191,0.0931558093828399,0.13329455614772462,1.2688704189220852,0.28453406105195955,False,False,0.3
chronos2,monash_traffic,Traffic,5,L5,block,block_depth,True,5,0.4166666666666667,0.4166666666666667,False,False,False,False,False,False,False,False,False,False,False,12304,0.10967010686188254,0.11560136809916668,0.10364627498344213,-0.007613273346725546,-0.011457683176570036,-0.009571018834946723,0.10967010686188254,0.012982611333651674,0.01420570738707373,0.01184728326791273,-0.0008223203776304554,-0.0013724459818505105,-0.0010977898534074038,0.012982611333651674,0.7535947856132114,0.7935646972337291,0.7144220313573619,-0.03921947526964205,-0.06613346049595646,-0.05281980437280387,0.7535947856132114,1.0956154448916782,0.12128974510943413,0.2892595870329373,0.3170892130251884,0.26316269646848317,-0.018222905387792462,-0.03073622015954384,-0.024459350394513968,0.2892595870329373,0.08997357772981249,0.1349400182802031,1.2845340610519596,0.28453406105195955,False,False,0.3
chronos2,monash_traffic,Traffic,6,L6,block,block_depth,True,6,0.5,0.5,False,False,False,False,False,False,False,False,False,False,False,12304,0.11224008089940966,0.11841532987691746,0.10601805182216503,-0.010042735877027378,-0.014264104297057583,-0.012140992872473846,0.11224008089940966,0.013363516333240396,0.014618515785814752,0.012190244797237015,-0.0011917844035103423,-0.0017684674709255064,-0.001478694852996126,0.013363516333240396,0.7736183498427125,0.8153719480173468,0.7338849306396723,-0.058437668881629885,-0.08710390381097216,-0.072843368602305,0.7736183498427125,1.1212897451094341,0.12128974510943413,0.2977463559924471,0.3268381644092081,0.2712329649292539,-0.026371130974813733,-0.03976068513182206,-0.03294611935402375,0.2977463559924471,0.08942758469405442,0.13155905832714251,1.2523497003700097,0.2523497003700097,False,False,1.0
chronos2,monash_traffic,Traffic,7,L7,block,block_depth,True,7,0.5833333333333334,0.5833333333333334,False,False,False,False,False,False,False,False,False,False,False,12304,0.11113083712358511,0.11690665516497581,0.10526662785737625,-0.00903931718518715,-0.012975950040036939,-0.011031749096649293,0.11113083712358511,0.01328458361753949,0.014493748899434238,0.012160488355868755,-0.0011206552611423997,-0.0016726635011585552,-0.0013997621372952192,0.01328458361753949,0.7682424317706118,0.8074292078452622,0.7312645388534069,-0.05296695069281815,-0.08177157206992024,-0.06746745053020431,0.7682424317706118,1.110208287748643,0.110208287748643,0.2959876924878368,0.3239239013294211,0.27011439764972645,-0.024783280891051744,-0.037580614804924146,-0.03118745584941346,0.2959876924878368,0.08952612347013639,0.12354727143435988,1.176083124414026,0.17800810944613188,False,False,3.0
chronos2,monash_traffic,Traffic,8,L8,block,block_depth,True,8,0.6666666666666666,0.6666666666666666,False,False,False,False,False,False,False,False,False,False,False,12304,0.11085805770379441,0.11681256066929577,0.10470768955379782,-0.008698055535583338,-0.012695679672858647,-0.01075896967685859,0.11085805770379441,0.013342809762335279,0.01464791800442911,0.012144954234587106,-0.0011597146618688985,-0.0017529811443858091,-0.0014579882820910089,0.013342809762335279,0.7622481402674043,0.8024037766530783,0.7229595453180276,-0.04599764378990598,-0.07618497221976053,-0.06147315902699679,0.7622481402674043,1.1074831937925693,0.10748319379256932,0.2972850024176576,0.3260288324636014,0.2703732865025433,-0.025840352090224387,-0.038905789223598775,-0.03248476577923426,0.2972850024176576,0.08470037913048797,0.12374949068513535,1.1780081094461319,0.17800810944613188,False,True,1e-05
chronos2,monash_traffic,Traffic,9,L9,block,block_depth,True,9,0.75,0.75,False,False,False,False,False,False,False,False,False,False,False,12304,0.10400974292677777,0.1097607921489038,0.09811069961487963,-0.002201688427563389,-0.00565645040034224,-0.0039106548998419505,0.10400974292677777,0.012476157531008097,0.013660965437294503,0.01135822616387478,-0.0003639441503422145,-0.0008230181106346431,-0.0005913360507638268,0.012476157531008097,0.7156780295011609,0.7519259819060524,0.6795868853626963,-0.0022569156785787374,-0.0275855491670188,-0.014903048260753393,0.7156780295011609,1.0390678374491247,0.05121774292090797,0.2779755229845733,0.30442582614176794,0.2530564825481878,-0.008215956669217334,-0.018227734818343104,-0.01317528634614995,0.2779755229845733,0.08298740747893814,0.1187720448489635,1.1306263260797813,0.1306263260797813,False,False,0.3
chronos2,monash_traffic,Traffic,10,L10,block,block_depth,True,10,0.8333333333333334,0.8333333333333334,False,False,False,False,False,False,True,False,False,False,True,12304,0.10175850368922448,0.1070388693323373,0.09654578758112176,-0.00021584837996038237,-0.003095492269516794,-0.0016594156622886658,0.10175850368922448,0.012034219207942815,0.01316457334340337,0.011010250114311415,7.281521320841554e-05,-0.00036225663772368867,-0.00014939772769854455,0.012034219207942815,0.7047540699126371,0.737594557127719,0.6723776986643012,0.007249829567832837,-0.014624513735485603,-0.003979088672229625,0.7047540699126371,1.0165777300772423,0.05121774292090797,0.2681288986392432,0.2933347957369923,0.24504489148416053,0.0016506176685155264,-0.00806624999973263,-0.003328662000819882,0.2681288986392432,0.08868012316738773,0.11430573959671358,1.0881102415506005,0.08811024155060054,False,False,10.0
chronos2,monash_traffic,Traffic,11,L11,block,block_depth,True,11,0.9166666666666666,0.9166666666666666,True,False,False,False,False,True,False,False,False,True,False,12304,0.10522593738411674,0.11033086530608303,0.10004884888247395,-0.004202253837849349,-0.006040156517846108,-0.0051268493571809265,0.10522593738411674,0.01255072503428137,0.013690071052140698,0.01151512149246285,-0.0005567454588272513,-0.000777321673222297,-0.0006659035540370999,0.01255072503428137,0.7464541267254396,0.7810718865539311,0.7119347315339859,-0.03773848334597715,-0.053794522314504156,-0.04567914548503216,0.7464541267254396,1.051217742920908,0.05121774292090797,0.27963692720045663,0.3058128207560716,0.2560388032473698,-0.0123793978622035,-0.017398764116661778,-0.014836690562033295,0.27963692720045663,0.09491666153853644,0.10929464632716343,1.0404081582851372,0.04040815828513722,False,False,10.0
chronos2,monash_traffic,Traffic,12,L12,block,block_depth,True,12,1.0,1.0,False,True,False,True,True,False,False,True,True,False,False,12304,0.10009908802693582,0.10529912575610152,0.09478418430569403,0.0,0.0,0.0,0.10009908802693582,0.01188482148024427,0.013023529384515065,0.010854944798085658,0.0,0.0,0.0,0.01188482148024427,0.7007749812404075,0.7366040342363898,0.6646980004417286,0.0,0.0,0.0,0.7007749812404075,1.0,0.0,0.26480023663842334,0.2905994648140351,0.2409891555364204,0.0,0.0,0.0,0.26480023663842334,0.0935916475433231,0.10504977825943751,1.0,0.0,False,False,30.0
chronos2,monash_traffic,Traffic,13,L12+LN,final_norm,head_input_diagnostic,False,12,,,False,False,True,False,False,False,False,False,False,False,False,12304,0.08729237508569054,0.09246823758007744,0.0820942072603027,0.014215357043915463,0.011501767286206142,0.012806712941245274,0.08729237508569054,0.010200638152276672,0.011252295801117244,0.009239145796837716,0.0019442431641704878,0.0014556865525455628,0.001684183327967598,0.010200638152276672,0.5956418827016373,0.6297707415276342,0.561832007639481,0.11698815315793586,0.09418448061463039,0.10513309853877018,0.5956418827016373,,,0.22727572316301003,0.24989915320138273,0.20633906273926098,0.04428870897677492,0.03182180439675843,0.0375245134754133,0.22727572316301003,0.0895711048846928,0.09674414761990081,,,False,False,30.0
timesfm3,m4_hourly,M4,0,Emb,embedding,block_depth,True,0,0.0,0.0,False,False,False,False,False,False,False,False,False,False,False,81984,0.22164678573608398,0.23400745393694128,0.20946954720518515,-0.05705762351756445,-0.07209394070291393,-0.0645269721405197,0.22164678235204166,440.3017074489798,625.5407713084477,281.9103110649041,-45.85568289566554,-121.14631753585904,-83.52319359071271,440.3017074489798,3.4238206056016223,3.949921243894484,2.947724766296584,-1.1739720808378606,-1.717329912556284,-1.4344316589576864,3.4238206056016223,1.4106864367782952,0.4106864367782952,0.09007981884871374,0.1010180679959807,0.08113319726751927,-0.00921124742977827,-0.02551374563753295,-0.017087724215081007,0.09007981884871374,0.17897747457027435,0.2074013650417328,1.5201638811953078,0.5201638811953078,False,False,30.0
timesfm3,m4_hourly,M4,1,L1,block,block_depth,True,1,0.05,0.05,False,False,False,False,False,False,False,False,False,False,False,81984,0.18106962740421295,0.1930632471824989,0.1695827109817387,-0.018086221252162846,-0.029668555030144223,-0.023949820662045318,0.18106963087356728,343.75389290657085,493.57040212869566,218.0618790320184,48.70740282063758,-14.287857077189988,13.02462095169625,343.75389290657085,2.7018294807376737,3.1611887513774044,2.2975751583198516,-0.521163136771174,-0.9365669546594214,-0.7124405340937379,2.7018294807376737,1.152430280652784,0.15243028065278397,0.07032743202603221,0.08011445467661506,0.062426040509742556,0.008298802656309813,-0.003956693460166491,0.0026646626076005236,0.07032743202603221,0.1426803022623062,0.18449462950229645,1.35226724273231,0.3522672427323099,False,False,30.0
timesfm3,m4_hourly,M4,2,L2,block,block_depth,True,2,0.1,0.1,False,False,False,False,False,False,False,False,False,False,False,81984,0.1778508573770523,0.18917744991774776,0.16694267834359,-0.01619754822867859,-0.025102185310781684,-0.02073103414123295,0.17785084435275492,388.033367707468,563.4588423066468,238.60317433430527,-11.844009367588354,-50.798336436901856,-31.254853849200913,388.033367707468,2.711704759134998,3.137873538822496,2.331370259615659,-0.564277269685235,-0.8929827251119924,-0.7223158124910622,2.711704759134998,1.1319441941735935,0.1319441941735935,0.07938641817416835,0.08863335530070925,0.07072771140894187,-0.002419332123599026,-0.010560768903581652,-0.00639432354053561,0.07938641817416835,0.1328398436307907,0.17002533376216888,1.2462134529414417,0.2462134529414417,False,False,30.0
timesfm3,m4_hourly,M4,3,L3,block,block_depth,True,3,0.15,0.15,False,False,False,False,False,False,False,False,False,False,False,81984,0.17561683058738708,0.18707343637729987,0.16481465508073626,-0.014191895176279763,-0.02261185193974667,-0.018497013309188487,0.17561682352071045,372.89804926960755,545.6900934452441,226.66180039295094,-2.1001216260190487,-29.73958832676529,-16.11953541134045,372.89804926960755,2.7558326215553697,3.2029481759202936,2.3569124162530577,-0.5871289205486546,-0.9695502931010036,-0.7664436749114338,2.7558326215553697,1.1177255747557029,0.11772557475570289,0.0762899351943515,0.0856989447362874,0.0674438051270024,-0.00042636375006156095,-0.006410190408094083,-0.0032978405607187594,0.0762899351943515,0.12442699819803238,0.15904280543327332,1.1657161867521284,0.1657161867521284,False,False,30.0
timesfm3,m4_hourly,M4,4,L4,block,block_depth,True,4,0.2,0.2,False,False,False,False,False,False,False,False,False,False,False,81984,0.1704736053943634,0.1830849716837966,0.1585011445675472,-0.009288027833877072,-0.017425515527929418,-0.013353792680356358,0.17047360289187832,415.25578430371365,611.9709094105158,248.5947305728602,-30.3093825620796,-90.71268457967689,-58.47727044544655,415.25578430371365,2.3173672725480725,2.6407175913278995,2.028935817455455,-0.23972810547543194,-0.4253635760553391,-0.32797832590413667,2.3173672725480725,1.0849911590636385,0.08499115906363852,0.08495575918313589,0.09457946813896322,0.07471835022491262,-0.008130558452748647,-0.015215879104023007,-0.01196366454950315,0.08495575918313589,0.11293946206569672,0.1525946706533432,1.1184540986190217,0.14073164399658755,False,False,30.0
timesfm3,m4_hourly,M4,5,L5,block,block_depth,True,5,0.25,0.25,False,False,False,False,False,False,True,False,False,False,False,81984,0.16613100469112396,0.1788573244618579,0.15394266848416843,-0.005386090039040982,-0.012634555921171787,-0.00901118124202463,0.1661309914535466,392.03414122114776,580.3410351348895,232.89181358730903,-15.945374901817253,-58.02991341821619,-35.25562736288066,392.03414122114776,2.1993528498921937,2.5054167078872474,1.9307079089443275,-0.13007007455962863,-0.29580816794042936,-0.20996390324825787,2.1993528498921937,1.0573523738132262,0.06394030347875002,0.08020492272972646,0.09057125750722686,0.06932596473879228,-0.0041291409909251665,-0.01023963056218154,-0.007212828096093721,0.08020492272972646,0.10877078026533127,0.14670588076114655,1.075291770848112,0.14073164399658755,False,False,30.0
timesfm3,m4_hourly,M4,6,L6,block,block_depth,True,6,0.3,0.3,False,False,False,False,False,False,False,False,False,False,False,81984,0.16238795220851898,0.17536251629482358,0.14993285138003584,-0.0013198586472288759,-0.009306957159290889,-0.005268129612539585,0.16238793982406155,385.28045286570784,572.6170712785506,226.8743826467356,-8.757198359281201,-54.1641343432489,-28.50193900744074,385.28045286570784,2.036241720317016,2.3044229160318257,1.7977818572291517,0.018850946832097443,-0.1065802843502421,-0.04685277367307994,2.036241720317016,1.0335294550561394,0.06394030347875002,0.07882320875195546,0.08971766583713331,0.06769537776783167,-0.002109024731234527,-0.009999989854276454,-0.005831114118322725,0.07882320875195546,0.103566013276577,0.14684179425239563,1.0762879589895085,0.14073164399658755,False,False,30.0
timesfm3,m4_hourly,M4,7,L7,block,block_depth,True,7,0.35,0.35,False,False,False,False,False,False,False,False,False,False,False,81984,0.165387824177742,0.17825002563114895,0.1526930408530961,-0.004260864659063221,-0.012332956414698205,-0.008268020634774054,0.16538783084629602,409.51312483516836,605.8369757805418,242.56151742532592,-26.54922776982429,-83.24534184475154,-52.73461097690125,409.51312483516836,2.0286434376973213,2.290606532346992,1.7961050236779446,0.03171533524299256,-0.10502592405155514,-0.03925449105338541,2.0286434376973213,1.0526223495684615,0.06394030347875002,0.08378088814383529,0.09382589915994252,0.07314667157764129,-0.007270725555167445,-0.01426775325965151,-0.010788793510202552,0.08378088814383529,0.10408151149749756,0.1467813104391098,1.0758446383376141,0.14073164399658755,False,False,30.0
timesfm3,m4_hourly,M4,8,L8,block,block_depth,True,8,0.4,0.4,False,False,False,False,False,False,False,False,False,False,False,81984,0.1653175950050354,0.17843478720507205,0.15243755072099333,-0.003968442468157489,-0.012521910412905346,-0.008197783556489563,0.16531759376801153,412.02882009186374,610.0594568002591,244.6351010200289,-27.468556600088128,-88.72973842425947,-55.25030623359663,412.02882009186374,1.9934556807768617,2.2407187263813233,1.7731898888600937,0.07229571055421782,-0.07280145529627541,-0.004066734132925909,1.9934556807768617,1.052175371097403,0.06394030347875002,0.0842955656233178,0.09479797592906203,0.07332431469730179,-0.007439222696906409,-0.015253790358862141,-0.011303470989685066,0.0842955656233178,0.10247161239385605,0.14601729810237885,1.0702447525371888,0.14073164399658755,False,False,30.0
timesfm3,m4_hourly,M4,9,L9,block,block_depth,True,9,0.45,0.45,False,False,False,False,False,False,False,False,False,False,False,81984,0.16685305535793304,0.18072351887360044,0.15356134401086916,-0.005231315147074805,-0.014348430447067118,-0.009733239942379596,0.16685305015390156,431.3555772688862,640.7648217624659,254.01077617984146,-39.38524793881214,-116.29923620658404,-74.57706341061908,431.3555772688862,1.9567187259782417,2.189951822233127,1.7450364791484547,0.10105891281481308,-0.028567892085201163,0.03267022066569414,1.9567187259782417,1.0619479156748037,0.06394030347875002,0.08824956070438614,0.09936978315943165,0.07616157151179113,-0.011366277211876745,-0.0189735340260319,-0.0152574660707534,0.08824956070438614,0.1014314517378807,0.15003015100955963,1.0996572592910299,0.14073164399658755,False,False,30.0
timesfm3,m4_hourly,M4,10,L10,block,block_depth,True,10,0.5,0.5,False,False,False,False,False,False,False,False,False,False,False,81984,0.1669534593820572,0.18047094677560713,0.1536724525738422,-0.005236696220493608,-0.014409214686531245,-0.009833655924401219,0.16695346613592318,417.208905823062,614.7737904529358,248.4581834207139,-33.26963540487645,-92.01921139177742,-60.43039196479492,417.208905823062,2.0064456381581914,2.2679793355265323,1.777316264623924,0.05242988709276391,-0.08099309879990516,-0.017056691514255595,2.0064456381581914,1.0625869440936437,0.06394030347875002,0.08535534162780041,0.09582717555324982,0.07421462688668733,-0.00930477021546054,-0.015733330633296183,-0.012363246994167673,0.08535534162780041,0.10201308131217957,0.15354152023792267,1.1253941037588764,0.14073164399658755,False,False,30.0
timesfm3,m4_hourly,M4,11,L11,block,block_depth,True,11,0.55,0.55,False,False,False,False,False,False,False,False,False,False,False,81984,0.1671660989522934,0.18102915517075824,0.15375909243625027,-0.005424803783335091,-0.01447036940753744,-0.01004628682125161,0.16716609703277358,432.18523916616545,639.4275937931574,255.72863319002917,-40.917309467943305,-116.53654228793468,-75.40672530789834,432.18523916616545,1.9518790866602604,2.1823276448993805,1.7404953145663358,0.12155419481154318,-0.03489218073211734,0.0375098599836754,1.9518790866602604,1.06394030347875,0.06394030347875002,0.08841929839140443,0.0990134360558557,0.07688310833683568,-0.011901269058006753,-0.018758721302052236,-0.015427203757771693,0.08841929839140443,0.10299951583147049,0.1556340754032135,1.1407316439965876,0.14073164399658755,False,False,30.0
timesfm3,m4_hourly,M4,12,L12,block,block_depth,True,12,0.6,0.6,False,False,False,False,False,False,False,False,False,False,True,81984,0.1650972068309784,0.1786534693728393,0.15214070848523434,-0.0037682956201912864,-0.012056602881723697,-0.007977389495905124,0.1650971997074271,408.87936626583536,599.04145625816,246.1689376639529,-27.17853451117128,-81.05499349702617,-52.100852407568254,408.87936626583536,1.9715706473867145,2.2081365554371657,1.7551956986154014,0.07637576855369622,-0.035400028589084115,0.017818299257221337,1.9715706473867145,1.0507726951824958,0.05077269518249583,0.08365122964795958,0.09306790414865225,0.07368153931524382,-0.007006122646006211,-0.014255647586813094,-0.010659135014326845,0.08365122964795958,0.0990021750330925,0.14767803251743317,1.0824172301557213,0.08241723015572133,False,False,30.0
timesfm3,m4_hourly,M4,13,L13,block,block_depth,True,13,0.65,0.65,False,False,False,False,False,False,False,False,False,False,False,81984,0.16303026676177979,0.17624261225609264,0.15030448209558336,-0.002040817232034722,-0.009828265585744657,-0.005910436260222501,0.16303024647174447,411.6515899395695,605.7699618653605,246.45881496613353,-30.599630614601004,-82.84156445182197,-54.87307608130237,411.6515899395695,1.9683649143440654,2.2049632847877234,1.7534372279799806,0.09312843906579515,-0.04346227518965888,0.021024032299870488,1.9683649143440654,1.037617510858172,0.037617510858172,0.08421838939799763,0.09407402950315999,0.073898974953743,-0.008500946969429055,-0.014026021519512011,-0.011226294764364889,0.08421838939799763,0.10097034275531769,0.1444258689880371,1.0585802533251507,0.05858025332515071,False,False,30.0
timesfm3,m4_hourly,M4,14,L14,block,block_depth,True,14,0.7,0.7,True,False,False,False,False,True,False,False,False,True,False,81984,0.15939714014530182,0.17247393104098455,0.14663002053986637,0.0013611917494163628,-0.006034859308247789,-0.002277332180328967,0.15939714239185093,400.54744747406363,590.078456279979,238.93346191159844,-23.288733329873395,-67.36137361613999,-43.76893361579653,400.54744747406363,1.9300473275016707,2.1706999326364236,1.7108135137234333,0.1339878148102179,-0.007869572856306451,0.0593416191422651,1.9300473275016707,1.0144942229478917,0.01449422294789171,0.08194663090866908,0.09224795624425641,0.07148532355747741,-0.006175335741319205,-0.0118445218498224,-0.00895453627503634,0.08194663090866908,0.09642896056175232,0.14277181029319763,1.0464567058992884,0.04645670589928841,False,False,30.0
timesfm3,m4_hourly,M4,15,L15,block,block_depth,True,15,0.75,0.75,False,False,False,False,False,False,False,False,False,False,False,81984,0.1563643515110016,0.1690060155924751,0.14424812487212813,0.004041700087885803,-0.0025540494267608563,0.0007554706726365379,0.15636433953888543,380.5263621265913,563.2791607423901,226.96393191894157,-10.394451079857308,-38.623808773040615,-23.74784826832422,380.5263621265913,1.9708801403922138,2.23324368840281,1.7356225769339206,0.08443137497387503,-0.04568028757621254,0.01850880625172202,1.9708801403922138,0.9951918280233972,0.0,0.07785058560440705,0.08795668633024505,0.06772794312479317,-0.002741960029564658,-0.006860533681124901,-0.004858490970774315,0.07785058560440705,0.09617616981267929,0.14014233648777008,1.0271837801653818,0.02718378016538181,False,False,30.0
timesfm3,m4_hourly,M4,16,L16,block,block_depth,True,16,0.8,0.8,False,False,False,False,True,False,False,False,True,False,False,81984,0.1546267718076706,0.16681621856063264,0.14291766210537374,0.00586737702913467,-0.0009998474522486546,0.0024930357307423046,0.15462677448077966,348.1274331693761,508.0986843744987,211.5795301105273,30.6912743447225,-8.023709568489297,8.651080688891,348.1274331693761,1.937480368735476,2.1833096284260574,1.7217630272238094,0.1256745909433976,-0.013322158475012861,0.05190857790845982,1.937480368735476,0.9841328807340424,0.0,0.07122219965453773,0.08091383348401097,0.06260380065559627,0.005449177200040899,-0.001961072194322805,0.0017698949790950075,0.07122219965453773,0.09670593589544296,0.13819056749343872,1.0128781427409492,0.017119451160513943,False,False,30.0
timesfm3,m4_hourly,M4,17,L17,block,block_depth,True,17,0.85,0.85,False,False,False,False,False,False,False,False,False,False,False,81984,0.15241676568984985,0.16440966582345198,0.14094655865035552,0.007910378319246864,0.0015118197680145371,0.0047030415926270774,0.1524167686188949,343.3839471779859,504.3931808124584,206.49746592713248,28.972545001288466,0.008460977257452514,13.39456668028123,343.3839471779859,1.9810390039178378,2.2429093699347185,1.745356740177271,0.08832831986363646,-0.06606584421358479,0.008349942726098014,1.9810390039178378,0.970067142558534,0.0,0.07025174609601875,0.07976658479289186,0.061454093632151166,0.005165225835796658,1.8858184490352178e-06,0.0027403485376139847,0.07025174609601875,0.0975554808974266,0.1387692242860794,1.017119451160514,0.017119451160513943,False,False,30.0
timesfm3,m4_hourly,M4,18,L18,block,block_depth,True,18,0.9,0.9,False,False,False,True,False,False,False,True,False,False,False,81984,0.15451501309871674,0.16614650250199245,0.14359783195492365,0.006133640502785671,-0.0008421424253779688,0.0026048036676099284,0.15451500654391204,328.4539700185987,475.83084654770005,202.19470292028907,58.891742153530274,3.0587855753791673,28.324543839668422,328.4539700185987,2.1974386049914183,2.5090684959100664,1.918563103641148,-0.13379063068899447,-0.28654801452283374,-0.20804965834748246,2.1974386049914183,0.9834215846311484,0.0,0.06719727318532974,0.07726049029322955,0.05902841715946714,0.009736136336593256,0.0008487701403512041,0.0057948214483029975,0.06719727318532974,0.10349345207214355,0.1376955509185791,1.009249881579104,0.009249881579104002,False,False,30.0
timesfm3,m4_hourly,M4,19,L19,block,block_depth,True,19,0.95,0.95,False,False,False,False,False,False,False,False,False,False,False,81984,0.15187643468379974,0.16470928671947527,0.13970961045431157,0.008051307086356482,0.002480270028939005,0.005243375968500857,0.1518764342430211,350.1167348245719,515.9340889697075,208.7391639825068,22.283249931481677,-5.854709221593403,6.661779033695211,350.1167348245719,1.9311460022753153,2.2060160443072045,1.6868025885173914,0.11510664208466577,-0.0034756473267066545,0.05824294436862054,1.9311460022753153,0.966628168160262,0.0,0.07162918406932392,0.08143963006802794,0.06176200708092313,0.004221380683278515,-0.001238686448079593,0.0013629105643088169,0.07162918406932392,0.09822558611631393,0.13666407763957977,1.0016896207156456,0.0016896207156456011,False,False,30.0
timesfm3,m4_hourly,M4,20,L20,block,block_depth,True,20,1.0,1.0,False,True,True,False,False,False,False,False,False,False,False,81984,0.15711981058120728,0.17055201120816796,0.14430803714412485,0.0,0.0,0.0,0.15711981021152197,356.7785138582671,530.194147000845,210.39821166100634,0.0,0.0,0.0,356.7785138582671,1.9893889466439358,2.257678659629505,1.7426274552335075,0.0,0.0,0.0,1.9893889466439358,1.0,0.0,0.07299209463363274,0.08402439670883904,0.06227478161945318,0.0,0.0,0.0,0.07299209463363274,0.09020891785621643,0.13643355667591095,1.0,0.0,False,False,30.0
timesfm3,monash_electricity_hourly,Electricity,0,Emb,embedding,block_depth,True,0,0.0,0.0,False,False,False,False,False,False,False,False,False,False,False,81984,0.24359802901744843,0.25776063103285685,0.230522234296739,-0.028860068568277348,-0.0456979202138587,-0.036841616190913085,0.24359803497506918,307.483482546738,469.87840359933585,189.33666220636576,-19.313677893968084,-69.59235233958903,-42.60909898251134,307.483482546738,1.2689310087252739,1.3279675708744887,1.217333693725588,-0.13201058198570895,-0.19553569212881008,-0.16290632900741686,1.2689310087252739,1.1781885045449474,0.1781885045449474,0.12616152186705545,0.13985519717419864,0.11518540514403316,-0.00942719540328699,-0.026078502313603348,-0.017482658673220047,0.12616152186705545,0.1871284544467926,0.27635490894317627,1.7046858707657373,0.7046858707657373,False,False,3.0
timesfm3,monash_electricity_hourly,Electricity,1,L1,block,block_depth,True,1,0.05,0.05,False,False,False,False,False,False,True,False,False,False,False,81984,0.2064415067434311,0.21810078264768626,0.19613071628739587,0.005693576891572419,-0.005357873387179765,0.00031492325925189246,0.2064414955249042,266.4027477578621,396.89437228694044,170.06736168179623,13.672748388712806,-14.343910169940003,-1.5283641936354115,266.4027477578621,1.101067149906306,1.1565148104747616,1.0516814977808788,0.030702752393682236,-0.020334893944865005,0.004957529811550954,1.101067149906306,0.998476921537928,0.05035513753038878,0.10930595623648966,0.1209839327516495,0.10164225304220087,0.004195517625724541,-0.007642820945624707,-0.0006270930426542504,0.10930595623648966,0.14299552142620087,0.17246267199516296,1.063830135346396,0.38254558363077784,False,False,1.0
timesfm3,monash_electricity_hourly,Electricity,2,L2,block,block_depth,True,2,0.1,0.1,False,False,False,False,False,False,False,False,False,False,False,81984,0.20676244795322418,0.2180485388626636,0.19658812762607772,0.004985149099868311,-0.005100985492387704,-6.033676384964437e-06,0.20676245246054106,272.4836573313458,413.0789950569182,171.54520814719413,3.620560589601489,-17.857068740975336,-7.609273767119134,272.4836573313458,1.1140354835504758,1.1705907073927377,1.0623725817117848,0.016312434848021865,-0.03165875717488787,-0.008010803832618762,1.1140354835504758,1.0000291887936943,0.05035513753038878,0.11180097417947801,0.12304391771389374,0.10404749219093204,0.0014604828434078552,-0.008766619165803081,-0.0031221109856426066,0.11180097417947801,0.1446690559387207,0.18401400744915009,1.1350841558093945,0.38254558363077784,False,False,3.0
timesfm3,monash_electricity_hourly,Electricity,3,L3,block,block_depth,True,3,0.15,0.15,False,False,False,False,False,False,False,False,False,False,False,81984,0.19590908288955688,0.2078730406406698,0.1853335986816758,0.015515027453994948,0.006145959219873986,0.010847341027537372,0.19590907775661873,242.85496290404058,360.8420642411248,155.5568170198112,49.52462668095132,4.052406405959625,22.019420660186086,242.85496290404058,1.0384399758182714,1.0940666643386998,0.9884912155729633,0.09113813906436483,0.04529024847843424,0.0675847038995856,1.0384399758182714,0.9475357018585983,0.05035513753038878,0.09964421977783436,0.11164851518104478,0.09133302863018154,0.014347258374710539,0.0023302616826363903,0.009034643416001048,0.09964421977783436,0.12833340466022491,0.1871103048324585,1.1541835610676525,0.38254558363077784,False,False,3.0
timesfm3,monash_electricity_hourly,Electricity,4,L4,block,block_depth,True,4,0.2,0.2,False,False,False,False,False,False,False,False,False,False,False,81984,0.19874514639377594,0.2105832653749336,0.1880036020765209,0.012329510718100622,0.003767400099504883,0.0080112701580497,0.1987451486261064,244.06048936941684,356.927828134658,158.19111467495412,60.51787206715688,-3.7098158562548114,20.81389419480982,244.06048936941684,1.0546300816144423,1.1094168791079202,1.0054004133889725,0.07311914259471343,0.030325902511378334,0.051394598103414735,1.0546300816144423,0.9612526331174756,0.05035513753038878,0.10013885139922483,0.11549476182055327,0.08818912629879398,0.018048533395444145,-0.0018291152951231532,0.008540011794610572,0.10013885139922483,0.13156473636627197,0.19414035975933075,1.1975482161424438,0.38254558363077784,False,False,10.0
timesfm3,monash_electricity_hourly,Electricity,5,L5,block,block_depth,True,5,0.25,0.25,False,False,False,False,False,False,False,False,False,False,False,81984,0.20267635583877563,0.2148836999257159,0.19165367483204043,0.008681856029674084,-0.00041526554379868875,0.004080053660592053,0.20267636512356405,243.7945713677668,354.9669202021634,159.16902897618832,62.04608905114184,-4.427202899042459,21.07981219645987,243.7945713677668,1.0711525089740042,1.1258829888999655,1.0225738331098988,0.05870606649699,0.012320290776679045,0.03487217074385285,1.0711525089740042,0.9802663574720574,0.05035513753038878,0.10002974433597009,0.11586772279886048,0.08767282357696563,0.018278662278311323,-0.00231977686454715,0.008649118857865318,0.10002974433597009,0.12484584003686905,0.20376946032047272,1.256944995948285,0.38254558363077784,False,False,10.0
timesfm3,monash_electricity_hourly,Electricity,6,L6,block,block_depth,True,6,0.3,0.3,False,False,False,False,False,False,False,False,False,False,False,81984,0.20432543754577637,0.2168398779831144,0.1929943292849619,0.0071325376956858635,-0.0020686579462965626,0.0024309816365023496,0.20432543714765375,246.6126244365409,363.94982266030314,159.59785065801566,55.10840528028503,-6.461099822508634,18.261759127685764,246.6126244365409,1.0825862200632699,1.1402918955329897,1.0309176293631186,0.04604307150677112,0.0013858876862295868,0.02343845965458713,1.0825862200632699,0.98824232147341,0.05035513753038878,0.1011860011238599,0.11682255374922641,0.08929027238210828,0.01664861855915028,-0.0032492462203814795,0.0074928620699755005,0.1011860011238599,0.12109186500310898,0.20502911508083344,1.2647151335595235,0.38254558363077784,False,False,10.0
timesfm3,monash_electricity_hourly,Electricity,7,L7,block,block_depth,True,7,0.35,0.35,False,False,False,False,False,False,False,False,False,False,False,81984,0.20232293009757996,0.21445804395435647,0.19132691491821796,0.008743814224704303,0.00035419413279598466,0.0044335025071187695,0.20232291627703733,246.24879009935705,366.56402629246116,157.10715682710818,60.463383932094764,-12.51407950701595,18.62559346486961,246.24879009935705,1.0694241449053306,1.1262808938933015,1.0190931070820974,0.057638554632822754,0.016415115172864203,0.03660053481252645,1.0694241449053306,0.9785569752280113,0.05035513753038878,0.10103671865409464,0.1187807337848424,0.08738686321761147,0.018705727625231202,-0.005634445472982429,0.0076421445397407695,0.10103671865409464,0.13416527211666107,0.20031005144119263,1.2356057497584414,0.38254558363077784,False,False,30.0
timesfm3,monash_electricity_hourly,Electricity,8,L8,block,block_depth,True,8,0.4,0.4,False,False,False,False,False,False,False,False,False,False,False,81984,0.2068420946598053,0.21903823519779636,0.19579944018814857,0.004057060755817696,-0.00412113125087652,-8.565707857371985e-05,0.20684207586272982,261.22795026336803,398.44417295866174,161.602062240256,25.38295837129409,-16.785698336127957,3.6464333008586323,261.22795026336803,1.0966149891403947,1.1552670009436126,1.0454195688219412,0.029130048246723713,-0.010410408228350859,0.009409690577462326,1.0966149891403947,1.0004144087993618,0.05035513753038878,0.10718271917070693,0.12041890608552788,0.09678686787514834,0.009033522490986332,-0.007194870345133787,0.0014961440231284762,0.10718271917070693,0.14131926000118256,0.20870043337345123,1.2873615357690684,0.38254558363077784,False,False,45.0
timesfm3,monash_electricity_hourly,Electricity,9,L9,block,block_depth,True,9,0.45,0.45,False,False,False,False,False,False,False,False,False,False,False,81984,0.21435150504112244,0.22688132375549835,0.20324530525573795,-0.0031755965693590926,-0.012038252998200303,-0.007595090096005952,0.21435150888016205,273.43032822156226,413.9105203003685,171.44736884822612,9.0302101528719,-24.674625184824922,-8.555944657335601,273.43032822156226,1.1410618277302655,1.199388960750353,1.08784955434853,-0.012054094977185502,-0.05714779794970627,-0.03503714801240854,1.1410618277302655,1.0367344932551545,0.05035513753038878,0.1121893964752961,0.12522525225777006,0.1022104603564367,0.003384373255294897,-0.011108182032493103,-0.003510533281460698,0.1121893964752961,0.11477590352296829,0.2164599448442459,1.3352258187626018,0.38254558363077784,False,False,10.0
timesfm3,monash_electricity_hourly,Electricity,10,L10,block,block_depth,True,10,0.5,0.5,False,False,False,False,False,False,False,False,False,False,False,81984,0.21462875604629517,0.22692120933393373,0.2037097501184592,-0.003532741716814042,-0.012129396168188039,-0.00787233608198984,0.21462875486614594,274.606699404337,418.3056367245905,170.19188517303994,7.717486523735134,-26.393285449501477,-9.732315840110346,274.606699404337,1.143367433499115,1.202671895828048,1.0896212692821017,-0.014726503626265187,-0.05912916235886921,-0.037342753781258065,1.143367433499115,1.038075448058794,0.05035513753038878,0.11267206558477211,0.12480233829133552,0.10277141220362151,0.002880996686160856,-0.010976237739238115,-0.003993202390936701,0.11267206558477211,0.13100627064704895,0.22413118183612823,1.3825455836307778,0.38254558363077784,False,False,30.0
timesfm3,monash_electricity_hourly,Electricity,11,L11,block,block_depth,True,11,0.55,0.55,False,False,False,False,False,False,False,False,False,False,False,81984,0.21240314841270447,0.2247584453584868,0.20131413268195536,-0.001354255882724554,-0.009949706022748516,-0.005646723969519596,0.2124031427536757,268.8346772319412,408.93355637691553,166.88000812977833,12.914110333678893,-19.49408813171447,-3.960293667714552,268.8346772319412,1.126308373412278,1.1837891499507132,1.074876702179949,0.0018613441189295405,-0.04172915197887976,-0.020283693694421068,1.126308373412278,1.0273110533709526,0.05035513753038878,0.11030378519621772,0.12207640027471794,0.10094010209699673,0.0048877320121477885,-0.008375337223536006,-0.0016249220023823174,0.11030378519621772,0.13114571571350098,0.21718056499958038,1.339670939718424,0.3396709397184241,False,False,30.0
timesfm3,monash_electricity_hourly,Electricity,12,L12,block,block_depth,True,12,0.6,0.6,False,False,False,False,False,False,False,False,False,False,False,81984,0.2092873454093933,0.22141791619787007,0.1982724011651745,0.0013836927743955652,-0.006538230415348355,-0.0025309205538671387,0.20928733933802324,266.11866504955424,406.91206868234246,164.08773801206047,13.251479425924622,-14.57361136824531,-1.2442814853275763,266.11866504955424,1.1105817362540273,1.167637221983722,1.0603562706971923,0.01659617613540797,-0.024629852715670253,-0.004557056536170334,1.1105817362540273,1.0122411314354804,0.05035513753038878,0.10918939613212443,0.11999360546836788,0.10058873860901307,0.005207494455862366,-0.006147932026140689,-0.0005105329382890239,0.10918939613212443,0.13955776393413544,0.21414299309253693,1.3209337805661812,0.32093378056618116,False,False,45.0
timesfm3,monash_electricity_hourly,Electricity,13,L13,block,block_depth,True,13,0.65,0.65,False,False,False,False,False,False,False,False,False,False,False,81984,0.2171676605939865,0.22895501555149791,0.20633824960335748,-0.006020769242993509,-0.014628072797484288,-0.010411242151078387,0.21716766093523449,281.058702205857,435.3226081646053,172.2824682780296,4.39145822329139,-35.678881230940895,-16.18431864163034,281.058702205857,1.171498068355756,1.2311213975981035,1.117146260550908,-0.04181146537435841,-0.08855488313619551,-0.06547338863789909,1.171498068355756,1.0503551375303888,0.05035513753038878,0.11531934434520612,0.12633693933132428,0.10425077453919125,0.0019778465732576047,-0.012946880287355729,-0.006640481151370711,0.11531934434520612,0.14646455645561218,0.18826761841773987,1.161322410615934,0.1613224106159341,False,False,65.0
timesfm3,monash_electricity_hourly,Electricity,14,L14,block,block_depth,True,14,0.7,0.7,False,False,False,False,False,False,False,False,False,False,True,81984,0.20994530618190765,0.22175309196939222,0.19902846361972562,0.0009239340926172354,-0.007170788666503588,-0.003188882165282736,0.20994530094943883,268.8623055994588,417.29178664849377,163.71042835405675,16.741064676287486,-21.887797451901793,-3.9879220352321454,268.8623055994588,1.1253803740863915,1.1825814952732057,1.0732112480574987,0.0021879692596289773,-0.040107922830246424,-0.01935569436853446,1.1253803740863915,1.0154234306591017,0.015423430659101678,0.1103151212096642,0.12132145255013503,0.09924624505947172,0.0070886880871329355,-0.008152263402762693,-0.0016362580158287982,0.1103151212096642,0.1462821513414383,0.17763394117355347,1.095728933656294,0.09572893365629409,False,False,65.0
timesfm3,monash_electricity_hourly,Electricity,15,L15,block,block_depth,True,15,0.75,0.75,True,False,False,False,False,True,False,False,False,True,False,81984,0.20369145274162292,0.21529397352221813,0.19315764339896674,0.007034588920819843,-0.0007924569948427246,0.003064970421882085,0.203691448362274,271.12155511471076,426.5769710049128,164.25941159916474,13.933819927751331,-24.95319938837607,-6.247171550484097,271.12155511471076,1.095921219698504,1.153348267270719,1.0435595240692808,0.030914136461301582,-0.010630387924951228,0.010103460019353028,1.095921219698504,0.9851759846425144,0.0,0.11124209899318878,0.12062415988655009,0.10019167015816846,0.006364923238687698,-0.008023848143998561,-0.002563235799353372,0.11124209899318878,0.1369745433330536,0.16789086163043976,1.0356290783709017,0.03562907837090168,False,False,45.0
timesfm3,monash_electricity_hourly,Electricity,16,L16,block,block_depth,True,16,0.8,0.8,False,False,False,True,True,False,False,True,True,False,False,81984,0.20263062417507172,0.2142361114743585,0.19205150044565836,0.00799734851963933,0.0003450836236268816,0.004125792803313905,0.2026306259808422,273.0694395890135,434.84384717265186,162.2131645800352,12.456772740091651,-36.83760768070403,-8.195056024786822,273.0694395890135,1.087085799604947,1.1442166199764825,1.0352680893037296,0.0389577696409783,-0.0009133992477565737,0.018938880112910006,1.087085799604947,0.9800451712798414,0.0,0.11204132263819186,0.12124321370714614,0.10090125188209542,0.005829586204838165,-0.011123652248237232,-0.0033624594443564526,0.11204132263819186,0.14502817392349243,0.16148187220096588,0.9960954447253437,0.0,False,False,65.0
timesfm3,monash_electricity_hourly,Electricity,17,L17,block,block_depth,True,17,0.85,0.85,False,False,False,False,False,False,False,False,False,False,False,81984,0.20226319134235382,0.21396300515572306,0.1913998669375957,0.008070549550146314,0.0009414745075272534,0.004493233925513623,0.20226318485864248,260.64793576995527,399.5551139645983,162.3837661590742,19.842618405469423,-6.540246412382218,4.226447794271394,260.64793576995527,1.0873371230143811,1.1444319083264587,1.0354387463718684,0.03864435181736727,-0.0008962734393179626,0.018687556703475883,1.0873371230143811,0.9782680422059867,0.0,0.10694473724534356,0.1179582237012091,0.09813491302039928,0.00761809115499024,-0.0032660379933975615,0.0017341259484918436,0.10694473724534356,0.13228930532932281,0.1567487120628357,0.9668991071520489,0.0,False,False,30.0
timesfm3,monash_electricity_hourly,Electricity,18,L18,block,block_depth,True,18,0.9,0.9,False,False,False,False,False,False,False,False,False,False,False,81984,0.1973269283771515,0.20946741003742197,0.18646629914314353,0.0129826932825603,0.006104720144298009,0.009429497573211904,0.1973269212109442,257.61327603903,406.1761731126738,155.33409422314014,24.822576548588067,-6.600509598615152,7.261107525196678,257.61327603903,1.0566127273301686,1.1130955554264614,1.0051002857664983,0.06838181480784601,0.031418599807005954,0.04941195238768836,1.0566127273301686,0.9543932665993426,0.0,0.10569960600502074,0.11418471553039519,0.09555086222509182,0.010952418450948534,-0.0022024120428482236,0.0029792571888146713,0.10569960600502074,0.137074276804924,0.1466817557811737,0.9048014292038197,0.0,False,False,30.0
timesfm3,monash_electricity_hourly,Electricity,19,L19,block,block_depth,True,19,0.95,0.95,False,False,False,False,False,False,False,False,False,False,False,81984,0.19581256806850433,0.20811798745794718,0.18466396866266735,0.014257160894828652,0.007712803711716552,0.010943849848313175,0.19581256893584292,255.44483562421397,405.71149799262287,153.2743599205877,31.003418739344742,-11.705168848372358,9.429547940012696,255.44483562421397,1.0481246087623453,1.104102077078741,0.9964768754891709,0.07547875615717532,0.04182297257323671,0.05790007095551175,1.0481246087623453,0.9470688973727779,0.0,0.10480988750519975,0.11431527679323643,0.09321113145653923,0.013481996261714112,-0.0038159181989764076,0.003868975688635659,0.10480988750519975,0.1346883624792099,0.14201414585113525,0.8760094358630447,0.0,False,False,30.0
timesfm3,monash_electricity_hourly,Electricity,20,L20,block,block_depth,True,20,1.0,1.0,False,True,True,False,False,False,False,False,False,False,False,81984,0.20675641298294067,0.21934619320073084,0.19569178823282132,0.0,0.0,0.0,0.2067564187841561,264.87438356422666,407.01344156476915,162.63740652935394,0.0,0.0,0.0,264.87438356422666,1.106024679717857,1.1645284849602282,1.0524985753141132,0.0,0.0,0.0,1.106024679717857,1.0,0.0,0.1086788631938354,0.1164722794807624,0.10289640818145018,0.0,0.0,0.0,0.1086788631938354,0.13480912148952484,0.16211485862731934,1.0,0.0,False,False,45.0
timesfm3,uber_tlc_hourly,Uber TLC,0,Emb,embedding,block_depth,True,0,0.0,0.0,False,False,False,False,False,False,False,False,False,False,False,81984,0.3949567973613739,0.4107732433335187,0.37941600840382333,-0.06138364071993312,-0.0779294614203786,-0.06950754459008912,0.39495680384508525,7.5994257792858555,9.214653807248245,6.115542172156356,-1.5826100399378373,-2.579392082435118,-2.051253391706994,7.5994257792858555,1.1567586872522824,1.2134864000594516,1.103535261806312,-0.18907042714398925,-0.24301573110085936,-0.21568007205217155,1.1567586872522824,1.2135742322713077,0.21357423227130767,0.4336351961349408,0.45347405596003637,0.41435300798120256,-0.10412628588532406,-0.12932035708830222,-0.11704774711529764,0.4336351961349408,0.30660223960876465,0.29053133726119995,1.1199830979138814,0.1199830979138814,False,False,10.0
timesfm3,uber_tlc_hourly,Uber TLC,1,L1,block,block_depth,True,1,0.05,0.05,True,False,False,False,False,True,True,False,False,True,True,81984,0.36623498797416687,0.38056767565795424,0.35194097935321617,-0.03486267521493989,-0.046677992062088614,-0.04078570353791455,0.3662349627929107,6.763397364548979,8.200971145313956,5.468125162467886,-0.9225951298750253,-1.5499592461460845,-1.2152249769701173,6.763397364548979,1.0559505152797142,1.104152109458533,1.0109677069240481,-0.09434355234532549,-0.13543810325119762,-0.11487190007960335,1.0559505152797142,1.1253214208008158,0.12532142080081576,0.3859300989173353,0.40296687717277907,0.3698612726602229,-0.05970070927845527,-0.07827160825601351,-0.06934264989769218,0.3859300989173353,0.27324196696281433,0.26740166544914246,1.030819423750533,0.03219679671461684,False,False,30.0
timesfm3,uber_tlc_hourly,Uber TLC,2,L2,block,block_depth,True,2,0.1,0.1,False,False,False,False,True,False,False,False,False,False,False,81984,0.36109837889671326,0.37486124838567303,0.3476099400439847,-0.030562274767270768,-0.04043449736697927,-0.03564912913978552,0.36109838839478164,6.6221870542741215,8.016506421830437,5.360136035986025,-0.830708775263337,-1.3407337083376978,-1.07401466669526,6.6221870542741215,1.0495488311160237,1.09642345008303,1.0052443832702869,-0.09285198844846623,-0.12399146671364705,-0.10847021591591288,1.0495488311160237,1.109538285887594,0.10953828588759396,0.37787241635410507,0.3920538761840034,0.36420433121806023,-0.054949738527232596,-0.06701236686134636,-0.061284967334461926,0.37787241635410507,0.2634802758693695,0.2632967233657837,1.014995086883409,0.03219679671461684,False,False,45.0
timesfm3,uber_tlc_hourly,Uber TLC,3,L3,block,block_depth,True,3,0.15,0.15,False,False,False,False,False,False,False,False,False,False,False,81984,0.3538774847984314,0.3675175376492375,0.34055431090928046,-0.024202390855448383,-0.032491136443950505,-0.02842824863454768,0.3538775078895438,6.398797526986862,7.759826571957051,5.169850848212365,-0.6409858368115326,-1.0855632516187281,-0.8506251394080007,6.398797526986862,1.023588308508309,1.0690926460187924,0.9811187086035448,-0.06737449451643457,-0.09711417181628869,-0.08250969330819824,1.023588308508309,1.0873508186248977,0.0898170593677956,0.36512545832159893,0.38040714073580095,0.3504735265217683,-0.04207501853267811,-0.05487240079008196,-0.04853800930195579,0.36512545832159893,0.25463786721229553,0.26421958208084106,1.0185526589249323,0.03219679671461684,False,False,45.0
timesfm3,uber_tlc_hourly,Uber TLC,4,L4,block,block_depth,True,4,0.2,0.2,False,False,False,False,False,False,False,False,False,False,False,81984,0.3546801209449768,0.3681912473936117,0.3413125791476741,-0.024799231913665898,-0.03356548478322117,-0.029230840731668095,0.3546800999866642,6.489309334638948,7.904955012779651,5.226043936824054,-0.6886940199934382,-1.2294410640288418,-0.9411369470600865,6.489309334638948,1.0401362866265305,1.0897004261106773,0.9937709763507878,-0.08307682579527093,-0.11495654581741474,-0.09905767142641964,1.0401362866265305,1.0898170593677956,0.0898170593677956,0.3702902045279141,0.38763226521585437,0.3536948886824785,-0.044897178661025224,-0.062112425622869054,-0.05370275550827097,0.3702902045279141,0.2621718943119049,0.2647334337234497,1.020533530110747,0.03219679671461684,False,False,65.0
timesfm3,uber_tlc_hourly,Uber TLC,5,L5,block,block_depth,True,5,0.25,0.25,False,False,False,False,False,False,False,False,False,False,False,81984,0.3439921736717224,0.35691220293759957,0.33132771433167557,-0.015276199131350924,-0.021705829096559937,-0.0185429146584436,0.3439921739134397,6.132693900990882,7.46050170291173,4.9440288377182435,-0.4121706238406733,-0.7861200417462971,-0.5845215134120201,6.132693900990882,1.0104033483897201,1.0603916694473112,0.9656570764627214,-0.05599475471735511,-0.0836325105380101,-0.0693247331896093,1.0104033483897201,1.0569764613749264,0.06003069156569851,0.3499411665866213,0.3663855447163309,0.33419516076690037,-0.026870669636161765,-0.03977293299885469,-0.033353717566978136,0.3499411665866213,0.25184690952301025,0.26418381929397583,1.0184147952534917,0.03219679671461684,False,False,45.0
timesfm3,uber_tlc_hourly,Uber TLC,6,L6,block,block_depth,True,6,0.3,0.3,False,False,False,False,False,False,False,False,False,False,False,81984,0.34494248032569885,0.35801072606198375,0.33203357758057367,-0.016060593327194547,-0.022837952091109778,-0.019493217743535074,0.3449424769985312,6.17854514002666,7.524051794587742,4.980255900292992,-0.4452505004070381,-0.843342424210813,-0.6303727524477987,6.17854514002666,1.0088356727112628,1.0565627977561547,0.9649937133325561,-0.05501627209571736,-0.08078043751071388,-0.06775705751115202,1.0088356727112628,1.059896445726953,0.06003069156569851,0.3525575104538784,0.3693633278141071,0.3364854605619066,-0.02881093239714841,-0.042963262475539714,-0.035970061434235256,0.3525575104538784,0.24708491563796997,0.264628529548645,1.0201291300078548,0.03219679671461684,False,False,30.0
timesfm3,uber_tlc_hourly,Uber TLC,7,L7,block,block_depth,True,7,0.35,0.35,False,False,False,False,False,False,False,False,False,False,False,81984,0.344696044921875,0.3575522661212661,0.33208468247787987,-0.01580678585859883,-0.02255047547296827,-0.019246798563208267,0.3446960578182044,6.215606971666015,7.552715962286824,5.016691618775031,-0.485118094771835,-0.8751680251948997,-0.6674345840871538,6.215606971666015,1.00904052670799,1.0563866959105235,0.9651778597214398,-0.05545568848487021,-0.08072497345075598,-0.06796191150787922,1.00904052670799,1.0591392296010427,0.06003069156569851,0.35467231690094686,0.3709084689642546,0.33877852400972175,-0.03173300800090361,-0.0444765952560218,-0.03808486788130372,0.35467231690094686,0.24793972074985504,0.26332488656044006,1.0151036545246686,0.03219679671461684,False,False,30.0
timesfm3,uber_tlc_hourly,Uber TLC,8,L8,block,block_depth,True,8,0.4,0.4,False,False,False,False,False,False,False,False,False,False,False,81984,0.34038859605789185,0.3534000201228978,0.32775976059048345,-0.011659220578362231,-0.018184122396277574,-0.014939331598864236,0.34038859085386036,6.031371168445817,7.32987064215746,4.863063907146822,-0.3114839135589354,-0.6767452659984968,-0.4831987808669558,6.031371168445817,0.9951537702830082,1.0427839072192002,0.95157582794061,-0.041556908894103205,-0.06655562701127814,-0.0540751550828974,0.9951537702830082,1.0459038352918941,0.06003069156569851,0.3441595319899826,0.3613087649198939,0.32792347956943013,-0.019648739383657635,-0.03543769296968774,-0.027572082970339473,0.3441595319899826,0.24913296103477478,0.26325324177742004,1.014827467636216,0.03219679671461684,False,False,30.0
timesfm3,uber_tlc_hourly,Uber TLC,9,L9,block,block_depth,True,9,0.45,0.45,False,False,False,False,False,False,False,False,False,False,False,81984,0.34413936734199524,0.35717671496530584,0.3312875232065651,-0.014999076148196492,-0.02225528555737366,-0.018690120841141855,0.344139380096138,6.139582677387805,7.474675220530925,4.943297229694511,-0.38844260108500034,-0.8229789273149952,-0.5914102898089437,6.139582677387805,1.0065402374790513,1.0542763038956717,0.9622091618034601,-0.052081560924534816,-0.07866702443416237,-0.06546162227894048,1.0065402374790513,1.0574287398180118,0.06003069156569851,0.35033425101046717,0.36770660124730853,0.33364120694835175,-0.024461300099070778,-0.042517808816404476,-0.03374680199082403,0.35033425101046717,0.25206995010375977,0.26775896549224854,1.0321967967146168,0.03219679671461684,False,False,30.0
timesfm3,uber_tlc_hourly,Uber TLC,10,L10,block,block_depth,True,10,0.5,0.5,False,False,False,False,False,False,False,False,False,False,False,81984,0.34386956691741943,0.3569596729248421,0.331110007615177,-0.01476258734696126,-0.02198517785784397,-0.018420309610380436,0.34386956886537656,6.154001203447458,7.480966689872696,4.961033167781566,-0.4169303485827138,-0.826704476661537,-0.6058288158685965,6.154001203447458,1.0044975699411964,1.051593858585964,0.9606992287231518,-0.050638916623464376,-0.07569793885140688,-0.06341895474108561,1.0044975699411964,1.0565997305559647,0.06003069156569851,0.35115699480157,0.3676963508205291,0.33538138725901084,-0.026489749909495514,-0.04244941122689863,-0.034569545781926836,0.35115699480157,0.25168681144714355,0.26761823892593384,1.0316543031674983,0.03165430316749829,False,False,30.0
timesfm3,uber_tlc_hourly,Uber TLC,11,L11,block,block_depth,True,11,0.55,0.55,False,False,False,False,False,False,False,False,False,False,False,81984,0.3449861705303192,0.35802434794355953,0.33229490737359657,-0.01583115776737738,-0.02312631021068917,-0.019536918583717033,0.34498617783871316,6.234774333072757,7.584026629035151,5.015418342162801,-0.48603557933338876,-0.9228916045213542,-0.6866019454938952,6.234774333072757,1.0113117221484322,1.0602375255021528,0.9665662691570084,-0.056596195825227555,-0.08400159687826178,-0.07023310694832141,1.0113117221484322,1.0600306915656985,0.06003069156569851,0.3557660367114169,0.3728399482793266,0.33952023726473407,-0.031242972435530317,-0.0468994414082642,-0.039178587691773736,0.3557660367114169,0.25210991501808167,0.26559796929359436,1.0238662694814293,0.030292899412022845,False,False,30.0
timesfm3,uber_tlc_hourly,Uber TLC,12,L12,block,block_depth,True,12,0.6,0.6,False,False,False,False,False,False,False,False,False,False,False,81984,0.34276309609413147,0.35553562099625935,0.3301627357028254,-0.013844971915792313,-0.020704015594985317,-0.017313834606804912,0.34276309386180104,6.1278353427846675,7.442215353054872,4.948576667734141,-0.39935992071902854,-0.7812892133786938,-0.5796629552058059,6.1278353427846675,1.003739922506225,1.0509877589316907,0.9599967637517925,-0.049481098963656704,-0.07578503203258145,-0.06266130730611408,1.003739922506225,1.0531999043246574,0.05319990432465738,0.34966392960821335,0.36630554707710433,0.3338874651836754,-0.02529058596876659,-0.040544562536099,-0.03307648058857021,0.34966392960821335,0.2526135742664337,0.26726508140563965,1.0302928994120228,0.030292899412022845,False,False,30.0
timesfm3,uber_tlc_hourly,Uber TLC,13,L13,block,block_depth,True,13,0.65,0.65,False,False,False,False,False,False,False,False,True,False,False,81984,0.3303937315940857,0.3427898701632267,0.3179584971319827,-0.002322188777251874,-0.007496939602713205,-0.004944451807336936,0.33039371106233306,5.73013854950122,6.9475906341682245,4.638924646605653,-0.06384222533736168,-0.3113897791182,-0.18196616192235826,5.73013854950122,0.966005433983998,1.0125498357688212,0.9240072877824661,-0.014866013502426794,-0.035103327621371944,-0.02492681878388714,0.966005433983998,1.0151928561434045,0.0192477947419587,0.32697072462583493,0.3421532366544871,0.3124281508401158,-0.003865698688394992,-0.01683220903777778,-0.010383275606191789,0.32697072462583493,0.24938422441482544,0.2632332146167755,1.0147502639802093,0.014750263980209288,False,False,30.0
timesfm3,uber_tlc_hourly,Uber TLC,14,L14,block,block_depth,True,14,0.7,0.7,False,False,False,False,False,False,False,False,False,False,False,81984,0.33107706904411316,0.34352780939684113,0.31877527168653336,-0.0028696399071886716,-0.00832711800876012,-0.005627817666257584,0.3310770769212537,5.78275134138906,7.030785437469002,4.674259605067864,-0.09619425516929538,-0.38543605614837484,-0.23457895381019878,5.78275134138906,0.9702685881108499,1.0181475882920439,0.9275274027077504,-0.018317074986675744,-0.040532813166847266,-0.029189972910739104,0.9702685881108499,1.017292530656768,0.0192477947419587,0.32997289334122365,0.3456439093032325,0.31492806989223765,-0.005907239523981537,-0.020515092605436904,-0.013385444321580509,0.32997289334122365,0.2479066401720047,0.2630104422569275,1.0138914881935275,0.01389148819352748,False,False,30.0
timesfm3,uber_tlc_hourly,Uber TLC,15,L15,block,block_depth,True,15,0.75,0.75,False,False,False,True,False,False,False,True,False,False,False,81984,0.33171340823173523,0.3440791159178635,0.319266613326853,-0.003437490024753246,-0.008966506926257552,-0.006264152076408125,0.33171341133140425,5.7627899726884415,7.007139752003592,4.651402813827256,-0.0567116145047897,-0.38088034136492066,-0.21461758510957996,5.7627899726884415,0.9731088329155473,1.0211140834031514,0.9293886112030699,-0.02013640664048052,-0.044037712561411396,-0.03203021771543646,0.9731088329155473,1.0192477947419587,0.0192477947419587,0.3288338662248317,0.3456014772119532,0.31311026613823906,-0.0034964076492304316,-0.020462447325539965,-0.012246417205188542,0.3288338662248317,0.25472161173820496,0.2614891231060028,1.0080268824968397,0.009116120387612892,False,False,45.0
timesfm3,uber_tlc_hourly,Uber TLC,16,L16,block,block_depth,True,16,0.8,0.8,False,False,False,False,False,False,False,False,False,False,False,81984,0.3286707401275635,0.34115728831793113,0.316353605285941,-0.0008876775729093269,-0.005467157222273665,-0.003221488451115917,0.32867074770611204,5.732105589870097,6.94703336667585,4.643397492325921,-0.08910852459201847,-0.2923115598902544,-0.1839332022912359,5.732105589870097,0.9596846983554859,1.004407119573105,0.9184543784303446,-0.010113951637454544,-0.02692703694488035,-0.01860608315537504,0.9596846983554859,1.009898661790594,0.009898661790594065,0.3270829670453199,0.3414618375769316,0.31334516561502956,-0.005591059430196322,-0.01515418280140045,-0.010495518025676775,0.3270829670453199,0.24440640211105347,0.26177167892456055,1.009116120387613,0.009116120387612892,False,False,30.0
timesfm3,uber_tlc_hourly,Uber TLC,17,L17,block,block_depth,True,17,0.85,0.85,False,False,False,False,False,False,False,False,False,False,False,81984,0.32558465003967285,0.3379164129616479,0.31337390153611944,0.0021539065251055807,-0.0023496707837374867,-0.0001353879835996885,0.3255846472385958,5.534102082564409,6.692713265989609,4.501780648536861,0.09732306784751414,-0.07182000098450847,0.014070305014452167,5.534102082564409,0.9545085486721484,1.0024553137967527,0.9118269862304494,-0.002206208677332369,-0.02554675963976443,-0.01342993347203758,0.9545085486721484,1.0004161071563837,0.0004161071563837382,0.31578457526946435,0.33009399386866684,0.30253870774353875,0.005595611715952371,-0.003939211066028628,0.0008028737501787897,0.31578457526946435,0.2436314970254898,0.26117822527885437,1.0068283876464499,0.006828387646449885,False,False,30.0
timesfm3,uber_tlc_hourly,Uber TLC,18,L18,block,block_depth,True,18,0.9,0.9,False,False,False,False,False,False,False,False,False,False,False,81984,0.3218019902706146,0.3338571971467205,0.30980669960223195,0.005778908168982309,0.0015763147133367045,0.0036472780274526273,0.3218019812275435,5.461274493121036,6.601125122216708,4.436532912936944,0.15817487289796187,0.01465158882940594,0.08689789445782559,5.461274493121036,0.944154390286881,0.991310326862099,0.9021091422664261,0.008206001545473738,-0.01531072511389539,-0.0030757750867701494,0.944154390286881,0.9887932196511,0.00030273993375984354,0.3116289183883361,0.32399933768259853,0.2997967757848423,0.008983001709134712,0.0008362448421195629,0.004958530631307023,0.3116289183883361,0.24602752923965454,0.25796791911125183,0.9944528254068041,0.0,False,False,30.0
timesfm3,uber_tlc_hourly,Uber TLC,19,L19,block,block_depth,True,19,0.95,0.95,False,False,False,False,False,False,False,False,False,False,False,81984,0.3255477547645569,0.33786504412645774,0.3134401675217735,0.0018272634972427244,-0.001948897132849077,-9.848077902352426e-05,0.32554774003401965,5.463400585674926,6.598185802112922,4.445915253386734,0.14617570286681386,0.028890018238963446,0.08477180190393518,5.463400585674926,0.9540212440735303,1.0014673887279053,0.9118098588619875,-0.002132134313345362,-0.02527289477061414,-0.01294262887341946,0.9540212440735303,1.0003027399337598,0.00030273993375984354,0.3117502365758393,0.3248343309102067,0.2993159915281611,0.00803160361157553,0.0017242539754330835,0.004837212443803862,0.3117502365758393,0.25564044713974,0.25860396027565,0.9969047308033742,0.0,False,False,45.0
timesfm3,uber_tlc_hourly,Uber TLC,20,L20,block,block_depth,True,20,1.0,1.0,False,True,True,False,False,False,False,False,False,False,False,81984,0.32544922828674316,0.3377761282467546,0.31318231654275236,0.0,0.0,0.0,0.3254492592549961,5.5481723875788616,6.698226687140132,4.507502913293705,0.0,0.0,0.0,5.5481723875788616,0.9410786152001108,0.9833417936647413,0.9032571844050161,0.0,0.0,0.0,0.9410786152001108,1.0,0.0,0.31658744901964314,0.32973435446070687,0.3040393858382194,0.0,0.0,0.0,0.31658744901964314,0.24034257233142853,0.2594068944454193,1.0,0.0,False,False,30.0
timesfm3,wind_farms_hourly,Wind Farms,0,Emb,embedding,block_depth,True,0,0.0,0.0,True,False,False,True,True,True,True,False,True,True,True,81984,0.6811544299125671,1.5061521817994028,0.25395008279650494,-0.012072291999134661,-0.04151447213615666,-0.026398465247071234,0.6811544270403967,18.299191150166234,21.99463261366465,14.978818553445397,-0.028426383169864143,-2.553795439283542,-1.2768736687244555,18.299191150166234,4.785387299007486,11.763024277988116,1.232989642759,0.10755126850894844,-0.1724643062872862,-0.0425793267200163,4.785387299007486,1.0403180451274294,0.040318045127429425,0.2511022376282752,0.32072842004592694,0.20092238196071927,-0.0003713443868741443,-0.03702440821307995,-0.017521311885002278,0.2511022376282752,12.093559265136719,0.24468295276165009,0.9655527638959223,0.011372079802368651,False,False,30.0
timesfm3,wind_farms_hourly,Wind Farms,1,L1,block,block_depth,True,1,0.05,0.05,False,False,False,False,False,False,False,False,False,False,False,81984,0.6591688394546509,1.4827127547756918,0.23435242471590867,0.007251838692694992,-0.016610876335371373,-0.004412868440520912,0.6591688302338464,16.82478166926743,20.240252588282043,13.709517239226896,1.2438368926473475,-0.8246313818724827,0.19753581217434757,16.82478166926743,4.667157627426919,11.639189012982287,1.1186401827873402,0.22348436298645452,-0.045722124153698515,0.07565034486055122,4.667157627426919,1.006739747047378,0.010667382067626408,0.23087033137646965,0.294218605946101,0.18520036974220674,0.017618860122901314,-0.011688764065069968,0.002710594366803293,0.23087033137646965,12.06399917602539,0.24218595027923584,0.9556992468399195,0.011372079802368651,False,False,10.0
timesfm3,wind_farms_hourly,Wind Farms,2,L2,block,block_depth,True,2,0.1,0.1,False,False,False,False,False,False,False,False,False,False,False,81984,0.6549192070960999,1.4779263697753,0.23075527558689723,0.010743917892278194,-0.011144711823337754,-0.00016327069731048027,0.654919232490636,16.311400729203445,19.68711358828731,13.319348969997263,1.7909632196989906,-0.28221773834701996,0.7109167522383331,16.311400729203445,4.678403071093521,11.647643465721671,1.1322670811050446,0.20716225897404641,-0.05364701288019753,0.06440490119394937,4.678403071093521,1.000249340417672,0.010667382067626408,0.22382569744987107,0.2855138883988478,0.1789811720942083,0.025102843953056588,-0.00400628001706335,0.009755228293401863,0.22382569744987107,12.048093795776367,0.24245652556419373,0.956766974326793,0.011372079802368651,False,False,10.0
timesfm3,wind_farms_hourly,Wind Farms,3,L3,block,block_depth,True,3,0.15,0.15,False,False,False,False,False,False,False,False,False,False,False,81984,0.6540622711181641,1.476679723906039,0.2301178814875289,0.010807890163197765,-0.009206350347496369,0.0006936802955358479,0.6540622814977897,16.441605132454914,19.85031048610158,13.362389088192076,1.6392408940959178,-0.4382137314263493,0.5807123489868644,16.441605132454914,4.690446416026242,11.661482948852404,1.1448752626062881,0.19649065387308282,-0.06577129984337354,0.052361556261228515,4.690446416026242,0.9989405535666785,0.010667382067626408,0.22561236751289188,0.28681009383847356,0.18001309610380875,0.023853635391486508,-0.00589913932713845,0.007968558230381062,0.22561236751289188,12.037151336669922,0.24630135297775269,0.9719391949247722,0.011372079802368651,False,False,10.0
timesfm3,wind_farms_hourly,Wind Farms,4,L4,block,block_depth,True,4,0.2,0.2,False,False,False,False,False,False,False,False,False,False,False,81984,0.6526065468788147,1.475277594915584,0.22934648299923893,0.011164671869838327,-0.006994807757686086,0.0021493926338623792,0.6526065691594631,16.121333303071804,19.378230950559267,13.127340570135502,1.78266404873821,0.08790989916236072,0.9009841783699741,16.121333303071804,4.715261836361222,11.680081924221815,1.1755953321868298,0.16372026718652524,-0.08117366666743883,0.027546135926248105,4.715261836361222,0.9967172454174253,0.010667382067626408,0.22121758457699858,0.2832120028974,0.17699712184506428,0.02532088550293971,0.0011973249233073276,0.012363341166274355,0.22121758457699858,12.055630683898926,0.24762845039367676,0.9771761048256955,0.011372079802368651,False,False,30.0
timesfm3,wind_farms_hourly,Wind Farms,5,L5,block,block_depth,True,5,0.25,0.25,False,False,False,False,False,False,False,False,False,False,False,81984,0.6528569459915161,1.4751864068942386,0.23006787723541716,0.011282869269058329,-0.007493623585497109,0.001898991061331845,0.6528569707319937,16.20564456870132,19.50667952374199,13.18529264784456,1.8085368902284766,-0.10386968297660454,0.816672912740458,16.20564456870132,4.729893092118019,11.68874599229677,1.199812980325489,0.14199905828891754,-0.09408006979139015,0.012914880169451415,4.729893092118019,0.9970996766312408,0.010667382067626408,0.22237450715806314,0.2827693941050157,0.17726760854396215,0.026025187415307977,-0.0014425948581597533,0.011206418585209793,0.22237450715806314,12.054108619689941,0.24960556626319885,0.9849780774225324,0.011372079802368651,False,False,30.0
timesfm3,wind_farms_hourly,Wind Farms,6,L6,block,block_depth,True,6,0.3,0.3,False,False,False,False,False,False,False,False,False,False,False,81984,0.655461847782135,1.4773256927014162,0.23256750334167983,0.00979337488311761,-0.011004728296476588,-0.000705863779254412,0.6554618255725799,16.3049748591824,19.584250497228314,13.311341021482644,1.7809713821809205,-0.26873816795502325,0.7173426222593768,16.3049748591824,4.740307128764475,11.699675925214843,1.2096287993837278,0.13537456989234234,-0.10900889407159822,0.0025008435229949555,4.740307128764475,1.0010781082754618,0.010667382067626408,0.2237375214027577,0.285157475036604,0.1788029966702373,0.025134080060157264,-0.0036995270481891018,0.009843404340515227,0.2237375214027577,12.051383972167969,0.2489376813173294,0.9823425110777168,0.011372079802368651,False,False,30.0
timesfm3,wind_farms_hourly,Wind Farms,7,L7,block,block_depth,True,7,0.35,0.35,False,False,False,False,False,False,False,False,False,False,False,81984,0.659559965133667,1.481300423945165,0.23632515088783024,0.005040102887397485,-0.014802218476516627,-0.004804065148879322,0.6595600269422048,16.502126550310066,19.760768662428536,13.53830892990602,1.555195864202778,-0.46039533796196624,0.5201909311317117,16.502126550310066,4.737457089749639,11.696057218894104,1.2069784412946747,0.13814355406084342,-0.10371840879366888,0.005350882537831225,4.737457089749639,1.0073371080626259,0.010667382067626408,0.226442844845095,0.28871418668629084,0.18116183949169828,0.02211659746167855,-0.006565848320388317,0.00713808089817794,0.226442844845095,12.04780101776123,0.2475845068693161,0.9770026976024996,0.011372079802368651,False,False,30.0
timesfm3,wind_farms_hourly,Wind Farms,8,L8,block,block_depth,True,8,0.4,0.4,False,False,False,False,False,False,False,False,False,False,False,81984,0.660420835018158,1.4821089634408762,0.2369456800354915,0.004131897114295494,-0.015608039177698268,-0.005664899628893827,0.6604208614222193,16.63516522807649,19.955764166026007,13.610559546787773,1.478286993222954,-0.6194270082273262,0.38715225336528647,16.63516522807649,4.737579899711687,11.694368496922328,1.2060643809323555,0.13444206348206597,-0.10235594091224955,0.0052280725757833935,4.737579899711687,1.008651903116455,0.010667382067626408,0.22826840693710873,0.29014528861725397,0.1823311432850549,0.0210251468550607,-0.008910650576878188,0.005312518806164207,0.22826840693710873,12.044739723205566,0.2490599900484085,0.9828251582421764,0.011372079802368651,False,False,30.0
timesfm3,wind_farms_hourly,Wind Farms,9,L9,block,block_depth,True,9,0.45,0.45,False,False,False,False,False,False,False,False,False,False,False,81984,0.6597777009010315,1.4810135583499913,0.23656419985749907,0.0048074080934926555,-0.014680975702953746,-0.005021685702399248,0.6597776474957248,16.622209954985227,19.949400572906793,13.570307676973465,1.512007639009076,-0.6230041819849023,0.40010752645655145,16.622209954985227,4.7300727356511265,11.685341363434324,1.2003168337594547,0.1426361325568239,-0.09594885381157325,0.012735236636343572,4.7300727356511265,1.0076696529862315,0.010667382067626408,0.22809063415821337,0.2901721860934619,0.1820663627769919,0.020970201622242963,-0.008788568322443431,0.005490291585059565,0.22809063415821337,12.043810844421387,0.25221124291419983,0.9952604377741499,0.011372079802368651,False,False,30.0
timesfm3,wind_farms_hourly,Wind Farms,10,L10,block,block_depth,True,10,0.5,0.5,False,False,False,False,False,False,False,False,False,False,False,81984,0.6582872271537781,1.4805057264978194,0.23510557619378483,0.00608275245860897,-0.013315741400828038,-0.003531273294467785,0.6582872350877933,16.673482619745197,20.065457804175697,13.57979537108289,1.4112915799315526,-0.6247197781655545,0.34883486169658084,16.673482619745197,4.726186934479135,11.685064498926154,1.1978361138260012,0.1494564226997838,-0.09399739764132316,0.016621037808334904,4.726186934479135,1.0053932723785983,0.010667382067626408,0.2287941997281198,0.2907864735246259,0.1831326673326191,0.019811729061642407,-0.008486885712552565,0.004786726015153148,0.2287941997281198,12.042852401733398,0.2528148293495178,0.9976422733057779,0.011372079802368651,False,False,30.0
timesfm3,wind_farms_hourly,Wind Farms,11,L11,block,block_depth,True,11,0.55,0.55,False,False,False,False,False,False,False,False,False,False,False,81984,0.6588722467422485,1.4805655289039668,0.23570475870430582,0.005582132889491042,-0.013994886398489642,-0.00411624742586536,0.6588722092191909,16.623205779216622,20.03310274734254,13.51036504108992,1.4996480119872175,-0.6176463184991781,0.3991117022251558,16.623205779216622,4.735319116498731,11.691182957063896,1.2058813677678615,0.14207380313633355,-0.1039906421128237,0.007488855788738924,4.735319116498731,1.006286764966934,0.010667382067626408,0.22810429889840522,0.29062124956534297,0.18147776776739322,0.020951193877323013,-0.008384661663679745,0.005476626844867716,0.22810429889840522,12.041895866394043,0.25236988067626953,0.9958864443181116,0.011372079802368651,False,False,30.0
timesfm3,wind_farms_hourly,Wind Farms,12,L12,block,block_depth,True,12,0.6,0.6,False,False,False,False,False,False,False,False,False,False,False,81984,0.6617404818534851,1.4837101799535444,0.2384780937048628,0.002714448196916562,-0.01684375140275665,-0.006984512581141633,0.6617404743744671,16.79610558631907,20.204652656213163,13.69966639652351,1.3131488491009622,-0.7741354424905933,0.22621189512270945,16.79610558631907,4.746750157601893,11.707382577600915,1.2155581354178249,0.1272875974526098,-0.11369248442787809,-0.003942185314422808,4.746750157601893,1.0106673820676264,0.010667382067626408,0.23047683701184674,0.29338510962773284,0.1832965922918777,0.01829221003052367,-0.01075992770112584,0.0031040887314262022,0.23047683701184674,12.042252540588379,0.25113752484321594,0.9910233978031087,0.011372079802368651,False,False,30.0
timesfm3,wind_farms_hourly,Wind Farms,13,L13,block,block_depth,True,13,0.65,0.65,False,False,False,False,False,False,False,False,False,False,False,81984,0.6587514281272888,1.4803016079600386,0.23530314523826232,0.00531247728059908,-0.013518138898924083,-0.0039954973022162665,0.6587514590955418,16.47125809392054,19.804935365272797,13.431415882783272,1.6271407472835318,-0.4097957857035794,0.5510593875212386,16.47125809392054,4.7480307663482355,11.703430698775149,1.2172555011633375,0.12155920950817976,-0.1111238056610716,-0.005222794060765423,4.7480307663482355,1.0061022403131838,0.006102240313183849,0.22601926664385463,0.2880697565309938,0.1795789217067687,0.02251280290470789,-0.005805134579049022,0.007561659099418305,0.22601926664385463,12.04099178314209,0.2562941312789917,1.0113720798023687,0.011372079802368651,False,False,30.0
timesfm3,wind_farms_hourly,Wind Farms,14,L14,block,block_depth,True,14,0.7,0.7,False,False,False,False,False,False,False,True,False,False,False,81984,0.6583125591278076,1.4803191356051657,0.23474725429928428,0.005906509156765406,-0.013009031154375312,-0.003556570802452752,0.6583125325957783,16.444377776863767,19.77615929907867,13.412945415153548,1.6599742934259072,-0.394140784660934,0.5779397045780108,16.444377776863767,4.734564898511932,11.686294292916443,1.2059511635982683,0.1367736698272376,-0.09716131791511219,0.008243073775537901,4.734564898511932,1.0054319615635237,0.005431961563523657,0.2256504138510878,0.28854116632197896,0.1793482864363777,0.023157367274465997,-0.0056935908980235974,0.007930511892185133,0.2256504138510878,12.038880348205566,0.2545030415058136,1.0043041919035232,0.004304191903523158,False,False,30.0
timesfm3,wind_farms_hourly,Wind Farms,15,L15,block,block_depth,True,15,0.75,0.75,False,False,False,False,False,False,False,False,False,False,False,81984,0.6548170447349548,1.4766726571810609,0.23187974618591425,0.008919327769904832,-0.00902165985330311,-6.106108754078132e-05,0.6548170228808663,16.246155178391675,19.572157073368544,13.280053653133146,1.8244447630192775,-0.16402464559943025,0.7761623030501035,16.246155178391675,4.710492738753211,11.6602996562565,1.1844330577157334,0.16210956811108101,-0.07498013235292535,0.032315233534259136,4.710492738753211,1.0000933092107025,0.003902145674886004,0.2229303953750591,0.2840881226311704,0.1766029187287275,0.025612919944801724,-0.0022908664371802563,0.01065053036821384,0.2229303953750591,12.038665771484375,0.25245401263237,0.9962184406498049,0.0,False,False,30.0
timesfm3,wind_farms_hourly,Wind Farms,16,L16,block,block_depth,True,16,0.8,0.8,False,False,False,False,False,False,False,False,False,False,False,81984,0.6573109030723572,1.4793919426897355,0.23409474227072685,0.0062385864684692425,-0.011514197474786336,-0.0025549743232097244,0.6573109361165352,16.368414282014434,19.68777236294467,13.364241118218903,1.6837410188612778,-0.2911441049885278,0.6539031994273437,16.368414282014434,4.727455106430401,11.676495590365967,1.1997669705343887,0.13899402768963576,-0.08711180405047023,0.015352865857068743,4.727455106430401,1.003902145674886,0.003902145674886004,0.22460803971672297,0.28709326466834034,0.1778953360937624,0.02363524096565017,-0.004172176662476876,0.00897288602654997,0.22460803971672297,12.037459373474121,0.24908557534217834,0.9829261213490694,0.0,False,False,30.0
timesfm3,wind_farms_hourly,Wind Farms,17,L17,block,block_depth,True,17,0.85,0.85,False,False,False,False,False,False,False,False,False,False,False,81984,0.6539715528488159,1.475977263592169,0.23060206272994802,0.009033600651332012,-0.007826551982958944,0.0007843871615144105,0.6539715746318111,16.109311588996416,19.47575554005527,13.094076612251078,1.9157398082062445,0.008098065646902786,0.9130058924453621,16.109311588996416,4.710409721244492,11.65978623374549,1.182875078339406,0.1631603938313224,-0.07622669205004447,0.03239825104297811,4.710409721244492,0.9988020007679576,0.0,0.22105262213250115,0.28422925878565164,0.17453114346702792,0.026830545352328754,0.00012103622189241498,0.012528303610771785,0.22105262213250115,12.038010597229004,0.2449537068605423,0.9666211970073053,0.0,False,False,30.0
timesfm3,wind_farms_hourly,Wind Farms,18,L18,block,block_depth,True,18,0.9,0.9,False,False,False,False,False,False,False,False,False,False,False,81984,0.6482667326927185,1.4696198685962047,0.22496315701686928,0.013099273702374972,-0.0003322407293118874,0.006489173505625834,0.6482667882876997,15.717574678843183,18.937557731553426,12.816786338305754,2.121216521263967,0.5808011477214748,1.3047428025985948,15.717574678843183,4.709572668969634,11.668228189468884,1.1800580678163548,0.1338562794944975,-0.051042112035570394,0.033235303317836085,4.709572668969634,0.9900891052893851,0.0,0.21567719248132944,0.2767542719395778,0.17030789550491438,0.029267552398379998,0.00833550254588426,0.0179037332619435,0.21567719248132944,12.041170120239258,0.24573944509029388,0.969721828705887,0.0,False,False,30.0
timesfm3,wind_farms_hourly,Wind Farms,19,L19,block,block_depth,True,19,0.95,0.95,False,False,False,False,False,False,False,False,False,False,False,81984,0.6524087190628052,1.474622396707094,0.22837993638316267,0.007291435666883514,-0.00272195746727603,0.002347316219691753,0.6524086455736338,16.564778314548704,19.903232817790165,13.49398089027454,0.9068417958682442,0.07762499370284913,0.45753916689307417,16.564778314548704,4.67735709506361,11.640381259514017,1.1421901801574033,0.1695858319801605,-0.010598670910834284,0.06545087722386,4.67735709506361,0.9964151056415022,0.0,0.22730255487613307,0.2907832543871597,0.18118134232148714,0.012528106670237644,0.0011013810927802718,0.006278370867139865,0.22730255487613307,12.026355743408203,0.24933670461177826,0.983917112170541,0.0,False,False,10.0
timesfm3,wind_farms_hourly,Wind Farms,20,L20,block,block_depth,True,20,1.0,1.0,False,True,True,False,False,False,False,False,False,False,False,81984,0.6547559499740601,1.4763131892658727,0.2310264666758492,0.0,0.0,0.0,0.6547559617933255,17.022317481441778,20.511168688071162,13.802484630947,0.0,0.0,0.0,17.022317481441778,4.74280797228747,11.724626895089134,1.1822886385639517,0.0,0.0,0.0,4.74280797228747,1.0,0.0,0.23358092574327294,0.29867237851729794,0.18607364622327072,0.0,0.0,0.0,0.23358092574327294,12.022486686706543,0.25341230630874634,1.0,0.0,False,False,10.0
timesfm3,sg_carpark,SG Carpark,0,Emb,embedding,block_depth,True,0,0.0,0.0,False,False,False,False,False,False,False,False,False,False,False,81984,0.20263125002384186,0.21850617156537658,0.1889623472556514,-0.036248205372758496,-0.0474044823808606,-0.04165473803456893,0.20263124697205037,15.719659813968065,17.52062824153054,14.158249453625023,-2.783415442297105,-3.8253542863601995,-3.3125825586989137,15.719659813968065,1.0303590102829117,1.1160528104314293,0.955772066208447,-0.19249990414753831,-0.2485229333997543,-0.21957693084335606,1.0303590102829117,1.2587628139755518,0.2587628139755518,0.06146625825996826,0.06883402031595837,0.0550286654967734,-0.011114175223551315,-0.014804656538994692,-0.012952701106135243,0.06146625825996826,0.21066582202911377,0.23831310868263245,1.1552057103975522,0.15520571039755215,False,False,3.0
timesfm3,sg_carpark,SG Carpark,1,L1,block,block_depth,True,1,0.05,0.05,False,False,False,False,False,False,False,False,False,False,False,81984,0.17093290388584137,0.18734366516293272,0.15632949595650036,-0.005685575807856465,-0.01424002310387411,-0.00995640389326602,0.17093291283074746,13.2561261618335,15.20542621269911,11.592774745806771,-0.3149582396478044,-1.407685588828343,-0.8490489065643487,13.2561261618335,0.8626343025484019,0.9506836880729488,0.7847340879144596,-0.03028062575725141,-0.07266199717586436,-0.051852223108846296,0.8626343025484019,1.061849951925173,0.09873274441400315,0.05183346737987081,0.06024163537153177,0.044821114977840276,-0.0011992672765425638,-0.005542121593516795,-0.003319910226037795,0.05183346737987081,0.16625727713108063,0.23148147761821747,1.122089868551641,0.12208986855164095,False,False,10.0
timesfm3,sg_carpark,SG Carpark,2,L2,block,block_depth,True,2,0.1,0.1,False,False,False,False,False,False,True,False,False,False,True,81984,0.1768701672554016,0.19274558416741377,0.1629888198733077,-0.01158783649131236,-0.020109268631470414,-0.015893654929379275,0.17687016386686072,13.72704985662464,15.490636881515869,12.171490820990924,-0.8693350610181884,-1.739257454370508,-1.3199726013554898,13.72704985662464,0.8968824717738508,0.9825310377662057,0.8218221541855966,-0.0646720948768728,-0.1067411039084989,-0.08610039233429523,0.8968824717738508,1.0987327444140031,0.09873274441400315,0.053674850576920036,0.06129843294400427,0.047082663475644645,-0.0034175719803720772,-0.006851891269862016,-0.005161293423087021,0.053674850576920036,0.16089937090873718,0.2236754596233368,1.0842507559111312,0.08425075591113118,False,False,10.0
timesfm3,sg_carpark,SG Carpark,3,L3,block,block_depth,True,3,0.15,0.15,False,False,False,False,False,True,False,False,False,False,False,81984,0.16629600524902344,0.18197438993628037,0.1521557407816714,-0.0008282519306061533,-0.009662536073128798,-0.005319495438098232,0.16629600437557968,12.742911227627856,14.451140863812338,11.2537073848721,0.10400257764946119,-0.7555109400849519,-0.3358339723587047,12.742911227627856,0.8356601054303573,0.9231085198133807,0.7613523158476264,-0.0038569520408512146,-0.04542373271757204,-0.02487802599080169,0.8356601054303573,1.0330451373888487,0.03304513738884873,0.04982671901113535,0.05720328407637341,0.043567502425832835,0.000409847362610303,-0.0029760336765194888,-0.0013131618573023335,0.04982671901113535,0.14523698389530182,0.21626132726669312,1.0483112808088864,0.05547289771471409,False,False,10.0
timesfm3,sg_carpark,SG Carpark,4,L4,block,block_depth,True,4,0.2,0.2,False,False,False,False,False,False,False,False,False,False,False,81984,0.1640784740447998,0.17966036866445326,0.15033085237672858,0.0006834909267260487,-0.006783364846313238,-0.0031019671278147976,0.16407847606529624,12.517307055287583,14.219298647756123,11.023255083238713,0.35015980936885427,-0.5211004129329462,-0.1102298000184323,12.517307055287583,0.8195807924246479,0.9047463690489396,0.7460434306582112,0.00988911798278175,-0.026299749696117904,-0.008798712985092272,0.8195807924246479,1.019269642156111,0.019269642156110933,0.04894457241981588,0.056274587640411364,0.04273023201683572,0.0013691357899810774,-0.0020500529709803848,-0.00043101526598286755,0.04894457241981588,0.13883887231349945,0.21187283098697662,1.0270383596909034,0.05547289771471409,False,False,10.0
timesfm3,sg_carpark,SG Carpark,5,L5,block,block_depth,True,5,0.25,0.25,False,False,False,False,True,False,False,False,False,False,False,81984,0.1561651974916458,0.17217035681156617,0.14154969535946932,0.009348195928575123,0.0005051242790085015,0.004811316034046276,0.15616519290343517,11.782945892924273,13.489217557318634,10.286533392928698,1.2888766218983907,0.11616071927534821,0.6241313623448779,11.782945892924273,0.7757327743730738,0.865715028419638,0.6992566241664366,0.059516797065877126,0.01280378196996291,0.03504930506648185,0.7757327743730738,0.9701116852237874,0.017983697232358153,0.0460731086988386,0.0534993006747985,0.03988201967419291,0.005016168822339066,0.00045978434224381464,0.002440448454994415,0.0460731086988386,0.13153506815433502,0.2083684206008911,1.0100509815648697,0.05547289771471409,False,False,10.0
timesfm3,sg_carpark,SG Carpark,6,L6,block,block_depth,True,6,0.3,0.3,False,False,False,False,False,False,False,False,False,False,False,81984,0.1528192013502121,0.1688781585954761,0.13845604397303893,0.01281072322442327,0.003808091530092267,0.008157310102366477,0.15281919883511497,11.502588578127275,13.176903828931536,10.022010468630304,1.5727055689599019,0.4024986136854619,0.9044886771418756,11.502588578127275,0.7571264218453055,0.8483818420221391,0.680912165074921,0.07842579205504802,0.030881380878313033,0.05365565759425006,0.7571264218453055,0.9493260684048276,0.017983697232358153,0.044976869001522056,0.05226212522694613,0.03885061497742985,0.006155284447775897,0.0015758299213610716,0.0035366881523109586,0.044976869001522056,0.13276658952236176,0.21361348032951355,1.0354760325969972,0.05547289771471409,False,False,10.0
timesfm3,sg_carpark,SG Carpark,7,L7,block,block_depth,True,7,0.35,0.35,False,False,False,False,False,False,False,False,False,False,False,81984,0.15796005725860596,0.17462098055813818,0.14288843894366826,0.006278282737012142,-0.0001429131199305884,0.0030164455016285785,0.15796006343585287,12.032739386659857,13.882704309687814,10.447887353323226,0.6909547207689019,0.06925319483868862,0.3743378686092935,12.032739386659857,0.7898707207494577,0.8804504926199206,0.7099787757083033,0.03677931327955873,0.0050719246128482914,0.02091135869009786,0.7898707207494577,0.9812615090080479,0.017983697232358153,0.04704983921205036,0.055101199007612095,0.04036592948475122,0.002652478592877504,0.0002753355848299555,0.0014637179417826551,0.04704983921205036,0.15633319318294525,0.2112463414669037,1.024001496653477,0.05547289771471409,False,False,45.0
timesfm3,sg_carpark,SG Carpark,8,L8,block,block_depth,True,8,0.4,0.4,False,False,False,False,False,False,False,False,False,False,False,81984,0.15435169637203217,0.17004135126290093,0.1399414789802421,0.010855813400483142,0.0026311226368034603,0.006624817069472572,0.15435169186800887,11.692047644976812,13.392839308711103,10.203017934391106,1.2547332080791813,0.2775148533781104,0.7150296102923388,11.692047644976812,0.7681558120308499,0.8570049172022132,0.6913219492090307,0.06524253911750996,0.021670575138147206,0.042626267408705676,0.7681558120308499,0.9588460597479337,0.017983697232358153,0.04571768273861823,0.052927362014553996,0.03954857722688819,0.004958815384174445,0.0010856825147435116,0.002795874415214783,0.04571768273861823,0.12773990631103516,0.21050401031970978,1.0204030996329154,0.05547289771471409,False,False,10.0
timesfm3,sg_carpark,SG Carpark,9,L9,block,block_depth,True,9,0.45,0.45,False,False,False,False,False,False,False,False,False,False,False,81984,0.1518753618001938,0.16794251976903043,0.13750466961429406,0.013040911712510107,0.0053977004954812325,0.00910115078891402,0.15187535814856742,11.479662676846024,13.185723074707612,9.983002032706027,1.481676154681991,0.5053891027941361,0.9274145784231269,11.479662676846024,0.7545487372676226,0.8440184114476991,0.6780146585766634,0.07825387388860991,0.03574608806077281,0.05623334217193299,0.7545487372676226,0.9434628556586067,0.017983697232358153,0.044887225244235156,0.05210794846253507,0.038791040354048054,0.005821062224587948,0.0019726251683637635,0.003626331909597859,0.044887225244235156,0.1277940273284912,0.21236492693424225,1.0294237595184128,0.05547289771471409,False,False,10.0
timesfm3,sg_carpark,SG Carpark,10,L10,block,block_depth,True,10,0.5,0.5,False,False,False,False,False,False,False,False,False,False,False,81984,0.1560087949037552,0.17221275664850183,0.14137193906715528,0.007878273734717629,0.0021817426639214404,0.0049677067830906085,0.15600880215439084,11.755937330523741,13.507556671951985,10.223740791928234,0.9926654757837982,0.36337265525891355,0.6511399247454097,11.755937330523741,0.7808020736903425,0.8682360566083428,0.7047603963614995,0.045516325499170666,0.015772334140106863,0.029980005749213112,0.7808020736903425,0.9691400988489164,0.017983697232358153,0.045967501116270786,0.05362469083248812,0.039534812211428585,0.003845577173789084,0.0014444685306148235,0.002546056037562229,0.045967501116270786,0.14464813470840454,0.21773873269557953,1.055472897714714,0.05547289771471409,False,False,30.0
timesfm3,sg_carpark,SG Carpark,11,L11,block,block_depth,True,11,0.55,0.55,True,False,False,False,False,False,False,False,False,True,False,81984,0.15888281166553497,0.17472156692443594,0.1446675333699559,0.0059541133269246675,-0.0013837297191832908,0.002093699850184094,0.15888280908729735,12.065257059608166,13.77318435616366,10.569060779151323,0.9370374921556965,-0.0931133960734309,0.34182019566098454,12.065257059608166,0.7920576958256552,0.8795137738468997,0.7178942207156512,0.04044389044489904,-0.0008241246379253742,0.018724383613900386,0.7920576958256552,0.9869937390255681,0.017983697232358153,0.047176988253893985,0.0543497327205356,0.04101123472163421,0.0036947639027082604,-0.0003683780955722513,0.0013365688999390293,0.047176988253893985,0.12464998662471771,0.21128743886947632,1.0242007133663003,0.030542854707596323,False,False,10.0
timesfm3,sg_carpark,SG Carpark,12,L12,block,block_depth,True,12,0.6,0.6,False,False,False,False,False,False,False,False,False,False,False,81984,0.1592331975698471,0.17523147292135252,0.1451757068511646,0.004661467146801901,-0.0010500385052403416,0.0017433129251003265,0.15923319601238112,12.062382299713946,13.785088203157372,10.557425635914852,0.776844646049155,0.016733856584570897,0.34469495555520524,12.062382299713946,0.7972280658966243,0.8834954951415286,0.7224116751140083,0.029223926719487904,-0.000612084079346442,0.013554013542931287,0.7972280658966243,0.9891703665044856,0.017983697232358153,0.04716574750592713,0.054660142144594144,0.04089385761009078,0.0030261282334778116,6.679136991705332e-05,0.001347809647905887,0.04716574750592713,0.14475804567337036,0.21259579062461853,1.0305428547075963,0.030542854707596323,False,False,30.0
timesfm3,sg_carpark,SG Carpark,13,L13,block,block_depth,True,13,0.65,0.65,False,False,False,True,False,False,False,True,True,False,False,81984,0.1570201963186264,0.17251752165966996,0.14319987670165923,0.00789533847269449,0.00024372390971262679,0.0039563017481633045,0.15702020718931814,11.916501735204077,13.618643164014033,10.434636170060976,1.0505297156417202,0.06091046865930085,0.49057552006507343,11.916501735204077,0.7860502431641038,0.8716835110988063,0.7122491644241531,0.046282181207102265,0.004763720457853862,0.024731836275451835,0.7860502431641038,0.9754230117307762,0.017983697232358153,0.04659533233413658,0.05372409056479615,0.040410022257415704,0.004170975848790825,0.00023381985480558644,0.0019182248196964319,0.04659533233413658,0.12153466045856476,0.20237602293491364,0.981003263455796,0.0,False,False,10.0
timesfm3,sg_carpark,SG Carpark,14,L14,block,block_depth,True,14,0.7,0.7,False,False,False,False,False,False,False,False,False,False,False,81984,0.15751999616622925,0.17311630866064104,0.1435946616375724,0.006571490494902713,0.0005021810815748755,0.0034565057205615257,0.15752000321691992,12.044538268578401,13.773216582445466,10.5482174335472,0.8274783585721472,0.01630351922982576,0.36253898669074935,12.044538268578401,0.7908881430149965,0.8779086565963545,0.7171534823910307,0.037169974222805595,0.0044614709358013205,0.019893936424559056,0.7908881430149965,0.9785278115211298,0.017983697232358153,0.047095974633030634,0.054295169690730616,0.04081203817463101,0.0032366140521015887,6.258562545190198e-05,0.001417582520802381,0.047095974633030634,0.13813024759292603,0.19721931219100952,0.9560064777936207,0.0,False,False,30.0
timesfm3,sg_carpark,SG Carpark,15,L15,block,block_depth,True,15,0.75,0.75,False,False,False,False,False,False,False,False,False,False,False,81984,0.15465573966503143,0.1707832006700758,0.1404800346757859,0.009521286853057687,0.0033515474927416924,0.006320773755426473,0.15465573518205497,11.822974261573178,13.557880125590307,10.31535085320922,1.0443764168337974,0.2459067563233168,0.5841029936959732,11.822974261573178,0.7763575104860034,0.8628343685656262,0.7015390812903837,0.05238373927868786,0.01889767267248004,0.03442456895355217,0.7763575104860034,0.960734802925608,0.017983697232358153,0.04622962570201908,0.05354856455166807,0.039906317578403835,0.0041093333757581995,0.0009580393646731833,0.0022839314518139364,0.04622962570201908,0.13622328639030457,0.1937982589006424,0.9394231672134653,0.0,False,False,30.0
timesfm3,sg_carpark,SG Carpark,16,L16,block,block_depth,True,16,0.8,0.8,False,False,False,False,False,False,False,False,False,False,False,81984,0.15207591652870178,0.16804825515186378,0.13803295258769377,0.011956887309686791,0.005998706341705341,0.008900590735556047,0.1520759182019254,11.674571490757785,13.427478000246397,10.148067123625841,1.1092333969114354,0.41909885756853493,0.732505764511366,11.674571490757785,0.7634092830080105,0.8512406596459564,0.6882329023714122,0.06389323545272126,0.0316512978926076,0.04737279643154513,0.7634092830080105,0.9447087189417039,0.017983697232358153,0.045649348320359176,0.05297509735759094,0.03931937294816009,0.0043704810463597735,0.0016213742173246599,0.0028642088334738386,0.045649348320359176,0.134981170296669,0.1933751255273819,0.9373720585197288,0.0,False,False,30.0
timesfm3,sg_carpark,SG Carpark,17,L17,block,block_depth,True,17,0.85,0.85,False,False,False,False,False,False,False,False,False,False,False,81984,0.15518097579479218,0.17094810485240008,0.14150431776250907,0.009218640266628247,0.002583264798915158,0.0057955283229634,0.15518098061451804,11.93923997340423,13.701019806718504,10.398789573997206,0.8737641686715655,0.12133586439778715,0.46783728186492013,11.93923997340423,0.7773799860649029,0.8636805693913443,0.7023979184620179,0.05235426328163513,0.015563398261409862,0.03340209337465272,0.7773799860649029,0.9639976150960974,0.017983697232358153,0.04668424230026355,0.05402594811609705,0.040407879271581466,0.003441435753946146,0.0004705749137465448,0.0018293148535694637,0.04668424230026355,0.13437506556510925,0.19098620116710663,0.9257919189380117,0.0,False,False,30.0
timesfm3,sg_carpark,SG Carpark,18,L18,block,block_depth,True,18,0.9,0.9,False,False,False,False,False,False,False,False,False,False,False,81984,0.15978410840034485,0.1749910056412136,0.14627137432232667,0.0035717746674340895,-0.0010524217223506541,0.0011923934864459251,0.15978411545103552,12.369308923504498,14.15386786107266,10.838208441837493,0.28273331325471657,-0.18571314433821282,0.037768331764652885,12.369308923504498,0.8062948081987915,0.8908455573550134,0.7324603002764808,0.017318586093134598,-0.007484388497254702,0.00448727124076409,0.8062948081987915,0.9925926721319017,0.017983697232358153,0.04836587723825166,0.05588079739248813,0.041935138321182175,0.0011138950845406797,-0.0007216433090767863,0.00014767991558135157,0.04836587723825166,0.1403139978647232,0.18809039890766144,0.9117547250766024,0.0,False,False,30.0
timesfm3,sg_carpark,SG Carpark,19,L19,block,block_depth,True,19,0.95,0.95,False,False,False,False,False,False,False,False,False,False,False,81984,0.16387146711349487,0.17995547175217985,0.14977035001998948,-0.0008767850110359959,-0.004917717428804287,-0.002894965573976921,0.16387147451145836,12.865680669269375,14.820491467330555,11.180740536074325,-0.2678744837887713,-0.6650177111133941,-0.4586034140002244,12.865680669269375,0.8261013415023578,0.913189884215598,0.7496183688832203,-0.005058784551760743,-0.02528428825255625,-0.015319262062802208,0.8261013415023578,1.0179836972323582,0.017983697232358153,0.05030676618109156,0.05852609409398837,0.04344767584367017,-0.0010533936936762366,-0.002617118425348344,-0.0017932090272585466,0.05030676618109156,0.1409163475036621,0.18972507119178772,0.9196786817892232,0.0,False,False,30.0
timesfm3,sg_carpark,SG Carpark,20,L20,block,block_depth,True,20,1.0,1.0,False,True,True,False,False,False,False,False,False,False,False,81984,0.16097651422023773,0.1770151154406495,0.14687573073568652,0.0,0.0,0.0,0.16097650893748144,12.40707725526915,14.271584015800228,10.799495943528655,0.0,0.0,0.0,12.40707725526915,0.8107820794395556,0.8990796823878439,0.7345645040513609,0.0,0.0,0.0,0.8107820794395556,1.0,0.0,0.048513557153833015,0.05639374024572313,0.04185406185813516,0.0,0.0,0.0,0.048513557153833015,0.1300325095653534,0.2062949538230896,1.0,0.0,False,False,30.0
timesfm3,coastal_ts,Coastal T-S,0,Emb,embedding,block_depth,True,0,0.0,0.0,False,False,False,False,False,True,True,False,False,False,True,81984,0.38094276189804077,0.43433466898277395,0.32859792888630185,0.06667356957526252,-0.008469924028031527,0.027791321588059248,0.38094275786230963,0.33175855715239605,0.43329158788176136,0.2434530698310557,0.045233592166534366,-0.015104779149996212,0.013421352102971018,0.33175855715239605,1.2173270776852194,1.428809241527243,1.0329587557994167,0.2523714458351827,-0.03995339184999727,0.10411246970199883,1.2173270776852194,0.9320063522432634,0.0,0.011724306838826094,0.015421311039599076,0.008615034686581806,0.0016152536712068044,-0.0005274728034231016,0.000474308942014336,0.011724306838826094,3.8520143032073975,0.4151419401168823,1.04696464213271,0.07925238264025491,True,False,90.0
timesfm3,coastal_ts,Coastal T-S,1,L1,block,block_depth,True,1,0.05,0.05,False,False,False,False,False,False,False,False,False,False,False,81984,0.3871515691280365,0.44917532410472627,0.3287604379157225,0.06279749394549675,-0.017420685710385443,0.021582516531149565,0.3871515629192193,0.3407245388861278,0.4449347018424128,0.24839920230244178,0.03618423204091056,-0.026033154320031907,0.004455370369239264,0.3407245388861278,1.2213445111261707,1.4368825677341697,1.0331641294370313,0.2424027165301443,-0.025750154888759615,0.10009503626104754,1.2213445111261707,0.9471966862172654,0.0,0.012041163536841253,0.01576191664476968,0.008772907137076626,0.001287043786584523,-0.000921635587136931,0.0001574522439991774,0.012041163536841253,3.824751138687134,0.4264558255672455,1.0754976254018418,0.07925238264025491,False,False,45.0
timesfm3,coastal_ts,Coastal T-S,2,L2,block,block_depth,True,2,0.1,0.1,False,False,False,False,False,False,False,False,False,False,False,81984,0.3843919038772583,0.43984577548690135,0.3331308371309812,0.06204037143227954,-0.012440837772252642,0.024342147012551607,0.3843919324378173,0.3356364956523603,0.4352356131948574,0.24926071346951775,0.0352006306873794,-0.015001765877046401,0.009543413603006756,0.3356364956523603,1.2294529040873154,1.4416895129294873,1.0463291388339926,0.22750978479755402,-0.03527873875779131,0.0919866432999028,1.2294529040873154,0.9404449486833241,0.0,0.011861352711179562,0.015384797960415208,0.008792959425833411,0.0012460224022368598,-0.0005334012491484008,0.0003372630696608682,0.011861352711179562,3.819178342819214,0.42421048879623413,1.0698350122525477,0.07925238264025491,False,False,65.0
timesfm3,coastal_ts,Coastal T-S,3,L3,block,block_depth,True,3,0.15,0.15,False,False,False,False,False,False,False,False,False,False,False,81984,0.4024202823638916,0.4598747396841645,0.34951531447004525,0.04232753997202961,-0.029028442944399994,0.006313791808982672,0.4024202876413862,0.34759887074934565,0.44991093022765893,0.2619299449173756,0.0272773015846498,-0.031318573453702855,-0.0024189614939785775,0.34759887074934565,1.3291893023976438,1.6207149989257736,1.089184666281083,0.13530854501090245,-0.16245171938121297,-0.007749755010425519,1.3291893023976438,0.9845527909913641,0.0,0.01228410158422148,0.01591448965871549,0.009267497521842976,0.0009792154521063383,-0.001094834441163544,-8.548580338105065e-05,0.01228410158422148,3.81335186958313,0.4279446601867676,1.079252382640255,0.07925238264025491,False,False,65.0
timesfm3,coastal_ts,Coastal T-S,4,L4,block,block_depth,True,4,0.2,0.2,False,False,False,False,False,False,False,False,False,False,False,81984,0.39977598190307617,0.45716068918506303,0.3462686511843155,0.04859086046150575,-0.03174735850964985,0.00895809754729271,0.39977598190307617,0.3399444068077931,0.4391881255060655,0.25543476237909557,0.03683786815618496,-0.02885044510113779,0.005235502447573981,0.3399444068077931,1.3312218635246482,1.6561676603231112,1.0675817940777457,0.1515580895041163,-0.20735550211213563,-0.00978231613742997,1.3312218635246482,0.9780833024665253,0.0,0.012013593764595692,0.015518556257898409,0.009015199039359429,0.001299167851457872,-0.0010097836985435104,0.00018502201624473816,0.012013593764595692,3.828251838684082,0.4182998538017273,1.0549287229721664,0.054928722972166444,True,False,90.0
timesfm3,coastal_ts,Coastal T-S,5,L5,block,block_depth,True,5,0.25,0.25,False,False,False,False,False,False,False,False,False,False,False,81984,0.3910153806209564,0.4470455375344803,0.33902595397084956,0.05116028365058203,-0.01649199133583655,0.017718697587649046,0.39101538186271984,0.3370031603133839,0.44216428194442503,0.2490088560115282,0.03516485109569892,-0.019873662487633663,0.00817674894198317,0.3370031603133839,1.2878017030237892,1.5672651112650708,1.0518179616270802,0.16279542552106924,-0.1152605060919739,0.03363784436342909,1.2878017030237892,0.9566498041537488,0.0,0.01190965047316995,0.01572821682275533,0.008778887164359744,0.0012518415847881438,-0.0007003993952976643,0.0002889653076704798,0.01190965047316995,3.8255789279937744,0.41165074706077576,1.0381600494491239,0.05363477216213952,True,False,90.0
timesfm3,coastal_ts,Coastal T-S,6,L6,block,block_depth,True,6,0.3,0.3,False,False,False,False,False,False,False,False,False,False,False,81984,0.39417776465415955,0.4488450120513638,0.3428083372224743,0.04867456963596243,-0.018905022367835044,0.01455634149412316,0.3941777379562457,0.33885081831653546,0.44791484247298136,0.2494467660066441,0.032248841695905146,-0.022053290811113103,0.006329090938831605,0.33885081831653546,1.2882522582024472,1.5620361463923378,1.0594089142776097,0.16671957244422675,-0.11356411222990095,0.033187289184771096,1.2882522582024472,0.9643868247824984,0.0,0.011974946481050195,0.015952370032612892,0.008779239974902478,0.001152871523998343,-0.0007720311476483451,0.0002236692997902353,0.011974946481050195,3.8110058307647705,0.40685003995895386,1.0260529359365074,0.05363477216213952,False,False,65.0
timesfm3,coastal_ts,Coastal T-S,7,L7,block,block_depth,True,7,0.35,0.35,False,False,False,False,False,False,False,False,False,False,False,81984,0.3954319953918457,0.4478039670192326,0.34611209719829883,0.049859755307746445,-0.019950299085273116,0.013302108428130566,0.3954319710222383,0.3377569033377541,0.44632828236029415,0.24959533117563998,0.031934262818745916,-0.01831699629686947,0.007423005917612968,0.3377569033377541,1.296284413866108,1.5712669445752812,1.0688009973296193,0.1603518605313184,-0.11551168529015327,0.025155133521110207,1.296284413866108,0.9674553986776367,0.0,0.011936287659475537,0.015832962834184817,0.008764223048618664,0.0011459404959730968,-0.0006442966185985325,0.000262328121364893,0.011936287659475537,3.828385591506958,0.40757033228874207,1.0278694727120385,0.05363477216213952,True,False,90.0
timesfm3,coastal_ts,Coastal T-S,8,L8,block,block_depth,True,8,0.4,0.4,False,False,False,False,True,False,False,False,False,False,False,81984,0.39252910017967224,0.4452662856162836,0.3437909035865838,0.0466702142575135,-0.012076583108864707,0.016205006279051304,0.3925290731713176,0.33414916663601885,0.4401113838422403,0.24659778677341165,0.03493408237712425,-0.012670447634519041,0.011030742619348222,0.33414916663601885,1.2791205099230123,1.5376265730153056,1.0629862523729792,0.1555144876738218,-0.07952259840873079,0.042319037464205955,1.2791205099230123,0.9603532378066386,0.0,0.011808790685628352,0.015650436906034508,0.008668939011039009,0.0012489613518929619,-0.00044378770934761923,0.0003898250952120777,0.011808790685628352,3.8276801109313965,0.40377935767173767,1.0183088477794944,0.05363477216213952,True,False,90.0
timesfm3,coastal_ts,Coastal T-S,9,L9,block,block_depth,True,9,0.45,0.45,False,False,False,False,False,False,False,False,False,False,False,81984,0.3939751982688904,0.44929891147185114,0.3415744005314385,0.044463685302374274,-0.014081852308784924,0.014758933025101839,0.39397514642526704,0.334659540344102,0.43731421337602155,0.2500261219135694,0.03318895301021483,-0.012262870738934756,0.010520368911265066,0.334659540344102,1.3004487220111163,1.5957553571228726,1.0631925716570205,0.13249207408329597,-0.11024669430148488,0.020990825376101974,1.3004487220111163,0.9638912302294449,0.0,0.011826827230058125,0.015511332295259488,0.008842293137105372,0.0011811783700091361,-0.0004282791173263032,0.0003717885507823048,0.011826827230058125,3.8276724815368652,0.4032911956310272,1.0170777305473706,0.05363477216213952,True,False,90.0
timesfm3,coastal_ts,Coastal T-S,10,L10,block,block_depth,True,10,0.5,0.5,False,False,False,False,False,False,False,False,False,False,False,81984,0.3943292498588562,0.4462256935735543,0.34430878554315614,0.04960997723198176,-0.019342907463821255,0.014404872742791952,0.39432920670757693,0.3340298342182768,0.43510519775751877,0.24922967404251495,0.03880711670654629,-0.017841847352038854,0.011150075037090257,0.3340298342182768,1.2877781194153644,1.5728869423887517,1.0551225079903825,0.1656215042463246,-0.11019088679858965,0.0336614279718539,1.2877781194153644,0.9647574452199223,0.0,0.011804573492578577,0.015464287935156683,0.008749520829373917,0.001390425790662769,-0.0006281051749268897,0.0003940422882618526,0.011804573492578577,3.7904741764068604,0.40344637632369995,1.0174690875331869,0.05363477216213952,False,False,45.0
timesfm3,coastal_ts,Coastal T-S,11,L11,block,block_depth,True,11,0.55,0.55,False,False,False,True,False,False,False,False,False,False,False,81984,0.396721214056015,0.4497806747094728,0.3443366779518935,0.0435379490954801,-0.017069053192002116,0.012012840093423904,0.396721239356945,0.33506262025685896,0.43907204118774296,0.2468758311189323,0.037542377599805235,-0.018006962189382303,0.010117288998508112,0.33506262025685896,1.2820066614648506,1.546561529239774,1.061369666019815,0.15257078757876982,-0.07856104744321739,0.0394328859223676,1.2820066614648506,0.9706095732797466,0.0,0.011841072024882087,0.015610109226524818,0.008677834819969121,0.0013419609335137016,-0.000632778020653324,0.0003575437559583429,0.011841072024882087,3.7903661727905273,0.3941993713378906,0.9941486606376496,0.05363477216213952,False,False,45.0
timesfm3,coastal_ts,Coastal T-S,12,L12,block,block_depth,True,12,0.6,0.6,False,False,False,False,False,False,False,False,False,False,False,81984,0.39546212553977966,0.44909706832841034,0.34379219042990977,0.04120096414893245,-0.013551831920631193,0.013271987903863192,0.3954620915465057,0.33662458144772794,0.44215417161955833,0.2491936094179766,0.0342679181241248,-0.017007987027146832,0.008555327807639124,0.33662458144772794,1.2857578507552694,1.555689604062249,1.061388864989398,0.1395455302040559,-0.07748529965746552,0.03568169663194887,1.2857578507552694,0.967529114448291,0.0,0.011896271542354288,0.015713104152858613,0.0087474045488628,0.0012261908720771818,-0.0005935450741004672,0.0003023442384861418,0.011896271542354288,3.806386947631836,0.39260435104370117,0.9901261090953257,0.05363477216213952,False,False,65.0
timesfm3,coastal_ts,Coastal T-S,13,L13,block,block_depth,True,13,0.65,0.65,False,False,False,False,False,False,False,False,False,False,False,81984,0.39461979269981384,0.44713883915295205,0.3434713123133406,0.04043785989051684,-0.011774904389555273,0.014114308636635542,0.39461977081373334,0.3341002027088467,0.4353680915246634,0.2486984898038424,0.03917974011299307,-0.014962802403277412,0.011079706546520351,0.3341002027088467,1.277469117083062,1.5331061371746137,1.0602295601543736,0.1372937190226669,-0.05729573908931949,0.04397043030415615,1.277469117083062,0.9654682810736399,0.0,0.011807060306429916,0.015498896596266683,0.008766148965663205,0.0014020516254533409,-0.0005185193160759158,0.0003915554744105144,0.011807060306429916,3.7878658771514893,0.3965391516685486,1.000049455136675,0.05363477216213952,False,False,45.0
timesfm3,coastal_ts,Coastal T-S,14,L14,block,block_depth,True,14,0.7,0.7,False,False,False,False,False,False,False,False,False,False,False,81984,0.3935737609863281,0.44720151124444474,0.34109973613327993,0.0429687894104669,-0.012429323994244137,0.015160327622046055,0.3935737518283228,0.3290322243772146,0.42291583062671667,0.2485157129596403,0.04152117504372138,-0.007473063687376727,0.01614768487815249,0.3290322243772146,1.2754939932232423,1.5328797570491715,1.0570146694110392,0.13933359006182822,-0.058985155093004435,0.045945554163975943,1.2754939932232423,0.9629090824245854,0.0,0.011627958571955942,0.015078914645619383,0.008733190957788912,0.0014893076473319396,-0.00025923115256894024,0.0005706572088844883,0.011627958571955942,3.803591251373291,0.40431106090545654,1.0196497734533845,0.05363477216213952,False,False,65.0
timesfm3,coastal_ts,Coastal T-S,15,L15,block,block_depth,True,15,0.75,0.75,False,False,False,False,False,False,False,False,False,False,False,81984,0.3884589672088623,0.44365338967181744,0.3350274795743947,0.046937308103466954,-0.009752564791900398,0.020275117053339897,0.388458962397029,0.32909651661701483,0.426268671946438,0.24768474539833177,0.04002170460396144,-0.010023661730311237,0.016083392638352234,0.32909651661701483,1.2843303323480584,1.576922555314841,1.0375642353941497,0.14628056928334068,-0.11078788930537245,0.03710921503915987,1.2843303323480584,0.9503953381884149,0.0,0.011630230651848148,0.015119916544503606,0.008745919450452723,0.0014329580366083203,-0.00035104492855307586,0.0005683851289922815,0.011630230651848148,3.820223569869995,0.40964174270629883,1.0330934533725247,0.05363477216213952,True,False,90.0
timesfm3,coastal_ts,Coastal T-S,16,L16,block,block_depth,True,16,0.8,0.8,False,False,False,False,False,False,False,False,False,False,False,81984,0.39371630549430847,0.44950971037227033,0.33993676510096216,0.038800578533361295,-0.010820930272651215,0.015017780164877592,0.3937162992854913,0.33652201124061776,0.4359929167585579,0.2551114494699737,0.0331632929861883,-0.015371062722718105,0.00865789801474931,0.33652201124061776,1.3014962067830527,1.584953252540031,1.0596218407706213,0.11855283421947828,-0.11512548281674621,0.019943340604165583,1.3014962067830527,0.9632578287460882,0.0,0.011892646723778384,0.01545847297636524,0.00898788108284777,0.0011854148799839111,-0.0005337993441016587,0.00030596905706204575,0.011892646723778384,3.8181023597717285,0.4170265793800354,1.0517175964382681,0.05363477216213952,True,False,90.0
timesfm3,coastal_ts,Coastal T-S,17,L17,block,block_depth,True,17,0.85,0.85,False,False,False,False,False,False,False,False,False,False,False,81984,0.3932100236415863,0.44892093527596444,0.33850327821758885,0.035750302307618186,-0.004359016831343354,0.01552403811365366,0.3932100413367152,0.3364100325253705,0.4315407512171653,0.2569644786224177,0.025206396598499475,-0.008553248430006554,0.008769876729996573,0.3364100325253705,1.2957885145114545,1.5743108801405026,1.0635281056552732,0.10185952642558849,-0.07021485678271118,0.025651032875763757,1.2957885145114545,0.9620191704751933,0.0,0.011888689409675485,0.015300429944761936,0.009040988707757684,0.0009042837001615926,-0.00029835139058871483,0.00030992637116494456,0.011888689409675485,3.814936637878418,0.41778677701950073,1.0536347721621395,0.05363477216213952,True,False,90.0
timesfm3,coastal_ts,Coastal T-S,18,L18,block,block_depth,True,18,0.9,0.9,True,False,False,False,False,False,False,False,False,True,False,81984,0.4005277156829834,0.46061986100394275,0.34156505235005175,0.0242944764594237,-0.007365594897419196,0.008206390775740147,0.40052768867462873,0.333624819517843,0.4328299222795327,0.25174169312436123,0.02671210211432513,-0.001238933501170779,0.01155508973752406,0.333624819517843,1.2919676448890132,1.554514071197481,1.0631957725609513,0.08658430760338738,-0.026122821837629512,0.029471902498205083,1.2919676448890132,0.9799224781331755,0.0,0.01179026032259472,0.015390604540270343,0.008839590105965118,0.0009445502830460245,-4.33496735690598e-05,0.0004083554582457096,0.01179026032259472,3.8226447105407715,0.41031569242477417,1.0347931166867643,0.034793116686764325,True,False,90.0
timesfm3,coastal_ts,Coastal T-S,19,L19,block,block_depth,True,19,0.95,0.95,False,False,False,False,False,False,False,False,False,False,False,81984,0.4056556224822998,0.46863549643894653,0.34642335857497525,0.02244218696141615,-0.015564738140286293,0.0030784890986979008,0.405655590351671,0.3347393046794465,0.43183584476927755,0.2536287270564993,0.03480181776261993,-0.010042757411842816,0.010440604575920553,0.3347393046794465,1.318777108910527,1.5856377161054414,1.0884199334978528,0.08058527990819557,-0.07260428459509881,0.0026624384766913423,1.318777108910527,0.9924683044060303,0.0,0.011829646091914775,0.015308925564322416,0.008922699536553133,0.001242037629515842,-0.0003532249072756701,0.0003689696889256546,0.011829646091914775,3.8361427783966064,0.40587514638900757,1.0235943091418045,0.023594309141804493,True,False,90.0
timesfm3,coastal_ts,Coastal T-S,20,L20,block,block_depth,True,20,1.0,1.0,False,True,True,False,False,False,False,True,True,False,False,81984,0.4087340831756592,0.4744673559985434,0.34648949006417146,0.0,0.0,0.0,0.4087340794503689,0.34517990925536707,0.44923118055923433,0.25890041572018846,0.0,0.0,0.0,0.34517990925536707,1.3214395473872182,1.5944108230940692,1.0836227381216443,0.0,0.0,0.0,1.3214395473872182,1.0,0.0,0.01219861578084043,0.01595815546710557,0.009083237918827943,0.0,0.0,0.0,0.01219861578084043,3.7962703704833984,0.3965195417404175,1.0,0.0,False,False,45.0
timesfm3,boom_hourly,BOOM,0,Emb,embedding,block_depth,True,0,0.0,0.0,True,False,False,True,True,True,True,True,True,True,True,81984,0.256195992231369,0.32025613056464214,0.20777351678464837,0.028737782670308624,0.003946602932377445,0.01591832128400772,0.25619600030283135,0.398770341598781,0.5660415489871573,0.2750179495669519,0.15771498094727393,0.0036521455112755027,0.06283027596039886,0.398770341598781,1.2573558222246197,1.9178794628574682,0.8407439703835081,0.180519964044773,-0.004047598637134902,0.08333040868344921,1.2573558222246197,0.9415013688524169,0.0,0.4900368780771478,0.5826869569438297,0.4087141082298281,0.1521768548476826,0.0051838662611160035,0.07721023624003043,0.4900368780771478,12.568726539611816,0.2056506723165512,0.9117484424746208,0.0,False,False,30.0
timesfm3,boom_hourly,BOOM,1,L1,block,block_depth,True,1,0.05,0.05,False,False,False,False,False,False,False,False,False,False,False,81984,0.25522977113723755,0.3187764469057973,0.2073741400710407,0.02867698083331777,0.005839544621567232,0.016884547981859788,0.2552297736049793,0.3910025849080997,0.5591355236813013,0.26781200019065415,0.1658425198895737,0.011520357991702878,0.07059803265108017,0.3910025849080997,1.229000405206096,1.8814777288075133,0.8188426322127534,0.20609982157991064,0.030834186594592066,0.11168582570197283,1.229000405206096,0.9379505776210016,0.0,0.48049131552828045,0.5683660817684567,0.4013752539835457,0.1587419267961957,0.01650536606113702,0.08675579878889778,0.48049131552828045,12.543439865112305,0.20351435244083405,0.902277107917958,0.0,False,False,10.0
timesfm3,boom_hourly,BOOM,2,L2,block,block_depth,True,2,0.1,0.1,False,False,False,False,False,False,False,False,False,False,False,81984,0.26102128624916077,0.3268217942862913,0.21070473831894118,0.02445394512907845,-0.0027400583588507678,0.0110930386315084,0.26102128295533067,0.4040926052604412,0.5797916029211931,0.2741618857419611,0.16548440464805125,-0.015889053676679945,0.05750801229873864,0.4040926052604412,1.3085758783569663,2.0886464064704224,0.8383250542472641,0.1750281234170526,-0.15776795447557346,0.03211035255110262,1.3085758783569663,0.9592339683489911,0.0,0.4965772478012522,0.6159746840856225,0.4043778417689894,0.1600752223907389,-0.021586260475301433,0.07066986651592605,0.4965772478012522,12.528938293457031,0.2029539793729782,0.8997927043122366,0.0,False,False,10.0
timesfm3,boom_hourly,BOOM,3,L3,block,block_depth,True,3,0.15,0.15,False,False,False,False,False,False,False,False,False,False,False,81984,0.27190089225769043,0.33980762158944083,0.21990791384438527,0.013375337340206022,-0.015261877698384493,0.00021343796887557387,0.2719008836179635,0.4377097878907499,0.6400962353838459,0.29033607149633506,0.11345825565814135,-0.04841532000715395,0.02389082966842998,0.4377097878907499,1.3902620587690657,2.2533345485555256,0.8774353657901396,0.12230419478598757,-0.31763480413749157,-0.04957582786099679,1.3902620587690657,0.9992157177135756,0.0,0.5378883923559307,0.6633352628279895,0.436274311814677,0.11077766986750451,-0.06369843541141167,0.029358721961247558,0.5378883923559307,12.51795482635498,0.2119670808315277,0.939752122504894,0.0,False,False,10.0
timesfm3,boom_hourly,BOOM,4,L4,block,block_depth,True,4,0.2,0.2,False,False,False,False,False,False,False,False,False,False,False,81984,0.26835015416145325,0.33398473751099816,0.2178980742828489,0.012911087826899363,-0.006805380398610163,0.0037641678568460235,0.26835015372999305,0.44497242285464816,0.6543881176172774,0.29266195815043655,0.07397086483014677,-0.028873106715729496,0.016628194704531696,0.44497242285464816,1.3714067507552992,2.1393635006410228,0.9001938854123924,0.08013392515065934,-0.19685655049883158,-0.030720519847230232,1.3714067507552992,0.9861670171897022,0.0,0.5468132260084381,0.6486595071262728,0.4476233768729706,0.0724289082468787,-0.03859909768578912,0.020433888308740156,0.5468132260084381,12.532211303710938,0.21564608812332153,0.9560629331157272,0.0,False,False,30.0
timesfm3,boom_hourly,BOOM,5,L5,block,block_depth,True,5,0.25,0.25,False,False,False,False,False,False,False,False,False,False,False,81984,0.26691609621047974,0.33236461078358737,0.2165219371756907,0.014186080495924243,-0.004722125001059668,0.005198221651069035,0.26691609993577003,0.43715827164588933,0.6382525312063534,0.29018184573994293,0.09015875627063487,-0.02369157498267185,0.02444234591329053,0.43715827164588933,1.3581869082001852,2.111973366285515,0.8915296962147231,0.0931459872799826,-0.1785507278300429,-0.01750067729211624,1.3581869082001852,0.9808969600272314,0.0,0.5372106506318177,0.6382185961084008,0.440620742906646,0.0874225417687807,-0.03204728389343049,0.030036463685360504,0.5372106506318177,12.527050018310547,0.21647416055202484,0.9597341768739984,0.0,False,False,30.0
timesfm3,boom_hourly,BOOM,6,L6,block,block_depth,True,6,0.3,0.3,False,False,False,False,False,False,False,False,False,False,False,81984,0.2717491090297699,0.33800941302235854,0.22067886220849,0.009616356402554023,-0.010004537499517666,0.0003651920258788688,0.2717491295609602,0.4474968567994072,0.6548545224762374,0.29648905893658734,0.07732584222032868,-0.03580427718824731,0.014103760759772654,0.4474968567994072,1.3899872472194088,2.1706509905869873,0.9106016525041427,0.07181575048808078,-0.22978361447693457,-0.049301016311339874,1.3899872472194088,0.9986579255498054,0.0,0.5499154269500677,0.6575932794937978,0.4497067537304945,0.07464042172953181,-0.047775289481206365,0.01733168736711055,0.5499154269500677,12.521947860717773,0.21994850039482117,0.9751375981447109,0.0,False,False,30.0
timesfm3,boom_hourly,BOOM,7,L7,block,block_depth,True,7,0.35,0.35,False,False,False,False,False,False,False,False,False,False,False,81984,0.27087661623954773,0.33581657035902435,0.22029287599179745,0.008888010863782991,-0.006658059444428426,0.0012377280673527835,0.2708765935194863,0.45041982785157114,0.6645882978958695,0.29756969344310435,0.05707037754909369,-0.02377028807438361,0.011180789707608718,0.45041982785157114,1.3782588440552705,2.0988525995897,0.9231489077456444,0.04957962827544667,-0.15516603889665193,-0.03757261314720162,1.3782588440552705,0.9954515789198152,0.0,0.553507378155289,0.6521210910609231,0.4526287247766346,0.055366588461823525,-0.03243898655001162,0.013739736161889171,0.553507378155289,12.529467582702637,0.22169676423072815,0.9828884934443349,0.0,False,False,45.0
timesfm3,boom_hourly,BOOM,8,L8,block,block_depth,True,8,0.4,0.4,False,False,False,False,False,False,False,False,False,False,False,81984,0.26961007714271545,0.3344844743225323,0.2195061949118551,0.010367596679035597,-0.005147350460717089,0.0025042194720505395,0.26961010211478853,0.44188350921901565,0.6427243570148766,0.29750767642144255,0.07823989933490108,-0.019376752989456673,0.019717108340164213,0.44188350921901565,1.355898217250805,2.0508825164106756,0.9135883385493199,0.06846848819000659,-0.11335255753212409,-0.015211986342736017,1.355898217250805,0.9907971411864731,0.0,0.5430173529538209,0.6369928139405228,0.4515066208670977,0.07551495226519468,-0.02717297254852973,0.024229761363357305,0.5430173529538209,12.51805305480957,0.21866650879383087,0.9694539121528204,0.0,False,False,30.0
timesfm3,boom_hourly,BOOM,9,L9,block,block_depth,True,9,0.45,0.45,False,False,False,False,False,False,False,False,False,False,False,81984,0.27020376920700073,0.33470666894799694,0.22046442400337865,0.00914671788706396,-0.0051568906995635875,0.0019105685438097764,0.2702037530430293,0.44153228897828484,0.6444646221686897,0.2971777923638676,0.07419375133339379,-0.01558681210507792,0.020068328580895023,0.44153228897828484,1.3526228797063249,2.0338444452077193,0.9184781492307791,0.06175507097662193,-0.0955378471379715,-0.011936648798255955,1.3526228797063249,0.9929789157190607,0.0,0.5425857489644289,0.6339214200707229,0.4493308680054251,0.07097204922816347,-0.021722545069065253,0.02466136535274932,0.5425857489644289,12.516335487365723,0.21982187032699585,0.9745761860870227,0.0,False,False,30.0
timesfm3,boom_hourly,BOOM,10,L10,block,block_depth,True,10,0.5,0.5,False,False,False,False,False,False,False,False,False,False,False,81984,0.26816123723983765,0.33170554192742,0.2190199442247276,0.01173815318293829,-0.0032085968672145365,0.003953081021601024,0.26816124056523805,0.43258776371516816,0.6230420665226173,0.29555411686376803,0.09583751272273254,-0.011370530651672952,0.0290128538440117,0.43258776371516816,1.3332695401133066,1.9845472899891443,0.9144828837282922,0.08037969643747318,-0.05950347104967489,0.007416690794762371,1.3332695401133066,0.9854727614413927,0.0,0.5315940909132142,0.620355928349313,0.4453636704086495,0.09175196805988747,-0.016335118907017266,0.035653023403964035,0.5315940909132142,12.51522159576416,0.21956007182598114,0.9734155072871259,0.0,False,False,30.0
timesfm3,boom_hourly,BOOM,11,L11,block,block_depth,True,11,0.55,0.55,False,False,False,False,False,False,False,False,False,False,False,81984,0.2679648995399475,0.33198233124363297,0.2188195711935707,0.011605369602527317,-0.0028839340922159652,0.004149419184521608,0.26796490240231746,0.44021117139858257,0.6385981202987098,0.2978575909148851,0.08026534843109866,-0.015928931892850714,0.021389446160597292,0.44021117139858257,1.3404741391367574,1.9937460961739897,0.9170915565792211,0.06999071996541789,-0.06594256973270245,0.00021209177131154,1.3404741391367574,0.9847512348804427,0.0,0.5409622673089614,0.6341748780446222,0.4485909148370767,0.07664990081413298,-0.023080450618445398,0.02628484700821687,0.5409622673089614,12.524894714355469,0.2204640656709671,0.977423347236727,0.0,False,False,45.0
timesfm3,boom_hourly,BOOM,12,L12,block,block_depth,True,12,0.6,0.6,False,False,False,False,False,False,False,False,False,False,False,81984,0.26840654015541077,0.33234996709730574,0.21932383475188524,0.010974801033024957,-0.0030814285430199287,0.003707771055337261,0.2684065505315018,0.44763369205880826,0.6493889139074359,0.30283623523434083,0.07049855899295487,-0.025344957631904617,0.013966925500371596,0.44763369205880826,1.3410713719977996,1.9762704687032246,0.9247652945306675,0.06336453348184559,-0.05731564946867242,-0.0003851410897306451,1.3410713719977996,0.9863742315572368,0.0,0.5500835796844433,0.6468482311780615,0.45478354177462055,0.06648582326758899,-0.036864960182573084,0.0171635346327349,0.5500835796844433,12.525130271911621,0.22062276303768158,0.978126929069438,0.0,False,False,45.0
timesfm3,boom_hourly,BOOM,13,L13,block,block_depth,True,13,0.65,0.65,False,False,False,False,False,False,False,False,False,False,False,81984,0.26678451895713806,0.3302139580557596,0.21823645287119695,0.0135684588330793,-0.0020569935957980338,0.005329799767331056,0.266784521819508,0.4382687580903794,0.6275808989622895,0.2995845026609661,0.09730520278701606,-0.027241853474631407,0.023331859468800453,0.4382687580903794,1.329132859459178,1.9650790009025416,0.9182903064901197,0.08443837212529266,-0.052120160212049266,0.011553371448890903,1.329132859459178,0.9804134233292054,0.0,0.5385752940208499,0.6423245912471325,0.4466425467901415,0.09299102640499037,-0.0404230690713675,0.02867182029632831,0.5385752940208499,12.513689041137695,0.2184421718120575,0.9684593183038565,0.0,False,False,30.0
timesfm3,boom_hourly,BOOM,14,L14,block,block_depth,True,14,0.7,0.7,False,False,False,False,False,False,False,False,False,False,False,81984,0.2673356235027313,0.3309125475198725,0.2184327755394355,0.012686817329850433,-0.0024261555649566476,0.004778689423333982,0.2673356321635051,0.4341990586273889,0.6263846782483636,0.2959226690128678,0.09220478758989319,-0.01201941707366488,0.02740155893179097,0.4341990586273889,1.3480064549150566,1.984684295033631,0.9324266840765171,0.06448012736323315,-0.07158356667170779,-0.007320224006987619,1.3480064549150566,0.9824386918727831,0.0,0.5335741627642966,0.6236990970115033,0.4463758343793345,0.08830459885507956,-0.017925335818735885,0.033672951552881636,0.5335741627642966,12.51266860961914,0.21971401572227478,0.9740980146968665,0.0,False,False,30.0
timesfm3,boom_hourly,BOOM,15,L15,block,block_depth,True,15,0.75,0.75,False,False,False,False,False,False,False,False,False,False,False,81984,0.2673088610172272,0.3305919917666032,0.21822045689453978,0.011786231177985274,-0.001595101928625163,0.00480547503931289,0.2673088465475262,0.43893730952832083,0.6440227312240756,0.2945772052723402,0.07152396897455977,-0.00759955720567043,0.02266330803085903,0.43893730952832083,1.359934037315722,1.9846534756122642,0.9445621550556101,0.0418921534192398,-0.07645987288479571,-0.019247806407653112,1.359934037315722,0.9823403417131393,0.0,0.539396856773409,0.6246712600023742,0.4474877129359368,0.06719324673817875,-0.011348442420061104,0.02785025754376924,0.539396856773409,12.524782180786133,0.21705695986747742,0.9623180068326054,0.0,False,False,45.0
timesfm3,boom_hourly,BOOM,16,L16,block,block_depth,True,16,0.8,0.8,False,False,False,False,False,False,False,False,False,False,False,81984,0.2652270793914795,0.3284763041873183,0.21708735395091358,0.01552377755255147,-0.0006126777613587992,0.006887229525163185,0.2652270920616759,0.4366249508364791,0.6235254003106747,0.29764959700956606,0.10594430967820205,-0.034303692356279475,0.02497566672270074,0.4366249508364791,1.3249508001586738,1.9520714283355747,0.9194614677428993,0.09158655097287431,-0.04904327695338409,0.015735430749395096,1.3249508001586738,0.9746899478360829,0.0,0.5365552687310245,0.6485285649869018,0.4414905088706788,0.10114837485700694,-0.05066050314146861,0.030691845586153677,0.5365552687310245,12.511709213256836,0.2131267935037613,0.9448936871334768,0.0,False,False,30.0
timesfm3,boom_hourly,BOOM,17,L17,block,block_depth,True,17,0.85,0.85,False,False,False,False,False,False,False,False,False,False,False,81984,0.2614242136478424,0.3246830260725744,0.21337934932908265,0.019841644726298957,0.002646526928509624,0.010690081335793633,0.26142424025104544,0.4212731465347355,0.6045704850356018,0.2857425179747341,0.11572015544002881,-0.010764647924531813,0.04032747102444434,0.4212731465347355,1.293508174518368,1.9244854899361543,0.888792309004929,0.12209062907994116,-0.01691805761357055,0.04717805638970085,1.293508174518368,0.960714696810443,0.0,0.517689898195402,0.6163863397112318,0.42669458868668536,0.11123879220417394,-0.016282968156436605,0.049557216121776215,0.517689898195402,12.51105785369873,0.20907612144947052,0.9269351076896407,0.0,False,False,30.0
timesfm3,boom_hourly,BOOM,18,L18,block,block_depth,True,18,0.9,0.9,False,False,False,False,False,False,False,False,False,False,False,81984,0.2595084011554718,0.32350386364969513,0.21106543435825637,0.02029574852723542,0.005721664561437512,0.012605920084094446,0.2595084015027446,0.422970637551953,0.6212058904803974,0.28249126062338054,0.09426346324901985,0.004121166618767343,0.03862998000722684,0.422970637551953,1.3029700890376013,1.9346999987979727,0.8925282717541952,0.09964245467646143,-0.01834055956724549,0.03771614187046768,1.3029700890376013,0.9536742272530483,0.0,0.5197758938472006,0.6071727220751819,0.427780448285837,0.08974769892684943,0.005906087177519133,0.04747122046997765,0.5197758938472006,12.511256217956543,0.20939236879348755,0.9283371844253804,0.0,False,False,30.0
timesfm3,boom_hourly,BOOM,19,L19,block,block_depth,True,19,0.95,0.95,False,False,False,False,False,False,False,False,False,False,False,81984,0.2637040317058563,0.32752572183370965,0.21454402349894539,0.01384221987968502,0.003526730721521767,0.008410295126907052,0.263704026459932,0.43206107623170864,0.6393533369428913,0.2846751775323836,0.07781297453914371,-0.003893850583596471,0.02953954132747122,0.43206107623170864,1.3083263957568638,1.9326723065147966,0.8938559975968705,0.07790954416484515,-0.0076076891182270895,0.03235983515120511,1.3083263957568638,0.9690928599645962,0.0,0.5309468605071563,0.6239234127721603,0.43343583959002585,0.07466848218334877,-0.005460216490205327,0.03630025381002189,0.5309468605071563,12.516622543334961,0.2180815488100052,0.9668605029110451,0.0,False,False,30.0
timesfm3,boom_hourly,BOOM,20,L20,block,block_depth,True,20,1.0,1.0,False,True,True,False,False,False,False,False,False,False,False,81984,0.2721143066883087,0.3369112601748399,0.22277447877604367,0.0,0.0,0.0,0.27211432158683907,0.46160061755917986,0.7074594709789528,0.29536498808677925,0.0,0.0,0.0,0.46160061755917986,1.340686230908069,1.9692555813733503,0.9171034131063791,0.0,0.0,0.0,1.340686230908069,1.0,0.0,0.5672471143171782,0.6623312559116071,0.457530519567803,0.0,0.0,0.0,0.5672471143171782,12.52659797668457,0.2255563735961914,1.0,0.0,False,False,30.0
timesfm3,LOOP_SEATTLE_5T,Loop Seattle,0,Emb,embedding,block_depth,True,0,0.0,0.0,False,False,False,False,False,False,False,False,False,False,False,81984,0.33080267906188965,0.351498711571268,0.3104048986880123,-0.031446949510927545,-0.058250008855470055,-0.045016033546501466,0.3308027060915723,5.913967947992929,6.467660957359819,5.393321817326948,-0.39772952193302824,-0.9146805707807555,-0.6611672108743809,5.913967947992929,1.314395874753104,1.430813114761118,1.2000733180097551,-0.0717439902446089,-0.1883048418184294,-0.132141436141046,1.314395874753104,1.157516051561045,0.15751605156104498,0.0990744259595879,0.10909257063767062,0.08983491401353771,-0.0066771914470950865,-0.01537462136101191,-0.011076279488953275,0.0990744259595879,0.3825533986091614,0.3895891606807709,1.165122017261261,0.16512201726126108,True,False,90.0
timesfm3,LOOP_SEATTLE_5T,Loop Seattle,1,L1,block,block_depth,True,1,0.05,0.05,False,False,False,False,False,True,True,False,False,False,True,81984,0.28166311979293823,0.30358934169101975,0.2608882608752385,0.01700840905550435,-0.008421476224067682,0.004123562961134253,0.2816631095839366,4.94162037244284,5.44635685619834,4.473086641437288,0.5862347181415397,0.04238212706076066,0.31118036467570853,4.94162037244284,1.0960973069258584,1.1982474882151448,0.9960680681350217,0.14658018894629976,0.030442181244769058,0.08615713168619954,1.0960973069258584,0.9855711665264077,0.0,0.08278506174118425,0.09173113573824453,0.07435920038162862,0.009826640810215411,0.0007053118077920251,0.005213084729450382,0.08278506174118425,0.32331615686416626,0.35099104046821594,1.0496888270617157,0.05959327638998402,False,False,30.0
timesfm3,LOOP_SEATTLE_5T,Loop Seattle,2,L2,block,block_depth,True,2,0.1,0.1,False,False,False,False,False,False,False,False,False,False,False,81984,0.27379170060157776,0.2942536247627568,0.2539937763780583,0.024033931303655602,0.0001223139162708639,0.011994991238221842,0.273791681306849,4.850871621956798,5.332109999932442,4.392272978620373,0.6702971926849363,0.1365956510853221,0.40192911516175034,4.850871621956798,1.0806245022835603,1.182870895636255,0.9803672408413103,0.1597305420150329,0.04663441618115343,0.1016299363284976,1.0806245022835603,0.9580281790016278,0.0,0.08126478289624972,0.08994541869711294,0.07314927532048955,0.011232449081116798,0.0022873242304910896,0.006733363574384907,0.08126478289624972,0.32326021790504456,0.3497035503387451,1.045838403979534,0.05959327638998402,False,False,65.0
timesfm3,LOOP_SEATTLE_5T,Loop Seattle,3,L3,block,block_depth,True,3,0.15,0.15,False,False,False,False,False,False,False,False,False,False,False,81984,0.2799336016178131,0.3004928452225814,0.26028721693846335,0.016574915571010294,-0.0050126379277585465,0.005853056509531163,0.2799336160355397,5.033142733105655,5.523969522744904,4.566507690007534,0.46937781525576405,-0.028030522333677442,0.21965800401289304,5.033142733105655,1.1169180997580836,1.2195946209225477,1.0142190023835778,0.11692319105932097,0.016508292579191182,0.06533633885397427,1.1169180997580836,0.9795193864898883,0.0,0.08431830057928315,0.0930731045814514,0.07603915792940637,0.007853929139905104,-0.0004685378363228947,0.0036798458913514798,0.08431830057928315,0.3179446756839752,0.34989216923713684,1.0464024957294271,0.05959327638998402,False,False,65.0
timesfm3,LOOP_SEATTLE_5T,Loop Seattle,4,L4,block,block_depth,True,4,0.2,0.2,False,False,False,False,False,False,False,False,False,False,False,81984,0.2720126807689667,0.29154871273288174,0.2535709610507461,0.023884827293853734,0.0035631130655644455,0.013774007786321263,0.2720126647587496,4.897238676857185,5.3585499143052315,4.455614390743656,0.5969543719191983,0.11637402879667812,0.35556206026136294,4.897238676857185,1.0933154675148375,1.1934879973402852,0.9960373088237262,0.14013890817279603,0.04062918769953889,0.08893897109722038,1.0933154675148375,0.9518031870573893,0.0,0.08204155229846666,0.0904418614095346,0.07423151792253362,0.0099927927492136,0.0019508726502193933,0.00595659417216797,0.08204155229846666,0.3156517744064331,0.34525537490844727,1.0325355001681846,0.05959327638998402,False,False,65.0
timesfm3,LOOP_SEATTLE_5T,Loop Seattle,5,L5,block,block_depth,True,5,0.25,0.25,False,False,False,False,False,False,False,False,False,False,False,81984,0.2599770426750183,0.27799023425220754,0.24371464300317733,0.03661406498317042,0.015538044284517282,0.025809610646417125,0.2599770618986537,4.679779045825577,5.101448411091813,4.273926250685917,0.8334766319938265,0.3259805457585617,0.5730216912929711,4.679779045825577,1.0477577938225886,1.1380513267143126,0.9579831035424857,0.19138806511200263,0.0816129551961153,0.13449664478946932,1.0477577938225886,0.9096891258169167,0.0,0.07839853490248092,0.08607841171070242,0.07114009737962602,0.013947995119394005,0.005481130873985436,0.009599611568153713,0.07839853490248092,0.33161190152168274,0.34412118792533875,1.0291435520364611,0.05959327638998402,True,False,90.0
timesfm3,LOOP_SEATTLE_5T,Loop Seattle,6,L6,block,block_depth,True,6,0.3,0.3,False,False,False,False,False,False,False,False,False,False,False,81984,0.2730523943901062,0.2925681162206101,0.2544214548031224,0.02261178867877213,0.0031478066182204878,0.012734287141161094,0.27305238540390975,4.886711144239178,5.339332432677712,4.449226725298627,0.5905695840547298,0.1497115772090591,0.36608959287937015,4.886711144239178,1.0960663230178447,1.1937318393722511,1.0004337523679874,0.13621773014431252,0.039209476630252246,0.08618811559421324,1.0960663230178447,0.9554412628097037,0.0,0.08186518860152545,0.09011955385695035,0.0740814923962966,0.009910074905621877,0.002488517536065206,0.006132957869109182,0.08186518860152545,0.2937247157096863,0.3459693491458893,1.0346707420787846,0.05959327638998402,False,False,30.0
timesfm3,LOOP_SEATTLE_5T,Loop Seattle,7,L7,block,block_depth,True,7,0.35,0.35,False,False,False,False,False,False,False,False,False,False,False,81984,0.253634512424469,0.27121023847685966,0.23789832840126207,0.042360545708335744,0.02232737951549409,0.03215215935279392,0.2536345131922769,4.555117555529035,4.96553944400107,4.165410024817431,0.9506392649463709,0.46052646745201037,0.6976831815895128,4.555117555529035,1.02384555090649,1.112991562605485,0.936111443170078,0.211875596787705,0.10762552313727654,0.15840888770556782,1.02384555090649,0.8874958939079672,0.0,0.07631012899649553,0.08379998250497013,0.06931992519086605,0.015925643084051987,0.0076963732432559296,0.011688017474139098,0.07631012899649553,0.3249224126338959,0.346884161233902,1.037406618260601,0.05959327638998402,True,False,90.0
timesfm3,LOOP_SEATTLE_5T,Loop Seattle,8,L8,block,block_depth,True,8,0.4,0.4,False,False,False,False,False,False,False,False,False,False,False,81984,0.2563433051109314,0.27335980232193613,0.24092241426901395,0.03963575074946838,0.01934782737396826,0.02944335236235429,0.25634332018271655,4.615335033828868,5.026847367773179,4.223667408458736,0.8863658027940198,0.40169761556697814,0.6374657032896804,4.615335033828868,1.036452535940034,1.1256131582078408,0.9502046685740335,0.2004994616346649,0.09380742297989826,0.14580190267202386,1.036452535940034,0.8969742664042939,0.0,0.0773189292043686,0.08492239125374339,0.07029854331104499,0.01485413223738942,0.006722358760293023,0.010679217266266028,0.0773189292043686,0.3240036070346832,0.34894436597824097,1.0435679547400374,0.05959327638998402,True,False,90.0
timesfm3,LOOP_SEATTLE_5T,Loop Seattle,9,L9,block,block_depth,True,9,0.45,0.45,False,False,False,False,False,False,False,False,False,False,False,81984,0.2525596022605896,0.26924518011226,0.23752444345674667,0.043932836629336565,0.022569991943945426,0.033227088086250134,0.2525595844588207,4.48650296425931,4.881696275779468,4.122119235909288,1.026812706410005,0.5115083041365478,0.7662977728592377,4.48650296425931,1.0069761536353512,1.0904176170068585,0.9279657659582127,0.23435373692129238,0.1192901769715558,0.17527828497670672,1.0069761536353512,0.8837346614650954,0.0,0.07516065519104367,0.08238575830929795,0.06868001459376158,0.017219238981416272,0.008558494301660136,0.012837491279590954,0.07516065519104367,0.3233059048652649,0.3533059060573578,1.0566117631623935,0.05959327638998402,True,False,90.0
timesfm3,LOOP_SEATTLE_5T,Loop Seattle,10,L10,block,block_depth,True,10,0.5,0.5,False,False,False,False,False,False,False,False,False,False,False,81984,0.25454095005989075,0.2712380986276815,0.239248926789706,0.041554333100393984,0.021095856639577908,0.031245743926927305,0.25454092861814354,4.5397748842518055,4.939776712109242,4.1626052888132365,0.959899865989077,0.47733338352591964,0.7130258528667426,4.5397748842518055,1.0202375442986713,1.1072535540568853,0.9370352218514331,0.21857150073022408,0.10839483336072187,0.16201689431338662,1.0202375442986713,0.8906676218870608,0.0,0.0760530991372123,0.08339212658015233,0.06928339026865937,0.016086602901448116,0.007981342739022587,0.011945047333422332,0.0760530991372123,0.3231724798679352,0.3475651144981384,1.0394431062355267,0.05959327638998402,True,False,90.0
timesfm3,LOOP_SEATTLE_5T,Loop Seattle,11,L11,block,block_depth,True,11,0.55,0.55,False,False,False,False,False,False,False,False,False,False,False,81984,0.266373872756958,0.28416312001076816,0.24974393001295456,0.02923575636952094,0.00995296712339153,0.019412808120250702,0.26637386442482014,4.749828575421702,5.184777523186266,4.344798966711817,0.7348332053417964,0.27824295088106255,0.5029721616968459,4.749828575421702,1.0721781319235628,1.1669262935981313,0.9792882534490642,0.16312760485346023,0.06098705363028702,0.1100763066884951,1.0721781319235628,0.9320723589876749,0.0,0.079572047676731,0.08739153268585266,0.07233403673841651,0.012342496521307915,0.004645685205571297,0.00842609879390363,0.079572047676731,0.2890342175960541,0.35086411237716675,1.0493092304804557,0.05959327638998402,False,False,30.0
timesfm3,LOOP_SEATTLE_5T,Loop Seattle,12,L12,block,block_depth,True,12,0.6,0.6,False,False,False,False,False,False,False,False,False,False,False,81984,0.2624467611312866,0.27926195570701406,0.24705857396452824,0.03377613271053396,0.013365967661312986,0.023339917158125,0.26244675538694584,4.674150090293191,5.077491175328187,4.295296042102931,0.824389782927383,0.33964018453611144,0.5786506468253574,4.674150090293191,1.0519860068995641,1.138959694301457,0.9674497677065481,0.18739035515144278,0.0774583573563672,0.1302684317124938,1.0519860068995641,0.9183309504964331,0.0,0.07830423517968439,0.08575405866000359,0.0715407488981865,0.013857244129412503,0.005699675353855162,0.009693911290950236,0.07830423517968439,0.32452839612960815,0.35260576009750366,1.0545178766905596,0.05959327638998402,True,False,90.0
timesfm3,LOOP_SEATTLE_5T,Loop Seattle,13,L13,block,block_depth,True,13,0.65,0.65,False,False,False,False,False,False,False,False,False,False,False,81984,0.266268789768219,0.2841309632402169,0.24984399952165043,0.028597713511380313,0.010623232812002167,0.019517903166417827,0.266268769378653,4.787256227370509,5.217994122572412,4.379331657214059,0.6854362324723916,0.24969704563381354,0.46554450974803885,4.787256227370509,1.0813847121068187,1.17778122288418,0.9882813363163288,0.1486509389405472,0.05558691423475877,0.10086972650523918,1.0813847121068187,0.9317046617049433,0.0,0.08019905870628888,0.08817569969833648,0.07290730705908721,0.011522222711058362,0.004175341235935682,0.00779908776434575,0.08019905870628888,0.30971571803092957,0.35430285334587097,1.059593276389984,0.05959327638998402,False,False,65.0
timesfm3,LOOP_SEATTLE_5T,Loop Seattle,14,L14,block,block_depth,True,14,0.7,0.7,True,False,False,False,False,False,False,False,False,True,False,81984,0.2589472234249115,0.27636612616479395,0.24319269756878945,0.03633169241477057,0.017458951990795484,0.02683946899785339,0.25894720354721745,4.601013283300271,5.010745329666455,4.217171302581132,0.8881850730326145,0.42167883223758584,0.6517874538182769,4.601013283300271,1.0386312619556555,1.1290449300976535,0.9507529212947301,0.19427958143195245,0.0956306988810614,0.14362317665640245,1.0386312619556555,0.9060856715898058,0.0,0.07707900243695372,0.08451300011175088,0.0702082647337425,0.014927950874272141,0.007057261460377778,0.010919144033680911,0.07707900243695372,0.30752047896385193,0.3487134277820587,1.042877301087024,0.04367784968831012,False,False,65.0
timesfm3,LOOP_SEATTLE_5T,Loop Seattle,15,L15,block,block_depth,True,15,0.75,0.75,False,False,False,False,False,False,False,False,False,False,False,81984,0.263550728559494,0.2809002046338247,0.24756823456099697,0.0313077364308859,0.013382135380685087,0.022235943303080874,0.26355072924198997,4.716924389970155,5.138934543514424,4.315909402576333,0.7532446748743571,0.3225861761453193,0.5358763471483927,4.716924389970155,1.0670738046416568,1.161393106110586,0.9760344929187318,0.16352143007585318,0.06926821002553044,0.11518063397040113,1.0670738046416568,0.9221938575991641,0.0,0.07902081653818785,0.0867615292556148,0.07195419715088254,0.012606618976396033,0.005419650498586075,0.008977329932446779,0.07902081653818785,0.31931668519973755,0.348981112241745,1.0436778496883101,0.04367784968831012,True,False,90.0
timesfm3,LOOP_SEATTLE_5T,Loop Seattle,16,L16,block,block_depth,True,16,0.8,0.8,False,False,False,False,False,False,False,False,False,False,False,81984,0.27515581250190735,0.29409589457702434,0.2572131760674351,0.017718853845566707,0.003654198608723734,0.010630875598383271,0.27515579694668757,4.9696162880266925,5.443043889427146,4.524222800927173,0.4522347449399447,0.1132561810601311,0.2831844490918556,4.9696162880266925,1.1292809738886649,1.2358146264648995,1.0251969224159985,0.08959378615516042,0.017148407688159013,0.05297346472339304,1.1292809738886649,0.96280136108478,0.0,0.08325406652613994,0.09169261160733617,0.07535777830566895,0.007586726480982297,0.001902050300728538,0.004744079944494689,0.08325406652613994,0.2824917137622833,0.3455445468425751,1.0334003101301394,0.03340031013013944,False,False,30.0
timesfm3,LOOP_SEATTLE_5T,Loop Seattle,17,L17,block,block_depth,True,17,0.85,0.85,False,False,False,True,True,False,False,True,True,False,False,81984,0.26876628398895264,0.2873995546208879,0.2510114308517739,0.024017048911511397,0.01038309985217244,0.01702039009173406,0.2687662824533368,4.884596058201716,5.352727357113452,4.433086873873406,0.5312358170775427,0.2084312226507577,0.3682046789168325,4.884596058201716,1.108137826493551,1.216234227110307,1.0032207118159484,0.10817410020216765,0.04120846647114685,0.07411661211850684,1.108137826493551,0.9404436769311146,0.0,0.08182975538023314,0.090293001786804,0.07383935545490697,0.008912742251141012,0.0034864227701118986,0.006168391090401487,0.08182975538023314,0.3136141300201416,0.33689752221107483,1.0075401481986408,0.007540148198640795,True,False,90.0
timesfm3,LOOP_SEATTLE_5T,Loop Seattle,18,L18,block,block_depth,True,18,0.9,0.9,False,False,False,False,False,False,False,False,False,False,False,81984,0.2732695937156677,0.2936254889732724,0.25400968784793415,0.017881099581149716,0.007330032221916094,0.01251710047021165,0.2732695720748592,5.003945118710022,5.516974793824435,4.515172686999921,0.37563383266901074,0.12872541357634298,0.248855618408526,5.003945118710022,1.134300649102892,1.2531496879103083,1.0196840176168707,0.07403761251952863,0.023101340801811244,0.047953789509165956,1.134300649102892,0.956201267856938,0.0,0.08382916419723385,0.09293599199354323,0.07509926934238961,0.006297062094272357,0.002147738622469568,0.004168982273400776,0.08382916419723385,0.31141677498817444,0.33033666014671326,0.9879189533223658,0.0,True,False,90.0
timesfm3,LOOP_SEATTLE_5T,Loop Seattle,19,L19,block,block_depth,True,19,0.95,0.95,False,False,False,False,False,False,False,False,False,False,False,81984,0.28090375661849976,0.30237496562501176,0.26024440762530016,0.009179617353992257,0.0008210448761477974,0.004882894868727838,0.280903777676343,5.141711812265315,5.680295358358098,4.627457543065673,0.20679464072375373,0.022588838151767356,0.11108892485323274,5.141711812265315,1.1640671142173908,1.2874339173716256,1.0453296196377586,0.03752071083984796,-0.000529050100541761,0.01818732439466708,1.1640671142173908,0.9829140687487551,0.0,0.0861371165230447,0.0957454359817289,0.07705137964999324,0.0034636317245676494,0.00037820227350865085,0.0018610299475899234,0.0861371165230447,0.31596148014068604,0.33431121706962585,0.9998054333559778,0.0,True,False,90.0
timesfm3,LOOP_SEATTLE_5T,Loop Seattle,20,L20,block,block_depth,True,20,1.0,1.0,False,True,True,False,False,False,False,False,False,False,False,81984,0.2857866883277893,0.30817887456447796,0.26474657923566136,0.0,0.0,0.0,0.28578667254507084,5.252800737118548,5.8076559014692934,4.712428446484869,0.0,0.0,0.0,5.252800737118548,1.182254438612058,1.3071695959980596,1.061791284566577,0.0,0.0,0.0,1.182254438612058,1.0,0.0,0.08799814647063463,0.09785277018258662,0.07855598742996138,0.0,0.0,0.0,0.08799814647063463,0.2968348562717438,0.3343762755393982,1.0,0.0,False,False,65.0
timesfm3,electricity_15min,Electricity 15min,0,Emb,embedding,block_depth,True,0,0.0,0.0,False,False,False,False,False,False,False,False,False,False,False,81984,0.3323696255683899,0.35878645206111986,0.30896368077494035,-0.07040921197777597,-0.09937200840946486,-0.0846988750721207,0.3323695972448087,121.73717442695988,185.0874854378529,69.91179923828689,-10.272520942601231,-62.697924435374205,-33.786409582161184,121.73717442695988,1.7420350644640126,1.9175087203864856,1.5756098992865142,-0.3204895831732549,-0.4801684057439763,-0.4004780605558236,1.7420350644640126,1.3419819624689397,0.34198196246893975,0.20426213482147682,0.24755362470034056,0.1657524814639073,-0.021236237576368416,-0.09723575869641671,-0.05669003064750522,0.20426213482147682,0.27599796652793884,0.3573560118675232,1.7288288935793417,0.7288288935793417,False,False,0.3
timesfm3,electricity_15min,Electricity 15min,1,L1,block,block_depth,True,1,0.05,0.05,True,False,False,True,True,True,True,False,True,True,True,81984,0.2503938674926758,0.27285304210426015,0.23076977595573164,0.006940563743265756,-0.012240360560649196,-0.0027231660223644427,0.2503938881950524,93.6035920640364,154.345930641261,49.18435624770445,1.4128322982044885,-15.834528814480098,-5.652827219237707,93.6035920640364,1.3576691833804058,1.5303370496147137,1.2013052536564166,0.02231032146080508,-0.055636511981460524,-0.01611217947221677,1.3576691833804058,1.0109950724689998,0.03141851524285699,0.15705695184694943,0.22629827211177103,0.11782814683102716,0.003514408687859602,-0.022825764263661744,-0.00948484767297783,0.15705695184694943,0.16448330879211426,0.19612155854701996,0.9488034503686901,0.017476618003720912,False,False,10.0
timesfm3,electricity_15min,Electricity 15min,2,L2,block,block_depth,True,2,0.1,0.1,False,False,False,False,False,False,False,False,False,False,False,81984,0.25183528661727905,0.2727503330987089,0.23283230542411443,0.0054365735206013685,-0.0135185065789447,-0.004164553425125506,0.2518352755978135,96.82707275921923,157.4182673826161,51.16933655530754,-0.6650207925220777,-19.293105943887685,-8.876307914420536,96.82707275921923,1.3705453323274104,1.5428742864126759,1.213472221058014,0.00985804496905457,-0.06912449063043434,-0.028988328419221387,1.3705453323274104,1.0168149739183798,0.03141851524285699,0.16246561236049628,0.22394528457021776,0.12721040413294446,-0.0017733716413227143,-0.02315642618065725,-0.014893508186524684,0.16246561236049628,0.14563700556755066,0.20315079391002655,0.9828097208434136,0.017476618003720912,False,False,3.0
timesfm3,electricity_15min,Electricity 15min,3,L3,block,block_depth,True,3,0.15,0.15,False,False,False,False,False,False,False,False,False,False,False,81984,0.2484687864780426,0.270037540142915,0.22903846154088967,0.007996424741133015,-0.009460529372209812,-0.0007980759362228029,0.2484687981089108,95.28530913405532,155.22079950898032,50.07780520213068,0.14793945702555497,-17.31214913300601,-7.334544289256627,95.28530913405532,1.357392950507603,1.5301114859364675,1.20003032916455,0.019217140113691106,-0.05115566295278914,-0.015835946599414008,1.357392950507603,1.0032223285140998,0.03141851524285699,0.15987869566106994,0.2195728070578785,0.12542971812886997,0.000406446505798992,-0.019364410028309294,-0.01230659148709834,0.15987869566106994,0.15826354920864105,0.1995462030172348,0.9653713101883789,0.017476618003720912,False,False,10.0
timesfm3,electricity_15min,Electricity 15min,4,L4,block,block_depth,True,4,0.2,0.2,False,False,False,False,False,False,False,False,False,False,False,81984,0.2500990629196167,0.2724550354258932,0.2301985630353216,0.0058503360622597774,-0.010755961928658794,-0.0024283558755885393,0.2500990780482765,93.69090944626419,151.1833149221489,50.19738567671418,0.07380282093438892,-13.535387959062152,-5.740144601465488,93.69090944626419,1.3617611032067127,1.5370204467111235,1.2020038083197995,0.013911365057635024,-0.055366961083550444,-0.020204099298523737,1.3617611032067127,1.009804763881619,0.03141851524285699,0.15720346120191703,0.2146134405911074,0.12353679920168527,0.00023029993850193423,-0.01496307028281841,-0.00963135702794543,0.15720346120191703,0.15634971857070923,0.19890311360359192,0.9622601506652728,0.017476618003720912,False,False,10.0
timesfm3,electricity_15min,Electricity 15min,5,L5,block,block_depth,True,5,0.25,0.25,False,False,False,False,False,False,False,False,False,False,False,81984,0.24836422502994537,0.27090122506754716,0.22808802329067795,0.007155751444769043,-0.008661258457413386,-0.0006935039520946096,0.2483642261247826,91.66032709543225,148.14234626669307,48.60096326192592,1.9216130263826194,-11.906223712953215,-3.709562250633553,91.66032709543225,1.3452233439156656,1.5174479780566794,1.1882441526018181,0.030588803894993515,-0.03840872318416151,-0.003666340007476565,1.3452233439156656,1.0028001492097298,0.03141851524285699,0.15379635825358468,0.2097732329126672,0.12094180675827908,0.004948256621684606,-0.013027945743767162,-0.0062242540796130785,0.15379635825358468,0.15802083909511566,0.19988767802715302,0.9670233094383613,0.017476618003720912,False,False,10.0
timesfm3,electricity_15min,Electricity 15min,6,L6,block,block_depth,True,6,0.3,0.3,False,False,False,False,False,False,False,False,False,False,False,81984,0.25048914551734924,0.27354192636935537,0.23000067453902526,0.004837114262956228,-0.010635046804508613,-0.0028184220649813962,0.2504891442376694,94.57671345441335,154.0714222009261,49.38806335878093,0.8160848678878679,-17.56536340602845,-6.625948609614653,94.57671345441335,1.3610154689368794,1.5411757248199798,1.198688747809743,0.016070040455108126,-0.05654984098910206,-0.01945846502869042,1.3610154689368794,1.011379768845249,0.03141851524285699,0.1586897468709386,0.21662791164193185,0.12449839381508361,0.0021876781574493714,-0.019279515731256525,-0.011117642696966995,0.1586897468709386,0.15327410399913788,0.20409008860588074,0.9873538722102598,0.017476618003720912,False,False,10.0
timesfm3,electricity_15min,Electricity 15min,7,L7,block,block_depth,True,7,0.35,0.35,False,False,False,False,False,False,False,False,False,False,False,81984,0.2511674165725708,0.27408856660276937,0.23046677658220624,0.0042740115174270165,-0.011042798907702185,-0.0034967174199018736,0.25116743959258986,94.5876836808161,153.14351930785367,50.081831941863676,0.20788253890093697,-16.410670511874425,-6.636918836017401,94.5876836808161,1.3705065556972318,1.5530004332580383,1.2078695814402016,0.007504276613319257,-0.06559524514509575,-0.028949551789042793,1.3705065556972318,1.0141183690413877,0.03141851524285699,0.15870815375342986,0.21592766721692247,0.12513024244911858,0.0005545072526654529,-0.017828991085551547,-0.011136049579458268,0.15870815375342986,0.15113000571727753,0.20730175077915192,1.002891359134155,0.017476618003720912,False,False,10.0
timesfm3,electricity_15min,Electricity 15min,8,L8,block,block_depth,True,8,0.4,0.4,False,False,False,False,False,False,False,False,False,False,False,81984,0.2507784068584442,0.2738941901217691,0.22982876885803202,0.00503138973953502,-0.010901629705451265,-0.0031076784295435145,0.2507784006022315,92.1016940924849,148.3025264229387,49.84334809761209,0.5915948733965333,-10.177439837342623,-4.150929247686207,92.1016940924849,1.365129744573011,1.5459111184501668,1.2030618949534384,0.010357131072266634,-0.05894711015767729,-0.023572740664822067,1.365129744573011,1.0125476959731423,0.03141851524285699,0.1545369255082634,0.21439380330798577,0.11948782360236687,0.0015773665908083605,-0.012194357226620866,-0.006964821334291799,0.1545369255082634,0.1503443717956543,0.20920290052890778,1.0120888051242831,0.017476618003720912,False,False,10.0
timesfm3,electricity_15min,Electricity 15min,9,L9,block,block_depth,True,9,0.45,0.45,False,False,False,False,False,False,False,False,False,False,False,81984,0.2496124505996704,0.27279075091555427,0.22859811889370266,0.005547844997486339,-0.009223482761716922,-0.0019417196540659487,0.24961244182675393,94.57081937012842,154.07967311022753,49.90126295088226,0.06543049942574522,-17.005406631411315,-6.620054525329721,94.57081937012842,1.3688676948437692,1.5539091676147767,1.2036138527369173,0.006372675326831723,-0.062091224989768865,-0.02731069093558025,1.3688676948437692,1.0078400086637909,0.03141851524285699,0.15867985721936317,0.21601427663034528,0.12430874492744093,0.00018681148463534336,-0.01878953124499002,-0.011107753045391577,0.15867985721936317,0.16819992661476135,0.2091391235589981,1.0117802627613086,0.017476618003720912,False,False,30.0
timesfm3,electricity_15min,Electricity 15min,10,L10,block,block_depth,True,10,0.5,0.5,False,False,False,False,False,False,False,False,False,False,False,81984,0.2531302571296692,0.2760461997226563,0.23244616738769389,0.0021171066604327242,-0.012868614600729616,-0.005459545791604126,0.2531302679642921,93.88897935404115,150.78258266436364,50.7418092018188,-0.45554220311986804,-13.121021872939398,-5.9382145092424565,93.88897935404115,1.3783531860606426,1.5615638223412929,1.2143135746268106,-0.001930199516482976,-0.07203780709213091,-0.036796182152453616,1.3783531860606426,1.0220435716477447,0.03141851524285699,0.15753580160982333,0.21663628393006443,0.12307763052580901,-0.0011301666231357053,-0.01502074626601589,-0.009963697435851737,0.15753580160982333,0.14689338207244873,0.21031658351421356,1.017476618003721,0.017476618003720912,False,False,10.0
timesfm3,electricity_15min,Electricity 15min,11,L11,block,block_depth,True,11,0.55,0.55,False,False,False,False,False,False,False,True,False,False,False,81984,0.25545215606689453,0.2779634777058399,0.23508250196215533,-0.0005901565149653891,-0.014838799743962882,-0.007781448454119766,0.25545217062680775,94.30316555154381,151.44074379320645,51.04522094821054,-0.7891312103775634,-13.89892647706831,-6.352400706745115,94.30316555154381,1.3919213095783287,1.5730795235126247,1.2292641191325353,-0.017127344643596096,-0.08448144646587398,-0.05036430567013972,1.3919213095783287,1.031418515242857,0.03141851524285699,0.15823076235056435,0.21716944050394746,0.12369914408444688,-0.0019671057682194492,-0.015867321829995146,-0.010658658176592756,0.15823076235056435,0.14787377417087555,0.20874707400798798,1.0098835923010607,0.009883592301060729,False,False,10.0
timesfm3,electricity_15min,Electricity 15min,12,L12,block,block_depth,True,12,0.6,0.6,False,False,False,False,False,False,False,False,False,False,False,81984,0.2522224485874176,0.274484745716278,0.2319225417251009,0.002511543445004773,-0.011296438594270548,-0.004551744472434505,0.2522224666451225,91.4599758952363,146.66289937827668,50.055528862515246,1.4616108580030767,-10.867046247357674,-3.5092110504375995,91.4599758952363,1.3699800425868107,1.546921800076254,1.2104141593959958,0.005113478643113919,-0.0623129330945149,-0.028423038678621726,1.3699800425868107,1.0183781865001293,0.025322214801845933,0.1534601900776868,0.20779893164838137,0.12149325086901365,0.0034779782363788415,-0.012601405950805021,-0.005888085903715201,0.1534601900776868,0.14874209463596344,0.20563437044620514,0.9948248506651359,0.0,False,False,10.0
timesfm3,electricity_15min,Electricity 15min,13,L13,block,block_depth,True,13,0.65,0.65,False,False,False,False,False,False,False,False,False,False,False,81984,0.2539422810077667,0.27633924644426194,0.23380658352491623,0.00023641465587239793,-0.012439655103784695,-0.0062715425120510315,0.253942264684739,92.79789433534353,148.79788479362074,50.62881759204977,1.3041096220666089,-14.053637952260566,-4.84712949054483,92.79789433534353,1.3825487173433921,1.5595901459593815,1.2219837379334104,-0.009390500066827543,-0.07108799120324058,-0.040991713435203136,1.3825487173433921,1.025322214801846,0.025322214801845933,0.15570507606325146,0.20730963495488927,0.12500505813137766,0.003185365119118792,-0.016114025002518045,-0.00813297188927986,0.15570507606325146,0.1485125869512558,0.20487594604492188,0.9911557196725385,0.0,False,False,10.0
timesfm3,electricity_15min,Electricity 15min,14,L14,block,block_depth,True,14,0.7,0.7,False,False,False,False,False,False,False,False,False,False,False,81984,0.24904046952724457,0.27160963061059473,0.22869156046578562,0.004971623819548879,-0.007303445612770023,-0.0013697659525707395,0.24904048812525872,89.31973234009568,141.86438012022106,49.16957499643573,3.4021909994934365,-6.977118018742003,-1.3689674952969852,89.31973234009568,1.3485891153417224,1.5191503856225244,1.1968124427968745,0.022776888132097755,-0.03476080524845428,-0.007032111433533439,1.3485891153417224,1.0055305669368084,0.005530566936808423,0.1498690871983176,0.20296251875926372,0.11879422313789167,0.007927445923378929,-0.008659638008541241,-0.002296983024346,0.1498690871983176,0.16441936790943146,0.20527374744415283,0.9930802166169238,0.0,False,False,30.0
timesfm3,electricity_15min,Electricity 15min,15,L15,block,block_depth,True,15,0.75,0.75,False,False,False,False,False,False,False,False,False,False,False,81984,0.24752233922481537,0.2702787321451908,0.2274320223638859,0.0062977920911978826,-0.0056219883945607205,0.0001483811278834568,0.24752234104480453,91.86137645271617,148.52366721469897,48.5839285744285,1.8468760147208896,-11.777848909068197,-3.910611607917474,91.86137645271617,1.3417689852733365,1.5141827827348056,1.18865767250304,0.026813165197794586,-0.026888762342064672,-0.00021198136514755106,1.3417689852733365,0.9994009349674206,0.004808103050977897,0.15413369786341716,0.21068953466461124,0.12096461361061711,0.004850656856564357,-0.012946984980937454,-0.006561593689445561,0.15413369786341716,0.16231855750083923,0.20513515174388885,0.9924097136921513,0.0,False,False,30.0
timesfm3,electricity_15min,Electricity 15min,16,L16,block,block_depth,True,16,0.8,0.8,False,False,False,False,False,False,False,False,False,False,False,81984,0.24790167808532715,0.27142359627346785,0.22726791780619732,0.005633268742431124,-0.005928456972047474,-0.00023096826865928732,0.24790169044134727,94.47807860337801,153.23864171350004,49.60164316365103,0.022023902164587317,-15.246450959300098,-6.527313758579311,94.47807860337801,1.3628842258212561,1.5480493226125493,1.1981183466976966,0.009568613957035843,-0.05513341228404051,-0.02132722191306713,1.3628842258212561,1.0009325608119897,0.004808103050977897,0.1585242479973602,0.22028507216792168,0.12237408501930057,5.9910738066364584e-05,-0.017421165503993353,-0.010952143823388605,0.1585242479973602,0.15889476239681244,0.19703851640224457,0.9532395398191581,0.0,False,False,30.0
timesfm3,electricity_15min,Electricity 15min,17,L17,block,block_depth,True,17,0.85,0.85,False,False,False,False,False,False,False,False,False,False,False,81984,0.24587127566337585,0.2690891079570856,0.22540452647971998,0.006853504235081314,-0.0032072928000085174,0.0017994576069803592,0.24587126456570763,91.71924777657266,146.97359796887133,49.38740943638842,0.8307653038719185,-9.53619725339312,-3.76848293177396,91.71924777657266,1.3475995123338502,1.527019946614274,1.1871035497585822,0.021861572239899936,-0.03486613172114768,-0.0060425084256612305,1.3475995123338502,0.9927345691268222,0.004808103050977897,0.1538952209401184,0.21284894684488337,0.11920147616254326,0.0020905708433240516,-0.011264756162202662,-0.006323116766146802,0.1538952209401184,0.16721008718013763,0.19243840873241425,0.9309849847282343,0.0,False,False,45.0
timesfm3,electricity_15min,Electricity 15min,18,L18,block,block_depth,True,18,0.9,0.9,False,False,False,False,False,False,False,False,False,False,False,81984,0.24886153638362885,0.27171136859363615,0.22914946341446338,0.0039022940637557886,-0.006266221131788195,-0.0011907988832197125,0.2488615210559077,91.20541301713197,144.3068375771959,50.359907862249194,1.7677831121642533,-9.354827002010023,-3.254648172333276,91.20541301713197,1.358233614307475,1.5363226570724162,1.1995468247780605,0.009938961272018461,-0.04669921362046496,-0.016676610399285918,1.358233614307475,1.004808103050978,0.004808103050977897,0.1530330604258557,0.20506646331992914,0.12138499459705147,0.0037148903326155586,-0.011831354191079805,-0.005460956251884114,0.1530330604258557,0.1422698199748993,0.19505630433559418,0.943649927834969,0.0,False,False,10.0
timesfm3,electricity_15min,Electricity 15min,19,L19,block,block_depth,True,19,0.95,0.95,False,False,False,False,False,False,False,False,False,False,False,81984,0.2435031682252884,0.2684841372296641,0.22186759991805916,0.0074709930062606756,0.0008008031480241749,0.004167551004135878,0.2435031711685521,88.8224207606306,140.46386345775204,49.366764258195616,1.922379689880029,-4.905662427852406,-0.8716559158319086,88.8224207606306,1.3257047741087677,1.502216737866011,1.1674087684892493,0.03421007774536298,-0.0036233951684037755,0.015852229799421247,1.3257047741087677,0.9831730532040984,0.0,0.14903465083677772,0.2064269988813606,0.11455873769175809,0.003416388946609408,-0.007857864716522656,-0.0014625466628061246,0.14903465083677772,0.15704776346683502,0.19657278060913086,0.9509863875867351,0.0,False,False,30.0
timesfm3,electricity_15min,Electricity 15min,20,L20,block,block_depth,True,20,1.0,1.0,False,True,True,False,False,False,False,False,False,False,False,81984,0.2476707100868225,0.2721286742805809,0.2259982075364478,0.0,0.0,0.0,0.24767072217268798,87.9507648447987,139.18475566246246,48.95903049806297,0.0,0.0,0.0,87.9507648447987,1.341557003908189,1.5160721044839878,1.1857849576761135,0.0,0.0,0.0,1.341557003908189,1.0,0.0,0.1475721041739716,0.20779376754583423,0.11193090683082897,0.0,0.0,0.0,0.1475721041739716,0.15057356655597687,0.20670409500598907,1.0,0.0,False,False,30.0
timesfm3,SZ_TAXI_15T,SZ Taxi,0,Emb,embedding,block_depth,True,0,0.0,0.0,False,False,False,False,False,False,True,False,False,False,True,81984,0.4139973521232605,0.4482450994686821,0.3853955906935227,-0.0031971232129786066,-0.015258300077552253,-0.009243749655210076,0.4139973397056262,2.944776185195454,3.1766779717161557,2.714780091674244,-0.03388583772847452,-0.13581939931779094,-0.08523400430045003,2.944776185195454,0.8473000707923163,0.9153019702682275,0.7897356424440911,-0.006813917754039819,-0.034019321010821515,-0.020435772227750948,0.8473000707923163,1.022837909657692,0.022837909657692057,0.2724186879020915,0.30364410011244536,0.24478619882224512,-0.0031978031097201595,-0.012580714766679386,-0.007884923727956794,0.2724186879020915,0.35655370354652405,0.3831314146518707,1.0571946887626946,0.05719468876269462,False,False,65.0
timesfm3,SZ_TAXI_15T,SZ Taxi,1,L1,block,block_depth,True,1,0.05,0.05,True,False,False,False,False,True,False,False,False,True,False,81984,0.40967023372650146,0.44465328026801726,0.38159353668586565,0.0001565598930494775,-0.010035066332859107,-0.004916666791989266,0.4096702568424054,2.8880515418625397,3.1096714780776367,2.6709753598685144,0.013475852645453453,-0.06874222262521477,-0.028509360967535535,2.8880515418625397,0.8369977259787438,0.9053891504612069,0.7799803757352147,0.0009449661546471402,-0.021120918810948998,-0.010133427414178442,0.8369977259787438,1.01214716317566,0.012147163175660003,0.2671711404021646,0.29810448459102784,0.2399941331737034,0.0012588098309524766,-0.006388499904480854,-0.0026373762280298974,0.2671711404021646,0.330888956785202,0.37526553869247437,1.0354899629983088,0.035489962998308755,False,False,65.0
timesfm3,SZ_TAXI_15T,SZ Taxi,2,L2,block,block_depth,True,2,0.1,0.1,False,False,False,False,False,False,False,False,False,False,False,81984,0.4071754515171051,0.44313056834806225,0.3784783319211923,0.002762807277628281,-0.007483183809866531,-0.0024218809528228635,0.407175471003239,2.8490240382584373,3.0674951792551575,2.6401349377394956,0.04976615693070845,-0.025801622214789433,0.010518142636566807,2.8490240382584373,0.8310254473214655,0.9014489055456992,0.7735849520069166,0.006901217358415558,-0.0147885086339231,-0.004161148756900213,0.8310254473214655,1.0059834575214497,0.009640403502527484,0.26356073993187623,0.2942254742509998,0.23653518868258352,0.004622375783607929,-0.002408805899774062,0.0009730242422584801,0.26356073993187623,0.32143503427505493,0.3727700114250183,1.0286039231907556,0.028603923190755554,True,False,90.0
timesfm3,SZ_TAXI_15T,SZ Taxi,3,L3,block,block_depth,True,3,0.15,0.15,False,False,False,False,False,False,False,False,False,False,False,81984,0.4086556136608124,0.4453737255687324,0.3796787094444228,0.001464675734631532,-0.009563687708801952,-0.0039020074674716576,0.40865559751788777,2.8537833071569927,3.073192127200134,2.6433153928144093,0.04397715297544531,-0.03082806092105228,0.0057588737380114274,2.8537833071569927,0.8333493106955172,0.9051398838092927,0.7750212882282004,0.004665073617885477,-0.01797917064904974,-0.006485012130951873,0.8333493106955172,1.0096404035025275,0.009640403502527484,0.26400101576514184,0.2947030524081647,0.2370444904510897,0.004086384159443291,-0.0028885691088657516,0.0005327484089928669,0.26400101576514184,0.3099614083766937,0.3716522753238678,1.025519695105078,0.02585546109024861,True,False,90.0
timesfm3,SZ_TAXI_15T,SZ Taxi,4,L4,block,block_depth,True,4,0.2,0.2,False,False,False,False,False,False,False,False,False,False,False,81984,0.4083176851272583,0.4446209102343672,0.3794536109560002,0.0018189959705639824,-0.009169052087534688,-0.0035640851427347076,0.4083176751931508,2.8585870423065907,3.078700573423034,2.648417010785379,0.03831587049071095,-0.035116992254886834,0.0009551385884134511,2.8585870423065907,0.832592557830491,0.9030080917243618,0.7739239737467614,0.005399972291158066,-0.017082124964625876,-0.005728259265925684,0.832592557830491,1.0088055041653665,0.008805504165366518,0.2644454051326807,0.295236373145577,0.2376009410052554,0.0035067588001057295,-0.003247523024841933,8.83590414539892e-05,0.2644454051326807,0.30856209993362427,0.37177395820617676,1.0258554610902486,0.02585546109024861,True,False,90.0
timesfm3,SZ_TAXI_15T,SZ Taxi,5,L5,block,block_depth,True,5,0.25,0.25,False,False,False,False,True,False,False,False,True,False,False,81984,0.40490400791168213,0.4407891040691771,0.3764043426666504,0.0046654803224672105,-0.0049824587332132925,-0.00015039207079470263,0.4049039821212108,2.8388214276737167,3.058098881133373,2.627384093750582,0.056127850014278446,-0.01278393650353109,0.020720753221287413,2.8388214276737167,0.8260305366017988,0.8961889210478601,0.7681386614306472,0.010895899078759045,-0.009056066037595688,0.0008337619627665216,0.8260305366017988,1.0003715408814988,0.007106105920223316,0.26261690528575315,0.29310056251800926,0.23600230855636592,0.0051196157766249095,-0.0011926125829275504,0.0019168588883815563,0.26261690528575315,0.31010740995407104,0.36889198422431946,1.017903078512745,0.018907827179611036,True,False,90.0
timesfm3,SZ_TAXI_15T,SZ Taxi,6,L6,block,block_depth,True,6,0.3,0.3,False,False,False,False,False,False,False,False,False,False,False,81984,0.40708664059638977,0.4433549006302387,0.3781809638851346,0.002372929117140815,-0.007173480504216292,-0.002333054748865304,0.4070866447992814,2.8580344541289353,3.0799653307822332,2.6444536732039,0.03645925788679925,-0.03163348383185825,0.0015077267660688065,2.8580344541289353,0.8303730731654949,0.9008083791320832,0.7720435575641272,0.006399095192525864,-0.013397797552641557,-0.003508774600929576,0.8303730731654949,1.0057640378173542,0.007106105920223316,0.26439428568018586,0.29514767315170015,0.23738709041606704,0.0032595784578312707,-0.002972635622209534,0.00013947849394885248,0.26439428568018586,0.29982495307922363,0.36816129088401794,1.0158868378993697,0.018907827179611036,False,False,65.0
timesfm3,SZ_TAXI_15T,SZ Taxi,7,L7,block,block_depth,True,7,0.35,0.35,False,False,False,False,False,False,False,False,False,False,False,81984,0.4020126461982727,0.43818842188144724,0.37279878115663545,0.007369899410658928,-0.0020252246958896393,0.0027409356374006877,0.4020126544130154,2.8182373455513767,3.0388385284815524,2.606486321377384,0.07587617239877621,0.00792540535683225,0.04130483534362739,2.8182373455513767,0.8203088938181516,0.890933488453699,0.7617621330612488,0.016218085530471067,-0.003181254725965005,0.0065554047464136955,0.8203088938181516,0.9932280305284966,0.007106105920223316,0.26071268972206185,0.29104039569080514,0.23414323970743076,0.0069693172370949305,0.0007284518378939177,0.003821074452072859,0.26071268972206185,0.311869740486145,0.367026686668396,1.0127560647371292,0.018907827179611036,True,False,90.0
timesfm3,SZ_TAXI_15T,SZ Taxi,8,L8,block,block_depth,True,8,0.4,0.4,False,False,False,False,False,False,False,False,False,False,False,81984,0.4032852053642273,0.4393922516908974,0.3745238038162008,0.006096234048406312,-0.0032196668884119997,0.0014683869786751291,0.403285203071741,2.824597203240004,3.0443291404300052,2.611663432879839,0.07153210971201872,0.0009613496435068484,0.03494497765499993,2.824597203240004,0.822512217658537,0.8920836127558921,0.7647170240084272,0.014141258136058094,-0.00525783864249571,0.004352080906028344,0.822512217658537,0.9963720645435576,0.007106105920223316,0.2613010346344834,0.29193208270150345,0.2344625481580331,0.006499228828016785,8.70964745686709e-05,0.0032327295396513134,0.2613010346344834,0.31262171268463135,0.3664681613445282,1.0112148963981429,0.018907827179611036,True,False,90.0
timesfm3,SZ_TAXI_15T,SZ Taxi,9,L9,block,block_depth,True,9,0.45,0.45,False,False,False,False,False,False,False,False,False,False,False,81984,0.40434834361076355,0.4401169072717237,0.3756942081957674,0.005226368036789781,-0.004415736440569155,0.00040528340599477186,0.40434830664442134,2.8383866281296597,3.0621098313994013,2.6255450813236556,0.056436322195061374,-0.012811598991442907,0.02115555276534442,2.8383866281296597,0.824705163318126,0.8939390982706064,0.7663595946185219,0.012267116946133253,-0.00777783289449781,0.002159135246439292,0.824705163318126,0.9989986951154376,0.007106105920223316,0.262576682357475,0.2929416652318328,0.23607269178536527,0.005210904507601674,-0.0011764515754737566,0.0019570818166597115,0.262576682357475,0.29998841881752014,0.36751988530158997,1.014116973698331,0.018907827179611036,False,False,65.0
timesfm3,SZ_TAXI_15T,SZ Taxi,10,L10,block,block_depth,True,10,0.5,0.5,False,False,False,False,False,False,False,False,False,False,False,81984,0.40456971526145935,0.44003182932113605,0.3759872805303297,0.005099951800627554,-0.004861315927253293,0.0001838671473356479,0.40456972290308046,2.8370007899333323,3.056399926613677,2.6253608688726824,0.059979047302102455,-0.012877116394951692,0.022541390961671848,2.8370007899333323,0.8251438945978654,0.8943343589006592,0.7669674661037015,0.01193091432825847,-0.00846097628331349,0.0017204039666999238,0.8251438945978654,0.9995456244986665,0.007106105920223316,0.2624484796692754,0.29300632427354595,0.23572194824522677,0.005537765911494166,-0.00120756724049871,0.002085284504859286,0.2624484796692754,0.3057480454444885,0.3692176938056946,1.0188018261130214,0.018907827179611036,False,False,65.0
timesfm3,SZ_TAXI_15T,SZ Taxi,11,L11,block,block_depth,True,11,0.55,0.55,False,False,False,False,False,False,False,False,False,False,False,81984,0.4055921137332916,0.4407027498198052,0.3776688941157399,0.003901678457474088,-0.0056670177632417535,-0.0008385370557124627,0.4055921271061286,2.8501768050250975,3.06882378664475,2.636467004635335,0.04742339122438744,-0.02857773448334808,0.0093653758699066,2.8501768050250975,0.8277301765584644,0.8961723308946236,0.7702731290088577,0.009002446430630561,-0.010840908400371451,-0.0008658779938990335,0.8277301765584644,1.0020716018036004,0.007106105920223316,0.26366738138449647,0.2940397875577515,0.23690586620435536,0.004391851170679624,-0.0026368879685410977,0.0008663827896382426,0.26366738138449647,0.3062439262866974,0.36774522066116333,1.0147387534225227,0.018907827179611036,False,False,65.0
timesfm3,SZ_TAXI_15T,SZ Taxi,12,L12,block,block_depth,True,12,0.6,0.6,False,False,False,False,False,False,False,False,False,False,False,81984,0.40555113554000854,0.4405843995535412,0.3773902193093911,0.003960271647725337,-0.005616518738082587,-0.0007975165469524259,0.40555110659736854,2.847023800838701,3.0662862674741103,2.6348768391291078,0.047544148823696564,-0.022023810850915836,0.012518380056302902,2.847023800838701,0.8279199855059869,0.897398207658816,0.7702325077577301,0.008728427484662758,-0.010992538593252377,-0.001055686941421552,0.8279199855059869,1.0019703594904692,0.007106105920223316,0.26337569970501057,0.2938980101342285,0.2365955320894989,0.004417932429157427,-0.0020532256547831154,0.0011580644691241426,0.26337569970501057,0.30710214376449585,0.3692561089992523,1.018907827179611,0.018907827179611036,False,False,65.0
timesfm3,SZ_TAXI_15T,SZ Taxi,13,L13,block,block_depth,True,13,0.65,0.65,False,False,False,True,False,False,False,False,False,False,False,81984,0.4038001000881195,0.4386196098314264,0.3759013269908535,0.005524165911647735,-0.0037086136495838072,0.0009534725776085273,0.4038001174728076,2.828344608119595,3.0434644874910934,2.617424254800274,0.06551047871596366,-0.001984773202444578,0.03119757277540902,2.828344608119595,0.8241746373846021,0.8926160160430764,0.767033474846774,0.012080859326247815,-0.006926560703035278,0.0026896611799632764,0.8241746373846021,0.9976441834118999,0.007106105920223316,0.2616477038059703,0.29256265030130457,0.23475219918542287,0.006044516725298641,-0.00018461856139689035,0.0028860603681644115,0.2616477038059703,0.30937469005584717,0.364908367395401,1.0069108748130693,0.011566944936598711,False,False,65.0
timesfm3,SZ_TAXI_15T,SZ Taxi,14,L14,block,block_depth,True,14,0.7,0.7,False,False,False,False,False,False,False,False,False,False,False,81984,0.40554845333099365,0.4407619178247375,0.37737969129274673,0.003910257402234329,-0.005798390787094873,-0.0007948454182881703,0.4055484354687043,2.8457803091939584,3.0664981123112613,2.63367647916457,0.04690579440580797,-0.01897388590653415,0.013761871701045703,2.8457803091939584,0.8274852017708394,0.8965367235519939,0.7703502204313312,0.008710233113023198,-0.010278566058172591,-0.0006209032062740594,0.8274852017708394,1.0019637327208823,0.007106105920223316,0.2632606653726966,0.2942274159260919,0.23651989513968041,0.004364392811867586,-0.0017883094088594995,0.0012730988014381106,0.2632606653726966,0.29493772983551025,0.3665957450866699,1.0115669449365987,0.011566944936598711,False,False,45.0
timesfm3,SZ_TAXI_15T,SZ Taxi,15,L15,block,block_depth,True,15,0.75,0.75,False,False,False,False,False,False,False,False,False,False,False,81984,0.4076298475265503,0.44248292301900877,0.3796679749129674,0.0018973814872786064,-0.007655351663915796,-0.002876252126999379,0.4076298421774155,2.8612664853417176,3.0814162989859697,2.647816895249951,0.032717193119162276,-0.034944028412091134,-0.0017243044467134538,2.8612664853417176,0.8320826362692088,0.9008364637765646,0.7754630836043259,0.004499910571102865,-0.014756686206300376,-0.0052183377046434165,0.8320826362692088,1.0071061059202233,0.007106105920223316,0.2646932780812625,0.29539353201592666,0.2378249249071979,0.003032561962699232,-0.0032225804258659064,-0.0001595139071277618,0.2646932780812625,0.3069869577884674,0.3665357232093811,1.0114013234097476,0.011401323409747643,False,False,65.0
timesfm3,SZ_TAXI_15T,SZ Taxi,16,L16,block,block_depth,True,16,0.8,0.8,False,False,False,False,False,False,False,True,False,False,False,81984,0.40587952733039856,0.44018243950767777,0.3782941058803445,0.0029482518537686333,-0.005217567876649956,-0.0011259467364885811,0.4058795367869047,2.8523330195034102,3.072905114131521,2.639903692876596,0.0374909790881413,-0.021562107510314565,0.007209161391593888,2.8523330195034102,0.828898145656691,0.8960526924118961,0.7730365628621924,0.006277601501193022,-0.010341651459942314,-0.002033847092125618,0.828898145656691,1.0027816969802106,0.0030964685355825416,0.263866850913614,0.2942602658956273,0.23704420307981838,0.0034509537228305897,-0.001990208381447189,0.0006669132605207073,0.263866850913614,0.30416741967201233,0.36146774888038635,0.997416994956109,0.006479798326597619,False,False,65.0
timesfm3,SZ_TAXI_15T,SZ Taxi,17,L17,block,block_depth,True,17,0.85,0.85,False,False,False,False,False,False,False,False,False,False,False,81984,0.40407752990722656,0.4383212539152457,0.3761654460301193,0.004504515634228821,-0.0030777575495915727,0.0006760390332111732,0.40407755101720494,2.8446109468789156,3.0650194299994533,2.631110016303631,0.042819129607119574,-0.011903425815728919,0.014931234016088535,2.8446109468789156,0.8253690639563552,0.8927717104826023,0.7695111896077749,0.009359372337328517,-0.0062523456869751776,0.0014952346082101053,0.8253690639563552,0.9983296122794924,0.0030964685355825416,0.2631524886803056,0.29341789712607586,0.23642481135316104,0.00397900535781314,-0.001102721260103788,0.0013812754938291039,0.2631524886803056,0.3018820285797119,0.3634219169616699,1.002809233852415,0.006479798326597619,False,False,65.0
timesfm3,SZ_TAXI_15T,SZ Taxi,18,L18,block,block_depth,True,18,0.9,0.9,False,False,False,False,False,False,False,False,False,False,False,81984,0.40600693225860596,0.44277302729300194,0.376894996002412,0.0030074905031002765,-0.00557966047468096,-0.0012533561541483995,0.4060069462045645,2.8428661196716374,3.06072516933812,2.629757704504565,0.04590581727568359,-0.012560754134738172,0.016676061223366734,2.8428661196716374,0.8290139324353734,0.9000693196668569,0.7707137199626551,0.006504506586244785,-0.010931839412502486,-0.002149633870808021,0.8290139324353734,1.0030964685355825,0.0030964685355825416,0.2629910762304182,0.2936833620281184,0.236242908313677,0.0042685577269461475,-0.0011713183073523675,0.0015426879437165364,0.2629910762304182,0.3151443600654602,0.3647521436214447,1.0064797983265976,0.006479798326597619,True,False,90.0
timesfm3,SZ_TAXI_15T,SZ Taxi,19,L19,block,block_depth,True,19,0.95,0.95,False,False,False,False,False,False,False,False,False,False,False,81984,0.4033399224281311,0.43927609190488087,0.3743380052395738,0.004533519679441672,-0.0017352607459402757,0.0014136498555158972,0.4033399401949002,2.8402039553923157,3.061510722467614,2.6265217688576676,0.040906546631675374,-0.001885765626872515,0.019338225502688378,2.8402039553923157,0.8239908759864812,0.8938873211833122,0.7661374158575742,0.009231381062442517,-0.003562655076921481,0.002873422578084095,0.8239908759864812,0.996507250643128,0.0,0.26274480172453263,0.2935035853769893,0.23601712468260944,0.0037963687010232425,-0.00017952022425964936,0.0017889624496020828,0.26274480172453263,0.3071095943450928,0.3597617447376251,0.9927095278840781,0.0,False,False,65.0
timesfm3,SZ_TAXI_15T,SZ Taxi,20,L20,block,block_depth,True,20,1.0,1.0,False,True,True,False,False,False,False,False,False,False,False,81984,0.4047536253929138,0.4395779738990733,0.37617124157886095,0.0,0.0,0.0,0.4047535900504161,2.859542180895004,3.0841364219215355,2.6433385990963227,0.0,0.0,0.0,2.859542180895004,0.8268642985645653,0.8952499459565753,0.7704333386428754,0.0,0.0,0.0,0.8268642985645653,1.0,0.0,0.2645337641741347,0.2952570369830593,0.2373542057813203,0.0,0.0,0.0,0.2645337641741347,0.2976410388946533,0.36240383982658386,1.0,0.0,False,False,65.0
timesfm3,monash_london_smart_meters,London Smart Meters,0,Emb,embedding,block_depth,True,0,0.0,0.0,False,False,False,False,False,False,True,False,False,False,True,81984,0.2888082265853882,0.31383077193527903,0.26894716356973386,-0.02301319649315064,-0.035418515365201096,-0.028990694172396025,0.2888082207699541,0.10850764410498621,0.12092954152376285,0.09700739976802773,-0.005859250849423428,-0.01144107539715869,-0.008535136494963166,0.10850764410498621,1.0185543600405074,1.2066414249596022,0.885006521834055,-0.07530064072447032,-0.19002382055174505,-0.11887828383390409,1.0185543600405074,1.111581069528445,0.11158106952844493,0.5278454003539347,0.5562796434804691,0.4995425974907994,-0.02785950609684681,-0.05592094830815826,-0.041519955367386785,0.5278454003539347,0.28751009702682495,0.3289121389389038,1.086240730282393,0.0862407302823931,False,False,30.0
timesfm3,monash_london_smart_meters,London Smart Meters,1,L1,block,block_depth,True,1,0.05,0.05,True,False,False,False,False,True,False,False,False,True,False,81984,0.26052361726760864,0.2855362135625466,0.24130821330828292,0.0031895095859263175,-0.0049729437318466714,-0.0007060685458074034,0.2605235951433655,0.09886644523105706,0.11104105580429,0.08806899111046182,0.0027585427403878254,-0.0005022192786957028,0.0011060623789659885,0.09886644523105706,0.9185631552944143,1.1009330146433607,0.7918582301678313,0.014085709042989164,-0.07270835552199754,-0.018887079087811065,0.9185631552944143,1.0027177014437552,0.010583584890575537,0.48094490296061615,0.5109043289433627,0.45248394387280877,0.01288836696192249,-0.0025189066012167097,0.005380542025931745,0.48094490296061615,0.2563174068927765,0.30893561244010925,1.0202677418650004,0.02260735333457875,False,False,30.0
timesfm3,monash_london_smart_meters,London Smart Meters,2,L2,block,block_depth,True,2,0.1,0.1,False,False,False,False,True,False,False,False,False,False,False,81984,0.26222479343414307,0.2877886290782849,0.24275419826882375,0.0015139344510913557,-0.006794892444865362,-0.0024072713296832138,0.2622247979272413,0.099748187423318,0.11210599428550828,0.08872947757613255,0.001935498076281922,-0.0013872663962782104,0.00022432018670505427,0.099748187423318,0.9267218610208053,1.1118005510720994,0.7957653237082809,0.01036626133156243,-0.08676192392538387,-0.027045784814202056,0.9267218610208053,1.009265282324709,0.010583584890575537,0.48523421883621115,0.5167619448293395,0.4553861267189501,0.009119337437887443,-0.006915111502224921,0.0010912261503367437,0.48523421883621115,0.24659425020217896,0.3071920871734619,1.0145097051898608,0.02260735333457875,False,False,30.0
timesfm3,monash_london_smart_meters,London Smart Meters,3,L3,block,block_depth,True,3,0.15,0.15,False,False,False,False,False,False,False,False,False,False,False,81984,0.26087072491645813,0.2860349618701819,0.2414414313984395,0.0026680144374721074,-0.005104180234875402,-0.0010531767918408597,0.26087070338939894,0.09970558216764915,0.11220826824325397,0.08857147098188718,0.0018575144021903266,-0.001214796103942315,0.0002669254423739026,0.09970558216764915,0.919935371929948,1.1041121503602591,0.7912628319370469,0.013736115976807548,-0.07588092933343626,-0.020259295723344728,0.919935371929948,1.0040536685528345,0.010583584890575537,0.48502696165704,0.5162069642629418,0.4556722041501704,0.008642429482072873,-0.006130571102776537,0.0012984833295078824,0.48502696165704,0.24436058104038239,0.3074294328689575,1.0152935454045644,0.02260735333457875,False,False,45.0
timesfm3,monash_london_smart_meters,London Smart Meters,4,L4,block,block_depth,True,4,0.2,0.2,False,False,False,False,False,False,False,False,False,False,False,81984,0.2616025507450104,0.2868638749291253,0.24219170423537378,0.0017468501053011353,-0.00556667697551939,-0.001785036148005792,0.26160256274556387,0.09990569067280206,0.11242965313909567,0.08874218645866139,0.001617032653821827,-0.001466987025690754,6.681693722099258e-05,0.09990569067280206,0.9200125193056194,1.1014311780794919,0.7950661394401379,0.008977429388780888,-0.06500046421912291,-0.020336443099016166,0.9200125193056194,1.0068703602614766,0.010583584890575537,0.4860004078588068,0.5172997151412642,0.4567927536660799,0.007608712072236025,-0.007352636547888772,0.00032503712774106797,0.4860004078588068,0.24858573079109192,0.3079105019569397,1.016882288340997,0.02260735333457875,False,False,65.0
timesfm3,monash_london_smart_meters,London Smart Meters,5,L5,block,block_depth,True,5,0.25,0.25,False,False,False,False,False,False,False,False,False,False,False,81984,0.2615567743778229,0.2868046744250273,0.24215518141179593,0.0016159504716007178,-0.005368909790031338,-0.0017392387371936713,0.26155676533475175,0.10005071523261751,0.11267601175162521,0.0888213777589647,0.001499346080458947,-0.0015998955865615273,-7.82076225944589e-05,0.10005071523261751,0.9187744975558297,1.100415715908166,0.7958613561067455,0.008691086607747828,-0.05942332844005846,-0.019098421349226458,0.9187744975558297,1.0066941736486539,0.010583584890575537,0.4867058931494364,0.5173619964619073,0.4576851686391543,0.007132057897591534,-0.00794973658438027,-0.0003804481628885137,0.4867058931494364,0.2466222494840622,0.30832329392433167,1.0182455443447465,0.02260735333457875,False,False,65.0
timesfm3,monash_london_smart_meters,London Smart Meters,6,L6,block,block_depth,True,6,0.3,0.3,False,False,False,False,False,False,False,False,False,False,False,81984,0.2616075277328491,0.28654889125903027,0.24247617641506533,0.001453147614588041,-0.005128486564681496,-0.001789972811709839,0.2616074994092679,0.09960486605015378,0.11183471178715206,0.08867951111462102,0.002083451108391606,-0.0012438123373080402,0.00036764155986926395,0.09960486605015378,0.9142682585534364,1.0921470723612712,0.7941651853858717,0.00886404654614066,-0.04587055255258546,-0.014592182346833127,0.9142682585534364,1.006889515967428,0.010583584890575537,0.4845370188534712,0.5141977237790905,0.4562258343061969,0.009675750551692654,-0.006219618646515113,0.0017884261330766704,0.4845370188534712,0.2397763878107071,0.3086501359939575,1.0193249486183094,0.02260735333457875,False,False,45.0
timesfm3,monash_london_smart_meters,London Smart Meters,7,L7,block,block_depth,True,7,0.35,0.35,False,False,False,False,False,False,False,False,False,False,False,81984,0.26068732142448425,0.2855630555972173,0.2413561784100669,0.0021395237775135518,-0.004031257945617669,-0.0008697861535403861,0.26068731275109847,0.09989660863502155,0.11256688831110592,0.08868102775831878,0.0016037564012799529,-0.0013922914716444673,7.5898975001501e-05,0.09989660863502155,0.9115456051849442,1.0891594481859999,0.7905410750382131,0.011842309572306304,-0.04507363431522143,-0.011869528978340926,0.9115456051849442,1.0033477750532833,0.010583584890575537,0.48595622745190714,0.5169058575028809,0.45640194336245377,0.00761885074927615,-0.006835628340095173,0.00036921753464075335,0.48595622745190714,0.23772768676280975,0.3081541657447815,1.0176869942168654,0.02260735333457875,False,False,45.0
timesfm3,monash_london_smart_meters,London Smart Meters,8,L8,block,block_depth,True,8,0.4,0.4,False,False,False,False,False,False,False,False,False,False,False,81984,0.2616731822490692,0.28671137746565667,0.24225028623464226,0.0013973320898322697,-0.005231237931902163,-0.0018556500777943685,0.26167317667535245,0.09996058604775274,0.11229174567224683,0.08881650992508364,0.001777728411325994,-0.0016599369293414806,1.1921562270311714e-05,0.09996058604775274,0.9144321513991474,1.0908449976826298,0.7934745278256726,0.010442416496982566,-0.0496815172825767,-0.014756075192544071,0.9144321513991474,1.0071422106992303,0.010583584890575537,0.48626745145197875,0.5162735310124296,0.4575118292750878,0.00846549604018887,-0.008307398472479698,5.799353456914513e-05,0.48626745145197875,0.23124949634075165,0.3082660734653473,1.0180565723191022,0.02260735333457875,False,False,30.0
timesfm3,monash_london_smart_meters,London Smart Meters,9,L9,block,block_depth,True,9,0.45,0.45,False,False,False,False,False,False,False,False,False,False,False,81984,0.2600526511669159,0.2847900162827763,0.24074433480197463,0.002669615205377347,-0.0032244529610656243,-0.0002351368258472486,0.26005266342340533,0.09965346942344362,0.1120676711158507,0.08848603820837357,0.0017763235055808073,-0.001102255472481441,0.0003190381865794262,0.09965346942344362,0.90588512476856,1.0817938605149648,0.7885469114401624,0.010948778424257592,-0.028466837443388265,-0.006209048561956698,0.90588512476856,1.0009050210775854,0.010583584890575537,0.48477345442669134,0.514150039240244,0.4568972164329569,0.008503426924675721,-0.005454887679613855,0.001551990559856553,0.48477345442669134,0.23739871382713318,0.30811843276023865,1.017568985123768,0.02260735333457875,False,False,45.0
timesfm3,monash_london_smart_meters,London Smart Meters,10,L10,block,block_depth,True,10,0.5,0.5,False,False,False,False,False,False,False,False,False,False,False,81984,0.26050451397895813,0.2855881170163514,0.24094363120491155,0.0021537861559283995,-0.0036579006898949397,-0.0006869703474390865,0.26050449694499717,0.09980246562117627,0.112115631150269,0.08869877104448662,0.00164673281958547,-0.0013089254346192478,0.00017004198884677801,0.09980246562117627,0.9055469322093604,1.0815254790392135,0.7886385169144665,0.009222880113217476,-0.02297330370917313,-0.005870856002757163,0.9055469322093604,1.002644175650253,0.010583584890575537,0.48549826011473407,0.5149358692552573,0.4572613401994894,0.007912633427132706,-0.006631020066602468,0.0008271848718138242,0.48549826011473407,0.24073366820812225,0.3079557716846466,1.0170317927717019,0.02260735333457875,False,False,45.0
timesfm3,monash_london_smart_meters,London Smart Meters,11,L11,block,block_depth,True,11,0.55,0.55,False,False,False,False,False,False,False,False,False,False,False,81984,0.26188579201698303,0.2868350626005016,0.24240527643843462,0.0009156481704127403,-0.0051535413899096265,-0.002068245484856235,0.2618857720824143,0.10037299938260529,0.11273137117716775,0.08921517911946912,0.001184011453207521,-0.0019345675677527809,-0.0004004917725822371,0.10037299938260529,0.9112205122458943,1.087970227397111,0.7930166398444821,0.004304669002289531,-0.030030722633822598,-0.011544436039291006,0.9112205122458943,1.0079605149283168,0.010583584890575537,0.48827367399641003,0.5173544687217071,0.46024538840929946,0.005563365929385948,-0.0096031488866369,-0.0019482290098621347,0.48827367399641003,0.23986707627773285,0.30964404344558716,1.0226073533345788,0.02260735333457875,False,False,45.0
timesfm3,monash_london_smart_meters,London Smart Meters,12,L12,block,block_depth,True,12,0.6,0.6,False,False,False,False,False,False,False,False,False,False,False,81984,0.26256731152534485,0.2876406556279718,0.24298987638788255,0.0001635538044435123,-0.005713675048856374,-0.002749773353793228,0.2625672999513513,0.10056884896557283,0.11312190189111268,0.0893363945326569,0.0008919636165286585,-0.0021256279029108556,-0.0005963413555497843,0.10056884896557283,0.9136580355228939,1.0902355321084005,0.795595990415811,0.0003699253845931366,-0.029985091811145292,-0.013981959316290649,0.9136580355228939,1.0105835848905755,0.010583584890575537,0.4892264022800564,0.5191423726316504,0.4607949909197501,0.004189357330778476,-0.010419619129145168,-0.0029009572935085326,0.4892264022800564,0.2427484691143036,0.30955004692077637,1.022296927413286,0.02229692741328604,False,False,45.0
timesfm3,monash_london_smart_meters,London Smart Meters,13,L13,block,block_depth,True,13,0.65,0.65,False,False,False,False,False,False,False,False,False,False,False,81984,0.2615606188774109,0.28650498994064466,0.2422526415586756,0.0011650834104600454,-0.004792431762569958,-0.001743114176597338,0.2615606407741554,0.10012672961737215,0.11253159383811079,0.0890044386084523,0.0013119724254763026,-0.0016445251957323583,-0.00015422200734910296,0.10012672961737215,0.910329778998912,1.087257975170777,0.7934497198761274,0.003638157058055413,-0.02752050209419988,-0.010653702792308706,0.910329778998912,1.0067089705712151,0.0067089705712151115,0.48707567210542085,0.5160347726298646,0.4590389262690709,0.0062448155940940464,-0.008142862357001705,-0.0007502271188729592,0.48707567210542085,0.24219249188899994,0.30887359380722046,1.0200629237476224,0.02133809122900132,False,False,45.0
timesfm3,monash_london_smart_meters,London Smart Meters,14,L14,block,block_depth,True,14,0.7,0.7,False,False,False,False,False,False,False,False,False,False,False,81984,0.2614901661872864,0.28641199654693367,0.24214249564164125,0.0010904540961878659,-0.004614175219117223,-0.0016726614580354626,0.26149018805559354,0.10042720236417549,0.11301530060595594,0.08921959983793656,0.0008517768742490658,-0.0018227844650134002,-0.00045469475415244043,0.10042720236417549,0.911931720937561,1.0896222024751223,0.7935538838689774,0.0031216630905673767,-0.03200193363416606,-0.012255644730957749,0.911931720937561,1.0064378083624177,0.006437808362417696,0.4885373493783916,0.5181549987347885,0.46032513558087845,0.00415081669839058,-0.008936365291044118,-0.002211904391843711,0.4885373493783916,0.24137084186077118,0.30925971269607544,1.0213380912290013,0.02133809122900132,False,False,45.0
timesfm3,monash_london_smart_meters,London Smart Meters,15,L15,block,block_depth,True,15,0.75,0.75,False,False,False,False,False,False,False,False,True,False,False,81984,0.26135364174842834,0.2859831420214178,0.24219560072551133,0.001084455636592949,-0.004240978087604281,-0.001536106306860463,0.26135363290441854,0.10044903969916728,0.11318594736869239,0.08911311595627754,0.0008271009413250724,-0.0018216395055282186,-0.0004765320891442354,0.10044903969916728,0.909442299236915,1.0871475910586115,0.7917709395694943,0.00662474101073557,-0.030188770376454812,-0.009766223030311716,0.909442299236915,1.0059123455542531,0.005912345554253129,0.48864357910005296,0.5195425928932198,0.45960369538481555,0.003964049909893909,-0.008898258943755701,-0.002318134113505066,0.48864357910005296,0.2334139347076416,0.3066056966781616,1.0125731356187269,0.01363944964259689,False,False,30.0
timesfm3,monash_london_smart_meters,London Smart Meters,16,L16,block,block_depth,True,16,0.8,0.8,False,False,False,False,False,False,False,False,False,False,False,81984,0.26004600524902344,0.2846016216070483,0.24089877611338978,0.00204783050869484,-0.002516986347933986,-0.00022847344743387454,0.26004600004499195,0.09960334173353462,0.11188520754673534,0.08856854035310796,0.0016879138286215213,-0.0009338795498995793,0.00036916587648842814,0.09960334173353462,0.902752464701253,1.079979486399196,0.7871467416870228,0.007691229818176594,-0.0147805513907152,-0.003076388494649751,0.902752464701253,1.0008794419013747,0.0008794419013746779,0.4845296036752804,0.5139273010334517,0.45683903633161643,0.007832531815094258,-0.004574755167497321,0.0017958413112674765,0.4845296036752804,0.2416585385799408,0.3069285750389099,1.013639449642597,0.01363944964259689,False,False,45.0
timesfm3,monash_london_smart_meters,London Smart Meters,17,L17,block,block_depth,True,17,0.85,0.85,False,False,False,True,False,False,False,True,False,False,False,81984,0.2594238221645355,0.28411545492282125,0.2401929595052684,0.002591686513815212,-0.0018191966149984195,0.0003937193626210589,0.259423807234937,0.09965467890498976,0.11231594571347028,0.08844202598926182,0.0015058872809880302,-0.0009388729942677338,0.00031782870503328786,0.09965467890498976,0.9008570411090666,1.0763837972368908,0.7845392242372341,0.00931436391538218,-0.012323229479548309,-0.0011809649024633329,0.9008570411090666,0.9984847492477944,0.0,0.48477933806075424,0.5151625376659588,0.45600487271879675,0.0072733506018250686,-0.004739864552292239,0.0015461069257936555,0.48477933806075424,0.2429189831018448,0.3043327033519745,1.0050665171687976,0.00506651716879758,False,False,45.0
timesfm3,monash_london_smart_meters,London Smart Meters,18,L18,block,block_depth,True,18,0.9,0.9,False,False,False,False,False,False,False,False,False,False,False,81984,0.2582175135612488,0.2827155914406455,0.23910252084628544,0.0036923056098682088,-0.0004937590697055072,0.0016000298996463047,0.2582174966979118,0.09909801776684417,0.1114507873411513,0.08805150932185145,0.002048676526855455,-0.00023667890721731572,0.00087448984317888,0.09909801776684417,0.8950793258594384,1.0691423054916898,0.780957844090906,0.01611356044553326,-0.00654580351816135,0.004596750347164891,0.8950793258594384,0.9938418420035079,0.0,0.4820714088291359,0.5116933336065592,0.4535649812783282,0.009693860966325322,-0.0012009750925757233,0.004254036157411989,0.4820714088291359,0.23471496999263763,0.3021964430809021,0.9980114631218139,0.0,False,False,30.0
timesfm3,monash_london_smart_meters,London Smart Meters,19,L19,block,block_depth,True,19,0.95,0.95,False,False,False,False,False,False,False,False,False,False,False,81984,0.2560177743434906,0.2806810732084888,0.23653304321364363,0.0054760710663296925,0.002028526827152695,0.0037997586240295367,0.25601776797352854,0.09850942380434224,0.1110497350352706,0.08727755311824176,0.0023499162473625728,0.0006132658075531033,0.0014630838056808038,0.09850942380434224,0.8866397965291112,1.0597658932759928,0.7708798912929938,0.02103036057635612,0.0052022543531888895,0.013036279677492102,0.8866397965291112,0.985375364087456,0.0,0.47920813944064805,0.5095989061690449,0.4505714721394912,0.011211310638821597,0.003015307353199316,0.0071173055458998435,0.47920813944064805,0.24033035337924957,0.2978992164134979,0.9838197624188577,0.0,False,False,45.0
timesfm3,monash_london_smart_meters,London Smart Meters,20,L20,block,block_depth,True,20,1.0,1.0,False,True,True,False,False,False,False,False,False,False,False,81984,0.259817510843277,0.28474730416734256,0.24047881558551704,0.0,0.0,0.0,0.2598175265975581,0.09997250761002305,0.11266159153156662,0.08861861923733509,0.0,0.0,0.0,0.09997250761002305,0.8996760762066033,1.0740421742600381,0.7837291430718495,0.0,0.0,0.0,0.8996760762066033,1.0,0.0,0.4863254449865479,0.5168223210230728,0.4574322455075489,0.0,0.0,0.0,0.4863254449865479,0.23694771528244019,0.3027985692024231,1.0,0.0,False,False,45.0
timesfm3,m5,M5,0,Emb,embedding,block_depth,True,0,0.0,0.0,True,False,False,False,True,True,True,False,True,True,True,81984,0.3616892695426941,0.38231104346461425,0.3417790358473782,-0.0025445664959128315,-0.011066982690031658,-0.006446912159560281,0.3616892681492649,1.0570013969718284,1.2482690834331711,0.8958746238882144,0.006234114340674949,-0.025756781430352052,-0.009879851944319284,1.0570013969718284,1.1026679741749263,1.227533175841545,0.9967669718934279,-0.011802831325973703,-0.04606966564804608,-0.027137892975940048,1.1026679741749263,1.0181479711962,0.01814797119620004,0.7503090045462079,0.8498988216226309,0.6702129823566702,0.004305419125938583,-0.018868396762325535,-0.007013180775960359,0.7503090045462079,0.3161507248878479,0.3384169936180115,1.0115042970754233,0.01358273117268105,False,False,30.0
timesfm3,m5,M5,1,L1,block,block_depth,True,1,0.05,0.05,False,False,False,True,False,False,False,False,False,False,False,81984,0.3604409694671631,0.38078625991385967,0.34075275622877,-0.0014762599245140436,-0.009477012672724598,-0.005198634720144368,0.360440990709849,1.0571837924264231,1.2511078372948439,0.8958100433104106,0.006058481979656084,-0.025625497563495386,-0.010062247398914037,1.0571837924264231,1.0958965434749528,1.2188689272253508,0.9914477558079491,-0.005913055789323004,-0.0382099745869879,-0.0203664622759665,1.0958965434749528,1.0146340317559923,0.015369269430966837,0.7504384773665492,0.8488093464191218,0.6700716673067553,0.004135421919117664,-0.018555027615262946,-0.007142653596301729,0.7504384773665492,0.3083759546279907,0.33726489543914795,1.0080607576534975,0.01358273117268105,False,False,45.0
timesfm3,m5,M5,2,L2,block,block_depth,True,2,0.1,0.1,False,False,False,False,False,False,False,False,False,False,False,81984,0.36070215702056885,0.3809360155245673,0.341086728014905,-0.0018333089744089,-0.009633898023757664,-0.005459823780728679,0.3607021797704333,1.0614650585697167,1.2567441650099374,0.8992407387204394,0.00024101973162606052,-0.028916175860168886,-0.014343513542207642,1.0614650585697167,1.0975885899311775,1.2206930104883875,0.9931824182907841,-0.00822971220219901,-0.03917696507518432,-0.022058508732191173,1.0975885899311775,1.0153692694309668,0.015369269430966837,0.7534775202167997,0.8530920631716946,0.6737409200265249,0.00017366058000602372,-0.02024596409085144,-0.010181696446552202,0.7534775202167997,0.2997050881385803,0.3362101912498474,1.0049083219314747,0.01358273117268105,False,False,45.0
timesfm3,m5,M5,3,L3,block,block_depth,True,3,0.15,0.15,False,False,False,False,False,False,False,False,False,False,False,81984,0.3597300052642822,0.38021300669887476,0.33992819987585815,-0.0008014457897489521,-0.008718421895995346,-0.004487637970738756,0.35972999396044336,1.0578329104322175,1.2527561372462066,0.8967914043134365,0.004104158536636447,-0.02639378006383499,-0.010711365404708406,1.0578329104322175,1.0964707993054719,1.2216657381248544,0.990159277032283,-0.00602243557887131,-0.03864951274064028,-0.020940718106485567,1.0964707993054719,1.0126326819186817,0.01263268191868172,0.7508992516721992,0.8494416954341022,0.671482826792463,0.0030431697119352305,-0.018577683602224972,-0.007603427901951676,0.7508992516721992,0.29860687255859375,0.3357292115688324,1.0034707079128897,0.01358273117268105,False,False,65.0
timesfm3,m5,M5,4,L4,block,block_depth,True,4,0.2,0.2,False,False,False,False,False,False,False,False,False,False,False,81984,0.3592657744884491,0.3796937585296465,0.33945327810018916,-0.0003798785185768554,-0.008249001263974957,-0.004023400128228993,0.3592657561179336,1.0607228549409202,1.2589245658544927,0.8983104788574068,-0.00015979704795239267,-0.02815961434481657,-0.01360130991341113,1.0607228549409202,1.0951755799039298,1.2199451823712422,0.9886095620665575,-0.0047943584849395576,-0.037298973870907595,-0.019645498704943476,1.0951755799039298,1.0113258816832782,0.012284190670182937,0.7529506693843523,0.8514538640747832,0.6755051067608291,-0.00011730165163835294,-0.0198223173000422,-0.00965484561410479,0.7529506693843523,0.29761824011802673,0.3357377052307129,1.0034960948634628,0.01358273117268105,False,False,65.0
timesfm3,m5,M5,5,L5,block,block_depth,True,5,0.25,0.25,False,False,False,False,False,False,False,False,False,False,False,81984,0.35960620641708374,0.3797536420390607,0.3403768178939336,-0.0011087361602326164,-0.008336771845120886,-0.004363835284500628,0.35960619127420523,1.0591030057969124,1.2573122673197927,0.8970837819418185,-0.00014972036526895828,-0.02502378414574567,-0.011981460769403318,1.0591030057969124,1.0934736624779748,1.2167518654168095,0.9893121551556441,-0.005217841479480865,-0.03423364494497689,-0.01794358127898854,1.0934736624779748,1.012284190670183,0.012284190670182937,0.7518008247368073,0.849106925914988,0.6764887018298358,-0.0001264209631871128,-0.01674250827388529,-0.008505000966559817,0.7518008247368073,0.28988149762153625,0.3379773199558258,1.0101901438059404,0.01358273117268105,False,False,45.0
timesfm3,m5,M5,6,L6,block,block_depth,True,6,0.3,0.3,False,False,False,False,False,False,False,False,False,False,False,81984,0.3588908612728119,0.37904177047596627,0.3393309111145275,-0.0003000548966086759,-0.007570300797597731,-0.003648517568034082,0.3588908735577387,1.0611178801928214,1.2612258081197727,0.8977152970484101,-0.0006363389349396018,-0.029334823975211123,-0.01399633516531229,1.0611178801928214,1.0928196939727137,1.216254995995559,0.9873024042776806,-0.0041917743660389774,-0.033066395924570884,-0.017289612773727425,1.0928196939727137,1.0102705085715509,0.010270508571550874,0.7532310767748946,0.8508738404938735,0.6787000570311625,-0.0004828840475291143,-0.019011895408062567,-0.009935253004647149,0.7532310767748946,0.29721105098724365,0.3371356725692749,1.0076745196967105,0.01358273117268105,False,False,65.0
timesfm3,m5,M5,7,L7,block,block_depth,True,7,0.35,0.35,False,False,False,False,False,False,False,False,False,False,False,81984,0.35787108540534973,0.37832089040911837,0.3382861695501186,0.0006145135471099803,-0.006451041152956701,-0.00262872762409333,0.35787108361379794,1.0564913570146897,1.2542778137544166,0.8927783060506703,0.004900530996076442,-0.026233285573015592,-0.009369811987180565,1.0564913570146897,1.0888804208943308,1.2117310590423347,0.9843104782757846,-0.0009621093710112613,-0.029083031089317295,-0.013350339695344493,1.0888804208943308,1.0073998601504788,0.00944508599235494,0.7499469543411507,0.8450140794425,0.6738438571672098,0.0037308860955718613,-0.01705897964534637,-0.006651130570903163,0.7499469543411507,0.2877570390701294,0.33750784397125244,1.0087869135169032,0.01358273117268105,False,False,45.0
timesfm3,m5,M5,8,L8,block,block_depth,True,8,0.4,0.4,False,False,False,False,False,False,False,False,False,False,False,81984,0.35717853903770447,0.3778300820558353,0.33769430115939836,0.0013645644477419555,-0.006018131495033975,-0.0019361953187079783,0.3571785513084126,1.0630342206847476,1.2703810239399254,0.8938341574400059,0.00020613178468020034,-0.03584130459380453,-0.01591267565723853,1.0630342206847476,1.0872365599218552,1.2113303959020212,0.981685715855716,0.0012409555112018226,-0.028301711394232248,-0.011706478722868896,1.0872365599218552,1.0054503561464787,0.00944508599235494,0.7545913848416465,0.847088923091126,0.6816509816680886,0.00018524083544720844,-0.021921034248894584,-0.011295561071398952,0.7545913848416465,0.2959730923175812,0.3368247151374817,1.0067450900746822,0.01358273117268105,False,False,65.0
timesfm3,m5,M5,9,L9,block,block_depth,True,9,0.45,0.45,False,False,False,False,False,False,False,False,False,False,False,81984,0.35717931389808655,0.3774739120973146,0.33796806594868767,0.0011568225639381525,-0.0057641389804629194,-0.0019369374335039824,0.3571792934232086,1.058499740632977,1.260268709914777,0.8919944829262786,0.0024171099853344522,-0.02693472197024626,-0.011378195605467933,1.058499740632977,1.085480886806532,1.2095153567871655,0.9817769222665477,0.0019671389213055663,-0.02547844190073162,-0.009950805607545687,1.085480886806532,1.005452537362767,0.00944508599235494,0.7513725989218494,0.8454540942503562,0.6772928680927351,0.002029550397500423,-0.016914121914095893,-0.008076775151601878,0.7513725989218494,0.28759315609931946,0.33667877316474915,1.0063088799099253,0.01358273117268105,False,False,45.0
timesfm3,m5,M5,10,L10,block,block_depth,True,10,0.5,0.5,False,False,False,False,False,False,False,False,False,False,False,81984,0.35793837904930115,0.3785857673634896,0.3383924232966459,0.0005348812397711533,-0.006573531631991691,-0.0026960034947131617,0.35793835948441777,1.0612960124828035,1.2653893081602732,0.8943208585635494,-0.0008936332558635808,-0.029403797804665597,-0.014174467455294382,1.0612960124828035,1.087933696583421,1.2109725331102525,0.9831936895273957,0.00015855922879478434,-0.02851562814800996,-0.012403615384434685,1.087933696583421,1.007589290395811,0.00944508599235494,0.7533575234016984,0.8470639337452931,0.6807025514827315,-0.0006692417927940208,-0.0181094492798868,-0.010061699631450871,0.7533575234016984,0.2886795103549957,0.33764222264289856,1.0091885617980731,0.01358273117268105,False,False,45.0
timesfm3,m5,M5,11,L11,block,block_depth,True,11,0.55,0.55,False,False,False,False,False,False,False,False,False,False,False,81984,0.35729020833969116,0.3778786990329452,0.3377896712872534,0.001424454687916816,-0.0063260963015997745,-0.0020478232301601174,0.3572901792198647,1.0649308249386271,1.2764406350512014,0.8924458550701208,0.0030805753778984234,-0.04458249104482962,-0.017809279911118026,1.0649308249386271,1.0873252555715363,1.212432435689523,0.9824802568561692,0.0018210005751496227,-0.0296331913597644,-0.011795174372549955,1.0873252555715363,1.0057647029707746,0.00944508599235494,0.7559376832039979,0.8446140520729971,0.6861425455459799,0.002589612695704169,-0.02705950725058211,-0.012641859433750402,0.7559376832039979,0.2953217625617981,0.33724522590637207,1.0080019668205917,0.01358273117268105,False,False,65.0
timesfm3,m5,M5,12,L12,block,block_depth,True,12,0.6,0.6,False,False,False,False,False,False,False,False,False,False,False,81984,0.35623612999916077,0.3769191045427822,0.3367211262162291,0.0023254834033747712,-0.005245096472852648,-0.0009937596201669008,0.3562361156098715,1.0651767014870666,1.274378562984466,0.893183048269887,0.001045546466837079,-0.04114397840247426,-0.018055156459557464,1.0651767014870666,1.0813019401591648,1.2056947038839432,0.9771556870798537,0.00726506237398261,-0.022963144834260228,-0.005771858960178511,1.0813019401591648,1.0027974937824848,0.00944508599235494,0.7561122178723809,0.8454760831649051,0.6860517447948308,0.0008398900724161783,-0.02467513383594703,-0.012816394102133422,0.7561122178723809,0.28577733039855957,0.33514854311943054,1.001735131263896,0.01358273117268105,False,False,45.0
timesfm3,m5,M5,13,L13,block,block_depth,True,13,0.65,0.65,False,False,False,False,False,False,False,False,False,False,False,81984,0.3581525385379791,0.3788343595024482,0.33875322062379987,0.0006291992845056155,-0.0071769328439565796,-0.0029102109145117128,0.3581525669042163,1.066616115677575,1.2760505179557216,0.895120416477031,-0.0018097923610427467,-0.04161019291837208,-0.01949457065006599,1.066616115677575,1.0909404469798583,1.2161275869292125,0.9848385231243572,-0.0012973248761881406,-0.03346560734606643,-0.01541036578087196,1.0909404469798583,1.0081921450206817,0.00944508599235494,0.757133981354912,0.8488612988843652,0.6850018231726239,-0.0015173191535040405,-0.02506810412557008,-0.013838157584664446,0.757133981354912,0.2974880337715149,0.33695000410079956,1.007119569864888,0.01358273117268105,False,False,65.0
timesfm3,m5,M5,14,L14,block,block_depth,True,14,0.7,0.7,False,False,False,False,False,False,False,False,False,False,False,81984,0.3574903607368469,0.37792748330900344,0.33798283828735237,0.0011342615521875653,-0.006182786360567912,-0.0022480311654223817,0.357490387155127,1.0623258027270648,1.2689369497976186,0.8925400717088363,0.0048867762700957685,-0.040795447623662856,-0.01520425769955569,1.0623258027270648,1.0863666326755215,1.210445942169888,0.9825372033021685,0.0014209374668690006,-0.026504988181329035,-0.010836551476535172,1.0863666326755215,1.0063281279165903,0.00944508599235494,0.7540885166579767,0.8441354868219583,0.6857987500367375,0.003973879826333512,-0.02460856027617118,-0.010792692887729216,0.7540885166579767,0.28946563601493835,0.33681628108024597,1.0067198812781484,0.01358273117268105,False,False,45.0
timesfm3,m5,M5,15,L15,block,block_depth,True,15,0.75,0.75,False,False,False,False,False,False,False,False,False,False,False,81984,0.35859763622283936,0.37916043494038904,0.3392188280977252,6.815212359294162e-05,-0.007302704871852577,-0.0033553051300176384,0.35859766111972224,1.0663503104351133,1.2720011094874308,0.8973974521013061,-0.002050625995717958,-0.03997890741683785,-0.01922876540760421,1.0663503104351133,1.0903858042992773,1.214024734608804,0.9851441028579647,-0.0013531658991983546,-0.03113945359646661,-0.01485572310029104,1.0903858042992773,1.009445085992355,0.00944508599235494,0.7569453003678803,0.8495911220757513,0.6826528335053357,-0.0015730546644741321,-0.02490499445546186,-0.013649476597632826,0.7569453003678803,0.29697707295417786,0.33665841817855835,1.0062480403055698,0.01358273117268105,False,False,65.0
timesfm3,m5,M5,16,L16,block,block_depth,True,16,0.8,0.8,False,False,False,False,False,False,False,False,False,False,False,81984,0.357760488986969,0.3781146262765272,0.33840800672129706,0.00041157453719044214,-0.005875032444889808,-0.002518134760378876,0.3577604907500835,1.0570064358452007,1.2567101043530435,0.8917475994048715,0.004519954600020885,-0.0277967918540035,-0.009884890817691616,1.0570064358452007,1.086934249372589,1.2092065291169805,0.9833784655210618,-0.0004818237473182504,-0.02477631299520312,-0.011404168173602791,1.086934249372589,1.0070885334718127,0.00863535139184668,0.7503125813740862,0.844775122968395,0.6788297687424909,0.0036381992080592295,-0.01710739655722086,-0.007016757603838686,0.7503125813740862,0.2901643216609955,0.3364642858505249,1.0056677926001938,0.01358273117268105,False,False,45.0
timesfm3,m5,M5,17,L17,block,block_depth,True,17,0.85,0.85,False,False,False,False,False,False,False,False,False,False,False,81984,0.3578639030456543,0.37760235951246535,0.33908106555579276,-5.890900190946123e-05,-0.005302651248559444,-0.002621554904652934,0.35786391089435754,1.0558564782830435,1.257189093664613,0.891552868218446,0.008004946018147862,-0.0303095147631981,-0.008734933255534427,1.0558564782830435,1.0875108657031456,1.2082318706183939,0.9846628651014745,-0.002692440830164299,-0.022050735477009576,-0.011980784504159292,1.0875108657031456,1.0073796419533463,0.00863535139184668,0.7494962877379524,0.8430288845112804,0.6794416409875998,0.00614622188925422,-0.018836231065076956,-0.006200463967704906,0.7494962877379524,0.3001419007778168,0.33763831853866577,1.0091768927085114,0.01358273117268105,False,False,65.0
timesfm3,m5,M5,18,L18,block,block_depth,True,18,0.9,0.9,False,False,False,False,False,False,False,False,False,False,False,81984,0.3583099842071533,0.3777999230461437,0.3393881033387974,-0.0009681155485676821,-0.005021284592074826,-0.0030676224588893075,0.3583099784485939,1.0558093804633104,1.2541963939788958,0.8919570208920465,0.010302562311294197,-0.03101971703296494,-0.008687835435801317,1.0558093804633104,1.084540621519544,1.2058198162064562,0.9834141381382124,-0.002171693049329741,-0.015364739601368083,-0.009010540320557592,1.084540621519544,1.0086353513918467,0.00863535139184668,0.7494628555037648,0.8459538452409529,0.6782169987253477,0.007326877582244932,-0.01986561987573552,-0.006167031733517292,0.7494628555037648,0.3017950654029846,0.33742010593414307,1.0085246707713358,0.01358273117268105,False,False,45.0
timesfm3,m5,M5,19,L19,block,block_depth,True,19,0.95,0.95,False,False,False,False,False,False,False,False,False,False,False,81984,0.3579227924346924,0.3772426782808629,0.3393884210413649,-0.0006675290363264715,-0.004597734666308593,-0.0026804338287533813,0.357922789818458,1.0448743781527132,1.2382025922802156,0.8860485067329901,0.017106978139617274,-0.01250884520197324,0.0022471668747958695,1.0448743781527132,1.0854925575887109,1.206651016150836,0.9842655491707512,-0.002762230922012661,-0.016992803679949174,-0.009962476389724584,1.0854925575887109,1.0075454143912457,0.007545414391245675,0.7417006796713772,0.8417792322404404,0.6674414542353194,0.011592879557493385,-0.008401187166973214,0.0015951440988702936,0.7417006796713772,0.3067215085029602,0.33911237120628357,1.013582731172681,0.01358273117268105,False,False,45.0
timesfm3,m5,M5,20,L20,block,block_depth,True,20,1.0,1.0,False,True,True,False,False,False,False,True,False,False,False,81984,0.3552423417568207,0.37502934210507183,0.3362514788327554,0.0,0.0,0.0,0.3552423559897046,1.047121545027509,1.239278944905534,0.8877522003408168,0.0,0.0,0.0,1.047121545027509,1.0755300811989863,1.196569885708113,0.973725859910847,0.0,0.0,0.0,1.0755300811989863,1.0,0.0,0.7432958237702475,0.842498425176652,0.6664945108539013,0.0,0.0,0.0,0.7432958237702475,0.29891109466552734,0.3345680236816406,1.0,0.0,False,False,45.0
timesfm3,wiki_daily_100k,Wiki Daily,0,Emb,embedding,block_depth,True,0,0.0,0.0,True,False,False,False,False,True,True,False,False,True,True,81984,0.32518064975738525,0.3499565183089065,0.3005119990848915,-0.01524914160712073,-0.030924286491785018,-0.022774061159664405,0.3251806248036277,45.75178446347757,62.333666509949296,31.80798657839244,-0.3476417403272748,-18.59002239966266,-8.30057125288841,45.75178446347757,0.9595951349613367,1.0447366190279803,0.8815333151667966,-0.05623581805518501,-0.15212522204042297,-0.0991915282972925,0.9595951349613367,1.0753095471800755,0.07530954718007554,0.3323581021709875,0.43568188956363385,0.25924471473747684,-0.0024904940909599277,-0.14254400699074568,-0.060298459194466913,0.3323581021709875,0.3358088731765747,0.3208412826061249,1.026380150457429,0.02638015045742903,False,False,10.0
timesfm3,wiki_daily_100k,Wiki Daily,1,L1,block,block_depth,True,1,0.05,0.05,False,False,False,False,False,False,False,False,False,False,False,81984,0.3156079351902008,0.34052564192435325,0.2914611672879488,-0.007302421846121314,-0.019528816717513307,-0.013201361152393232,0.3156079247963565,41.340496203147936,55.58126608367702,29.31198858197672,2.8224775555379686,-11.156905876799275,-3.889282992558776,41.340496203147936,0.9183608870450205,0.9949239198771094,0.8474526224735703,-0.02611030553662513,-0.09579814155721965,-0.05795728038097625,0.9183608870450205,1.0436544306342317,0.04767263094407448,0.30031285166272187,0.37769146366052936,0.2416657258603778,0.019431131288258272,-0.08607985289757282,-0.028253208686201292,0.30031285166272187,0.3208107054233551,0.31978753209114075,1.0230091733707873,0.02517488171119564,False,False,30.0
timesfm3,wiki_daily_100k,Wiki Daily,2,L2,block,block_depth,True,2,0.1,0.1,False,False,False,False,False,False,False,False,False,False,False,81984,0.3142814338207245,0.33868765539688744,0.29041184744378196,-0.005634692780147454,-0.018570126031831124,-0.01187488992648722,0.3142814535704505,44.65473915204383,60.92248192140491,30.995999223303627,-0.27570417574856737,-16.696549903324172,-7.2035259414546715,44.65473915204383,0.9262577930884126,1.0052351519535536,0.851875510376299,-0.02731032316243313,-0.11563707093771676,-0.06585418642436836,0.9262577930884126,1.039267947035009,0.04767263094407448,0.3243887540465497,0.4234505114929258,0.2530143227817275,-0.0018223159977898335,-0.12920819734973646,-0.05232911107002913,0.3243887540465497,0.31326109170913696,0.319959431886673,1.0235590855783712,0.02517488171119564,False,False,45.0
timesfm3,wiki_daily_100k,Wiki Daily,3,L3,block,block_depth,True,3,0.15,0.15,False,False,False,False,False,False,False,False,False,False,False,81984,0.31562340259552,0.34052755733283646,0.2916137400559569,-0.006536719161405718,-0.020696617331967197,-0.013216841709977778,0.31562340535394107,46.013205939595444,63.56620626441157,31.45110207716136,-0.8196191990150948,-19.897782585900558,-8.561992729006285,46.013205939595444,0.9364291956116297,1.0229362681274348,0.8568074837722642,-0.03178963655328685,-0.13546150677273375,-0.07602558894758549,0.9364291956116297,1.0437055783535756,0.04767263094407448,0.33425716570890557,0.4432628638944443,0.2573082489245044,-0.006243419066531235,-0.15278356229392287,-0.06219752273238499,0.33425716570890557,0.3139706552028656,0.32006463408470154,1.0238956303239972,0.02517488171119564,False,False,65.0
timesfm3,wiki_daily_100k,Wiki Daily,4,L4,block,block_depth,True,4,0.2,0.2,False,False,False,False,False,False,False,False,False,False,False,81984,0.3168230652809143,0.34205579072848413,0.2927384724776538,-0.008587948653761675,-0.020888575220850258,-0.014416494243245093,0.3168230578872084,45.843737216727156,62.32637674195483,31.635864771907702,-1.9474182148001313,-16.435375835026743,-8.392524006137997,45.843737216727156,0.9308838548635335,1.0087882180869039,0.8576621189915138,-0.03662189550580593,-0.11194332417414257,-0.07048024819948928,0.9308838548635335,1.0476726309440745,0.04767263094407448,0.3330260814185254,0.428948655328872,0.26078481265427816,-0.014195425018143288,-0.12379098276105432,-0.06096643844200483,0.3330260814185254,0.3198901116847992,0.32046452164649963,1.0251748817111956,0.02517488171119564,True,False,90.0
timesfm3,wiki_daily_100k,Wiki Daily,5,L5,block,block_depth,True,5,0.25,0.25,False,False,False,False,True,False,False,False,True,False,False,81984,0.3123496174812317,0.33714752512919993,0.2885215344693057,-0.0046246919532142855,-0.015547923124146476,-0.009943034428790298,0.3123495980727536,43.7963281344455,58.63725504627775,30.813829043909926,-1.266339831094541,-12.609000076418342,-6.345114923856343,43.7963281344455,0.914455844488802,0.986765517826838,0.8460231432957203,-0.0254196597842049,-0.0877388412030101,-0.054052237824757765,0.914455844488802,1.032879803845047,0.03412203313662654,0.31815293483124907,0.39931703252304646,0.2552668772164597,-0.008891411277460765,-0.09581665781200924,-0.04609329185472849,0.31815293483124907,0.3093251585960388,0.31824010610580444,1.0180589147795294,0.018058914779529367,False,False,65.0
timesfm3,wiki_daily_100k,Wiki Daily,6,L6,block,block_depth,True,6,0.3,0.3,False,False,False,False,False,False,False,False,False,False,False,81984,0.3127252757549286,0.33728252819184756,0.2887150843574431,-0.005403348137020298,-0.015477611984389295,-0.010318710276757459,0.31272527392072075,45.01103450588491,60.49592631407712,31.425607433994273,-1.8151455032925998,-14.511319837724852,-7.559821295295748,45.01103450588491,0.9169073420322024,0.9885552654745778,0.8503726961909376,-0.02949622732339427,-0.08827871549084478,-0.056503735368158114,0.9169073420322024,1.0341220331366265,0.03412203313662654,0.3269770169745125,0.4147038689842849,0.25974518111883244,-0.013429532732413495,-0.10925095742428467,-0.0549173739979919,0.3269770169745125,0.30878350138664246,0.31724637746810913,1.0148799493409586,0.014879949340958598,False,False,65.0
timesfm3,wiki_daily_100k,Wiki Daily,7,L7,block,block_depth,True,7,0.35,0.35,False,False,False,False,False,False,False,False,False,False,False,81984,0.3106394112110138,0.33546662734295346,0.2869355923119392,-0.003929322961902647,-0.012631622706148909,-0.00823287608969303,0.3106394397336563,45.53167110106096,61.8318844871943,31.40135794663644,-2.2686881583074467,-15.805168544389469,-8.080457890471799,45.53167110106096,0.9097668940553509,0.9793945867750105,0.84528825862803,-0.026751187385550046,-0.07382420901187668,-0.04936328739130669,0.9097668940553509,1.0272244823141239,0.027224482314123888,0.33075911624610715,0.42336138907753235,0.2598934753946776,-0.01643483839834519,-0.11750368345375911,-0.05869947326958658,0.33075911624610715,0.31473618745803833,0.31648412346839905,1.01244147768122,0.012441477681220059,True,False,90.0
timesfm3,wiki_daily_100k,Wiki Daily,8,L8,block,block_depth,True,8,0.4,0.4,False,False,False,True,False,False,False,False,False,False,False,81984,0.30883264541625977,0.33352560843163315,0.28469825384654956,-0.002171833408313956,-0.010545160380753742,-0.006426100967494575,0.30883266461145786,43.16122055194963,58.15676469494492,30.12393688458938,-1.5257859925077242,-10.928053685458945,-5.710007341360473,43.16122055194963,0.8970607899385753,0.9655862863476516,0.8337292785888795,-0.015702795659900515,-0.05831932972442058,-0.03665718327453105,0.8970607899385753,1.0212498571017474,0.025076475202718385,0.31353927542390436,0.39148798852042094,0.25185840335958776,-0.011294277457595899,-0.08195092304384356,-0.041479632447383785,0.31353927542390436,0.3063124716281891,0.31496119499206543,1.00756958729985,0.012215716220131512,False,False,65.0
timesfm3,wiki_daily_100k,Wiki Daily,9,L9,block,block_depth,True,9,0.45,0.45,False,False,False,False,False,False,False,False,False,False,False,81984,0.30783501267433167,0.3326634290734775,0.2838308383476074,-0.0012648302702702723,-0.0095912502303663,-0.0054284343282685055,0.3078349979722318,42.33738532858169,56.88529910701618,29.576523207116633,-0.5587716451507817,-10.238867695206388,-4.88617211799253,42.33738532858169,0.8914382609412251,0.9607918018978155,0.8275898431742078,-0.011515815943643093,-0.051727469823303354,-0.031034654277180884,0.8914382609412251,1.017950878479326,0.025076475202718385,0.30755462773090003,0.38277013094751006,0.24759446277862718,-0.004275870690863591,-0.0758300436310608,-0.035494984754379455,0.30755462773090003,0.3049287497997284,0.3153333067893982,1.0087599832471268,0.012215716220131512,False,False,65.0
timesfm3,wiki_daily_100k,Wiki Daily,10,L10,block,block_depth,True,10,0.5,0.5,False,False,False,False,False,False,False,False,False,False,False,81984,0.3083649277687073,0.33332262699641574,0.28416118251252204,-0.001609986423308614,-0.010457421426540438,-0.005958367835815603,0.3083649314797789,42.43636925617717,56.878112206478974,29.67212517791447,-0.33718795689170855,-10.30265772694138,-4.985156045588013,42.43636925617717,0.893317509975393,0.962173705984249,0.8295052095516886,-0.012771193607059292,-0.05339026913003599,-0.0329139033113488,0.893317509975393,1.019703205257079,0.025076475202718385,0.30827368406295036,0.3828606111859513,0.24888711050808618,-0.002238450434438879,-0.07653641609974066,-0.03621404108642978,0.30827368406295036,0.3047361969947815,0.31497493386268616,1.0076135383275366,0.012215716220131512,False,False,65.0
timesfm3,wiki_daily_100k,Wiki Daily,11,L11,block,block_depth,True,11,0.55,0.55,False,False,False,False,False,False,False,False,False,False,False,81984,0.3094486594200134,0.3343219850045266,0.285307849643624,-0.002721290267961289,-0.011509667604962616,-0.007042075144766846,0.30944863878873013,43.6500195438837,58.90885380501843,30.226420498164448,-1.8309061033074239,-11.647111417789523,-6.198806333294542,43.6500195438837,0.8973229599988959,0.9670417704364399,0.8325848320981788,-0.01714964040744703,-0.05833961437536915,-0.036919353334851635,0.8973229599988959,1.023286896328796,0.025076475202718385,0.31709009441834124,0.3959302660802639,0.25429060276737264,-0.013548361283933975,-0.08752985923023374,-0.04503045144182066,0.31709009441834124,0.3049197196960449,0.31589001417160034,1.010540905583754,0.012215716220131512,False,False,65.0
timesfm3,wiki_daily_100k,Wiki Daily,12,L12,block,block_depth,True,12,0.6,0.6,False,False,False,False,False,False,False,False,False,False,False,81984,0.3099898397922516,0.3348085569487955,0.28603203670292354,-0.003229060573219001,-0.011877580709357276,-0.0075832707878514816,0.30998983443181477,43.586116176954576,58.87618036102446,30.268297222766094,-1.8874288274204938,-11.588892568199295,-6.134902966365416,43.586116176954576,0.8962112576285287,0.9642155272077412,0.8335403956251212,-0.016524515746745547,-0.05520299703985295,-0.03580765096448446,0.8962112576285287,1.0250764752027184,0.025076475202718385,0.31662587642107703,0.39326456643082536,0.2561282024962851,-0.014045960702645171,-0.08553360212381918,-0.04456623344455646,0.31662587642107703,0.29551348090171814,0.316413551568985,1.0122157162201315,0.012215716220131512,False,False,45.0
timesfm3,wiki_daily_100k,Wiki Daily,13,L13,block,block_depth,True,13,0.65,0.65,False,False,False,False,False,False,False,False,False,False,False,81984,0.30811449885368347,0.33271420116514994,0.28444980489843674,-0.0012486374336259448,-0.010000141239405144,-0.005707962438464165,0.30811452608242745,44.798928220451614,61.25783566909282,30.520842957624406,-2.736614496683592,-13.801822569162557,-7.347715009862455,44.798928220451614,0.8916379002770536,0.9582391744444012,0.8290654713934497,-0.012181747391396007,-0.05049029965316361,-0.031234293613009334,0.8916379002770536,1.018875085246199,0.018875085246198964,0.3254361974565017,0.41174210586810955,0.2573158584042715,-0.02057670382960257,-0.10134771472070608,-0.05337655447998113,0.3254361974565017,0.3038889765739441,0.316224068403244,1.0116095543241852,0.0116095543241852,False,False,65.0
timesfm3,wiki_daily_100k,Wiki Daily,14,L14,block,block_depth,True,14,0.7,0.7,False,False,False,False,False,False,False,True,False,False,False,81984,0.3074970543384552,0.3321685537607018,0.28387592509282283,-0.0008640495679902554,-0.009143972533349802,-0.00509047225288306,0.30749703589684635,43.673750095150936,59.36540440563384,30.203594439858783,-2.326906008967913,-11.044160582106109,-6.222536884561777,43.673750095150936,0.8875502009500068,0.9544599929498196,0.8251114879035626,-0.008547689100047587,-0.045258224132254346,-0.027146594285962555,0.8875502009500068,1.01683331559424,0.01683331559423995,0.31726248203283847,0.3929647279110635,0.25540587162743367,-0.01741062379437278,-0.08167003169525976,-0.04520283905631789,0.31726248203283847,0.30322134494781494,0.315518319606781,1.0093518443748453,0.009351844374845264,False,False,65.0
timesfm3,wiki_daily_100k,Wiki Daily,15,L15,block,block_depth,True,15,0.75,0.75,False,False,False,False,False,False,False,False,False,False,False,81984,0.30739933252334595,0.3320622369007186,0.28368994691906824,-0.0007483386839847035,-0.009048500797490918,-0.0049927918425270446,0.30739935548649033,43.515387265213874,58.790911225964386,30.12344708195974,-1.8923960134998474,-11.424902594135132,-6.064174054624715,43.515387265213874,0.8886384709572751,0.9558470095002332,0.8258400436329273,-0.008932786797848629,-0.04731336021357983,-0.028234864293230855,0.8886384709572751,1.016510168442547,0.016510168442547046,0.3161120751092719,0.39370122834622323,0.2547236556607967,-0.014230196469833482,-0.08541118363826083,-0.04405243213275134,0.3161120751092719,0.3038724958896637,0.3148602843284607,1.0072467712917226,0.007246771291722576,False,False,65.0
timesfm3,wiki_daily_100k,Wiki Daily,16,L16,block,block_depth,True,16,0.8,0.8,False,False,False,False,False,False,False,False,False,False,False,81984,0.3057500720024109,0.33006930191795,0.28248686614439233,0.0007074032135250977,-0.007068258580104755,-0.0033435075195463737,0.30575007116350966,43.77066372296318,60.0460318748908,29.894451649200658,-1.5284785853345437,-13.526082384882665,-6.319450512374019,43.77066372296318,0.8815555097934177,0.9468686583870927,0.8209598896358695,-0.0028864041014265824,-0.03808941485195372,-0.02115190312937343,0.8815555097934177,1.0110563827229113,0.011056382722911318,0.3179664989316742,0.4063339774268457,0.2512269472473025,-0.011365524590504121,-0.1005113580003966,-0.04590685595515365,0.3179664989316742,0.30317774415016174,0.314556360244751,1.0062745097291463,0.006490928021659403,False,False,65.0
timesfm3,wiki_daily_100k,Wiki Daily,17,L17,block,block_depth,True,17,0.85,0.85,False,False,False,False,False,False,False,False,False,False,False,81984,0.3031342029571533,0.3274174441754078,0.279701052289385,0.002852627874231177,-0.00412497066977995,-0.0007276178572241387,0.3031341815011874,43.22592708661187,59.1430040712795,29.660194666471426,-1.5842525923559256,-11.987662429689694,-5.774713876022709,43.22592708661187,0.8752439410411873,0.9404962995005314,0.8147279436130952,0.0018138826092846919,-0.03123974184465167,-0.01484033437714305,0.8752439410411873,1.002406209471099,0.002406209471099041,0.3140093279324698,0.398663252807864,0.24883531321759939,-0.011772648321062052,-0.08914139686574704,-0.041949684955949196,0.3140093279324698,0.3030445873737335,0.31462401151657104,1.0064909280216594,0.006490928021659403,False,False,65.0
timesfm3,wiki_daily_100k,Wiki Daily,18,L18,block,block_depth,True,18,0.9,0.9,False,False,False,False,False,False,False,False,False,False,False,81984,0.3027459681034088,0.32672813480990076,0.2794018139884957,0.0028373797712065558,-0.00337739083987042,-0.00033941168252749065,0.3027459753264908,42.79686059277592,58.50083647963223,29.417960156263575,-1.4823128529828002,-11.11653964802472,-5.345647382186762,42.79686059277592,0.8735133503611731,0.9390064216610637,0.8133537767754382,0.002333946102230493,-0.02852885084623884,-0.013109743697128806,0.8735133503611731,1.0011223918605154,0.001122391860515437,0.31089242818159096,0.39195510551348745,0.24705842302319167,-0.011057724097470786,-0.08179352592462635,-0.038832785205070386,0.31089242818159096,0.30557358264923096,0.3133428394794464,1.0023924231860453,0.00269188127273412,False,False,65.0
timesfm3,wiki_daily_100k,Wiki Daily,19,L19,block,block_depth,True,19,0.95,0.95,False,False,False,False,False,False,False,False,False,False,False,81984,0.302717924118042,0.3270964179891837,0.27921635897737707,0.001967870871685721,-0.0025135813895897433,-0.0003113485588371878,0.3027179122028005,39.51643967456407,53.249618868918795,27.75158856478631,-0.13195209322969095,-4.6237212581390095,-2.065226463974909,39.51643967456407,0.8691957079965588,0.9376377929816627,0.8077103550379366,-0.0001970422413014334,-0.01787851228477095,-0.008792101332514513,0.8691957079965588,1.0010296558221676,0.00102965582216763,0.28706222169927903,0.34920379813455804,0.23604023756493797,-0.0010027113860077046,-0.03434451753566182,-0.015002578722758453,0.28706222169927903,0.30649542808532715,0.31343644857406616,1.0026918812727341,0.00269188127273412,False,False,45.0
timesfm3,wiki_daily_100k,Wiki Daily,20,L20,block,block_depth,True,20,1.0,1.0,False,True,True,False,False,False,False,False,False,False,False,81984,0.30240654945373535,0.3272526486559934,0.27821436990550114,0.0,0.0,0.0,0.3024065636439633,37.45121321058916,50.32825463039996,26.25951485311698,0.0,0.0,0.0,37.45121321058916,0.8604036066640443,0.929702263115907,0.797161146112145,0.0,0.0,0.0,0.8604036066640443,1.0,0.0,0.2720596429765206,0.32516169715548604,0.22764734648568155,0.0,0.0,0.0,0.2720596429765206,0.30257561802864075,0.3125949800014496,1.0,0.0,False,False,45.0
timesfm3,monash_traffic,Traffic,0,Emb,embedding,block_depth,True,0,0.0,0.0,False,False,False,True,True,True,True,False,False,False,True,81984,0.16203686594963074,0.16948526806859227,0.15460154614304655,-0.015744423769940532,-0.026508402887319444,-0.021314260784451283,0.16203685643734367,0.015618733909176605,0.016955149069341167,0.014407812023329135,-0.0009159417089945837,-0.0020760500193062453,-0.0015199085487985608,0.015618733909176605,0.9257584946896348,0.9661685514798388,0.8866126616603477,-0.10109767352958286,-0.1647739468345823,-0.13354125478898038,0.9257584946896348,1.151462848121003,0.15146284812100297,0.34799382069115664,0.37898965486371017,0.3203414398110526,-0.020840093056748988,-0.04567051218470786,-0.03386438273891085,0.34799382069115664,0.19629736244678497,0.1686742603778839,0.986245066286302,0.07781738892462586,False,False,10.0
timesfm3,monash_traffic,Traffic,1,L1,block,block_depth,True,1,0.05,0.05,False,False,False,False,False,False,False,False,False,False,False,81984,0.15468022227287292,0.16395757694031957,0.14538044407928208,-0.010754016799966008,-0.017124802948380917,-0.013957620406423815,0.1546802160593162,0.015308424073205072,0.016762349443780144,0.01395629481555062,-0.0008451838428248836,-0.0015766315541006542,-0.0012095987128270275,0.015308424073205072,0.8809106394178171,0.9303776610680778,0.8304235135469268,-0.06968058984018506,-0.10729429648923641,-0.08869339951716271,0.8809106394178171,1.099185227031466,0.09918522703146593,0.341079950076181,0.37708825210734354,0.3088177195052806,-0.01884953881734465,-0.03516118792420048,-0.026950512123935233,0.341079950076181,0.16786827147006989,0.1493442952632904,0.8732219963582373,0.07781738892462586,False,False,30.0
timesfm3,monash_traffic,Traffic,2,L2,block,block_depth,True,2,0.1,0.1,False,False,False,False,False,False,False,False,False,False,False,81984,0.14432750642299652,0.15309457412231287,0.13557745416449624,-5.134803115014355e-05,-0.007032994665418761,-0.0036048955419136497,0.14432749119480603,0.014290214270166727,0.015692023747137285,0.01300633804890993,0.00021014092354773752,-0.0005833867546804958,-0.00019138890978868256,0.014290214270166727,0.8183925183135682,0.8644401301890342,0.7716252081588121,-0.005675845281843273,-0.04588316396027477,-0.026175278412913783,0.8183925183135682,1.0256169831110256,0.08617204951218982,0.31839368615204044,0.35160390080094267,0.28855521635040016,0.004787309958044997,-0.012810561583474192,-0.004264248199794651,0.31839368615204044,0.14358823001384735,0.15310736000537872,0.8952247846182009,0.07781738892462586,False,False,10.0
timesfm3,monash_traffic,Traffic,3,L3,block,block_depth,True,3,0.15,0.15,False,False,False,False,False,False,False,False,False,False,False,81984,0.1407533586025238,0.1496281147596803,0.13208255469443575,0.0031769046140479175,-0.003143212541525493,-3.0765267273857866e-05,0.14075336092016624,0.013908346102181012,0.015305401299263936,0.012633190357689842,0.0005587900310495261,-0.00016335481227331604,0.0001904792581970318,0.013908346102181012,0.7970288265121888,0.844193509288694,0.7506451955527901,0.013379580422155557,-0.02273681801386357,-0.0048115866115343575,0.7970288265121888,1.0002184517036956,0.08617204951218982,0.3098854572808383,0.343389354920683,0.2800341948609663,0.01258274504832243,-0.0035706572831216,0.004243980671407521,0.3098854572808383,0.14980314671993256,0.15235811471939087,0.8908439178215223,0.07781738892462586,False,False,30.0
timesfm3,monash_traffic,Traffic,4,L4,block,block_depth,True,4,0.2,0.2,False,False,False,False,False,False,False,False,False,False,False,81984,0.14072845876216888,0.1491277764867707,0.13257360011268096,0.004155630048520811,-0.003924755780168524,-5.870005329144945e-06,0.14072846565822153,0.013812348428886732,0.015158786877547202,0.012587501940012407,0.000745784230145557,-0.00012961771077034563,0.00028647693149131195,0.013812348428886732,0.7993575789276761,0.8436107543274806,0.7552950346188284,0.01692431965221282,-0.0300803523472866,-0.007140339027021714,0.7993575789276761,1.0000415090004113,0.08617204951218982,0.30774657731134786,0.3386117443006719,0.27973979128726867,0.016976376053930077,-0.002818724067570208,0.006382860640897936,0.30774657731134786,0.15481090545654297,0.1537998616695404,0.8992738692156044,0.07781738892462586,False,False,45.0
timesfm3,monash_traffic,Traffic,5,L5,block,block_depth,True,5,0.25,0.25,False,False,False,False,False,False,False,False,False,False,False,81984,0.13700628280639648,0.14609269011509785,0.12812346316170203,0.0068754480888654525,0.0007060367375868189,0.003716322117065657,0.13700627353582673,0.01349888219128012,0.014865229602590237,0.01222001274986372,0.0009694703106877356,0.000258259387730444,0.0005999431690979235,0.01349888219128012,0.7748289683884838,0.8224072294097002,0.7273603711966118,0.0352283193635542,0.00030385430061306287,0.017388271512170594,0.7748289683884838,0.9735910632816359,0.08617204951218982,0.3007623803644804,0.33346225336487384,0.27101516038485607,0.022092488127435864,0.0056489380416560415,0.013367057587765407,0.3007623803644804,0.1414070576429367,0.1606980562210083,0.9396078853685531,0.07781738892462586,False,False,30.0
timesfm3,monash_traffic,Traffic,6,L6,block,block_depth,True,6,0.3,0.3,False,False,False,False,False,False,False,False,False,False,False,81984,0.13965201377868652,0.14782629045337892,0.13164001210941045,0.005355106203511122,-0.003049267487216552,0.0010705702149003404,0.13965202543799204,0.013743091171145397,0.015041412568627415,0.012522543999418673,0.0008799036535643235,-0.00010955859525053428,0.0003557341892326468,0.013743091171145397,0.7916973527246403,0.8348211609491958,0.7498304915611165,0.02553917995163648,-0.023246530796043163,0.0005198871760141444,0.7916973527246403,0.9923920991006207,0.08617204951218982,0.30620348823177534,0.33565124156394716,0.278450795955101,0.019922480051337194,-0.0024342658633714873,0.007925949720470449,0.30620348823177534,0.1303539127111435,0.17236843705177307,1.0078450632891098,0.07781738892462586,False,False,10.0
timesfm3,monash_traffic,Traffic,7,L7,block,block_depth,True,7,0.35,0.35,False,False,False,False,False,False,False,False,False,False,False,81984,0.1476074606180191,0.1560466828578301,0.1391279935090312,-0.0025657942831402527,-0.010970796136725825,-0.0068848710507154465,0.14760746670360783,0.01460041201831986,0.01597102475589065,0.013323066211588323,8.757626892667984e-06,-0.0009782259624420977,-0.0005015866579418157,0.01460041201831986,0.838793209666256,0.8836477599209825,0.7936569977259259,-0.021591381766917203,-0.07009859422594232,-0.04657596976560163,0.838793209666256,1.0489249221838606,0.08617204951218982,0.32530505938993004,0.3571969349337716,0.29566674095008944,0.00020208581659985912,-0.021348249729252814,-0.011175621437684247,0.32530505938993004,0.12783238291740417,0.16357596218585968,0.9564351152773244,0.07781738892462586,False,False,10.0
timesfm3,monash_traffic,Traffic,8,L8,block,block_depth,True,8,0.4,0.4,False,False,False,False,False,False,False,False,False,False,False,81984,0.14695203304290771,0.15617776236724362,0.1377010472669828,-0.002724677857495001,-0.009610847199961315,-0.006229439025161848,0.14695203467805423,0.014703034647829696,0.016167631241997216,0.013354897839631272,-0.00017987798266745888,-0.0010048398086170071,-0.0006042092874516524,0.014703034647829696,0.8318392328727685,0.8820920946230792,0.78243859667758,-0.020031203506594458,-0.05856772552855974,-0.039621992972114106,0.8318392328727685,1.0442673370229045,0.08617204951218982,0.3275915469592918,0.3616217508130345,0.29651969529195105,-0.004188227876244848,-0.022093739611605746,-0.01346210900704603,0.3275915469592918,0.12633563578128815,0.17100989818572998,0.9999016328511078,0.07781738892462586,False,False,10.0
timesfm3,monash_traffic,Traffic,9,L9,block,block_depth,True,9,0.45,0.45,False,False,False,False,False,False,False,False,False,False,False,81984,0.14273445308208466,0.15111498349125832,0.13428695004092145,0.001662550707354788,-0.005500410416853127,-0.002011861225575895,0.14273445687846828,0.014066062770099134,0.015406122577091418,0.012823999007874334,0.0004963366868498267,-0.0003804542348189063,3.27625902789095e-05,0.014066062770099134,0.8104451391347651,0.8563344883430458,0.7655787199480039,0.0026472268655615572,-0.038045219380923236,-0.018227899234110723,0.8104451391347651,1.0142964621518922,0.08617204951218982,0.3133994697593567,0.344865897246764,0.2847242563747357,0.01135538518483663,-0.008374943797124904,0.0007299681928891188,0.3133994697593567,0.14737600088119507,0.18433557450771332,1.0778173889246259,0.07781738892462586,False,False,30.0
timesfm3,monash_traffic,Traffic,10,L10,block,block_depth,True,10,0.5,0.5,False,False,False,False,False,False,False,False,False,False,False,81984,0.14633773267269135,0.15442205937792555,0.1382559455611267,-0.0015533243387738601,-0.009393099312606535,-0.005615125332056103,0.1463377209849485,0.014431674233823636,0.015770382773768986,0.013198129987811415,0.00017676979037908847,-0.0007935652578805903,-0.00033284887344559207,0.014431674233823636,0.8344784557524433,0.8792660915471996,0.7906148326750456,-0.018727228346181454,-0.06480364643477218,-0.04226121585178888,0.8344784557524433,1.039902009109743,0.08617204951218982,0.32154549048612147,0.35274231037036263,0.2929261262928436,0.004083212848034767,-0.017539979663607957,-0.007416052533875672,0.32154549048612147,0.14657461643218994,0.18127499520778656,1.059922060806581,0.0727090060134652,False,False,30.0
timesfm3,monash_traffic,Traffic,11,L11,block,block_depth,True,11,0.55,0.55,False,False,False,False,False,False,False,False,False,False,False,81984,0.14624395966529846,0.15410859684978845,0.1384253991376751,-0.0011836182741974599,-0.009526692619831625,-0.005521368932064258,0.14624396458495664,0.014419748127992706,0.01574913092633159,0.013179506261940168,0.0002133025951452273,-0.0007939016460714198,-0.00032092276761466233,0.014419748127992706,0.8327858676373451,0.8754097217359249,0.7908383624999726,-0.01612300619123326,-0.0633587977823472,-0.04056862773669068,0.8327858676373451,1.0392356414067103,0.08617204951218982,0.32127977041186917,0.35185119245994806,0.29305189267946496,0.004749819745717155,-0.017467103910240006,-0.007150332459623376,0.32127977041186917,0.13156931102275848,0.18346190452575684,1.0727090060134652,0.0727090060134652,False,False,10.0
timesfm3,monash_traffic,Traffic,12,L12,block,block_depth,True,12,0.6,0.6,True,False,False,False,False,False,False,False,False,True,False,81984,0.1528489738702774,0.16153088224028017,0.14436756107806875,-0.008639680625842415,-0.015549956308677795,-0.01212637548740128,0.15284897114029367,0.01512340351625127,0.016536165192091692,0.013810581453883985,-0.0006043914701624278,-0.001436977147699757,-0.0010245781558732257,0.01512340351625127,0.8699756615926874,0.9179674568798938,0.8234998852965485,-0.05799175710837602,-0.09746273264553143,-0.07775842169203295,0.8699756615926874,1.0861720495121898,0.08617204951218982,0.33695759221445126,0.3703200100375552,0.30661561178775654,-0.01353042903449309,-0.031599132542835855,-0.02282815426220547,0.33695759221445126,0.16035866737365723,0.17407366633415222,1.017815606292326,0.03422976387789256,False,False,45.0
timesfm3,monash_traffic,Traffic,13,L13,block,block_depth,True,13,0.65,0.65,False,False,False,False,False,False,False,False,False,False,False,81984,0.13685674965381622,0.14572211056165682,0.12818076946623339,0.00709317140849948,0.0006478701017882234,0.003865851729198261,0.13685674392369412,0.013534926841447656,0.014914429400262564,0.012293984256701071,0.0009707323466778418,0.00017911117428646246,0.0005638985189303884,0.013534926841447656,0.7766434631588481,0.8250952062382623,0.7294944594807226,0.03385247480676898,-0.0022130500073409636,0.015573776741806267,0.7766434631588481,0.9725284540491659,0.026557818490247742,0.3015654746229662,0.3341672576537471,0.2721276340230577,0.021759544663417587,0.003940497576398096,0.012563963329279615,0.3015654746229662,0.1407848745584488,0.17189590632915497,1.0050821574799678,0.03422976387789256,False,False,30.0
timesfm3,monash_traffic,Traffic,14,L14,block,block_depth,True,14,0.7,0.7,False,False,False,False,False,False,False,False,False,False,False,81984,0.14047591388225555,0.14863370072651114,0.13253978011162795,0.004364968353583834,-0.003589427167592369,0.00024669327353701864,0.14047590237935537,0.0138509554589121,0.015187923110514926,0.012648229228115848,0.000739439795092367,-0.00021132845130134582,0.0002478699014659448,0.0138509554589121,0.7990754093401873,0.8439557747102943,0.7556030310374914,0.016088922456077577,-0.02887655657592507,-0.00685816943953288,0.7990754093401873,0.998246880074462,0.026557818490247742,0.30860676277594384,0.3402163524359483,0.28023059371201486,0.016666649392379978,-0.004617381087935403,0.00552267517630195,0.30860676277594384,0.12496867030858994,0.17688092589378357,1.0342297638778926,0.03422976387789256,False,False,10.0
timesfm3,monash_traffic,Traffic,15,L15,block,block_depth,True,15,0.75,0.75,False,False,False,False,False,False,False,True,True,False,False,81984,0.13374042510986328,0.14296771855207288,0.12488189813368136,0.01016899762916883,0.0037104052455939535,0.006982182088585309,0.13374041356430708,0.01320785559927376,0.014578964520092203,0.011954744790234343,0.0012670703836726483,0.000525286241182639,0.0008909697611042839,0.01320785559927376,0.7601868174087419,0.8101478518419727,0.7117200057428397,0.050121048453640016,0.01358604827632976,0.03203042249191246,0.7601868174087419,0.9503832964393855,0.026557818490247742,0.2942781508319242,0.3278896293837986,0.2643805337483021,0.02850832734219766,0.011693820683456972,0.01985128712032158,0.2942781508319242,0.13328686356544495,0.17031167447566986,0.995819091225206,0.00030747357700677824,False,False,30.0
timesfm3,monash_traffic,Traffic,16,L16,block,block_depth,True,16,0.8,0.8,False,False,False,False,False,False,False,False,False,False,False,81984,0.14445990324020386,0.15340658348224315,0.13577329453386594,-0.00045375721600217166,-0.006989404673240227,-0.0037373152796093823,0.14445991093250177,0.014255294177968449,0.01565222103426558,0.012973975526737761,0.00020989738032299124,-0.0005069254875952261,-0.00015646881759040498,0.014255294177968449,0.8227739737839652,0.8726028961316176,0.7748108284880335,-0.011585672249672182,-0.049686779695749764,-0.030556733883310816,0.8227739737839652,1.0265578184902477,0.026557818490247742,0.3176156476520167,0.35177106105995065,0.2869013833536748,0.004714684102314905,-0.011269006902886316,-0.0034862096997709258,0.3176156476520167,0.1310143768787384,0.16527792811393738,0.966386577318975,0.00030747357700677824,False,False,30.0
timesfm3,monash_traffic,Traffic,17,L17,block,block_depth,True,17,0.85,0.85,False,False,False,False,False,False,False,False,False,False,False,81984,0.13420617580413818,0.14283974198660038,0.12575060163112714,0.009919629602529487,0.003168060848460978,0.006516419479068891,0.1342061761738235,0.013197820727271445,0.014518281428968985,0.011979597972395051,0.0012907629245598145,0.0005248538780875047,0.0009010046331065988,0.013197820727271445,0.7630349313314109,0.8104785881489868,0.7175911557019238,0.048335577856258534,0.010069658311416377,0.02918230856924353,0.7630349313314109,0.9536930038803503,0.0,0.29405456846804384,0.3259658584609568,0.26503990215344064,0.029245006471834013,0.011657967908896526,0.02007486948420195,0.29405456846804384,0.12816758453845978,0.1608923077583313,0.9407436817839288,0.00030747357700677824,False,False,30.0
timesfm3,monash_traffic,Traffic,18,L18,block,block_depth,True,18,0.9,0.9,False,False,False,False,False,False,False,False,False,False,False,81984,0.1300545334815979,0.13910069469582886,0.12107526382417169,0.013459188250455105,0.007994640349829923,0.010668065953459455,0.13005452969943293,0.012854025648913147,0.014239049258608853,0.011579514402735984,0.0015570352621389967,0.0009508896406775299,0.001244799711464897,0.012854025648913147,0.7336967237929184,0.7815468506889972,0.6853345409936861,0.07450847974684192,0.04330957799665011,0.05852051610773601,0.7336967237929184,0.9241906936185735,0.0,0.2863946285812117,0.3193665896949861,0.2565923453391487,0.03526299448295897,0.020817506341229725,0.02773480937103412,0.2863946285812117,0.12493448704481125,0.15344730019569397,0.8972124283451082,0.00030747357700677824,False,False,30.0
timesfm3,monash_traffic,Traffic,19,L19,block,block_depth,True,19,0.95,0.95,False,False,False,False,False,False,False,False,False,False,False,81984,0.13061581552028656,0.14106179565930638,0.1204141233557167,0.011496766645973194,0.008783281744877228,0.010106770080009486,0.1306158255728829,0.013134177329621452,0.014657410996390008,0.011703714844927248,0.0011150617586332802,0.0008185225810130984,0.000964648030756592,0.013134177329621452,0.734616542612496,0.7899258414106259,0.6787666789142607,0.06573535891833361,0.04979352497821191,0.05760069728815842,0.734616542612496,0.9281792638188174,0.0,0.29263655922102194,0.32953885696342267,0.2591931643452918,0.024999211652726207,0.01815211421075633,0.021492878731223852,0.29263655922102194,0.12196186929941177,0.17107930779457092,1.0003074735770068,0.00030747357700677824,False,False,30.0
timesfm3,monash_traffic,Traffic,20,L20,block,block_depth,True,20,1.0,1.0,False,True,True,False,False,False,False,False,False,False,False,81984,0.1407226175069809,0.15146838912690583,0.13010182912632084,0.0,0.0,0.0,0.14072259565289238,0.014098825360378044,0.015684435932566156,0.012620585689684775,0.0,0.0,0.0,0.014098825360378044,0.7922172399006544,0.8509699153565365,0.7343798377231194,0.0,0.0,0.0,0.7922172399006544,1.0,0.0,0.3141294379522458,0.35262650175315496,0.2793668020872334,0.0,0.0,0.0,0.3141294379522458,0.11660077422857285,0.17102672159671783,1.0,0.0,False,False,30.0
tirex,m4_hourly,M4,0,Emb,embedding,block_depth,True,0,0.0,0.0,False,False,False,False,False,False,False,False,False,False,False,16416,0.3077964224205672,0.319418370109478,0.29689995119959567,-0.16951261171466805,-0.18868420149096582,-0.17887060767224497,0.3077964224205672,585.0904918200441,816.6232914980471,381.70277665021086,-193.345913729552,-386.3382470595734,-284.7482245976872,585.0904918200441,5.646867262412237,6.6386956476018275,4.765861078665479,-3.6094136932780967,-5.282850116841586,-4.3995163314850405,5.646867262412237,2.387391718419004,1.3873917184190039,0.11970166052413414,0.13225506678412893,0.11079049208845486,-0.05100279973537467,-0.06888186443913141,-0.05825566436674501,0.11970166052413414,0.2752397358417511,0.34073790287926,3.2631569540855074,2.2631569540855074,False,False,30.0
tirex,m4_hourly,M4,1,L1,block,block_depth,True,1,0.08333333333333333,0.08333333333333333,False,False,False,False,False,False,False,False,False,False,False,16416,0.1946414417039802,0.20826969439917392,0.1812731659786335,-0.05897340953780181,-0.07263818447414133,-0.06571562695565797,0.1946414417039802,436.6291112646524,633.7895897867662,268.9103508220142,-85.49206012183623,-195.17444301846308,-136.2868440422955,436.6291112646524,2.405640691501495,2.7199090611722188,2.1222266772544396,-0.9667975911271665,-1.3695425835775148,-1.1582897605742983,2.405640691501495,1.509716592320493,0.5097165923204929,0.08932845496937421,0.10027549190455924,0.07949502852570636,-0.024734867225130703,-0.0317173791886199,-0.027882458811985075,0.08932845496937421,0.13097664713859558,0.17659124712111385,1.6911677603359747,0.6911677603359747,False,False,0.3
tirex,m4_hourly,M4,2,L2,block,block_depth,True,2,0.16666666666666666,0.16666666666666666,False,False,False,False,False,False,False,False,False,False,False,16416,0.17589966560365589,0.18950195031574718,0.16271102504648327,-0.040808245496831486,-0.05308594271729039,-0.04697385085533365,0.17589966560365589,410.1335241701285,597.4412163975027,249.8691574021239,-63.896720548000886,-163.13293506206503,-109.79125694777161,410.1335241701285,2.0592837037705505,2.3126782229013894,1.8300514373634202,-0.6747928544386047,-0.9608000145256306,-0.8119327728433536,2.0592837037705505,1.3643479077253218,0.37233169102876085,0.08390781351968918,0.0942325672465047,0.07374441272343658,-0.017805452211001358,-0.02669010640010997,-0.022461817362300046,0.08390781351968918,0.11733110249042511,0.16093903127346784,1.541270620750092,0.5412706207500919,False,False,1.0
tirex,m4_hourly,M4,3,L3,block,block_depth,True,3,0.25,0.25,False,False,False,False,False,False,False,False,False,False,False,16416,0.1769289813708258,0.1896853441113023,0.16443307560456222,-0.04184894325009031,-0.054009150512310325,-0.04800316662250356,0.1769289813708258,402.2441624750213,577.2395300797455,251.44497264773776,-65.03634938018617,-143.96207925466913,-101.90189525266442,402.2441624750213,2.1065563383040242,2.362489438883139,1.8763746907444736,-0.7236388885965933,-1.0076687506878896,-0.8592054073768274,2.1065563383040242,1.3723316910287608,0.37233169102876085,0.08229375602160512,0.09253643543102051,0.07326104605097598,-0.016509074719582444,-0.025433898484850545,-0.020847759864215984,0.08229375602160512,0.11947988718748093,0.15866266950282432,1.5194705049451824,0.5194705049451824,False,False,3.0
tirex,m4_hourly,M4,4,L4,block,block_depth,True,4,0.3333333333333333,0.3333333333333333,False,False,False,False,False,False,False,False,False,False,False,16416,0.17322029115077647,0.1869159771108161,0.15962198134120698,-0.03844535959731672,-0.05030398817274378,-0.044294476402454236,0.17322029115077647,428.47084945885473,623.9326337677962,261.249375184567,-75.9866069475739,-187.2608047863331,-128.12858223649783,428.47084945885473,1.8831119764187132,2.100540554626855,1.686803768089738,-0.5295790991690869,-0.7524417119820732,-0.6357610454915164,1.8831119764187132,1.3435656116575416,0.3435656116575416,0.08765938411828787,0.09778637357198368,0.07795952786351233,-0.023081727495374543,-0.029237918572084454,-0.02621338796089874,0.08765938411828787,0.11176453530788422,0.1517258123672418,1.4530380552229842,0.45303805522298424,False,False,10.0
tirex,m4_hourly,M4,5,L5,block,block_depth,True,5,0.4166666666666667,0.4166666666666667,False,False,False,False,False,False,False,False,False,False,False,16416,0.1656912413091605,0.17937433683590692,0.15251764730543238,-0.031861994172026994,-0.041840547688646625,-0.036765426560838255,0.1656912413091605,386.55281116218225,555.7584344775054,238.71782538470066,-49.06343804751797,-128.10898530252743,-86.21054393982536,386.55281116218225,1.8161224500240898,2.003768004576227,1.6440162789572965,-0.48999269066447343,-0.655639283670568,-0.5687715190968929,1.8161224500240898,1.2851673005333224,0.3078643192078465,0.07908351617960802,0.08872018424597988,0.070479390605203,-0.012828181556833596,-0.023091767476051427,-0.017637520022218883,0.07908351617960802,0.09520551562309265,0.14935166499655667,1.4303014725381389,0.4303014725381389,False,False,1.0
tirex,m4_hourly,M4,6,L6,block,block_depth,True,6,0.5,0.5,False,False,False,False,False,False,False,False,False,False,False,16416,0.164992579550461,0.17879764683125185,0.15163805222792823,-0.03129785368023511,-0.04088198283690788,-0.03606676480213877,0.164992579550461,393.81466326415693,568.2457111337726,244.42274730203437,-55.63706062973591,-135.59235776750577,-93.47239604180004,393.81466326415693,1.7275207193393824,1.9081731799573136,1.5634612194216033,-0.4137559272387227,-0.55310936719445,-0.4801697884121856,1.7275207193393824,1.2797482014951402,0.3078643192078465,0.08056919363846236,0.09020472587764548,0.07215772828964294,-0.01514146848913839,-0.023895303605480422,-0.01912319748107323,0.08056919363846236,0.09344059228897095,0.14660946497309754,1.404040146749517,0.40404014674951694,False,False,3.0
tirex,m4_hourly,M4,7,L7,block,block_depth,True,7,0.5833333333333334,0.5833333333333334,False,False,False,False,False,False,False,False,False,False,False,16416,0.1686174729341314,0.1828664895044,0.15468108655941737,-0.034950720958184196,-0.044527780689043166,-0.039691658185809164,0.1686174729341314,416.21862093624713,596.4123878811195,262.25109273913546,-75.90429151303205,-161.89948228465218,-115.87635371389024,416.21862093624713,1.6703392540190107,1.8207107191181016,1.5302516177640908,-0.3761096166806302,-0.47303653660710876,-0.4229883230918139,1.6703392540190107,1.3078643192078465,0.3078643192078465,0.08515274263328426,0.09488448976506494,0.07751338897089875,-0.020702180883040495,-0.027813208883256967,-0.02370674647589513,0.08515274263328426,0.08555169403553009,0.14643079800289552,1.4023291003371468,0.40232910033714675,False,False,1.0
tirex,m4_hourly,M4,8,L8,block,block_depth,True,8,0.6666666666666666,0.6666666666666666,False,False,False,False,False,False,False,False,False,False,False,16416,0.15643038629120543,0.1700876161840012,0.1434102231544222,-0.023173316375117853,-0.03190342038052285,-0.02750457154288319,0.15643038629120543,370.3625614952416,531.2986110037965,233.54771314298318,-46.93601768770537,-96.59941999114356,-70.02029427288471,370.3625614952416,1.6293909974022704,1.8015070650153422,1.4752137179009148,-0.330258687726854,-0.43988553859256235,-0.3820400664750736,1.6293909974022704,1.2133364182850053,0.21333641828500527,0.0757712084314432,0.08565326473346054,0.06784628518922046,-0.011494558113410176,-0.018363165917331756,-0.014325212274054061,0.0757712084314432,0.08772236108779907,0.14148360109738722,1.3549511014440794,0.3549511014440794,False,False,3.0
tirex,m4_hourly,M4,9,L9,block,block_depth,True,9,0.75,0.75,False,False,False,False,False,False,False,False,False,False,False,16416,0.1492521240311952,0.16225503518615797,0.13675681185012842,-0.016889067147929527,-0.023526553989331175,-0.020326309282872962,0.1492521240311952,355.54958884426264,514.5561258052794,218.07122189083972,-34.37939043932588,-79.24181976136214,-55.20732162190575,355.54958884426264,1.615090736336068,1.8089472174978602,1.4438192079733863,-0.30307701930231395,-0.443691789878138,-0.3677398054088712,1.615090736336068,1.1576589554431145,0.15765895544311448,0.07274067307253647,0.08158827818915412,0.06498219498629469,-0.009675138701783688,-0.013295988832850074,-0.011294676915147336,0.07274067307253647,0.08529561012983322,0.13396903841208865,1.2829861181644453,0.2829861181644453,False,False,3.0
tirex,m4_hourly,M4,10,L10,block,block_depth,True,10,0.8333333333333334,0.8333333333333334,False,False,False,False,False,False,False,False,False,False,False,16416,0.14174225939906962,0.1549359204073415,0.12915822384978523,-0.010202295746554735,-0.015530763848201297,-0.012816444650747383,0.14174225939906962,340.8686710945558,499.61135794229125,207.41431194117678,-22.261852992172425,-63.766666366272446,-40.5264038721989,340.8686710945558,1.4257340350943852,1.5811580493306472,1.289801655398886,-0.14401469226993838,-0.21628040145955565,-0.1783831041671884,1.4257340350943852,1.0994094524495852,0.09940945244958521,0.06973715437375944,0.07997360043018173,0.0601875559605193,-0.0059030359916588055,-0.011251582945115187,-0.008291158216370303,0.06973715437375944,0.08344541490077972,0.12080919211517081,1.1569577438755405,0.1569577438755405,False,False,10.0
tirex,m4_hourly,M4,11,L11,block,block_depth,True,11,0.9166666666666666,0.9166666666666666,False,False,False,False,False,False,True,False,False,False,True,16416,0.13458907731474584,0.1473963571191616,0.12221098942380001,-0.0037832785356889348,-0.007515801820470355,-0.005663262566423605,0.13458907731474584,319.344124694316,466.397022422342,193.99205023027102,-8.651179295237805,-32.36908828353568,-19.001857471959113,319.344124694316,1.3713107236776567,1.5097184450339167,1.2433490612462381,-0.09865638300167459,-0.1517339310899954,-0.12395979275045987,1.3713107236776567,1.0439265214455222,0.043926521445522226,0.06533352112017046,0.0743051478251596,0.05676681398556348,-0.0022233126513418276,-0.0057147157353009456,-0.00388752496278133,0.06533352112017046,0.07748669385910034,0.1115177380034828,1.067975940436829,0.06797594043682897,False,False,10.0
tirex,m4_hourly,M4,12,L12,block,block_depth,True,12,1.0,1.0,True,True,False,True,True,True,False,True,True,True,False,16416,0.12892581474832224,0.14205753034378849,0.11635728953192935,0.0,0.0,0.0,0.12892581474832224,300.3422672223569,437.9323550410851,183.17299352190258,0.0,0.0,0.0,300.3422672223569,1.2473509309271968,1.376165431118761,1.130192593753089,0.0,0.0,0.0,1.2473509309271968,1.0,0.0,0.06144599615738913,0.06955229207465444,0.05359918982848609,0.0,0.0,0.0,0.06144599615738913,0.07205379009246826,0.10441971001506761,1.0,0.0,False,False,10.0
tirex,m4_hourly,M4,13,L12+RMS,final_norm,head_input_diagnostic,False,12,,,False,False,True,False,False,False,False,False,False,False,False,16416,0.13724402653209808,0.15019463273120745,0.12501110437251486,-0.006624123322038082,-0.009930379872338298,-0.008318211783775842,0.13724402653209808,312.83363979196145,451.4119454133552,193.3473055953802,-2.6003393561493056,-23.360226237427675,-12.49137256960455,312.83363979196145,1.5777385748973083,1.768976330847507,1.4067155011067556,-0.26321774299668954,-0.4041016293655241,-0.33038764397011144,1.5777385748973083,,,0.06400156330420097,0.07279776338973362,0.056386695802899386,-0.0004805616426858909,-0.004990640891884182,-0.002555567146811835,0.06400156330420097,0.07570604234933853,0.10648394938387716,,,False,False,3.0
tirex,monash_electricity_hourly,Electricity,0,Emb,embedding,block_depth,True,0,0.0,0.0,False,False,False,False,False,False,False,False,False,False,False,16416,0.33440811533964315,0.34598223980203385,0.3233558911460502,-0.13817542753118367,-0.15631785282068922,-0.14725248191420356,0.33440811533964315,459.4870159370441,712.8281309564267,280.1235341653927,-129.18367715364653,-330.0219157043216,-211.55457596219904,459.4870159370441,1.839467327402021,1.9134696902224868,1.7689516509789465,-0.7873434032070493,-0.8876938112805509,-0.8371920045446921,1.839467327402021,1.7867916087755225,0.7867916087755225,0.1885290901762763,0.20302804886341608,0.17547761328301742,-0.07769731006831707,-0.0971462552978215,-0.0868015642345071,0.1885290901762763,0.2980256974697113,0.3616302529819139,2.7324740896499584,1.7324740896499584,False,True,1e-05
tirex,monash_electricity_hourly,Electricity,1,L1,block,block_depth,True,1,0.08333333333333333,0.08333333333333333,False,False,False,False,False,False,False,False,False,False,False,16416,0.24798672706002498,0.26143195329959157,0.2355261668648201,-0.052416154130127374,-0.07010640498136972,-0.06083109363458539,0.24798672706002498,302.82396182085256,451.2004093768985,192.6941717207668,-39.753213156530606,-71.78079705269926,-54.89152184600752,302.82396182085256,1.3027012807041414,1.3612014117291769,1.2505970177263266,-0.26632210964423675,-0.3351190566631815,-0.3004259578468125,1.3027012807041414,1.325029455545722,0.32502945554572205,0.12424970461729656,0.1379539336292299,0.11501652171300121,-0.016103392124737905,-0.03254464971970091,-0.02252217867552736,0.12424970461729656,0.19967426359653473,0.2630292364886699,1.9874459274336402,0.9874459274336402,False,False,10.0
tirex,monash_electricity_hourly,Electricity,2,L2,block,block_depth,True,2,0.16666666666666666,0.16666666666666666,False,False,False,False,False,False,False,False,False,False,False,16416,0.21821306608901678,0.2302366222880553,0.20763182174840955,-0.024324238394166676,-0.038587507085860444,-0.03105743266357719,0.21821306608901678,274.83222716613784,403.9136033189049,175.62330195076217,-3.84860214704392,-47.66249142184467,-26.899787191292802,274.83222716613784,1.1589166111450737,1.216232296165589,1.109198916350642,-0.12534207467528707,-0.19057524381894192,-0.15664128828774482,1.1589166111450737,1.1659444179966405,0.23670108051805294,0.11276460039482564,0.12681734092786714,0.10142364126837713,-0.0012957954935561317,-0.022477939120381783,-0.011037074453056434,0.11276460039482564,0.15366999804973602,0.21478057254589242,1.6228795699545242,0.6389766003766857,False,False,0.1
tirex,monash_electricity_hourly,Electricity,3,L3,block,block_depth,True,3,0.25,0.25,False,False,False,False,False,False,False,False,False,False,False,16416,0.21289370038354669,0.22499098409294285,0.20192963479527534,-0.019533110183187347,-0.03268661344395454,-0.025738066958107098,0.21289370038354669,268.8077301224413,406.972278857605,167.1774439058443,-9.987693647995666,-33.348355419100635,-20.875290147596246,268.8077301224413,1.1210150024538674,1.175308097069384,1.0735350640029004,-0.09277216473975168,-0.14603342762836116,-0.11873967959653853,1.1210150024538674,1.137522266826987,0.23670108051805294,0.11029272870525998,0.12145125887231072,0.10196544939714453,-0.003525892197030785,-0.01508903598053079,-0.008565202763490778,0.11029272870525998,0.15809662640094757,0.19559095231176332,1.4778830171285007,0.6389766003766857,False,False,3.0
tirex,monash_electricity_hourly,Electricity,4,L4,block,block_depth,True,4,0.3333333333333333,0.3333333333333333,False,False,False,False,False,False,False,False,False,False,False,16416,0.20366582496248128,0.2148173307587627,0.19374286408201996,-0.011281465025945698,-0.021827443947887604,-0.016510191537041696,0.20366582496248128,263.44919119134966,394.7952663386556,164.94144293086595,-0.9953007205781542,-28.766091388530857,-15.516751216504616,263.44919119134966,1.0842633740561631,1.1386485156793467,1.0373557319980946,-0.05926361388899719,-0.10572539306685996,-0.08198805119883423,1.0842633740561631,1.0882163749755316,0.23670108051805294,0.10809410190120841,0.11935708411878765,0.09978059607605379,-0.00030394809819753535,-0.013964933847747336,-0.006366575959439208,0.10809410190120841,0.15147170424461365,0.18657876562526207,1.4097870367482737,0.6389766003766857,False,False,3.0
tirex,monash_electricity_hourly,Electricity,5,L5,block,block_depth,True,5,0.4166666666666667,0.4166666666666667,False,False,False,False,False,False,False,False,False,False,False,16416,0.21378138559010193,0.22530917109395485,0.20355147093122128,-0.021317856795801476,-0.032105030002826045,-0.026625752164662342,0.21378138559010193,280.7060038860134,431.19256596772067,172.91090845892603,-19.787838200538097,-47.793714942992786,-32.77356391116834,280.7060038860134,1.1414484472906798,1.1977449058753444,1.0922773950765496,-0.1156187117463814,-0.16299957156329217,-0.13917312443335095,1.1414484472906798,1.1422652990847304,0.23670108051805294,0.11517463102134601,0.12493594614865275,0.10706826899084143,-0.009709145509167166,-0.01891326239767492,-0.013447105079576804,0.11517463102134601,0.15547610819339752,0.19653545416720952,1.4850196624350043,0.6389766003766857,False,False,10.0
tirex,monash_electricity_hourly,Electricity,6,L6,block,block_depth,True,6,0.5,0.5,False,False,False,False,False,False,False,False,False,False,False,16416,0.22517786809165058,0.23758526292437587,0.21452928058774642,-0.032527382475615436,-0.0439211480298172,-0.03802223466621099,0.22517786809165058,292.9463578394396,435.1008449145497,184.6945583522014,-28.025985973398676,-64.7334993994916,-45.01391786459456,292.9463578394396,1.2094343053297507,1.2695245267615596,1.1560967559522755,-0.18041965564986237,-0.23568154972571462,-0.20715898247242182,1.2094343053297507,1.2031583766424994,0.23670108051805294,0.12019689000633377,0.13326366217930874,0.11022948911662148,-0.010242601781704223,-0.027859147211897944,-0.018469364064564564,0.12019689000633377,0.14283791184425354,0.20393119331534582,1.5409017835503052,0.6389766003766857,False,False,3.0
tirex,monash_electricity_hourly,Electricity,7,L7,block,block_depth,True,7,0.5833333333333334,0.5833333333333334,False,False,False,False,False,False,False,False,False,False,False,16416,0.22182687889528638,0.2332910277532371,0.21165740950360099,-0.02961277702382504,-0.03991523290280509,-0.03467124546984679,0.22182687889528638,284.06246658408605,413.34131240979787,182.72319157518817,-5.119926845411622,-65.37613618360541,-36.130026609241014,284.06246658408605,1.1874469688577882,1.2430816444689572,1.1372349920776925,-0.16097724898152335,-0.21082532981868415,-0.18517164600045932,1.1874469688577882,1.1852535498679466,0.23670108051805294,0.11655179911691836,0.13333940065315594,0.10173714457995557,-0.001632641741837505,-0.027175008767428187,-0.014824273175149158,0.11655179911691836,0.13896845281124115,0.21691093974896059,1.6389766003766857,0.6389766003766857,False,False,3.0
tirex,monash_electricity_hourly,Electricity,8,L8,block,block_depth,True,8,0.6666666666666666,0.6666666666666666,False,False,False,False,False,False,False,False,False,False,False,16416,0.23145557408228176,0.24241541464322508,0.2214784239411695,-0.03975357522064721,-0.04872876473325697,-0.044299940656842174,0.23145557408228176,298.40327678221763,434.08934382126785,193.90106626326033,-28.05836066764344,-73.59371605441,-50.47083680737259,298.40327678221763,1.2637333270462927,1.3236431509224516,1.2071817424955131,-0.233966830863073,-0.28846932878090087,-0.2614580041889638,1.2637333270462927,1.236701080518053,0.23670108051805294,0.12243588246480312,0.13946211372760342,0.1092900947891462,-0.008973309419820174,-0.033869574122658605,-0.02070835652303392,0.12243588246480312,0.14306804537773132,0.18655069434005794,1.4095749304356768,0.40957493043567683,False,False,10.0
tirex,monash_electricity_hourly,Electricity,9,L9,block,block_depth,True,9,0.75,0.75,False,False,False,False,False,False,False,False,False,False,False,16416,0.21377648128808,0.22559351611896666,0.20319653351130038,-0.022585592334308017,-0.03057443305124877,-0.026620847862640407,0.21377648128808,271.98552570907754,400.46590050751723,173.12367521949798,0.9760701396574727,-46.62301249076801,-24.053085734232496,271.98552570907754,1.148696304687141,1.2062781451640745,1.097302627453295,-0.12493728051104551,-0.1680135575669823,-0.1464209818298121,1.148696304687141,1.1422390946797005,0.14223909467970053,0.11159658907548817,0.12623521227969942,0.09957769603908953,0.0002905412310912954,-0.01972538246026966,-0.009869063133718964,0.11159658907548817,0.13774877786636353,0.16667397866267283,1.2593866922339623,0.25938669223396227,False,False,10.0
tirex,monash_electricity_hourly,Electricity,10,L10,block,block_depth,True,10,0.8333333333333334,0.8333333333333334,False,False,False,False,False,False,True,False,False,False,True,16416,0.20237082595588596,0.2138053027649929,0.19197604435972357,-0.011740321719322249,-0.018559714883054034,-0.01521519253044637,0.20237082595588596,263.825699293836,404.4051593093237,161.84284365212,-6.026985656235512,-28.081338064731987,-15.893259318990971,263.825699293836,1.0916683723105793,1.148144751829299,1.0391315421521274,-0.07070295173463591,-0.10885492509942775,-0.08939304945325044,1.0916683723105793,1.08129700534239,0.08129700534239004,0.10824858446011378,0.1190534659750978,0.09913717422372759,-0.002361617572395438,-0.011796582884922953,-0.006521058518344572,0.10824858446011378,0.1292017251253128,0.14422153061582843,1.0897362494645007,0.08973624946450065,False,False,10.0
tirex,monash_electricity_hourly,Electricity,11,L11,block,block_depth,True,11,0.9166666666666666,0.9166666666666666,True,False,False,True,True,True,False,True,True,True,False,16416,0.19582654598332544,0.20758360893188313,0.1852884280033239,-0.006275171286760642,-0.010943064490290522,-0.008670912557885851,0.19582654598332544,267.86453006684724,427.6157212766348,158.20899421017913,-5.790149381453933,-41.925837320746766,-19.9320900920022,267.86453006684724,1.053176136798527,1.1099707119933415,1.0025974119313612,-0.03731008551352299,-0.06415340856422375,-0.050900813941198164,1.053176136798527,1.0463299575822826,0.046329957582282644,0.10990573050472821,0.11764687250887368,0.09985577409312542,-0.003297892792238359,-0.01189124531671702,-0.008178204562959007,0.10990573050472821,0.12408818304538727,0.13197985607135387,0.9972382954606991,0.0,False,False,10.0
tirex,monash_electricity_hourly,Electricity,12,L12,block,block_depth,True,12,1.0,1.0,False,True,False,False,False,False,False,False,False,False,False,16416,0.1871556334254396,0.19936757241980035,0.17642171746048763,0.0,0.0,0.0,0.1871556334254396,247.93243997484504,385.8743924192165,150.3593534416301,0.0,0.0,0.0,247.93243997484504,1.002275322857329,1.0583658691072189,0.9514761080768628,0.0,0.0,0.0,1.002275322857329,1.0,0.0,0.1017275259417692,0.10937666084883484,0.09498995110888866,0.0,0.0,0.0,0.1017275259417692,0.12009177356958389,0.13234535483856694,1.0,0.0,False,False,10.0
tirex,monash_electricity_hourly,Electricity,13,L12+RMS,final_norm,head_input_diagnostic,False,12,,,False,False,True,False,False,False,False,False,False,False,False,16416,0.18711566997564022,0.1992383750006272,0.17634289362041264,0.0019395280952871122,-0.00174423933334876,3.996344979936839e-05,0.18711566997564022,253.33373002756412,399.4383101848577,152.46819867542803,6.641362102019102,-21.436184109119363,-5.401290052719077,253.33373002756412,1.0024215153779894,1.0593098191625085,0.9516439685412753,0.012655338236132307,-0.01131240748357355,-0.00014619252066050414,1.0024215153779894,,,0.10394369367686973,0.11135168491509209,0.0959554207384242,0.0028289380504498292,-0.006571108319523795,-0.002216167735100527,0.10394369367686973,0.11740659922361374,0.12648825850053372,,,False,False,10.0
tirex,uber_tlc_hourly,Uber TLC,0,Emb,embedding,block_depth,True,0,0.0,0.0,False,False,False,False,False,False,False,False,False,False,False,16416,0.41101558633034924,0.42709294250483787,0.39504206898935024,-0.0900316845135095,-0.11032967724417912,-0.10006827325026957,0.41101558633034924,8.37318973171962,10.153853973269571,6.766032979520434,-2.594247525508413,-4.009839866810295,-3.2712371498353576,8.37318973171962,1.2050406363754882,1.2624329655651103,1.1500223004087073,-0.280204109385802,-0.3508870426519969,-0.31491419229938933,1.2050406363754882,1.3218174560154456,0.32181745601544565,0.4777873851319486,0.49341508487974833,0.4625926271402374,-0.17695301201806232,-0.19698939133948026,-0.186661940555996,0.4777873851319486,0.3290551006793976,0.3143602962826044,1.282708899610527,0.2827088996105269,False,False,3.0
tirex,uber_tlc_hourly,Uber TLC,1,L1,block,block_depth,True,1,0.08333333333333333,0.08333333333333333,False,False,False,False,False,False,False,False,False,False,False,16416,0.3923701708923087,0.4082387537990505,0.3770566628709123,-0.07313819623175467,-0.09004744796850184,-0.08142285781222902,0.3923701708923087,7.656729461081077,9.311096650135342,6.153241033411224,-1.98917102862413,-3.1662247539183617,-2.5547768791968144,7.656729461081077,1.1399514317335229,1.1935107583674536,1.0888642804373443,-0.22287907804558416,-0.2783747556525423,-0.249824987657424,1.1399514317335229,1.2618541932576848,0.2618541932576848,0.43690503441170336,0.4575658722519377,0.4177189420100114,-0.1339627521082106,-0.15746032898116458,-0.14577958983575073,0.43690503441170336,0.29510390758514404,0.2886404248366829,1.177762096879231,0.17776209687923106,False,False,1.0
tirex,uber_tlc_hourly,Uber TLC,2,L2,block,block_depth,True,2,0.16666666666666666,0.16666666666666666,False,False,False,False,False,False,False,False,False,False,False,16416,0.3856169798816661,0.4009064659515381,0.37030740402930395,-0.06678674341044355,-0.08290804726825246,-0.07466966680158643,0.3856169798816661,7.429149249012438,9.045486524049743,5.976895815884607,-1.802483135489144,-2.901393398091114,-2.3271966671281756,7.429149249012438,1.1185108154968615,1.1707648646730413,1.0683888263444479,-0.20301814017097342,-0.25460558871086236,-0.22838437142076262,1.1185108154968615,1.2401360734136861,0.24954366252483062,0.42391894930961427,0.4449901844339623,0.403895970577529,-0.12075814713183644,-0.14479271043079803,-0.13279350473366164,0.42391894930961427,0.28338974714279175,0.2784185347836891,1.136052919553516,0.13605291955351606,False,False,3.0
tirex,uber_tlc_hourly,Uber TLC,3,L3,block,block_depth,True,3,0.25,0.25,False,False,False,False,False,False,False,False,False,False,False,16416,0.3885422444383379,0.40370209917376343,0.373523841516776,-0.06990878428972347,-0.08545430277452894,-0.07759493135825823,0.3885422444383379,7.432897507629009,9.005351331064851,5.997619983895394,-1.827187713631893,-2.8750370222159014,-2.3309449257447463,7.432897507629009,1.1286860891865937,1.1798902656085377,1.0798699813618915,-0.21446452712390043,-0.2639887029826616,-0.23855964511049488,1.1286860891865937,1.2495436625248306,0.24954366252483062,0.42413283084587344,0.44312724228687095,0.4067238258071976,-0.12262866943202495,-0.14351041585866087,-0.1330073862699208,0.42413283084587344,0.2775563895702362,0.2750082056514407,1.1221374869105734,0.12213748691057336,False,False,3.0
tirex,uber_tlc_hourly,Uber TLC,4,L4,block,block_depth,True,4,0.3333333333333333,0.3333333333333333,False,False,False,False,False,False,False,False,False,False,False,16416,0.38063885090972177,0.39541804203728054,0.3659176033878884,-0.062374202754234775,-0.07719567178833862,-0.0696915378296421,0.38063885090972177,7.346605160001344,8.951149842145588,5.908328587543089,-1.7422382865791775,-2.7930769034086476,-2.2446525781170816,7.346605160001344,1.1093531623756527,1.1615236016535158,1.0594111288916135,-0.1947735296099752,-0.244665045994303,-0.21922671829955387,1.1093531623756527,1.2241265156444499,0.22412651564444985,0.4192088536698001,0.4390927931580279,0.40062294550091054,-0.11753194195579363,-0.138628189081269,-0.12808340909384747,0.4192088536698001,0.2767554223537445,0.2733555511066704,1.1153940313354682,0.11539403133546822,False,False,10.0
tirex,uber_tlc_hourly,Uber TLC,5,L5,block,block_depth,True,5,0.4166666666666667,0.4166666666666667,False,False,False,False,False,False,False,False,False,False,False,16416,0.36276749433338185,0.37653209792897957,0.34921718704308036,-0.04625459804185417,-0.057524816538669366,-0.05182018125330218,0.36276749433338185,6.819817391318842,8.316170708866494,5.483528710412748,-1.3119752912324016,-2.1739432109050205,-1.7178648094345794,6.819817391318842,1.058380465455208,1.1064908326308973,1.0122447598183058,-0.14936979820156676,-0.1882959576738715,-0.16825402137910916,1.058380465455208,1.1666526098585606,0.16665260985856056,0.38914951444751594,0.4078908830668938,0.37137144798694,-0.08791152820193966,-0.10849744516055697,-0.09802406987156331,0.38914951444751594,0.2696551978588104,0.27321022487323704,1.114801045340811,0.11480104534081104,False,False,10.0
tirex,uber_tlc_hourly,Uber TLC,6,L6,block,block_depth,True,6,0.5,0.5,False,False,False,False,False,False,False,False,False,False,False,16416,0.3574619089601604,0.37078398104387383,0.34442310308795854,-0.041480975063119575,-0.05160302972271755,-0.04651459588008072,0.3574619089601604,6.706156735099981,8.168404748432339,5.399636995894446,-1.228610568871138,-2.014335217914836,-1.6042041532157185,6.706156735099981,1.0412302735425658,1.0886985097785455,0.9963864582213353,-0.13393212210793876,-0.16904992518617992,-0.15110382946646694,1.0412302735425658,1.1495899592099115,0.14958995920991147,0.3826638585066899,0.40007844300411727,0.3663081225257763,-0.08319554195724185,-0.09994140297680615,-0.09153841393073725,0.3826638585066899,0.2669587731361389,0.27095649333116206,1.1056049682899303,0.10560496828993027,False,False,10.0
tirex,uber_tlc_hourly,Uber TLC,7,L7,block,block_depth,True,7,0.5833333333333334,0.5833333333333334,False,False,False,False,False,False,True,False,False,False,True,16416,0.33882677572146624,0.3514257680877104,0.326363077277019,-0.0242064434064566,-0.031706350708721555,-0.027879462641386576,0.33882677572146624,6.283245758826941,7.676965979169715,5.044926087107118,-0.8679854157847782,-1.534644632906883,-1.1812931769426784,6.283245758826941,0.9893802963850801,1.0363661106122373,0.9466700112882912,-0.08528821548926671,-0.11467179464114298,-0.0992538523089812,0.9893802963850801,1.0896597637883645,0.08965976378836449,0.3585318925568872,0.37546377003565923,0.34199220867692387,-0.05791447280436876,-0.0769463676962901,-0.06740644798093459,0.3585318925568872,0.26325440406799316,0.26808521694695675,1.0938890747282615,0.09388907472826147,False,False,10.0
tirex,uber_tlc_hourly,Uber TLC,8,L8,block,block_depth,True,8,0.6666666666666666,0.6666666666666666,False,False,False,False,False,False,False,False,False,False,False,16416,0.33557363831303044,0.3480321439107496,0.32326919902080514,-0.021249501439493924,-0.028153759995759767,-0.024626325232950774,0.33557363831303044,6.2318115729130374,7.612180264497832,5.007082091301942,-0.8256527196262465,-1.4633220670874985,-1.129858991028775,6.2318115729130374,0.9783089157009295,1.0239624314194535,0.9355562541203474,-0.07508860900336754,-0.10212395048814384,-0.08818247162483062,0.9783089157009295,1.0791977425018258,0.07919774250182576,0.3555969769534464,0.3715215910191577,0.34040390247815117,-0.05518313744661208,-0.07313771293733132,-0.06447153237749376,0.3555969769534464,0.26027926802635193,0.26247361612342696,1.0709916210659436,0.07099162106594359,False,False,10.0
tirex,uber_tlc_hourly,Uber TLC,9,L9,block,block_depth,True,9,0.75,0.75,False,False,False,False,False,False,False,False,False,False,False,16416,0.32363043399883135,0.3359428921639777,0.3115788138588848,-0.01054085226523342,-0.014957235135379752,-0.012683120918751678,0.32363043399883135,5.671877199064398,6.914273555816639,4.576439149063029,-0.3901202066766496,-0.7747702124477431,-0.5699246171801358,5.671877199064398,0.9379339349272988,0.981882251061597,0.8992864386420037,-0.039408309029788716,-0.05673119480666199,-0.04780749085119995,0.9379339349272988,1.040788649347439,0.04078864934743898,0.3236462402690535,0.3387942166802932,0.3086704048248372,-0.025495680441136457,-0.039827775633219174,-0.032520795693100846,0.3236462402690535,0.2538014054298401,0.2575335037674158,1.0508340943074281,0.050834094307428135,False,False,10.0
tirex,uber_tlc_hourly,Uber TLC,10,L10,block,block_depth,True,10,0.8333333333333334,0.8333333333333334,True,False,False,False,False,True,False,False,False,True,False,16416,0.31565360818769184,0.32772699584864534,0.30350118766588563,-0.003054472934170301,-0.006415271588764676,-0.004706295107612168,0.31565360818769184,5.340241066933032,6.489480156472937,4.321756108649487,-0.13300620600428292,-0.3697899106207122,-0.23828848504876987,5.340241066933032,0.9125800235212315,0.955544650444917,0.8746731229092515,-0.015507576548722984,-0.029799402906712145,-0.0224535794451326,0.9125800235212315,1.015135345795383,0.015135345795382893,0.30472256058864844,0.3188541525644164,0.29094467203915564,-0.008357319489394612,-0.019545579431005603,-0.013597116012695809,0.30472256058864844,0.2491401880979538,0.25053292350800893,1.0222690792359754,0.02226907923597543,False,False,10.0
tirex,uber_tlc_hourly,Uber TLC,11,L11,block,block_depth,True,11,0.9166666666666666,0.9166666666666666,False,False,False,True,True,False,False,True,True,False,False,16416,0.31033468176788503,0.32249517966282215,0.2981285067779929,0.0018594030756502872,-0.0006533822201135617,0.0006126313121946336,0.31033468176788503,5.176622049708105,6.257773201344174,4.206673212933649,-0.0058166436677004945,-0.16170720515559905,-0.07466946782384287,5.176622049708105,0.8889219354488324,0.9294755586120499,0.8539392102419305,0.005864728105325697,-0.0033704647484675996,0.0012045086272665095,0.8889219354488324,0.9980297906223204,0.0,0.2953862019365076,0.30785740759070346,0.28357802766978124,-0.00034839735217513505,-0.009095793136342165,-0.004260757360554979,0.2953862019365076,0.2468544989824295,0.2446904920809369,0.9984297494112815,0.0,False,False,10.0
tirex,uber_tlc_hourly,Uber TLC,12,L12,block,block_depth,True,12,1.0,1.0,False,True,False,False,False,False,False,False,False,False,False,16416,0.31094731308007967,0.3234097411518362,0.2986080477892187,0.0,0.0,0.0,0.31094731308007967,5.101952581884262,6.166971270476921,4.147646618954788,0.0,0.0,0.0,5.101952581884262,0.8901264440760989,0.9304682773286127,0.8542975880844653,0.0,0.0,0.0,0.8901264440760989,1.0,0.0,0.29112544457595263,0.3043961547952338,0.2786156687766744,0.0,0.0,0.0,0.29112544457595263,0.25054967403411865,0.24507532174919397,1.0,0.0,False,False,10.0
tirex,uber_tlc_hourly,Uber TLC,13,L12+RMS,final_norm,head_input_diagnostic,False,12,,,False,False,True,False,False,False,False,False,False,False,False,16416,0.3041837990980681,0.31656925310753997,0.2917487654408426,0.008322733344567058,0.0051659826004436665,0.006763513982011582,0.3041837990980681,5.007495690208215,6.035997731428751,4.078189223459229,0.15946009699683258,0.033462188998870504,0.09445689167604776,5.007495690208215,0.8639914433576372,0.902472858240766,0.8303555310041684,0.0325175919982582,0.019771643196370668,0.026135000718461643,0.8639914433576372,,,0.2857355856658378,0.2974245844466354,0.27453557321316485,0.00880403582736228,0.002002090830357349,0.005389858910114842,0.2857355856658378,0.24841435253620148,0.24110287003475064,,,False,False,30.0
tirex,wind_farms_hourly,Wind Farms,0,Emb,embedding,block_depth,True,0,0.0,0.0,False,False,False,False,False,False,False,False,False,False,False,16416,0.7064455997355226,1.530537613305505,0.28199899287713076,-0.06308507696416173,-0.08966440731190327,-0.07662725639849444,0.7064455997355226,21.244551901874864,25.194525939788022,17.458600214036178,-4.94680328535266,-8.663286882590572,-6.7062279383471655,21.244551901874864,5.0347968006551564,12.01517685701959,1.4766471153616927,-0.41409531594403737,-0.6182075986451041,-0.5153456268961127,5.0347968006551564,1.1216656472602762,0.12166564726027618,0.29151859643382916,0.36301024787027486,0.23814010073241795,-0.06765906304378132,-0.12157025221298204,-0.0920231297408427,0.29151859643382916,12.12675666809082,0.27440713289129826,1.1581755205442426,0.15817552054424255,False,False,30.0
tirex,wind_farms_hourly,Wind Farms,1,L1,block,block_depth,True,1,0.08333333333333333,0.08333333333333333,False,False,False,False,False,False,True,False,False,False,False,16416,0.6629069071860259,1.484736647657723,0.23911444490228048,-0.019810709025700157,-0.044923294764118736,-0.03308856384899772,0.6629069071860259,17.69447761218931,21.484806241655633,14.350962228147113,-2.1875681549577517,-4.1733561343983006,-3.1561536486616113,17.69447761218931,4.732927262415558,11.696191007640945,1.1961762114157635,-0.14518136324623532,-0.2770754284419158,-0.21347608865651413,4.732927262415558,1.0525366785503283,0.052536678550328286,0.24280433411636307,0.3066734557972482,0.19551570564791582,-0.030784845471189988,-0.05794838836331994,-0.04330886742337661,0.24280433411636307,12.087235450744629,0.25008746009064087,1.0555307772804998,0.1027799244957921,False,False,3.0
tirex,wind_farms_hourly,Wind Farms,2,L2,block,block_depth,True,2,0.16666666666666666,0.16666666666666666,False,False,False,True,True,True,False,False,False,False,False,16416,0.6526711485952935,1.4737783885097044,0.22916927766801348,-0.010998000342484195,-0.033467250917807126,-0.022852805258265385,0.6526711485952935,16.805282305206134,20.368701852315276,13.59407495246207,-1.400416199271981,-3.1812176868170066,-2.2669583416784356,16.805282305206134,4.664362594360149,11.619920879951694,1.134142843340334,-0.07818431175495846,-0.20587269385929058,-0.1449114206011055,4.664362594360149,1.0362847565492965,0.04882284062544939,0.2306027603178398,0.29281815176861137,0.18469335140552828,-0.019890614955122957,-0.044574528877373856,-0.031107293624853344,0.2306027603178398,12.078252792358398,0.23853186136893645,1.0067586793262824,0.1027799244957921,False,False,10.0
tirex,wind_farms_hourly,Wind Farms,3,L3,block,block_depth,True,3,0.25,0.25,False,False,False,False,False,False,False,False,False,False,False,16416,0.6480717768835771,1.4696930576410883,0.22444452713421398,-0.007617241829519894,-0.027933115498624865,-0.01825343354654896,0.6480717768835771,16.292247243680254,19.741653829285877,13.205901600067923,-0.9584439905080032,-2.5955533953528627,-1.7539232801525557,16.292247243680254,4.64575808647197,11.605661179763883,1.1143908868594854,-0.06568090294113021,-0.1819097799858451,-0.12630691271292616,4.64575808647197,1.0289820608428695,0.04882284062544939,0.22356287255046506,0.2835498281287025,0.1791498357157943,-0.013491895757027056,-0.03615087376838843,-0.024067405857478602,0.22356287255046506,12.074997901916504,0.23845540949690888,1.0064360029958634,0.1027799244957921,False,False,10.0
tirex,wind_farms_hourly,Wind Farms,4,L4,block,block_depth,True,4,0.3333333333333333,0.3333333333333333,False,False,False,False,False,False,False,False,False,False,False,16416,0.64529010512731,1.4665975666512516,0.22209459805562523,-0.004478161155516351,-0.025372630511837087,-0.015471761790281868,0.64529010512731,16.382284046138786,19.884757130920235,13.229049614968009,-1.0064563528390147,-2.7340700265801936,-1.843960082611087,16.382284046138786,4.638324093643031,11.589476780452896,1.1110782801621422,-0.05590551355528095,-0.1752139963552074,-0.1188729198839873,4.638324093643031,1.024565435341731,0.04882284062544939,0.22479836117838872,0.2848708706907944,0.18073334532542337,-0.014404620665933893,-0.038065599609353906,-0.025302894485402266,0.22479836117838872,12.069878578186035,0.24065442870989556,1.0157172858650538,0.1027799244957921,False,False,10.0
tirex,wind_farms_hourly,Wind Farms,5,L5,block,block_depth,True,5,0.4166666666666667,0.4166666666666667,False,False,False,False,False,False,False,False,False,False,False,16416,0.6493795365379512,1.4708606365282542,0.22577985048290514,-0.008400779623779985,-0.029861944664770917,-0.019561193200923088,0.6493795365379512,16.635242479069973,20.136944116312648,13.459693200226091,-1.2423639882756001,-3.0824594722163217,-2.0969185155422743,16.635242479069973,4.669381511858005,11.626553836156486,1.1357000326234528,-0.0893713349594708,-0.20655808080744598,-0.1499303380989616,4.669381511858005,1.0310584685375788,0.04882284062544939,0.22826946697835113,0.28982302708555946,0.18362610673787977,-0.01734354925592603,-0.04305685828269186,-0.02877400028536467,0.22826946697835113,12.060234069824219,0.24378766811218197,1.0289415819593186,0.1027799244957921,False,False,3.0
tirex,wind_farms_hourly,Wind Farms,6,L6,block,block_depth,True,6,0.5,0.5,False,False,False,False,False,False,False,False,False,False,False,16416,0.6549893692846744,1.477493410237055,0.231504397815847,-0.01581543675039089,-0.033992658904664734,-0.02517102594764631,0.6549893692846744,17.0297042154106,20.6612442285742,13.782394006402441,-1.4295422054667355,-3.6849258170164125,-2.4913802518829016,17.0297042154106,4.6983089451783755,11.660010174705135,1.1639132488083097,-0.12296636668235349,-0.23101007409960012,-0.1788577714193318,4.6983089451783755,1.0399655332588127,0.04882284062544939,0.2336822868041589,0.29521041126397857,0.18767544409453973,-0.019956319871146516,-0.05130232563846802,-0.03418682011117244,0.2336822868041589,12.069684982299805,0.25380465279525244,1.071219733869439,0.1027799244957921,False,False,10.0
tirex,wind_farms_hourly,Wind Farms,7,L7,block,block_depth,True,7,0.5833333333333334,0.5833333333333334,False,False,False,False,False,False,False,False,False,False,False,16416,0.658663063551804,1.480602021843465,0.23554469354962576,-0.019921598292332778,-0.03730170275688964,-0.02884472021477591,0.658663063551804,16.91477758710543,20.384798486489483,13.773978017126295,-1.485852563628446,-3.3259745333047164,-2.3764536235777314,16.91477758710543,4.72861720326265,11.693614195839242,1.1944205020794931,-0.154283970942449,-0.26293087471817317,-0.2091660295036064,4.72861720326265,1.0457984758937713,0.04882284062544939,0.23210525898398454,0.2932125394788286,0.1866765568906269,-0.020928033956045564,-0.04661952481489884,-0.032609792290998085,0.23210525898398454,12.067669868469238,0.26128222529584444,1.102779924495792,0.1027799244957921,False,False,10.0
tirex,wind_farms_hourly,Wind Farms,8,L8,block,block_depth,True,8,0.6666666666666666,0.6666666666666666,False,False,False,False,False,False,False,False,False,False,True,16416,0.6605678639367564,1.4825434517822733,0.2372740075607137,-0.022963174612915412,-0.038151109082986884,-0.03074952059972824,0.6605678639367564,16.979807406460726,20.409826930459186,13.936626620688516,-1.6513354894871235,-3.3011395424995857,-2.441483442933027,16.979807406460726,4.730213113623193,11.68832224134778,1.196147249743165,-0.16491140795791417,-0.2553512368514007,-0.21076193986414893,4.730213113623193,1.0488228406254494,0.04882284062544939,0.23299760078306614,0.29475725476513903,0.18783487950500483,-0.02273860605805429,-0.04689660082326338,-0.03350213409007968,0.23299760078306614,12.056900978088379,0.25394549835046737,1.0718141931770693,0.07352614195390439,False,False,10.0
tirex,wind_farms_hourly,Wind Farms,9,L9,block,block_depth,True,9,0.75,0.75,False,False,False,False,False,False,False,False,False,False,False,16416,0.6498257470537574,1.471583162252578,0.22647843646749372,-0.013266675396847304,-0.026296105429988607,-0.020007403716729266,0.6498257470537574,16.65410060757957,20.14322202193352,13.533276192604687,-1.3585697639592524,-3.0020971449942637,-2.11577664405187,16.65410060757957,4.666043379885228,11.62339958126964,1.134567152988544,-0.10327925647095368,-0.1886320315763969,-0.14659220612618462,4.666043379885228,1.0317669434820238,0.0317669434820238,0.22852823897692653,0.288456580073683,0.18391947562746164,-0.019026434736774813,-0.041240790973020816,-0.029032772283940078,0.22852823897692653,12.040178298950195,0.25435111127111293,1.0735261419539044,0.07352614195390439,False,False,10.0
tirex,wind_farms_hourly,Wind Farms,10,L10,block,block_depth,True,10,0.8333333333333334,0.8333333333333334,False,False,False,False,False,False,False,False,False,False,False,16416,0.6433935724554285,1.4647693983590202,0.21965091050627378,-0.007708670431214832,-0.018885181744526074,-0.013575229118400367,0.6433935724554285,16.044685149469355,19.45076602806512,12.998087388999268,-0.9154085049558476,-2.17312610156185,-1.5063611859416568,16.044685149469355,4.6212175260796755,11.577241332838653,1.086910794473496,-0.06449327761554555,-0.1371354522109105,-0.1017663523206318,4.6212175260796755,1.0215541977492644,0.02155419774926437,0.2201658155276614,0.27945892294256863,0.17528257707215117,-0.01267374720478421,-0.030469358972914258,-0.020670348834674945,0.2201658155276614,12.022782325744629,0.2514718093034875,1.0613736260188336,0.06137362601883356,False,False,10.0
tirex,wind_farms_hourly,Wind Farms,11,L11,block,block_depth,True,11,0.9166666666666666,0.9166666666666666,True,False,False,False,False,False,False,True,True,True,False,16416,0.6331813914544937,1.4545442851761512,0.20909516407383025,0.0009066140106772389,-0.007190486267902207,-0.0033630481174655724,0.6331813914544937,14.89407347705103,18.047727563146253,12.075542045640667,0.046479317270498005,-0.7866636677296799,-0.35574951352333173,14.89407347705103,4.545649327878858,11.498263335199947,1.01188956562139,0.0009509717805978853,-0.05061559414767557,-0.02619815411981463,4.545649327878858,1.0053397112882532,0.005339711288253168,0.2043770758388676,0.2606634645462916,0.16188118734984075,0.000620958964967797,-0.011193745747742168,-0.0048816091458811495,0.2043770758388676,12.007448196411133,0.23852534241661544,1.006731165132616,0.006731165132616068,False,False,10.0
tirex,wind_farms_hourly,Wind Farms,12,L12,block,block_depth,True,12,1.0,1.0,False,True,False,False,False,False,False,False,False,False,False,16416,0.6298183433370281,1.4521275570854286,0.20463181275959688,0.0,0.0,0.0,0.6298183433370281,14.538323963527699,17.713030451344498,11.71976001986315,0.0,0.0,0.0,14.538323963527699,4.519451173759044,11.486338922496904,0.9795888049411084,0.0,0.0,0.0,4.519451173759044,1.0,0.0,0.19949546669298646,0.2548563215226765,0.15721380436167917,0.0,0.0,0.0,0.19949546669298646,12.008424758911133,0.23693052393505137,1.0,0.0,False,False,10.0
tirex,wind_farms_hourly,Wind Farms,13,L12+RMS,final_norm,head_input_diagnostic,False,12,,,False,False,True,False,False,False,False,False,False,False,False,16416,0.6207731328584709,1.443383534394208,0.19482242264696006,0.011440443153002551,0.006635044280880395,0.00904521047855722,0.6207731328584709,13.938057891763567,17.127793694504888,11.13470738399147,0.8865710065049807,0.344906308636285,0.6002660717641319,13.938057891763567,4.449152925354436,11.415203929464868,0.9044607031587174,0.08805174053306022,0.05247170675758312,0.0702982484046073,4.449152925354436,,,0.19125859149148666,0.2461491195249457,0.14950880291705881,0.012642294324994415,0.004703408139773811,0.008236875201499794,0.19125859149148666,11.987899780273438,0.22960098923845146,,,False,False,10.0
tirex,sg_carpark,SG Carpark,0,Emb,embedding,block_depth,True,0,0.0,0.0,False,False,False,False,False,False,False,False,False,False,False,16416,0.3067346266391924,0.3215626935264106,0.29342817722761866,-0.15139079513107193,-0.17068563351791755,-0.16134876664201755,0.3067346266391924,23.971054783997495,26.056144380237754,22.028485133861082,-11.285912244976684,-14.155898288527148,-12.728819308622478,23.971054783997495,1.5906552693136387,1.674416715826646,1.510886850136315,-0.8014440941160073,-0.9317205372877628,-0.868247282806227,1.5906552693136387,2.109796830621306,1.1097968306213062,0.09373046627941684,0.1027649717752836,0.08563684588276504,-0.04411015293657333,-0.05578355286011867,-0.04977161746674993,0.09373046627941684,0.3060142397880554,0.3463093096884967,2.2412358999320006,1.2412358999320006,False,False,3.0
tirex,sg_carpark,SG Carpark,1,L1,block,block_depth,True,1,0.08333333333333333,0.08333333333333333,False,False,False,False,False,False,False,False,False,False,False,16416,0.16879129719178557,0.18637830842954586,0.1533960430196218,-0.01850768576828647,-0.028230244159635345,-0.023405437194610745,0.16879129719178557,12.834864756968186,14.726473487150137,11.181843687813961,-0.9825497728458679,-2.187439506790727,-1.5926292815931689,12.834864756968186,0.8359653516592824,0.9279264021853144,0.7558678567476966,-0.08450248388067401,-0.14120544302550064,-0.11355736515187076,0.8359653516592824,1.1609884014515963,0.16098840145159632,0.05018627128193742,0.05836580956645517,0.043307153764145415,-0.003861089564238648,-0.008648751692115215,-0.006227422469270515,0.05018627128193742,0.1865922212600708,0.23635990669329962,1.5296681127691822,0.5296681127691822,False,False,0.3
tirex,sg_carpark,SG Carpark,2,L2,block,block_depth,True,2,0.16666666666666666,0.16666666666666666,False,False,False,False,False,False,False,False,False,False,False,16416,0.16522312974609898,0.18204301339021678,0.1501849626454046,-0.01542744491233536,-0.024009990273043517,-0.019837269748924163,0.16522312974609898,12.548679368531714,14.367670858041043,10.957098471397483,-0.7067336623931569,-1.880879285142328,-1.3064438931566968,12.548679368531714,0.8247801022414104,0.9173137586335939,0.7446318193500806,-0.07763949102235011,-0.12633614989774183,-0.10237211573399874,0.8247801022414104,1.1364456608731388,0.1364456608731388,0.04906724293119443,0.05689884444465299,0.04240236571698214,-0.002753392476221597,-0.007419621746403395,-0.005108394118527523,0.04906724293119443,0.16858874261379242,0.21406641970835838,1.3853896831472343,0.3853896831472343,False,False,1.0
tirex,sg_carpark,SG Carpark,3,L3,block,block_depth,True,3,0.25,0.25,False,False,False,False,False,False,False,False,False,False,False,16416,0.1636908324277502,0.1799409453546639,0.14938884037178493,-0.013255881932222073,-0.02305520744389185,-0.018304972430575384,0.1636908324277502,12.52763280614302,14.320540240147265,10.982047056575615,-0.5725530965155474,-1.9737876266117587,-1.2853973307680029,12.52763280614302,0.8150103499093723,0.9034271503837443,0.7390817804506598,-0.05940214172795926,-0.1222942949830185,-0.0926023634019606,0.8150103499093723,1.1259061399157462,0.12590613991574617,0.04898494767451728,0.056702790491609985,0.04243710275650458,-0.0022359627835009527,-0.00777274709603975,-0.0050260988618503755,0.04898494767451728,0.17760160565376282,0.20901472094116239,1.3526962258362945,0.35269622583629445,False,False,10.0
tirex,sg_carpark,SG Carpark,4,L4,block,block_depth,True,4,0.3333333333333333,0.3333333333333333,False,False,False,False,False,False,False,False,False,False,False,16416,0.16342643667328155,0.17932421340854401,0.14934852084481698,-0.013000788357329835,-0.022917720890146195,-0.01804057667610673,0.16342643667328155,12.458278566978779,14.237014304956421,10.900853736547258,-0.5011843097686242,-1.941206357365158,-1.216043091603762,12.458278566978779,0.8130595876286814,0.8992110675109786,0.7386429817854041,-0.05779728272676691,-0.12082052672070029,-0.09065160112126969,0.8130595876286814,1.1240875603477347,0.12408756034773472,0.04871376206195683,0.056402575105952396,0.0421909324552489,-0.001944094104948657,-0.00765946045155636,-0.0047549132492899215,0.04871376206195683,0.1663491129875183,0.2083130096858841,1.3481549085435809,0.3519167790019806,False,False,10.0
tirex,sg_carpark,SG Carpark,5,L5,block,block_depth,True,5,0.4166666666666667,0.4166666666666667,False,False,False,False,False,False,False,False,False,False,False,16416,0.1619993829626148,0.17801916033797766,0.14778836332603573,-0.012203705995896125,-0.020830501311874337,-0.01661352296543997,0.1619993829626148,12.373810405872703,14.127224083631406,10.798213116130858,-0.5069380139360435,-1.7298246170724765,-1.1315749304976865,12.373810405872703,0.8044773207769109,0.8939312512406927,0.7286954103595873,-0.05719162419586707,-0.1054892729394693,-0.08206933426949925,0.8044773207769109,1.1142719310238478,0.1142719310238478,0.04838347871825004,0.05594585563523481,0.04179401185270412,-0.0019896905521515954,-0.006791254932988309,-0.004424629905583136,0.04838347871825004,0.14791375398635864,0.20889428306349928,1.3519167790019806,0.3519167790019806,False,False,3.0
tirex,sg_carpark,SG Carpark,6,L6,block,block_depth,True,6,0.5,0.5,False,False,False,False,False,False,False,False,False,False,False,16416,0.1579663327837226,0.17457636754307368,0.14281901028112504,-0.007799119233958812,-0.017104360457288786,-0.01258047278654778,0.1579663327837226,11.91270767076632,13.71675530921302,10.351068615961818,0.033799324510845045,-1.3434981861545185,-0.6704721953913033,11.91270767076632,0.7853287180524543,0.8774078913081859,0.7056260606831768,-0.03453477373712335,-0.08962782546246319,-0.06292073154504263,0.7853287180524543,1.0865316117178951,0.08740923252094168,0.046580496965728746,0.054451891075813545,0.03996116219794076,0.00013143586334790367,-0.005261013197532219,-0.0026216481530618382,0.046580496965728746,0.15048980712890625,0.206313352863499,1.335213579701152,0.33521357970115195,False,False,10.0
tirex,sg_carpark,SG Carpark,7,L7,block,block_depth,True,7,0.5833333333333334,0.5833333333333334,False,False,False,False,False,False,False,False,False,False,False,16416,0.15809392643892495,0.17487357668499698,0.1429658896234518,-0.007812806724249739,-0.017292546509044236,-0.012708066441750127,0.15809392643892495,11.777874635783823,13.53085070919709,10.264655427726534,0.15527390256510587,-1.146138661466126,-0.535639160408806,11.777874635783823,0.7801147165393864,0.8691131942506625,0.7033536253451517,-0.027593417729219295,-0.08454957964530016,-0.057706730031974685,0.7801147165393864,1.0874092325209417,0.08740923252094168,0.04605327931291126,0.053596085226224784,0.03969287299616756,0.0006155685118824643,-0.004525655205198185,-0.002094430500244354,0.04605327931291126,0.14593598246574402,0.20434899727082523,1.3225007124712969,0.32250071247129686,False,False,10.0
tirex,sg_carpark,SG Carpark,8,L8,block,block_depth,True,8,0.6666666666666666,0.6666666666666666,False,False,False,False,False,False,False,False,False,False,False,16416,0.15498530294346272,0.17179373591601593,0.1401065160115223,-0.005379249419396123,-0.013607729788564437,-0.009599442946287895,0.15498530294346272,11.600664007845305,13.369098718520645,10.07264850777637,0.2603850159056508,-0.9097312652689216,-0.3584285324702883,11.600664007845305,0.7647875680017076,0.8545450997822732,0.6872320828005096,-0.016784679486582146,-0.06514992969377431,-0.04237958149429588,0.7647875680017076,1.0660273491966443,0.06602734919664432,0.04536035883293998,0.052972524602545604,0.03893390688874275,0.0010227567510160656,-0.00353854485347825,-0.0014015100202730696,0.04536035883293998,0.14368383586406708,0.19830726139710447,1.283399957858982,0.2833999578589821,False,False,10.0
tirex,sg_carpark,SG Carpark,9,L9,block,block_depth,True,9,0.75,0.75,False,False,False,False,False,False,False,False,False,False,False,16416,0.15096721604550625,0.16745799665765487,0.13640407459694617,-0.002223713720732987,-0.008829710163744307,-0.005581356048331432,0.15096721604550625,11.413881634642108,13.193309720914657,9.883612661845094,0.2926161775594022,-0.5779851274579114,-0.17164615926709104,11.413881634642108,0.7481344961147159,0.8392053403283075,0.6697639445176401,-0.006339085197088454,-0.04353470948693511,-0.02572650960730427,0.7481344961147159,1.0383899510477834,0.03838995104778342,0.04463001137468799,0.05217786791275781,0.03822661802395639,0.0011573676743576922,-0.002273772665964277,-0.0006711625620210854,0.04463001137468799,0.1412079632282257,0.18095117590605875,1.1710752793228778,0.1710752793228778,False,False,10.0
tirex,sg_carpark,SG Carpark,10,L10,block,block_depth,True,10,0.8333333333333334,0.8333333333333334,False,False,False,False,False,False,True,False,False,False,True,16416,0.14752486278697596,0.16408852481830466,0.13292147284689343,0.0008077482245652051,-0.004893694222920542,-0.002139002789801142,0.14752486278697596,11.036687021204003,12.788546105456431,9.510861722093393,0.7077246789291408,-0.2019087541431125,0.20554845417101397,11.036687021204003,0.7315008429703129,0.8225457282783143,0.6525720655526346,0.007447976959835863,-0.024133214049763207,-0.009092856462901255,0.7315008429703129,1.0147125916498532,0.014712591649853168,0.04315512312658137,0.0505603312733883,0.036858973127806345,0.0027558084583348018,-0.0007749320658187792,0.0008037256860855407,0.04315512312658137,0.13695508241653442,0.16645301880556984,1.077246470026074,0.07724647002607399,False,False,10.0
tirex,sg_carpark,SG Carpark,11,L11,block,block_depth,True,11,0.9166666666666666,0.9166666666666666,True,False,False,False,False,True,False,False,False,True,False,16416,0.14360321535186915,0.1601383014792566,0.1292706192292189,0.0039639844801171885,-0.0003303881905615161,0.00178264464530567,0.14360321535186915,10.964239814454016,12.767548040651025,9.355821256316027,0.5167786194171323,0.07056708849367874,0.27799566092100036,10.964239814454016,0.7118036229916963,0.804181806575056,0.6325505203598164,0.023316614606198115,-0.0006388938350811861,0.010604363515715365,0.7118036229916963,0.9877385280429588,0.0,0.04287184354082652,0.050579321097762614,0.03621884652381443,0.002033995465640984,0.0002726510272213335,0.0010870052718403855,0.04287184354082652,0.13414688408374786,0.15860996964666466,1.0264880212980243,0.0264880212980243,False,False,10.0
tirex,sg_carpark,SG Carpark,12,L12,block,block_depth,True,12,1.0,1.0,False,True,False,True,True,False,False,True,True,False,False,16416,0.14538585999717482,0.16248165469348305,0.13007280112975567,0.0,0.0,0.0,0.14538585999717482,11.242235475375017,13.216061258889495,9.51648390389962,0.0,0.0,0.0,11.242235475375017,0.7224079865074117,0.8222831404466182,0.6380783161378139,0.0,0.0,0.0,0.7224079865074117,1.0,0.0,0.04395884881266691,0.05211139041375252,0.03686782005574845,0.0,0.0,0.0,0.04395884881266691,0.13198471069335938,0.1545171169616745,1.0,0.0,False,False,10.0
tirex,sg_carpark,SG Carpark,13,L12+RMS,final_norm,head_input_diagnostic,False,12,,,False,False,True,False,False,False,False,False,False,False,False,16416,0.1397912427572544,0.1560777227228539,0.1252644867554707,0.007837970936565679,0.003524148421846125,0.005594617239920413,0.1397912427572544,10.670808653696882,12.469711569406533,9.083340180764045,0.8296209903218238,0.353292874988573,0.5714268216781342,10.670808653696882,0.691719561680753,0.7850180467621757,0.6128924566703922,0.04473589952780522,0.018934556331084627,0.030688424826658678,0.691719561680753,,,0.04172448311941372,0.049340819065028546,0.03518495224737041,0.003268112961790498,0.0013799415364791235,0.002234365693253186,0.04172448311941372,0.12989844381809235,0.15057891430491108,,,False,False,10.0
tirex,coastal_ts,Coastal T-S,0,Emb,embedding,block_depth,True,0,0.0,0.0,False,False,False,False,False,False,False,False,False,False,False,16416,0.4711358460287253,0.5403828316523382,0.40999949077765147,-0.05168229634097464,-0.15424804151989524,-0.09909391294543946,0.4711358460287253,0.4298221888472588,0.5405095678708876,0.3357876498873285,-0.06630532156555909,-0.16130804744599234,-0.10868017118705281,0.4298221888472588,1.8079075136025675,2.2784407784783114,1.3918726378790496,-0.2595951300156413,-0.8574078791642687,-0.5343049072029658,1.8079075136025675,1.2663514623854406,0.2663514623854406,0.015189863590666155,0.019270904798766336,0.011776648691947335,-0.0023394352135991015,-0.005784386903270588,-0.003840743959191503,0.015189863590666155,0.44227221608161926,0.4735354433457057,1.2624563980407022,0.2624563980407022,False,False,65.0
tirex,coastal_ts,Coastal T-S,1,L1,block,block_depth,True,1,0.08333333333333333,0.08333333333333333,True,False,False,True,True,True,True,False,False,True,True,16416,0.36580040693903965,0.42618459459238994,0.3110671503896204,0.04100013086184234,-0.025002763633771453,0.006241526144246223,0.36580040693903965,0.34287648573599144,0.4546754271417228,0.24904352944743086,0.009225493559874709,-0.05409841354438898,-0.02173446807578544,0.34287648573599144,1.2223645041102742,1.419971384207367,1.048744179977214,0.2274453281714642,-0.09448898804392546,0.05123810228932757,1.2223645041102742,0.9832235950057571,0.009740458543222141,0.012117213075352648,0.016202536378652384,0.008764394556851874,0.00032952441026498424,-0.0019111561401395608,-0.0007680934438779961,0.012117213075352648,0.30700498819351196,0.3755366901556651,1.0011894650089188,0.025544189009417684,False,False,1.0
tirex,coastal_ts,Coastal T-S,2,L2,block,block_depth,True,2,0.16666666666666666,0.16666666666666666,False,False,False,False,False,False,False,False,False,False,False,16416,0.3548467089422047,0.4105160858016461,0.3028127288018974,0.05003725648081554,-0.011508050157378153,0.017195224141081156,0.3548467089422047,0.3241785728205607,0.42826894847459807,0.23726076486743228,0.023948994642302913,-0.027833321482036467,-0.0030365551603546703,0.3241785728205607,1.1818101357176667,1.3753364118674727,1.016331676727269,0.27018168881596205,-0.04431324896693939,0.09179247068193508,1.1818101357176667,0.9537814890956612,0.009740458543222141,0.011456431119499557,0.015170182194002513,0.0083452571090229,0.0008510298887841845,-0.0009851912725616315,-0.00010731148802490577,0.011456431119499557,0.32559800148010254,0.376939815779527,1.0049302302377763,0.025544189009417684,False,False,30.0
tirex,coastal_ts,Coastal T-S,3,L3,block,block_depth,True,3,0.25,0.25,False,False,False,False,False,False,False,False,False,False,False,16416,0.3685470347603162,0.42122366173813736,0.3188084870809689,0.02934270707191893,-0.022184127433380697,0.003494898322969675,0.3685470347603162,0.3339735603358953,0.43810654561363144,0.24775156413595054,0.007770970977591479,-0.03424022307399413,-0.012831542675689311,0.3339735603358953,1.2563554148473492,1.487622969712496,1.0635693529536472,0.14340876518039064,-0.10278975545131601,0.017247191552252517,1.2563554148473492,0.9906061709388353,0.009740458543222141,0.01180258478045698,0.015497644732840645,0.008718945884138983,0.00027186369028383634,-0.001223169282620492,-0.00045346514898232833,0.01180258478045698,0.3366677761077881,0.3846719165643056,1.0255441890094177,0.025544189009417684,False,False,45.0
tirex,coastal_ts,Coastal T-S,4,L4,block,block_depth,True,4,0.3333333333333333,0.3333333333333333,False,False,False,False,False,False,False,False,True,False,False,16416,0.35810611583292484,0.41205406869218375,0.30676661696440227,0.04342251382380104,-0.012537129549309611,0.013935817250361027,0.35810611583292484,0.3276900047770464,0.4338425959938442,0.23950075656897782,0.018915665619389815,-0.0348453416959641,-0.006547987116840404,0.3276900047770464,1.2013915943912903,1.4231173334157663,1.0169007509063037,0.22468654824713022,-0.05336831442844742,0.07221101200831148,1.2013915943912903,0.962542348022793,0.009740458543222141,0.011580524695426784,0.015372140768378308,0.008420355259791288,0.0006617678500085863,-0.0012436678289101258,-0.00023140506395213228,0.011580524695426784,0.32312700152397156,0.3760111505786578,1.0024543874240017,0.010210681528244336,False,False,30.0
tirex,coastal_ts,Coastal T-S,5,L5,block,block_depth,True,5,0.4166666666666667,0.4166666666666667,False,False,False,False,False,False,False,False,False,False,False,16416,0.3585676499642432,0.40852779827546326,0.310393102451538,0.039439043332822624,-0.012133408407680672,0.013474283119042696,0.3585676499642432,0.32327304800631274,0.41939503558810765,0.2415042257229283,0.02043253799394066,-0.02816300443745983,-0.0021310303461067326,0.32327304800631274,1.21111913563475,1.4244160579749696,1.03221120222742,0.19817217427384168,-0.05987168445865185,0.062483470764851834,1.21111913563475,0.9637828913333102,0.009740458543222141,0.011424429983301171,0.014914958861397529,0.008477340306035195,0.0007188122296204772,-0.0010024954500395165,-7.531035182651961e-05,0.011424429983301171,0.3250748813152313,0.37549280856425565,1.0010724756755762,0.010210681528244336,False,False,30.0
tirex,coastal_ts,Coastal T-S,6,L6,block,block_depth,True,6,0.5,0.5,False,False,False,False,False,False,False,False,False,False,False,16416,0.36265981492275995,0.41378558236562335,0.3116467793278086,0.03804469754686578,-0.019697533986375977,0.00938211816052592,0.36265981492275995,0.32113084869165326,0.4127886091621189,0.2417015395119376,0.019235626221484937,-0.02016246335015086,1.1168968552743852e-05,0.32113084869165326,1.2215770386446743,1.4454739422097225,1.0349292318998777,0.19896378047900007,-0.08441031929382861,0.052025567754927504,1.2215770386446743,0.9747820949031957,0.009740458543222141,0.011348724921491858,0.014700069823289825,0.008509928319923858,0.0006714291005693145,-0.0007217182476915468,3.947099827938255e-07,0.011348724921491858,0.3252209722995758,0.37497375967601937,0.9996886793852288,0.010210681528244336,False,False,30.0
tirex,coastal_ts,Coastal T-S,7,L7,block,block_depth,True,7,0.5833333333333334,0.5833333333333334,False,False,False,False,False,False,False,False,False,False,False,16416,0.37566579210882384,0.4290991398699892,0.3260716219820703,0.01950051876095429,-0.02675668440836794,-0.0036238590255379677,0.37566579210882384,0.33491196589798683,0.43537712708209053,0.25019755402988963,0.010566078349883328,-0.044999643567818846,-0.013769948237780827,0.33491196589798683,1.2830126313321524,1.5102899009659592,1.0865032641254297,0.11019409504859004,-0.12244369217095911,-0.009410024932550609,1.2830126313321524,1.0097404585432221,0.009740458543222141,0.011835747918263152,0.015486737799013344,0.008823354256555878,0.0003750197173303184,-0.0016029245358964717,-0.0004866282867885003,0.011835747918263152,0.32900798320770264,0.37892046306903165,1.0102106815282443,0.010210681528244336,False,False,30.0
tirex,coastal_ts,Coastal T-S,8,L8,block,block_depth,True,8,0.6666666666666666,0.6666666666666666,False,False,False,False,False,False,False,True,False,False,False,16416,0.3630891290182869,0.41495360303670165,0.3140173474947611,0.02882054590930539,-0.009318084556919815,0.008952804064998987,0.3630891290182869,0.3260982595325554,0.41518953419169086,0.2458952759517818,0.01668654392905753,-0.027374656704134546,-0.004956241872349387,0.3260982595325554,1.2165882744245418,1.4268046919943154,1.0426237836001382,0.16095036372096672,-0.031186571599756213,0.057014331975060006,1.2165882744245418,0.97593603497648,0.0,0.011524272613141887,0.014796098045079637,0.008656525171540785,0.0005813030717221003,-0.0009781938332451222,-0.00017515298166723495,0.011524272613141887,0.32606783509254456,0.37695753869290155,1.0049774799330125,0.004977479933012452,False,False,30.0
tirex,coastal_ts,Coastal T-S,9,L9,block,block_depth,True,9,0.75,0.75,False,False,False,False,False,False,False,False,False,False,False,16416,0.3612222457304597,0.41652724413434045,0.3088595252367668,0.030054220910339303,-0.00767216405753669,0.01081968735282618,0.3612222457304597,0.3152492965557992,0.40497992990847453,0.23447736570025518,0.01945819299904712,-0.006899850294471932,0.005892721104406806,0.3152492965557992,1.2231790183251126,1.4638894791827095,1.0242875514202339,0.13955015568961252,-0.02736944596709621,0.05042358807448921,1.2231790183251126,0.9709180971533011,0.0,0.011140871588269078,0.014370748516425563,0.008311023425462834,0.0006904360409379671,-0.00024401790604023168,0.00020824804320557395,0.011140871588269078,0.32534119486808777,0.3658028704424699,0.9752388774721654,0.0,False,False,30.0
tirex,coastal_ts,Coastal T-S,10,L10,block,block_depth,True,10,0.8333333333333334,0.8333333333333334,False,False,False,False,False,False,False,False,False,False,False,16416,0.36885298943767947,0.42282258771592746,0.3183298087407214,0.026202564100579667,-0.017617500736378133,0.0031889436456064013,0.36885298943767947,0.32572751422507606,0.41945818595675394,0.24373809851423076,0.013204495668376124,-0.02491838459469638,-0.004585496564870062,0.32572751422507606,1.2446743760743662,1.4820099286007011,1.0519845475978853,0.13556801198498541,-0.061949734623306,0.028928230325235615,1.2446743760743662,0.9914285370490952,0.0,0.01151117051931422,0.014835926098096626,0.008590828842837723,0.00046581436802562803,-0.0008818860653778536,-0.00016205088783956788,0.01151117051931422,0.30860635638237,0.3749661923696597,0.9996685047721899,0.0,False,False,10.0
tirex,coastal_ts,Coastal T-S,11,L11,block,block_depth,True,11,0.9166666666666666,0.9166666666666666,False,False,False,False,False,False,False,False,False,False,False,16416,0.36780308466404676,0.4217313856390925,0.3168981449872566,0.019400523428339495,-0.01050894104798014,0.004238848419239105,0.36780308466404676,0.319868317023039,0.4101144886344184,0.24074951165224612,0.0152606617865984,-0.01428296707548313,0.00127370063716703,0.319868317023039,1.2396473682991151,1.482049533806753,1.0409437890219353,0.108625498318615,-0.029570563911629533,0.03395523810048662,1.2396473682991151,0.9886065304948026,0.0,0.011304107206718733,0.0145684102175901,0.008451354051253922,0.0005333561724255349,-0.0005132847707081732,4.501242475591846e-05,0.011304107206718733,0.3080922067165375,0.3747719529395302,0.9991506579779009,0.0,False,False,10.0
tirex,coastal_ts,Coastal T-S,12,L12,block,block_depth,True,12,1.0,1.0,False,True,False,False,False,False,False,False,False,False,False,16416,0.37204193308328587,0.43433682321726036,0.3146508142274494,0.0,0.0,0.0,0.37204193308328587,0.321142017660206,0.412410378491102,0.2420354894379746,0.0,0.0,0.0,0.321142017660206,1.2736026063996018,1.571942952338381,1.034085322147739,0.0,0.0,0.0,1.2736026063996018,1.0,0.0,0.011349119631474652,0.014618099013195532,0.008503066086507395,0.0,0.0,0.0,0.011349119631474652,0.32259508967399597,0.37509053309137624,1.0,0.0,False,False,30.0
tirex,coastal_ts,Coastal T-S,13,L12+RMS,final_norm,head_input_diagnostic,False,12,,,False,False,True,False,False,False,False,False,False,False,False,16416,0.36003154997403425,0.4176734647597186,0.3064603767512987,0.04081597035595522,-0.008621399768162537,0.012010383109251621,0.36003154997403425,0.3132187742479319,0.4058516690115748,0.23322401615625407,0.03267398649789075,-0.009743636097821856,0.007923243412274128,0.3132187742479319,1.1957586980975143,1.4270900499440744,1.0166890317016073,0.2577159944605803,-0.0445105471436558,0.07784390830208743,1.1957586980975143,,,0.011069113178222754,0.014450770493113801,0.008162647655876416,0.0011271006495232566,-0.0003470368264501337,0.00028000645325189713,0.011069113178222754,0.31756818294525146,0.3742166070345168,,,False,False,45.0
tirex,boom_hourly,BOOM,0,Emb,embedding,block_depth,True,0,0.0,0.0,False,False,False,False,False,False,False,False,False,False,False,16416,0.28275022286353474,0.3450431866569991,0.2352514507619948,-0.031075513428392817,-0.0479963393638563,-0.03955805520553371,0.28275022286353474,0.4786849230945323,0.6849274450232192,0.33118572925716316,-0.06281307880160623,-0.11834602203990326,-0.08932684526458007,0.4786849230945323,1.4130890621779866,2.064330313357275,0.9930310933573253,-0.18419401095717897,-0.3063937703487757,-0.24212951510331782,1.4130890621779866,1.1626617155745076,0.1626617155745076,0.5882415035064414,0.6703943913721514,0.5041240013019286,-0.06501446395968437,-0.1658180135206598,-0.10977107326095353,0.5882415035064414,10.873405456542969,0.2296758735668188,1.1837658166642344,0.18376581666423442,False,False,3.0
tirex,boom_hourly,BOOM,1,L1,block,block_depth,True,1,0.08333333333333333,0.08333333333333333,False,False,False,True,True,True,True,False,False,False,True,16416,0.24575191479449893,0.3097172463734997,0.1971833567390229,0.0036746682158518714,-0.008676723411732961,-0.0025597471364978974,0.24575191479449893,0.38039428172296763,0.5559396442302438,0.25374696855054985,0.05818456911289776,-0.021508819469871474,0.008963796106984612,0.38039428172296763,1.1852361217791416,1.8389338243749518,0.7703313978727128,0.033428509116472535,-0.06149731215397111,-0.014276574704472855,1.1852361217791416,1.010525615035833,0.048595298844317236,0.46745509083389647,0.5527264318733329,0.3836215503651187,0.0570926204460415,-0.03036865560976274,0.01101533941159144,0.46745509083389647,10.840283393859863,0.19196318001565288,0.989391907089374,0.07623130526348842,False,False,10.0
tirex,boom_hourly,BOOM,2,L2,block,block_depth,True,2,0.16666666666666666,0.16666666666666666,False,False,False,False,False,False,False,False,False,False,False,16416,0.24470760624350632,0.3086479792003072,0.196667338513222,0.004742325755036154,-0.007669882063154061,-0.001515438585505291,0.24470760624350632,0.3777515402283866,0.5496097827626449,0.25318570822329506,0.06183111486960381,-0.019077759314322828,0.011606537601565659,0.3777515402283866,1.172257652550855,1.8049267997818053,0.7689552412531897,0.043218431446398815,-0.038826609730895474,-0.001298105476186251,1.172257652550855,1.0062314448697067,0.048595298844317236,0.46420750530289323,0.5470602990764034,0.38304178340742856,0.060227504174170096,-0.026914456898933303,0.01426292494259468,0.46420750530289323,10.836142539978027,0.1945643031780245,1.002798281197072,0.07623130526348842,False,False,10.0
tirex,boom_hourly,BOOM,3,L3,block,block_depth,True,3,0.25,0.25,False,False,False,False,False,False,False,False,False,False,False,16416,0.24766174328150387,0.3117016027642066,0.19977088498285744,0.0018474500932820445,-0.010473065858043838,-0.004469575623502836,0.24766174328150387,0.3785281989483913,0.5457863557657583,0.2569070555338916,0.06599778740020827,-0.02217176215962909,0.01082987888156095,0.3785281989483913,1.1834940240474774,1.8112816473347635,0.7824156946896259,0.036070086263340836,-0.05087856792870162,-0.012534476972808628,1.1834940240474774,1.0183787811365224,0.048595298844317236,0.46516191784259364,0.5482954730043001,0.3863356243486364,0.06439489340023462,-0.032488034336240035,0.013308512402894268,0.46516191784259364,10.834330558776855,0.19591741070761687,1.009772293812883,0.07623130526348842,False,False,10.0
tirex,boom_hourly,BOOM,4,L4,block,block_depth,True,4,0.3333333333333333,0.3333333333333333,False,False,False,False,False,False,False,False,False,False,False,16416,0.24907630664627936,0.3131379952349063,0.20129150110612606,0.00023407104982872288,-0.011845894722994077,-0.005884138988278331,0.24907630664627936,0.3793977728782035,0.5420380485639047,0.2604990461604062,0.0707341528402098,-0.025511545848144506,0.009960304951748766,0.3793977728782035,1.203981818273078,1.8329281214974706,0.8021101072571274,0.02136314404501579,-0.07244550649677658,-0.03302227119840917,1.203981818273078,1.0241954296675917,0.048595298844317236,0.4662305110888065,0.5504066153194519,0.3903795135154542,0.07037383866331742,-0.03760874833650642,0.012239919156681434,0.4662305110888065,10.831568717956543,0.20261339493895655,1.044283873627019,0.07623130526348842,False,False,10.0
tirex,boom_hourly,BOOM,5,L5,block,block_depth,True,5,0.4166666666666667,0.4166666666666667,False,False,False,False,False,False,False,False,False,False,False,16416,0.24961493106948285,0.31312613928779987,0.20180140661949156,0.0002378316208099532,-0.012348477494650354,-0.006422763411481819,0.24961493106948285,0.38150227908859713,0.5395795176995554,0.2645235419603141,0.07412378822876382,-0.02989330063317172,0.007855798741355113,0.38150227908859713,1.2024704948900578,1.8332789344448026,0.8004848696646956,0.025471597918858384,-0.07279718885487739,-0.03151094781538899,1.2024704948900578,1.0264102395785792,0.048595298844317236,0.4688166754687866,0.5556488442130959,0.3933393703368318,0.07315431998088318,-0.04394539411296506,0.009653754776701329,0.4688166754687866,10.829227447509766,0.2028966763209404,1.0457439260534325,0.07623130526348842,False,False,10.0
tirex,boom_hourly,BOOM,6,L6,block,block_depth,True,6,0.5,0.5,False,False,False,False,False,False,False,False,False,False,False,16416,0.2507860773942817,0.3142624637255403,0.20310091377159656,-0.0013381527989345515,-0.013282089072179634,-0.007593909736280685,0.2507860773942817,0.38922534988686835,0.5519337329195197,0.26965696421581825,0.06438504439692216,-0.03776919790961881,0.0001327279430838879,0.38922534988686835,1.2188228851492715,1.8579000822640108,0.8137344225015821,0.007343959219467125,-0.09029977342351224,-0.047863338074602746,1.2188228851492715,1.0312259634404013,0.048595298844317236,0.4783073248685894,0.5673515883114255,0.4010959339543395,0.06203515095171458,-0.05540052565873834,0.00016310537689850912,0.4783073248685894,10.828633308410645,0.20623000290265864,1.0629241287536013,0.07623130526348842,False,False,10.0
tirex,boom_hourly,BOOM,7,L7,block,block_depth,True,7,0.5833333333333334,0.5833333333333334,False,False,False,False,False,False,False,False,False,False,False,16416,0.2550101637219389,0.3183557578546684,0.20748601704664887,-0.006100773812129573,-0.017061052995334034,-0.01181799606393788,0.2550101637219389,0.39851541853429107,0.5695935819813014,0.27465271580686507,0.04420373564319409,-0.041184557527743394,-0.009157340704338823,0.39851541853429107,1.2397301008229078,1.8717395286637735,0.835719511504449,-0.02318234358667622,-0.10440495245338653,-0.06877055374823904,1.2397301008229078,1.0485952988443172,0.048595298844317236,0.4897236107910912,0.573351845175487,0.4125569166336697,0.042540979331885206,-0.060690857578268996,-0.011253180545603314,0.4897236107910912,10.827848434448242,0.20881187961052702,1.0762313052634884,0.07623130526348842,False,False,10.0
tirex,boom_hourly,BOOM,8,L8,block,block_depth,True,8,0.6666666666666666,0.6666666666666666,False,False,False,False,False,False,False,False,False,False,False,16416,0.25259351779280576,0.31580652685120364,0.20501394040322216,-0.003175761462399718,-0.015049228471793238,-0.009401350134804726,0.25259351779280576,0.39725354067318486,0.5607200855141559,0.2766388331526674,0.05711725248158835,-0.04866243410424213,-0.007895462843232615,0.39725354067318486,1.2230354773047847,1.8499086723547575,0.8241488111071017,0.00040249481978937423,-0.09025040175388345,-0.05207593023011592,1.2230354773047847,1.0386581123287892,0.03865811232878924,0.48817292704392,0.5765025488188655,0.410269134998775,0.054189508537390275,-0.07163933879912109,-0.009702496798432103,0.48817292704392,10.826865196228027,0.20386676879147184,1.050743851765196,0.05074385176519591,False,False,10.0
tirex,boom_hourly,BOOM,9,L9,block,block_depth,True,9,0.75,0.75,True,False,False,False,False,False,False,False,False,True,False,16416,0.25032896751611583,0.3137318222217872,0.2030759301035281,-0.0013621360118800804,-0.012228156247381437,-0.007136799858114801,0.25032896751611583,0.39285428667490946,0.5595603588447766,0.2709196441394327,0.05363923523335998,-0.037877975416056114,-0.003496208844957216,0.39285428667490946,1.203541169531766,1.829604612657594,0.803578786193586,0.015088344751351564,-0.0682204297770442,-0.03258162245709717,1.203541169531766,1.0293463392626658,0.029346339262665833,0.48276681613170896,0.566371265913319,0.405693458142931,0.05167790635440224,-0.05618067740724458,-0.004296385886221055,0.48276681613170896,10.825642585754395,0.20251686546930486,1.0437863538627536,0.043786353862753646,False,False,10.0
tirex,boom_hourly,BOOM,10,L10,block,block_depth,True,10,0.8333333333333334,0.8333333333333334,False,False,False,False,False,False,False,False,False,False,False,16416,0.246678812645039,0.31017283779689986,0.19912565976149785,0.00070753069581347,-0.0072067237043448255,-0.0034866449870379623,0.246678812645039,0.39549262381113404,0.5753679479842756,0.2658964659585407,0.036762075612485054,-0.034781385264024155,-0.006134545981181794,0.39549262381113404,1.1818416499454765,1.8060762528116163,0.7803445565638588,0.023324643189528465,-0.0372239336188325,-0.010882102870807708,1.1818416499454765,1.0143369953918138,0.014336995391813767,0.48600898927920777,0.5692386606298631,0.4019360063928763,0.034128964030694674,-0.05154268139197252,-0.0075385590337198605,0.48600898927920777,10.824185371398926,0.20161729491194763,1.039149903116144,0.03914990311614397,False,False,10.0
tirex,boom_hourly,BOOM,11,L11,block,block_depth,True,11,0.9166666666666666,0.9166666666666666,False,False,False,False,False,False,False,True,True,False,False,16416,0.2435680090076169,0.3067614155742576,0.1958712910895241,0.0028723508259018136,-0.003188562417786974,-0.00037584134961587967,0.2435680090076169,0.38650140051999377,0.5713829008890978,0.2551126786007226,0.037163372683384814,-0.018920164244406526,0.0028566773099584775,0.38650140051999377,1.1591133589456173,1.7825435196297776,0.7558842830377718,0.0406451651171421,-0.00903263275568129,0.011846188129051471,1.1591133589456173,1.0015454500580152,0.0015454500580152075,0.4749599454259966,0.5565499874823637,0.38829311722221277,0.03551830551840216,-0.02776725938087406,0.0035104848194912885,0.4749599454259966,10.82150650024414,0.19501878269606054,1.0051407010144873,0.00514070101448727,False,False,10.0
tirex,boom_hourly,BOOM,12,L12,block,block_depth,True,12,1.0,1.0,False,True,False,False,False,False,False,False,False,False,False,16416,0.24319216765800103,0.3066062444735497,0.19504670785703185,0.0,0.0,0.0,0.24319216765800103,0.38935807782995224,0.600703418393075,0.24437655065062747,0.0,0.0,0.0,0.38935807782995224,1.1709595470746688,1.7919224219445469,0.7592480862515131,0.0,0.0,0.0,1.1709595470746688,1.0,0.0,0.4784704302454879,0.566900645018729,0.3745207630432414,0.0,0.0,0.0,0.4784704302454879,10.825589179992676,0.19402137680747414,1.0,0.0,False,False,10.0
tirex,boom_hourly,BOOM,13,L12+RMS,final_norm,head_input_diagnostic,False,12,,,False,False,True,False,False,False,False,False,False,False,False,16416,0.23089015953989941,0.29416173237617954,0.18353167151510033,0.02076386884657275,0.0066536393500653615,0.012302008118101615,0.23089015953989941,0.3229607357146752,0.4524915725411425,0.22736037661854994,0.16850537383976869,0.012447668552522646,0.06639734211527704,0.3229607357146752,1.069922045656147,1.6958189661882,0.6780765445596011,0.18471651672583114,0.05139210793836099,0.10103750141852186,1.069922045656147,,,0.39687673370240945,0.4929742243487687,0.3231090080058785,0.16715502275380104,0.017864252208547968,0.08159369654307846,0.39687673370240945,10.806661605834961,0.1817644829730277,,,False,False,10.0
tirex,LOOP_SEATTLE_5T,Loop Seattle,0,Emb,embedding,block_depth,True,0,0.0,0.0,False,False,False,False,False,False,False,False,False,False,False,16416,0.29606410093207397,0.31502939923701956,0.2774747891074317,-0.017238776510552962,-0.03969494471546862,-0.028615973335299805,0.29606410093207397,5.1741636426325455,5.645538295211893,4.7273312479581895,-0.06669906563506324,-0.5275662809922043,-0.29938038172911074,5.1741636426325455,1.1426768427120273,1.2403835652307897,1.048099553321822,0.0019793897354855347,-0.08803482612092503,-0.044267674342737706,1.1426768427120273,1.1069963495068602,0.17619216881171207,0.08668076953118493,0.09514697868506651,0.07883959588086192,-0.00111869210344754,-0.008852367586615997,-0.005015404162520068,0.08668076953118493,0.3918388783931732,0.37326609499695645,1.157702880851066,0.19023696091387277,False,False,65.0
tirex,LOOP_SEATTLE_5T,Loop Seattle,1,L1,block,block_depth,True,1,0.08333333333333333,0.08333333333333333,False,False,False,False,False,False,False,False,False,False,False,16416,0.3145703932426813,0.3331006717989008,0.29682210598084086,-0.03716476110009232,-0.05715785915572334,-0.04712226564590716,0.3145703932426813,5.583714851069004,6.074580328931439,5.121073573281728,-0.5033735020247768,-0.9196183066344757,-0.7089315901655695,5.583714851069004,1.2418989724223883,1.3461537813035631,1.1404338539737446,-0.10127159301723479,-0.18705835288977765,-0.14348980405309875,1.2418989724223883,1.176192168811712,0.17619216881171207,0.09354182309686554,0.1024634227706357,0.08524394514928277,-0.008434042447776817,-0.01542867956660215,-0.011876457728200673,0.09354182309686554,0.3835687041282654,0.3837557199432422,1.1902369609138728,0.19023696091387277,False,False,65.0
tirex,LOOP_SEATTLE_5T,Loop Seattle,2,L2,block,block_depth,True,2,0.16666666666666666,0.16666666666666666,False,False,False,False,False,False,False,False,False,False,False,16416,0.3056130794850925,0.3238587325062062,0.2886160488069797,-0.027848923799603117,-0.048521962837237906,-0.03816495188831831,0.3056130794850925,5.395077314739388,5.859129483099548,4.965059773025707,-0.3077073907125603,-0.7417159361178328,-0.5202940538359533,5.395077314739388,1.201281656985669,1.2980790748960205,1.105454892659486,-0.05540509732836342,-0.15108717056652618,-0.10287248861637943,1.201281656985669,1.1427003891605434,0.1427003891605434,0.09038165114621599,0.09887004542530015,0.08259925306830024,-0.005162443201214589,-0.012449799571510154,-0.008716285777551125,0.09038165114621599,0.38171952962875366,0.3814708101385422,1.1831502024355611,0.18315020243556113,False,False,65.0
tirex,LOOP_SEATTLE_5T,Loop Seattle,3,L3,block,block_depth,True,3,0.25,0.25,False,False,False,False,False,False,False,False,False,False,False,16416,0.30128554840579286,0.31902706388682694,0.28448965020037,-0.023700552095680425,-0.04411601278298169,-0.03383742080901869,0.30128554840579286,5.290786022544278,5.730606839269662,4.8795763918221935,-0.1975267501974,-0.6414172878087931,-0.4160027616408435,5.290786022544278,1.1801352698167116,1.2743239047877668,1.0881784302982112,-0.03393696515794933,-0.12987616602192076,-0.08172610144742198,1.1801352698167116,1.1265195651697912,0.12651956516979124,0.08863449931893551,0.09677509346202216,0.08108636238371861,-0.0033196038060456035,-0.010772252840642045,-0.006969133950270642,0.08863449931893551,0.3800812065601349,0.38139890449988934,1.182927183612974,0.182927183612974,False,False,65.0
tirex,LOOP_SEATTLE_5T,Loop Seattle,4,L4,block,block_depth,True,4,0.3333333333333333,0.3333333333333333,False,False,False,False,False,False,False,False,False,False,False,16416,0.29613053289647323,0.31351943848910563,0.27997372320263103,-0.018146910815222437,-0.03911697709477925,-0.028682405299699065,0.29613053289647323,5.241183417324939,5.6892790023913244,4.820684003814502,-0.12632069973024318,-0.6139180707363955,-0.3664001564215047,5.241183417324939,1.1722569309677284,1.270839832242906,1.0788988111227327,-0.018039855196432024,-0.1302713234042118,-0.07384776259843884,1.1722569309677284,1.1072447414660644,0.10724474146606444,0.08780352598911322,0.09601407425139566,0.08006089513461595,-0.0020986272591448927,-0.010298755388604601,-0.006138160620448349,0.08780352598911322,0.3834683895111084,0.3763098739912264,1.1671433088930745,0.1671433088930745,True,False,90.0
tirex,LOOP_SEATTLE_5T,Loop Seattle,5,L5,block,block_depth,True,5,0.4166666666666667,0.4166666666666667,False,False,False,False,False,False,False,False,False,False,False,16416,0.25745468299466234,0.27469797030709797,0.24155501905892698,0.020243782713611137,-0.00024165174220012943,0.009993444602111823,0.25745468299466234,4.535933227466087,4.946500647481499,4.1506355066011515,0.5916299120530307,0.08162328259729938,0.3388500334373479,4.535933227466087,1.0154788692908843,1.105418138447158,0.9292577831242625,0.1433161961328989,0.023328726515704487,0.08293029907840532,1.0154788692908843,0.962634082758737,0.0,0.0759887413415452,0.08355100930988829,0.06897743643049807,0.009909161123931299,0.0013714300546151085,0.005676624027119673,0.0759887413415452,0.3668785095214844,0.3627956527505667,1.1252282968615157,0.1252282968615157,True,False,90.0
tirex,LOOP_SEATTLE_5T,Loop Seattle,6,L6,block,block_depth,True,6,0.5,0.5,False,False,False,False,False,False,True,False,False,False,True,16416,0.2463901855677139,0.26364486455448144,0.23008371890799803,0.0304779698997594,0.011747209870661721,0.021057942029060278,0.2463901855677139,4.289172025748103,4.674150146293127,3.9239133973098514,0.8333893851122343,0.3466937768059643,0.5856112351553318,4.289172025748103,0.9623438864147746,1.045193990821879,0.882362521925534,0.19131330701719998,0.08248628370070611,0.13606528195451495,0.9623438864147746,0.9212634531477861,0.0,0.0718548460238331,0.07885577786231497,0.06529216239724592,0.014019365752414954,0.0057938245460091254,0.009810519344831764,0.0718548460238331,0.34188517928123474,0.3538211006813377,1.0973932887422302,0.09739328874223019,False,False,45.0
tirex,LOOP_SEATTLE_5T,Loop Seattle,7,L7,block,block_depth,True,7,0.5833333333333334,0.5833333333333334,False,False,False,False,False,False,False,False,False,False,False,16416,0.24054416466703396,0.25853623579369983,0.2244469359001671,0.036362037074019894,0.01750694439526053,0.026903962929740205,0.24054416466703396,4.187354915444804,4.572008033774685,3.8343851852075392,0.9222590812771765,0.457738834390674,0.6874283454586303,4.187354915444804,0.943046810677222,1.0282999804663586,0.8629901389394601,0.21212534874859804,0.10059241124119803,0.15536235769206763,0.943046810677222,0.8994049307000469,0.0,0.07014914321230757,0.0772029573009267,0.06376950161024769,0.015468335534384483,0.0076612212158053555,0.011516222156357295,0.07014914321230757,0.3560098707675934,0.3482012588616091,1.079963077019732,0.07996307701973193,True,False,90.0
tirex,LOOP_SEATTLE_5T,Loop Seattle,8,L8,block,block_depth,True,8,0.6666666666666666,0.6666666666666666,False,False,False,False,False,False,False,False,False,False,False,16416,0.24587386173999493,0.26388945031221533,0.22989013804236555,0.029960440790266486,0.013274314248123937,0.02157426585677924,0.24587386173999493,4.321057223686246,4.721315460817109,3.951952432441859,0.7607819244037193,0.3470858952488403,0.5537260372171886,4.321057223686246,0.9732664000451307,1.0598629350137119,0.8906004963423335,0.17461192798591835,0.07774746199687883,0.12514276832415894,0.9732664000451307,0.9193328962493007,0.0,0.07238900645725267,0.07975602435728124,0.06579647622841953,0.01276542735044867,0.005818351928699388,0.009276358911412194,0.07238900645725267,0.3493090271949768,0.34046883070628153,1.0559805764085537,0.055980576408553695,True,False,90.0
tirex,LOOP_SEATTLE_5T,Loop Seattle,9,L9,block,block_depth,True,9,0.75,0.75,False,False,False,False,False,False,False,False,False,False,False,16416,0.2649933233686531,0.2837792610977101,0.24714086290079218,0.008723084510922586,-0.0036731996680147935,0.0024548042281210547,0.2649933233686531,4.759035691562948,5.212868086156018,4.327832398595816,0.26015155071115703,-0.027051612250601195,0.11574756934048658,4.759035691562948,1.0845765823983753,1.1875854803217312,0.9831494048516195,0.042906097845070684,-0.015742783784383402,0.013832585970914302,1.0845765823983753,0.9908213818874735,0.0,0.07972629094528756,0.08790961750482987,0.07205607925603989,0.004366732327111113,-0.00045153539043507016,0.0019390744233773044,0.07972629094528756,0.3239702880382538,0.3403656810294581,1.0556606526875998,0.05566065268759979,False,False,30.0
tirex,LOOP_SEATTLE_5T,Loop Seattle,10,L10,block,block_depth,True,10,0.8333333333333334,0.8333333333333334,True,False,False,False,False,True,False,False,False,True,False,16416,0.26052214139859187,0.2803166637104716,0.24181327366675356,0.011470958779615768,0.00247686602786638,0.006925986198182299,0.26052214139859187,4.705226075442357,5.1838750423297615,4.24935153502505,0.27658474385432325,0.06104215137667357,0.1695571854610778,4.705226075442357,1.0594699671242742,1.1625153115468712,0.9590445218990467,0.06163579926373165,0.01602849941201483,0.038939201245015376,1.0594699671242742,0.9741034410656841,0.0,0.07882483918309757,0.08738847917514764,0.07074028527242454,0.004645835550352094,0.001023260041325268,0.0028405261855672936,0.07882483918309757,0.32235220074653625,0.3300174100480917,1.0235649887965277,0.023564988796527686,False,False,30.0
tirex,LOOP_SEATTLE_5T,Loop Seattle,11,L11,block,block_depth,True,11,0.9166666666666666,0.9166666666666666,False,False,False,True,True,False,False,True,True,False,False,16416,0.26370604805477704,0.28402050151951785,0.24433390728006038,0.00683515681280892,0.0009089111769927037,0.003742079541997123,0.26370604805477704,4.765154689159348,5.2661948863634205,4.2908446722452185,0.1852460857985784,0.03623307953471675,0.10962857174408658,4.765154689159348,1.0726314811486881,1.1825276549034465,0.9655297111014667,0.04205264699574908,0.010304203913706223,0.025777687220601475,1.0726314811486881,0.986008204373601,0.0,0.07982880015393438,0.08872234172223246,0.07148683312488933,0.0031118075404344306,0.000603231778512104,0.0018365652147304817,0.07982880015393438,0.3334735929965973,0.32150976993996677,0.9971781307495876,0.0,False,False,65.0
tirex,LOOP_SEATTLE_5T,Loop Seattle,12,L12,block,block_depth,True,12,1.0,1.0,False,True,False,False,False,False,False,False,False,False,False,16416,0.26744812759677417,0.2881468534362965,0.24775685529750663,0.0,0.0,0.0,0.26744812759677417,4.874783260903435,5.3879570230589895,4.382595388517755,0.0,0.0,0.0,4.874783260903435,1.0984091683692896,1.215369790027436,0.986833007461607,0.0,0.0,0.0,1.0984091683692896,1.0,0.0,0.08166536536866487,0.09081365716713782,0.07293296606280444,0.0,0.0,0.0,0.08166536536866487,0.33160635828971863,0.3224195958833203,1.0,0.0,False,False,65.0
tirex,LOOP_SEATTLE_5T,Loop Seattle,13,L12+RMS,final_norm,head_input_diagnostic,False,12,,,False,False,True,False,False,False,False,False,False,False,False,16416,0.26242338711011953,0.28389040521481107,0.24141686797419293,0.007924869981103814,0.002112648721414624,0.005024740486654633,0.26242338711011953,4.733578975966305,5.244605825819478,4.240280783098289,0.2132580482671946,0.07211559582082748,0.14120428493713,4.733578975966305,1.070176415167083,1.1857935432240168,0.9565927778155303,0.04427919109381532,0.01281144348145859,0.02823275320220664,1.070176415167083,,,0.07929982439918294,0.08840858456180967,0.07060170533526669,0.0035707707357858277,0.0012059461903996978,0.0023655409694819246,0.07929982439918294,0.33012357354164124,0.32203229602056604,,,True,False,90.0
tirex,electricity_15min,Electricity 15min,0,Emb,embedding,block_depth,True,0,0.0,0.0,False,False,False,False,False,False,False,False,False,False,False,16416,0.3654285166554779,0.39198671553767367,0.34334426447180394,-0.10689822241223157,-0.13557582878194865,-0.12144498434628695,0.3654285166554779,123.74304259552073,189.15796321594866,72.08979358494544,-20.23580136700447,-65.4250024438503,-39.32647546290124,123.74304259552073,1.945536300059543,2.118558453517224,1.785685973783513,-0.5532126039217985,-0.6984606921348345,-0.6277706147438638,1.945536300059543,1.4977589396991942,0.49775893969919416,0.20762776997942534,0.2511334328466292,0.17527961685630625,-0.04367756496352966,-0.09741093974545353,-0.06598567669135638,0.20762776997942534,0.36384302377700806,0.41308139133771865,2.3638006169706287,1.3638006169706287,False,False,3.0
tirex,electricity_15min,Electricity 15min,1,L1,block,block_depth,True,1,0.08333333333333333,0.08333333333333333,False,False,False,False,False,False,False,False,False,False,False,16416,0.2768118759432367,0.30152720282252393,0.2549212460214173,-0.02327518935549921,-0.04242009658451755,-0.03282834363404577,0.2768118759432367,111.91466742944077,185.56166479695608,57.746397469302316,-8.30387057882185,-56.28193315447483,-27.498100296821278,111.91466742944077,1.5000582243505334,1.6966472262325674,1.3260914832635273,-0.13684705338063777,-0.22889689376847708,-0.1822925390348542,1.5000582243505334,1.1345514728938495,0.1345514728938495,0.1877810044021411,0.26666496407197793,0.14304486155908358,-0.018771808705411546,-0.08539773238634751,-0.046138911114072145,0.1877810044021411,0.20198428630828857,0.23173539314902467,1.3260734489289931,0.32607344892899315,False,True,1e-05
tirex,electricity_15min,Electricity 15min,2,L2,block,block_depth,True,2,0.16666666666666666,0.16666666666666666,False,False,False,False,False,False,False,False,False,False,False,16416,0.26053634905860623,0.284684234007283,0.2396777467695527,-0.007361104149186556,-0.025632625395247275,-0.016552816749415306,0.26053634905860623,103.35254182599456,175.7606954795036,51.93761172504172,-1.8090670427436182,-48.576897150877514,-18.935974693375073,103.35254182599456,1.3944426094186129,1.56523369099388,1.2375265342537725,-0.03664134728177913,-0.1150018084124277,-0.0766769241029337,1.3944426094186129,1.0678439917348133,0.08653592662078191,0.1734146609856618,0.2589958281574922,0.12610555138974083,-0.0037585961625767653,-0.0773892920326668,-0.031772567697592846,0.1734146609856618,0.18190231919288635,0.20891821768333893,1.1955053464331349,0.1955474944567448,False,False,1.0
tirex,electricity_15min,Electricity 15min,3,L3,block,block_depth,True,3,0.25,0.25,False,False,False,False,False,False,False,False,False,False,False,16416,0.26029054047042177,0.28448635489530577,0.23838098466268362,-0.0077153793305073355,-0.024847551842596922,-0.016307008161230846,0.26029054047042177,101.47001030534241,171.00608766767647,51.07625881710169,-3.1710149351806782,-41.958344558879446,-17.053443172722922,101.47001030534241,1.403097158955432,1.5829113632133556,1.2397562243397773,-0.046088158581936864,-0.1232657992875898,-0.0853314736397528,1.403097158955432,1.066836511492774,0.08653592662078191,0.17025597171028486,0.2518999683539181,0.12420499634345296,-0.007982621407855162,-0.06875865009829067,-0.02861387842221591,0.17025597171028486,0.18297423422336578,0.20838364572015428,1.192446332972618,0.1955474944567448,False,False,3.0
tirex,electricity_15min,Electricity 15min,4,L4,block,block_depth,True,4,0.3333333333333333,0.3333333333333333,False,False,False,False,False,False,False,False,False,False,False,16416,0.2500068590272474,0.27383292291299194,0.22885955912167677,0.0012676995076978423,-0.013229363944864892,-0.006023326718056471,0.2500068590272474,97.16317468659467,160.64264112962053,49.34870429533081,-1.1796101933345693,-30.83388517017715,-12.746607553975181,97.16317468659467,1.3534435075779636,1.5319034895669177,1.191517673713994,-0.0038007703447154742,-0.06566991838801754,-0.03567782226228444,1.3534435075779636,1.024687431405917,0.08653592662078191,0.16302955593423604,0.22819334120311124,0.12571108114373722,-0.003134529593229813,-0.04579815980181021,-0.021387462646167088,0.16302955593423604,0.17157846689224243,0.1954375772616108,1.1183642628252601,0.1955474944567448,False,False,3.0
tirex,electricity_15min,Electricity 15min,5,L5,block,block_depth,True,5,0.4166666666666667,0.4166666666666667,False,False,False,False,False,False,False,False,False,False,False,16416,0.2490149244438601,0.2726778716360794,0.22836372828722457,0.0027332481654460585,-0.01269739740385981,-0.00503139213466916,0.2490149244438601,99.25463718849645,164.50618921572163,49.82024330801427,-1.5824492681924112,-33.21692098311125,-14.838070055876955,99.25463718849645,1.346642408545512,1.5237453005893298,1.1853816176233603,0.002980462840693058,-0.05990360486054697,-0.028876723229832812,1.346642408545512,1.0206218513481191,0.08653592662078191,0.16653880935291004,0.229233644480689,0.13075095373794238,-0.004806059813814627,-0.0466650147401109,-0.02489671606484109,0.16653880935291004,0.16766256093978882,0.20036217403946488,1.1465445806655912,0.1955474944567448,False,False,3.0
tirex,electricity_15min,Electricity 15min,6,L6,block,block_depth,True,6,0.5,0.5,False,False,False,False,False,False,False,False,False,False,False,16416,0.24678771550418765,0.27053159044856445,0.2256823111638313,0.00503246167049035,-0.010324589859424102,-0.002804183194996729,0.24678771550418765,95.16989181965009,155.30283499422245,49.126708603817605,-0.5146749576732201,-24.59336633214543,-10.753324687030599,95.16989181965009,1.3274363892884493,1.4991375289251097,1.1717409767277969,0.02264889902626831,-0.04172160831059068,-0.009670703972770145,1.3274363892884493,1.011493329768843,0.08653592662078191,0.1596850375845888,0.215296735329659,0.12797370452008472,-0.001602057589365424,-0.03415051558144627,-0.01804294429651984,0.1596850375845888,0.16953858733177185,0.20892558317944293,1.1955474944567448,0.1955474944567448,False,False,10.0
tirex,electricity_15min,Electricity 15min,7,L7,block,block_depth,True,7,0.5833333333333334,0.5833333333333334,False,False,False,False,False,False,False,False,False,False,False,16416,0.2564692865516848,0.2803882981742952,0.2351046375574843,-0.006142488669760465,-0.01870823291073486,-0.012485754242493902,0.2564692865516848,95.42457790119548,153.5308078108667,50.551340544379244,-1.9162510425614603,-23.265750022885122,-11.008010768575986,95.42457790119548,1.3730103124410165,1.5461552842859823,1.2200228386464746,-0.026715800468557975,-0.0827568837917525,-0.05524462712533729,1.3730103124410165,1.051174577744334,0.08653592662078191,0.16011237395879543,0.2037216572327902,0.1337560457986663,-0.005753275636252817,-0.02935527325653004,-0.01847028067072648,0.16011237395879543,0.16629746556282043,0.20775647017791982,1.1888574084536951,0.18885740845369514,False,False,10.0
tirex,electricity_15min,Electricity 15min,8,L8,block,block_depth,True,8,0.6666666666666666,0.6666666666666666,False,False,False,False,False,False,False,False,False,False,False,16416,0.26509687335777826,0.28867484221718354,0.2443003399297595,-0.015180469130499993,-0.027056753796077387,-0.021113341048587336,0.26509687335777826,96.74948220810954,154.2231882801879,52.96341959656297,-3.602998807587078,-24.66915455643221,-12.33291507549005,96.74948220810954,1.4175969646800337,1.5862076516841168,1.2686348126495668,-0.07053273417486312,-0.12693475984285138,-0.09983127936435454,1.4175969646800337,1.086535926620782,0.08653592662078191,0.1623354236019166,0.20106325270258749,0.13860306191435207,-0.010176180830140474,-0.0313486818299574,-0.020693330313847652,0.1623354236019166,0.16074208915233612,0.19413421937186298,1.1109059791830407,0.11090597918304068,False,False,10.0
tirex,electricity_15min,Electricity 15min,9,L9,block,block_depth,True,9,0.75,0.75,False,False,False,False,False,False,True,False,False,False,True,16416,0.25918897107698535,0.28333103997590203,0.23834478166025444,-0.010505510208673264,-0.01986106178467341,-0.015205438767794427,0.25918897107698535,93.36798873384903,149.20714385577705,51.065237190872274,-2.5958693636656185,-17.32960039817114,-8.95142160122954,93.36798873384903,1.3920653728215842,1.5660183213088732,1.2387285520463112,-0.05148296134626613,-0.0965714488856246,-0.07429968750590499,1.3920653728215842,1.0623215781158752,0.06232157811587524,0.156661634316198,0.20108462661236556,0.12941511831561883,-0.007125262890426873,-0.020872615005807782,-0.015019541028129052,0.156661634316198,0.15269538760185242,0.18735821003392908,1.0721312113298163,0.07213121132981626,False,False,10.0
tirex,electricity_15min,Electricity 15min,10,L10,block,block_depth,True,10,0.8333333333333334,0.8333333333333334,True,False,False,False,True,True,False,False,True,True,False,16416,0.2524597727842913,0.27671739706087084,0.23121795917022261,-0.004986450473870337,-0.011914608809912132,-0.0084762404751004,0.2524597727842913,89.594906091827,143.31740093872347,49.012998359022,-0.7178361956256111,-11.406929861702006,-5.178338959207508,89.594906091827,1.3656056089125663,1.5431996494342248,1.2085141123351368,-0.02915919150369711,-0.06534317896320181,-0.04783992359688716,1.3656056089125663,1.0347410351628108,0.034741035162810796,0.15033079972154686,0.19312914855917743,0.12329715292858832,-0.001809342306927447,-0.013333958624440697,-0.00868870643347791,0.15033079972154686,0.1490669697523117,0.17761933216327475,1.0164018417624676,0.016401841762467617,False,False,10.0
tirex,electricity_15min,Electricity 15min,11,L11,block,block_depth,True,11,0.9166666666666666,0.9166666666666666,False,False,False,True,False,False,False,True,False,False,False,16416,0.2483322650961976,0.27220707148711637,0.22708578539820287,-0.0015404896903072663,-0.006894559856816999,-0.004348732787006676,0.2483322650961976,84.46615935207431,132.61947472928534,48.05649169826821,2.256926471732392,-2.095890192214221,-0.04959221945482284,84.46615935207431,1.3431169888940628,1.5188935356451105,1.1861392188058073,-0.01217632128419699,-0.03773865845902198,-0.025351303578383666,1.3431169888940628,1.0178238782996867,0.01782387829968668,0.14172530380009257,0.18732188284636075,0.11361192538037046,0.0029085139800205254,-0.004036995491679605,-8.321051202361818e-05,0.14172530380009257,0.14039045572280884,0.1738401337576504,0.9947759062684,0.0,False,False,3.0
tirex,electricity_15min,Electricity 15min,12,L12,block,block_depth,True,12,1.0,1.0,False,True,False,False,False,False,False,False,False,False,False,16416,0.24398353230919093,0.2683426381028364,0.22209021516485525,0.0,0.0,0.0,0.24398353230919093,84.41656713261949,133.94980648875784,47.1970232916106,0.0,0.0,0.0,84.41656713261949,1.3177656853156792,1.494325664094945,1.1591116497645582,0.0,0.0,0.0,1.3177656853156792,1.0,0.0,0.14164209328806895,0.1874576690686131,0.11255173955017142,0.0,0.0,0.0,0.14164209328806895,0.1435832977294922,0.17475306012362013,1.0,0.0,False,False,10.0
tirex,electricity_15min,Electricity 15min,13,L12+RMS,final_norm,head_input_diagnostic,False,12,,,False,False,True,False,False,False,False,False,False,False,False,16416,0.2424411944376717,0.2663137785011533,0.22078951622434104,0.003739451308990643,-0.0006379947459097514,0.0015423378715192226,0.2424411944376717,84.3518552833287,135.0252498379132,46.39274273724088,1.5440210122944462,-1.5040249910352237,0.06471184929078788,84.3518552833287,1.311751524741287,1.4883225085309162,1.1505671549651166,0.016375186919276224,-0.004409875801384594,0.006014160574392191,1.311751524741287,,,0.1415335136323754,0.18825870546900605,0.11134369768018547,0.003057847712964827,-0.001997464807129589,0.00010857965569355255,0.1415335136323754,0.14044050872325897,0.16756875313932204,,,False,False,10.0
tirex,SZ_TAXI_15T,SZ Taxi,0,Emb,embedding,block_depth,True,0,0.0,0.0,True,False,False,False,False,True,True,False,False,True,True,16416,0.41306218571769887,0.4483406848178651,0.38436354050556054,-0.012093170044513834,-0.028811752132307265,-0.020212027029349267,0.41306218571769887,2.9453533681151574,3.1846180438426437,2.7091289048565104,-0.11954897457871247,-0.22505738921396884,-0.17134051632116742,2.9453533681151574,0.8451613204418991,0.914192671337451,0.7871978218367259,-0.0261611405702422,-0.061674918052316424,-0.04352919208681394,0.8451613204418991,1.051449710741707,0.0514497107417069,0.27247208259281724,0.30387539645398887,0.24510548911163824,-0.011224408128233408,-0.020605989328756492,-0.01585056238750493,0.27247208259281724,0.3638719320297241,0.3723507313869702,1.047939047671853,0.047939047671853086,False,False,30.0
tirex,SZ_TAXI_15T,SZ Taxi,1,L1,block,block_depth,True,1,0.08333333333333333,0.08333333333333333,False,False,False,False,False,False,False,False,False,False,False,16416,0.4043046543613458,0.4377638527550376,0.3770610565080857,-0.005054081584780612,-0.0177618385101549,-0.011454495672996223,0.4043046543613458,2.871266743188478,3.0981453743387948,2.647231434560373,-0.05605157098961265,-0.14121582889590692,-0.09725389139448826,2.871266743188478,0.8263973275890711,0.8921926935131468,0.7713600768051817,-0.011238525348359145,-0.038144364297467856,-0.024765199233986013,0.8263973275890711,1.0291574164338906,0.03365569763733656,0.2656183932513026,0.29637429849261504,0.23893240870698404,-0.005157938666330209,-0.012979216530407307,-0.008996873045990283,0.2656183932513026,0.3408972918987274,0.36899878648229134,1.0385053775990873,0.03850537759908734,False,False,10.0
tirex,SZ_TAXI_15T,SZ Taxi,2,L2,block,block_depth,True,2,0.16666666666666666,0.16666666666666666,False,False,False,False,False,False,False,False,False,False,False,16416,0.4060718048459444,0.4417360886740379,0.3766832281739857,-0.006405107058489175,-0.020774640126201623,-0.013221646157594802,0.4060718048459444,2.8623367503735833,3.0849075489520885,2.642837603045233,-0.04731340447282542,-0.13123240061543454,-0.08832389857959333,2.8623367503735833,0.8300077085993476,0.9008016754307921,0.771283059235895,-0.014274659925737712,-0.04350596061805888,-0.028375580244262455,0.8300077085993476,1.0336556976373366,0.03365569763733656,0.2647922873700343,0.2952970292303349,0.23799452535334864,-0.004382715899003434,-0.012086376296690347,-0.008170767164721982,0.2647922873700343,0.3468804955482483,0.36853192589030814,1.0371914512309666,0.037191451230966566,False,False,65.0
tirex,SZ_TAXI_15T,SZ Taxi,3,L3,block,block_depth,True,3,0.25,0.25,False,False,False,False,False,False,False,False,False,False,False,16416,0.40405716479588777,0.43940094841930727,0.37541347927151203,-0.005383064951270045,-0.01753664386625855,-0.011207006107538164,0.40405716479588777,2.8408693991626923,3.0601214632151366,2.626167021378945,-0.030599048715974485,-0.10263375688739582,-0.06685654736870239,2.8408693991626923,0.8252895424855391,0.8951007684260807,0.7674699749375476,-0.012033164835484066,-0.03595855596326678,-0.02365741413045397,0.8252895424855391,1.0285274317947488,0.028527431794748814,0.26280636134991603,0.2933766154472801,0.23617177112203072,-0.002805416479096651,-0.00958728906018268,-0.006184841144603714,0.26280636134991603,0.3373902142047882,0.36684501610505277,1.0324438343073095,0.03244383430730946,False,False,45.0
tirex,SZ_TAXI_15T,SZ Taxi,4,L4,block,block_depth,True,4,0.3333333333333333,0.3333333333333333,False,False,False,False,False,False,False,False,False,False,False,16416,0.40396085314643687,0.43893198648419895,0.3759106400040671,-0.006323062666715703,-0.016016821219370956,-0.011110694458087267,0.40396085314643687,2.84581625019601,3.06592832909688,2.6324572962768564,-0.041409180760491486,-0.10224414474541231,-0.07180339840201988,2.84581625019601,0.8251962748873134,0.8927972244691927,0.7686451349300829,-0.013635529592558072,-0.03350891110557431,-0.02356414653222827,0.8251962748873134,1.0282822705104249,0.028282270510424867,0.2632639902435883,0.29353176518292057,0.236582205676627,-0.0038580310093554956,-0.009519846308223775,-0.006642470038276005,0.2632639902435883,0.32930228114128113,0.36317940548253363,1.0221273875244876,0.02212738752448762,False,False,45.0
tirex,SZ_TAXI_15T,SZ Taxi,5,L5,block,block_depth,True,5,0.4166666666666667,0.4166666666666667,False,False,False,False,False,False,False,False,False,False,False,16416,0.4022311209104,0.4376214190505636,0.3736209775822667,-0.004087346474616207,-0.015093274175738683,-0.00938096222205037,0.4022311209104,2.82668434022353,3.0435213812563537,2.6160255266285666,-0.01995879397137639,-0.08507438147463217,-0.05267148842954006,2.82668434022353,0.8213992837963631,0.8901288325854539,0.7637021080057321,-0.009152763926841707,-0.03075061548388482,-0.01976715544127794,0.8213992837963631,1.0238792374511736,0.023879237451173596,0.26149411386453913,0.29163428310452943,0.23493715235392623,-0.0018502324854821276,-0.00792574608651757,-0.00487259365922682,0.26149411386453913,0.33083102107048035,0.36289363789061707,1.0213231269365923,0.02132312693659233,False,False,65.0
tirex,SZ_TAXI_15T,SZ Taxi,6,L6,block,block_depth,True,6,0.5,0.5,False,False,False,False,True,False,False,False,True,False,False,16416,0.39780845216069466,0.43256679233879997,0.36983686554221773,-0.00014230464465727645,-0.009739873536790799,-0.0049582934723450545,0.39780845216069466,2.8055428934536395,3.026290280627788,2.5915141455990907,-0.004432247350477297,-0.058398777838006,-0.031530041659649566,2.8055428934536395,0.8118962872351891,0.8789266570399963,0.7558085955639715,-0.000792962633646736,-0.019675653528294305,-0.010264158880104013,0.8118962872351891,1.012621335037511,0.013559677492284816,0.25953833698127043,0.2894603081432419,0.23293640000377674,-0.0004177270083780895,-0.005452919304097649,-0.00291681677595812,0.25953833698127043,0.3271580636501312,0.361840701303803,1.0183597559236373,0.018359755923637255,False,False,65.0
tirex,SZ_TAXI_15T,SZ Taxi,7,L7,block,block_depth,True,7,0.5833333333333334,0.5833333333333334,False,False,False,False,False,False,False,False,False,False,False,16416,0.3981770801429565,0.4321991038843034,0.3707622892366579,-0.0006216290072561655,-0.010328439797441939,-0.005326921454606892,0.3981770801429565,2.8124966218304204,3.036560460870955,2.5974362468603363,-0.01162594615173841,-0.06549356910909783,-0.03848377003643044,2.8124966218304204,0.8126142865836339,0.8798006126913044,0.7567199261217021,-0.0019955096462962413,-0.020589617974461846,-0.010982158228548755,0.8126142865836339,1.0135596774922848,0.013559677492284816,0.26018162035538683,0.2903106190722004,0.23347220346421144,-0.0010848549894220605,-0.0061500524272464175,-0.003560100150074519,0.26018162035538683,0.3277198374271393,0.36083059614667523,1.015516929128411,0.015516929128410961,False,False,65.0
tirex,SZ_TAXI_15T,SZ Taxi,8,L8,block,block_depth,True,8,0.6666666666666666,0.6666666666666666,False,False,False,True,False,False,False,True,False,False,False,16416,0.39540514732018495,0.4283137125034745,0.3686527062350741,0.001304484817844131,-0.006444294110704646,-0.002554988631835342,0.39540514732018495,2.7957273480629237,3.017492099067594,2.5827273528637402,-0.0015945826201553218,-0.04213098344254322,-0.021714496268933736,2.7957273480629237,0.8073276148079623,0.8714208289771018,0.7531537404378772,0.0019274891345409171,-0.013380034362161855,-0.0056954864528772076,0.8073276148079623,1.006503723048925,0.009396757016932877,0.25863030940015064,0.2888667768360719,0.23194434181483667,-0.00014169309795893437,-0.00390201225408821,-0.002008789194838323,0.25863030940015064,0.322252094745636,0.3582356675313069,1.0082137958383641,0.008213795838364124,False,False,45.0
tirex,SZ_TAXI_15T,SZ Taxi,9,L9,block,block_depth,True,9,0.75,0.75,False,False,False,False,False,False,False,False,False,False,False,16416,0.3957408285484864,0.4289731353569107,0.3687946001067758,0.00045220519010071676,-0.006350958958650231,-0.0028906698601368075,0.3957408285484864,2.791498886526913,3.012240227051193,2.5801278271343637,0.002296679931801967,-0.03737713403971601,-0.017486034732923095,2.791498886526913,0.8081958651063665,0.8729144072238234,0.7532659060045015,0.00010867119941493815,-0.013455063613452667,-0.006563736751281413,0.8081958651063665,1.0073581995481131,0.009396757016932877,0.2582391380950866,0.28862901374220323,0.23183243122374927,0.00021914735154582557,-0.0035015897910658537,-0.00161761788977427,0.2582391380950866,0.3259281814098358,0.35757147463468403,1.0063445000027826,0.006344500002782638,False,False,65.0
tirex,SZ_TAXI_15T,SZ Taxi,10,L10,block,block_depth,True,10,0.8333333333333334,0.8333333333333334,False,False,False,False,False,False,False,False,False,False,False,16416,0.3965416761736075,0.43071046854870826,0.36886203402223494,-0.0009051629652579386,-0.006601726621962532,-0.0036915174852579224,0.3965416761736075,2.7922047600516517,3.0154301432145685,2.579876142404515,-0.0008459120765432351,-0.03499427377733851,-0.018191908257661815,2.7922047600516517,0.8095040888253298,0.875930262888419,0.7537932017768559,-0.0022446946124363965,-0.013624821773085435,-0.007871960470244632,0.8095040888253298,1.0093967570169329,0.009396757016932877,0.2583044378419403,0.28864521167436474,0.23184520352006516,-7.545080341988817e-05,-0.0032565151137589564,-0.0016829176366279786,0.2583044378419403,0.3249874711036682,0.3572512788172716,1.0054433450655602,0.005443345065560212,False,False,65.0
tirex,SZ_TAXI_15T,SZ Taxi,11,L11,block,block_depth,True,11,0.9166666666666666,0.9166666666666666,False,False,False,False,False,False,False,False,False,False,False,16416,0.3946676600055817,0.42800882240661825,0.36742033544593516,0.0003211159808322136,-0.003953790564376591,-0.001817501317232073,0.3946676600055817,2.786280778896431,3.008087743911482,2.572961424790504,0.001425667957197818,-0.02545513940765278,-0.012267927102441067,2.786280778896431,0.8055279075997563,0.871026611599702,0.7508462148463634,0.0005072990281983788,-0.008163489284156866,-0.003895779244671216,0.8055279075997563,1.0046264492377968,0.004626449237796759,0.25775641548914646,0.2878438516854926,0.2313143248678961,0.0001341221528971951,-0.002339073701109961,-0.0011348952838341475,0.25775641548914646,0.3194665312767029,0.3557830212207941,1.0013111000135408,0.0013111000135408446,False,False,45.0
tirex,SZ_TAXI_15T,SZ Taxi,12,L12,block,block_depth,True,12,1.0,1.0,False,True,False,False,False,False,False,False,False,False,False,16416,0.3928501586883496,0.42656485543419154,0.3654862087076673,0.0,0.0,0.0,0.3928501586883496,2.77401285179399,2.9965822968103972,2.56097935430755,0.0,0.0,0.0,2.77401285179399,0.8016321283550851,0.8670585836126826,0.7459707162923134,0.0,0.0,0.0,0.8016321283550851,1.0,0.0,0.2566215202053123,0.287053327257345,0.23022442593571665,0.0,0.0,0.0,0.2566215202053123,0.3202930986881256,0.35531716488110715,1.0,0.0,False,False,45.0
tirex,SZ_TAXI_15T,SZ Taxi,13,L12+RMS,final_norm,head_input_diagnostic,False,12,,,False,False,True,False,False,False,False,False,False,False,False,16416,0.39221526968937653,0.4236434847379151,0.36599611087630574,0.00514402886470546,-0.0024014418586515663,0.000634888998973071,0.39221526968937653,2.776450508824901,2.999490373463073,2.5627540546063554,0.007526312572740486,-0.012666437572939893,-0.0024376570309110335,2.776450508824901,0.8003971649478504,0.861671240683741,0.7473569882272462,0.010177239221385576,-0.004708445556370724,0.0012349634072347238,0.8003971649478504,,,0.25684702574059026,0.28729592444068086,0.23043339857105086,0.0007112289346868768,-0.0011660905317723547,-0.0002255055352779478,0.25684702574059026,0.31802019476890564,0.35563930126432425,,,False,False,45.0
tirex,monash_london_smart_meters,London Smart Meters,0,Emb,embedding,block_depth,True,0,0.0,0.0,False,False,False,False,False,False,False,False,False,False,False,16416,0.30072369776268043,0.32563200851667756,0.28048864043786953,-0.04978037865206828,-0.06381680678953025,-0.05677988779738205,0.30072369776268043,0.11439093739860443,0.12831707684294918,0.10193863186449115,-0.017706744833121974,-0.0259964189760854,-0.02171872352263543,0.11439093739860443,1.0524651271143595,1.236268770121712,0.9231818613553538,-0.16908789766387938,-0.23477853168647178,-0.20021587000566854,1.0524651271143595,1.2327580593475977,0.23275805934759775,0.556465220916667,0.5894026941713636,0.5251793825147919,-0.08686367169651257,-0.12450832731899915,-0.10565272527610903,0.556465220916667,0.3026188611984253,0.3419243889284953,1.1865740906427171,0.18657409064271713,False,False,1.0
tirex,monash_london_smart_meters,London Smart Meters,1,L1,block,block_depth,True,1,0.08333333333333333,0.08333333333333333,False,False,False,False,False,False,False,False,False,False,False,16416,0.2722881718304094,0.297066397361372,0.2527083872284257,-0.023798250227825325,-0.03283325443328676,-0.028344361865110995,0.2722881718304094,0.10351292058763625,0.11578519743714215,0.09232167357815008,-0.008134243686171494,-0.013653729435947963,-0.010840706711667258,0.10351292058763625,0.9500124020788313,1.1296831192599255,0.8292805964023078,-0.07947649758476058,-0.11650711801074931,-0.09776314497014038,0.9500124020788313,1.1161921750305657,0.11619217503056567,0.5035481090762628,0.5320651765248703,0.4759904692337441,-0.039023926035117326,-0.0661806783246924,-0.052735613435704876,0.5035481090762628,0.2699669599533081,0.31793869157385735,1.103336954162924,0.1033369541629241,False,False,3.0
tirex,monash_london_smart_meters,London Smart Meters,2,L2,block,block_depth,True,2,0.16666666666666666,0.16666666666666666,False,False,False,False,False,False,True,False,False,False,True,16416,0.26144747480124464,0.2864566501873396,0.24200768050567054,-0.013650120103035035,-0.02132748431945573,-0.01750366483594626,0.26144747480124464,0.09999191400485086,0.11251634808674081,0.0888082588338555,-0.0051872155781300215,-0.009621145234949773,-0.007319700128881862,0.09999191400485086,0.9109896461528776,1.089372677514165,0.7934628318870145,-0.03813566092005523,-0.07804436317332501,-0.05874038904418666,0.9109896461528776,1.0717528550465625,0.07175285504656248,0.48641984917651815,0.5170540618271068,0.45778774814715517,-0.025078840942786854,-0.04651251430026601,-0.03560735353596023,0.48641984917651815,0.2612874209880829,0.30911973587998,1.072732689969681,0.07273268996968096,False,False,10.0
tirex,monash_london_smart_meters,London Smart Meters,3,L3,block,block_depth,True,3,0.25,0.25,False,False,False,False,False,False,False,False,False,False,False,16416,0.25829297278559843,0.28325925012339503,0.23901846568803978,-0.011287072601991183,-0.017552127776212467,-0.014349162820300049,0.25829297278559843,0.09908171947179688,0.11164046670179217,0.08790751222534962,-0.004480849523118455,-0.00860149293116482,-0.006409505595827883,0.09908171947179688,0.898802943445585,1.0755373692773753,0.7824623980378891,-0.026217181770348597,-0.06423079571152267,-0.04655368633689405,0.898802943445585,1.0588215901946487,0.07155977431177396,0.4819921242760034,0.5133844550184745,0.45297289344120284,-0.02186065447369608,-0.04150935919260482,-0.03117962863544549,0.4819921242760034,0.2548847794532776,0.30507854059452316,1.0587086022584258,0.06322873285867603,False,False,10.0
tirex,monash_london_smart_meters,London Smart Meters,4,L4,block,block_depth,True,4,0.3333333333333333,0.3333333333333333,False,False,False,False,False,False,False,False,False,False,False,16416,0.25899963006945964,0.2840472179507652,0.2396518242652066,-0.012021492790245948,-0.018140481602940847,-0.01505582010416126,0.25899963006945964,0.09944155024117458,0.11199414360847368,0.08818482271809837,-0.004865820430480111,-0.008906251668008992,-0.006769336365205589,0.09944155024117458,0.9046909548733254,1.0825249450309324,0.7866489609528666,-0.03874874117384744,-0.06626327792182025,-0.052441697764634476,0.9046909548733254,1.0617183937001844,0.07155977431177396,0.4837425541013719,0.5151778508505109,0.454181497133508,-0.023559978537114418,-0.043106190424474326,-0.03293005846081398,0.4837425541013719,0.2513749897480011,0.30480649728925174,1.0577645352423832,0.06322873285867603,False,False,10.0
tirex,monash_london_smart_meters,London Smart Meters,5,L5,block,block_depth,True,5,0.4166666666666667,0.4166666666666667,False,False,False,False,False,False,False,False,False,False,False,16416,0.2596154090102392,0.2846472354143687,0.24001163595164096,-0.012242097572871409,-0.01903604740056545,-0.015671599044940837,0.2596154090102392,0.09952722312359419,0.1118104497123444,0.08839317182432654,-0.0044824062151008,-0.009237517719581105,-0.006855009247625193,0.09952722312359419,0.9044652722264453,1.082188626818195,0.7869602953354496,-0.03569853175666507,-0.06841027554143858,-0.05221601511775442,0.9044652722264453,1.0642426591893033,0.07155977431177396,0.48415931770630743,0.5131059686642078,0.45624629313171255,-0.02163104395952184,-0.04442786689841327,-0.033346822065749515,0.48415931770630743,0.25604134798049927,0.30581220803881876,1.0612546352667094,0.06322873285867603,False,False,30.0
tirex,monash_london_smart_meters,London Smart Meters,6,L6,block,block_depth,True,6,0.5,0.5,False,False,False,False,False,False,False,False,False,False,False,16416,0.2614003739511694,0.2863514617974123,0.24194507097526816,-0.014392375526594291,-0.020626766279780558,-0.017456563985871004,0.2614003739511694,0.10016623053391825,0.11249123389770482,0.08905216543502395,-0.005386756709332163,-0.009767008933786459,-0.007494016657949257,0.10016623053391825,0.9125546088153473,1.0899910808729254,0.7946600655552117,-0.04696693637614555,-0.07413793621416566,-0.06030535170665641,0.9125546088153473,1.071559774311774,0.07155977431177396,0.48726782794181933,0.51706484319248,0.4591735362633538,-0.025943356983526244,-0.047275566868286906,-0.03645533230126141,0.48726782794181933,0.2488069236278534,0.3063810659956386,1.063228732858676,0.06322873285867603,False,False,10.0
tirex,monash_london_smart_meters,London Smart Meters,7,L7,block,block_depth,True,7,0.5833333333333334,0.5833333333333334,False,False,False,False,False,False,False,False,False,False,False,16416,0.26035889408743107,0.2852489623084721,0.2410482971033238,-0.013162620382326573,-0.01974223097964039,-0.01641508412213269,0.26035889408743107,0.09978397434213701,0.1123011677792906,0.08863843556927867,-0.00509510882405073,-0.009330015848324925,-0.007111760466168016,0.09978397434213701,0.9083958955319181,1.0849856293489892,0.7911376878511349,-0.04053764486109637,-0.07115002419905295,-0.0561466384232272,0.9083958955319181,1.0672904310401143,0.06729043104011434,0.4854083075895636,0.515628320955226,0.45691379778298274,-0.024538238157422444,-0.045175103290081155,-0.034595811949005684,0.4854083075895636,0.24878321588039398,0.3056905303463226,1.0608323793469794,0.06083237934697938,False,False,10.0
tirex,monash_london_smart_meters,London Smart Meters,8,L8,block,block_depth,True,8,0.6666666666666666,0.6666666666666666,True,False,False,False,False,True,False,False,False,True,False,16416,0.25671808057613954,0.281536410073572,0.23732875292935898,-0.010160383921585792,-0.015500064356650646,-0.01277427061084116,0.25671808057613954,0.09812552562536735,0.11059669033756843,0.087082010457432,-0.003664497207904915,-0.007402271083678866,-0.005453311749398351,0.09812552562536735,0.8940068060592519,1.0706978727532992,0.7773269556373663,-0.023801435562683767,-0.056998044603596094,-0.04175754895056094,0.8940068060592519,1.0523656272018476,0.052365627201847564,0.47734063149088474,0.5086215792934271,0.4481701189923596,-0.01741249725609695,-0.0361728955743501,-0.026528135850326817,0.47734063149088474,0.24726471304893494,0.30087721700431735,1.0441288241555342,0.04412882415553421,False,False,10.0
tirex,monash_london_smart_meters,London Smart Meters,9,L9,block,block_depth,True,9,0.75,0.75,False,False,False,False,False,False,False,False,False,False,False,16416,0.2540831859330185,0.27879833946473725,0.2346027034157105,-0.007374909926092131,-0.012976173742652967,-0.010139375967720105,0.2540831859330185,0.09735008063617323,0.11033720962056175,0.08608418388765958,-0.0030810021177746756,-0.006491425342828516,-0.004677866760204236,0.09735008063617323,0.8842134853639861,1.0590801124971168,0.7682712247250237,-0.01072858674281045,-0.048984150128487905,-0.03196422825529521,0.8842134853639861,1.0415643912799528,0.04156439127995282,0.47356840812220125,0.5065037279733489,0.44364497103455997,-0.015144475286801254,-0.03081156944666631,-0.022755912481643326,0.47356840812220125,0.25276967883110046,0.2989749689906381,1.037527486900588,0.037527486900587936,False,False,30.0
tirex,monash_london_smart_meters,London Smart Meters,10,L10,block,block_depth,True,10,0.8333333333333334,0.8333333333333334,False,False,False,False,False,False,False,False,False,False,False,16416,0.25273874291140613,0.2776487147108517,0.23314190905199933,-0.006216203980147828,-0.011289930182246099,-0.008794932946107753,0.25273874291140613,0.09708919850998131,0.11021844734698097,0.08567726358492601,-0.0030061602627085805,-0.005971519600884153,-0.004416984634012314,0.09708919850998131,0.8783018281825844,1.053315772511425,0.7623471647586283,-0.003911058882125087,-0.04211787208037805,-0.02605257107389347,0.8783018281825844,1.0360531097196475,0.03605310971964748,0.47229932305929334,0.5058470666530118,0.4427303814900159,-0.015040828769864376,-0.028220943104439133,-0.02148682741873542,0.47229932305929334,0.24963881075382233,0.29585064051829224,1.026685185690193,0.02668518569019307,False,False,30.0
tirex,monash_london_smart_meters,London Smart Meters,11,L11,block,block_depth,True,11,0.9166666666666666,0.9166666666666666,False,False,False,False,True,False,False,False,True,False,False,16416,0.24650548028809424,0.2707795855489681,0.22735486457636225,-0.0010275750424542057,-0.0040802749236405825,-0.0025616703227958615,0.24650548028809424,0.09412152901026773,0.10664195853973701,0.0833023733271732,-0.0006692901744641428,-0.0023037088820096778,-0.0014493151342987315,0.09412152901026773,0.8547141261714416,1.030778003497898,0.7402911156745141,0.014063282096444939,-0.013582801144856355,-0.002464869062750674,0.8547141261714416,1.0105010671234504,0.010501067123450447,0.4578628222199715,0.4905501061417673,0.4285679830028238,-0.003223366316674791,-0.0111008433914483,-0.007050326579413568,0.4578628222199715,0.2397288829088211,0.29107990660455846,1.0101293931270283,0.010129393127028319,False,False,10.0
tirex,monash_london_smart_meters,London Smart Meters,12,L12,block,block_depth,True,12,1.0,1.0,False,True,False,True,False,False,False,True,False,False,False,16416,0.24394380996529838,0.2683736905398715,0.22465504999627994,0.0,0.0,0.0,0.24394380996529838,0.092672213875969,0.10519814456515551,0.08188764632153567,0.0,0.0,0.0,0.092672213875969,0.8522492571086909,1.0286233665006035,0.7332457820091035,0.0,0.0,0.0,0.8522492571086909,1.0,0.0,0.4508124956405579,0.48405831029372715,0.4215286926904846,0.0,0.0,0.0,0.4508124956405579,0.23801350593566895,0.2881610104458705,1.0,0.0,False,False,10.0
tirex,monash_london_smart_meters,London Smart Meters,13,L12+RMS,final_norm,head_input_diagnostic,False,12,,,False,False,True,False,False,False,False,False,False,False,False,16416,0.24259116133063577,0.26719320114339407,0.22291545741142746,0.0027309644851790924,-0.00017383215888511284,0.001352648634662612,0.24259116133063577,0.09198849021017637,0.10459855026111992,0.08118548045074303,0.001346335373936225,6.407944530553296e-05,0.0006837236657926266,0.09198849021017637,0.8490036214642246,1.0261531695424966,0.7271644040991724,0.01107015321195762,-0.006290474001089938,0.003245635644466338,0.8490036214642246,,,0.44748645907346984,0.48128040992223164,0.4174137084367206,0.006537733831099937,0.0003030332098686084,0.0033260365670880754,0.44748645907346984,0.23472847044467926,0.28579312567208104,,,False,False,10.0
tirex,m5,M5,0,Emb,embedding,block_depth,True,0,0.0,0.0,True,False,False,False,False,True,True,False,False,True,True,16416,0.3576840997908179,0.37969678099167653,0.3368281397026544,-0.00379056777922395,-0.010368406996912995,-0.007112645330831724,0.3576840997908179,1.0698273318118536,1.278750001307545,0.898576022117781,-0.0038657954144465565,-0.061927811020473865,-0.029775883753522026,1.0698273318118536,1.0920025436944207,1.2214451587296,0.9804071199863287,-0.013080973453354128,-0.036057067169120736,-0.024501831274341912,1.0920025436944207,1.020288717864345,0.02028871786434494,0.7594134526857882,0.8488333168112686,0.6877145475188701,-0.003105624450554263,-0.03738825053571973,-0.02113631425899065,0.7594134526857882,0.31733787059783936,0.3323607964953052,1.0202091223753673,0.020209122375367317,False,False,30.0
tirex,m5,M5,1,L1,block,block_depth,True,1,0.08333333333333333,0.08333333333333333,False,False,False,False,True,False,False,False,True,False,False,16416,0.35417343870885953,0.3758502761659191,0.3338822330006946,-0.0005978868158093551,-0.006453359119046724,-0.003601984248873369,0.35417343870885953,1.0569368075936678,1.2582371504892556,0.8915698475034891,-8.510111595336315e-05,-0.036734929427368765,-0.01688535953533621,1.0569368075936678,1.0731110760067881,1.1985163127207599,0.9660059804837544,0.005807851333783225,-0.0159880734025701,-0.005610363586709299,1.0731110760067881,1.0102746079381215,0.010274607938121516,0.7502631559861486,0.843573701980497,0.6736346447042719,-7.794487410758683e-05,-0.022413131030630914,-0.011986017559351025,0.7502631559861486,0.3088027238845825,0.33011599520633694,1.0133185180168662,0.013318518016866232,False,False,10.0
tirex,m5,M5,2,L2,block,block_depth,True,2,0.16666666666666666,0.16666666666666666,False,False,False,True,False,False,False,True,False,False,False,16416,0.3532084380169861,0.37538117388448183,0.3323989243833135,-0.00014866404608601902,-0.005102222697020195,-0.002636983556999928,0.3532084380169861,1.0591624692755035,1.259910792450422,0.8931288110636194,-0.00654061232960564,-0.0323532422424582,-0.019111021217171897,1.0591624692755035,1.0718125015320985,1.1993446590237882,0.9610104685281636,0.003384979147418848,-0.011958097533352603,-0.004311789112019682,1.0718125015320985,1.0075219574310803,0.007521957431080306,0.7518430346937254,0.848023400186821,0.6712782521348883,-0.005403455973988867,-0.020231859015636296,-0.013565896266927835,0.7518430346937254,0.3087156116962433,0.3276142703994881,1.0056392655402404,0.005639265540240412,False,False,30.0
tirex,m5,M5,3,L3,block,block_depth,True,3,0.25,0.25,False,False,False,False,False,False,False,False,False,False,False,16416,0.3530935201196725,0.37516436710320983,0.3322944313262853,-8.234361556306892e-05,-0.004932761251862467,-0.0025220656596863233,0.3530935201196725,1.0639561613692325,1.2683825172851255,0.8957877223238657,-0.009460783682104859,-0.04065503949760417,-0.023904713310900938,1.0639561613692325,1.07092357055521,1.1978573468050688,0.9610635554682148,0.004383809098747249,-0.011086505035538891,-0.0034228581351312126,1.07092357055521,1.0071941557922086,0.007194155792208612,0.7552458214386162,0.8518043226185623,0.673692505969036,-0.00780725973772102,-0.025207185581115392,-0.01696868301181864,0.7552458214386162,0.30688607692718506,0.3272481329724875,1.0045153762397936,0.004515376239793589,False,False,30.0
tirex,m5,M5,4,L4,block,block_depth,True,4,0.3333333333333333,0.3333333333333333,False,False,False,False,False,False,False,False,False,False,False,16416,0.3509160589696911,0.37305460674652674,0.33014706889494455,0.002003153698618388,-0.0026941135269767462,-0.0003446045097049155,0.3509160589696911,1.057717701258596,1.2622521131032622,0.8909343402295571,-0.002194697620843968,-0.036422065862888944,-0.017666253200264492,1.057717701258596,1.0645150238391201,1.1911080944976795,0.9551781749429257,0.010409233344938195,-0.004463694529452921,0.002985688580958712,1.0645150238391201,1.0009829793764462,0.002078860801644433,0.7508174708149342,0.8465273122034748,0.6705896506064071,-0.0017390931898872328,-0.022641283438925824,-0.012540332388136677,0.7508174708149342,0.3051547706127167,0.32560908114039944,0.9994841702468631,0.0,False,False,30.0
tirex,m5,M5,5,L5,block,block_depth,True,5,0.4166666666666667,0.4166666666666667,False,False,False,False,False,False,False,False,False,False,False,16416,0.3505987243030135,0.3725769692534253,0.32964095288446843,0.0022273245724344737,-0.002338233602745106,-2.7269843027311058e-05,0.3505987243030135,1.0626654230390575,1.2732023498317173,0.8920870614569552,-0.00531310242510392,-0.04447912095572288,-0.022613974980725926,1.0626654230390575,1.0649379191157986,1.1914885588750213,0.9549800296468012,0.010019540593083092,-0.005101735617046382,0.00256279330428022,1.0649379191157986,1.000077786832557,0.002078860801644433,0.7543295950320876,0.8493091600318974,0.6742014141033265,-0.0044926060883065,-0.02669753032322588,-0.01605245660529009,0.7543295950320876,0.30305251479148865,0.32462485042180267,0.9964629921529881,0.0,False,False,30.0
tirex,m5,M5,6,L6,block,block_depth,True,6,0.5,0.5,False,False,False,False,False,False,False,False,False,False,False,16416,0.35130024371483853,0.37350880817638155,0.3302083105463819,0.0017499517635193881,-0.003205708466925257,-0.0007287892548523689,0.35130024371483853,1.0674814600810394,1.2796325743110728,0.8951125939273902,-0.00839733450322488,-0.05157875292710742,-0.027430012022707784,1.0674814600810394,1.068399181969657,1.196524600418829,0.9562862643909639,0.00812334272791277,-0.009987432828953851,-0.0008984695495781736,1.068399181969657,1.0020788608016444,0.002078860801644433,0.7577482432658358,0.8539964449220179,0.6778310540171583,-0.007033408227160294,-0.03090335419569316,-0.019471104839038245,0.7577482432658358,0.3036147952079773,0.32420284168098035,0.9951676012054124,0.0,False,False,30.0
tirex,m5,M5,7,L7,block,block_depth,True,7,0.5833333333333334,0.5833333333333334,False,False,False,False,False,False,False,False,False,False,False,16416,0.3493569548035623,0.3716280137352247,0.32813262811556226,0.0036529860038040183,-0.0011911320556950516,0.0012144996564238397,0.3493569548035623,1.0543846890533246,1.2536743284960323,0.8897209797849711,-0.0012486832236893223,-0.030456284963283602,-0.014333240994993002,1.0543846890533246,1.0617005878016288,1.1891458112207545,0.9511789042107643,0.014451454868853244,-0.0029309016277657917,0.005800124618450031,1.0617005878016288,0.9965356573075962,0.0,0.7484515429391131,0.8441281086510073,0.670498919749318,-0.0009998323608365776,-0.018748041474148748,-0.010174404512315549,0.7484515429391131,0.30221322178840637,0.32317624494205904,0.9920163770866463,0.0,False,False,30.0
tirex,m5,M5,8,L8,block,block_depth,True,8,0.6666666666666666,0.6666666666666666,False,False,False,False,False,False,False,False,False,False,False,16416,0.3490256016348837,0.3710714178625494,0.32791603757210697,0.0036249200518435163,-0.0005195770124755417,0.001545852825102445,0.3490256016348837,1.0500416711942786,1.2462690826417442,0.8874966742664108,0.00017624948873053118,-0.02122391153126695,-0.009990223135946996,1.0500416711942786,1.059448971886251,1.1857944128230167,0.9489061843162313,0.01510546239261786,0.0011165686210778626,0.008051740533827845,1.059448971886251,0.9955904771896399,0.0,0.7453686658342362,0.8451627825939344,0.6635901490115103,0.00013536905840426505,-0.014467688243921636,-0.00709152740743868,0.7453686658342362,0.30446016788482666,0.32325436747170816,0.992256180692401,0.0,False,False,45.0
tirex,m5,M5,9,L9,block,block_depth,True,9,0.75,0.75,False,False,False,False,False,False,False,False,False,False,False,16416,0.3478427156308339,0.36966238515309363,0.326957063238627,0.0045541248389143075,0.0008828972574707121,0.002728738829152255,0.3478427156308339,1.0444391552987309,1.2376972269297124,0.8833098544994848,0.005233876199500225,-0.015241545640092696,-0.0043877072403992745,1.0444391552987309,1.0559143274408822,1.1817976899794171,0.9462739630597783,0.017806859425603914,0.005401269485805482,0.011586384979196618,1.0559143274408822,0.9922163119830861,0.0,0.7413917381437096,0.8410094676989923,0.6602712312906095,0.003841240535080122,-0.010682024658996028,-0.003114599716912081,0.7413917381437096,0.3038260042667389,0.32296810445610347,0.991377472544514,0.0,False,False,45.0
tirex,m5,M5,10,L10,block,block_depth,True,10,0.8333333333333334,0.8333333333333334,False,False,False,False,False,False,False,False,False,False,False,16416,0.3457632153046154,0.36742216996059446,0.3251827539453098,0.006421087728813312,0.0032110974425449967,0.004808239155370764,0.3457632153046154,1.0319644307767921,1.2180927575663512,0.8733463720684793,0.018860374119824393,-0.002426515114180777,0.008087017281539488,1.0319644307767921,1.049255642113863,1.1742897097222686,0.9404929180438013,0.023991553641358652,0.012746514814038629,0.018245070306215805,1.049255642113863,0.9862845673993129,0.0,0.7325365955063782,0.8332621527446108,0.6514251964435016,0.01281189265152149,-0.0017991605360284768,0.005740542920419367,0.7325365955063782,0.3004136085510254,0.3220396073933207,0.9885273735450579,0.0,False,False,30.0
tirex,m5,M5,11,L11,block,block_depth,True,11,0.9166666666666666,0.9166666666666666,False,False,False,False,False,False,False,False,False,False,False,16416,0.34830893851987277,0.3699141332470875,0.3277953049910916,0.0034821217405104797,0.000999659807101376,0.0022625159401133965,0.34830893851987277,1.0386307599740028,1.2298437662780246,0.8776819339813725,0.00894306550659688,-0.00665111861476404,0.001420688084328825,1.0386307599740028,1.0579697836313267,1.1829337198757781,0.9496749932552881,0.013666547648366605,0.005383566974765203,0.009530928788752169,1.0579697836313267,0.9935462060263904,0.0,0.7372686676098457,0.836767915747607,0.6573995400884821,0.006476413569894122,-0.0044461645472024134,0.0010084708169518786,0.7372686676098457,0.3058757781982422,0.3235830857297619,0.9932652087399146,0.0,False,False,45.0
tirex,m5,M5,12,L12,block,block_depth,True,12,1.0,1.0,False,True,False,False,False,False,False,False,False,False,False,16416,0.35057145445998616,0.3724971584019514,0.32996255461702423,0.0,0.0,0.0,0.35057145445998616,1.0400514480583316,1.2329441202551503,0.880474732606033,0.0,0.0,0.0,1.0400514480583316,1.0675007124200788,1.1940062450911195,0.9580242845382053,0.0,0.0,0.0,1.0675007124200788,1.0,0.0,0.7382771384267975,0.8383486120211104,0.6554410990627672,0.0,0.0,0.0,0.7382771384267975,0.30940842628479004,0.32577712667522996,1.0,0.0,False,False,45.0
tirex,m5,M5,13,L12+RMS,final_norm,head_input_diagnostic,False,12,,,False,False,True,False,False,False,False,False,False,False,False,16416,0.34719441155725306,0.3681709881793736,0.3271450485810211,0.00705719383198852,0.0002932809175965848,0.0033770429027331073,0.34719441155725306,1.0174094497142627,1.1946842051310411,0.8669037437949604,0.05014915632090419,0.0036197344984842538,0.02264199834406888,1.0174094497142627,1.047111453756538,1.1685442976511193,0.94465250895392,0.04063865326308213,0.004621237105083129,0.0203892586635408,1.047111453756538,,,0.722204789528163,0.8267550561549871,0.6403212671746605,0.03162471553902912,0.0027877605219125525,0.016072348898634514,0.722204789528163,0.3081163167953491,0.32624623736807407,,,False,False,45.0
tirex,wiki_daily_100k,Wiki Daily,0,Emb,embedding,block_depth,True,0,0.0,0.0,False,False,False,False,False,False,True,False,False,False,True,16416,0.32200243498220016,0.3477781211793821,0.2968184731566553,-0.01812874163369441,-0.03066618640885778,-0.024388127832296713,0.32200243498220016,41.365088387760395,55.39311785384038,29.470955895723428,4.981144630403742,-9.1733721722128,-2.2111594080654626,41.365088387760395,0.9354256158705478,1.0130225449755879,0.8625055149013162,-0.048904092021875074,-0.11299480183360885,-0.08015498564958412,0.9354256158705478,1.081945414741143,0.08194541474114292,0.3004914985046294,0.374561623038514,0.24485631112842804,0.03552974928375511,-0.06991415032181876,-0.01606269029897206,0.3004914985046294,0.3454311490058899,0.3276751254194679,1.0613973695442778,0.06139736954427777,False,False,3.0
tirex,wiki_daily_100k,Wiki Daily,1,L1,block,block_depth,True,1,0.08333333333333333,0.08333333333333333,True,False,False,False,False,True,False,False,False,True,False,16416,0.3175882261587691,0.342687219380266,0.2932609658805611,-0.014207504959137146,-0.0260116343137645,-0.019973919008865637,0.3175882261587691,41.472276510394146,55.659024485773244,29.407608013877166,3.9213790070881593,-8.475849755284383,-2.3183475306992136,41.472276510394146,0.9236469744312371,1.001527784795372,0.8536106596990761,-0.04008175425206238,-0.10002258813565527,-0.06837634421027339,0.9236469744312371,1.0671134368510218,0.06711343685102178,0.30127015318294614,0.37070405722604566,0.2469128297136233,0.02773816401119619,-0.06269806390204255,-0.016841344977288786,0.30127015318294614,0.3280600607395172,0.3193135151554269,1.0343126430852694,0.034868219860017646,False,False,3.0
tirex,wiki_daily_100k,Wiki Daily,2,L2,block,block_depth,True,2,0.16666666666666666,0.16666666666666666,False,False,False,False,False,False,False,False,False,False,False,16416,0.3141545237376148,0.3392794206331463,0.2897348980591739,-0.01138021064947096,-0.02188378383693435,-0.016540216587711376,0.3141545237376148,39.890435878280705,53.35869664962855,28.297212446556486,4.070807883201532,-5.617514693392573,-0.7365068985857732,39.890435878280705,0.9074593902143366,0.981119103322154,0.8400613612405986,-0.02896768199157678,-0.07878831778885592,-0.05218875999337291,0.9074593902143366,1.0555760129481286,0.05557601294812864,0.2897790702319443,0.35123666419629557,0.24018556038141717,0.02917988970594098,-0.04026488553544686,-0.005350262026286967,0.2897790702319443,0.33461302518844604,0.31948503309448484,1.0348682198600176,0.034868219860017646,False,False,30.0
tirex,wiki_daily_100k,Wiki Daily,3,L3,block,block_depth,True,3,0.25,0.25,False,False,False,False,False,False,False,False,False,False,False,16416,0.31271360517401275,0.3376154494358099,0.2885470570409884,-0.01005387576083641,-0.020459928455982924,-0.015099298024109309,0.31271360517401275,39.68973703725527,52.880298519086885,28.209771455014074,4.15511353922574,-5.141592263064105,-0.5358080575603381,39.68973703725527,0.9045148311247254,0.9778885663559905,0.8377039214466934,-0.02631639999199906,-0.07535255850982336,-0.04924420090376169,0.9045148311247254,1.050734449458117,0.05325793162424963,0.2883211186636426,0.34999564831066954,0.23889820186681301,0.029901391784928243,-0.037786801576402455,-0.0038923104579852152,0.2883211186636426,0.3327920436859131,0.3192673706741051,1.0341631729934178,0.034163172993417756,False,False,30.0
tirex,wiki_daily_100k,Wiki Daily,4,L4,block,block_depth,True,4,0.3333333333333333,0.3333333333333333,False,False,False,False,False,False,False,False,False,False,False,16416,0.3134646295704914,0.33860845804456197,0.2894672113676904,-0.01076386216530249,-0.021151044170322444,-0.01585032242058798,0.3134646295704914,40.24205448005905,53.79490791526068,28.608411949011085,3.602802082220795,-5.666163443239307,-1.0881255003641215,40.24205448005905,0.906063697657579,0.9803877332219597,0.8390593463550357,-0.027805291622511538,-0.076783658544998,-0.05079306743661527,0.906063697657579,1.0532579316242496,0.05325793162424963,0.2923333594808884,0.35601720064982684,0.24218747255890657,0.02505378291769411,-0.04100555577295106,-0.007904551275231042,0.2923333594808884,0.3304208815097809,0.3185026271425131,1.0316860341756064,0.03168603417560645,False,False,30.0
tirex,wiki_daily_100k,Wiki Daily,5,L5,block,block_depth,True,5,0.4166666666666667,0.4166666666666667,False,False,False,False,False,False,False,False,False,False,False,16416,0.31112315738929136,0.3364423397064692,0.2870851728180068,-0.009041262474195434,-0.018161857728526437,-0.013508850239387915,0.31112315738929136,41.16129428881789,55.18927103695813,28.792566891115104,0.8737432175743132,-5.534112354160509,-2.00736530912296,41.16129428881789,0.8977480348391462,0.9713614164348363,0.8308797903756633,-0.023462308889046248,-0.06463319243276112,-0.0424774046181825,0.8977480348391462,1.045390459782512,0.045390459782512105,0.2990110618232526,0.3632127603464582,0.24609471623009538,0.0067327443302248055,-0.03874195022070076,-0.014582253617595242,0.2990110618232526,0.32680651545524597,0.3180425010536236,1.0301956048371548,0.030195604837154777,False,False,30.0
tirex,wiki_daily_100k,Wiki Daily,6,L6,block,block_depth,True,6,0.5,0.5,False,False,False,False,False,False,False,False,False,False,False,16416,0.31006362112878844,0.33506750277001834,0.28604059978459345,-0.008118545287466472,-0.017182591738790734,-0.01244931397888499,0.31006362112878844,40.953123455003826,55.1373748605553,28.65992167334081,1.181531318817815,-5.2991509905076075,-1.7991944753088944,40.953123455003826,0.8939309343811402,0.9653845845027815,0.8286940679166435,-0.019784217177227212,-0.06098648039122732,-0.03866030416017652,0.8939309343811402,1.041830361242057,0.04183036124205697,0.2974988309001282,0.36724948218327325,0.24158842707556502,0.00854012522085517,-0.037600872487703184,-0.013070022694470829,0.2974988309001282,0.3259526789188385,0.3167189696931657,1.025908453950431,0.025908453950431065,False,False,30.0
tirex,wiki_daily_100k,Wiki Daily,7,L7,block,block_depth,True,7,0.5833333333333334,0.5833333333333334,False,False,False,False,False,False,False,False,False,False,False,16416,0.3080126631805915,0.3332401637382492,0.28367968319901016,-0.00628467453608133,-0.014958922328598055,-0.01039835603068806,0.3080126631805915,41.12468044765866,56.44838076213851,28.036308600367988,0.8279412796412536,-5.125571071883681,-1.97075146796373,41.12468044765866,0.8844860181784522,0.956172914620528,0.8187119705788354,-0.011330327939214818,-0.05009587443147365,-0.02921538795748846,0.8844860181784522,1.0349390327711987,0.0349390327711987,0.2987450851645589,0.37411650713802524,0.2367509734440421,0.006256353992067297,-0.03609130426546843,-0.01431627695890153,0.2987450851645589,0.328769326210022,0.31570546377364916,1.0226255300006337,0.02262553000063372,False,False,45.0
tirex,wiki_daily_100k,Wiki Daily,8,L8,block,block_depth,True,8,0.6666666666666666,0.6666666666666666,False,False,False,False,True,False,False,False,True,False,False,16416,0.30631444128301305,0.3312974889599185,0.2821776771487825,-0.005500518587481868,-0.011997846184824523,-0.008700134133109605,0.30631444128301305,40.26097262044201,54.18232756660519,28.034083474565463,0.690850644716194,-3.217990723928127,-1.1070436407470794,40.26097262044201,0.8803821479404913,0.9499994314829369,0.816284716683784,-0.011861896228426925,-0.039984288841975094,-0.025111517719527576,0.8803821479404913,1.029232916308447,0.029232916308447043,0.2924707879398658,0.35719341971842217,0.23833042439864563,0.005040586290902934,-0.02282046734144841,-0.008041979734208449,0.2924707879398658,0.32225266098976135,0.31244128857177633,1.0120522923507989,0.012052292350798854,False,False,30.0
tirex,wiki_daily_100k,Wiki Daily,9,L9,block,block_depth,True,9,0.75,0.75,False,False,False,True,False,False,False,True,False,False,False,16416,0.3033703316486519,0.32822516552129943,0.2791822930872583,-0.0034515384335838855,-0.008263853641994678,-0.005756024498748458,0.3033703316486519,39.58125668911137,53.26806427730513,27.624149725950353,1.4440902228140784,-2.1157008294364252,-0.4273277094164385,39.58125668911137,0.8703596358579256,0.9392325069023195,0.806422014463071,-0.005233537562886101,-0.025613490079238417,-0.015089005636961916,0.8703596358579256,1.0193405503716233,0.0193405503716233,0.2875330767751183,0.3554199069917013,0.2328049306977211,0.01020967590436233,-0.015731174864885233,-0.003104268569460944,0.2875330767751183,0.32130447030067444,0.31151946142088366,1.0090663320589413,0.009066332058941251,False,False,30.0
tirex,wiki_daily_100k,Wiki Daily,10,L10,block,block_depth,True,10,0.8333333333333334,0.8333333333333334,False,False,False,False,False,False,False,False,False,False,False,16416,0.30171828391385896,0.32668725574737456,0.2773569227597954,-0.0021694592214438137,-0.006261892647318981,-0.004103976763955519,0.30171828391385896,40.26175089594663,55.26900162740924,27.414119427455276,0.6918604929299296,-3.5511395497655,-1.1078219162517016,40.26175089594663,0.864113987791103,0.9323456631854403,0.7994341401264823,0.00036864248684708584,-0.01817473764883742,-0.00884335757013932,0.864113987791103,1.0137895815670193,0.01378958156701926,0.292476441624694,0.3611854484326229,0.2338590873482869,0.005620464889104614,-0.024488776175243608,-0.008047633419036637,0.292476441624694,0.3230019509792328,0.3111623333951899,1.0079095315646205,0.007909531564620487,False,False,45.0
tirex,wiki_daily_100k,Wiki Daily,11,L11,block,block_depth,True,11,0.9166666666666666,0.9166666666666666,False,False,False,False,False,False,False,False,False,False,False,16416,0.2985204840150043,0.32336246224674786,0.2743019247889689,0.0003741284338259832,-0.002190955018425635,-0.0009061768651008606,0.2985204840150043,38.80433614355076,52.925534780776196,26.742290439520406,1.7669730884425894,-1.2762931884370219,0.3495928361441685,38.80433614355076,0.8515866628586325,0.9198378001649637,0.7886106201383597,0.011110032405966119,-0.003015652132957189,0.003683967362331231,0.8515866628586325,1.0030448027642853,0.003044802764285315,0.28188923487718537,0.3452250601050889,0.2285188413274414,0.01373920186044324,-0.008634084802699428,0.002539573328471989,0.28188923487718537,0.31987693905830383,0.3093999585435363,1.002200889417001,0.0022008894170009174,False,False,30.0
tirex,wiki_daily_100k,Wiki Daily,12,L12,block,block_depth,True,12,1.0,1.0,False,True,False,False,False,False,False,False,False,False,False,16416,0.29761430714990345,0.32228913212529176,0.2734164166264236,0.0,0.0,0.0,0.29761430714990345,39.15392897969493,52.89784276186224,27.223819337752026,0.0,0.0,0.0,39.15392897969493,0.8552706302209637,0.923039772865641,0.7913500438546103,0.0,0.0,0.0,0.8552706302209637,1.0,0.0,0.28442880820565736,0.3506898409293587,0.23150393935176625,0.0,0.0,0.0,0.28442880820565736,0.32008522748947144,0.3087204988647736,1.0,0.0,False,False,30.0
tirex,wiki_daily_100k,Wiki Daily,13,L12+RMS,final_norm,head_input_diagnostic,False,12,,,False,False,True,False,False,False,False,False,False,False,False,16416,0.2952165530269383,0.31994880952033433,0.27077853728924656,0.0037637289574384003,0.0010879113946735978,0.0023977541229651678,0.2952165530269383,37.03392456617256,49.89585907059056,25.772054264625012,3.737135476571183,0.7739583189796835,2.1200044135223735,37.03392456617256,0.8396057867379538,0.9083618082826829,0.7764139572930401,0.02438972707246918,0.008030051250482359,0.015664843483009894,0.8396057867379538,,,0.2690283019361177,0.32748368927737737,0.21978606627946162,0.02731827982637584,0.005795657543876257,0.015400506269539649,0.2690283019361177,0.31991493701934814,0.30576300390690336,,,False,False,45.0
tirex,monash_traffic,Traffic,0,Emb,embedding,block_depth,True,0,0.0,0.0,False,False,False,False,False,False,False,False,False,False,False,16416,0.20356298838066691,0.21118161820998516,0.1956270472772192,-0.07550482156060863,-0.09069888984876906,-0.08294118645081994,0.20356298838066691,0.01870727086176174,0.0200447613725759,0.017490767679076452,-0.006096936419763214,-0.007415879353572098,-0.006740632447072618,0.01870727086176174,1.1846088039310785,1.2392329853328306,1.1311077190617889,-0.45206240441675194,-0.5574510545944623,-0.5034790890612685,1.1846088039310785,1.687613558443258,0.6876135584432581,0.416808090831481,0.4470276303657403,0.3896886976543879,-0.13659362309531395,-0.1640948535156193,-0.15018492873826306,0.416808090831481,0.27191245555877686,0.22511692660796734,1.7846361670083948,0.7846361670083948,False,False,0.01
tirex,monash_traffic,Traffic,1,L1,block,block_depth,True,1,0.08333333333333333,0.08333333333333333,False,False,False,False,False,False,False,False,False,False,False,16416,0.16448511430666646,0.1722034154353194,0.15687585386682215,-0.04029619712098181,-0.04745362448961054,-0.04386331237681948,0.16448511430666646,0.01598779230152507,0.017393838097650934,0.014713955697061038,-0.0035844558632747154,-0.00448896079855431,-0.004021153886835948,0.01598779230152507,0.9438846656407697,0.9876802192697529,0.9014038384793603,-0.2399894101202188,-0.28665285993449124,-0.26275495077095967,0.9438846656407697,1.3636433188283006,0.3636433188283006,0.3562166408479186,0.38864107854068647,0.32653541785944096,-0.07974004214669822,-0.1006651011683882,-0.08959347875470064,0.3562166408479186,0.17362067103385925,0.16541535191181053,1.3113461704029428,0.35808287678074957,False,False,0.0001
tirex,monash_traffic,Traffic,2,L2,block,block_depth,True,2,0.16666666666666666,0.16666666666666666,False,False,False,False,False,False,False,False,False,False,False,16416,0.16136352885656685,0.16977771776692785,0.15317872880694977,-0.037225523059974425,-0.04435433546322902,-0.04074172692671987,0.16136352885656685,0.015908646295055888,0.017339236528168343,0.014582846082125877,-0.0034932207233082982,-0.0044808399339052885,-0.0039420078803667664,0.015908646295055888,0.9238348899561253,0.970111948292357,0.8783380140771511,-0.2208465979508085,-0.265526692087536,-0.24270517508631528,0.9238348899561253,1.337764204106444,0.3377642041064439,0.35445322510988136,0.3896257656876712,0.322914553068024,-0.07679595409447265,-0.10091022113935248,-0.0878300630166634,0.35445322510988136,0.17512419819831848,0.1537634941628416,1.2189749433034385,0.35808287678074957,False,False,10.0
tirex,monash_traffic,Traffic,3,L3,block,block_depth,True,3,0.25,0.25,False,False,False,False,False,False,False,False,False,False,False,16416,0.1589983484160354,0.16722202887403145,0.15082070541262402,-0.03494255637451438,-0.04191858110743225,-0.038376546486188434,0.1589983484160354,0.01563465258192889,0.0170201282975782,0.014341513134005822,-0.0032263319353769107,-0.004196456033585101,-0.003668014167239768,0.01563465258192889,0.9106379998068832,0.9564939537424731,0.8652684570030823,-0.20832045602754448,-0.25184385554211214,-0.2295082849370732,0.9106379998068832,1.318155970746549,0.3181559707465491,0.3483484973111447,0.3823578745925584,0.31669945018684575,-0.07080555387103503,-0.0946734356942015,-0.08172533521792674,0.3483484973111447,0.16858597099781036,0.15733566342760588,1.2472936599838416,0.35808287678074957,False,False,10.0
tirex,monash_traffic,Traffic,4,L4,block,block_depth,True,4,0.3333333333333333,0.3333333333333333,False,False,False,False,False,False,False,False,False,False,False,16416,0.1520024133376948,0.15954478924724322,0.1444011743763419,-0.028437359153669874,-0.03452993098198516,-0.031380611407847814,0.1520024133376948,0.014967557577156494,0.016338728168678172,0.013739659644715624,-0.0026275463244225085,-0.0034405285153162038,-0.0030009191624673724,0.014967557577156494,0.8680126633725039,0.9089616056907043,0.8272572743028698,-0.1690664927832976,-0.20546531895884723,-0.18688294850269394,0.8680126633725039,1.2601570437995828,0.2601570437995828,0.333485260583721,0.365100037764395,0.30406880772724076,-0.05809868215244067,-0.07726395877153368,-0.06686209849050306,0.333485260583721,0.15971650183200836,0.15890728547202268,1.2597528454551248,0.35808287678074957,False,False,10.0
tirex,monash_traffic,Traffic,5,L5,block,block_depth,True,5,0.4166666666666667,0.4166666666666667,False,False,False,False,False,False,False,False,False,False,False,16416,0.14792489212091642,0.15536014232002485,0.14076701647793974,-0.024371353427005065,-0.030331312222335174,-0.02730309019106944,0.14792489212091642,0.014424012886300235,0.015691057210654676,0.01327719664170613,-0.0021223597282728204,-0.002810813353926945,-0.002457374471611113,0.014424012886300235,0.8463248577520893,0.887309975294699,0.8063551896604326,-0.14732689186430503,-0.18384409543151725,-0.16519514288227932,0.8463248577520893,1.2263528628676,0.2449697178439456,0.32137479152858656,0.350809984335024,0.2940892610220865,-0.047137492938038886,-0.06306818985452198,-0.0547516294353686,0.32137479152858656,0.1510390192270279,0.16051176577123977,1.2724725179132594,0.35808287678074957,False,False,10.0
tirex,monash_traffic,Traffic,6,L6,block,block_depth,True,6,0.5,0.5,False,False,False,False,False,False,False,False,False,False,False,16416,0.1501704907144299,0.15842150025894397,0.14208330953891837,-0.026192782682060968,-0.033063373494296125,-0.029548688784582916,0.1501704907144299,0.014895901820078737,0.016309755906076164,0.013624675996020281,-0.0025202984365874878,-0.003383260703994293,-0.0029292634053896156,0.014895901820078737,0.8594230864015915,0.9049855633221778,0.8154627355928662,-0.1576929884028548,-0.20040636792863506,-0.17829337153178149,0.8594230864015915,1.2449697178439456,0.2449697178439456,0.33188873164449917,0.36567021784954845,0.3011803080458266,-0.05554376662435259,-0.07647538071540387,-0.06526556955128121,0.33188873164449917,0.1471208930015564,0.16922622100087523,1.3415572029830156,0.35808287678074957,False,False,10.0
tirex,monash_traffic,Traffic,7,L7,block,block_depth,True,7,0.5833333333333334,0.5833333333333334,False,False,False,False,False,False,False,False,False,False,False,16416,0.1399195131113511,0.14766093708098446,0.13231427924892375,-0.01625070740710519,-0.022425758471812003,-0.019297711181504112,0.1399195131113511,0.01397439875133098,0.015359817693430415,0.012730830188288893,-0.0016364245114637733,-0.0024031150365735436,-0.0020077603366418593,0.01397439875133098,0.7975209883963699,0.839268978741583,0.7568231191212198,-0.09791611074421,-0.13569173440659027,-0.11639127352655987,0.7975209883963699,1.1599852669480726,0.19707670950394784,0.3113571459515163,0.3434708991827208,0.2822619939515544,-0.036391815038013725,-0.053819764583165834,-0.044733983858298354,0.3113571459515163,0.1431608498096466,0.17131079653747208,1.3580828767807496,0.35808287678074957,False,False,10.0
tirex,monash_traffic,Traffic,8,L8,block,block_depth,True,8,0.6666666666666666,0.6666666666666666,False,False,False,False,False,False,False,False,False,False,False,16416,0.14439354974861818,0.15147963104492324,0.13723972447301822,-0.02120573892051937,-0.026301307178223304,-0.0237717478187712,0.14439354974861818,0.014294116226204707,0.015624566372558673,0.013099664531021807,-0.002007125308782793,-0.0026586635837515327,-0.0023274778115155853,0.014294116226204707,0.8227748176170833,0.861105579945803,0.785208140906325,-0.1264248048267844,-0.1573072176259939,-0.14164510274727327,0.8227748176170833,1.1970767095039478,0.19707670950394784,0.3184806238383934,0.34867766528274524,0.2905371264310539,-0.04503454624586973,-0.05921564266537809,-0.051857461745175415,0.3184806238383934,0.13916896283626556,0.16837334706810594,1.3347959625500856,0.3347959625500856,False,False,10.0
tirex,monash_traffic,Traffic,9,L9,block,block_depth,True,9,0.75,0.75,False,False,False,False,False,False,False,False,False,False,False,16416,0.13674356312071548,0.14427596723148953,0.12901814098128664,-0.013473110507377468,-0.018756903061387296,-0.0161217611908685,0.13674356312071548,0.013521313188030007,0.014830551786606817,0.012317955298964062,-0.0012526832434914972,-0.001873946489859147,-0.001554674773340885,0.013521313188030007,0.7781349576621994,0.8178131576721751,0.7378400441094735,-0.0809512191845515,-0.11270090342133801,-0.09700524279238942,0.7781349576621994,1.1336554497854776,0.15317666873650104,0.3012621550777379,0.3311488318829223,0.27367778099960044,-0.028079445265179158,-0.04168225644658378,-0.034638992984519945,0.3012621550777379,0.12961752712726593,0.15980749059724444,1.2668893084852673,0.26688930848526726,False,False,10.0
tirex,monash_traffic,Traffic,10,L10,block,block_depth,True,10,0.8333333333333334,0.8333333333333334,False,False,False,False,False,False,False,False,False,False,False,16416,0.139098247726455,0.14712751291635381,0.13101768834615937,-0.015506294005344269,-0.021596484185189356,-0.01847644579660801,0.139098247726455,0.013696594923297539,0.015129395213123247,0.012430608128495188,-0.0013842639945451933,-0.002140770220728951,-0.001729956508608417,0.013696594923297539,0.7950937462601264,0.8385432281881905,0.7512268885236647,-0.09579770325876799,-0.1334342037043826,-0.11396403139031641,0.7950937462601264,1.153176668736501,0.15317666873650104,0.30516752673640263,0.33833022954103525,0.27601071072428857,-0.03072362120875261,-0.04793228332980247,-0.03854436464318467,0.30516752673640263,0.13299818336963654,0.1502362526668847,1.1910123958472905,0.19101239584729046,False,False,30.0
tirex,monash_traffic,Traffic,11,L11,block,block_depth,True,11,0.9166666666666666,0.9166666666666666,False,False,False,False,False,False,True,False,False,False,True,16416,0.12222681062310252,0.1290137801923654,0.11528587116440402,0.0008771876107816058,-0.00387044831726501,-0.0016050086932555413,0.12222681062310252,0.012178332667545826,0.013387345585922259,0.011084744619647252,5.232990154651634e-05,-0.00045928788554286626,-0.00021169425285670444,0.012178332667545826,0.692524657612885,0.7284702174514079,0.6569452418618801,0.0027639017448301364,-0.0243095403292417,-0.011394942743074954,0.692524657612885,1.0133061243289088,0.013306124328908764,0.27133982429505504,0.2987175284048372,0.24637942753857817,0.001190660571110215,-0.01014527864705617,-0.004716662201837085,0.27133982429505504,0.11186855286359787,0.13850089762615794,1.0979792359070908,0.09797923590709079,False,False,10.0
tirex,monash_traffic,Traffic,12,L12,block,block_depth,True,12,1.0,1.0,True,True,False,True,True,True,False,True,True,True,False,16416,0.12062180192984698,0.12809462473471828,0.11296612723403475,0.0,0.0,0.0,0.12062180192984698,0.011966638414689122,0.013185823331406065,0.010844062586871827,0.0,0.0,0.0,0.011966638414689122,0.68112971486981,0.7210223075429198,0.641233687033753,0.0,0.0,0.0,0.68112971486981,1.0,0.0,0.26662316209321796,0.29476726290373767,0.24073905752585983,0.0,0.0,0.0,0.26662316209321796,0.10695111006498337,0.12614163646886822,1.0,0.0,False,False,10.0
tirex,monash_traffic,Traffic,13,L12+RMS,final_norm,head_input_diagnostic,False,12,,,False,False,True,False,False,False,False,False,False,False,False,16416,0.10722958624988567,0.11457852761239837,0.09973691525293216,0.01565522284083466,0.011266399794507007,0.013392215679961308,0.10722958624988567,0.010564418272307736,0.011734151638583509,0.00951408126256513,0.0016513233948243341,0.0011615690666385463,0.0014022201423813854,0.010564418272307736,0.6014849839506721,0.6385903014312893,0.5640106365982049,0.09337915466479828,0.06644415514249347,0.07964473091913793,0.6014849839506721,,,0.23538094056393646,0.2609064921084307,0.21178421206373926,0.03751639615843738,0.025464107239425323,0.031242221529281494,0.23538094056393646,0.10419581085443497,0.12018088035228598,,,False,False,10.0
