model,dataset,display_name,role,domain,freq,seasonal_m,provenance_status,provenance_evidence_scope,layer,point_index,point_type,relative_depth,relative_position,kind,train_loss,val_loss,test_loss,test_loss_ci_lo,test_loss_ci_hi,test_mase,test_mae,test_wql,weight_decay,is_tunnel_entrance,is_reference_point,effective_rank_train_headline,normalized_effective_rank_train_headline,native_loss,native_mase
chronos2,m4_hourly,M4,primary,mixed hourly,1H,24,pretraining_exposed,exact_dataset,Emb,0,block_depth,0.0,0.0,embedding,0.3653222372811528,0.39133796664594694,0.3723665869986738,0.3668160102408351,0.37815267466833347,10.061761838525772,859.1607786121143,0.1757727621537036,90.0,False,False,1.0006743686280868,0.001302961417484488,0.08285706156317343,0.9289487357509286
chronos2,m4_hourly,M4,primary,mixed hourly,1H,24,pretraining_exposed,exact_dataset,L1,1,block_depth,0.08333333333333333,0.08333333333333333,block,0.20515860222718296,0.2932124781983954,0.252090695136376,0.2413975083532224,0.263339923937869,5.5995549054292155,635.7529698262282,0.1300665234443008,0.001,False,False,7.316426440563481,0.009526596927817032,0.08285706156317343,0.9289487357509286
chronos2,m4_hourly,M4,primary,mixed hourly,1H,24,pretraining_exposed,exact_dataset,L2,2,block_depth,0.16666666666666666,0.16666666666666666,block,0.12272767984766615,0.14830291373584106,0.152335062281776,0.14349734253136315,0.16129355767016648,2.877079883509871,398.3444406726477,0.08149592528968842,1e-05,False,False,10.474237055566759,0.013638329499435884,0.08285706156317343,0.9289487357509286
chronos2,m4_hourly,M4,primary,mixed hourly,1H,24,pretraining_exposed,exact_dataset,L3,3,block_depth,0.25,0.25,block,0.10275622907560987,0.12731498531030336,0.1383161811968525,0.1300411782042614,0.14684347299261744,3.025203030720065,429.6135571802989,0.08789316677868478,0.1,False,False,14.232604803346586,0.018532037504357533,0.08285706156317343,0.9289487357509286
chronos2,m4_hourly,M4,primary,mixed hourly,1H,24,pretraining_exposed,exact_dataset,L4,4,block_depth,0.3333333333333333,0.3333333333333333,block,0.10378769009909893,0.12909336294267923,0.13771652946433494,0.12918813913093724,0.14646580465073974,2.5519325426748187,452.8515744490627,0.09264735317078747,10.0,False,False,16.675247088513384,0.02171256131316847,0.08285706156317343,0.9289487357509286
chronos2,m4_hourly,M4,primary,mixed hourly,1H,24,pretraining_exposed,exact_dataset,L5,5,block_depth,0.4166666666666667,0.4166666666666667,block,0.0961733673868896,0.11573886822994428,0.1268573260318687,0.1186446180688004,0.13526563070721584,2.5538009032652025,402.597434177248,0.08236603066965345,45.0,True,False,15.621520110326502,0.020340520976987634,0.08285706156317343,0.9289487357509286
chronos2,m4_hourly,M4,primary,mixed hourly,1H,24,pretraining_exposed,exact_dataset,L6,6,block_depth,0.5,0.5,block,0.09198236152251789,0.11357966039813201,0.12365539243999328,0.11549929967150092,0.13202954985357765,2.4201911065922177,385.41050311656494,0.07884981528752015,30.0,False,False,18.85842213050857,0.0245552371490997,0.08285706156317343,0.9289487357509286
chronos2,m4_hourly,M4,primary,mixed hourly,1H,24,pretraining_exposed,exact_dataset,L7,7,block_depth,0.5833333333333334,0.5833333333333334,block,0.08967238314011518,0.11220433824617444,0.12298058175289904,0.11454465883385873,0.13170734915512664,2.477829613653569,395.3658635181924,0.08088654838753016,30.0,False,False,14.70385608552139,0.01914564594468931,0.08285706156317343,0.9289487357509286
chronos2,m4_hourly,M4,primary,mixed hourly,1H,24,pretraining_exposed,exact_dataset,L8,8,block_depth,0.6666666666666666,0.6666666666666666,block,0.08666074927762643,0.10978994252629408,0.12160791529214564,0.11284798246467102,0.1306270769448908,2.278209589946831,380.42304227205483,0.07782944774910769,30.0,False,False,15.517050102660422,0.020204492321172423,0.08285706156317343,0.9289487357509286
chronos2,m4_hourly,M4,primary,mixed hourly,1H,24,pretraining_exposed,exact_dataset,L9,9,block_depth,0.75,0.75,block,0.09460503865605277,0.11123264054874428,0.12586431725675823,0.11775158568079235,0.13427411184027677,2.840748100508722,373.0140643444323,0.07631367032130452,30.0,False,False,11.855104267264652,0.015436333681334182,0.08285706156317343,0.9289487357509286
chronos2,m4_hourly,M4,primary,mixed hourly,1H,24,pretraining_exposed,exact_dataset,L10,10,block_depth,0.8333333333333334,0.8333333333333334,block,0.09394828235220105,0.11051983194326172,0.12431574406685265,0.11600298070995747,0.1328793176709326,2.7348347595348685,368.1447165328438,0.07531746712390924,30.0,False,False,9.951580765925273,0.012957787455631866,0.08285706156317343,0.9289487357509286
chronos2,m4_hourly,M4,primary,mixed hourly,1H,24,pretraining_exposed,exact_dataset,L11,11,block_depth,0.9166666666666666,0.9166666666666666,block,0.09477187681093363,0.10920568892575858,0.12155731201513123,0.1138769528480204,0.12961445814354047,2.776023700245737,335.5257838466916,0.06864407136437212,30.0,False,False,7.901054408532194,0.010287831261109628,0.08285706156317343,0.9289487357509286
chronos2,m4_hourly,M4,primary,mixed hourly,1H,24,pretraining_exposed,exact_dataset,L12,12,block_depth,1.0,1.0,block,0.0943949124141138,0.1110363258688732,0.12111884534700226,0.11340628733062222,0.12918011166070026,2.6769288157723703,348.85695908841194,0.0713714508646067,45.0,False,True,5.531349401854329,0.007202277866997824,0.08285706156317343,0.9289487357509286
chronos2,monash_electricity_hourly,Electricity,primary,energy,1H,24,pretraining_exposed,exact_dataset,Emb,0,block_depth,0.0,0.0,embedding,0.3652917395961849,0.3615428015930962,0.36183556180646403,0.355214171023428,0.36828209904968057,2.492486228413703,671.4031480257277,0.27547900212292664,1e-05,False,False,1.0006743686280868,0.001302961417484488,0.1230516768414314,0.836189238049318
chronos2,monash_electricity_hourly,Electricity,primary,energy,1H,24,pretraining_exposed,exact_dataset,L1,1,block_depth,0.08333333333333333,0.08333333333333333,block,0.25691578266781406,0.27156529586961253,0.28119144503396887,0.27512154422757285,0.28765753911566416,1.9602813483546446,513.3325401918027,0.21062209247169944,0.3,False,False,11.521434300614244,0.015001867578924797,0.1230516768414314,0.836189238049318
chronos2,monash_electricity_hourly,Electricity,primary,energy,1H,24,pretraining_exposed,exact_dataset,L2,2,block_depth,0.16666666666666666,0.16666666666666666,block,0.13500606651595623,0.16560287415298797,0.17713637263265275,0.16969499992747003,0.1855428184553241,1.2195737887200762,294.1376071717846,0.12068566367133515,0.01,False,False,15.833227957396474,0.020616182236193326,0.1230516768414314,0.836189238049318
chronos2,monash_electricity_hourly,Electricity,primary,energy,1H,24,pretraining_exposed,exact_dataset,L3,3,block_depth,0.25,0.25,block,0.11753947868237707,0.12029229417329526,0.14550721658152024,0.13795953032539318,0.15409448330525224,0.9952843674601288,229.85295963450014,0.09430945348008268,1.0,False,False,23.649748047930895,0.030793942770743352,0.1230516768414314,0.836189238049318
chronos2,monash_electricity_hourly,Electricity,primary,energy,1H,24,pretraining_exposed,exact_dataset,L4,4,block_depth,0.3333333333333333,0.3333333333333333,block,0.11134241409653228,0.11182240863110272,0.14864507397167556,0.14132448330180336,0.15669087457491923,1.0349056924500846,241.0755528192699,0.0989141217496057,1.0,False,False,31.43421228309398,0.04092996391027862,0.1230516768414314,0.836189238049318
chronos2,monash_electricity_hourly,Electricity,primary,energy,1H,24,pretraining_exposed,exact_dataset,L5,5,block_depth,0.4166666666666667,0.4166666666666667,block,0.10671628464863153,0.11035807841663597,0.15170465054289076,0.14416330524556736,0.159933944726505,1.0539969722608469,245.48799343892244,0.10072456118886489,0.3,False,False,34.42882286979204,0.04482919644504172,0.1230516768414314,0.836189238049318
chronos2,monash_electricity_hourly,Electricity,primary,energy,1H,24,pretraining_exposed,exact_dataset,L6,6,block_depth,0.5,0.5,block,0.10969366231556431,0.11023261548794863,0.1479109495821345,0.14056012857108172,0.15592754470781628,1.0317212541834222,240.52040546745727,0.098686342897275,3.0,False,False,45.67541379687394,0.05947319504801294,0.1230516768414314,0.836189238049318
chronos2,monash_electricity_hourly,Electricity,primary,energy,1H,24,pretraining_exposed,exact_dataset,L7,7,block_depth,0.5833333333333334,0.5833333333333334,block,0.10588432619965486,0.10788832235199805,0.150738148942931,0.14328168326036167,0.15882621423647034,1.0512814113243802,253.14171238652912,0.10386490818368599,1.0,False,False,38.18973935963601,0.04972622312452605,0.1230516768414314,0.836189238049318
chronos2,monash_electricity_hourly,Electricity,primary,energy,1H,24,pretraining_exposed,exact_dataset,L8,8,block_depth,0.6666666666666666,0.6666666666666666,block,0.11620407060344558,0.10719566011644957,0.1490867677507282,0.1414448074808074,0.15739446861406375,1.0376582055644654,240.1529726183518,0.09853558394579198,30.0,False,False,41.62198091023326,0.054195287643532895,0.1230516768414314,0.836189238049318
chronos2,monash_electricity_hourly,Electricity,primary,energy,1H,24,pretraining_exposed,exact_dataset,L9,9,block_depth,0.75,0.75,block,0.10536773220356688,0.10194399759514641,0.14772726758916416,0.13991547106402635,0.15623000882253166,1.0324439792467202,247.49299948958702,0.10154722201151915,1.0,False,False,29.306386315720665,0.03815935718192795,0.1230516768414314,0.836189238049318
chronos2,monash_electricity_hourly,Electricity,primary,energy,1H,24,pretraining_exposed,exact_dataset,L10,10,block_depth,0.8333333333333334,0.8333333333333334,block,0.11004954069275596,0.098908293565721,0.1482006536498097,0.14030832808130628,0.15668287674704465,1.0338576981317475,235.88161604392673,0.09678303177159701,10.0,True,False,22.38857254862828,0.02915178717269307,0.1230516768414314,0.836189238049318
chronos2,monash_electricity_hourly,Electricity,primary,energy,1H,24,pretraining_exposed,exact_dataset,L11,11,block_depth,0.9166666666666666,0.9166666666666666,block,0.1077038148883062,0.0974243477498757,0.14709286690327047,0.13918890634636957,0.15557811450362488,1.0317404153610372,235.50907368087647,0.09663017636911138,10.0,False,False,14.939161058399108,0.01945203262812384,0.1230516768414314,0.836189238049318
chronos2,monash_electricity_hourly,Electricity,primary,energy,1H,24,pretraining_exposed,exact_dataset,L12,12,block_depth,1.0,1.0,block,0.1084806603811136,0.0967780283673574,0.14226085011570053,0.13430764664120917,0.1509156964893474,1.0014554195574956,243.3872440685238,0.09986261655549597,10.0,False,True,8.72061853144265,0.011354972046149284,0.1230516768414314,0.836189238049318
chronos2,uber_tlc_hourly,Uber TLC,primary,transport / ride demand,1H,24,pretraining_exposed,source_family,Emb,0,block_depth,0.0,0.0,embedding,0.30508351025613856,0.2909154853293004,0.3518317872729465,0.3403694091428725,0.3630660775146013,1.3645338853961158,9.94141570543072,0.5672728275120472,0.3,False,False,1.0006743686280868,0.001302961417484488,0.21399006137914534,0.8060061844402894
chronos2,uber_tlc_hourly,Uber TLC,primary,transport / ride demand,1H,24,pretraining_exposed,source_family,L1,1,block_depth,0.08333333333333333,0.08333333333333333,block,0.2768796927735231,0.2732153901730785,0.3264787227825354,0.3178653182788887,0.3350706981495023,1.3188768022814314,8.890924091014101,0.5073301225648758,0.01,False,False,11.153176595608361,0.014522365358865053,0.21399006137914534,0.8060061844402894
chronos2,uber_tlc_hourly,Uber TLC,primary,transport / ride demand,1H,24,pretraining_exposed,source_family,L2,2,block_depth,0.16666666666666666,0.16666666666666666,block,0.24745691925757585,0.24514383686180333,0.2961255761844511,0.28750403337749364,0.30492994160753967,1.2078440213138415,7.886008167333128,0.44998803826525463,1.0,False,False,11.657244675628569,0.0151787040047247,0.21399006137914534,0.8060061844402894
chronos2,uber_tlc_hourly,Uber TLC,primary,transport / ride demand,1H,24,pretraining_exposed,source_family,L3,3,block_depth,0.25,0.25,block,0.21914014292926323,0.2155950945866017,0.25109910157345633,0.242762980910857,0.25942855826756767,1.0144114101942878,6.06536073765145,0.34609903030697414,3.0,False,False,21.205797277017453,0.02761171520444981,0.21399006137914534,0.8060061844402894
chronos2,uber_tlc_hourly,Uber TLC,primary,transport / ride demand,1H,24,pretraining_exposed,source_family,L4,4,block_depth,0.3333333333333333,0.3333333333333333,block,0.21603277414887503,0.21083172467601208,0.244948141845583,0.23610127798871683,0.25388842549473617,0.979586635659115,5.757265104028607,0.32851860852319625,10.0,False,False,37.52781459714026,0.04886434192335971,0.21399006137914534,0.8060061844402894
chronos2,uber_tlc_hourly,Uber TLC,primary,transport / ride demand,1H,24,pretraining_exposed,source_family,L5,5,block_depth,0.4166666666666667,0.4166666666666667,block,0.20863347576725347,0.20568158122078153,0.23645974610370535,0.22738942562936598,0.24545220542087695,0.9394584334912135,5.477094186800231,0.31253161500918764,10.0,True,False,53.24849403919622,0.06933397661353674,0.21399006137914534,0.8060061844402894
chronos2,uber_tlc_hourly,Uber TLC,primary,transport / ride demand,1H,24,pretraining_exposed,source_family,L6,6,block_depth,0.5,0.5,block,0.20539621485549545,0.20334632226927135,0.2332841968377128,0.22395170811947634,0.2426670799710795,0.9202052377279059,5.3801748903900775,0.30700124740922574,10.0,False,False,64.02891292208524,0.0833709803672985,0.21399006137914534,0.8060061844402894
chronos2,uber_tlc_hourly,Uber TLC,primary,transport / ride demand,1H,24,pretraining_exposed,source_family,L7,7,block_depth,0.5833333333333334,0.5833333333333334,block,0.20077083876605015,0.20172109420745427,0.23311357886907252,0.22380867359399054,0.24218344302840872,0.914976820548438,5.375487379437027,0.3067337706563043,3.0,False,False,45.97465276549629,0.05986282912173996,0.21399006137914534,0.8060061844402894
chronos2,uber_tlc_hourly,Uber TLC,primary,transport / ride demand,1H,24,pretraining_exposed,source_family,L8,8,block_depth,0.6666666666666666,0.6666666666666666,block,0.20354584219679772,0.20114730693798027,0.23132757444418114,0.22203385151304192,0.2406211742640736,0.9122608769875674,5.293114817556068,0.3020334626245119,10.0,False,False,48.968344223097866,0.06376086487382535,0.21399006137914534,0.8060061844402894
chronos2,uber_tlc_hourly,Uber TLC,primary,transport / ride demand,1H,24,pretraining_exposed,source_family,L9,9,block_depth,0.75,0.75,block,0.20024431819146982,0.1988675110610842,0.2263854171028574,0.2169133267610668,0.23572880464520676,0.884127001562264,5.089739590301455,0.2904285520535148,10.0,False,False,37.05477177592052,0.04824840074989651,0.21399006137914534,0.8060061844402894
chronos2,uber_tlc_hourly,Uber TLC,primary,transport / ride demand,1H,24,pretraining_exposed,source_family,L10,10,block_depth,0.8333333333333334,0.8333333333333334,block,0.20483882770401932,0.20012955890812037,0.2272704816672183,0.21848104322926348,0.23610774327126394,0.9331622765405636,5.0951083970861895,0.29073490461892243,30.0,False,False,21.781332441641904,0.02836110995005456,0.21399006137914534,0.8060061844402894
chronos2,uber_tlc_hourly,Uber TLC,primary,transport / ride demand,1H,24,pretraining_exposed,source_family,L11,11,block_depth,0.9166666666666666,0.9166666666666666,block,0.20841947392997476,0.20201380923390388,0.227171472380407,0.21867748029771766,0.2357752880309033,0.9602957927505565,5.064771862351712,0.289003854198574,45.0,False,False,8.355323917478682,0.010879328017550366,0.21399006137914534,0.8060061844402894
chronos2,uber_tlc_hourly,Uber TLC,primary,transport / ride demand,1H,24,pretraining_exposed,source_family,L12,12,block_depth,1.0,1.0,block,0.2051992725361796,0.19961463540564967,0.22698992502143364,0.21829588881316986,0.23582838846526982,0.9184494867334304,5.2892605706299145,0.3018135332284869,65.0,False,True,3.0316672774656785,0.003947483434200102,0.21399006137914534,0.8060061844402894
chronos2,wind_farms_hourly,Wind Farms,primary,renewable generation,1H,24,pretraining_exposed,exact_dataset,Emb,0,block_depth,0.0,0.0,embedding,0.3151534180259773,0.29369338308923115,0.28317117361167005,0.266878576787146,0.2994718479689296,5.560158125253565,25.653304671329142,0.352015679418274,0.1,False,False,1.0006743686280868,0.001302961417484488,0.17501673980925733,4.3542799551847065
chronos2,wind_farms_hourly,Wind Farms,primary,renewable generation,1H,24,pretraining_exposed,exact_dataset,L1,1,block_depth,0.08333333333333333,0.08333333333333333,block,0.24900079629994618,0.22492160089313984,0.2343309204954341,0.2178861747357198,0.25074143813325817,5.0937662108125235,20.584294702892947,0.2824585205696,45.0,False,False,12.04009778489066,0.015677210657409714,0.17501673980925733,4.3542799551847065
chronos2,wind_farms_hourly,Wind Farms,primary,renewable generation,1H,24,pretraining_exposed,exact_dataset,L2,2,block_depth,0.16666666666666666,0.16666666666666666,block,0.2340083584053124,0.21695918574189868,0.21920316717551866,0.20394601390007455,0.23464510068972771,5.027026521349457,18.705085383574527,0.25667193463908056,30.0,False,False,13.384447684261572,0.01742766625554892,0.17501673980925733,4.3542799551847065
chronos2,wind_farms_hourly,Wind Farms,primary,renewable generation,1H,24,pretraining_exposed,exact_dataset,L3,3,block_depth,0.25,0.25,block,0.21914934747621226,0.2024054051526175,0.1990139823947244,0.1841057326580675,0.21447951390429307,4.838231771063494,17.232976377604828,0.23647159559686176,30.0,True,False,20.555284776866227,0.0267646937198779,0.17501673980925733,4.3542799551847065
chronos2,wind_farms_hourly,Wind Farms,primary,renewable generation,1H,24,pretraining_exposed,exact_dataset,L4,4,block_depth,0.3333333333333333,0.3333333333333333,block,0.21300383807137246,0.19717100981395436,0.19062922431426194,0.1753792640841957,0.20656693107164145,4.743423015551403,17.0161065717668,0.233495699390682,30.0,False,False,36.59374400018438,0.04764810416690674,0.17501673980925733,4.3542799551847065
chronos2,wind_farms_hourly,Wind Farms,primary,renewable generation,1H,24,pretraining_exposed,exact_dataset,L5,5,block_depth,0.4166666666666667,0.4166666666666667,block,0.1913024909270545,0.1907717093455655,0.18267993717845388,0.16663449729511953,0.19932283947887683,4.6299928388532505,16.18640402570057,0.22211048765244537,1.0,False,False,61.3218650164599,0.07984617840684884,0.17501673980925733,4.3542799551847065
chronos2,wind_farms_hourly,Wind Farms,primary,renewable generation,1H,24,pretraining_exposed,exact_dataset,L6,6,block_depth,0.5,0.5,block,0.19757574099186845,0.19331471636919803,0.18776193202850017,0.1714350495510557,0.20474456239736974,4.666199923166909,16.781999513302488,0.2302832729100488,10.0,False,False,91.89700089023904,0.11965755324249876,0.17501673980925733,4.3542799551847065
chronos2,wind_farms_hourly,Wind Farms,primary,renewable generation,1H,24,pretraining_exposed,exact_dataset,L7,7,block_depth,0.5833333333333334,0.5833333333333334,block,0.19891042163304268,0.1965090914465885,0.19165987455293196,0.17559352564742747,0.20870740275638078,4.702912847335652,17.2221022300291,0.23632238010606996,30.0,False,False,97.31619023060063,0.12671378936276123,0.17501673980925733,4.3542799551847065
chronos2,wind_farms_hourly,Wind Farms,primary,renewable generation,1H,24,pretraining_exposed,exact_dataset,L8,8,block_depth,0.6666666666666666,0.6666666666666666,block,0.18172143092793192,0.19519628061138036,0.19736155888193663,0.17969308275576568,0.21602230717602208,4.661485261786098,17.50189376878873,0.24016169086442346,3.0,False,False,101.19033354896006,0.13175824680854173,0.17501673980925733,4.3542799551847065
chronos2,wind_farms_hourly,Wind Farms,primary,renewable generation,1H,24,pretraining_exposed,exact_dataset,L9,9,block_depth,0.75,0.75,block,0.18957498357357347,0.19513222905060718,0.19325728710200496,0.17662404582103472,0.21050764944916237,4.695560256342317,17.2457120697222,0.2366463552767937,30.0,False,False,85.68174121414452,0.11156476720591735,0.17501673980925733,4.3542799551847065
chronos2,wind_farms_hourly,Wind Farms,primary,renewable generation,1H,24,pretraining_exposed,exact_dataset,L10,10,block_depth,0.8333333333333334,0.8333333333333334,block,0.18272536046872478,0.19844824124753246,0.19686348398592862,0.18013477971180136,0.21409557194960874,4.795252755008673,16.706582767513442,0.22924840128829954,30.0,False,False,23.917456792911835,0.031142521865770618,0.17501673980925733,4.3542799551847065
chronos2,wind_farms_hourly,Wind Farms,primary,renewable generation,1H,24,pretraining_exposed,exact_dataset,L11,11,block_depth,0.9166666666666666,0.9166666666666666,block,0.180243559815043,0.19724054917522515,0.19961136155797324,0.1813388064201523,0.21850469827986116,4.797337490454004,16.428713982223105,0.2254354746304554,45.0,False,False,7.533522738467811,0.009809274399046629,0.17501673980925733,4.3542799551847065
chronos2,wind_farms_hourly,Wind Farms,primary,renewable generation,1H,24,pretraining_exposed,exact_dataset,L12,12,block_depth,1.0,1.0,block,0.17585728788772434,0.1928142258499301,0.19688839728425023,0.17688992735005574,0.2177477339268413,4.705751001002395,16.247991803358286,0.2229555976167874,45.0,False,True,2.759763696746883,0.0035934423134725037,0.17501673980925733,4.3542799551847065
chronos2,sg_carpark,SG Carpark,primary,transport / parking,1H(agg),24,not_listed,exact_dataset,Emb,0,block_depth,0.0,0.0,embedding,0.3610957098625055,0.3703468911728616,0.3702975456408188,0.3625706012629099,0.37838628536858465,2.330498225174472,35.262742084059866,0.13788267924013983,10.0,False,False,1.0006743686280868,0.001302961417484488,0.09009227425775539,0.5977898889598999
chronos2,sg_carpark,SG Carpark,primary,transport / parking,1H(agg),24,not_listed,exact_dataset,L1,1,block_depth,0.08333333333333333,0.08333333333333333,block,0.25612118880837687,0.2908264821195333,0.2790673675678544,0.2713104076020546,0.287521541999432,1.8514830364346464,27.96524001466792,0.10934833739316625,0.01,False,False,8.965598315438159,0.011673956139893436,0.09009227425775539,0.5977898889598999
chronos2,sg_carpark,SG Carpark,primary,transport / parking,1H(agg),24,not_listed,exact_dataset,L2,2,block_depth,0.16666666666666666,0.16666666666666666,block,0.17187072327587663,0.18166074072573818,0.18111729686080064,0.17283754768928694,0.1900203271626921,1.2168070680689038,18.498194450419387,0.07233075084883638,3.0,False,False,12.81709965549469,0.016688931843092045,0.09009227425775539,0.5977898889598999
chronos2,sg_carpark,SG Carpark,primary,transport / parking,1H(agg),24,not_listed,exact_dataset,L3,3,block_depth,0.25,0.25,block,0.1238276533317489,0.15194107842563237,0.12599075259377726,0.11663478663017562,0.13608316293796577,0.8645367228401063,13.189702886533503,0.05157374228133943,0.3,False,False,20.085432940087124,0.026152907474071774,0.09009227425775539,0.5977898889598999
chronos2,sg_carpark,SG Carpark,primary,transport / parking,1H(agg),24,not_listed,exact_dataset,L4,4,block_depth,0.3333333333333333,0.3333333333333333,block,0.11636575074649952,0.15293264721578123,0.1239836087271487,0.1146568864276159,0.13410664991617707,0.8639426507000404,13.22047496214932,0.051694065772393376,1e-05,False,False,29.000971995483365,0.03776168228578563,0.09009227425775539,0.5977898889598999
chronos2,sg_carpark,SG Carpark,primary,transport / parking,1H(agg),24,not_listed,exact_dataset,L5,5,block_depth,0.4166666666666667,0.4166666666666667,block,0.11237497859964497,0.14375744273854515,0.12052356526466076,0.11118764493188237,0.1307189162957382,0.828184670138699,12.84131844473755,0.05021150618166524,0.001,False,False,32.21103004483803,0.04194144537088285,0.09009227425775539,0.5977898889598999
chronos2,sg_carpark,SG Carpark,primary,transport / parking,1H(agg),24,not_listed,exact_dataset,L6,6,block_depth,0.5,0.5,block,0.10921895140287609,0.14462503656155645,0.11895483461771644,0.10914846724820045,0.12952965230807284,0.8221319342174799,12.733684448665187,0.04979064090350842,0.01,False,False,44.14079071966938,0.057474987916236175,0.09009227425775539,0.5977898889598999
chronos2,sg_carpark,SG Carpark,primary,transport / parking,1H(agg),24,not_listed,exact_dataset,L7,7,block_depth,0.5833333333333334,0.5833333333333334,block,0.11139694651404404,0.134293699752813,0.11493591351781861,0.10552348648013789,0.12521626260526228,0.7908923483663727,12.158028142922564,0.04753973728495081,1.0,False,False,36.8470001325533,0.04797786475592877,0.09009227425775539,0.5977898889598999
chronos2,sg_carpark,SG Carpark,primary,transport / parking,1H(agg),24,not_listed,exact_dataset,L8,8,block_depth,0.6666666666666666,0.6666666666666666,block,0.11227536762809351,0.13450310528699289,0.11600579859131137,0.10692059213748085,0.12584270096915423,0.7961499523712563,12.16844408410782,0.047580465197545,3.0,False,False,40.10280931581487,0.052217199629967286,0.09009227425775539,0.5977898889598999
chronos2,sg_carpark,SG Carpark,primary,transport / parking,1H(agg),24,not_listed,exact_dataset,L9,9,block_depth,0.75,0.75,block,0.10856189352421457,0.12535120121671656,0.1127762693890744,0.10376713136895059,0.12272302713429312,0.7782491597874412,11.879672530320777,0.046451324547348814,1.0,False,False,27.14046106537572,0.03533914201220797,0.09009227425775539,0.5977898889598999
chronos2,sg_carpark,SG Carpark,primary,transport / parking,1H(agg),24,not_listed,exact_dataset,L10,10,block_depth,0.8333333333333334,0.8333333333333334,block,0.11677286367719109,0.12387626815987172,0.11429269107763713,0.10515317361601918,0.12452687810827573,0.786606049416007,11.956438667667854,0.04675149180794073,10.0,False,False,20.83200177463604,0.02712500231072401,0.09009227425775539,0.5977898889598999
chronos2,sg_carpark,SG Carpark,primary,transport / parking,1H(agg),24,not_listed,exact_dataset,L11,11,block_depth,0.9166666666666666,0.9166666666666666,block,0.10797230981375856,0.11811594974439023,0.1142521719474577,0.10509506947082062,0.12442458208787155,0.8008139100290447,12.181912469705585,0.04763312863156928,0.0001,False,False,12.83183663566937,0.01670812061936116,0.09009227425775539,0.5977898889598999
chronos2,sg_carpark,SG Carpark,primary,transport / parking,1H(agg),24,not_listed,exact_dataset,L12,12,block_depth,1.0,1.0,block,0.11589381401260067,0.11013583602162741,0.1080815151838933,0.0984626697926219,0.1189537912041559,0.768071892205502,11.607290913898426,0.045386271042475446,3.0,True,True,6.942618959469469,0.009039868436809205,0.09009227425775539,0.5977898889598999
chronos2,coastal_ts,Coastal T-S,primary,nature / oceanography,1H,24,not_listed,exact_dataset,Emb,0,block_depth,0.0,0.0,embedding,0.4408656298884403,0.4469571594769756,0.4508483974883954,0.3926582454703748,0.5164187552096942,2.446855510709394,0.5260836552918742,0.018591732042950268,90.0,False,False,1.0006743686280868,0.001302961417484488,0.25213524194744724,1.1274563050077802
chronos2,coastal_ts,Coastal T-S,primary,nature / oceanography,1H,24,not_listed,exact_dataset,L1,1,block_depth,0.08333333333333333,0.08333333333333333,block,0.24945573423223483,0.2740427393776675,0.26826464260617894,0.2353639618571227,0.30006668287872645,1.3098245164513844,0.33576327261346667,0.011865832993481434,45.0,True,False,8.657733239617906,0.011273090155752482,0.25213524194744724,1.1274563050077802
chronos2,coastal_ts,Coastal T-S,primary,nature / oceanography,1H,24,not_listed,exact_dataset,L2,2,block_depth,0.16666666666666666,0.16666666666666666,block,0.2447182858306674,0.2730846176855266,0.2654326615544657,0.2320439727899308,0.297225774176574,1.259695011480593,0.32935049558915397,0.011639206237664314,45.0,False,False,10.885925845178622,0.014174382610909664,0.25213524194744724,1.1274563050077802
chronos2,coastal_ts,Coastal T-S,primary,nature / oceanography,1H,24,not_listed,exact_dataset,L3,3,block_depth,0.25,0.25,block,0.21833654203675312,0.2695261697905759,0.2615574271573375,0.22622724003740585,0.29625989923564094,1.2176048585919226,0.32735341475991736,0.011568629645383225,1.0,False,False,15.053460483278016,0.01960086000426825,0.25213524194744724,1.1274563050077802
chronos2,coastal_ts,Coastal T-S,primary,nature / oceanography,1H,24,not_listed,exact_dataset,L4,4,block_depth,0.3333333333333333,0.3333333333333333,block,0.23627567222446116,0.265478050801903,0.26045295340009034,0.22499952676589602,0.2941285784880165,1.2310684787526762,0.322589974998567,0.011400290266740817,45.0,False,False,26.06650808638222,0.03394076573747685,0.25213524194744724,1.1274563050077802
chronos2,coastal_ts,Coastal T-S,primary,nature / oceanography,1H,24,not_listed,exact_dataset,L5,5,block_depth,0.4166666666666667,0.4166666666666667,block,0.22625261984987335,0.26105484234479565,0.2594883848602573,0.2218282624691104,0.2958551544269236,1.230977256552783,0.32053722725914824,0.011327746412661427,30.0,False,False,42.29077765838558,0.055066116742689554,0.25213524194744724,1.1274563050077802
chronos2,coastal_ts,Coastal T-S,primary,nature / oceanography,1H,24,not_listed,exact_dataset,L6,6,block_depth,0.5,0.5,block,0.22965445092557216,0.26400288427248597,0.2617690743257602,0.22552576764331508,0.2969380676435927,1.265938237990327,0.32394499407800187,0.011448176475302003,45.0,False,False,69.47301516667248,0.09045965516493813,0.25213524194744724,1.1274563050077802
chronos2,coastal_ts,Coastal T-S,primary,nature / oceanography,1H,24,not_listed,exact_dataset,L7,7,block_depth,0.5833333333333334,0.5833333333333334,block,0.23298085471307872,0.2651226813128839,0.2652311652588348,0.23196010756849622,0.2974678010640976,1.2936522821679681,0.32561665872907114,0.011507252899641985,65.0,False,False,79.24745185355984,0.10318678626765604,0.25213524194744724,1.1274563050077802
chronos2,coastal_ts,Coastal T-S,primary,nature / oceanography,1H,24,not_listed,exact_dataset,L8,8,block_depth,0.6666666666666666,0.6666666666666666,block,0.222165375261152,0.2662574825808406,0.26388887548819184,0.2291460821405053,0.2971425264258869,1.2678000708926287,0.3232426531678499,0.011423355833426897,30.0,False,False,85.02439810025618,0.1107088516930419,0.25213524194744724,1.1274563050077802
chronos2,coastal_ts,Coastal T-S,primary,nature / oceanography,1H,24,not_listed,exact_dataset,L9,9,block_depth,0.75,0.75,block,0.2220513393074926,0.2682374562136829,0.2656267178244889,0.22898590781648334,0.3016872740195443,1.2545774061521886,0.3227865244215617,0.01140723629931331,30.0,False,False,79.53813174853305,0.10356527571423574,0.25213524194744724,1.1274563050077802
chronos2,coastal_ts,Coastal T-S,primary,nature / oceanography,1H,24,not_listed,exact_dataset,L10,10,block_depth,0.8333333333333334,0.8333333333333334,block,0.21471818190447484,0.26640125224366784,0.26325831670934957,0.22272271304779376,0.30375575925378745,1.227936708350813,0.3179516486234636,0.01123637237986819,10.0,False,False,57.71955978870435,0.0751556768082088,0.25213524194744724,1.1274563050077802
chronos2,coastal_ts,Coastal T-S,primary,nature / oceanography,1H,24,not_listed,exact_dataset,L11,11,block_depth,0.9166666666666666,0.9166666666666666,block,0.22137166460551097,0.269216466229409,0.2592908691925307,0.22140223927175007,0.29679936739072815,1.2164836684742244,0.31143528951149063,0.011006085045740268,10.0,False,False,23.325076084907646,0.030371192818890166,0.25213524194744724,1.1274563050077802
chronos2,coastal_ts,Coastal T-S,primary,nature / oceanography,1H,24,not_listed,exact_dataset,L12,12,block_depth,1.0,1.0,block,0.21993310738841293,0.2677799182323118,0.258155835326761,0.2215028470964171,0.29423368116840715,1.2053977835647125,0.309304043831575,0.010930767084043275,3.0,False,True,5.7625832397655845,0.0075033635934447715,0.25213524194744724,1.1274563050077802
chronos2,boom_hourly,BOOM,primary,cloud observability,1H,24,not_listed,benchmark_exclusion,Emb,0,block_depth,0.0,0.0,embedding,0.2925788538004011,0.2538126208477438,0.2549565990302859,0.24005229265539577,0.2708061208685407,1.9170476149975895,0.6642519999770596,0.8162793025685113,30.0,False,False,1.0006743686280868,0.001302961417484488,0.1298636824308104,0.9436372748392822
chronos2,boom_hourly,BOOM,primary,cloud observability,1H,24,not_listed,benchmark_exclusion,L1,1,block_depth,0.08333333333333333,0.08333333333333333,block,0.1995325712233226,0.1452313459473057,0.1639835782938421,0.15003992456279822,0.17827269526561562,1.2793062719382318,0.41517275250899977,0.5101933074724645,10.0,False,False,12.706100820023867,0.016544402109406078,0.1298636824308104,0.9436372748392822
chronos2,boom_hourly,BOOM,primary,cloud observability,1H,24,not_listed,benchmark_exclusion,L2,2,block_depth,0.16666666666666666,0.16666666666666666,block,0.19560125962011998,0.14319377775056719,0.1631139424329592,0.14918812666782888,0.17721848329108228,1.2742000813335457,0.4038719830906747,0.4963061318529759,10.0,True,False,15.839863332299204,0.02062482204726459,0.1298636824308104,0.9436372748392822
chronos2,boom_hourly,BOOM,primary,cloud observability,1H,24,not_listed,benchmark_exclusion,L3,3,block_depth,0.25,0.25,block,0.18663595447522538,0.1402092704833564,0.15857965259754894,0.14446630644767233,0.17269503060678323,1.2179559066648147,0.38610288044327234,0.47447021609089945,3.0,False,False,23.005360831248197,0.029954896915687756,0.1298636824308104,0.9436372748392822
chronos2,boom_hourly,BOOM,primary,cloud observability,1H,24,not_listed,benchmark_exclusion,L4,4,block_depth,0.3333333333333333,0.3333333333333333,block,0.18326913147972337,0.1394234082719448,0.15803848828930975,0.14383412441857013,0.17217437198469782,1.1981652038078172,0.3814708926405847,0.468778105606905,3.0,False,False,41.75954414647407,0.054374406440721446,0.1298636824308104,0.9436372748392822
chronos2,boom_hourly,BOOM,primary,cloud observability,1H,24,not_listed,benchmark_exclusion,L5,5,block_depth,0.4166666666666667,0.4166666666666667,block,0.18329298635343438,0.13616287367323698,0.15604367128199775,0.1421455450972942,0.17005668852667685,1.1945184701610745,0.3735941594119146,0.459098625068436,10.0,False,False,66.64915705545002,0.08678275658261721,0.1298636824308104,0.9436372748392822
chronos2,boom_hourly,BOOM,primary,cloud observability,1H,24,not_listed,benchmark_exclusion,L6,6,block_depth,0.5,0.5,block,0.1821797543754494,0.13778233048269303,0.15827801873602268,0.1444799536201145,0.1723494633791526,1.1952172203379094,0.3782783494355695,0.46485488529157337,10.0,False,False,102.82560285811228,0.13388750372150035,0.1298636824308104,0.9436372748392822
chronos2,boom_hourly,BOOM,primary,cloud observability,1H,24,not_listed,benchmark_exclusion,L7,7,block_depth,0.5833333333333334,0.5833333333333334,block,0.18081952046757963,0.13904068024965835,0.15863302951457642,0.14496317740982284,0.1727167124003645,1.199114914703707,0.37360059076086455,0.45910652835971044,10.0,False,False,114.93104377004055,0.14964979657557362,0.1298636824308104,0.9436372748392822
chronos2,boom_hourly,BOOM,primary,cloud observability,1H,24,not_listed,benchmark_exclusion,L8,8,block_depth,0.6666666666666666,0.6666666666666666,block,0.17947018994058522,0.13968561360307333,0.15916561949892907,0.14563029840375472,0.1730250496401499,1.1947047989279327,0.3758152296759117,0.4618280315077299,10.0,False,False,124.67107731582504,0.1623321319216472,0.1298636824308104,0.9436372748392822
chronos2,boom_hourly,BOOM,primary,cloud observability,1H,24,not_listed,benchmark_exclusion,L9,9,block_depth,0.75,0.75,block,0.18380842120166188,0.13801746513420915,0.15657652246813147,0.14336947507953723,0.16991373768370957,1.1976840874029,0.3572431023341243,0.4390053028531058,30.0,False,False,113.85837008855361,0.14825308605280418,0.1298636824308104,0.9436372748392822
chronos2,boom_hourly,BOOM,primary,cloud observability,1H,24,not_listed,benchmark_exclusion,L10,10,block_depth,0.8333333333333334,0.8333333333333334,block,0.18562660484014873,0.1372037580826104,0.15706581894918686,0.14436261445786383,0.16979181591308237,1.2688264623265093,0.35418458694705496,0.43524678529179134,30.0,False,False,17.37956062058585,0.022629636224721156,0.1298636824308104,0.9436372748392822
chronos2,boom_hourly,BOOM,primary,cloud observability,1H,24,not_listed,benchmark_exclusion,L11,11,block_depth,0.9166666666666666,0.9166666666666666,block,0.18859795111778008,0.13664570911708523,0.15714755083439547,0.14449294122951473,0.17013360553402662,1.316476767179949,0.3580941791449161,0.440051165546134,30.0,False,False,6.492136367216815,0.008453302561480228,0.1298636824308104,0.9436372748392822
chronos2,boom_hourly,BOOM,primary,cloud observability,1H,24,not_listed,benchmark_exclusion,L12,12,block_depth,1.0,1.0,block,0.19192831140075686,0.13729239758472406,0.15682334243977641,0.14421832226742964,0.16969213432258803,1.2831501425872676,0.3680923249931401,0.45233758624226794,45.0,False,True,2.687473888448539,0.0034993149589173686,0.1298636824308104,0.9436372748392822
chronos2,LOOP_SEATTLE_5T,Loop Seattle,primary,road speed,5min,288,explicitly_held_out,benchmark_exclusion,Emb,0,block_depth,0.0,0.0,embedding,0.3299295413047289,0.30012912795175123,0.2378556276493855,0.22768489374843148,0.2478135937519144,1.1390848248013745,5.0945225264973,0.08534657260396653,0.0001,False,False,1.0006743686280868,0.001302961417484488,0.23080488119473438,1.2865068302940506
chronos2,LOOP_SEATTLE_5T,Loop Seattle,primary,road speed,5min,288,explicitly_held_out,benchmark_exclusion,L1,1,block_depth,0.08333333333333333,0.08333333333333333,block,0.2366103144306449,0.2872054182732378,0.2252909320029821,0.21182390245936017,0.238937638027821,1.1106103467777053,5.064901174101807,0.08485033750250201,0.001,False,False,8.803629662665209,0.011463059456595323,0.23080488119473438,1.2865068302940506
chronos2,LOOP_SEATTLE_5T,Loop Seattle,primary,road speed,5min,288,explicitly_held_out,benchmark_exclusion,L2,2,block_depth,0.16666666666666666,0.16666666666666666,block,0.2295497527460927,0.2794993811123471,0.20335475187606483,0.19125629716431936,0.21575902901120653,0.9818766183543353,4.43774850334697,0.07434389049594611,1.0,False,False,11.164541551814322,0.014537163478924899,0.23080488119473438,1.2865068302940506
chronos2,LOOP_SEATTLE_5T,Loop Seattle,primary,road speed,5min,288,explicitly_held_out,benchmark_exclusion,L3,3,block_depth,0.25,0.25,block,0.23031844132428875,0.2665905523618669,0.21032133843493825,0.19972966495432132,0.22098480016348584,1.0987362193933936,4.846657851302254,0.08119419122034015,45.0,False,False,17.615160354570666,0.022936406711680554,0.23080488119473438,1.2865068302940506
chronos2,LOOP_SEATTLE_5T,Loop Seattle,primary,road speed,5min,288,explicitly_held_out,benchmark_exclusion,L4,4,block_depth,0.3333333333333333,0.3333333333333333,block,0.20415890057286623,0.2685791270821604,0.22282267225380162,0.21206019950589833,0.2340168689576667,1.1421779954285587,5.083260454428906,0.08515790345068336,0.001,False,False,32.671626352112696,0.04254118014598007,0.23080488119473438,1.2865068302940506
chronos2,LOOP_SEATTLE_5T,Loop Seattle,primary,road speed,5min,288,explicitly_held_out,benchmark_exclusion,L5,5,block_depth,0.4166666666666667,0.4166666666666667,block,0.20159013831514966,0.26474830769855556,0.22631218873021255,0.2150786715182867,0.23779227875016687,1.1445811239612032,5.124192312831523,0.08584361910054154,0.0001,False,False,51.43035115851989,0.06696660307098944,0.23080488119473438,1.2865068302940506
chronos2,LOOP_SEATTLE_5T,Loop Seattle,primary,road speed,5min,288,explicitly_held_out,benchmark_exclusion,L6,6,block_depth,0.5,0.5,block,0.22671942540859988,0.25530167270935217,0.20511285642176183,0.1948435485370116,0.2152974239536312,1.0452529956320118,4.600222539445746,0.0770657554098888,90.0,False,False,78.14585678408142,0.10175241768760601,0.23080488119473438,1.2865068302940506
chronos2,LOOP_SEATTLE_5T,Loop Seattle,primary,road speed,5min,288,explicitly_held_out,benchmark_exclusion,L7,7,block_depth,0.5833333333333334,0.5833333333333334,block,0.2265478453359739,0.24982482291587438,0.2000733101669386,0.19036478340156548,0.2098048513876061,1.0444828456727795,4.578815497866391,0.07670713149196794,90.0,False,False,87.91107274160092,0.11446754263229286,0.23080488119473438,1.2865068302940506
chronos2,LOOP_SEATTLE_5T,Loop Seattle,primary,road speed,5min,288,explicitly_held_out,benchmark_exclusion,L8,8,block_depth,0.6666666666666666,0.6666666666666666,block,0.2243004516969666,0.23570399833772018,0.19792188937199934,0.18754875603210153,0.20835225459557907,1.0207378593911658,4.499446191038904,0.0753774880813349,90.0,True,False,94.09261507642199,0.1225164258807578,0.23080488119473438,1.2865068302940506
chronos2,LOOP_SEATTLE_5T,Loop Seattle,primary,road speed,5min,288,explicitly_held_out,benchmark_exclusion,L9,9,block_depth,0.75,0.75,block,0.2205900594837953,0.23139117891324384,0.20494671818579882,0.19361540281590617,0.216410438610838,1.0791663287769977,4.721752695775781,0.07910170328465932,65.0,False,False,81.88364483350163,0.10661932921028859,0.23080488119473438,1.2865068302940506
chronos2,LOOP_SEATTLE_5T,Loop Seattle,primary,road speed,5min,288,explicitly_held_out,benchmark_exclusion,L10,10,block_depth,0.8333333333333334,0.8333333333333334,block,0.2197438244369827,0.2300700772525245,0.20651618338666344,0.19454087364018133,0.21852462079503948,1.1072378723767065,4.823033549820841,0.08079842240174831,45.0,False,False,57.03069273937345,0.07425871450439252,0.23080488119473438,1.2865068302940506
chronos2,LOOP_SEATTLE_5T,Loop Seattle,primary,road speed,5min,288,explicitly_held_out,benchmark_exclusion,L11,11,block_depth,0.9166666666666666,0.9166666666666666,block,0.2286294446817173,0.23355811643805213,0.21560562757476595,0.20163186278748715,0.22941102385947496,1.2177063743563157,5.293831628317454,0.08868552117876466,65.0,False,False,26.73181228269382,0.03480704724309091,0.23080488119473438,1.2865068302940506
chronos2,LOOP_SEATTLE_5T,Loop Seattle,primary,road speed,5min,288,explicitly_held_out,benchmark_exclusion,L12,12,block_depth,1.0,1.0,block,0.23780903211625098,0.23061134737297778,0.21653931622059291,0.20241328471461098,0.2310592898835947,1.1626532630904043,5.145237888215249,0.08619618751458569,65.0,False,True,4.628091960364121,0.006026161406724116,0.23080488119473438,1.2865068302940506
chronos2,electricity_15min,Electricity 15min,control,energy,15min,96,pretraining_exposed,source_level,Emb,0,block_depth,0.0,0.0,embedding,0.37612723783620633,0.3867102460438059,0.37596475799347606,0.36419873686208754,0.3882118037098464,2.4940997630663904,157.93748540724584,0.2650024373366386,0.3,False,False,1.0006743686280868,0.001302961417484488,0.174861382379353,1.2667803585358441
chronos2,electricity_15min,Electricity 15min,control,energy,15min,96,pretraining_exposed,source_level,L1,1,block_depth,0.08333333333333333,0.08333333333333333,block,0.19655395543985762,0.21500429906349144,0.22743900888066254,0.21368182718768033,0.24219413050983585,1.6239951048335188,116.77359870537796,0.19593377844216328,1e-05,False,False,9.874537449230603,0.012857470637019015,0.174861382379353,1.2667803585358441
chronos2,electricity_15min,Electricity 15min,control,energy,15min,96,pretraining_exposed,source_level,L2,2,block_depth,0.16666666666666666,0.16666666666666666,block,0.1502967696594157,0.14524121982052582,0.19307554936932245,0.18013786224804762,0.2073606510916796,1.4219414409312683,98.12902847269218,0.16465015668501207,3.0,False,False,14.282675457245254,0.018597233668288093,0.174861382379353,1.2667803585358441
chronos2,electricity_15min,Electricity 15min,control,energy,15min,96,pretraining_exposed,source_level,L3,3,block_depth,0.25,0.25,block,0.13541708306183603,0.13745527482726647,0.18689833875773973,0.17410211389927008,0.20071709635703047,1.3783757924667717,94.62397833872109,0.1587690523601306,1.0,False,False,21.920570670417955,0.028542409727106713,0.174861382379353,1.2667803585358441
chronos2,electricity_15min,Electricity 15min,control,energy,15min,96,pretraining_exposed,source_level,L4,4,block_depth,0.3333333333333333,0.3333333333333333,block,0.13365826754826768,0.14159333923447678,0.1891461054275509,0.1764069850741395,0.2031421687148284,1.3922878881707743,96.61045591808566,0.16210215215520973,0.3,False,False,25.93757076799446,0.03377287860415945,0.174861382379353,1.2667803585358441
chronos2,electricity_15min,Electricity 15min,control,energy,15min,96,pretraining_exposed,source_level,L5,5,block_depth,0.4166666666666667,0.4166666666666667,block,0.13026909151754557,0.1410063289333391,0.18405130723107407,0.17144959128838574,0.19757548977357856,1.3440988057720562,91.88603192003241,0.15417506713630147,0.3,False,False,32.18437964376927,0.04190674432782457,0.174861382379353,1.2667803585358441
chronos2,electricity_15min,Electricity 15min,control,energy,15min,96,pretraining_exposed,source_level,L6,6,block_depth,0.5,0.5,block,0.13516590623198402,0.1429900166841636,0.18502680149697165,0.17234664523497736,0.19870428272579863,1.3637886485506812,90.43336275298037,0.151737641537686,3.0,False,False,38.116910137270615,0.04963139340790445,0.174861382379353,1.2667803585358441
chronos2,electricity_15min,Electricity 15min,control,energy,15min,96,pretraining_exposed,source_level,L7,7,block_depth,0.5833333333333334,0.5833333333333334,block,0.1308002578204169,0.14454917117725802,0.19348250072847567,0.18117911210834609,0.2069264510099044,1.3993886911043483,94.2726935099745,0.1581796334797604,1.0,False,False,31.907312271708662,0.04154597952045399,0.174861382379353,1.2667803585358441
chronos2,electricity_15min,Electricity 15min,control,energy,15min,96,pretraining_exposed,source_level,L8,8,block_depth,0.6666666666666666,0.6666666666666666,block,0.12583596790222776,0.14571263052466263,0.1976882285502462,0.18544472562458425,0.21126426212535815,1.427946408139114,95.99474887390643,0.16106906069517976,1.0,False,False,34.26893889546005,0.044621014186796946,0.174861382379353,1.2667803585358441
chronos2,electricity_15min,Electricity 15min,control,energy,15min,96,pretraining_exposed,source_level,L9,9,block_depth,0.75,0.75,block,0.12432259681716112,0.1381960286837043,0.20296355966791396,0.1907084722967662,0.21604335800502872,1.4662822398777582,93.53683352400515,0.15694493806012927,3.0,False,False,27.4695482247841,0.03576764091768763,0.174861382379353,1.2667803585358441
chronos2,electricity_15min,Electricity 15min,control,energy,15min,96,pretraining_exposed,source_level,L10,10,block_depth,0.8333333333333334,0.8333333333333334,block,0.12167370919448188,0.13410519192862602,0.1995647108139655,0.1869302125434384,0.2136819732236811,1.4303867382993627,94.28989451211412,0.15820849494656086,3.0,True,False,23.348973382366903,0.030402309091623572,0.174861382379353,1.2667803585358441
chronos2,electricity_15min,Electricity 15min,control,energy,15min,96,pretraining_exposed,source_level,L11,11,block_depth,0.9166666666666666,0.9166666666666666,block,0.12616792277110958,0.12572427032842437,0.20162335154778174,0.18833305483207619,0.21607951492192012,1.4727969300711687,98.55920535722686,0.1653719481114972,10.0,False,False,15.018410347269997,0.01955522180634114,0.174861382379353,1.2667803585358441
chronos2,electricity_15min,Electricity 15min,control,energy,15min,96,pretraining_exposed,source_level,L12,12,block_depth,1.0,1.0,block,0.1316919680898595,0.12806056994404502,0.19306009847187358,0.18002807431683684,0.2074400542769581,1.4029397389937575,90.3607877223053,0.15161586829323376,30.0,False,True,5.641067814237182,0.007345140383121331,0.174861382379353,1.2667803585358441
chronos2,SZ_TAXI_15T,SZ Taxi,primary,road speed,15min,96,explicitly_held_out,benchmark_exclusion,Emb,0,block_depth,0.0,0.0,embedding,0.312073473453821,0.31626871715371424,0.3389013318870312,0.3238300845552331,0.35569304488599296,0.8554761751292866,2.957877042759473,0.2736306368596811,1e-05,False,False,1.0006743686280868,0.001302961417484488,0.3054732130124019,0.7733281950337813
chronos2,SZ_TAXI_15T,SZ Taxi,primary,road speed,15min,96,explicitly_held_out,benchmark_exclusion,L1,1,block_depth,0.08333333333333333,0.08333333333333333,block,0.2787181088724942,0.30647973439250237,0.32836204222761667,0.3147356137657204,0.3433843129242842,0.8326104954990257,2.8716079674543242,0.2656499596118462,3.0,False,False,13.408070706182144,0.017458425398674666,0.3054732130124019,0.7733281950337813
chronos2,SZ_TAXI_15T,SZ Taxi,primary,road speed,15min,96,explicitly_held_out,benchmark_exclusion,L2,2,block_depth,0.16666666666666666,0.16666666666666666,block,0.2705249463687711,0.2985593131623971,0.32147006881542695,0.3092043836863759,0.33455307989691696,0.8174062861948728,2.8211359808961256,0.26098083996087895,10.0,True,False,17.228562570909045,0.02243302418087115,0.3054732130124019,0.7733281950337813
chronos2,SZ_TAXI_15T,SZ Taxi,primary,road speed,15min,96,explicitly_held_out,benchmark_exclusion,L3,3,block_depth,0.25,0.25,block,0.2702024387599235,0.29424078700443107,0.31806596798392445,0.3056600585866433,0.3317298873256032,0.8108027607677837,2.7922133464693433,0.2583052321639852,45.0,False,False,30.058993124235002,0.039139313963847656,0.3054732130124019,0.7733281950337813
chronos2,SZ_TAXI_15T,SZ Taxi,primary,road speed,15min,96,explicitly_held_out,benchmark_exclusion,L4,4,block_depth,0.3333333333333333,0.3333333333333333,block,0.26571653817795016,0.29225296049545973,0.315168004291944,0.3027829429731728,0.32852228209137535,0.8047133344010039,2.778152205774447,0.25700444824778546,30.0,False,False,51.9288811401419,0.06761573065122643,0.3054732130124019,0.7733281950337813
chronos2,SZ_TAXI_15T,SZ Taxi,primary,road speed,15min,96,explicitly_held_out,benchmark_exclusion,L5,5,block_depth,0.4166666666666667,0.4166666666666667,block,0.26512859160430635,0.2924185926333452,0.31484108809859324,0.3020967099123085,0.32872857350426227,0.8037643164379576,2.77957853259335,0.25713639650330267,45.0,False,False,77.13386821422098,0.1004347242372669,0.3054732130124019,0.7733281950337813
chronos2,SZ_TAXI_15T,SZ Taxi,primary,road speed,15min,96,explicitly_held_out,benchmark_exclusion,L6,6,block_depth,0.5,0.5,block,0.26504782230795026,0.2919322155798093,0.3134509025093837,0.30080852827582605,0.3273317972174249,0.8008326061753661,2.7682136514059756,0.2560850412129439,65.0,False,False,105.16635532390923,0.13693535849467348,0.3054732130124019,0.7733281950337813
chronos2,SZ_TAXI_15T,SZ Taxi,primary,road speed,15min,96,explicitly_held_out,benchmark_exclusion,L7,7,block_depth,0.5833333333333334,0.5833333333333334,block,0.26400761307622045,0.2922385121958378,0.31292824580883366,0.3002557869093158,0.3266916177832545,0.7997175170552865,2.7691603031271006,0.2561726151416743,65.0,False,False,110.83255970635888,0.14431322878432146,0.3054732130124019,0.7733281950337813
chronos2,SZ_TAXI_15T,SZ Taxi,primary,road speed,15min,96,explicitly_held_out,benchmark_exclusion,L8,8,block_depth,0.6666666666666666,0.6666666666666666,block,0.2631486478038506,0.2930912603265964,0.3136920945193523,0.30064158112718126,0.3280476165457796,0.8020503817759648,2.771182740850036,0.25635970909931205,65.0,False,False,116.5940318327776,0.15181514561559584,0.3054732130124019,0.7733281950337813
chronos2,SZ_TAXI_15T,SZ Taxi,primary,road speed,15min,96,explicitly_held_out,benchmark_exclusion,L9,9,block_depth,0.75,0.75,block,0.2628896450690679,0.2925236047938084,0.3131096998277383,0.3000884094371054,0.327356047472224,0.8006845150724069,2.77226891619989,0.2564601902377858,65.0,False,False,105.09702054382569,0.13684507883310637,0.3054732130124019,0.7733281950337813
chronos2,SZ_TAXI_15T,SZ Taxi,primary,road speed,15min,96,explicitly_held_out,benchmark_exclusion,L10,10,block_depth,0.8333333333333334,0.8333333333333334,block,0.26270770773537444,0.2901396647286721,0.3100721942117581,0.2976656578266277,0.3238347956815209,0.7940395856688548,2.751729077156732,0.25456006756293276,65.0,False,False,89.98524558925457,0.11716828852767523,0.3054732130124019,0.7733281950337813
chronos2,SZ_TAXI_15T,SZ Taxi,primary,road speed,15min,96,explicitly_held_out,benchmark_exclusion,L11,11,block_depth,0.9166666666666666,0.9166666666666666,block,0.2665815724586397,0.28912221246327346,0.3087787312001754,0.2971110744497333,0.321850566420322,0.7899246267994678,2.7546712216535387,0.2548322427956271,65.0,False,False,56.95635549163851,0.07416192121307098,0.3054732130124019,0.7733281950337813
chronos2,SZ_TAXI_15T,SZ Taxi,primary,road speed,15min,96,explicitly_held_out,benchmark_exclusion,L12,12,block_depth,1.0,1.0,block,0.2724954463445302,0.287589554173442,0.30960983209885085,0.29825287458654015,0.3227298743306444,0.78968621034783,2.767475094511449,0.2560167179559305,65.0,False,True,8.734695091653172,0.011373300900590069,0.3054732130124019,0.7733281950337813
chronos2,monash_london_smart_meters,London Smart Meters,primary,residential energy,30min,48,pretraining_exposed,exact_dataset,Emb,0,block_depth,0.0,0.0,embedding,0.27089166329636466,0.26816982363585296,0.2617230603314993,0.25173887736910516,0.27202533468149087,1.1360518743857801,0.12737359916694085,0.6196205714478868,0.001,False,False,1.0006743686280868,0.001302961417484488,0.16750582732537492,0.7762674154725767
chronos2,monash_london_smart_meters,London Smart Meters,primary,residential energy,30min,48,pretraining_exposed,exact_dataset,L1,1,block_depth,0.08333333333333333,0.08333333333333333,block,0.24480212844074456,0.24845661706369343,0.24168567362291213,0.23178819713915008,0.2520960355163303,1.064803428224688,0.11837375182461585,0.575839987483337,3.0,False,False,15.554573980250483,0.020253351536784484,0.16750582732537492,0.7762674154725767
chronos2,monash_london_smart_meters,London Smart Meters,primary,residential energy,30min,48,pretraining_exposed,exact_dataset,L2,2,block_depth,0.16666666666666666,0.16666666666666666,block,0.20821638398909328,0.21518249366119618,0.19799474803091005,0.18980664972372296,0.20668837234861295,0.911133818206827,0.10139843763534216,0.49326201255558494,3.0,False,False,22.138574596597028,0.028826269005985714,0.16750582732537492,0.7762674154725767
chronos2,monash_london_smart_meters,London Smart Meters,primary,residential energy,30min,48,pretraining_exposed,exact_dataset,L3,3,block_depth,0.25,0.25,block,0.1982747472814649,0.2042541831148831,0.1921513314636154,0.1839451083067435,0.20067205337082383,0.8867223049296381,0.09849034058173071,0.4791153073516048,3.0,False,False,38.90167578519038,0.050653223678633306,0.16750582732537492,0.7762674154725767
chronos2,monash_london_smart_meters,London Smart Meters,primary,residential energy,30min,48,pretraining_exposed,exact_dataset,L4,4,block_depth,0.3333333333333333,0.3333333333333333,block,0.19728350849926385,0.20072273376845676,0.18921608244644778,0.18125815940594286,0.19760984081831826,0.8745822735459547,0.09719245152734107,0.4728016068452475,10.0,True,False,58.90000985513654,0.07669272116554236,0.16750582732537492,0.7762674154725767
chronos2,monash_london_smart_meters,London Smart Meters,primary,residential energy,30min,48,pretraining_exposed,exact_dataset,L5,5,block_depth,0.4166666666666667,0.4166666666666667,block,0.19478145489600118,0.1993845133821814,0.18713440522835909,0.17892314016157834,0.19568733029806884,0.8640161337067237,0.09641908333600821,0.46903948625049824,10.0,False,False,73.90532352359561,0.09623089000468178,0.16750582732537492,0.7762674154725767
chronos2,monash_london_smart_meters,London Smart Meters,primary,residential energy,30min,48,pretraining_exposed,exact_dataset,L6,6,block_depth,0.5,0.5,block,0.19251130486823823,0.19788425987344663,0.18640292624992724,0.17816410846084016,0.1949814831610513,0.8611000606632059,0.09596767689398016,0.4668435781549902,10.0,False,False,89.5211682666612,0.11656402118054844,0.16750582732537492,0.7762674154725767
chronos2,monash_london_smart_meters,London Smart Meters,primary,residential energy,30min,48,pretraining_exposed,exact_dataset,L7,7,block_depth,0.5833333333333334,0.5833333333333334,block,0.19182900748505569,0.19821324215078626,0.18642891061897496,0.17816122054399652,0.19500888073674708,0.859323025517433,0.09608764855582758,0.46742719132253546,10.0,False,False,85.1003346119456,0.11080772735930416,0.16750582732537492,0.7762674154725767
chronos2,monash_london_smart_meters,London Smart Meters,primary,residential energy,30min,48,pretraining_exposed,exact_dataset,L8,8,block_depth,0.6666666666666666,0.6666666666666666,block,0.1918572110926981,0.1979159070107773,0.1857793766663957,0.17737269654251522,0.19451076324446168,0.8572162339896684,0.09565612558094079,0.46532800817908193,10.0,False,False,85.83986690871669,0.11177066003739151,0.16750582732537492,0.7762674154725767
chronos2,monash_london_smart_meters,London Smart Meters,primary,residential energy,30min,48,pretraining_exposed,exact_dataset,L9,9,block_depth,0.75,0.75,block,0.19165738515684133,0.19562210869897184,0.1848986052858238,0.17658242648751793,0.19349498390184558,0.8529921264354453,0.09494558150342931,0.46187150125593585,10.0,False,False,62.16273341304385,0.08094105913156752,0.16750582732537492,0.7762674154725767
chronos2,monash_london_smart_meters,London Smart Meters,primary,residential energy,30min,48,pretraining_exposed,exact_dataset,L10,10,block_depth,0.8333333333333334,0.8333333333333334,block,0.19450155676073974,0.19496897087638615,0.18363271390606883,0.17535351396019336,0.1921720406417344,0.8492487794886535,0.09463574639923013,0.46036427993555135,30.0,False,False,53.500201452079615,0.06966172064072866,0.16750582732537492,0.7762674154725767
chronos2,monash_london_smart_meters,London Smart Meters,primary,residential energy,30min,48,pretraining_exposed,exact_dataset,L11,11,block_depth,0.9166666666666666,0.9166666666666666,block,0.19244219925537856,0.19310804443675597,0.18296880218136402,0.17451848828354638,0.19160487842426158,0.8441436301771517,0.09382151682031592,0.4564033853681037,10.0,False,False,34.843671476791926,0.04536936390207282,0.16750582732537492,0.7762674154725767
chronos2,monash_london_smart_meters,London Smart Meters,primary,residential energy,30min,48,pretraining_exposed,exact_dataset,L12,12,block_depth,1.0,1.0,block,0.19601209536515488,0.19295025992256995,0.18300906817592283,0.17456011089482096,0.19161231312225394,0.8440613733613357,0.09415474636558212,0.45802441109566083,30.0,False,True,8.239280698167295,0.010728230075738665,0.16750582732537492,0.7762674154725767
chronos2,m5,M5,primary,retail,1D,7,explicitly_held_out,benchmark_exclusion,Emb,0,block_depth,0.0,0.0,embedding,0.2735028125003643,0.27560210131279383,0.29444437192482803,0.28058212512592207,0.30937304673929705,1.1598358749765825,1.145426193748743,0.8130770590038084,0.0001,True,False,1.0006743686280868,0.001302961417484488,0.24791344009137192,0.9809678116775947
chronos2,m5,M5,primary,retail,1D,7,explicitly_held_out,benchmark_exclusion,L1,1,block_depth,0.08333333333333333,0.08333333333333333,block,0.2542661615223804,0.26299408277965913,0.27769940052153047,0.2650454516895826,0.2909542909265275,1.0989055723857624,1.0644570055655456,0.7556013440627536,30.0,False,False,11.425273897917513,0.014876658721246763,0.24791344009137192,0.9809678116775947
chronos2,m5,M5,primary,retail,1D,7,explicitly_held_out,benchmark_exclusion,L2,2,block_depth,0.16666666666666666,0.16666666666666666,block,0.2531036787093156,0.262391971466878,0.2759707495001436,0.26313330992267164,0.2894617350878663,1.0881933692996713,1.0643366088224897,0.7555158808261944,45.0,False,False,12.631543688477848,0.016447322511038864,0.24791344009137192,0.9809678116775947
chronos2,m5,M5,primary,retail,1D,7,explicitly_held_out,benchmark_exclusion,L3,3,block_depth,0.25,0.25,block,0.24667568805719722,0.2565266566479024,0.2705814660533921,0.257164658556998,0.2841919422782389,1.0684332733070832,1.0520695817223842,0.7468081715283733,30.0,False,False,22.352013837327085,0.02910418468401964,0.24791344009137192,0.9809678116775947
chronos2,m5,M5,primary,retail,1D,7,explicitly_held_out,benchmark_exclusion,L4,4,block_depth,0.3333333333333333,0.3333333333333333,block,0.24392809576276087,0.2545939053174194,0.26879466463676616,0.2553225923654844,0.2824912384419012,1.0623008473293207,1.046323679031487,0.7427294611874242,30.0,False,False,46.39169992254808,0.060405859274151145,0.24791344009137192,0.9809678116775947
chronos2,m5,M5,primary,retail,1D,7,explicitly_held_out,benchmark_exclusion,L5,5,block_depth,0.4166666666666667,0.4166666666666667,block,0.24088057568711008,0.25309166284491313,0.2671227415540177,0.25359578235163743,0.2808713303829138,1.056661522041126,1.0460695553613355,0.7425490723265116,30.0,False,False,74.5598294776524,0.09708311129902657,0.24791344009137192,0.9809678116775947
chronos2,m5,M5,primary,retail,1D,7,explicitly_held_out,benchmark_exclusion,L6,6,block_depth,0.5,0.5,block,0.239001875123279,0.25172394488490263,0.2661526763157649,0.25266065012329464,0.2798717271314422,1.0528882277183074,1.044057866419381,0.7411210814725555,30.0,False,False,103.93294118585426,0.1353293505024144,0.24791344009137192,0.9809678116775947
chronos2,m5,M5,primary,retail,1D,7,explicitly_held_out,benchmark_exclusion,L7,7,block_depth,0.5833333333333334,0.5833333333333334,block,0.23795563881679663,0.2515671663555025,0.2659481983660287,0.2522796301494658,0.27969053741615574,1.05241902141351,1.040003003397987,0.7382427501421813,30.0,False,False,118.46695347170372,0.1542538456662809,0.24791344009137192,0.9809678116775947
chronos2,m5,M5,primary,retail,1D,7,explicitly_held_out,benchmark_exclusion,L8,8,block_depth,0.6666666666666666,0.6666666666666666,block,0.2376949215331883,0.2512111564003329,0.26595180603952806,0.2526045158068216,0.27945772640705674,1.0510475256417227,1.0447553307705095,0.7416161742742311,30.0,False,False,121.8480107362671,0.15865626397951446,0.24791344009137192,0.9809678116775947
chronos2,m5,M5,primary,retail,1D,7,explicitly_held_out,benchmark_exclusion,L9,9,block_depth,0.75,0.75,block,0.23859348986565082,0.2523857366208357,0.2662528903998491,0.2528495762600272,0.2796336567025802,1.053296940197674,1.0441752759935405,0.7412044242769873,30.0,False,False,109.76114445983133,0.1429181568487387,0.24791344009137192,0.9809678116775947
chronos2,m5,M5,primary,retail,1D,7,explicitly_held_out,benchmark_exclusion,L10,10,block_depth,0.8333333333333334,0.8333333333333334,block,0.24390310244541213,0.25590203567372477,0.2690114321770104,0.2558028767340397,0.2824051205680229,1.0654807442376546,1.049641305601467,0.745084467620064,45.0,False,False,49.24332434673786,0.06411891190981492,0.24791344009137192,0.9809678116775947
chronos2,m5,M5,primary,retail,1D,7,explicitly_held_out,benchmark_exclusion,L11,11,block_depth,0.9166666666666666,0.9166666666666666,block,0.2501147213930443,0.2614357100074528,0.2729217482958245,0.26034699434535363,0.28574072414554147,1.0797741988098597,1.0505686920127733,0.7457427698485098,45.0,False,False,12.241694465518702,0.01593970633531081,0.24791344009137192,0.9809678116775947
chronos2,m5,M5,primary,retail,1D,7,explicitly_held_out,benchmark_exclusion,L12,12,block_depth,1.0,1.0,block,0.2533761917171169,0.2647809085670773,0.27508438729773493,0.2630310087503851,0.2873862345990874,1.0924328668636494,1.0538579212291452,0.7480776185120317,45.0,False,True,2.910992186715085,0.003790354409785267,0.24791344009137192,0.9809678116775947
chronos2,wiki_daily_100k,Wiki Daily,primary,web traffic,1D,7,pretraining_exposed,exact_dataset,Emb,0,block_depth,0.0,0.0,embedding,0.27466358910909344,0.2717835166356491,0.2756279184276821,0.26051225322547533,0.290837465080198,1.004702202483857,48.28815806149357,0.35078327017959554,0.01,False,False,1.0006743686280868,0.001302961417484488,0.2240484008149649,0.7975885759832922
chronos2,wiki_daily_100k,Wiki Daily,primary,web traffic,1D,7,pretraining_exposed,exact_dataset,L1,1,block_depth,0.08333333333333333,0.08333333333333333,block,0.23712332188078286,0.2326214006099537,0.25088667377602053,0.2356826407020869,0.2657579757977021,0.9224237962577297,43.711335997737415,0.31753552010989966,10.0,False,False,12.4585135907276,0.01622202290459323,0.2240484008149649,0.7975885759832922
chronos2,wiki_daily_100k,Wiki Daily,primary,web traffic,1D,7,pretraining_exposed,exact_dataset,L2,2,block_depth,0.16666666666666666,0.16666666666666666,block,0.2325423202494766,0.229897758560895,0.24932839865049788,0.23457839442452572,0.26390927936384123,0.9134134588809033,43.303909929276344,0.3145758245160195,10.0,True,False,14.748537667871478,0.01920382508837432,0.2240484008149649,0.7975885759832922
chronos2,wiki_daily_100k,Wiki Daily,primary,web traffic,1D,7,pretraining_exposed,exact_dataset,L3,3,block_depth,0.25,0.25,block,0.22486583412848038,0.22629146075999465,0.24125131186922544,0.22690075632746382,0.25546349930392137,0.8829791465187704,41.39637828260432,0.3007188000227977,10.0,False,False,26.442329924589806,0.034430117089309646,0.2240484008149649,0.7975885759832922
chronos2,wiki_daily_100k,Wiki Daily,primary,web traffic,1D,7,pretraining_exposed,exact_dataset,L4,4,block_depth,0.3333333333333333,0.3333333333333333,block,0.21986782157438214,0.22578156530458965,0.23865121908713388,0.22442832414970826,0.25282629287467545,0.8707297715305432,42.06274271601015,0.30555952090479527,10.0,False,False,49.568144206372516,0.06454185443538088,0.2240484008149649,0.7975885759832922
chronos2,wiki_daily_100k,Wiki Daily,primary,web traffic,1D,7,pretraining_exposed,exact_dataset,L5,5,block_depth,0.4166666666666667,0.4166666666666667,block,0.22065652549330952,0.2245081069218066,0.23642515510548162,0.22233033678067832,0.2507001919401738,0.8601905127338836,40.77497250260132,0.29620467564181874,30.0,False,False,71.88013303835895,0.09359392322702988,0.2240484008149649,0.7975885759832922
chronos2,wiki_daily_100k,Wiki Daily,primary,web traffic,1D,7,pretraining_exposed,exact_dataset,L6,6,block_depth,0.5,0.5,block,0.21903268718715208,0.22363166481199612,0.23660158330418227,0.2224846732678276,0.2509641743162007,0.8586049206016201,39.83527510418468,0.2893783617042262,30.0,False,False,100.85063144939213,0.131315926366396,0.2240484008149649,0.7975885759832922
chronos2,wiki_daily_100k,Wiki Daily,primary,web traffic,1D,7,pretraining_exposed,exact_dataset,L7,7,block_depth,0.5833333333333334,0.5833333333333334,block,0.21840067071254918,0.22372281084988863,0.23720409608808637,0.2231248545599035,0.2515358055127742,0.8616559470798654,40.137444772528546,0.29157343537582414,30.0,False,False,108.51842533400561,0.14130003298698648,0.2240484008149649,0.7975885759832922
chronos2,wiki_daily_100k,Wiki Daily,primary,web traffic,1D,7,pretraining_exposed,exact_dataset,L8,8,block_depth,0.6666666666666666,0.6666666666666666,block,0.21809139183403087,0.22283544205129147,0.2362870229194865,0.2223556874319911,0.2503887297048852,0.8581894519429568,39.60196613451811,0.2876835179448587,30.0,False,False,108.91454787498802,0.1418158175455573,0.2240484008149649,0.7975885759832922
chronos2,wiki_daily_100k,Wiki Daily,primary,web traffic,1D,7,pretraining_exposed,exact_dataset,L9,9,block_depth,0.75,0.75,block,0.2195758550365053,0.2216112018769024,0.23241590270559295,0.21835378199879735,0.24653799034413376,0.8416601127435573,38.29761928099509,0.278208253758045,45.0,False,False,93.48614302165156,0.1217267487261088,0.2240484008149649,0.7975885759832922
chronos2,wiki_daily_100k,Wiki Daily,primary,web traffic,1D,7,pretraining_exposed,exact_dataset,L10,10,block_depth,0.8333333333333334,0.8333333333333334,block,0.21952974321681423,0.2206982563726092,0.23118707224840426,0.2173684460178501,0.24524549262505735,0.8408335496452802,38.5267281668458,0.27987258653511154,45.0,False,False,73.46230950531952,0.09565404883505146,0.2240484008149649,0.7975885759832922
chronos2,wiki_daily_100k,Wiki Daily,primary,web traffic,1D,7,pretraining_exposed,exact_dataset,L11,11,block_depth,0.9166666666666666,0.9166666666666666,block,0.21919240568159215,0.21994531646598386,0.2314261126097377,0.21793299328877042,0.24519381258629602,0.8487588468938632,42.18369525796178,0.3064381654815525,30.0,False,False,38.06488628525802,0.049563654017263044,0.2240484008149649,0.7975885759832922
chronos2,wiki_daily_100k,Wiki Daily,primary,web traffic,1D,7,pretraining_exposed,exact_dataset,L12,12,block_depth,1.0,1.0,block,0.22225429989408216,0.22121585882802047,0.23204073380991702,0.2185339222427543,0.24576986252920316,0.8520376107993373,42.363421965679514,0.30774376761679134,30.0,False,True,3.541349464590308,0.004611132115351964,0.2240484008149649,0.7975885759832922
chronos2,monash_traffic,Traffic,primary,road volume,1H,24,undocumented,source_family,Emb,0,block_depth,0.0,0.0,embedding,0.31979975935440497,0.2507624534591464,0.2770542643736792,0.26816019522424306,0.28591474263950156,1.8405095618632368,0.028133773043239017,0.6268356467755938,10.0,False,False,1.0006743686280868,0.001302961417484488,0.07371770658349007,0.4892326155438858
chronos2,monash_traffic,Traffic,primary,road volume,1H,24,undocumented,source_family,L1,1,block_depth,0.08333333333333333,0.08333333333333333,block,0.2399410474270454,0.20441567073114045,0.21118155551206974,0.2042070062845263,0.21816288830271657,1.4665179421473544,0.022433614658554014,0.4998330416754574,1.0,False,False,8.123275211789899,0.010577181265351432,0.07371770658349007,0.4892326155438858
chronos2,monash_traffic,Traffic,primary,road volume,1H,24,undocumented,source_family,L2,2,block_depth,0.16666666666666666,0.16666666666666666,block,0.14461673629687968,0.12325548246957874,0.13971681833153463,0.1344784396593921,0.1449091854355945,0.9610544857410012,0.015812684772378276,0.35231515059564034,0.1,False,False,11.226184321863341,0.014617427502426226,0.07371770658349007,0.4892326155438858
chronos2,monash_traffic,Traffic,primary,road volume,1H,24,undocumented,source_family,L3,3,block_depth,0.25,0.25,block,0.11963205305669708,0.13108071925132783,0.11540544587578483,0.10981736128033628,0.12100770432388282,0.7968039931378308,0.013584889452033764,0.3026786685508907,45.0,False,False,17.991496003711475,0.023426427088165985,0.07371770658349007,0.4892326155438858
chronos2,monash_traffic,Traffic,primary,road volume,1H,24,undocumented,source_family,L4,4,block_depth,0.3333333333333333,0.3333333333333333,block,0.0931558093828399,0.13329455614772462,0.1063945138585249,0.10080178995254158,0.11193959098984663,0.7366688362198501,0.012662916214284859,0.2821366072388191,0.3,False,False,24.817812927703763,0.03231486058294761,0.07371770658349007,0.4892326155438858
chronos2,monash_traffic,Traffic,primary,road volume,1H,24,undocumented,source_family,L5,5,block_depth,0.4166666666666667,0.4166666666666667,block,0.08997357772981249,0.1349400182802031,0.10967010686188254,0.10364627498344213,0.11560136809916668,0.7535947856132114,0.012982611333651674,0.2892595870329373,0.3,False,False,26.459598383339973,0.03445260206164059,0.07371770658349007,0.4892326155438858
chronos2,monash_traffic,Traffic,primary,road volume,1H,24,undocumented,source_family,L6,6,block_depth,0.5,0.5,block,0.08942758469405442,0.13155905832714251,0.11224008089940966,0.10601805182216503,0.11841532987691746,0.7736183498427125,0.013363516333240396,0.2977463559924471,1.0,False,False,32.06412910101737,0.041750168100283036,0.07371770658349007,0.4892326155438858
chronos2,monash_traffic,Traffic,primary,road volume,1H,24,undocumented,source_family,L7,7,block_depth,0.5833333333333334,0.5833333333333334,block,0.08952612347013639,0.12354727143435988,0.11113083712358511,0.10526662785737625,0.11690665516497581,0.7682424317706118,0.01328458361753949,0.2959876924878368,3.0,False,False,25.7679698767319,0.03355204411032799,0.07371770658349007,0.4892326155438858
chronos2,monash_traffic,Traffic,primary,road volume,1H,24,undocumented,source_family,L8,8,block_depth,0.6666666666666666,0.6666666666666666,block,0.08470037913048797,0.12374949068513535,0.11085805770379441,0.10470768955379782,0.11681256066929577,0.7622481402674043,0.013342809762335279,0.2972850024176576,1e-05,False,False,27.43295443511972,0.03571999275406213,0.07371770658349007,0.4892326155438858
chronos2,monash_traffic,Traffic,primary,road volume,1H,24,undocumented,source_family,L9,9,block_depth,0.75,0.75,block,0.08298740747893814,0.1187720448489635,0.10400974292677777,0.09811069961487963,0.1097607921489038,0.7156780295011609,0.012476157531008097,0.2779755229845733,0.3,False,False,20.596340186465365,0.02681815128446011,0.07371770658349007,0.4892326155438858
chronos2,monash_traffic,Traffic,primary,road volume,1H,24,undocumented,source_family,L10,10,block_depth,0.8333333333333334,0.8333333333333334,block,0.08868012316738773,0.11430573959671358,0.10175850368922448,0.09654578758112176,0.1070388693323373,0.7047540699126371,0.012034219207942815,0.2681288986392432,10.0,False,False,17.661051066151334,0.022996160242384548,0.07371770658349007,0.4892326155438858
chronos2,monash_traffic,Traffic,primary,road volume,1H,24,undocumented,source_family,L11,11,block_depth,0.9166666666666666,0.9166666666666666,block,0.09491666153853644,0.10929464632716343,0.10522593738411674,0.10004884888247395,0.11033086530608303,0.7464541267254396,0.01255072503428137,0.27963692720045663,10.0,True,False,13.070696526129657,0.017019136101731325,0.07371770658349007,0.4892326155438858
chronos2,monash_traffic,Traffic,primary,road volume,1H,24,undocumented,source_family,L12,12,block_depth,1.0,1.0,block,0.0935916475433231,0.10504977825943751,0.10009908802693582,0.09478418430569403,0.10529912575610152,0.7007749812404075,0.01188482148024427,0.26480023663842334,30.0,False,True,7.865560323822921,0.010241615004977762,0.07371770658349007,0.4892326155438858
timesfm3,m4_hourly,M4,primary,mixed hourly,1H,24,undocumented,source_family,Emb,0,block_depth,0.0,0.0,embedding,0.17897747457027435,0.2074013650417328,0.22164678573608398,0.20946954720518515,0.23400745393694128,3.4238206056016223,440.3017074489798,0.09007981884871374,30.0,False,False,6.232717467786783,0.004869310521708424,0.10901168826967478,0.8294984882692394
timesfm3,m4_hourly,M4,primary,mixed hourly,1H,24,undocumented,source_family,L1,1,block_depth,0.05,0.05,block,0.1426803022623062,0.18449462950229645,0.18106962740421295,0.1695827109817387,0.1930632471824989,2.7018294807376737,343.75389290657085,0.07032743202603221,30.0,False,False,11.32448553119757,0.008847254321248102,0.10901168826967478,0.8294984882692394
timesfm3,m4_hourly,M4,primary,mixed hourly,1H,24,undocumented,source_family,L2,2,block_depth,0.1,0.1,block,0.1328398436307907,0.17002533376216888,0.1778508573770523,0.16694267834359,0.18917744991774776,2.711704759134998,388.033367707468,0.07938641817416835,30.0,False,False,12.506229706993697,0.009770491958588826,0.10901168826967478,0.8294984882692394
timesfm3,m4_hourly,M4,primary,mixed hourly,1H,24,undocumented,source_family,L3,3,block_depth,0.15,0.15,block,0.12442699819803238,0.15904280543327332,0.17561683058738708,0.16481465508073626,0.18707343637729987,2.7558326215553697,372.89804926960755,0.0762899351943515,30.0,False,False,18.37419403378029,0.014354839088890852,0.10901168826967478,0.8294984882692394
timesfm3,m4_hourly,M4,primary,mixed hourly,1H,24,undocumented,source_family,L4,4,block_depth,0.2,0.2,block,0.11293946206569672,0.1525946706533432,0.1704736053943634,0.1585011445675472,0.1830849716837966,2.3173672725480725,415.25578430371365,0.08495575918313589,30.0,False,False,19.222205878983285,0.015017348342955691,0.10901168826967478,0.8294984882692394
timesfm3,m4_hourly,M4,primary,mixed hourly,1H,24,undocumented,source_family,L5,5,block_depth,0.25,0.25,block,0.10877078026533127,0.14670588076114655,0.16613100469112396,0.15394266848416843,0.1788573244618579,2.1993528498921937,392.03414122114776,0.08020492272972646,30.0,False,False,18.33940427771797,0.014327659591967166,0.10901168826967478,0.8294984882692394
timesfm3,m4_hourly,M4,primary,mixed hourly,1H,24,undocumented,source_family,L6,6,block_depth,0.3,0.3,block,0.103566013276577,0.14684179425239563,0.16238795220851898,0.14993285138003584,0.17536251629482358,2.036241720317016,385.28045286570784,0.07882320875195546,30.0,False,False,22.405112913725276,0.01750399446384787,0.10901168826967478,0.8294984882692394
timesfm3,m4_hourly,M4,primary,mixed hourly,1H,24,undocumented,source_family,L7,7,block_depth,0.35,0.35,block,0.10408151149749756,0.1467813104391098,0.165387824177742,0.1526930408530961,0.17825002563114895,2.0286434376973213,409.51312483516836,0.08378088814383529,30.0,False,False,24.47452101316686,0.01912071954153661,0.10901168826967478,0.8294984882692394
timesfm3,m4_hourly,M4,primary,mixed hourly,1H,24,undocumented,source_family,L8,8,block_depth,0.4,0.4,block,0.10247161239385605,0.14601729810237885,0.1653175950050354,0.15243755072099333,0.17843478720507205,1.9934556807768617,412.02882009186374,0.0842955656233178,30.0,False,False,24.031522644597448,0.018774627066091756,0.10901168826967478,0.8294984882692394
timesfm3,m4_hourly,M4,primary,mixed hourly,1H,24,undocumented,source_family,L9,9,block_depth,0.45,0.45,block,0.1014314517378807,0.15003015100955963,0.16685305535793304,0.15356134401086916,0.18072351887360044,1.9567187259782417,431.3555772688862,0.08824956070438614,30.0,False,False,22.09164191394735,0.017259095245271368,0.10901168826967478,0.8294984882692394
timesfm3,m4_hourly,M4,primary,mixed hourly,1H,24,undocumented,source_family,L10,10,block_depth,0.5,0.5,block,0.10201308131217957,0.15354152023792267,0.1669534593820572,0.1536724525738422,0.18047094677560713,2.0064456381581914,417.208905823062,0.08535534162780041,30.0,False,False,21.557221879902997,0.016841579593674216,0.10901168826967478,0.8294984882692394
timesfm3,m4_hourly,M4,primary,mixed hourly,1H,24,undocumented,source_family,L11,11,block_depth,0.55,0.55,block,0.10299951583147049,0.1556340754032135,0.1671660989522934,0.15375909243625027,0.18102915517075824,1.9518790866602604,432.18523916616545,0.08841929839140443,30.0,False,False,15.238086634638734,0.011904755183311511,0.10901168826967478,0.8294984882692394
timesfm3,m4_hourly,M4,primary,mixed hourly,1H,24,undocumented,source_family,L12,12,block_depth,0.6,0.6,block,0.0990021750330925,0.14767803251743317,0.1650972068309784,0.15214070848523434,0.1786534693728393,1.9715706473867145,408.87936626583536,0.08365122964795958,30.0,False,False,11.708966398372324,0.009147629998728379,0.10901168826967478,0.8294984882692394
timesfm3,m4_hourly,M4,primary,mixed hourly,1H,24,undocumented,source_family,L13,13,block_depth,0.65,0.65,block,0.10097034275531769,0.1444258689880371,0.16303026676177979,0.15030448209558336,0.17624261225609264,1.9683649143440654,411.6515899395695,0.08421838939799763,30.0,False,False,17.25907367536716,0.013483651308880592,0.10901168826967478,0.8294984882692394
timesfm3,m4_hourly,M4,primary,mixed hourly,1H,24,undocumented,source_family,L14,14,block_depth,0.7,0.7,block,0.09642896056175232,0.14277181029319763,0.15939714014530182,0.14663002053986637,0.17247393104098455,1.9300473275016707,400.54744747406363,0.08194663090866908,30.0,True,False,17.91830250041976,0.013998673828452938,0.10901168826967478,0.8294984882692394
timesfm3,m4_hourly,M4,primary,mixed hourly,1H,24,undocumented,source_family,L15,15,block_depth,0.75,0.75,block,0.09617616981267929,0.14014233648777008,0.1563643515110016,0.14424812487212813,0.1690060155924751,1.9708801403922138,380.5263621265913,0.07785058560440705,30.0,False,False,21.672668640040893,0.016931772375031948,0.10901168826967478,0.8294984882692394
timesfm3,m4_hourly,M4,primary,mixed hourly,1H,24,undocumented,source_family,L16,16,block_depth,0.8,0.8,block,0.09670593589544296,0.13819056749343872,0.1546267718076706,0.14291766210537374,0.16681621856063264,1.937480368735476,348.1274331693761,0.07122219965453773,30.0,False,False,30.70122158149248,0.023985329360541,0.10901168826967478,0.8294984882692394
timesfm3,m4_hourly,M4,primary,mixed hourly,1H,24,undocumented,source_family,L17,17,block_depth,0.85,0.85,block,0.0975554808974266,0.1387692242860794,0.15241676568984985,0.14094655865035552,0.16440966582345198,1.9810390039178378,343.3839471779859,0.07025174609601875,30.0,False,False,36.29276427392301,0.028353722089002352,0.10901168826967478,0.8294984882692394
timesfm3,m4_hourly,M4,primary,mixed hourly,1H,24,undocumented,source_family,L18,18,block_depth,0.9,0.9,block,0.10349345207214355,0.1376955509185791,0.15451501309871674,0.14359783195492365,0.16614650250199245,2.1974386049914183,328.4539700185987,0.06719727318532974,30.0,False,False,30.06037853902104,0.02348467073361019,0.10901168826967478,0.8294984882692394
timesfm3,m4_hourly,M4,primary,mixed hourly,1H,24,undocumented,source_family,L19,19,block_depth,0.95,0.95,block,0.09822558611631393,0.13666407763957977,0.15187643468379974,0.13970961045431157,0.16470928671947527,1.9311460022753153,350.1167348245719,0.07162918406932392,30.0,False,False,13.213738588188747,0.010323233272022458,0.10901168826967478,0.8294984882692394
timesfm3,m4_hourly,M4,primary,mixed hourly,1H,24,undocumented,source_family,L20,20,block_depth,1.0,1.0,block,0.09020891785621643,0.13643355667591095,0.15711981058120728,0.14430803714412485,0.17055201120816796,1.9893889466439358,356.7785138582671,0.07299209463363274,30.0,False,True,6.466403084284121,0.005051877409596969,0.10901168826967478,0.8294984882692394
timesfm3,monash_electricity_hourly,Electricity,primary,energy,1H,24,undocumented,source_family,Emb,0,block_depth,0.0,0.0,embedding,0.1871284544467926,0.27635490894317627,0.24359802901744843,0.230522234296739,0.25776063103285685,1.2689310087252739,307.483482546738,0.12616152186705545,3.0,False,False,10.587432467152789,0.008271431614963116,0.1786667092619748,0.9474402281762001
timesfm3,monash_electricity_hourly,Electricity,primary,energy,1H,24,undocumented,source_family,L1,1,block_depth,0.05,0.05,block,0.14299552142620087,0.17246267199516296,0.2064415067434311,0.19613071628739587,0.21810078264768626,1.101067149906306,266.4027477578621,0.10930595623648966,1.0,False,False,18.157119603745667,0.014185249690426302,0.1786667092619748,0.9474402281762001
timesfm3,monash_electricity_hourly,Electricity,primary,energy,1H,24,undocumented,source_family,L2,2,block_depth,0.1,0.1,block,0.1446690559387207,0.18401400744915009,0.20676244795322418,0.19658812762607772,0.2180485388626636,1.1140354835504758,272.4836573313458,0.11180097417947801,3.0,False,False,21.778380537816304,0.017014359795168986,0.1786667092619748,0.9474402281762001
timesfm3,monash_electricity_hourly,Electricity,primary,energy,1H,24,undocumented,source_family,L3,3,block_depth,0.15,0.15,block,0.12833340466022491,0.1871103048324585,0.19590908288955688,0.1853335986816758,0.2078730406406698,1.0384399758182714,242.85496290404058,0.09964421977783436,3.0,False,False,35.11031491269076,0.027429933525539657,0.1786667092619748,0.9474402281762001
timesfm3,monash_electricity_hourly,Electricity,primary,energy,1H,24,undocumented,source_family,L4,4,block_depth,0.2,0.2,block,0.13156473636627197,0.19414035975933075,0.19874514639377594,0.1880036020765209,0.2105832653749336,1.0546300816144423,244.06048936941684,0.10013885139922483,10.0,False,False,48.1723107547676,0.03763461777716219,0.1786667092619748,0.9474402281762001
timesfm3,monash_electricity_hourly,Electricity,primary,energy,1H,24,undocumented,source_family,L5,5,block_depth,0.25,0.25,block,0.12484584003686905,0.20376946032047272,0.20267635583877563,0.19165367483204043,0.2148836999257159,1.0711525089740042,243.7945713677668,0.10002974433597009,10.0,False,False,59.808135793992214,0.04672510608905642,0.1786667092619748,0.9474402281762001
timesfm3,monash_electricity_hourly,Electricity,primary,energy,1H,24,undocumented,source_family,L6,6,block_depth,0.3,0.3,block,0.12109186500310898,0.20502911508083344,0.20432543754577637,0.1929943292849619,0.2168398779831144,1.0825862200632699,246.6126244365409,0.1011860011238599,10.0,False,False,68.90830387773198,0.05383461240447811,0.1786667092619748,0.9474402281762001
timesfm3,monash_electricity_hourly,Electricity,primary,energy,1H,24,undocumented,source_family,L7,7,block_depth,0.35,0.35,block,0.13416527211666107,0.20031005144119263,0.20232293009757996,0.19132691491821796,0.21445804395435647,1.0694241449053306,246.24879009935705,0.10103671865409464,30.0,False,False,73.72219393710564,0.05759546401336378,0.1786667092619748,0.9474402281762001
timesfm3,monash_electricity_hourly,Electricity,primary,energy,1H,24,undocumented,source_family,L8,8,block_depth,0.4,0.4,block,0.14131926000118256,0.20870043337345123,0.2068420946598053,0.19579944018814857,0.21903823519779636,1.0966149891403947,261.22795026336803,0.10718271917070693,45.0,False,False,79.16036688122882,0.06184403662596002,0.1786667092619748,0.9474402281762001
timesfm3,monash_electricity_hourly,Electricity,primary,energy,1H,24,undocumented,source_family,L9,9,block_depth,0.45,0.45,block,0.11477590352296829,0.2164599448442459,0.21435150504112244,0.20324530525573795,0.22688132375549835,1.1410618277302655,273.43032822156226,0.1121893964752961,10.0,False,False,79.2335740578993,0.061901229732733834,0.1786667092619748,0.9474402281762001
timesfm3,monash_electricity_hourly,Electricity,primary,energy,1H,24,undocumented,source_family,L10,10,block_depth,0.5,0.5,block,0.13100627064704895,0.22413118183612823,0.21462875604629517,0.2037097501184592,0.22692120933393373,1.143367433499115,274.606699404337,0.11267206558477211,30.0,False,False,81.8860164045547,0.06397345031605836,0.1786667092619748,0.9474402281762001
timesfm3,monash_electricity_hourly,Electricity,primary,energy,1H,24,undocumented,source_family,L11,11,block_depth,0.55,0.55,block,0.13114571571350098,0.21718056499958038,0.21240314841270447,0.20131413268195536,0.2247584453584868,1.126308373412278,268.8346772319412,0.11030378519621772,30.0,False,False,82.546180529915,0.06448920353899609,0.1786667092619748,0.9474402281762001
timesfm3,monash_electricity_hourly,Electricity,primary,energy,1H,24,undocumented,source_family,L12,12,block_depth,0.6,0.6,block,0.13955776393413544,0.21414299309253693,0.2092873454093933,0.1982724011651745,0.22141791619787007,1.1105817362540273,266.11866504955424,0.10918939613212443,45.0,False,False,82.0633253327603,0.06411197291621898,0.1786667092619748,0.9474402281762001
timesfm3,monash_electricity_hourly,Electricity,primary,energy,1H,24,undocumented,source_family,L13,13,block_depth,0.65,0.65,block,0.14646455645561218,0.18826761841773987,0.2171676605939865,0.20633824960335748,0.22895501555149791,1.171498068355756,281.058702205857,0.11531934434520612,65.0,False,False,88.22273640625036,0.0689240128173831,0.1786667092619748,0.9474402281762001
timesfm3,monash_electricity_hourly,Electricity,primary,energy,1H,24,undocumented,source_family,L14,14,block_depth,0.7,0.7,block,0.1462821513414383,0.17763394117355347,0.20994530618190765,0.19902846361972562,0.22175309196939222,1.1253803740863915,268.8623055994588,0.1103151212096642,65.0,False,False,92.58597913327232,0.072332796197869,0.1786667092619748,0.9474402281762001
timesfm3,monash_electricity_hourly,Electricity,primary,energy,1H,24,undocumented,source_family,L15,15,block_depth,0.75,0.75,block,0.1369745433330536,0.16789086163043976,0.20369145274162292,0.19315764339896674,0.21529397352221813,1.095921219698504,271.12155511471076,0.11124209899318878,45.0,True,False,91.33184725498536,0.07135300566795731,0.1786667092619748,0.9474402281762001
timesfm3,monash_electricity_hourly,Electricity,primary,energy,1H,24,undocumented,source_family,L16,16,block_depth,0.8,0.8,block,0.14502817392349243,0.16148187220096588,0.20263062417507172,0.19205150044565836,0.2142361114743585,1.087085799604947,273.0694395890135,0.11204132263819186,65.0,False,False,99.93104947128366,0.07807113239944036,0.1786667092619748,0.9474402281762001
timesfm3,monash_electricity_hourly,Electricity,primary,energy,1H,24,undocumented,source_family,L17,17,block_depth,0.85,0.85,block,0.13228930532932281,0.1567487120628357,0.20226319134235382,0.1913998669375957,0.21396300515572306,1.0873371230143811,260.64793576995527,0.10694473724534356,30.0,False,False,91.20951928601723,0.07125743694220096,0.1786667092619748,0.9474402281762001
timesfm3,monash_electricity_hourly,Electricity,primary,energy,1H,24,undocumented,source_family,L18,18,block_depth,0.9,0.9,block,0.137074276804924,0.1466817557811737,0.1973269283771515,0.18646629914314353,0.20946741003742197,1.0566127273301686,257.61327603903,0.10569960600502074,30.0,False,False,58.521923264582796,0.04572025255045531,0.1786667092619748,0.9474402281762001
timesfm3,monash_electricity_hourly,Electricity,primary,energy,1H,24,undocumented,source_family,L19,19,block_depth,0.95,0.95,block,0.1346883624792099,0.14201414585113525,0.19581256806850433,0.18466396866266735,0.20811798745794718,1.0481246087623453,255.44483562421397,0.10480988750519975,30.0,False,False,24.269363873703703,0.01896044052633102,0.1786667092619748,0.9474402281762001
timesfm3,monash_electricity_hourly,Electricity,primary,energy,1H,24,undocumented,source_family,L20,20,block_depth,1.0,1.0,block,0.13480912148952484,0.16211485862731934,0.20675641298294067,0.19569178823282132,0.21934619320073084,1.106024679717857,264.87438356422666,0.1086788631938354,45.0,False,True,11.253389874673099,0.008791710839588358,0.1786667092619748,0.9474402281762001
timesfm3,uber_tlc_hourly,Uber TLC,primary,transport / ride demand,1H,24,undocumented,source_family,Emb,0,block_depth,0.0,0.0,embedding,0.30660223960876465,0.29053133726119995,0.3949567973613739,0.37941600840382333,0.4107732433335187,1.1567586872522824,7.5994257792858555,0.4336351961349408,10.0,False,False,27.696182205495898,0.02163764234804367,0.29751935218719017,0.8170108598282969
timesfm3,uber_tlc_hourly,Uber TLC,primary,transport / ride demand,1H,24,undocumented,source_family,L1,1,block_depth,0.05,0.05,block,0.27324196696281433,0.26740166544914246,0.36623498797416687,0.35194097935321617,0.38056767565795424,1.0559505152797142,6.763397364548979,0.3859300989173353,30.0,True,False,40.9088648848727,0.03196005069130679,0.29751935218719017,0.8170108598282969
timesfm3,uber_tlc_hourly,Uber TLC,primary,transport / ride demand,1H,24,undocumented,source_family,L2,2,block_depth,0.1,0.1,block,0.2634802758693695,0.2632967233657837,0.36109837889671326,0.3476099400439847,0.37486124838567303,1.0495488311160237,6.6221870542741215,0.37787241635410507,45.0,False,False,60.903833587713876,0.04758111999040147,0.29751935218719017,0.8170108598282969
timesfm3,uber_tlc_hourly,Uber TLC,primary,transport / ride demand,1H,24,undocumented,source_family,L3,3,block_depth,0.15,0.15,block,0.25463786721229553,0.26421958208084106,0.3538774847984314,0.34055431090928046,0.3675175376492375,1.023588308508309,6.398797526986862,0.36512545832159893,45.0,False,False,82.5761811824618,0.06451264154879828,0.29751935218719017,0.8170108598282969
timesfm3,uber_tlc_hourly,Uber TLC,primary,transport / ride demand,1H,24,undocumented,source_family,L4,4,block_depth,0.2,0.2,block,0.2621718943119049,0.2647334337234497,0.3546801209449768,0.3413125791476741,0.3681912473936117,1.0401362866265305,6.489309334638948,0.3702902045279141,65.0,False,False,88.27416911867239,0.0689641946239628,0.29751935218719017,0.8170108598282969
timesfm3,uber_tlc_hourly,Uber TLC,primary,transport / ride demand,1H,24,undocumented,source_family,L5,5,block_depth,0.25,0.25,block,0.25184690952301025,0.26418381929397583,0.3439921736717224,0.33132771433167557,0.35691220293759957,1.0104033483897201,6.132693900990882,0.3499411665866213,45.0,False,False,94.39878038716222,0.07374904717747048,0.29751935218719017,0.8170108598282969
timesfm3,uber_tlc_hourly,Uber TLC,primary,transport / ride demand,1H,24,undocumented,source_family,L6,6,block_depth,0.3,0.3,block,0.24708491563796997,0.264628529548645,0.34494248032569885,0.33203357758057367,0.35801072606198375,1.0088356727112628,6.17854514002666,0.3525575104538784,30.0,False,False,80.14383282666631,0.06261236939583306,0.29751935218719017,0.8170108598282969
timesfm3,uber_tlc_hourly,Uber TLC,primary,transport / ride demand,1H,24,undocumented,source_family,L7,7,block_depth,0.35,0.35,block,0.24793972074985504,0.26332488656044006,0.344696044921875,0.33208468247787987,0.3575522661212661,1.00904052670799,6.215606971666015,0.35467231690094686,30.0,False,False,73.43200163204095,0.05736875127503199,0.29751935218719017,0.8170108598282969
timesfm3,uber_tlc_hourly,Uber TLC,primary,transport / ride demand,1H,24,undocumented,source_family,L8,8,block_depth,0.4,0.4,block,0.24913296103477478,0.26325324177742004,0.34038859605789185,0.32775976059048345,0.3534000201228978,0.9951537702830082,6.031371168445817,0.3441595319899826,30.0,False,False,70.9477984745659,0.05542796755825461,0.29751935218719017,0.8170108598282969
timesfm3,uber_tlc_hourly,Uber TLC,primary,transport / ride demand,1H,24,undocumented,source_family,L9,9,block_depth,0.45,0.45,block,0.25206995010375977,0.26775896549224854,0.34413936734199524,0.3312875232065651,0.35717671496530584,1.0065402374790513,6.139582677387805,0.35033425101046717,30.0,False,False,64.91339330737723,0.050713588521388464,0.29751935218719017,0.8170108598282969
timesfm3,uber_tlc_hourly,Uber TLC,primary,transport / ride demand,1H,24,undocumented,source_family,L10,10,block_depth,0.5,0.5,block,0.25168681144714355,0.26761823892593384,0.34386956691741943,0.331110007615177,0.3569596729248421,1.0044975699411964,6.154001203447458,0.35115699480157,30.0,False,False,64.95947689428216,0.05074959132365794,0.29751935218719017,0.8170108598282969
timesfm3,uber_tlc_hourly,Uber TLC,primary,transport / ride demand,1H,24,undocumented,source_family,L11,11,block_depth,0.55,0.55,block,0.25210991501808167,0.26559796929359436,0.3449861705303192,0.33229490737359657,0.35802434794355953,1.0113117221484322,6.234774333072757,0.3557660367114169,30.0,False,False,59.31241213189584,0.046337821978043627,0.29751935218719017,0.8170108598282969
timesfm3,uber_tlc_hourly,Uber TLC,primary,transport / ride demand,1H,24,undocumented,source_family,L12,12,block_depth,0.6,0.6,block,0.2526135742664337,0.26726508140563965,0.34276309609413147,0.3301627357028254,0.35553562099625935,1.003739922506225,6.1278353427846675,0.34966392960821335,30.0,False,False,53.68633632760878,0.041942450255944355,0.29751935218719017,0.8170108598282969
timesfm3,uber_tlc_hourly,Uber TLC,primary,transport / ride demand,1H,24,undocumented,source_family,L13,13,block_depth,0.65,0.65,block,0.24938422441482544,0.2632332146167755,0.3303937315940857,0.3179584971319827,0.3427898701632267,0.966005433983998,5.73013854950122,0.32697072462583493,30.0,False,False,60.833074753753806,0.04752583965137016,0.29751935218719017,0.8170108598282969
timesfm3,uber_tlc_hourly,Uber TLC,primary,transport / ride demand,1H,24,undocumented,source_family,L14,14,block_depth,0.7,0.7,block,0.2479066401720047,0.2630104422569275,0.33107706904411316,0.31877527168653336,0.34352780939684113,0.9702685881108499,5.78275134138906,0.32997289334122365,30.0,False,False,64.67737536385546,0.05052919950301208,0.29751935218719017,0.8170108598282969
timesfm3,uber_tlc_hourly,Uber TLC,primary,transport / ride demand,1H,24,undocumented,source_family,L15,15,block_depth,0.75,0.75,block,0.25472161173820496,0.2614891231060028,0.33171340823173523,0.319266613326853,0.3440791159178635,0.9731088329155473,5.7627899726884415,0.3288338662248317,45.0,False,False,65.40801136129176,0.051100008876009184,0.29751935218719017,0.8170108598282969
timesfm3,uber_tlc_hourly,Uber TLC,primary,transport / ride demand,1H,24,undocumented,source_family,L16,16,block_depth,0.8,0.8,block,0.24440640211105347,0.26177167892456055,0.3286707401275635,0.316353605285941,0.34115728831793113,0.9596846983554859,5.732105589870097,0.3270829670453199,30.0,False,False,68.36864310535232,0.0534130024260565,0.29751935218719017,0.8170108598282969
timesfm3,uber_tlc_hourly,Uber TLC,primary,transport / ride demand,1H,24,undocumented,source_family,L17,17,block_depth,0.85,0.85,block,0.2436314970254898,0.26117822527885437,0.32558465003967285,0.31337390153611944,0.3379164129616479,0.9545085486721484,5.534102082564409,0.31578457526946435,30.0,False,False,70.57418183324717,0.05513607955722435,0.29751935218719017,0.8170108598282969
timesfm3,uber_tlc_hourly,Uber TLC,primary,transport / ride demand,1H,24,undocumented,source_family,L18,18,block_depth,0.9,0.9,block,0.24602752923965454,0.25796791911125183,0.3218019902706146,0.30980669960223195,0.3338571971467205,0.944154390286881,5.461274493121036,0.3116289183883361,30.0,False,False,57.33982164456158,0.044796735659813736,0.29751935218719017,0.8170108598282969
timesfm3,uber_tlc_hourly,Uber TLC,primary,transport / ride demand,1H,24,undocumented,source_family,L19,19,block_depth,0.95,0.95,block,0.25564044713974,0.25860396027565,0.3255477547645569,0.3134401675217735,0.33786504412645774,0.9540212440735303,5.463400585674926,0.3117502365758393,45.0,False,False,31.269217855900745,0.024429076449922458,0.29751935218719017,0.8170108598282969
timesfm3,uber_tlc_hourly,Uber TLC,primary,transport / ride demand,1H,24,undocumented,source_family,L20,20,block_depth,1.0,1.0,block,0.24034257233142853,0.2594068944454193,0.32544922828674316,0.31318231654275236,0.3377761282467546,0.9410786152001108,5.5481723875788616,0.31658744901964314,30.0,False,True,30.937929093903737,0.024170257104612295,0.29751935218719017,0.8170108598282969
timesfm3,wind_farms_hourly,Wind Farms,primary,renewable generation,1H,24,undocumented,source_family,Emb,0,block_depth,0.0,0.0,embedding,12.093559265136719,0.24468295276165009,0.6811544299125671,0.25395008279650494,1.5061521817994028,4.785387299007486,18.299191150166234,0.2511022376282752,30.0,True,False,19.925371434845708,0.01556669643347321,0.6102584484547602,4.313073160635614
timesfm3,wind_farms_hourly,Wind Farms,primary,renewable generation,1H,24,undocumented,source_family,L1,1,block_depth,0.05,0.05,block,12.06399917602539,0.24218595027923584,0.6591688394546509,0.23435242471590867,1.4827127547756918,4.667157627426919,16.82478166926743,0.23087033137646965,10.0,False,False,31.898059784690005,0.024920359206789068,0.6102584484547602,4.313073160635614
timesfm3,wind_farms_hourly,Wind Farms,primary,renewable generation,1H,24,undocumented,source_family,L2,2,block_depth,0.1,0.1,block,12.048093795776367,0.24245652556419373,0.6549192070960999,0.23075527558689723,1.4779263697753,4.678403071093521,16.311400729203445,0.22382569744987107,10.0,False,False,42.9346506884942,0.03354269585038609,0.6102584484547602,4.313073160635614
timesfm3,wind_farms_hourly,Wind Farms,primary,renewable generation,1H,24,undocumented,source_family,L3,3,block_depth,0.15,0.15,block,12.037151336669922,0.24630135297775269,0.6540622711181641,0.2301178814875289,1.476679723906039,4.690446416026242,16.441605132454914,0.22561236751289188,10.0,False,False,55.52249648414976,0.043376950378242005,0.6102584484547602,4.313073160635614
timesfm3,wind_farms_hourly,Wind Farms,primary,renewable generation,1H,24,undocumented,source_family,L4,4,block_depth,0.2,0.2,block,12.055630683898926,0.24762845039367676,0.6526065468788147,0.22934648299923893,1.475277594915584,4.715261836361222,16.121333303071804,0.22121758457699858,30.0,False,False,64.44720254484966,0.050349376988163795,0.6102584484547602,4.313073160635614
timesfm3,wind_farms_hourly,Wind Farms,primary,renewable generation,1H,24,undocumented,source_family,L5,5,block_depth,0.25,0.25,block,12.054108619689941,0.24960556626319885,0.6528569459915161,0.23006787723541716,1.4751864068942386,4.729893092118019,16.20564456870132,0.22237450715806314,30.0,False,False,70.31270142931098,0.0549317979916492,0.6102584484547602,4.313073160635614
timesfm3,wind_farms_hourly,Wind Farms,primary,renewable generation,1H,24,undocumented,source_family,L6,6,block_depth,0.3,0.3,block,12.051383972167969,0.2489376813173294,0.655461847782135,0.23256750334167983,1.4773256927014162,4.740307128764475,16.3049748591824,0.2237375214027577,30.0,False,False,74.97300956195858,0.05857266372028014,0.6102584484547602,4.313073160635614
timesfm3,wind_farms_hourly,Wind Farms,primary,renewable generation,1H,24,undocumented,source_family,L7,7,block_depth,0.35,0.35,block,12.04780101776123,0.2475845068693161,0.659559965133667,0.23632515088783024,1.481300423945165,4.737457089749639,16.502126550310066,0.226442844845095,30.0,False,False,77.48064381020454,0.060531752976722294,0.6102584484547602,4.313073160635614
timesfm3,wind_farms_hourly,Wind Farms,primary,renewable generation,1H,24,undocumented,source_family,L8,8,block_depth,0.4,0.4,block,12.044739723205566,0.2490599900484085,0.660420835018158,0.2369456800354915,1.4821089634408762,4.737579899711687,16.63516522807649,0.22826840693710873,30.0,False,False,75.38713677651936,0.05889620060665575,0.6102584484547602,4.313073160635614
timesfm3,wind_farms_hourly,Wind Farms,primary,renewable generation,1H,24,undocumented,source_family,L9,9,block_depth,0.45,0.45,block,12.043810844421387,0.25221124291419983,0.6597777009010315,0.23656419985749907,1.4810135583499913,4.7300727356511265,16.622209954985227,0.22809063415821337,30.0,False,False,70.78200027964871,0.055298437718475556,0.6102584484547602,4.313073160635614
timesfm3,wind_farms_hourly,Wind Farms,primary,renewable generation,1H,24,undocumented,source_family,L10,10,block_depth,0.5,0.5,block,12.042852401733398,0.2528148293495178,0.6582872271537781,0.23510557619378483,1.4805057264978194,4.726186934479135,16.673482619745197,0.2287941997281198,30.0,False,False,72.47099213271406,0.05661796260368286,0.6102584484547602,4.313073160635614
timesfm3,wind_farms_hourly,Wind Farms,primary,renewable generation,1H,24,undocumented,source_family,L11,11,block_depth,0.55,0.55,block,12.041895866394043,0.25236988067626953,0.6588722467422485,0.23570475870430582,1.4805655289039668,4.735319116498731,16.623205779216622,0.22810429889840522,30.0,False,False,71.2050685883858,0.0556289598346764,0.6102584484547602,4.313073160635614
timesfm3,wind_farms_hourly,Wind Farms,primary,renewable generation,1H,24,undocumented,source_family,L12,12,block_depth,0.6,0.6,block,12.042252540588379,0.25113752484321594,0.6617404818534851,0.2384780937048628,1.4837101799535444,4.746750157601893,16.79610558631907,0.23047683701184674,30.0,False,False,72.56529524494952,0.05669163691011682,0.6102584484547602,4.313073160635614
timesfm3,wind_farms_hourly,Wind Farms,primary,renewable generation,1H,24,undocumented,source_family,L13,13,block_depth,0.65,0.65,block,12.04099178314209,0.2562941312789917,0.6587514281272888,0.23530314523826232,1.4803016079600386,4.7480307663482355,16.47125809392054,0.22601926664385463,30.0,False,False,76.76332444670884,0.05997134722399128,0.6102584484547602,4.313073160635614
timesfm3,wind_farms_hourly,Wind Farms,primary,renewable generation,1H,24,undocumented,source_family,L14,14,block_depth,0.7,0.7,block,12.038880348205566,0.2545030415058136,0.6583125591278076,0.23474725429928428,1.4803191356051657,4.734564898511932,16.444377776863767,0.2256504138510878,30.0,False,False,84.70749658287596,0.06617773170537185,0.6102584484547602,4.313073160635614
timesfm3,wind_farms_hourly,Wind Farms,primary,renewable generation,1H,24,undocumented,source_family,L15,15,block_depth,0.75,0.75,block,12.038665771484375,0.25245401263237,0.6548170447349548,0.23187974618591425,1.4766726571810609,4.710492738753211,16.246155178391675,0.2229303953750591,30.0,False,False,82.23818784113013,0.06424858425088291,0.6102584484547602,4.313073160635614
timesfm3,wind_farms_hourly,Wind Farms,primary,renewable generation,1H,24,undocumented,source_family,L16,16,block_depth,0.8,0.8,block,12.037459373474121,0.24908557534217834,0.6573109030723572,0.23409474227072685,1.4793919426897355,4.727455106430401,16.368414282014434,0.22460803971672297,30.0,False,False,89.53709800930658,0.06995085781977076,0.6102584484547602,4.313073160635614
timesfm3,wind_farms_hourly,Wind Farms,primary,renewable generation,1H,24,undocumented,source_family,L17,17,block_depth,0.85,0.85,block,12.038010597229004,0.2449537068605423,0.6539715528488159,0.23060206272994802,1.475977263592169,4.710409721244492,16.109311588996416,0.22105262213250115,30.0,False,False,79.03936395822768,0.061749503092365376,0.6102584484547602,4.313073160635614
timesfm3,wind_farms_hourly,Wind Farms,primary,renewable generation,1H,24,undocumented,source_family,L18,18,block_depth,0.9,0.9,block,12.041170120239258,0.24573944509029388,0.6482667326927185,0.22496315701686928,1.4696198685962047,4.709572668969634,15.717574678843183,0.21567719248132944,30.0,False,False,65.47564110391895,0.051152844612436674,0.6102584484547602,4.313073160635614
timesfm3,wind_farms_hourly,Wind Farms,primary,renewable generation,1H,24,undocumented,source_family,L19,19,block_depth,0.95,0.95,block,12.026355743408203,0.24933670461177826,0.6524087190628052,0.22837993638316267,1.474622396707094,4.67735709506361,16.564778314548704,0.22730255487613307,10.0,False,False,16.257435111602362,0.012701121180939346,0.6102584484547602,4.313073160635614
timesfm3,wind_farms_hourly,Wind Farms,primary,renewable generation,1H,24,undocumented,source_family,L20,20,block_depth,1.0,1.0,block,12.022486686706543,0.25341230630874634,0.6547559499740601,0.2310264666758492,1.4763131892658727,4.74280797228747,17.022317481441778,0.23358092574327294,10.0,False,True,3.7431848599517767,0.0029243631718373258,0.6102584484547602,4.313073160635614
timesfm3,sg_carpark,SG Carpark,primary,transport / parking,1H(agg),24,undocumented,source_family,Emb,0,block_depth,0.0,0.0,embedding,0.21066582202911377,0.23831310868263245,0.20263125002384186,0.1889623472556514,0.21850617156537658,1.0303590102829117,15.719659813968065,0.06146625825996826,3.0,False,False,7.111759894955556,0.005556062417934028,0.12254660213096488,0.6031922346259811
timesfm3,sg_carpark,SG Carpark,primary,transport / parking,1H(agg),24,undocumented,source_family,L1,1,block_depth,0.05,0.05,block,0.16625727713108063,0.23148147761821747,0.17093290388584137,0.15632949595650036,0.18734366516293272,0.8626343025484019,13.2561261618335,0.05183346737987081,10.0,False,False,14.198030820202254,0.011092211578283011,0.12254660213096488,0.6031922346259811
timesfm3,sg_carpark,SG Carpark,primary,transport / parking,1H(agg),24,undocumented,source_family,L2,2,block_depth,0.1,0.1,block,0.16089937090873718,0.2236754596233368,0.1768701672554016,0.1629888198733077,0.19274558416741377,0.8968824717738508,13.72704985662464,0.053674850576920036,10.0,False,False,17.61265140889989,0.013759883913203038,0.12254660213096488,0.6031922346259811
timesfm3,sg_carpark,SG Carpark,primary,transport / parking,1H(agg),24,undocumented,source_family,L3,3,block_depth,0.15,0.15,block,0.14523698389530182,0.21626132726669312,0.16629600524902344,0.1521557407816714,0.18197438993628037,0.8356601054303573,12.742911227627856,0.04982671901113535,10.0,False,False,29.85630160617727,0.02332523562982599,0.12254660213096488,0.6031922346259811
timesfm3,sg_carpark,SG Carpark,primary,transport / parking,1H(agg),24,undocumented,source_family,L4,4,block_depth,0.2,0.2,block,0.13883887231349945,0.21187283098697662,0.1640784740447998,0.15033085237672858,0.17966036866445326,0.8195807924246479,12.517307055287583,0.04894457241981588,10.0,False,False,43.16928849438114,0.03372600663623527,0.12254660213096488,0.6031922346259811
timesfm3,sg_carpark,SG Carpark,primary,transport / parking,1H(agg),24,undocumented,source_family,L5,5,block_depth,0.25,0.25,block,0.13153506815433502,0.2083684206008911,0.1561651974916458,0.14154969535946932,0.17217035681156617,0.7757327743730738,11.782945892924273,0.0460731086988386,10.0,False,False,51.708717435070554,0.04039743549614887,0.12254660213096488,0.6031922346259811
timesfm3,sg_carpark,SG Carpark,primary,transport / parking,1H(agg),24,undocumented,source_family,L6,6,block_depth,0.3,0.3,block,0.13276658952236176,0.21361348032951355,0.1528192013502121,0.13845604397303893,0.1688781585954761,0.7571264218453055,11.502588578127275,0.044976869001522056,10.0,False,False,53.777080810221726,0.04201334438298572,0.12254660213096488,0.6031922346259811
timesfm3,sg_carpark,SG Carpark,primary,transport / parking,1H(agg),24,undocumented,source_family,L7,7,block_depth,0.35,0.35,block,0.15633319318294525,0.2112463414669037,0.15796005725860596,0.14288843894366826,0.17462098055813818,0.7898707207494577,12.032739386659857,0.04704983921205036,45.0,False,False,57.560185818201454,0.04496889517046988,0.12254660213096488,0.6031922346259811
timesfm3,sg_carpark,SG Carpark,primary,transport / parking,1H(agg),24,undocumented,source_family,L8,8,block_depth,0.4,0.4,block,0.12773990631103516,0.21050401031970978,0.15435169637203217,0.1399414789802421,0.17004135126290093,0.7681558120308499,11.692047644976812,0.04571768273861823,10.0,False,False,59.685561587266115,0.046629344990051655,0.12254660213096488,0.6031922346259811
timesfm3,sg_carpark,SG Carpark,primary,transport / parking,1H(agg),24,undocumented,source_family,L9,9,block_depth,0.45,0.45,block,0.1277940273284912,0.21236492693424225,0.1518753618001938,0.13750466961429406,0.16794251976903043,0.7545487372676226,11.479662676846024,0.044887225244235156,10.0,False,False,60.184774714126696,0.04701935524541148,0.12254660213096488,0.6031922346259811
timesfm3,sg_carpark,SG Carpark,primary,transport / parking,1H(agg),24,undocumented,source_family,L10,10,block_depth,0.5,0.5,block,0.14464813470840454,0.21773873269557953,0.1560087949037552,0.14137193906715528,0.17221275664850183,0.7808020736903425,11.755937330523741,0.045967501116270786,30.0,False,False,59.59417733356142,0.04655795104184486,0.12254660213096488,0.6031922346259811
timesfm3,sg_carpark,SG Carpark,primary,transport / parking,1H(agg),24,undocumented,source_family,L11,11,block_depth,0.55,0.55,block,0.12464998662471771,0.21128743886947632,0.15888281166553497,0.1446675333699559,0.17472156692443594,0.7920576958256552,12.065257059608166,0.047176988253893985,10.0,True,False,61.68444655247426,0.04819097386912052,0.12254660213096488,0.6031922346259811
timesfm3,sg_carpark,SG Carpark,primary,transport / parking,1H(agg),24,undocumented,source_family,L12,12,block_depth,0.6,0.6,block,0.14475804567337036,0.21259579062461853,0.1592331975698471,0.1451757068511646,0.17523147292135252,0.7972280658966243,12.062382299713946,0.04716574750592713,30.0,False,False,66.06693313713764,0.05161479151338878,0.12254660213096488,0.6031922346259811
timesfm3,sg_carpark,SG Carpark,primary,transport / parking,1H(agg),24,undocumented,source_family,L13,13,block_depth,0.65,0.65,block,0.12153466045856476,0.20237602293491364,0.1570201963186264,0.14319987670165923,0.17251752165966996,0.7860502431641038,11.916501735204077,0.04659533233413658,10.0,False,False,68.77625066469014,0.05373144583178917,0.12254660213096488,0.6031922346259811
timesfm3,sg_carpark,SG Carpark,primary,transport / parking,1H(agg),24,undocumented,source_family,L14,14,block_depth,0.7,0.7,block,0.13813024759292603,0.19721931219100952,0.15751999616622925,0.1435946616375724,0.17311630866064104,0.7908881430149965,12.044538268578401,0.047095974633030634,30.0,False,False,73.17062127335664,0.05716454786980988,0.12254660213096488,0.6031922346259811
timesfm3,sg_carpark,SG Carpark,primary,transport / parking,1H(agg),24,undocumented,source_family,L15,15,block_depth,0.75,0.75,block,0.13622328639030457,0.1937982589006424,0.15465573966503143,0.1404800346757859,0.1707832006700758,0.7763575104860034,11.822974261573178,0.04622962570201908,30.0,False,False,71.08012818826225,0.05553135014707988,0.12254660213096488,0.6031922346259811
timesfm3,sg_carpark,SG Carpark,primary,transport / parking,1H(agg),24,undocumented,source_family,L16,16,block_depth,0.8,0.8,block,0.134981170296669,0.1933751255273819,0.15207591652870178,0.13803295258769377,0.16804825515186378,0.7634092830080105,11.674571490757785,0.045649348320359176,30.0,False,False,82.56862418941279,0.06450673764797873,0.12254660213096488,0.6031922346259811
timesfm3,sg_carpark,SG Carpark,primary,transport / parking,1H(agg),24,undocumented,source_family,L17,17,block_depth,0.85,0.85,block,0.13437506556510925,0.19098620116710663,0.15518097579479218,0.14150431776250907,0.17094810485240008,0.7773799860649029,11.93923997340423,0.04668424230026355,30.0,False,False,79.61943185475258,0.06220268113652545,0.12254660213096488,0.6031922346259811
timesfm3,sg_carpark,SG Carpark,primary,transport / parking,1H(agg),24,undocumented,source_family,L18,18,block_depth,0.9,0.9,block,0.1403139978647232,0.18809039890766144,0.15978410840034485,0.14627137432232667,0.1749910056412136,0.8062948081987915,12.369308923504498,0.04836587723825166,30.0,False,False,53.1862635096221,0.04155176836689227,0.12254660213096488,0.6031922346259811
timesfm3,sg_carpark,SG Carpark,primary,transport / parking,1H(agg),24,undocumented,source_family,L19,19,block_depth,0.95,0.95,block,0.1409163475036621,0.18972507119178772,0.16387146711349487,0.14977035001998948,0.17995547175217985,0.8261013415023578,12.865680669269375,0.05030676618109156,30.0,False,False,20.480176089763646,0.01600013757012785,0.12254660213096488,0.6031922346259811
timesfm3,sg_carpark,SG Carpark,primary,transport / parking,1H(agg),24,undocumented,source_family,L20,20,block_depth,1.0,1.0,block,0.1300325095653534,0.2062949538230896,0.16097651422023773,0.14687573073568652,0.1770151154406495,0.8107820794395556,12.40707725526915,0.048513557153833015,30.0,False,True,9.502770396526333,0.007424039372286198,0.12254660213096488,0.6031922346259811
timesfm3,coastal_ts,Coastal T-S,primary,nature / oceanography,1H,24,undocumented,source_family,Emb,0,block_depth,0.0,0.0,embedding,3.8520143032073975,0.4151419401168823,0.38094276189804077,0.32859792888630185,0.43433466898277395,1.2173270776852194,0.33175855715239605,0.011724306838826094,90.0,False,False,21.54997107769055,0.01683591490444574,0.3505494121151666,1.0858325172364742
timesfm3,coastal_ts,Coastal T-S,primary,nature / oceanography,1H,24,undocumented,source_family,L1,1,block_depth,0.05,0.05,block,3.824751138687134,0.4264558255672455,0.3871515691280365,0.3287604379157225,0.44917532410472627,1.2213445111261707,0.3407245388861278,0.012041163536841253,45.0,False,False,40.78372255911482,0.031862283249308454,0.3505494121151666,1.0858325172364742
timesfm3,coastal_ts,Coastal T-S,primary,nature / oceanography,1H,24,undocumented,source_family,L2,2,block_depth,0.1,0.1,block,3.819178342819214,0.42421048879623413,0.3843919038772583,0.3331308371309812,0.43984577548690135,1.2294529040873154,0.3356364956523603,0.011861352711179562,65.0,False,False,58.720419869373245,0.045875328022947845,0.3505494121151666,1.0858325172364742
timesfm3,coastal_ts,Coastal T-S,primary,nature / oceanography,1H,24,undocumented,source_family,L3,3,block_depth,0.15,0.15,block,3.81335186958313,0.4279446601867676,0.4024202823638916,0.34951531447004525,0.4598747396841645,1.3291893023976438,0.34759887074934565,0.01228410158422148,65.0,False,False,81.38312465919968,0.06358056613999975,0.3505494121151666,1.0858325172364742
timesfm3,coastal_ts,Coastal T-S,primary,nature / oceanography,1H,24,undocumented,source_family,L4,4,block_depth,0.2,0.2,block,3.828251838684082,0.4182998538017273,0.39977598190307617,0.3462686511843155,0.45716068918506303,1.3312218635246482,0.3399444068077931,0.012013593764595692,90.0,False,False,89.97177585440848,0.07029044988625663,0.3505494121151666,1.0858325172364742
timesfm3,coastal_ts,Coastal T-S,primary,nature / oceanography,1H,24,undocumented,source_family,L5,5,block_depth,0.25,0.25,block,3.8255789279937744,0.41165074706077576,0.3910153806209564,0.33902595397084956,0.4470455375344803,1.2878017030237892,0.3370031603133839,0.01190965047316995,90.0,False,False,91.51379977817204,0.0714951560766969,0.3505494121151666,1.0858325172364742
timesfm3,coastal_ts,Coastal T-S,primary,nature / oceanography,1H,24,undocumented,source_family,L6,6,block_depth,0.3,0.3,block,3.8110058307647705,0.40685003995895386,0.39417776465415955,0.3428083372224743,0.4488450120513638,1.2882522582024472,0.33885081831653546,0.011974946481050195,65.0,False,False,95.75547584348269,0.07480896550272084,0.3505494121151666,1.0858325172364742
timesfm3,coastal_ts,Coastal T-S,primary,nature / oceanography,1H,24,undocumented,source_family,L7,7,block_depth,0.35,0.35,block,3.828385591506958,0.40757033228874207,0.3954319953918457,0.34611209719829883,0.4478039670192326,1.296284413866108,0.3377569033377541,0.011936287659475537,90.0,False,False,100.39128693832464,0.07843069292056612,0.3505494121151666,1.0858325172364742
timesfm3,coastal_ts,Coastal T-S,primary,nature / oceanography,1H,24,undocumented,source_family,L8,8,block_depth,0.4,0.4,block,3.8276801109313965,0.40377935767173767,0.39252910017967224,0.3437909035865838,0.4452662856162836,1.2791205099230123,0.33414916663601885,0.011808790685628352,90.0,False,False,95.50982231561878,0.07461704868407718,0.3505494121151666,1.0858325172364742
timesfm3,coastal_ts,Coastal T-S,primary,nature / oceanography,1H,24,undocumented,source_family,L9,9,block_depth,0.45,0.45,block,3.8276724815368652,0.4032911956310272,0.3939751982688904,0.3415744005314385,0.44929891147185114,1.3004487220111163,0.334659540344102,0.011826827230058125,90.0,False,False,98.91932221050146,0.07728072047695426,0.3505494121151666,1.0858325172364742
timesfm3,coastal_ts,Coastal T-S,primary,nature / oceanography,1H,24,undocumented,source_family,L10,10,block_depth,0.5,0.5,block,3.7904741764068604,0.40344637632369995,0.3943292498588562,0.34430878554315614,0.4462256935735543,1.2877781194153644,0.3340298342182768,0.011804573492578577,45.0,False,False,97.880324509292,0.07646900352288437,0.3505494121151666,1.0858325172364742
timesfm3,coastal_ts,Coastal T-S,primary,nature / oceanography,1H,24,undocumented,source_family,L11,11,block_depth,0.55,0.55,block,3.7903661727905273,0.3941993713378906,0.396721214056015,0.3443366779518935,0.4497806747094728,1.2820066614648506,0.33506262025685896,0.011841072024882087,45.0,False,False,101.34545354576035,0.07917613558262528,0.3505494121151666,1.0858325172364742
timesfm3,coastal_ts,Coastal T-S,primary,nature / oceanography,1H,24,undocumented,source_family,L12,12,block_depth,0.6,0.6,block,3.806386947631836,0.39260435104370117,0.39546212553977966,0.34379219042990977,0.44909706832841034,1.2857578507552694,0.33662458144772794,0.011896271542354288,65.0,False,False,109.12904109155365,0.08525706335277629,0.3505494121151666,1.0858325172364742
timesfm3,coastal_ts,Coastal T-S,primary,nature / oceanography,1H,24,undocumented,source_family,L13,13,block_depth,0.65,0.65,block,3.7878658771514893,0.3965391516685486,0.39461979269981384,0.3434713123133406,0.44713883915295205,1.277469117083062,0.3341002027088467,0.011807060306429916,45.0,False,False,115.95256866963679,0.09058794427315374,0.3505494121151666,1.0858325172364742
timesfm3,coastal_ts,Coastal T-S,primary,nature / oceanography,1H,24,undocumented,source_family,L14,14,block_depth,0.7,0.7,block,3.803591251373291,0.40431106090545654,0.3935737609863281,0.34109973613327993,0.44720151124444474,1.2754939932232423,0.3290322243772146,0.011627958571955942,65.0,False,False,120.94338644486024,0.09448702066004706,0.3505494121151666,1.0858325172364742
timesfm3,coastal_ts,Coastal T-S,primary,nature / oceanography,1H,24,undocumented,source_family,L15,15,block_depth,0.75,0.75,block,3.820223569869995,0.40964174270629883,0.3884589672088623,0.3350274795743947,0.44365338967181744,1.2843303323480584,0.32909651661701483,0.011630230651848148,90.0,False,False,114.90359925124051,0.08976843691503164,0.3505494121151666,1.0858325172364742
timesfm3,coastal_ts,Coastal T-S,primary,nature / oceanography,1H,24,undocumented,source_family,L16,16,block_depth,0.8,0.8,block,3.8181023597717285,0.4170265793800354,0.39371630549430847,0.33993676510096216,0.44950971037227033,1.3014962067830527,0.33652201124061776,0.011892646723778384,90.0,False,False,132.38029970313784,0.10342210914307644,0.3505494121151666,1.0858325172364742
timesfm3,coastal_ts,Coastal T-S,primary,nature / oceanography,1H,24,undocumented,source_family,L17,17,block_depth,0.85,0.85,block,3.814936637878418,0.41778677701950073,0.3932100236415863,0.33850327821758885,0.44892093527596444,1.2957885145114545,0.3364100325253705,0.011888689409675485,90.0,False,False,134.16202978312333,0.1048140857680651,0.3505494121151666,1.0858325172364742
timesfm3,coastal_ts,Coastal T-S,primary,nature / oceanography,1H,24,undocumented,source_family,L18,18,block_depth,0.9,0.9,block,3.8226447105407715,0.41031569242477417,0.4005277156829834,0.34156505235005175,0.46061986100394275,1.2919676448890132,0.333624819517843,0.01179026032259472,90.0,True,False,107.42327768558197,0.08392443569186091,0.3505494121151666,1.0858325172364742
timesfm3,coastal_ts,Coastal T-S,primary,nature / oceanography,1H,24,undocumented,source_family,L19,19,block_depth,0.95,0.95,block,3.8361427783966064,0.40587514638900757,0.4056556224822998,0.34642335857497525,0.46863549643894653,1.318777108910527,0.3347393046794465,0.011829646091914775,90.0,False,False,43.556333652024634,0.03402838566564424,0.3505494121151666,1.0858325172364742
timesfm3,coastal_ts,Coastal T-S,primary,nature / oceanography,1H,24,undocumented,source_family,L20,20,block_depth,1.0,1.0,block,3.7962703704833984,0.3965195417404175,0.4087340831756592,0.34648949006417146,0.4744673559985434,1.3214395473872182,0.34517990925536707,0.01219861578084043,45.0,False,True,23.49696978495295,0.01835700764449449,0.3505494121151666,1.0858325172364742
timesfm3,boom_hourly,BOOM,primary,cloud observability,1H,24,undocumented,source_family,Emb,0,block_depth,0.0,0.0,embedding,12.568726539611816,0.2056506723165512,0.256195992231369,0.20777351678464837,0.32025613056464214,1.2573558222246197,0.398770341598781,0.4900368780771478,30.0,True,False,24.99842618511643,0.01953002045712221,0.2122537235431452,0.9327029110293222
timesfm3,boom_hourly,BOOM,primary,cloud observability,1H,24,undocumented,source_family,L1,1,block_depth,0.05,0.05,block,12.543439865112305,0.20351435244083405,0.25522977113723755,0.2073741400710407,0.3187764469057973,1.229000405206096,0.3910025849080997,0.48049131552828045,10.0,False,False,35.15199197006828,0.027462493726615845,0.2122537235431452,0.9327029110293222
timesfm3,boom_hourly,BOOM,primary,cloud observability,1H,24,undocumented,source_family,L2,2,block_depth,0.1,0.1,block,12.528938293457031,0.2029539793729782,0.26102128624916077,0.21070473831894118,0.3268217942862913,1.3085758783569663,0.4040926052604412,0.4965772478012522,10.0,False,False,45.20524910875759,0.035316600866216866,0.2122537235431452,0.9327029110293222
timesfm3,boom_hourly,BOOM,primary,cloud observability,1H,24,undocumented,source_family,L3,3,block_depth,0.15,0.15,block,12.51795482635498,0.2119670808315277,0.27190089225769043,0.21990791384438527,0.33980762158944083,1.3902620587690657,0.4377097878907499,0.5378883923559307,10.0,False,False,56.25572051218704,0.043949781650146125,0.2122537235431452,0.9327029110293222
timesfm3,boom_hourly,BOOM,primary,cloud observability,1H,24,undocumented,source_family,L4,4,block_depth,0.2,0.2,block,12.532211303710938,0.21564608812332153,0.26835015416145325,0.2178980742828489,0.33398473751099816,1.3714067507552992,0.44497242285464816,0.5468132260084381,30.0,False,False,66.21353180498286,0.051729321722642864,0.2122537235431452,0.9327029110293222
timesfm3,boom_hourly,BOOM,primary,cloud observability,1H,24,undocumented,source_family,L5,5,block_depth,0.25,0.25,block,12.527050018310547,0.21647416055202484,0.26691609621047974,0.2165219371756907,0.33236461078358737,1.3581869082001852,0.43715827164588933,0.5372106506318177,30.0,False,False,68.9486056218597,0.05386609814207789,0.2122537235431452,0.9327029110293222
timesfm3,boom_hourly,BOOM,primary,cloud observability,1H,24,undocumented,source_family,L6,6,block_depth,0.3,0.3,block,12.521947860717773,0.21994850039482117,0.2717491090297699,0.22067886220849,0.33800941302235854,1.3899872472194088,0.4474968567994072,0.5499154269500677,30.0,False,False,69.8131816181476,0.05454154813917781,0.2122537235431452,0.9327029110293222
timesfm3,boom_hourly,BOOM,primary,cloud observability,1H,24,undocumented,source_family,L7,7,block_depth,0.35,0.35,block,12.529467582702637,0.22169676423072815,0.27087661623954773,0.22029287599179745,0.33581657035902435,1.3782588440552705,0.45041982785157114,0.553507378155289,45.0,False,False,73.74844007122175,0.057615968805641994,0.2122537235431452,0.9327029110293222
timesfm3,boom_hourly,BOOM,primary,cloud observability,1H,24,undocumented,source_family,L8,8,block_depth,0.4,0.4,block,12.51805305480957,0.21866650879383087,0.26961007714271545,0.2195061949118551,0.3344844743225323,1.355898217250805,0.44188350921901565,0.5430173529538209,30.0,False,False,68.91629675690504,0.053840856841332066,0.2122537235431452,0.9327029110293222
timesfm3,boom_hourly,BOOM,primary,cloud observability,1H,24,undocumented,source_family,L9,9,block_depth,0.45,0.45,block,12.516335487365723,0.21982187032699585,0.27020376920700073,0.22046442400337865,0.33470666894799694,1.3526228797063249,0.44153228897828484,0.5425857489644289,30.0,False,False,65.94787506027428,0.05152177739083928,0.2122537235431452,0.9327029110293222
timesfm3,boom_hourly,BOOM,primary,cloud observability,1H,24,undocumented,source_family,L10,10,block_depth,0.5,0.5,block,12.51522159576416,0.21956007182598114,0.26816123723983765,0.2190199442247276,0.33170554192742,1.3332695401133066,0.43258776371516816,0.5315940909132142,30.0,False,False,60.83818926078192,0.047529835359985874,0.2122537235431452,0.9327029110293222
timesfm3,boom_hourly,BOOM,primary,cloud observability,1H,24,undocumented,source_family,L11,11,block_depth,0.55,0.55,block,12.524894714355469,0.2204640656709671,0.2679648995399475,0.2188195711935707,0.33198233124363297,1.3404741391367574,0.44021117139858257,0.5409622673089614,45.0,False,False,61.07860711276448,0.04771766180684725,0.2122537235431452,0.9327029110293222
timesfm3,boom_hourly,BOOM,primary,cloud observability,1H,24,undocumented,source_family,L12,12,block_depth,0.6,0.6,block,12.525130271911621,0.22062276303768158,0.26840654015541077,0.21932383475188524,0.33234996709730574,1.3410713719977996,0.44763369205880826,0.5500835796844433,45.0,False,False,57.620426498791005,0.045015958202180476,0.2122537235431452,0.9327029110293222
timesfm3,boom_hourly,BOOM,primary,cloud observability,1H,24,undocumented,source_family,L13,13,block_depth,0.65,0.65,block,12.513689041137695,0.2184421718120575,0.26678451895713806,0.21823645287119695,0.3302139580557596,1.329132859459178,0.4382687580903794,0.5385752940208499,30.0,False,False,65.30242843743767,0.05101752221674818,0.2122537235431452,0.9327029110293222
timesfm3,boom_hourly,BOOM,primary,cloud observability,1H,24,undocumented,source_family,L14,14,block_depth,0.7,0.7,block,12.51266860961914,0.21971401572227478,0.2673356235027313,0.2184327755394355,0.3309125475198725,1.3480064549150566,0.4341990586273889,0.5335741627642966,30.0,False,False,66.28707340509781,0.05178677609773267,0.2122537235431452,0.9327029110293222
timesfm3,boom_hourly,BOOM,primary,cloud observability,1H,24,undocumented,source_family,L15,15,block_depth,0.75,0.75,block,12.524782180786133,0.21705695986747742,0.2673088610172272,0.21822045689453978,0.3305919917666032,1.359934037315722,0.43893730952832083,0.539396856773409,45.0,False,False,62.429686781081756,0.04877319279772012,0.2122537235431452,0.9327029110293222
timesfm3,boom_hourly,BOOM,primary,cloud observability,1H,24,undocumented,source_family,L16,16,block_depth,0.8,0.8,block,12.511709213256836,0.2131267935037613,0.2652270793914795,0.21708735395091358,0.3284763041873183,1.3249508001586738,0.4366249508364791,0.5365552687310245,30.0,False,False,72.60206552099628,0.05672036368827834,0.2122537235431452,0.9327029110293222
timesfm3,boom_hourly,BOOM,primary,cloud observability,1H,24,undocumented,source_family,L17,17,block_depth,0.85,0.85,block,12.51105785369873,0.20907612144947052,0.2614242136478424,0.21337934932908265,0.3246830260725744,1.293508174518368,0.4212731465347355,0.517689898195402,30.0,False,False,67.30322491965556,0.05258064446848091,0.2122537235431452,0.9327029110293222
timesfm3,boom_hourly,BOOM,primary,cloud observability,1H,24,undocumented,source_family,L18,18,block_depth,0.9,0.9,block,12.511256217956543,0.20939236879348755,0.2595084011554718,0.21106543435825637,0.32350386364969513,1.3029700890376013,0.422970637551953,0.5197758938472006,30.0,False,False,48.748319462554655,0.038084624580120824,0.2122537235431452,0.9327029110293222
timesfm3,boom_hourly,BOOM,primary,cloud observability,1H,24,undocumented,source_family,L19,19,block_depth,0.95,0.95,block,12.516622543334961,0.2180815488100052,0.2637040317058563,0.21454402349894539,0.32752572183370965,1.3083263957568638,0.43206107623170864,0.5309468605071563,30.0,False,False,5.597436659685129,0.004372997390379007,0.2122537235431452,0.9327029110293222
timesfm3,boom_hourly,BOOM,primary,cloud observability,1H,24,undocumented,source_family,L20,20,block_depth,1.0,1.0,block,12.52659797668457,0.2255563735961914,0.2721143066883087,0.22277447877604367,0.3369112601748399,1.340686230908069,0.46160061755917986,0.5672471143171782,30.0,False,True,1.8268359063865325,0.0014272155518644785,0.2122537235431452,0.9327029110293222
timesfm3,LOOP_SEATTLE_5T,Loop Seattle,primary,road speed,5min,288,explicitly_held_out,benchmark_exclusion,Emb,0,block_depth,0.0,0.0,embedding,0.3825533986091614,0.3895891606807709,0.33080267906188965,0.3104048986880123,0.351498711571268,1.314395874753104,5.913967947992929,0.0990744259595879,90.0,False,False,24.044029846848346,0.01878439831785027,0.28684746613370554,1.2305916869620719
timesfm3,LOOP_SEATTLE_5T,Loop Seattle,primary,road speed,5min,288,explicitly_held_out,benchmark_exclusion,L1,1,block_depth,0.05,0.05,block,0.32331615686416626,0.35099104046821594,0.28166311979293823,0.2608882608752385,0.30358934169101975,1.0960973069258584,4.94162037244284,0.08278506174118425,30.0,False,False,43.391412729504815,0.033899541194925636,0.28684746613370554,1.2305916869620719
timesfm3,LOOP_SEATTLE_5T,Loop Seattle,primary,road speed,5min,288,explicitly_held_out,benchmark_exclusion,L2,2,block_depth,0.1,0.1,block,0.32326021790504456,0.3497035503387451,0.27379170060157776,0.2539937763780583,0.2942536247627568,1.0806245022835603,4.850871621956798,0.08126478289624972,65.0,False,False,60.85998667157147,0.04754686458716521,0.28684746613370554,1.2305916869620719
timesfm3,LOOP_SEATTLE_5T,Loop Seattle,primary,road speed,5min,288,explicitly_held_out,benchmark_exclusion,L3,3,block_depth,0.15,0.15,block,0.3179446756839752,0.34989216923713684,0.2799336016178131,0.26028721693846335,0.3004928452225814,1.1169180997580836,5.033142733105655,0.08431830057928315,65.0,False,False,79.18311010542207,0.061861804769860994,0.28684746613370554,1.2305916869620719
timesfm3,LOOP_SEATTLE_5T,Loop Seattle,primary,road speed,5min,288,explicitly_held_out,benchmark_exclusion,L4,4,block_depth,0.2,0.2,block,0.3156517744064331,0.34525537490844727,0.2720126807689667,0.2535709610507461,0.29154871273288174,1.0933154675148375,4.897238676857185,0.08204155229846666,65.0,False,False,81.00582382979398,0.06328579986702655,0.28684746613370554,1.2305916869620719
timesfm3,LOOP_SEATTLE_5T,Loop Seattle,primary,road speed,5min,288,explicitly_held_out,benchmark_exclusion,L5,5,block_depth,0.25,0.25,block,0.33161190152168274,0.34412118792533875,0.2599770426750183,0.24371464300317733,0.27799023425220754,1.0477577938225886,4.679779045825577,0.07839853490248092,90.0,False,False,76.80172932887398,0.06000135103818279,0.28684746613370554,1.2305916869620719
timesfm3,LOOP_SEATTLE_5T,Loop Seattle,primary,road speed,5min,288,explicitly_held_out,benchmark_exclusion,L6,6,block_depth,0.3,0.3,block,0.2937247157096863,0.3459693491458893,0.2730523943901062,0.2544214548031224,0.2925681162206101,1.0960663230178447,4.886711144239178,0.08186518860152545,30.0,False,False,73.82340961298029,0.05767453876014085,0.28684746613370554,1.2305916869620719
timesfm3,LOOP_SEATTLE_5T,Loop Seattle,primary,road speed,5min,288,explicitly_held_out,benchmark_exclusion,L7,7,block_depth,0.35,0.35,block,0.3249224126338959,0.346884161233902,0.253634512424469,0.23789832840126207,0.27121023847685966,1.02384555090649,4.555117555529035,0.07631012899649553,90.0,False,False,70.83795035710341,0.05534214871648704,0.28684746613370554,1.2305916869620719
timesfm3,LOOP_SEATTLE_5T,Loop Seattle,primary,road speed,5min,288,explicitly_held_out,benchmark_exclusion,L8,8,block_depth,0.4,0.4,block,0.3240036070346832,0.34894436597824097,0.2563433051109314,0.24092241426901395,0.27335980232193613,1.036452535940034,4.615335033828868,0.0773189292043686,90.0,False,False,67.28485741493341,0.05256629485541673,0.28684746613370554,1.2305916869620719
timesfm3,LOOP_SEATTLE_5T,Loop Seattle,primary,road speed,5min,288,explicitly_held_out,benchmark_exclusion,L9,9,block_depth,0.45,0.45,block,0.3233059048652649,0.3533059060573578,0.2525596022605896,0.23752444345674667,0.26924518011226,1.0069761536353512,4.48650296425931,0.07516065519104367,90.0,False,False,74.10639973319672,0.05789562479155994,0.28684746613370554,1.2305916869620719
timesfm3,LOOP_SEATTLE_5T,Loop Seattle,primary,road speed,5min,288,explicitly_held_out,benchmark_exclusion,L10,10,block_depth,0.5,0.5,block,0.3231724798679352,0.3475651144981384,0.25454095005989075,0.239248926789706,0.2712380986276815,1.0202375442986713,4.5397748842518055,0.0760530991372123,90.0,False,False,73.07546491725267,0.05709020696660365,0.28684746613370554,1.2305916869620719
timesfm3,LOOP_SEATTLE_5T,Loop Seattle,primary,road speed,5min,288,explicitly_held_out,benchmark_exclusion,L11,11,block_depth,0.55,0.55,block,0.2890342175960541,0.35086411237716675,0.266373872756958,0.24974393001295456,0.28416312001076816,1.0721781319235628,4.749828575421702,0.079572047676731,30.0,False,False,76.38763535335254,0.05967784011980667,0.28684746613370554,1.2305916869620719
timesfm3,LOOP_SEATTLE_5T,Loop Seattle,primary,road speed,5min,288,explicitly_held_out,benchmark_exclusion,L12,12,block_depth,0.6,0.6,block,0.32452839612960815,0.35260576009750366,0.2624467611312866,0.24705857396452824,0.27926195570701406,1.0519860068995641,4.674150090293191,0.07830423517968439,90.0,False,False,77.22899495046349,0.0603351523050496,0.28684746613370554,1.2305916869620719
timesfm3,LOOP_SEATTLE_5T,Loop Seattle,primary,road speed,5min,288,explicitly_held_out,benchmark_exclusion,L13,13,block_depth,0.65,0.65,block,0.30971571803092957,0.35430285334587097,0.266268789768219,0.24984399952165043,0.2841309632402169,1.0813847121068187,4.787256227370509,0.08019905870628888,65.0,False,False,82.59671910614621,0.06452868680167673,0.28684746613370554,1.2305916869620719
timesfm3,LOOP_SEATTLE_5T,Loop Seattle,primary,road speed,5min,288,explicitly_held_out,benchmark_exclusion,L14,14,block_depth,0.7,0.7,block,0.30752047896385193,0.3487134277820587,0.2589472234249115,0.24319269756878945,0.27636612616479395,1.0386312619556555,4.601013283300271,0.07707900243695372,65.0,True,False,86.8727412256393,0.06786932908253071,0.28684746613370554,1.2305916869620719
timesfm3,LOOP_SEATTLE_5T,Loop Seattle,primary,road speed,5min,288,explicitly_held_out,benchmark_exclusion,L15,15,block_depth,0.75,0.75,block,0.31931668519973755,0.348981112241745,0.263550728559494,0.24756823456099697,0.2809002046338247,1.0670738046416568,4.716924389970155,0.07902081653818785,90.0,False,False,86.6872498754116,0.0677244139651653,0.28684746613370554,1.2305916869620719
timesfm3,LOOP_SEATTLE_5T,Loop Seattle,primary,road speed,5min,288,explicitly_held_out,benchmark_exclusion,L16,16,block_depth,0.8,0.8,block,0.2824917137622833,0.3455445468425751,0.27515581250190735,0.2572131760674351,0.29409589457702434,1.1292809738886649,4.9696162880266925,0.08325406652613994,30.0,False,False,92.45333744482927,0.07222916987877287,0.28684746613370554,1.2305916869620719
timesfm3,LOOP_SEATTLE_5T,Loop Seattle,primary,road speed,5min,288,explicitly_held_out,benchmark_exclusion,L17,17,block_depth,0.85,0.85,block,0.3136141300201416,0.33689752221107483,0.26876628398895264,0.2510114308517739,0.2873995546208879,1.108137826493551,4.884596058201716,0.08182975538023314,90.0,False,False,95.78934855979188,0.07483542856233741,0.28684746613370554,1.2305916869620719
timesfm3,LOOP_SEATTLE_5T,Loop Seattle,primary,road speed,5min,288,explicitly_held_out,benchmark_exclusion,L18,18,block_depth,0.9,0.9,block,0.31141677498817444,0.33033666014671326,0.2732695937156677,0.25400968784793415,0.2936254889732724,1.134300649102892,5.003945118710022,0.08382916419723385,90.0,False,False,90.89070651740876,0.0710083644667256,0.28684746613370554,1.2305916869620719
timesfm3,LOOP_SEATTLE_5T,Loop Seattle,primary,road speed,5min,288,explicitly_held_out,benchmark_exclusion,L19,19,block_depth,0.95,0.95,block,0.31596148014068604,0.33431121706962585,0.28090375661849976,0.26024440762530016,0.30237496562501176,1.1640671142173908,5.141711812265315,0.0861371165230447,90.0,False,False,43.639796355465634,0.03409359090270753,0.28684746613370554,1.2305916869620719
timesfm3,LOOP_SEATTLE_5T,Loop Seattle,primary,road speed,5min,288,explicitly_held_out,benchmark_exclusion,L20,20,block_depth,1.0,1.0,block,0.2968348562717438,0.3343762755393982,0.2857866883277893,0.26474657923566136,0.30817887456447796,1.182254438612058,5.252800737118548,0.08799814647063463,65.0,False,True,19.199142125848525,0.01499932978581916,0.28684746613370554,1.2305916869620719
timesfm3,electricity_15min,Electricity 15min,control,energy,15min,96,undocumented,source_family,Emb,0,block_depth,0.0,0.0,embedding,0.27599796652793884,0.3573560118675232,0.3323696255683899,0.30896368077494035,0.35878645206111986,1.7420350644640126,121.73717442695988,0.20426213482147682,0.3,False,False,17.974963632089263,0.014042940337569736,0.21763597680824517,1.2037670286285254
timesfm3,electricity_15min,Electricity 15min,control,energy,15min,96,undocumented,source_family,L1,1,block_depth,0.05,0.05,block,0.16448330879211426,0.19612155854701996,0.2503938674926758,0.23076977595573164,0.27285304210426015,1.3576691833804058,93.6035920640364,0.15705695184694943,10.0,True,False,38.465720413168725,0.030051344072788068,0.21763597680824517,1.2037670286285254
timesfm3,electricity_15min,Electricity 15min,control,energy,15min,96,undocumented,source_family,L2,2,block_depth,0.1,0.1,block,0.14563700556755066,0.20315079391002655,0.25183528661727905,0.23283230542411443,0.2727503330987089,1.3705453323274104,96.82707275921923,0.16246561236049628,3.0,False,False,48.730621484918075,0.038070798035092245,0.21763597680824517,1.2037670286285254
timesfm3,electricity_15min,Electricity 15min,control,energy,15min,96,undocumented,source_family,L3,3,block_depth,0.15,0.15,block,0.15826354920864105,0.1995462030172348,0.2484687864780426,0.22903846154088967,0.270037540142915,1.357392950507603,95.28530913405532,0.15987869566106994,10.0,False,False,55.870950398167736,0.043649179998568544,0.21763597680824517,1.2037670286285254
timesfm3,electricity_15min,Electricity 15min,control,energy,15min,96,undocumented,source_family,L4,4,block_depth,0.2,0.2,block,0.15634971857070923,0.19890311360359192,0.2500990629196167,0.2301985630353216,0.2724550354258932,1.3617611032067127,93.69090944626419,0.15720346120191703,10.0,False,False,59.195669092993384,0.04624661647890108,0.21763597680824517,1.2037670286285254
timesfm3,electricity_15min,Electricity 15min,control,energy,15min,96,undocumented,source_family,L5,5,block_depth,0.25,0.25,block,0.15802083909511566,0.19988767802715302,0.24836422502994537,0.22808802329067795,0.27090122506754716,1.3452233439156656,91.66032709543225,0.15379635825358468,10.0,False,False,52.27122934352538,0.040836897924629204,0.21763597680824517,1.2037670286285254
timesfm3,electricity_15min,Electricity 15min,control,energy,15min,96,undocumented,source_family,L6,6,block_depth,0.3,0.3,block,0.15327410399913788,0.20409008860588074,0.25048914551734924,0.23000067453902526,0.27354192636935537,1.3610154689368794,94.57671345441335,0.1586897468709386,10.0,False,False,60.89344189818806,0.04757300148295942,0.21763597680824517,1.2037670286285254
timesfm3,electricity_15min,Electricity 15min,control,energy,15min,96,undocumented,source_family,L7,7,block_depth,0.35,0.35,block,0.15113000571727753,0.20730175077915192,0.2511674165725708,0.23046677658220624,0.27408856660276937,1.3705065556972318,94.5876836808161,0.15870815375342986,10.0,False,False,60.45334324562848,0.04722917441064725,0.21763597680824517,1.2037670286285254
timesfm3,electricity_15min,Electricity 15min,control,energy,15min,96,undocumented,source_family,L8,8,block_depth,0.4,0.4,block,0.1503443717956543,0.20920290052890778,0.2507784068584442,0.22982876885803202,0.2738941901217691,1.365129744573011,92.1016940924849,0.1545369255082634,10.0,False,False,64.25246613766888,0.05019723917005381,0.21763597680824517,1.2037670286285254
timesfm3,electricity_15min,Electricity 15min,control,energy,15min,96,undocumented,source_family,L9,9,block_depth,0.45,0.45,block,0.16819992661476135,0.2091391235589981,0.2496124505996704,0.22859811889370266,0.27279075091555427,1.3688676948437692,94.57081937012842,0.15867985721936317,30.0,False,False,68.61145681307087,0.05360270063521162,0.21763597680824517,1.2037670286285254
timesfm3,electricity_15min,Electricity 15min,control,energy,15min,96,undocumented,source_family,L10,10,block_depth,0.5,0.5,block,0.14689338207244873,0.21031658351421356,0.2531302571296692,0.23244616738769389,0.2760461997226563,1.3783531860606426,93.88897935404115,0.15753580160982333,10.0,False,False,66.35767949800744,0.051841937107818314,0.21763597680824517,1.2037670286285254
timesfm3,electricity_15min,Electricity 15min,control,energy,15min,96,undocumented,source_family,L11,11,block_depth,0.55,0.55,block,0.14787377417087555,0.20874707400798798,0.25545215606689453,0.23508250196215533,0.2779634777058399,1.3919213095783287,94.30316555154381,0.15823076235056435,10.0,False,False,65.67263950954754,0.05130674961683401,0.21763597680824517,1.2037670286285254
timesfm3,electricity_15min,Electricity 15min,control,energy,15min,96,undocumented,source_family,L12,12,block_depth,0.6,0.6,block,0.14874209463596344,0.20563437044620514,0.2522224485874176,0.2319225417251009,0.274484745716278,1.3699800425868107,91.4599758952363,0.1534601900776868,10.0,False,False,63.35294017100098,0.04949448450859452,0.21763597680824517,1.2037670286285254
timesfm3,electricity_15min,Electricity 15min,control,energy,15min,96,undocumented,source_family,L13,13,block_depth,0.65,0.65,block,0.1485125869512558,0.20487594604492188,0.2539422810077667,0.23380658352491623,0.27633924644426194,1.3825487173433921,92.79789433534353,0.15570507606325146,10.0,False,False,67.48296892940508,0.05272106947609771,0.21763597680824517,1.2037670286285254
timesfm3,electricity_15min,Electricity 15min,control,energy,15min,96,undocumented,source_family,L14,14,block_depth,0.7,0.7,block,0.16441936790943146,0.20527374744415283,0.24904046952724457,0.22869156046578562,0.27160963061059473,1.3485891153417224,89.31973234009568,0.1498690871983176,30.0,False,False,70.47994827351096,0.05506245958868043,0.21763597680824517,1.2037670286285254
timesfm3,electricity_15min,Electricity 15min,control,energy,15min,96,undocumented,source_family,L15,15,block_depth,0.75,0.75,block,0.16231855750083923,0.20513515174388885,0.24752233922481537,0.2274320223638859,0.2702787321451908,1.3417689852733365,91.86137645271617,0.15413369786341716,30.0,False,False,77.81818089353122,0.06079545382307126,0.21763597680824517,1.2037670286285254
timesfm3,electricity_15min,Electricity 15min,control,energy,15min,96,undocumented,source_family,L16,16,block_depth,0.8,0.8,block,0.15889476239681244,0.19703851640224457,0.24790167808532715,0.22726791780619732,0.27142359627346785,1.3628842258212561,94.47807860337801,0.1585242479973602,30.0,False,False,87.73537544130411,0.06854326206351884,0.21763597680824517,1.2037670286285254
timesfm3,electricity_15min,Electricity 15min,control,energy,15min,96,undocumented,source_family,L17,17,block_depth,0.85,0.85,block,0.16721008718013763,0.19243840873241425,0.24587127566337585,0.22540452647971998,0.2690891079570856,1.3475995123338502,91.71924777657266,0.1538952209401184,45.0,False,False,90.72549805372181,0.07087929535447016,0.21763597680824517,1.2037670286285254
timesfm3,electricity_15min,Electricity 15min,control,energy,15min,96,undocumented,source_family,L18,18,block_depth,0.9,0.9,block,0.1422698199748993,0.19505630433559418,0.24886153638362885,0.22914946341446338,0.27171136859363615,1.358233614307475,91.20541301713197,0.1530330604258557,10.0,False,False,81.74907364863357,0.06386646378799497,0.21763597680824517,1.2037670286285254
timesfm3,electricity_15min,Electricity 15min,control,energy,15min,96,undocumented,source_family,L19,19,block_depth,0.95,0.95,block,0.15704776346683502,0.19657278060913086,0.2435031682252884,0.22186759991805916,0.2684841372296641,1.3257047741087677,88.8224207606306,0.14903465083677772,30.0,False,False,36.83415097345452,0.028776680448011342,0.21763597680824517,1.2037670286285254
timesfm3,electricity_15min,Electricity 15min,control,energy,15min,96,undocumented,source_family,L20,20,block_depth,1.0,1.0,block,0.15057356655597687,0.20670409500598907,0.2476707100868225,0.2259982075364478,0.2721286742805809,1.341557003908189,87.9507648447987,0.1475721041739716,30.0,False,True,10.285180088705467,0.008035296944301145,0.21763597680824517,1.2037670286285254
timesfm3,SZ_TAXI_15T,SZ Taxi,primary,road speed,15min,96,explicitly_held_out,benchmark_exclusion,Emb,0,block_depth,0.0,0.0,embedding,0.35655370354652405,0.3831314146518707,0.4139973521232605,0.3853955906935227,0.4482450994686821,0.8473000707923163,2.944776185195454,0.2724186879020915,65.0,False,False,29.047156812724527,0.022693091259941036,0.37038158665960413,0.757950397011711
timesfm3,SZ_TAXI_15T,SZ Taxi,primary,road speed,15min,96,explicitly_held_out,benchmark_exclusion,L1,1,block_depth,0.05,0.05,block,0.330888956785202,0.37526553869247437,0.40967023372650146,0.38159353668586565,0.44465328026801726,0.8369977259787438,2.8880515418625397,0.2671711404021646,65.0,True,False,45.94586632582822,0.0358952080670533,0.37038158665960413,0.757950397011711
timesfm3,SZ_TAXI_15T,SZ Taxi,primary,road speed,15min,96,explicitly_held_out,benchmark_exclusion,L2,2,block_depth,0.1,0.1,block,0.32143503427505493,0.3727700114250183,0.4071754515171051,0.3784783319211923,0.44313056834806225,0.8310254473214655,2.8490240382584373,0.26356073993187623,90.0,False,False,72.9063677112281,0.056958099774396954,0.37038158665960413,0.757950397011711
timesfm3,SZ_TAXI_15T,SZ Taxi,primary,road speed,15min,96,explicitly_held_out,benchmark_exclusion,L3,3,block_depth,0.15,0.15,block,0.3099614083766937,0.3716522753238678,0.4086556136608124,0.3796787094444228,0.4453737255687324,0.8333493106955172,2.8537833071569927,0.26400101576514184,90.0,False,False,103.03966180106963,0.08049973578208565,0.37038158665960413,0.757950397011711
timesfm3,SZ_TAXI_15T,SZ Taxi,primary,road speed,15min,96,explicitly_held_out,benchmark_exclusion,L4,4,block_depth,0.2,0.2,block,0.30856209993362427,0.37177395820617676,0.4083176851272583,0.3794536109560002,0.4446209102343672,0.832592557830491,2.8585870423065907,0.2644454051326807,90.0,False,False,108.2541708670068,0.08457357098984906,0.37038158665960413,0.757950397011711
timesfm3,SZ_TAXI_15T,SZ Taxi,primary,road speed,15min,96,explicitly_held_out,benchmark_exclusion,L5,5,block_depth,0.25,0.25,block,0.31010740995407104,0.36889198422431946,0.40490400791168213,0.3764043426666504,0.4407891040691771,0.8260305366017988,2.8388214276737167,0.26261690528575315,90.0,False,False,107.58218170162881,0.0840485794543975,0.37038158665960413,0.757950397011711
timesfm3,SZ_TAXI_15T,SZ Taxi,primary,road speed,15min,96,explicitly_held_out,benchmark_exclusion,L6,6,block_depth,0.3,0.3,block,0.29982495307922363,0.36816129088401794,0.40708664059638977,0.3781809638851346,0.4433549006302387,0.8303730731654949,2.8580344541289353,0.26439428568018586,65.0,False,False,95.71911046385301,0.07478055504988516,0.37038158665960413,0.757950397011711
timesfm3,SZ_TAXI_15T,SZ Taxi,primary,road speed,15min,96,explicitly_held_out,benchmark_exclusion,L7,7,block_depth,0.35,0.35,block,0.311869740486145,0.367026686668396,0.4020126461982727,0.37279878115663545,0.43818842188144724,0.8203088938181516,2.8182373455513767,0.26071268972206185,90.0,False,False,75.80050719182023,0.059219146243609556,0.37038158665960413,0.757950397011711
timesfm3,SZ_TAXI_15T,SZ Taxi,primary,road speed,15min,96,explicitly_held_out,benchmark_exclusion,L8,8,block_depth,0.4,0.4,block,0.31262171268463135,0.3664681613445282,0.4032852053642273,0.3745238038162008,0.4393922516908974,0.822512217658537,2.824597203240004,0.2613010346344834,90.0,False,False,82.34174401214372,0.06432948750948728,0.37038158665960413,0.757950397011711
timesfm3,SZ_TAXI_15T,SZ Taxi,primary,road speed,15min,96,explicitly_held_out,benchmark_exclusion,L9,9,block_depth,0.45,0.45,block,0.29998841881752014,0.36751988530158997,0.40434834361076355,0.3756942081957674,0.4401169072717237,0.824705163318126,2.8383866281296597,0.262576682357475,65.0,False,False,86.98874124145834,0.06795995409488934,0.37038158665960413,0.757950397011711
timesfm3,SZ_TAXI_15T,SZ Taxi,primary,road speed,15min,96,explicitly_held_out,benchmark_exclusion,L10,10,block_depth,0.5,0.5,block,0.3057480454444885,0.3692176938056946,0.40456971526145935,0.3759872805303297,0.44003182932113605,0.8251438945978654,2.8370007899333323,0.2624484796692754,65.0,False,False,77.52257672659152,0.06056451306764963,0.37038158665960413,0.757950397011711
timesfm3,SZ_TAXI_15T,SZ Taxi,primary,road speed,15min,96,explicitly_held_out,benchmark_exclusion,L11,11,block_depth,0.55,0.55,block,0.3062439262866974,0.36774522066116333,0.4055921137332916,0.3776688941157399,0.4407027498198052,0.8277301765584644,2.8501768050250975,0.26366738138449647,65.0,False,False,80.41657847024908,0.06282545192988209,0.37038158665960413,0.757950397011711
timesfm3,SZ_TAXI_15T,SZ Taxi,primary,road speed,15min,96,explicitly_held_out,benchmark_exclusion,L12,12,block_depth,0.6,0.6,block,0.30710214376449585,0.3692561089992523,0.40555113554000854,0.3773902193093911,0.4405843995535412,0.8279199855059869,2.847023800838701,0.26337569970501057,65.0,False,False,76.38195257273206,0.05967340044744692,0.37038158665960413,0.757950397011711
timesfm3,SZ_TAXI_15T,SZ Taxi,primary,road speed,15min,96,explicitly_held_out,benchmark_exclusion,L13,13,block_depth,0.65,0.65,block,0.30937469005584717,0.364908367395401,0.4038001000881195,0.3759013269908535,0.4386196098314264,0.8241746373846021,2.828344608119595,0.2616477038059703,65.0,False,False,70.77813744957565,0.055295419882480976,0.37038158665960413,0.757950397011711
timesfm3,SZ_TAXI_15T,SZ Taxi,primary,road speed,15min,96,explicitly_held_out,benchmark_exclusion,L14,14,block_depth,0.7,0.7,block,0.29493772983551025,0.3665957450866699,0.40554845333099365,0.37737969129274673,0.4407619178247375,0.8274852017708394,2.8457803091939584,0.2632606653726966,45.0,False,False,77.09184445532033,0.06022800348071901,0.37038158665960413,0.757950397011711
timesfm3,SZ_TAXI_15T,SZ Taxi,primary,road speed,15min,96,explicitly_held_out,benchmark_exclusion,L15,15,block_depth,0.75,0.75,block,0.3069869577884674,0.3665357232093811,0.4076298475265503,0.3796679749129674,0.44248292301900877,0.8320826362692088,2.8612664853417176,0.2646932780812625,65.0,False,False,80.54282702013907,0.06292408360948365,0.37038158665960413,0.757950397011711
timesfm3,SZ_TAXI_15T,SZ Taxi,primary,road speed,15min,96,explicitly_held_out,benchmark_exclusion,L16,16,block_depth,0.8,0.8,block,0.30416741967201233,0.36146774888038635,0.40587952733039856,0.3782941058803445,0.44018243950767777,0.828898145656691,2.8523330195034102,0.263866850913614,65.0,False,False,103.23518464776244,0.08065248800606441,0.37038158665960413,0.757950397011711
timesfm3,SZ_TAXI_15T,SZ Taxi,primary,road speed,15min,96,explicitly_held_out,benchmark_exclusion,L17,17,block_depth,0.85,0.85,block,0.3018820285797119,0.3634219169616699,0.40407752990722656,0.3761654460301193,0.4383212539152457,0.8253690639563552,2.8446109468789156,0.2631524886803056,65.0,False,False,119.64884028326831,0.09347565647130338,0.37038158665960413,0.757950397011711
timesfm3,SZ_TAXI_15T,SZ Taxi,primary,road speed,15min,96,explicitly_held_out,benchmark_exclusion,L18,18,block_depth,0.9,0.9,block,0.3151443600654602,0.3647521436214447,0.40600693225860596,0.376894996002412,0.44277302729300194,0.8290139324353734,2.8428661196716374,0.2629910762304182,90.0,False,False,103.5796714484623,0.08092161831911118,0.37038158665960413,0.757950397011711
timesfm3,SZ_TAXI_15T,SZ Taxi,primary,road speed,15min,96,explicitly_held_out,benchmark_exclusion,L19,19,block_depth,0.95,0.95,block,0.3071095943450928,0.3597617447376251,0.4033399224281311,0.3743380052395738,0.43927609190488087,0.8239908759864812,2.8402039553923157,0.26274480172453263,65.0,False,False,61.47906998269811,0.048030523423982896,0.37038158665960413,0.757950397011711
timesfm3,SZ_TAXI_15T,SZ Taxi,primary,road speed,15min,96,explicitly_held_out,benchmark_exclusion,L20,20,block_depth,1.0,1.0,block,0.2976410388946533,0.36240383982658386,0.4047536253929138,0.37617124157886095,0.4395779738990733,0.8268642985645653,2.859542180895004,0.2645337641741347,65.0,False,True,47.7387196085707,0.03729587469419586,0.37038158665960413,0.757950397011711
timesfm3,monash_london_smart_meters,London Smart Meters,primary,residential energy,30min,48,undocumented,source_family,Emb,0,block_depth,0.0,0.0,embedding,0.28751009702682495,0.3289121389389038,0.2888082265853882,0.26894716356973386,0.31383077193527903,1.0185543600405074,0.10850764410498621,0.5278454003539347,30.0,False,False,28.36044265851932,0.02215659582696822,0.23159412688394396,0.7908213643464879
timesfm3,monash_london_smart_meters,London Smart Meters,primary,residential energy,30min,48,undocumented,source_family,L1,1,block_depth,0.05,0.05,block,0.2563174068927765,0.30893561244010925,0.26052361726760864,0.24130821330828292,0.2855362135625466,0.9185631552944143,0.09886644523105706,0.48094490296061615,30.0,True,False,43.45080113473977,0.03394593838651545,0.23159412688394396,0.7908213643464879
timesfm3,monash_london_smart_meters,London Smart Meters,primary,residential energy,30min,48,undocumented,source_family,L2,2,block_depth,0.1,0.1,block,0.24659425020217896,0.3071920871734619,0.26222479343414307,0.24275419826882375,0.2877886290782849,0.9267218610208053,0.099748187423318,0.48523421883621115,30.0,False,False,64.19449258742405,0.05015194733392504,0.23159412688394396,0.7908213643464879
timesfm3,monash_london_smart_meters,London Smart Meters,primary,residential energy,30min,48,undocumented,source_family,L3,3,block_depth,0.15,0.15,block,0.24436058104038239,0.3074294328689575,0.26087072491645813,0.2414414313984395,0.2860349618701819,0.919935371929948,0.09970558216764915,0.48502696165704,45.0,False,False,88.92736189747792,0.06947450148240462,0.23159412688394396,0.7908213643464879
timesfm3,monash_london_smart_meters,London Smart Meters,primary,residential energy,30min,48,undocumented,source_family,L4,4,block_depth,0.2,0.2,block,0.24858573079109192,0.3079105019569397,0.2616025507450104,0.24219170423537378,0.2868638749291253,0.9200125193056194,0.09990569067280206,0.4860004078588068,65.0,False,False,109.39475293188929,0.08546465072803851,0.23159412688394396,0.7908213643464879
timesfm3,monash_london_smart_meters,London Smart Meters,primary,residential energy,30min,48,undocumented,source_family,L5,5,block_depth,0.25,0.25,block,0.2466222494840622,0.30832329392433167,0.2615567743778229,0.24215518141179593,0.2868046744250273,0.9187744975558297,0.10005071523261751,0.4867058931494364,65.0,False,False,119.93722428503182,0.0937009564726811,0.23159412688394396,0.7908213643464879
timesfm3,monash_london_smart_meters,London Smart Meters,primary,residential energy,30min,48,undocumented,source_family,L6,6,block_depth,0.3,0.3,block,0.2397763878107071,0.3086501359939575,0.2616075277328491,0.24247617641506533,0.28654889125903027,0.9142682585534364,0.09960486605015378,0.4845370188534712,45.0,False,False,113.00200742959647,0.08828281830437225,0.23159412688394396,0.7908213643464879
timesfm3,monash_london_smart_meters,London Smart Meters,primary,residential energy,30min,48,undocumented,source_family,L7,7,block_depth,0.35,0.35,block,0.23772768676280975,0.3081541657447815,0.26068732142448425,0.2413561784100669,0.2855630555972173,0.9115456051849442,0.09989660863502155,0.48595622745190714,45.0,False,False,111.6439350976861,0.08722182429506727,0.23159412688394396,0.7908213643464879
timesfm3,monash_london_smart_meters,London Smart Meters,primary,residential energy,30min,48,undocumented,source_family,L8,8,block_depth,0.4,0.4,block,0.23124949634075165,0.3082660734653473,0.2616731822490692,0.24225028623464226,0.28671137746565667,0.9144321513991474,0.09996058604775274,0.48626745145197875,30.0,False,False,101.73798065682665,0.07948279738814581,0.23159412688394396,0.7908213643464879
timesfm3,monash_london_smart_meters,London Smart Meters,primary,residential energy,30min,48,undocumented,source_family,L9,9,block_depth,0.45,0.45,block,0.23739871382713318,0.30811843276023865,0.2600526511669159,0.24074433480197463,0.2847900162827763,0.90588512476856,0.09965346942344362,0.48477345442669134,45.0,False,False,101.4542948466744,0.07926116784896438,0.23159412688394396,0.7908213643464879
timesfm3,monash_london_smart_meters,London Smart Meters,primary,residential energy,30min,48,undocumented,source_family,L10,10,block_depth,0.5,0.5,block,0.24073366820812225,0.3079557716846466,0.26050451397895813,0.24094363120491155,0.2855881170163514,0.9055469322093604,0.09980246562117627,0.48549826011473407,45.0,False,False,92.06322115381799,0.0719243915264203,0.23159412688394396,0.7908213643464879
timesfm3,monash_london_smart_meters,London Smart Meters,primary,residential energy,30min,48,undocumented,source_family,L11,11,block_depth,0.55,0.55,block,0.23986707627773285,0.30964404344558716,0.26188579201698303,0.24240527643843462,0.2868350626005016,0.9112205122458943,0.10037299938260529,0.48827367399641003,45.0,False,False,99.51039082954341,0.0777424928355808,0.23159412688394396,0.7908213643464879
timesfm3,monash_london_smart_meters,London Smart Meters,primary,residential energy,30min,48,undocumented,source_family,L12,12,block_depth,0.6,0.6,block,0.2427484691143036,0.30955004692077637,0.26256731152534485,0.24298987638788255,0.2876406556279718,0.9136580355228939,0.10056884896557283,0.4892264022800564,45.0,False,False,86.22979727287425,0.06736702911943301,0.23159412688394396,0.7908213643464879
timesfm3,monash_london_smart_meters,London Smart Meters,primary,residential energy,30min,48,undocumented,source_family,L13,13,block_depth,0.65,0.65,block,0.24219249188899994,0.30887359380722046,0.2615606188774109,0.2422526415586756,0.28650498994064466,0.910329778998912,0.10012672961737215,0.48707567210542085,45.0,False,False,92.88944748415574,0.07256988084699667,0.23159412688394396,0.7908213643464879
timesfm3,monash_london_smart_meters,London Smart Meters,primary,residential energy,30min,48,undocumented,source_family,L14,14,block_depth,0.7,0.7,block,0.24137084186077118,0.30925971269607544,0.2614901661872864,0.24214249564164125,0.28641199654693367,0.911931720937561,0.10042720236417549,0.4885373493783916,45.0,False,False,95.8665679264754,0.07489575619255891,0.23159412688394396,0.7908213643464879
timesfm3,monash_london_smart_meters,London Smart Meters,primary,residential energy,30min,48,undocumented,source_family,L15,15,block_depth,0.75,0.75,block,0.2334139347076416,0.3066056966781616,0.26135364174842834,0.24219560072551133,0.2859831420214178,0.909442299236915,0.10044903969916728,0.48864357910005296,30.0,False,False,93.23029065645724,0.07283616457535722,0.23159412688394396,0.7908213643464879
timesfm3,monash_london_smart_meters,London Smart Meters,primary,residential energy,30min,48,undocumented,source_family,L16,16,block_depth,0.8,0.8,block,0.2416585385799408,0.3069285750389099,0.26004600524902344,0.24089877611338978,0.2846016216070483,0.902752464701253,0.09960334173353462,0.4845296036752804,45.0,False,False,102.12774869149128,0.07978730366522756,0.23159412688394396,0.7908213643464879
timesfm3,monash_london_smart_meters,London Smart Meters,primary,residential energy,30min,48,undocumented,source_family,L17,17,block_depth,0.85,0.85,block,0.2429189831018448,0.3043327033519745,0.2594238221645355,0.2401929595052684,0.28411545492282125,0.9008570411090666,0.09965467890498976,0.48477933806075424,45.0,False,False,102.88213857414435,0.08037667076105028,0.23159412688394396,0.7908213643464879
timesfm3,monash_london_smart_meters,London Smart Meters,primary,residential energy,30min,48,undocumented,source_family,L18,18,block_depth,0.9,0.9,block,0.23471496999263763,0.3021964430809021,0.2582175135612488,0.23910252084628544,0.2827155914406455,0.8950793258594384,0.09909801776684417,0.4820714088291359,30.0,False,False,97.2424684181302,0.07597067845166422,0.23159412688394396,0.7908213643464879
timesfm3,monash_london_smart_meters,London Smart Meters,primary,residential energy,30min,48,undocumented,source_family,L19,19,block_depth,0.95,0.95,block,0.24033035337924957,0.2978992164134979,0.2560177743434906,0.23653304321364363,0.2806810732084888,0.8866397965291112,0.09850942380434224,0.47920813944064805,45.0,False,False,72.97777725319993,0.05701388847906245,0.23159412688394396,0.7908213643464879
timesfm3,monash_london_smart_meters,London Smart Meters,primary,residential energy,30min,48,undocumented,source_family,L20,20,block_depth,1.0,1.0,block,0.23694771528244019,0.3027985692024231,0.259817510843277,0.24047881558551704,0.28474730416734256,0.8996760762066033,0.09997250761002305,0.4863254449865479,45.0,False,True,55.90322971938229,0.043674398218267414,0.23159412688394396,0.7908213643464879
timesfm3,m5,M5,primary,retail,1D,7,explicitly_held_out,benchmark_exclusion,Emb,0,block_depth,0.0,0.0,embedding,0.3161507248878479,0.3384169936180115,0.3616892695426941,0.3417790358473782,0.38231104346461425,1.1026679741749263,1.0570013969718284,0.7503090045462079,30.0,True,False,25.303421328668236,0.019768297913022058,0.3260631352167164,0.9739977300024973
timesfm3,m5,M5,primary,retail,1D,7,explicitly_held_out,benchmark_exclusion,L1,1,block_depth,0.05,0.05,block,0.3083759546279907,0.33726489543914795,0.3604409694671631,0.34075275622877,0.38078625991385967,1.0958965434749528,1.0571837924264231,0.7504384773665492,45.0,False,False,36.82741833791916,0.028771420576499347,0.3260631352167164,0.9739977300024973
timesfm3,m5,M5,primary,retail,1D,7,explicitly_held_out,benchmark_exclusion,L2,2,block_depth,0.1,0.1,block,0.2997050881385803,0.3362101912498474,0.36070215702056885,0.341086728014905,0.3809360155245673,1.0975885899311775,1.0614650585697167,0.7534775202167997,45.0,False,False,55.112216644922334,0.043056419253845575,0.3260631352167164,0.9739977300024973
timesfm3,m5,M5,primary,retail,1D,7,explicitly_held_out,benchmark_exclusion,L3,3,block_depth,0.15,0.15,block,0.29860687255859375,0.3357292115688324,0.3597300052642822,0.33992819987585815,0.38021300669887476,1.0964707993054719,1.0578329104322175,0.7508992516721992,65.0,False,False,75.40952832654611,0.05891369400511415,0.3260631352167164,0.9739977300024973
timesfm3,m5,M5,primary,retail,1D,7,explicitly_held_out,benchmark_exclusion,L4,4,block_depth,0.2,0.2,block,0.29761824011802673,0.3357377052307129,0.3592657744884491,0.33945327810018916,0.3796937585296465,1.0951755799039298,1.0607228549409202,0.7529506693843523,65.0,False,False,79.91789717203201,0.06243585716565001,0.3260631352167164,0.9739977300024973
timesfm3,m5,M5,primary,retail,1D,7,explicitly_held_out,benchmark_exclusion,L5,5,block_depth,0.25,0.25,block,0.28988149762153625,0.3379773199558258,0.35960620641708374,0.3403768178939336,0.3797536420390607,1.0934736624779748,1.0591030057969124,0.7518008247368073,45.0,False,False,82.49468378955787,0.06444897171059208,0.3260631352167164,0.9739977300024973
timesfm3,m5,M5,primary,retail,1D,7,explicitly_held_out,benchmark_exclusion,L6,6,block_depth,0.3,0.3,block,0.29721105098724365,0.3371356725692749,0.3588908612728119,0.3393309111145275,0.37904177047596627,1.0928196939727137,1.0611178801928214,0.7532310767748946,65.0,False,False,75.45205454469058,0.058946917613039516,0.3260631352167164,0.9739977300024973
timesfm3,m5,M5,primary,retail,1D,7,explicitly_held_out,benchmark_exclusion,L7,7,block_depth,0.35,0.35,block,0.2877570390701294,0.33750784397125244,0.35787108540534973,0.3382861695501186,0.37832089040911837,1.0888804208943308,1.0564913570146897,0.7499469543411507,45.0,False,False,64.68946119706693,0.05053864156020854,0.3260631352167164,0.9739977300024973
timesfm3,m5,M5,primary,retail,1D,7,explicitly_held_out,benchmark_exclusion,L8,8,block_depth,0.4,0.4,block,0.2959730923175812,0.3368247151374817,0.35717853903770447,0.33769430115939836,0.3778300820558353,1.0872365599218552,1.0630342206847476,0.7545913848416465,65.0,False,False,67.5043534554053,0.05273777613703538,0.3260631352167164,0.9739977300024973
timesfm3,m5,M5,primary,retail,1D,7,explicitly_held_out,benchmark_exclusion,L9,9,block_depth,0.45,0.45,block,0.28759315609931946,0.33667877316474915,0.35717931389808655,0.33796806594868767,0.3774739120973146,1.085480886806532,1.058499740632977,0.7513725989218494,45.0,False,False,62.161486050617405,0.04856366097704485,0.3260631352167164,0.9739977300024973
timesfm3,m5,M5,primary,retail,1D,7,explicitly_held_out,benchmark_exclusion,L10,10,block_depth,0.5,0.5,block,0.2886795103549957,0.33764222264289856,0.35793837904930115,0.3383924232966459,0.3785857673634896,1.087933696583421,1.0612960124828035,0.7533575234016984,45.0,False,False,52.866251062232706,0.041301758642369304,0.3260631352167164,0.9739977300024973
timesfm3,m5,M5,primary,retail,1D,7,explicitly_held_out,benchmark_exclusion,L11,11,block_depth,0.55,0.55,block,0.2953217625617981,0.33724522590637207,0.35729020833969116,0.3377896712872534,0.3778786990329452,1.0873252555715363,1.0649308249386271,0.7559376832039979,65.0,False,False,51.443024304693054,0.04018986273804145,0.3260631352167164,0.9739977300024973
timesfm3,m5,M5,primary,retail,1D,7,explicitly_held_out,benchmark_exclusion,L12,12,block_depth,0.6,0.6,block,0.28577733039855957,0.33514854311943054,0.35623612999916077,0.3367211262162291,0.3769191045427822,1.0813019401591648,1.0651767014870666,0.7561122178723809,45.0,False,False,45.039462390984674,0.035187079992956775,0.3260631352167164,0.9739977300024973
timesfm3,m5,M5,primary,retail,1D,7,explicitly_held_out,benchmark_exclusion,L13,13,block_depth,0.65,0.65,block,0.2974880337715149,0.33695000410079956,0.3581525385379791,0.33875322062379987,0.3788343595024482,1.0909404469798583,1.066616115677575,0.757133981354912,65.0,False,False,50.83626048626472,0.039715828504894315,0.3260631352167164,0.9739977300024973
timesfm3,m5,M5,primary,retail,1D,7,explicitly_held_out,benchmark_exclusion,L14,14,block_depth,0.7,0.7,block,0.28946563601493835,0.33681628108024597,0.3574903607368469,0.33798283828735237,0.37792748330900344,1.0863666326755215,1.0623258027270648,0.7540885166579767,45.0,False,False,66.47674338778067,0.05193495577170365,0.3260631352167164,0.9739977300024973
timesfm3,m5,M5,primary,retail,1D,7,explicitly_held_out,benchmark_exclusion,L15,15,block_depth,0.75,0.75,block,0.29697707295417786,0.33665841817855835,0.35859763622283936,0.3392188280977252,0.37916043494038904,1.0903858042992773,1.0663503104351133,0.7569453003678803,65.0,False,False,61.24262807182989,0.0478458031811171,0.3260631352167164,0.9739977300024973
timesfm3,m5,M5,primary,retail,1D,7,explicitly_held_out,benchmark_exclusion,L16,16,block_depth,0.8,0.8,block,0.2901643216609955,0.3364642858505249,0.357760488986969,0.33840800672129706,0.3781146262765272,1.086934249372589,1.0570064358452007,0.7503125813740862,45.0,False,False,61.9061782554725,0.04836420176208789,0.3260631352167164,0.9739977300024973
timesfm3,m5,M5,primary,retail,1D,7,explicitly_held_out,benchmark_exclusion,L17,17,block_depth,0.85,0.85,block,0.3001419007778168,0.33763831853866577,0.3578639030456543,0.33908106555579276,0.37760235951246535,1.0875108657031456,1.0558564782830435,0.7494962877379524,65.0,False,False,79.47864005107088,0.062092687539899126,0.3260631352167164,0.9739977300024973
timesfm3,m5,M5,primary,retail,1D,7,explicitly_held_out,benchmark_exclusion,L18,18,block_depth,0.9,0.9,block,0.3017950654029846,0.33742010593414307,0.3583099842071533,0.3393881033387974,0.3777999230461437,1.084540621519544,1.0558093804633104,0.7494628555037648,45.0,False,False,44.644353454510636,0.03487840113633643,0.3260631352167164,0.9739977300024973
timesfm3,m5,M5,primary,retail,1D,7,explicitly_held_out,benchmark_exclusion,L19,19,block_depth,0.95,0.95,block,0.3067215085029602,0.33911237120628357,0.3579227924346924,0.3393884210413649,0.3772426782808629,1.0854925575887109,1.0448743781527132,0.7417006796713772,45.0,False,False,22.867106658778873,0.017864927077170994,0.3260631352167164,0.9739977300024973
timesfm3,m5,M5,primary,retail,1D,7,explicitly_held_out,benchmark_exclusion,L20,20,block_depth,1.0,1.0,block,0.29891109466552734,0.3345680236816406,0.3552423417568207,0.3362514788327554,0.37502934210507183,1.0755300811989863,1.047121545027509,0.7432958237702475,45.0,False,True,31.598392467170534,0.02468624411497698,0.3260631352167164,0.9739977300024973
timesfm3,wiki_daily_100k,Wiki Daily,primary,web traffic,1D,7,pretraining_exposed,source_level,Emb,0,block_depth,0.0,0.0,embedding,0.3358088731765747,0.3208412826061249,0.32518064975738525,0.3005119990848915,0.3499565183089065,0.9595951349613367,45.75178446347757,0.3323581021709875,10.0,True,False,26.63138869254569,0.020805772416051322,0.2860082265696993,0.7912765471622331
timesfm3,wiki_daily_100k,Wiki Daily,primary,web traffic,1D,7,pretraining_exposed,source_level,L1,1,block_depth,0.05,0.05,block,0.3208107054233551,0.31978753209114075,0.3156079351902008,0.2914611672879488,0.34052564192435325,0.9183608870450205,41.340496203147936,0.30031285166272187,30.0,False,False,40.451016566088406,0.03160235669225657,0.2860082265696993,0.7912765471622331
timesfm3,wiki_daily_100k,Wiki Daily,primary,web traffic,1D,7,pretraining_exposed,source_level,L2,2,block_depth,0.1,0.1,block,0.31326109170913696,0.319959431886673,0.3142814338207245,0.29041184744378196,0.33868765539688744,0.9262577930884126,44.65473915204383,0.3243887540465497,45.0,False,False,58.94195286784535,0.046048400678004184,0.2860082265696993,0.7912765471622331
timesfm3,wiki_daily_100k,Wiki Daily,primary,web traffic,1D,7,pretraining_exposed,source_level,L3,3,block_depth,0.15,0.15,block,0.3139706552028656,0.32006463408470154,0.31562340259552,0.2916137400559569,0.34052755733283646,0.9364291956116297,46.013205939595444,0.33425716570890557,65.0,False,False,79.24593431195535,0.06191088618121512,0.2860082265696993,0.7912765471622331
timesfm3,wiki_daily_100k,Wiki Daily,primary,web traffic,1D,7,pretraining_exposed,source_level,L4,4,block_depth,0.2,0.2,block,0.3198901116847992,0.32046452164649963,0.3168230652809143,0.2927384724776538,0.34205579072848413,0.9308838548635335,45.843737216727156,0.3330260814185254,90.0,False,False,87.8598194825227,0.06864048397072085,0.2860082265696993,0.7912765471622331
timesfm3,wiki_daily_100k,Wiki Daily,primary,web traffic,1D,7,pretraining_exposed,source_level,L5,5,block_depth,0.25,0.25,block,0.3093251585960388,0.31824010610580444,0.3123496174812317,0.2885215344693057,0.33714752512919993,0.914455844488802,43.7963281344455,0.31815293483124907,65.0,False,False,86.2162262394406,0.06735642674956296,0.2860082265696993,0.7912765471622331
timesfm3,wiki_daily_100k,Wiki Daily,primary,web traffic,1D,7,pretraining_exposed,source_level,L6,6,block_depth,0.3,0.3,block,0.30878350138664246,0.31724637746810913,0.3127252757549286,0.2887150843574431,0.33728252819184756,0.9169073420322024,45.01103450588491,0.3269770169745125,65.0,False,False,70.7727162004991,0.05529118453163993,0.2860082265696993,0.7912765471622331
timesfm3,wiki_daily_100k,Wiki Daily,primary,web traffic,1D,7,pretraining_exposed,source_level,L7,7,block_depth,0.35,0.35,block,0.31473618745803833,0.31648412346839905,0.3106394112110138,0.2869355923119392,0.33546662734295346,0.9097668940553509,45.53167110106096,0.33075911624610715,90.0,False,False,66.30118227744937,0.05179779865425732,0.2860082265696993,0.7912765471622331
timesfm3,wiki_daily_100k,Wiki Daily,primary,web traffic,1D,7,pretraining_exposed,source_level,L8,8,block_depth,0.4,0.4,block,0.3063124716281891,0.31496119499206543,0.30883264541625977,0.28469825384654956,0.33352560843163315,0.8970607899385753,43.16122055194963,0.31353927542390436,65.0,False,False,65.83634339091346,0.051434643274151134,0.2860082265696993,0.7912765471622331
timesfm3,wiki_daily_100k,Wiki Daily,primary,web traffic,1D,7,pretraining_exposed,source_level,L9,9,block_depth,0.45,0.45,block,0.3049287497997284,0.3153333067893982,0.30783501267433167,0.2838308383476074,0.3326634290734775,0.8914382609412251,42.33738532858169,0.30755462773090003,65.0,False,False,65.01873182142188,0.050795884235485846,0.2860082265696993,0.7912765471622331
timesfm3,wiki_daily_100k,Wiki Daily,primary,web traffic,1D,7,pretraining_exposed,source_level,L10,10,block_depth,0.5,0.5,block,0.3047361969947815,0.31497493386268616,0.3083649277687073,0.28416118251252204,0.33332262699641574,0.893317509975393,42.43636925617717,0.30827368406295036,65.0,False,False,55.93596759935124,0.04369997468699315,0.2860082265696993,0.7912765471622331
timesfm3,wiki_daily_100k,Wiki Daily,primary,web traffic,1D,7,pretraining_exposed,source_level,L11,11,block_depth,0.55,0.55,block,0.3049197196960449,0.31589001417160034,0.3094486594200134,0.285307849643624,0.3343219850045266,0.8973229599988959,43.6500195438837,0.31709009441834124,65.0,False,False,61.303915433920345,0.04789368393275027,0.2860082265696993,0.7912765471622331
timesfm3,wiki_daily_100k,Wiki Daily,primary,web traffic,1D,7,pretraining_exposed,source_level,L12,12,block_depth,0.6,0.6,block,0.29551348090171814,0.316413551568985,0.3099898397922516,0.28603203670292354,0.3348085569487955,0.8962112576285287,43.586116176954576,0.31662587642107703,45.0,False,False,72.23389480450378,0.05643273031601857,0.2860082265696993,0.7912765471622331
timesfm3,wiki_daily_100k,Wiki Daily,primary,web traffic,1D,7,pretraining_exposed,source_level,L13,13,block_depth,0.65,0.65,block,0.3038889765739441,0.316224068403244,0.30811449885368347,0.28444980489843674,0.33271420116514994,0.8916379002770536,44.798928220451614,0.3254361974565017,65.0,False,False,79.65654087499811,0.06223167255859228,0.2860082265696993,0.7912765471622331
timesfm3,wiki_daily_100k,Wiki Daily,primary,web traffic,1D,7,pretraining_exposed,source_level,L14,14,block_depth,0.7,0.7,block,0.30322134494781494,0.315518319606781,0.3074970543384552,0.28387592509282283,0.3321685537607018,0.8875502009500068,43.673750095150936,0.31726248203283847,65.0,False,False,75.31980336192271,0.05884359637650212,0.2860082265696993,0.7912765471622331
timesfm3,wiki_daily_100k,Wiki Daily,primary,web traffic,1D,7,pretraining_exposed,source_level,L15,15,block_depth,0.75,0.75,block,0.3038724958896637,0.3148602843284607,0.30739933252334595,0.28368994691906824,0.3320622369007186,0.8886384709572751,43.515387265213874,0.3161120751092719,65.0,False,False,67.26170475591087,0.05254820684055537,0.2860082265696993,0.7912765471622331
timesfm3,wiki_daily_100k,Wiki Daily,primary,web traffic,1D,7,pretraining_exposed,source_level,L16,16,block_depth,0.8,0.8,block,0.30317774415016174,0.314556360244751,0.3057500720024109,0.28248686614439233,0.33006930191795,0.8815555097934177,43.77066372296318,0.3179664989316742,65.0,False,False,79.67153807990611,0.06224338912492665,0.2860082265696993,0.7912765471622331
timesfm3,wiki_daily_100k,Wiki Daily,primary,web traffic,1D,7,pretraining_exposed,source_level,L17,17,block_depth,0.85,0.85,block,0.3030445873737335,0.31462401151657104,0.3031342029571533,0.279701052289385,0.3274174441754078,0.8752439410411873,43.22592708661187,0.3140093279324698,65.0,False,False,91.88200178541061,0.07178281389485204,0.2860082265696993,0.7912765471622331
timesfm3,wiki_daily_100k,Wiki Daily,primary,web traffic,1D,7,pretraining_exposed,source_level,L18,18,block_depth,0.9,0.9,block,0.30557358264923096,0.3133428394794464,0.3027459681034088,0.2794018139884957,0.32672813480990076,0.8735133503611731,42.79686059277592,0.31089242818159096,65.0,False,False,71.56972939560751,0.055913851090318364,0.2860082265696993,0.7912765471622331
timesfm3,wiki_daily_100k,Wiki Daily,primary,web traffic,1D,7,pretraining_exposed,source_level,L19,19,block_depth,0.95,0.95,block,0.30649542808532715,0.31343644857406616,0.302717924118042,0.27921635897737707,0.3270964179891837,0.8691957079965588,39.51643967456407,0.28706222169927903,45.0,False,False,30.211845765603435,0.023603004504377682,0.2860082265696993,0.7912765471622331
timesfm3,wiki_daily_100k,Wiki Daily,primary,web traffic,1D,7,pretraining_exposed,source_level,L20,20,block_depth,1.0,1.0,block,0.30257561802864075,0.3125949800014496,0.30240654945373535,0.27821436990550114,0.3272526486559934,0.8604036066640443,37.45121321058916,0.2720596429765206,45.0,False,True,39.30092510583929,0.030703847738936946,0.2860082265696993,0.7912765471622331
timesfm3,monash_traffic,Traffic,primary,road volume,1H,24,undocumented,source_family,Emb,0,block_depth,0.0,0.0,embedding,0.19629736244678497,0.1686742603778839,0.16203686594963074,0.15460154614304655,0.16948526806859227,0.9257584946896348,0.015618733909176605,0.34799382069115664,10.0,False,False,11.240618617547367,0.00878173329495888,0.08873738865421388,0.49362965807582715
timesfm3,monash_traffic,Traffic,primary,road volume,1H,24,undocumented,source_family,L1,1,block_depth,0.05,0.05,block,0.16786827147006989,0.1493442952632904,0.15468022227287292,0.14538044407928208,0.16395757694031957,0.8809106394178171,0.015308424073205072,0.341079950076181,30.0,False,False,19.179010831462335,0.01498360221207995,0.08873738865421388,0.49362965807582715
timesfm3,monash_traffic,Traffic,primary,road volume,1H,24,undocumented,source_family,L2,2,block_depth,0.1,0.1,block,0.14358823001384735,0.15310736000537872,0.14432750642299652,0.13557745416449624,0.15309457412231287,0.8183925183135682,0.014290214270166727,0.31839368615204044,10.0,False,False,24.542128348640343,0.01917353777237527,0.08873738865421388,0.49362965807582715
timesfm3,monash_traffic,Traffic,primary,road volume,1H,24,undocumented,source_family,L3,3,block_depth,0.15,0.15,block,0.14980314671993256,0.15235811471939087,0.1407533586025238,0.13208255469443575,0.1496281147596803,0.7970288265121888,0.013908346102181012,0.3098854572808383,30.0,False,False,36.39116321728605,0.028430596263504727,0.08873738865421388,0.49362965807582715
timesfm3,monash_traffic,Traffic,primary,road volume,1H,24,undocumented,source_family,L4,4,block_depth,0.2,0.2,block,0.15481090545654297,0.1537998616695404,0.14072845876216888,0.13257360011268096,0.1491277764867707,0.7993575789276761,0.013812348428886732,0.30774657731134786,45.0,False,False,45.87361617722872,0.035838762638459934,0.08873738865421388,0.49362965807582715
timesfm3,monash_traffic,Traffic,primary,road volume,1H,24,undocumented,source_family,L5,5,block_depth,0.25,0.25,block,0.1414070576429367,0.1606980562210083,0.13700628280639648,0.12812346316170203,0.14609269011509785,0.7748289683884838,0.01349888219128012,0.3007623803644804,30.0,False,False,51.45615205276502,0.04020011879122267,0.08873738865421388,0.49362965807582715
timesfm3,monash_traffic,Traffic,primary,road volume,1H,24,undocumented,source_family,L6,6,block_depth,0.3,0.3,block,0.1303539127111435,0.17236843705177307,0.13965201377868652,0.13164001210941045,0.14782629045337892,0.7916973527246403,0.013743091171145397,0.30620348823177534,10.0,False,False,46.13235842099157,0.036040905016399664,0.08873738865421388,0.49362965807582715
timesfm3,monash_traffic,Traffic,primary,road volume,1H,24,undocumented,source_family,L7,7,block_depth,0.35,0.35,block,0.12783238291740417,0.16357596218585968,0.1476074606180191,0.1391279935090312,0.1560466828578301,0.838793209666256,0.01460041201831986,0.32530505938993004,10.0,False,False,47.62170936094343,0.03720446043823705,0.08873738865421388,0.49362965807582715
timesfm3,monash_traffic,Traffic,primary,road volume,1H,24,undocumented,source_family,L8,8,block_depth,0.4,0.4,block,0.12633563578128815,0.17100989818572998,0.14695203304290771,0.1377010472669828,0.15617776236724362,0.8318392328727685,0.014703034647829696,0.3275915469592918,10.0,False,False,45.557082623150635,0.03559147079933643,0.08873738865421388,0.49362965807582715
timesfm3,monash_traffic,Traffic,primary,road volume,1H,24,undocumented,source_family,L9,9,block_depth,0.45,0.45,block,0.14737600088119507,0.18433557450771332,0.14273445308208466,0.13428695004092145,0.15111498349125832,0.8104451391347651,0.014066062770099134,0.3133994697593567,30.0,False,False,44.78269041154824,0.03498647688402206,0.08873738865421388,0.49362965807582715
timesfm3,monash_traffic,Traffic,primary,road volume,1H,24,undocumented,source_family,L10,10,block_depth,0.5,0.5,block,0.14657461643218994,0.18127499520778656,0.14633773267269135,0.1382559455611267,0.15442205937792555,0.8344784557524433,0.014431674233823636,0.32154549048612147,30.0,False,False,42.37230786855571,0.03310336552230915,0.08873738865421388,0.49362965807582715
timesfm3,monash_traffic,Traffic,primary,road volume,1H,24,undocumented,source_family,L11,11,block_depth,0.55,0.55,block,0.13156931102275848,0.18346190452575684,0.14624395966529846,0.1384253991376751,0.15410859684978845,0.8327858676373451,0.014419748127992706,0.32127977041186917,10.0,False,False,41.64951035010639,0.03253867996102062,0.08873738865421388,0.49362965807582715
timesfm3,monash_traffic,Traffic,primary,road volume,1H,24,undocumented,source_family,L12,12,block_depth,0.6,0.6,block,0.16035866737365723,0.17407366633415222,0.1528489738702774,0.14436756107806875,0.16153088224028017,0.8699756615926874,0.01512340351625127,0.33695759221445126,45.0,True,False,43.90063454996647,0.034297370742161305,0.08873738865421388,0.49362965807582715
timesfm3,monash_traffic,Traffic,primary,road volume,1H,24,undocumented,source_family,L13,13,block_depth,0.65,0.65,block,0.1407848745584488,0.17189590632915497,0.13685674965381622,0.12818076946623339,0.14572211056165682,0.7766434631588481,0.013534926841447656,0.3015654746229662,30.0,False,False,46.18894787655331,0.03608511552855727,0.08873738865421388,0.49362965807582715
timesfm3,monash_traffic,Traffic,primary,road volume,1H,24,undocumented,source_family,L14,14,block_depth,0.7,0.7,block,0.12496867030858994,0.17688092589378357,0.14047591388225555,0.13253978011162795,0.14863370072651114,0.7990754093401873,0.0138509554589121,0.30860676277594384,10.0,False,False,50.25336289590025,0.03926043976242207,0.08873738865421388,0.49362965807582715
timesfm3,monash_traffic,Traffic,primary,road volume,1H,24,undocumented,source_family,L15,15,block_depth,0.75,0.75,block,0.13328686356544495,0.17031167447566986,0.13374042510986328,0.12488189813368136,0.14296771855207288,0.7601868174087419,0.01320785559927376,0.2942781508319242,30.0,False,False,53.049684641010586,0.04144506612578952,0.08873738865421388,0.49362965807582715
timesfm3,monash_traffic,Traffic,primary,road volume,1H,24,undocumented,source_family,L16,16,block_depth,0.8,0.8,block,0.1310143768787384,0.16527792811393738,0.14445990324020386,0.13577329453386594,0.15340658348224315,0.8227739737839652,0.014255294177968449,0.3176156476520167,30.0,False,False,58.76680583317984,0.04591156705717175,0.08873738865421388,0.49362965807582715
timesfm3,monash_traffic,Traffic,primary,road volume,1H,24,undocumented,source_family,L17,17,block_depth,0.85,0.85,block,0.12816758453845978,0.1608923077583313,0.13420617580413818,0.12575060163112714,0.14283974198660038,0.7630349313314109,0.013197820727271445,0.29405456846804384,30.0,False,False,58.635233564262386,0.04580877622207999,0.08873738865421388,0.49362965807582715
timesfm3,monash_traffic,Traffic,primary,road volume,1H,24,undocumented,source_family,L18,18,block_depth,0.9,0.9,block,0.12493448704481125,0.15344730019569397,0.1300545334815979,0.12107526382417169,0.13910069469582886,0.7336967237929184,0.012854025648913147,0.2863946285812117,30.0,False,False,46.824246551431,0.03658144261830547,0.08873738865421388,0.49362965807582715
timesfm3,monash_traffic,Traffic,primary,road volume,1H,24,undocumented,source_family,L19,19,block_depth,0.95,0.95,block,0.12196186929941177,0.17107930779457092,0.13061581552028656,0.1204141233557167,0.14106179565930638,0.734616542612496,0.013134177329621452,0.29263655922102194,30.0,False,False,26.359029452000982,0.02059299175937577,0.08873738865421388,0.49362965807582715
timesfm3,monash_traffic,Traffic,primary,road volume,1H,24,undocumented,source_family,L20,20,block_depth,1.0,1.0,block,0.11660077422857285,0.17102672159671783,0.1407226175069809,0.13010182912632084,0.15146838912690583,0.7922172399006544,0.014098825360378044,0.3141294379522458,30.0,False,True,13.393979748036523,0.010464046678153534,0.08873738865421388,0.49362965807582715
tirex,m4_hourly,M4,primary,mixed hourly,1H,24,undocumented,source_family,Emb,0,block_depth,0.0,0.0,embedding,0.2752397358417511,0.34073790287926,0.3077964224205672,0.29689995119959567,0.319418370109478,5.646867262412237,585.0904918200441,0.11970166052413414,30.0,False,False,4.492015961296748,0.008773468674407712,0.10432089652638626,0.8115398543446835
tirex,m4_hourly,M4,primary,mixed hourly,1H,24,undocumented,source_family,L1,1,block_depth,0.08333333333333333,0.08333333333333333,block,0.13097664713859558,0.17659124712111385,0.1946414417039802,0.1812731659786335,0.20826969439917392,2.405640691501495,436.6291112646524,0.08932845496937421,0.3,False,False,7.320283624277486,0.014297428953666964,0.10432089652638626,0.8115398543446835
tirex,m4_hourly,M4,primary,mixed hourly,1H,24,undocumented,source_family,L2,2,block_depth,0.16666666666666666,0.16666666666666666,block,0.11733110249042511,0.16093903127346784,0.17589966560365589,0.16271102504648327,0.18950195031574718,2.0592837037705505,410.1335241701285,0.08390781351968918,1.0,False,False,8.69657187199141,0.01698549193748322,0.10432089652638626,0.8115398543446835
tirex,m4_hourly,M4,primary,mixed hourly,1H,24,undocumented,source_family,L3,3,block_depth,0.25,0.25,block,0.11947988718748093,0.15866266950282432,0.1769289813708258,0.16443307560456222,0.1896853441113023,2.1065563383040242,402.2441624750213,0.08229375602160512,3.0,False,False,9.731169722439864,0.01900619086414036,0.10432089652638626,0.8115398543446835
tirex,m4_hourly,M4,primary,mixed hourly,1H,24,undocumented,source_family,L4,4,block_depth,0.3333333333333333,0.3333333333333333,block,0.11176453530788422,0.1517258123672418,0.17322029115077647,0.15962198134120698,0.1869159771108161,1.8831119764187132,428.47084945885473,0.08765938411828787,10.0,False,False,11.142882786896173,0.02176344294315659,0.10432089652638626,0.8115398543446835
tirex,m4_hourly,M4,primary,mixed hourly,1H,24,undocumented,source_family,L5,5,block_depth,0.4166666666666667,0.4166666666666667,block,0.09520551562309265,0.14935166499655667,0.1656912413091605,0.15251764730543238,0.17937433683590692,1.8161224500240898,386.55281116218225,0.07908351617960802,1.0,False,False,12.788433207191952,0.02497740860779678,0.10432089652638626,0.8115398543446835
tirex,m4_hourly,M4,primary,mixed hourly,1H,24,undocumented,source_family,L6,6,block_depth,0.5,0.5,block,0.09344059228897095,0.14660946497309754,0.164992579550461,0.15163805222792823,0.17879764683125185,1.7275207193393824,393.81466326415693,0.08056919363846236,3.0,False,False,15.59261428122579,0.030454324768019122,0.10432089652638626,0.8115398543446835
tirex,m4_hourly,M4,primary,mixed hourly,1H,24,undocumented,source_family,L7,7,block_depth,0.5833333333333334,0.5833333333333334,block,0.08555169403553009,0.14643079800289552,0.1686174729341314,0.15468108655941737,0.1828664895044,1.6703392540190107,416.21862093624713,0.08515274263328426,1.0,False,False,17.91145051098031,0.034983301779258416,0.10432089652638626,0.8115398543446835
tirex,m4_hourly,M4,primary,mixed hourly,1H,24,undocumented,source_family,L8,8,block_depth,0.6666666666666666,0.6666666666666666,block,0.08772236108779907,0.14148360109738722,0.15643038629120543,0.1434102231544222,0.1700876161840012,1.6293909974022704,370.3625614952416,0.0757712084314432,3.0,False,False,16.455777687191624,0.03214019079529614,0.10432089652638626,0.8115398543446835
tirex,m4_hourly,M4,primary,mixed hourly,1H,24,undocumented,source_family,L9,9,block_depth,0.75,0.75,block,0.08529561012983322,0.13396903841208865,0.1492521240311952,0.13675681185012842,0.16225503518615797,1.615090736336068,355.54958884426264,0.07274067307253647,3.0,False,False,18.14423655130634,0.03543796201427019,0.10432089652638626,0.8115398543446835
tirex,m4_hourly,M4,primary,mixed hourly,1H,24,undocumented,source_family,L10,10,block_depth,0.8333333333333334,0.8333333333333334,block,0.08344541490077972,0.12080919211517081,0.14174225939906962,0.12915822384978523,0.1549359204073415,1.4257340350943852,340.8686710945558,0.06973715437375944,10.0,False,False,17.26493474884473,0.033720575681337364,0.10432089652638626,0.8115398543446835
tirex,m4_hourly,M4,primary,mixed hourly,1H,24,undocumented,source_family,L11,11,block_depth,0.9166666666666666,0.9166666666666666,block,0.07748669385910034,0.1115177380034828,0.13458907731474584,0.12221098942380001,0.1473963571191616,1.3713107236776567,319.344124694316,0.06533352112017046,10.0,False,False,13.814096103493362,0.026980656452135474,0.10432089652638626,0.8115398543446835
tirex,m4_hourly,M4,primary,mixed hourly,1H,24,undocumented,source_family,L12,12,block_depth,1.0,1.0,block,0.07205379009246826,0.10441971001506761,0.12892581474832224,0.11635728953192935,0.14205753034378849,1.2473509309271968,300.3422672223569,0.06144599615738913,10.0,True,True,11.838645123462122,0.023122353756761957,0.10432089652638626,0.8115398543446835
tirex,monash_electricity_hourly,Electricity,primary,energy,1H,24,undocumented,source_family,Emb,0,block_depth,0.0,0.0,embedding,0.2980256974697113,0.3616302529819139,0.33440811533964315,0.3233558911460502,0.34598223980203385,1.839467327402021,459.4870159370441,0.1885290901762763,1e-05,False,False,6.924807893486781,0.013525015416966369,0.15695305385374472,0.8125547099156809
tirex,monash_electricity_hourly,Electricity,primary,energy,1H,24,undocumented,source_family,L1,1,block_depth,0.08333333333333333,0.08333333333333333,block,0.19967426359653473,0.2630292364886699,0.24798672706002498,0.2355261668648201,0.26143195329959157,1.3027012807041414,302.82396182085256,0.12424970461729656,10.0,False,False,11.797310594193176,0.023041622254283547,0.15695305385374472,0.8125547099156809
tirex,monash_electricity_hourly,Electricity,primary,energy,1H,24,undocumented,source_family,L2,2,block_depth,0.16666666666666666,0.16666666666666666,block,0.15366999804973602,0.21478057254589242,0.21821306608901678,0.20763182174840955,0.2302366222880553,1.1589166111450737,274.83222716613784,0.11276460039482564,0.1,False,False,14.82316427008388,0.02895149271500758,0.15695305385374472,0.8125547099156809
tirex,monash_electricity_hourly,Electricity,primary,energy,1H,24,undocumented,source_family,L3,3,block_depth,0.25,0.25,block,0.15809662640094757,0.19559095231176332,0.21289370038354669,0.20192963479527534,0.22499098409294285,1.1210150024538674,268.8077301224413,0.11029272870525998,3.0,False,False,17.82686659945552,0.034818098827061564,0.15695305385374472,0.8125547099156809
tirex,monash_electricity_hourly,Electricity,primary,energy,1H,24,undocumented,source_family,L4,4,block_depth,0.3333333333333333,0.3333333333333333,block,0.15147170424461365,0.18657876562526207,0.20366582496248128,0.19374286408201996,0.2148173307587627,1.0842633740561631,263.44919119134966,0.10809410190120841,3.0,False,False,21.811528667182635,0.042600641928091085,0.15695305385374472,0.8125547099156809
tirex,monash_electricity_hourly,Electricity,primary,energy,1H,24,undocumented,source_family,L5,5,block_depth,0.4166666666666667,0.4166666666666667,block,0.15547610819339752,0.19653545416720952,0.21378138559010193,0.20355147093122128,0.22530917109395485,1.1414484472906798,280.7060038860134,0.11517463102134601,10.0,False,False,26.23566632090276,0.0512415357830132,0.15695305385374472,0.8125547099156809
tirex,monash_electricity_hourly,Electricity,primary,energy,1H,24,undocumented,source_family,L6,6,block_depth,0.5,0.5,block,0.14283791184425354,0.20393119331534582,0.22517786809165058,0.21452928058774642,0.23758526292437587,1.2094343053297507,292.9463578394396,0.12019689000633377,3.0,False,False,34.03771882514524,0.0664799195803618,0.15695305385374472,0.8125547099156809
tirex,monash_electricity_hourly,Electricity,primary,energy,1H,24,undocumented,source_family,L7,7,block_depth,0.5833333333333334,0.5833333333333334,block,0.13896845281124115,0.21691093974896059,0.22182687889528638,0.21165740950360099,0.2332910277532371,1.1874469688577882,284.06246658408605,0.11655179911691836,3.0,False,False,39.41543065804314,0.07698326300399051,0.15695305385374472,0.8125547099156809
tirex,monash_electricity_hourly,Electricity,primary,energy,1H,24,undocumented,source_family,L8,8,block_depth,0.6666666666666666,0.6666666666666666,block,0.14306804537773132,0.18655069434005794,0.23145557408228176,0.2214784239411695,0.24241541464322508,1.2637333270462927,298.40327678221763,0.12243588246480312,10.0,False,False,35.55159197889154,0.06943670308377253,0.15695305385374472,0.8125547099156809
tirex,monash_electricity_hourly,Electricity,primary,energy,1H,24,undocumented,source_family,L9,9,block_depth,0.75,0.75,block,0.13774877786636353,0.16667397866267283,0.21377648128808,0.20319653351130038,0.22559351611896666,1.148696304687141,271.98552570907754,0.11159658907548817,10.0,False,False,39.32582303935037,0.07680824812373119,0.15695305385374472,0.8125547099156809
tirex,monash_electricity_hourly,Electricity,primary,energy,1H,24,undocumented,source_family,L10,10,block_depth,0.8333333333333334,0.8333333333333334,block,0.1292017251253128,0.14422153061582843,0.20237082595588596,0.19197604435972357,0.2138053027649929,1.0916683723105793,263.825699293836,0.10824858446011378,10.0,False,False,37.1995819064177,0.07265543341097207,0.15695305385374472,0.8125547099156809
tirex,monash_electricity_hourly,Electricity,primary,energy,1H,24,undocumented,source_family,L11,11,block_depth,0.9166666666666666,0.9166666666666666,block,0.12408818304538727,0.13197985607135387,0.19582654598332544,0.1852884280033239,0.20758360893188313,1.053176136798527,267.86453006684724,0.10990573050472821,10.0,True,False,28.974923327608753,0.056591647124235846,0.15695305385374472,0.8125547099156809
tirex,monash_electricity_hourly,Electricity,primary,energy,1H,24,undocumented,source_family,L12,12,block_depth,1.0,1.0,block,0.12009177356958389,0.13234535483856694,0.1871556334254396,0.17642171746048763,0.19936757241980035,1.002275322857329,247.93243997484504,0.1017275259417692,10.0,False,True,17.718970612144126,0.034607364476843996,0.15695305385374472,0.8125547099156809
tirex,uber_tlc_hourly,Uber TLC,primary,transport / ride demand,1H,24,undocumented,source_family,Emb,0,block_depth,0.0,0.0,embedding,0.3290551006793976,0.3143602962826044,0.41101558633034924,0.39504206898935024,0.42709294250483787,1.2050406363754882,8.37318973171962,0.4777873851319486,3.0,False,False,23.78572075658886,0.046456485852712615,0.2916763067122847,0.8021043372682952
tirex,uber_tlc_hourly,Uber TLC,primary,transport / ride demand,1H,24,undocumented,source_family,L1,1,block_depth,0.08333333333333333,0.08333333333333333,block,0.29510390758514404,0.2886404248366829,0.3923701708923087,0.3770566628709123,0.4082387537990505,1.1399514317335229,7.656729461081077,0.43690503441170336,1.0,False,False,28.465407007745426,0.055596498062002786,0.2916763067122847,0.8021043372682952
tirex,uber_tlc_hourly,Uber TLC,primary,transport / ride demand,1H,24,undocumented,source_family,L2,2,block_depth,0.16666666666666666,0.16666666666666666,block,0.28338974714279175,0.2784185347836891,0.3856169798816661,0.37030740402930395,0.4009064659515381,1.1185108154968615,7.429149249012438,0.42391894930961427,3.0,False,False,31.32525813037217,0.061182144785883144,0.2916763067122847,0.8021043372682952
tirex,uber_tlc_hourly,Uber TLC,primary,transport / ride demand,1H,24,undocumented,source_family,L3,3,block_depth,0.25,0.25,block,0.2775563895702362,0.2750082056514407,0.3885422444383379,0.373523841516776,0.40370209917376343,1.1286860891865937,7.432897507629009,0.42413283084587344,3.0,False,False,33.478769760120436,0.06538822218773523,0.2916763067122847,0.8021043372682952
tirex,uber_tlc_hourly,Uber TLC,primary,transport / ride demand,1H,24,undocumented,source_family,L4,4,block_depth,0.3333333333333333,0.3333333333333333,block,0.2767554223537445,0.2733555511066704,0.38063885090972177,0.3659176033878884,0.39541804203728054,1.1093531623756527,7.346605160001344,0.4192088536698001,10.0,False,False,36.134961231082,0.07057609615445704,0.2916763067122847,0.8021043372682952
tirex,uber_tlc_hourly,Uber TLC,primary,transport / ride demand,1H,24,undocumented,source_family,L5,5,block_depth,0.4166666666666667,0.4166666666666667,block,0.2696551978588104,0.27321022487323704,0.36276749433338185,0.34921718704308036,0.37653209792897957,1.058380465455208,6.819817391318842,0.38914951444751594,10.0,False,False,40.9088140791783,0.07990002749839512,0.2916763067122847,0.8021043372682952
tirex,uber_tlc_hourly,Uber TLC,primary,transport / ride demand,1H,24,undocumented,source_family,L6,6,block_depth,0.5,0.5,block,0.2669587731361389,0.27095649333116206,0.3574619089601604,0.34442310308795854,0.37078398104387383,1.0412302735425658,6.706156735099981,0.3826638585066899,10.0,False,False,45.729252454831155,0.0893149462008421,0.2916763067122847,0.8021043372682952
tirex,uber_tlc_hourly,Uber TLC,primary,transport / ride demand,1H,24,undocumented,source_family,L7,7,block_depth,0.5833333333333334,0.5833333333333334,block,0.26325440406799316,0.26808521694695675,0.33882677572146624,0.326363077277019,0.3514257680877104,0.9893802963850801,6.283245758826941,0.3585318925568872,10.0,False,False,45.05802703406867,0.08800395905091538,0.2916763067122847,0.8021043372682952
tirex,uber_tlc_hourly,Uber TLC,primary,transport / ride demand,1H,24,undocumented,source_family,L8,8,block_depth,0.6666666666666666,0.6666666666666666,block,0.26027926802635193,0.26247361612342696,0.33557363831303044,0.32326919902080514,0.3480321439107496,0.9783089157009295,6.2318115729130374,0.3555969769534464,10.0,False,False,42.09183003860003,0.08221060554414068,0.2916763067122847,0.8021043372682952
tirex,uber_tlc_hourly,Uber TLC,primary,transport / ride demand,1H,24,undocumented,source_family,L9,9,block_depth,0.75,0.75,block,0.2538014054298401,0.2575335037674158,0.32363043399883135,0.3115788138588848,0.3359428921639777,0.9379339349272988,5.671877199064398,0.3236462402690535,10.0,False,False,43.647472499690736,0.08524896972595847,0.2916763067122847,0.8021043372682952
tirex,uber_tlc_hourly,Uber TLC,primary,transport / ride demand,1H,24,undocumented,source_family,L10,10,block_depth,0.8333333333333334,0.8333333333333334,block,0.2491401880979538,0.25053292350800893,0.31565360818769184,0.30350118766588563,0.32772699584864534,0.9125800235212315,5.340241066933032,0.30472256058864844,10.0,True,False,41.14801204836833,0.0803672110319694,0.2916763067122847,0.8021043372682952
tirex,uber_tlc_hourly,Uber TLC,primary,transport / ride demand,1H,24,undocumented,source_family,L11,11,block_depth,0.9166666666666666,0.9166666666666666,block,0.2468544989824295,0.2446904920809369,0.31033468176788503,0.2981285067779929,0.32249517966282215,0.8889219354488324,5.176622049708105,0.2953862019365076,10.0,False,False,33.531434562258745,0.06549108312941161,0.2916763067122847,0.8021043372682952
tirex,uber_tlc_hourly,Uber TLC,primary,transport / ride demand,1H,24,undocumented,source_family,L12,12,block_depth,1.0,1.0,block,0.25054967403411865,0.24507532174919397,0.31094731308007967,0.2986080477892187,0.3234097411518362,0.8901264440760989,5.101952581884262,0.29112544457595263,10.0,False,True,2.5942585927864292,0.005066911314035995,0.2916763067122847,0.8021043372682952
tirex,wind_farms_hourly,Wind Farms,primary,renewable generation,1H,24,undocumented,source_family,Emb,0,block_depth,0.0,0.0,embedding,12.12675666809082,0.27440713289129826,0.7064455997355226,0.28199899287713076,1.530537613305505,5.0347968006551564,21.244551901874864,0.29151859643382916,30.0,False,False,12.906644328997656,0.025208289705073546,0.6029220399317262,4.29954133505581
tirex,wind_farms_hourly,Wind Farms,primary,renewable generation,1H,24,undocumented,source_family,L1,1,block_depth,0.08333333333333333,0.08333333333333333,block,12.087235450744629,0.25008746009064087,0.6629069071860259,0.23911444490228048,1.484736647657723,4.732927262415558,17.69447761218931,0.24280433411636307,3.0,False,False,18.903080199504434,0.0369200785146571,0.6029220399317262,4.29954133505581
tirex,wind_farms_hourly,Wind Farms,primary,renewable generation,1H,24,undocumented,source_family,L2,2,block_depth,0.16666666666666666,0.16666666666666666,block,12.078252792358398,0.23853186136893645,0.6526711485952935,0.22916927766801348,1.4737783885097044,4.664362594360149,16.805282305206134,0.2306027603178398,10.0,False,False,20.590079092863075,0.04021499822824819,0.6029220399317262,4.29954133505581
tirex,wind_farms_hourly,Wind Farms,primary,renewable generation,1H,24,undocumented,source_family,L3,3,block_depth,0.25,0.25,block,12.074997901916504,0.23845540949690888,0.6480717768835771,0.22444452713421398,1.4696930576410883,4.64575808647197,16.292247243680254,0.22356287255046506,10.0,False,False,22.68472456971849,0.044306102675231426,0.6029220399317262,4.29954133505581
tirex,wind_farms_hourly,Wind Farms,primary,renewable generation,1H,24,undocumented,source_family,L4,4,block_depth,0.3333333333333333,0.3333333333333333,block,12.069878578186035,0.24065442870989556,0.64529010512731,0.22209459805562523,1.4665975666512516,4.638324093643031,16.382284046138786,0.22479836117838872,10.0,False,False,26.750499788924913,0.05224706990024397,0.6029220399317262,4.29954133505581
tirex,wind_farms_hourly,Wind Farms,primary,renewable generation,1H,24,undocumented,source_family,L5,5,block_depth,0.4166666666666667,0.4166666666666667,block,12.060234069824219,0.24378766811218197,0.6493795365379512,0.22577985048290514,1.4708606365282542,4.669381511858005,16.635242479069973,0.22826946697835113,3.0,False,False,36.01584262239051,0.07034344262185646,0.6029220399317262,4.29954133505581
tirex,wind_farms_hourly,Wind Farms,primary,renewable generation,1H,24,undocumented,source_family,L6,6,block_depth,0.5,0.5,block,12.069684982299805,0.25380465279525244,0.6549893692846744,0.231504397815847,1.477493410237055,4.6983089451783755,17.0297042154106,0.2336822868041589,10.0,False,False,53.932724897434525,0.10533735331530181,0.6029220399317262,4.29954133505581
tirex,wind_farms_hourly,Wind Farms,primary,renewable generation,1H,24,undocumented,source_family,L7,7,block_depth,0.5833333333333334,0.5833333333333334,block,12.067669868469238,0.26128222529584444,0.658663063551804,0.23554469354962576,1.480602021843465,4.72861720326265,16.91477758710543,0.23210525898398454,10.0,False,False,74.25709404098349,0.14503338679879588,0.6029220399317262,4.29954133505581
tirex,wind_farms_hourly,Wind Farms,primary,renewable generation,1H,24,undocumented,source_family,L8,8,block_depth,0.6666666666666666,0.6666666666666666,block,12.056900978088379,0.25394549835046737,0.6605678639367564,0.2372740075607137,1.4825434517822733,4.730213113623193,16.979807406460726,0.23299760078306614,10.0,False,False,79.74693950990003,0.1557557412302735,0.6029220399317262,4.29954133505581
tirex,wind_farms_hourly,Wind Farms,primary,renewable generation,1H,24,undocumented,source_family,L9,9,block_depth,0.75,0.75,block,12.040178298950195,0.25435111127111293,0.6498257470537574,0.22647843646749372,1.471583162252578,4.666043379885228,16.65410060757957,0.22852823897692653,10.0,False,False,77.8690266447502,0.15208794266552775,0.6029220399317262,4.29954133505581
tirex,wind_farms_hourly,Wind Farms,primary,renewable generation,1H,24,undocumented,source_family,L10,10,block_depth,0.8333333333333334,0.8333333333333334,block,12.022782325744629,0.2514718093034875,0.6433935724554285,0.21965091050627378,1.4647693983590202,4.6212175260796755,16.044685149469355,0.2201658155276614,10.0,False,False,72.61105631892849,0.1418184693729072,0.6029220399317262,4.29954133505581
tirex,wind_farms_hourly,Wind Farms,primary,renewable generation,1H,24,undocumented,source_family,L11,11,block_depth,0.9166666666666666,0.9166666666666666,block,12.007448196411133,0.23852534241661544,0.6331813914544937,0.20909516407383025,1.4545442851761512,4.545649327878858,14.89407347705103,0.2043770758388676,10.0,True,False,60.235066977856405,0.11764661519112579,0.6029220399317262,4.29954133505581
tirex,wind_farms_hourly,Wind Farms,primary,renewable generation,1H,24,undocumented,source_family,L12,12,block_depth,1.0,1.0,block,12.008424758911133,0.23693052393505137,0.6298183433370281,0.20463181275959688,1.4521275570854286,4.519451173759044,14.538323963527699,0.19949546669298646,10.0,False,True,2.286849308525458,0.0044665025557137856,0.6029220399317262,4.29954133505581
tirex,sg_carpark,SG Carpark,primary,transport / parking,1H(agg),24,undocumented,source_family,Emb,0,block_depth,0.0,0.0,embedding,0.3060142397880554,0.3463093096884967,0.3067346266391924,0.29342817722761866,0.3215626935264106,1.5906552693136387,23.971054783997495,0.09373046627941684,3.0,False,False,5.206164336171199,0.010168289719084372,0.1323391604362224,0.6503373497883956
tirex,sg_carpark,SG Carpark,primary,transport / parking,1H(agg),24,undocumented,source_family,L1,1,block_depth,0.08333333333333333,0.08333333333333333,block,0.1865922212600708,0.23635990669329962,0.16879129719178557,0.1533960430196218,0.18637830842954586,0.8359653516592824,12.834864756968186,0.05018627128193742,0.3,False,False,9.495379484531208,0.018545663055725015,0.1323391604362224,0.6503373497883956
tirex,sg_carpark,SG Carpark,primary,transport / parking,1H(agg),24,undocumented,source_family,L2,2,block_depth,0.16666666666666666,0.16666666666666666,block,0.16858874261379242,0.21406641970835838,0.16522312974609898,0.1501849626454046,0.18204301339021678,0.8247801022414104,12.548679368531714,0.04906724293119443,1.0,False,False,12.047115755943253,0.023529522960826665,0.1323391604362224,0.6503373497883956
tirex,sg_carpark,SG Carpark,primary,transport / parking,1H(agg),24,undocumented,source_family,L3,3,block_depth,0.25,0.25,block,0.17760160565376282,0.20901472094116239,0.1636908324277502,0.14938884037178493,0.1799409453546639,0.8150103499093723,12.52763280614302,0.04898494767451728,10.0,False,False,14.522247144411454,0.02836376395392862,0.1323391604362224,0.6503373497883956
tirex,sg_carpark,SG Carpark,primary,transport / parking,1H(agg),24,undocumented,source_family,L4,4,block_depth,0.3333333333333333,0.3333333333333333,block,0.1663491129875183,0.2083130096858841,0.16342643667328155,0.14934852084481698,0.17932421340854401,0.8130595876286814,12.458278566978779,0.04871376206195683,10.0,False,False,18.45263469523318,0.0360403021391273,0.1323391604362224,0.6503373497883956
tirex,sg_carpark,SG Carpark,primary,transport / parking,1H(agg),24,undocumented,source_family,L5,5,block_depth,0.4166666666666667,0.4166666666666667,block,0.14791375398635864,0.20889428306349928,0.1619993829626148,0.14778836332603573,0.17801916033797766,0.8044773207769109,12.373810405872703,0.04838347871825004,3.0,False,False,23.92834979201548,0.04673505818753024,0.1323391604362224,0.6503373497883956
tirex,sg_carpark,SG Carpark,primary,transport / parking,1H(agg),24,undocumented,source_family,L6,6,block_depth,0.5,0.5,block,0.15048980712890625,0.206313352863499,0.1579663327837226,0.14281901028112504,0.17457636754307368,0.7853287180524543,11.91270767076632,0.046580496965728746,10.0,False,False,31.393822828699903,0.0613160602123045,0.1323391604362224,0.6503373497883956
tirex,sg_carpark,SG Carpark,primary,transport / parking,1H(agg),24,undocumented,source_family,L7,7,block_depth,0.5833333333333334,0.5833333333333334,block,0.14593598246574402,0.20434899727082523,0.15809392643892495,0.1429658896234518,0.17487357668499698,0.7801147165393864,11.777874635783823,0.04605327931291126,10.0,False,False,37.086669686103555,0.072434901730671,0.1323391604362224,0.6503373497883956
tirex,sg_carpark,SG Carpark,primary,transport / parking,1H(agg),24,undocumented,source_family,L8,8,block_depth,0.6666666666666666,0.6666666666666666,block,0.14368383586406708,0.19830726139710447,0.15498530294346272,0.1401065160115223,0.17179373591601593,0.7647875680017076,11.600664007845305,0.04536035883293998,10.0,False,False,34.54182505547373,0.06746450206147213,0.1323391604362224,0.6503373497883956
tirex,sg_carpark,SG Carpark,primary,transport / parking,1H(agg),24,undocumented,source_family,L9,9,block_depth,0.75,0.75,block,0.1412079632282257,0.18095117590605875,0.15096721604550625,0.13640407459694617,0.16745799665765487,0.7481344961147159,11.413881634642108,0.04463001137468799,10.0,False,False,37.87810937753772,0.07398068237800336,0.1323391604362224,0.6503373497883956
tirex,sg_carpark,SG Carpark,primary,transport / parking,1H(agg),24,undocumented,source_family,L10,10,block_depth,0.8333333333333334,0.8333333333333334,block,0.13695508241653442,0.16645301880556984,0.14752486278697596,0.13292147284689343,0.16408852481830466,0.7315008429703129,11.036687021204003,0.04315512312658137,10.0,False,False,36.08035416083918,0.07046944172038902,0.1323391604362224,0.6503373497883956
tirex,sg_carpark,SG Carpark,primary,transport / parking,1H(agg),24,undocumented,source_family,L11,11,block_depth,0.9166666666666666,0.9166666666666666,block,0.13414688408374786,0.15860996964666466,0.14360321535186915,0.1292706192292189,0.1601383014792566,0.7118036229916963,10.964239814454016,0.04287184354082652,10.0,True,False,27.802486899401025,0.05430173222539263,0.1323391604362224,0.6503373497883956
tirex,sg_carpark,SG Carpark,primary,transport / parking,1H(agg),24,undocumented,source_family,L12,12,block_depth,1.0,1.0,block,0.13198471069335938,0.1545171169616745,0.14538585999717482,0.13007280112975567,0.16248165469348305,0.7224079865074117,11.242235475375017,0.04395884881266691,10.0,False,True,16.47588993804163,0.032179472535237556,0.1323391604362224,0.6503373497883956
tirex,coastal_ts,Coastal T-S,primary,nature / oceanography,1H,24,undocumented,source_family,Emb,0,block_depth,0.0,0.0,embedding,0.44227221608161926,0.4735354433457057,0.4711358460287253,0.40999949077765147,0.5403828316523382,1.8079075136025675,0.4298221888472588,0.015189863590666155,65.0,False,False,7.043525963739454,0.013756886647928622,0.3444814778243502,1.1318211957477553
tirex,coastal_ts,Coastal T-S,primary,nature / oceanography,1H,24,undocumented,source_family,L1,1,block_depth,0.08333333333333333,0.08333333333333333,block,0.30700498819351196,0.3755366901556651,0.36580040693903965,0.3110671503896204,0.42618459459238994,1.2223645041102742,0.34287648573599144,0.012117213075352648,1.0,True,False,14.020214976769331,0.0273832323765026,0.3444814778243502,1.1318211957477553
tirex,coastal_ts,Coastal T-S,primary,nature / oceanography,1H,24,undocumented,source_family,L2,2,block_depth,0.16666666666666666,0.16666666666666666,block,0.32559800148010254,0.376939815779527,0.3548467089422047,0.3028127288018974,0.4105160858016461,1.1818101357176667,0.3241785728205607,0.011456431119499557,30.0,False,False,16.941943803912054,0.03308973399201573,0.3444814778243502,1.1318211957477553
tirex,coastal_ts,Coastal T-S,primary,nature / oceanography,1H,24,undocumented,source_family,L3,3,block_depth,0.25,0.25,block,0.3366677761077881,0.3846719165643056,0.3685470347603162,0.3188084870809689,0.42122366173813736,1.2563554148473492,0.3339735603358953,0.01180258478045698,45.0,False,False,18.977391672269693,0.037065218109901744,0.3444814778243502,1.1318211957477553
tirex,coastal_ts,Coastal T-S,primary,nature / oceanography,1H,24,undocumented,source_family,L4,4,block_depth,0.3333333333333333,0.3333333333333333,block,0.32312700152397156,0.3760111505786578,0.35810611583292484,0.30676661696440227,0.41205406869218375,1.2013915943912903,0.3276900047770464,0.011580524695426784,30.0,False,False,22.368115530146518,0.04368772564481742,0.3444814778243502,1.1318211957477553
tirex,coastal_ts,Coastal T-S,primary,nature / oceanography,1H,24,undocumented,source_family,L5,5,block_depth,0.4166666666666667,0.4166666666666667,block,0.3250748813152313,0.37549280856425565,0.3585676499642432,0.310393102451538,0.40852779827546326,1.21111913563475,0.32327304800631274,0.011424429983301171,30.0,False,False,27.91949654651783,0.05453026669241764,0.3444814778243502,1.1318211957477553
tirex,coastal_ts,Coastal T-S,primary,nature / oceanography,1H,24,undocumented,source_family,L6,6,block_depth,0.5,0.5,block,0.3252209722995758,0.37497375967601937,0.36265981492275995,0.3116467793278086,0.41378558236562335,1.2215770386446743,0.32113084869165326,0.011348724921491858,30.0,False,False,32.86749637329966,0.0641943288541009,0.3444814778243502,1.1318211957477553
tirex,coastal_ts,Coastal T-S,primary,nature / oceanography,1H,24,undocumented,source_family,L7,7,block_depth,0.5833333333333334,0.5833333333333334,block,0.32900798320770264,0.37892046306903165,0.37566579210882384,0.3260716219820703,0.4290991398699892,1.2830126313321524,0.33491196589798683,0.011835747918263152,30.0,False,False,40.08419996207755,0.07828945305093271,0.3444814778243502,1.1318211957477553
tirex,coastal_ts,Coastal T-S,primary,nature / oceanography,1H,24,undocumented,source_family,L8,8,block_depth,0.6666666666666666,0.6666666666666666,block,0.32606783509254456,0.37695753869290155,0.3630891290182869,0.3140173474947611,0.41495360303670165,1.2165882744245418,0.3260982595325554,0.011524272613141887,30.0,False,False,42.64284776270126,0.0832868120365259,0.3444814778243502,1.1318211957477553
tirex,coastal_ts,Coastal T-S,primary,nature / oceanography,1H,24,undocumented,source_family,L9,9,block_depth,0.75,0.75,block,0.32534119486808777,0.3658028704424699,0.3612222457304597,0.3088595252367668,0.41652724413434045,1.2231790183251126,0.3152492965557992,0.011140871588269078,30.0,False,False,43.546763223467565,0.08505227192083509,0.3444814778243502,1.1318211957477553
tirex,coastal_ts,Coastal T-S,primary,nature / oceanography,1H,24,undocumented,source_family,L10,10,block_depth,0.8333333333333334,0.8333333333333334,block,0.30860635638237,0.3749661923696597,0.36885298943767947,0.3183298087407214,0.42282258771592746,1.2446743760743662,0.32572751422507606,0.01151117051931422,10.0,False,False,45.15082430616702,0.08818520372298246,0.3444814778243502,1.1318211957477553
tirex,coastal_ts,Coastal T-S,primary,nature / oceanography,1H,24,undocumented,source_family,L11,11,block_depth,0.9166666666666666,0.9166666666666666,block,0.3080922067165375,0.3747719529395302,0.36780308466404676,0.3168981449872566,0.4217313856390925,1.2396473682991151,0.319868317023039,0.011304107206718733,10.0,False,False,37.814935992962695,0.07385729686125526,0.3444814778243502,1.1318211957477553
tirex,coastal_ts,Coastal T-S,primary,nature / oceanography,1H,24,undocumented,source_family,L12,12,block_depth,1.0,1.0,block,0.32259508967399597,0.37509053309137624,0.37204193308328587,0.3146508142274494,0.43433682321726036,1.2736026063996018,0.321142017660206,0.011349119631474652,30.0,False,True,4.151467475865394,0.008108334913799599,0.3444814778243502,1.1318211957477553
tirex,boom_hourly,BOOM,primary,cloud observability,1H,24,undocumented,source_family,Emb,0,block_depth,0.0,0.0,embedding,10.873405456542969,0.2296758735668188,0.28275022286353474,0.2352514507619948,0.3450431866569991,1.4130890621779866,0.4786849230945323,0.5882415035064414,3.0,False,False,15.955073549116905,0.031162253025618956,0.2117686270866714,0.9384848774585556
tirex,boom_hourly,BOOM,primary,cloud observability,1H,24,undocumented,source_family,L1,1,block_depth,0.08333333333333333,0.08333333333333333,block,10.840283393859863,0.19196318001565288,0.24575191479449893,0.1971833567390229,0.3097172463734997,1.1852361217791416,0.38039428172296763,0.46745509083389647,10.0,False,False,20.268959031202535,0.03958781060781745,0.2117686270866714,0.9384848774585556
tirex,boom_hourly,BOOM,primary,cloud observability,1H,24,undocumented,source_family,L2,2,block_depth,0.16666666666666666,0.16666666666666666,block,10.836142539978027,0.1945643031780245,0.24470760624350632,0.196667338513222,0.3086479792003072,1.172257652550855,0.3777515402283866,0.46420750530289323,10.0,False,False,22.83509079144171,0.04459978670203459,0.2117686270866714,0.9384848774585556
tirex,boom_hourly,BOOM,primary,cloud observability,1H,24,undocumented,source_family,L3,3,block_depth,0.25,0.25,block,10.834330558776855,0.19591741070761687,0.24766174328150387,0.19977088498285744,0.3117016027642066,1.1834940240474774,0.3785281989483913,0.46516191784259364,10.0,False,False,26.269602183784723,0.05130781676520454,0.2117686270866714,0.9384848774585556
tirex,boom_hourly,BOOM,primary,cloud observability,1H,24,undocumented,source_family,L4,4,block_depth,0.3333333333333333,0.3333333333333333,block,10.831568717956543,0.20261339493895655,0.24907630664627936,0.20129150110612606,0.3131379952349063,1.203981818273078,0.3793977728782035,0.4662305110888065,10.0,False,False,31.247162558977482,0.061029614373002895,0.2117686270866714,0.9384848774585556
tirex,boom_hourly,BOOM,primary,cloud observability,1H,24,undocumented,source_family,L5,5,block_depth,0.4166666666666667,0.4166666666666667,block,10.829227447509766,0.2028966763209404,0.24961493106948285,0.20180140661949156,0.31312613928779987,1.2024704948900578,0.38150227908859713,0.4688166754687866,10.0,False,False,39.43818533158164,0.0770277057257454,0.2117686270866714,0.9384848774585556
tirex,boom_hourly,BOOM,primary,cloud observability,1H,24,undocumented,source_family,L6,6,block_depth,0.5,0.5,block,10.828633308410645,0.20623000290265864,0.2507860773942817,0.20310091377159656,0.3142624637255403,1.2188228851492715,0.38922534988686835,0.4783073248685894,10.0,False,False,50.080903317028266,0.09781426429107083,0.2117686270866714,0.9384848774585556
tirex,boom_hourly,BOOM,primary,cloud observability,1H,24,undocumented,source_family,L7,7,block_depth,0.5833333333333334,0.5833333333333334,block,10.827848434448242,0.20881187961052702,0.2550101637219389,0.20748601704664887,0.3183557578546684,1.2397301008229078,0.39851541853429107,0.4897236107910912,10.0,False,False,58.91409071360955,0.11506658342501866,0.2117686270866714,0.9384848774585556
tirex,boom_hourly,BOOM,primary,cloud observability,1H,24,undocumented,source_family,L8,8,block_depth,0.6666666666666666,0.6666666666666666,block,10.826865196228027,0.20386676879147184,0.25259351779280576,0.20501394040322216,0.31580652685120364,1.2230354773047847,0.39725354067318486,0.48817292704392,10.0,False,False,62.662147023427174,0.1223870059051312,0.2117686270866714,0.9384848774585556
tirex,boom_hourly,BOOM,primary,cloud observability,1H,24,undocumented,source_family,L9,9,block_depth,0.75,0.75,block,10.825642585754395,0.20251686546930486,0.25032896751611583,0.2030759301035281,0.3137318222217872,1.203541169531766,0.39285428667490946,0.48276681613170896,10.0,True,False,63.66731091504362,0.12435021663094457,0.2117686270866714,0.9384848774585556
tirex,boom_hourly,BOOM,primary,cloud observability,1H,24,undocumented,source_family,L10,10,block_depth,0.8333333333333334,0.8333333333333334,block,10.824185371398926,0.20161729491194763,0.246678812645039,0.19912565976149785,0.31017283779689986,1.1818416499454765,0.39549262381113404,0.48600898927920777,10.0,False,False,63.69180092126719,0.12439804867434998,0.2117686270866714,0.9384848774585556
tirex,boom_hourly,BOOM,primary,cloud observability,1H,24,undocumented,source_family,L11,11,block_depth,0.9166666666666666,0.9166666666666666,block,10.82150650024414,0.19501878269606054,0.2435680090076169,0.1958712910895241,0.3067614155742576,1.1591133589456173,0.38650140051999377,0.4749599454259966,10.0,False,False,55.5156671012826,0.10842903730719258,0.2117686270866714,0.9384848774585556
tirex,boom_hourly,BOOM,primary,cloud observability,1H,24,undocumented,source_family,L12,12,block_depth,1.0,1.0,block,10.825589179992676,0.19402137680747414,0.24319216765800103,0.19504670785703185,0.3066062444735497,1.1709595470746688,0.38935807782995224,0.4784704302454879,10.0,False,True,1.7129007837698187,0.003345509343300427,0.2117686270866714,0.9384848774585556
tirex,LOOP_SEATTLE_5T,Loop Seattle,primary,road speed,5min,288,undocumented,source_family,Emb,0,block_depth,0.0,0.0,embedding,0.3918388783931732,0.37326609499695645,0.29606410093207397,0.2774747891074317,0.31502939923701956,1.1426768427120273,5.1741636426325455,0.08668076953118493,65.0,False,False,8.705273848283419,0.017002487984928552,0.2877843820468615,1.20304473467509
tirex,LOOP_SEATTLE_5T,Loop Seattle,primary,road speed,5min,288,undocumented,source_family,L1,1,block_depth,0.08333333333333333,0.08333333333333333,block,0.3835687041282654,0.3837557199432422,0.3145703932426813,0.29682210598084086,0.3331006717989008,1.2418989724223883,5.583714851069004,0.09354182309686554,65.0,False,False,16.16100644537853,0.03156446571362994,0.2877843820468615,1.20304473467509
tirex,LOOP_SEATTLE_5T,Loop Seattle,primary,road speed,5min,288,undocumented,source_family,L2,2,block_depth,0.16666666666666666,0.16666666666666666,block,0.38171952962875366,0.3814708101385422,0.3056130794850925,0.2886160488069797,0.3238587325062062,1.201281656985669,5.395077314739388,0.09038165114621599,65.0,False,False,19.270960189974577,0.037638594121044096,0.2877843820468615,1.20304473467509
tirex,LOOP_SEATTLE_5T,Loop Seattle,primary,road speed,5min,288,undocumented,source_family,L3,3,block_depth,0.25,0.25,block,0.3800812065601349,0.38139890449988934,0.30128554840579286,0.28448965020037,0.31902706388682694,1.1801352698167116,5.290786022544278,0.08863449931893551,65.0,False,False,20.40966482144585,0.03986262660438643,0.2877843820468615,1.20304473467509
tirex,LOOP_SEATTLE_5T,Loop Seattle,primary,road speed,5min,288,undocumented,source_family,L4,4,block_depth,0.3333333333333333,0.3333333333333333,block,0.3834683895111084,0.3763098739912264,0.29613053289647323,0.27997372320263103,0.31351943848910563,1.1722569309677284,5.241183417324939,0.08780352598911322,90.0,False,False,23.04741506014554,0.045014482539346756,0.2877843820468615,1.20304473467509
tirex,LOOP_SEATTLE_5T,Loop Seattle,primary,road speed,5min,288,undocumented,source_family,L5,5,block_depth,0.4166666666666667,0.4166666666666667,block,0.3668785095214844,0.3627956527505667,0.25745468299466234,0.24155501905892698,0.27469797030709797,1.0154788692908843,4.535933227466087,0.0759887413415452,90.0,False,False,27.318031876144346,0.053355531008094426,0.2877843820468615,1.20304473467509
tirex,LOOP_SEATTLE_5T,Loop Seattle,primary,road speed,5min,288,undocumented,source_family,L6,6,block_depth,0.5,0.5,block,0.34188517928123474,0.3538211006813377,0.2463901855677139,0.23008371890799803,0.26364486455448144,0.9623438864147746,4.289172025748103,0.0718548460238331,45.0,False,False,31.83274861641309,0.06217333714143182,0.2877843820468615,1.20304473467509
tirex,LOOP_SEATTLE_5T,Loop Seattle,primary,road speed,5min,288,undocumented,source_family,L7,7,block_depth,0.5833333333333334,0.5833333333333334,block,0.3560098707675934,0.3482012588616091,0.24054416466703396,0.2244469359001671,0.25853623579369983,0.943046810677222,4.187354915444804,0.07014914321230757,90.0,False,False,36.380142885916996,0.07105496657405663,0.2877843820468615,1.20304473467509
tirex,LOOP_SEATTLE_5T,Loop Seattle,primary,road speed,5min,288,undocumented,source_family,L8,8,block_depth,0.6666666666666666,0.6666666666666666,block,0.3493090271949768,0.34046883070628153,0.24587386173999493,0.22989013804236555,0.26388945031221533,0.9732664000451307,4.321057223686246,0.07238900645725267,90.0,False,False,40.0660010686281,0.07825390833716425,0.2877843820468615,1.20304473467509
tirex,LOOP_SEATTLE_5T,Loop Seattle,primary,road speed,5min,288,undocumented,source_family,L9,9,block_depth,0.75,0.75,block,0.3239702880382538,0.3403656810294581,0.2649933233686531,0.24714086290079218,0.2837792610977101,1.0845765823983753,4.759035691562948,0.07972629094528756,30.0,False,False,42.80432161545907,0.08360219065519349,0.2877843820468615,1.20304473467509
tirex,LOOP_SEATTLE_5T,Loop Seattle,primary,road speed,5min,288,undocumented,source_family,L10,10,block_depth,0.8333333333333334,0.8333333333333334,block,0.32235220074653625,0.3300174100480917,0.26052214139859187,0.24181327366675356,0.2803166637104716,1.0594699671242742,4.705226075442357,0.07882483918309757,30.0,True,False,43.91340635831194,0.085768371793578,0.2877843820468615,1.20304473467509
tirex,LOOP_SEATTLE_5T,Loop Seattle,primary,road speed,5min,288,undocumented,source_family,L11,11,block_depth,0.9166666666666666,0.9166666666666666,block,0.3334735929965973,0.32150976993996677,0.26370604805477704,0.24433390728006038,0.28402050151951785,1.0726314811486881,4.765154689159348,0.07982880015393438,65.0,False,False,36.58171321994016,0.07144865863269563,0.2877843820468615,1.20304473467509
tirex,LOOP_SEATTLE_5T,Loop Seattle,primary,road speed,5min,288,undocumented,source_family,L12,12,block_depth,1.0,1.0,block,0.33160635828971863,0.3224195958833203,0.26744812759677417,0.24775685529750663,0.2881468534362965,1.0984091683692896,4.874783260903435,0.08166536536866487,65.0,False,True,3.491379285756986,0.006819100167494113,0.2877843820468615,1.20304473467509
tirex,electricity_15min,Electricity 15min,control,energy,15min,96,undocumented,source_family,Emb,0,block_depth,0.0,0.0,embedding,0.36384302377700806,0.41308139133771865,0.3654285166554779,0.34334426447180394,0.39198671553767367,1.945536300059543,123.74304259552073,0.20762776997942534,3.0,False,False,6.028283411426566,0.011773991037942511,0.22903214303602443,1.2409612395737233
tirex,electricity_15min,Electricity 15min,control,energy,15min,96,undocumented,source_family,L1,1,block_depth,0.08333333333333333,0.08333333333333333,block,0.20198428630828857,0.23173539314902467,0.2768118759432367,0.2549212460214173,0.30152720282252393,1.5000582243505334,111.91466742944077,0.1877810044021411,1e-05,False,False,14.437817651567306,0.028198862600717394,0.22903214303602443,1.2409612395737233
tirex,electricity_15min,Electricity 15min,control,energy,15min,96,undocumented,source_family,L2,2,block_depth,0.16666666666666666,0.16666666666666666,block,0.18190231919288635,0.20891821768333893,0.26053634905860623,0.2396777467695527,0.284684234007283,1.3944426094186129,103.35254182599456,0.1734146609856618,1.0,False,False,17.889597757385935,0.034940620619894405,0.22903214303602443,1.2409612395737233
tirex,electricity_15min,Electricity 15min,control,energy,15min,96,undocumented,source_family,L3,3,block_depth,0.25,0.25,block,0.18297423422336578,0.20838364572015428,0.26029054047042177,0.23838098466268362,0.28448635489530577,1.403097158955432,101.47001030534241,0.17025597171028486,3.0,False,False,20.514084941943665,0.04006657215223372,0.22903214303602443,1.2409612395737233
tirex,electricity_15min,Electricity 15min,control,energy,15min,96,undocumented,source_family,L4,4,block_depth,0.3333333333333333,0.3333333333333333,block,0.17157846689224243,0.1954375772616108,0.2500068590272474,0.22885955912167677,0.27383292291299194,1.3534435075779636,97.16317468659467,0.16302955593423604,3.0,False,False,23.5443698009206,0.045985097267423045,0.22903214303602443,1.2409612395737233
tirex,electricity_15min,Electricity 15min,control,energy,15min,96,undocumented,source_family,L5,5,block_depth,0.4166666666666667,0.4166666666666667,block,0.16766256093978882,0.20036217403946488,0.2490149244438601,0.22836372828722457,0.2726778716360794,1.346642408545512,99.25463718849645,0.16653880935291004,3.0,False,False,27.62021438139524,0.05394573121366258,0.22903214303602443,1.2409612395737233
tirex,electricity_15min,Electricity 15min,control,energy,15min,96,undocumented,source_family,L6,6,block_depth,0.5,0.5,block,0.16953858733177185,0.20892558317944293,0.24678771550418765,0.2256823111638313,0.27053159044856445,1.3274363892884493,95.16989181965009,0.1596850375845888,10.0,False,False,31.05017426309914,0.06064487160761551,0.22903214303602443,1.2409612395737233
tirex,electricity_15min,Electricity 15min,control,energy,15min,96,undocumented,source_family,L7,7,block_depth,0.5833333333333334,0.5833333333333334,block,0.16629746556282043,0.20775647017791982,0.2564692865516848,0.2351046375574843,0.2803882981742952,1.3730103124410165,95.42457790119548,0.16011237395879543,10.0,False,False,35.81614347915348,0.06995340523272164,0.22903214303602443,1.2409612395737233
tirex,electricity_15min,Electricity 15min,control,energy,15min,96,undocumented,source_family,L8,8,block_depth,0.6666666666666666,0.6666666666666666,block,0.16074208915233612,0.19413421937186298,0.26509687335777826,0.2443003399297595,0.28867484221718354,1.4175969646800337,96.74948220810954,0.1623354236019166,10.0,False,False,33.568750170038754,0.06556396517585694,0.22903214303602443,1.2409612395737233
tirex,electricity_15min,Electricity 15min,control,energy,15min,96,undocumented,source_family,L9,9,block_depth,0.75,0.75,block,0.15269538760185242,0.18735821003392908,0.25918897107698535,0.23834478166025444,0.28333103997590203,1.3920653728215842,93.36798873384903,0.156661634316198,10.0,False,False,34.49999388632722,0.06738280055923285,0.22903214303602443,1.2409612395737233
tirex,electricity_15min,Electricity 15min,control,energy,15min,96,undocumented,source_family,L10,10,block_depth,0.8333333333333334,0.8333333333333334,block,0.1490669697523117,0.17761933216327475,0.2524597727842913,0.23121795917022261,0.27671739706087084,1.3656056089125663,89.594906091827,0.15033079972154686,10.0,True,False,33.991396647221215,0.06638944657660394,0.22903214303602443,1.2409612395737233
tirex,electricity_15min,Electricity 15min,control,energy,15min,96,undocumented,source_family,L11,11,block_depth,0.9166666666666666,0.9166666666666666,block,0.14039045572280884,0.1738401337576504,0.2483322650961976,0.22708578539820287,0.27220707148711637,1.3431169888940628,84.46615935207431,0.14172530380009257,3.0,False,False,32.58928854972,0.06365095419867188,0.22903214303602443,1.2409612395737233
tirex,electricity_15min,Electricity 15min,control,energy,15min,96,undocumented,source_family,L12,12,block_depth,1.0,1.0,block,0.1435832977294922,0.17475306012362013,0.24398353230919093,0.22209021516485525,0.2683426381028364,1.3177656853156792,84.41656713261949,0.14164209328806895,10.0,False,True,12.939986148054372,0.025273410445418695,0.22903214303602443,1.2409612395737233
tirex,SZ_TAXI_15T,SZ Taxi,primary,road speed,15min,96,undocumented,source_family,Emb,0,block_depth,0.0,0.0,embedding,0.3638719320297241,0.3723507313869702,0.41306218571769887,0.38436354050556054,0.4483406848178651,0.8451613204418991,2.9453533681151574,0.27247208259281724,30.0,True,False,23.462066476263924,0.04582434858645298,0.3746764618330277,0.7665431299304459
tirex,SZ_TAXI_15T,SZ Taxi,primary,road speed,15min,96,undocumented,source_family,L1,1,block_depth,0.08333333333333333,0.08333333333333333,block,0.3408972918987274,0.36899878648229134,0.4043046543613458,0.3770610565080857,0.4377638527550376,0.8263973275890711,2.871266743188478,0.2656183932513026,10.0,False,False,30.314662631635155,0.05920832545241241,0.3746764618330277,0.7665431299304459
tirex,SZ_TAXI_15T,SZ Taxi,primary,road speed,15min,96,undocumented,source_family,L2,2,block_depth,0.16666666666666666,0.16666666666666666,block,0.3468804955482483,0.36853192589030814,0.4060718048459444,0.3766832281739857,0.4417360886740379,0.8300077085993476,2.8623367503735833,0.2647922873700343,65.0,False,False,33.967354411839125,0.06634248908562329,0.3746764618330277,0.7665431299304459
tirex,SZ_TAXI_15T,SZ Taxi,primary,road speed,15min,96,undocumented,source_family,L3,3,block_depth,0.25,0.25,block,0.3373902142047882,0.36684501610505277,0.40405716479588777,0.37541347927151203,0.43940094841930727,0.8252895424855391,2.8408693991626923,0.26280636134991603,45.0,False,False,39.631245732135426,0.077404776820577,0.3746764618330277,0.7665431299304459
tirex,SZ_TAXI_15T,SZ Taxi,primary,road speed,15min,96,undocumented,source_family,L4,4,block_depth,0.3333333333333333,0.3333333333333333,block,0.32930228114128113,0.36317940548253363,0.40396085314643687,0.3759106400040671,0.43893198648419895,0.8251962748873134,2.84581625019601,0.2632639902435883,45.0,False,False,46.72396329670408,0.09125774081387515,0.3746764618330277,0.7665431299304459
tirex,SZ_TAXI_15T,SZ Taxi,primary,road speed,15min,96,undocumented,source_family,L5,5,block_depth,0.4166666666666667,0.4166666666666667,block,0.33083102107048035,0.36289363789061707,0.4022311209104,0.3736209775822667,0.4376214190505636,0.8213992837963631,2.82668434022353,0.26149411386453913,65.0,False,False,54.33363318000648,0.10612037730470016,0.3746764618330277,0.7665431299304459
tirex,SZ_TAXI_15T,SZ Taxi,primary,road speed,15min,96,undocumented,source_family,L6,6,block_depth,0.5,0.5,block,0.3271580636501312,0.361840701303803,0.39780845216069466,0.36983686554221773,0.43256679233879997,0.8118962872351891,2.8055428934536395,0.25953833698127043,65.0,False,False,61.729895132740154,0.12056620143113311,0.3746764618330277,0.7665431299304459
tirex,SZ_TAXI_15T,SZ Taxi,primary,road speed,15min,96,undocumented,source_family,L7,7,block_depth,0.5833333333333334,0.5833333333333334,block,0.3277198374271393,0.36083059614667523,0.3981770801429565,0.3707622892366579,0.4321991038843034,0.8126142865836339,2.8124966218304204,0.26018162035538683,65.0,False,False,65.27046405581301,0.12748137510900978,0.3746764618330277,0.7665431299304459
tirex,SZ_TAXI_15T,SZ Taxi,primary,road speed,15min,96,undocumented,source_family,L8,8,block_depth,0.6666666666666666,0.6666666666666666,block,0.322252094745636,0.3582356675313069,0.39540514732018495,0.3686527062350741,0.4283137125034745,0.8073276148079623,2.7957273480629237,0.25863030940015064,45.0,False,False,68.90501910838503,0.13458011544606452,0.3746764618330277,0.7665431299304459
tirex,SZ_TAXI_15T,SZ Taxi,primary,road speed,15min,96,undocumented,source_family,L9,9,block_depth,0.75,0.75,block,0.3259281814098358,0.35757147463468403,0.3957408285484864,0.3687946001067758,0.4289731353569107,0.8081958651063665,2.791498886526913,0.2582391380950866,65.0,False,False,75.51410868861831,0.14748849353245763,0.3746764618330277,0.7665431299304459
tirex,SZ_TAXI_15T,SZ Taxi,primary,road speed,15min,96,undocumented,source_family,L10,10,block_depth,0.8333333333333334,0.8333333333333334,block,0.3249874711036682,0.3572512788172716,0.3965416761736075,0.36886203402223494,0.43071046854870826,0.8095040888253298,2.7922047600516517,0.2583044378419403,65.0,False,False,77.67583371855312,0.15171061273154907,0.3746764618330277,0.7665431299304459
tirex,SZ_TAXI_15T,SZ Taxi,primary,road speed,15min,96,undocumented,source_family,L11,11,block_depth,0.9166666666666666,0.9166666666666666,block,0.3194665312767029,0.3557830212207941,0.3946676600055817,0.36742033544593516,0.42800882240661825,0.8055279075997563,2.786280778896431,0.25775641548914646,45.0,False,False,72.31017599641875,0.14123081249300537,0.3746764618330277,0.7665431299304459
tirex,SZ_TAXI_15T,SZ Taxi,primary,road speed,15min,96,undocumented,source_family,L12,12,block_depth,1.0,1.0,block,0.3202930986881256,0.35531716488110715,0.3928501586883496,0.3654862087076673,0.42656485543419154,0.8016321283550851,2.77401285179399,0.2566215202053123,45.0,False,True,7.336983380082544,0.014330045664223719,0.3746764618330277,0.7665431299304459
tirex,monash_london_smart_meters,London Smart Meters,primary,residential energy,30min,48,undocumented,source_family,Emb,0,block_depth,0.0,0.0,embedding,0.3026188611984253,0.3419243889284953,0.30072369776268043,0.28048864043786953,0.32563200851667756,1.0524651271143595,0.11439093739860443,0.556465220916667,1.0,False,False,21.304390884923933,0.04161013844711706,0.22818664303458233,0.7783848242617092
tirex,monash_london_smart_meters,London Smart Meters,primary,residential energy,30min,48,undocumented,source_family,L1,1,block_depth,0.08333333333333333,0.08333333333333333,block,0.2699669599533081,0.31793869157385735,0.2722881718304094,0.2527083872284257,0.297066397361372,0.9500124020788313,0.10351292058763625,0.5035481090762628,3.0,False,False,27.793482834468296,0.05428414616107089,0.22818664303458233,0.7783848242617092
tirex,monash_london_smart_meters,London Smart Meters,primary,residential energy,30min,48,undocumented,source_family,L2,2,block_depth,0.16666666666666666,0.16666666666666666,block,0.2612874209880829,0.30911973587998,0.26144747480124464,0.24200768050567054,0.2864566501873396,0.9109896461528776,0.09999191400485086,0.48641984917651815,10.0,False,False,33.05296349550226,0.06455656932715285,0.22818664303458233,0.7783848242617092
tirex,monash_london_smart_meters,London Smart Meters,primary,residential energy,30min,48,undocumented,source_family,L3,3,block_depth,0.25,0.25,block,0.2548847794532776,0.30507854059452316,0.25829297278559843,0.23901846568803978,0.28325925012339503,0.898802943445585,0.09908171947179688,0.4819921242760034,10.0,False,False,40.3005813909552,0.07871207302920938,0.22818664303458233,0.7783848242617092
tirex,monash_london_smart_meters,London Smart Meters,primary,residential energy,30min,48,undocumented,source_family,L4,4,block_depth,0.3333333333333333,0.3333333333333333,block,0.2513749897480011,0.30480649728925174,0.25899963006945964,0.2396518242652066,0.2840472179507652,0.9046909548733254,0.09944155024117458,0.4837425541013719,10.0,False,False,48.620950151417254,0.09496279326448683,0.22818664303458233,0.7783848242617092
tirex,monash_london_smart_meters,London Smart Meters,primary,residential energy,30min,48,undocumented,source_family,L5,5,block_depth,0.4166666666666667,0.4166666666666667,block,0.25604134798049927,0.30581220803881876,0.2596154090102392,0.24001163595164096,0.2846472354143687,0.9044652722264453,0.09952722312359419,0.48415931770630743,30.0,False,False,57.1707269524502,0.1116615760790043,0.22818664303458233,0.7783848242617092
tirex,monash_london_smart_meters,London Smart Meters,primary,residential energy,30min,48,undocumented,source_family,L6,6,block_depth,0.5,0.5,block,0.2488069236278534,0.3063810659956386,0.2614003739511694,0.24194507097526816,0.2863514617974123,0.9125546088153473,0.10016623053391825,0.48726782794181933,10.0,False,False,61.90265572997279,0.12090362447260311,0.22818664303458233,0.7783848242617092
tirex,monash_london_smart_meters,London Smart Meters,primary,residential energy,30min,48,undocumented,source_family,L7,7,block_depth,0.5833333333333334,0.5833333333333334,block,0.24878321588039398,0.3056905303463226,0.26035889408743107,0.2410482971033238,0.2852489623084721,0.9083958955319181,0.09978397434213701,0.4854083075895636,10.0,False,False,65.49739172983328,0.12792459322233063,0.22818664303458233,0.7783848242617092
tirex,monash_london_smart_meters,London Smart Meters,primary,residential energy,30min,48,undocumented,source_family,L8,8,block_depth,0.6666666666666666,0.6666666666666666,block,0.24726471304893494,0.30087721700431735,0.25671808057613954,0.23732875292935898,0.281536410073572,0.8940068060592519,0.09812552562536735,0.47734063149088474,10.0,True,False,62.97155902001492,0.12299132621096664,0.22818664303458233,0.7783848242617092
tirex,monash_london_smart_meters,London Smart Meters,primary,residential energy,30min,48,undocumented,source_family,L9,9,block_depth,0.75,0.75,block,0.25276967883110046,0.2989749689906381,0.2540831859330185,0.2346027034157105,0.27879833946473725,0.8842134853639861,0.09735008063617323,0.47356840812220125,30.0,False,False,65.96592765658932,0.128839702454276,0.22818664303458233,0.7783848242617092
tirex,monash_london_smart_meters,London Smart Meters,primary,residential energy,30min,48,undocumented,source_family,L10,10,block_depth,0.8333333333333334,0.8333333333333334,block,0.24963881075382233,0.29585064051829224,0.25273874291140613,0.23314190905199933,0.2776487147108517,0.8783018281825844,0.09708919850998131,0.47229932305929334,30.0,False,False,65.60373239950611,0.12813228984278538,0.22818664303458233,0.7783848242617092
tirex,monash_london_smart_meters,London Smart Meters,primary,residential energy,30min,48,undocumented,source_family,L11,11,block_depth,0.9166666666666666,0.9166666666666666,block,0.2397288829088211,0.29107990660455846,0.24650548028809424,0.22735486457636225,0.2707795855489681,0.8547141261714416,0.09412152901026773,0.4578628222199715,10.0,False,False,61.19366809113281,0.11951888299049376,0.22818664303458233,0.7783848242617092
tirex,monash_london_smart_meters,London Smart Meters,primary,residential energy,30min,48,undocumented,source_family,L12,12,block_depth,1.0,1.0,block,0.23801350593566895,0.2881610104458705,0.24394380996529838,0.22465504999627994,0.2683736905398715,0.8522492571086909,0.092672213875969,0.4508124956405579,10.0,False,True,9.489943730382596,0.018535046348403507,0.22818664303458233,0.7783848242617092
tirex,m5,M5,primary,retail,1D,7,explicitly_held_out,benchmark_exclusion,Emb,0,block_depth,0.0,0.0,embedding,0.31733787059783936,0.3323607964953052,0.3576840997908179,0.3368281397026544,0.37969678099167653,1.0920025436944207,1.0698273318118536,0.7594134526857882,30.0,True,False,24.565009164544325,0.047978533524500634,0.3313146344464244,0.9941386830111403
tirex,m5,M5,primary,retail,1D,7,explicitly_held_out,benchmark_exclusion,L1,1,block_depth,0.08333333333333333,0.08333333333333333,block,0.3088027238845825,0.33011599520633694,0.35417343870885953,0.3338822330006946,0.3758502761659191,1.0731110760067881,1.0569368075936678,0.7502631559861486,10.0,False,False,27.43159993380569,0.053577343620714236,0.3313146344464244,0.9941386830111403
tirex,m5,M5,primary,retail,1D,7,explicitly_held_out,benchmark_exclusion,L2,2,block_depth,0.16666666666666666,0.16666666666666666,block,0.3087156116962433,0.3276142703994881,0.3532084380169861,0.3323989243833135,0.37538117388448183,1.0718125015320985,1.0591624692755035,0.7518430346937254,30.0,False,False,29.19766528820719,0.05702669001602967,0.3313146344464244,0.9941386830111403
tirex,m5,M5,primary,retail,1D,7,explicitly_held_out,benchmark_exclusion,L3,3,block_depth,0.25,0.25,block,0.30688607692718506,0.3272481329724875,0.3530935201196725,0.3322944313262853,0.37516436710320983,1.07092357055521,1.0639561613692325,0.7552458214386162,30.0,False,False,33.209646152469794,0.06486259014154257,0.3313146344464244,0.9941386830111403
tirex,m5,M5,primary,retail,1D,7,explicitly_held_out,benchmark_exclusion,L4,4,block_depth,0.3333333333333333,0.3333333333333333,block,0.3051547706127167,0.32560908114039944,0.3509160589696911,0.33014706889494455,0.37305460674652674,1.0645150238391201,1.057717701258596,0.7508174708149342,30.0,False,False,37.28852645023839,0.07282915322312186,0.3313146344464244,0.9941386830111403
tirex,m5,M5,primary,retail,1D,7,explicitly_held_out,benchmark_exclusion,L5,5,block_depth,0.4166666666666667,0.4166666666666667,block,0.30305251479148865,0.32462485042180267,0.3505987243030135,0.32964095288446843,0.3725769692534253,1.0649379191157986,1.0626654230390575,0.7543295950320876,30.0,False,False,43.04705306599752,0.0840762755195264,0.3313146344464244,0.9941386830111403
tirex,m5,M5,primary,retail,1D,7,explicitly_held_out,benchmark_exclusion,L6,6,block_depth,0.5,0.5,block,0.3036147952079773,0.32420284168098035,0.35130024371483853,0.3302083105463819,0.37350880817638155,1.068399181969657,1.0674814600810394,0.7577482432658358,30.0,False,False,46.96882098831035,0.09173597849279365,0.3313146344464244,0.9941386830111403
tirex,m5,M5,primary,retail,1D,7,explicitly_held_out,benchmark_exclusion,L7,7,block_depth,0.5833333333333334,0.5833333333333334,block,0.30221322178840637,0.32317624494205904,0.3493569548035623,0.32813262811556226,0.3716280137352247,1.0617005878016288,1.0543846890533246,0.7484515429391131,30.0,False,False,52.65278408002956,0.10283746890630774,0.3313146344464244,0.9941386830111403
tirex,m5,M5,primary,retail,1D,7,explicitly_held_out,benchmark_exclusion,L8,8,block_depth,0.6666666666666666,0.6666666666666666,block,0.30446016788482666,0.32325436747170816,0.3490256016348837,0.32791603757210697,0.3710714178625494,1.059448971886251,1.0500416711942786,0.7453686658342362,45.0,False,False,51.99663749303544,0.10155593260358485,0.3313146344464244,0.9941386830111403
tirex,m5,M5,primary,retail,1D,7,explicitly_held_out,benchmark_exclusion,L9,9,block_depth,0.75,0.75,block,0.3038260042667389,0.32296810445610347,0.3478427156308339,0.326957063238627,0.36966238515309363,1.0559143274408822,1.0444391552987309,0.7413917381437096,45.0,False,False,48.23154236230219,0.09420223117637147,0.3313146344464244,0.9941386830111403
tirex,m5,M5,primary,retail,1D,7,explicitly_held_out,benchmark_exclusion,L10,10,block_depth,0.8333333333333334,0.8333333333333334,block,0.3004136085510254,0.3220396073933207,0.3457632153046154,0.3251827539453098,0.36742216996059446,1.049255642113863,1.0319644307767921,0.7325365955063782,30.0,False,False,41.36508770436087,0.08079118692257982,0.3313146344464244,0.9941386830111403
tirex,m5,M5,primary,retail,1D,7,explicitly_held_out,benchmark_exclusion,L11,11,block_depth,0.9166666666666666,0.9166666666666666,block,0.3058757781982422,0.3235830857297619,0.34830893851987277,0.3277953049910916,0.3699141332470875,1.0579697836313267,1.0386307599740028,0.7372686676098457,45.0,False,False,25.105921157993986,0.049035002261707004,0.3313146344464244,0.9941386830111403
tirex,m5,M5,primary,retail,1D,7,explicitly_held_out,benchmark_exclusion,L12,12,block_depth,1.0,1.0,block,0.30940842628479004,0.32577712667522996,0.35057145445998616,0.32996255461702423,0.3724971584019514,1.0675007124200788,1.0400514480583316,0.7382771384267975,45.0,False,True,2.423929406892104,0.00473423712283614,0.3313146344464244,0.9941386830111403
tirex,wiki_daily_100k,Wiki Daily,primary,web traffic,1D,7,undocumented,source_family,Emb,0,block_depth,0.0,0.0,embedding,0.3454311490058899,0.3276751254194679,0.32200243498220016,0.2968184731566553,0.3477781211793821,0.9354256158705478,41.365088387760395,0.3004914985046294,3.0,False,False,21.21398956996124,0.041433573378830545,0.29028899284819043,0.8145906532768644
tirex,wiki_daily_100k,Wiki Daily,primary,web traffic,1D,7,undocumented,source_family,L1,1,block_depth,0.08333333333333333,0.08333333333333333,block,0.3280600607395172,0.3193135151554269,0.3175882261587691,0.2932609658805611,0.342687219380266,0.9236469744312371,41.472276510394146,0.30127015318294614,3.0,True,False,26.903189115106933,0.05254529124044323,0.29028899284819043,0.8145906532768644
tirex,wiki_daily_100k,Wiki Daily,primary,web traffic,1D,7,undocumented,source_family,L2,2,block_depth,0.16666666666666666,0.16666666666666666,block,0.33461302518844604,0.31948503309448484,0.3141545237376148,0.2897348980591739,0.3392794206331463,0.9074593902143366,39.890435878280705,0.2897790702319443,30.0,False,False,30.713172291758,0.05998666463233984,0.29028899284819043,0.8145906532768644
tirex,wiki_daily_100k,Wiki Daily,primary,web traffic,1D,7,undocumented,source_family,L3,3,block_depth,0.25,0.25,block,0.3327920436859131,0.3192673706741051,0.31271360517401275,0.2885470570409884,0.3376154494358099,0.9045148311247254,39.68973703725527,0.2883211186636426,30.0,False,False,34.58938441620839,0.06755739143790701,0.29028899284819043,0.8145906532768644
tirex,wiki_daily_100k,Wiki Daily,primary,web traffic,1D,7,undocumented,source_family,L4,4,block_depth,0.3333333333333333,0.3333333333333333,block,0.3304208815097809,0.3185026271425131,0.3134646295704914,0.2894672113676904,0.33860845804456197,0.906063697657579,40.24205448005905,0.2923333594808884,30.0,False,False,39.24011575951724,0.0766408510928071,0.29028899284819043,0.8145906532768644
tirex,wiki_daily_100k,Wiki Daily,primary,web traffic,1D,7,undocumented,source_family,L5,5,block_depth,0.4166666666666667,0.4166666666666667,block,0.32680651545524597,0.3180425010536236,0.31112315738929136,0.2870851728180068,0.3364423397064692,0.8977480348391462,41.16129428881789,0.2990110618232526,30.0,False,False,46.60724449549532,0.0910297744052643,0.29028899284819043,0.8145906532768644
tirex,wiki_daily_100k,Wiki Daily,primary,web traffic,1D,7,undocumented,source_family,L6,6,block_depth,0.5,0.5,block,0.3259526789188385,0.3167189696931657,0.31006362112878844,0.28604059978459345,0.33506750277001834,0.8939309343811402,40.953123455003826,0.2974988309001282,30.0,False,False,51.84074317880721,0.10125145152110783,0.29028899284819043,0.8145906532768644
tirex,wiki_daily_100k,Wiki Daily,primary,web traffic,1D,7,undocumented,source_family,L7,7,block_depth,0.5833333333333334,0.5833333333333334,block,0.328769326210022,0.31570546377364916,0.3080126631805915,0.28367968319901016,0.3332401637382492,0.8844860181784522,41.12468044765866,0.2987450851645589,45.0,False,False,52.686111034846725,0.10290256061493501,0.29028899284819043,0.8145906532768644
tirex,wiki_daily_100k,Wiki Daily,primary,web traffic,1D,7,undocumented,source_family,L8,8,block_depth,0.6666666666666666,0.6666666666666666,block,0.32225266098976135,0.31244128857177633,0.30631444128301305,0.2821776771487825,0.3312974889599185,0.8803821479404913,40.26097262044201,0.2924707879398658,30.0,False,False,54.928576828501065,0.10728237661816614,0.29028899284819043,0.8145906532768644
tirex,wiki_daily_100k,Wiki Daily,primary,web traffic,1D,7,undocumented,source_family,L9,9,block_depth,0.75,0.75,block,0.32130447030067444,0.31151946142088366,0.3033703316486519,0.2791822930872583,0.32822516552129943,0.8703596358579256,39.58125668911137,0.2875330767751183,30.0,False,False,56.09908910502231,0.1095685334082467,0.29028899284819043,0.8145906532768644
tirex,wiki_daily_100k,Wiki Daily,primary,web traffic,1D,7,undocumented,source_family,L10,10,block_depth,0.8333333333333334,0.8333333333333334,block,0.3230019509792328,0.3111623333951899,0.30171828391385896,0.2773569227597954,0.32668725574737456,0.864113987791103,40.26175089594663,0.292476441624694,45.0,False,False,53.92275662840626,0.10531788403985598,0.29028899284819043,0.8145906532768644
tirex,wiki_daily_100k,Wiki Daily,primary,web traffic,1D,7,undocumented,source_family,L11,11,block_depth,0.9166666666666666,0.9166666666666666,block,0.31987693905830383,0.3093999585435363,0.2985204840150043,0.2743019247889689,0.32336246224674786,0.8515866628586325,38.80433614355076,0.28188923487718537,30.0,False,False,38.57486300752789,0.0753415293115779,0.29028899284819043,0.8145906532768644
tirex,wiki_daily_100k,Wiki Daily,primary,web traffic,1D,7,undocumented,source_family,L12,12,block_depth,1.0,1.0,block,0.32008522748947144,0.3087204988647736,0.29761430714990345,0.2734164166264236,0.32228913212529176,0.8552706302209637,39.15392897969493,0.28442880820565736,30.0,False,True,1.7582865092375375,0.0034341533383545654,0.29028899284819043,0.8145906532768644
tirex,monash_traffic,Traffic,primary,road volume,1H,24,undocumented,source_family,Emb,0,block_depth,0.0,0.0,embedding,0.27191245555877686,0.22511692660796734,0.20356298838066691,0.1956270472772192,0.21118161820998516,1.1846088039310785,0.01870727086176174,0.416808090831481,0.01,False,False,7.642359098859048,0.014926482614959078,0.09092339734370884,0.5085091645489694
tirex,monash_traffic,Traffic,primary,road volume,1H,24,undocumented,source_family,L1,1,block_depth,0.08333333333333333,0.08333333333333333,block,0.17362067103385925,0.16541535191181053,0.16448511430666646,0.15687585386682215,0.1722034154353194,0.9438846656407697,0.01598779230152507,0.3562166408479186,0.0001,False,False,11.745156285676321,0.022939758370461565,0.09092339734370884,0.5085091645489694
tirex,monash_traffic,Traffic,primary,road volume,1H,24,undocumented,source_family,L2,2,block_depth,0.16666666666666666,0.16666666666666666,block,0.17512419819831848,0.1537634941628416,0.16136352885656685,0.15317872880694977,0.16977771776692785,0.9238348899561253,0.015908646295055888,0.35445322510988136,10.0,False,False,13.501775189975845,0.026370654667921573,0.09092339734370884,0.5085091645489694
tirex,monash_traffic,Traffic,primary,road volume,1H,24,undocumented,source_family,L3,3,block_depth,0.25,0.25,block,0.16858597099781036,0.15733566342760588,0.1589983484160354,0.15082070541262402,0.16722202887403145,0.9106379998068832,0.01563465258192889,0.3483484973111447,10.0,False,False,15.748754869406476,0.030759286854309523,0.09092339734370884,0.5085091645489694
tirex,monash_traffic,Traffic,primary,road volume,1H,24,undocumented,source_family,L4,4,block_depth,0.3333333333333333,0.3333333333333333,block,0.15971650183200836,0.15890728547202268,0.1520024133376948,0.1444011743763419,0.15954478924724322,0.8680126633725039,0.014967557577156494,0.333485260583721,10.0,False,False,19.1787141144474,0.037458426004780075,0.09092339734370884,0.5085091645489694
tirex,monash_traffic,Traffic,primary,road volume,1H,24,undocumented,source_family,L5,5,block_depth,0.4166666666666667,0.4166666666666667,block,0.1510390192270279,0.16051176577123977,0.14792489212091642,0.14076701647793974,0.15536014232002485,0.8463248577520893,0.014424012886300235,0.32137479152858656,10.0,False,False,22.60777584436081,0.044155812196017205,0.09092339734370884,0.5085091645489694
tirex,monash_traffic,Traffic,primary,road volume,1H,24,undocumented,source_family,L6,6,block_depth,0.5,0.5,block,0.1471208930015564,0.16922622100087523,0.1501704907144299,0.14208330953891837,0.15842150025894397,0.8594230864015915,0.014895901820078737,0.33188873164449917,10.0,False,False,28.94644200618336,0.056536019543326876,0.09092339734370884,0.5085091645489694
tirex,monash_traffic,Traffic,primary,road volume,1H,24,undocumented,source_family,L7,7,block_depth,0.5833333333333334,0.5833333333333334,block,0.1431608498096466,0.17131079653747208,0.1399195131113511,0.13231427924892375,0.14766093708098446,0.7975209883963699,0.01397439875133098,0.3113571459515163,10.0,False,False,33.54638678211745,0.06552028668382315,0.09092339734370884,0.5085091645489694
tirex,monash_traffic,Traffic,primary,road volume,1H,24,undocumented,source_family,L8,8,block_depth,0.6666666666666666,0.6666666666666666,block,0.13916896283626556,0.16837334706810594,0.14439354974861818,0.13723972447301822,0.15147963104492324,0.8227748176170833,0.014294116226204707,0.3184806238383934,10.0,False,False,31.87956390240997,0.06226477324689447,0.09092339734370884,0.5085091645489694
tirex,monash_traffic,Traffic,primary,road volume,1H,24,undocumented,source_family,L9,9,block_depth,0.75,0.75,block,0.12961752712726593,0.15980749059724444,0.13674356312071548,0.12901814098128664,0.14427596723148953,0.7781349576621994,0.013521313188030007,0.3012621550777379,10.0,False,False,35.311976401482355,0.06896870390914522,0.09092339734370884,0.5085091645489694
tirex,monash_traffic,Traffic,primary,road volume,1H,24,undocumented,source_family,L10,10,block_depth,0.8333333333333334,0.8333333333333334,block,0.13299818336963654,0.1502362526668847,0.139098247726455,0.13101768834615937,0.14712751291635381,0.7950937462601264,0.013696594923297539,0.30516752673640263,30.0,False,False,34.246758095688826,0.06688819940564224,0.09092339734370884,0.5085091645489694
tirex,monash_traffic,Traffic,primary,road volume,1H,24,undocumented,source_family,L11,11,block_depth,0.9166666666666666,0.9166666666666666,block,0.11186855286359787,0.13850089762615794,0.12222681062310252,0.11528587116440402,0.1290137801923654,0.692524657612885,0.012178332667545826,0.27133982429505504,10.0,False,False,29.006537511437568,0.0566533935770265,0.09092339734370884,0.5085091645489694
tirex,monash_traffic,Traffic,primary,road volume,1H,24,undocumented,source_family,L12,12,block_depth,1.0,1.0,block,0.10695111006498337,0.12614163646886822,0.12062180192984698,0.11296612723403475,0.12809462473471828,0.68112971486981,0.011966638414689122,0.26662316209321796,10.0,True,True,18.4755932225865,0.03608514301286426,0.09092339734370884,0.5085091645489694
