model,dataset,point_index,layer,point_type,include_in_main_depth_axis,relative_depth,selected_wd,wd_at_grid_max,wd_at_grid_min,wd_grid,wd_grid_max,wd_grid_min,n_wd_candidates,lr,lr_times_selected_wd,val_loss_selection_convention,val_loss_at_selected_wd,val_loss_by_wd,val_loss_by_wd_mean_pinball,train_loss,val_loss,test_loss,n_probe_params,constant_forecast_floor_val_loss,val_over_floor
chronos2,m4_hourly,0,Emb,block_depth,True,0.0,90.0,True,False,1e-05|0.0001|0.001|0.01|0.1|0.3|1|3|10|30|45|65|90,90.0,1e-05,13,0.01,0.9,chronos2_quantile_loss (SUM over quantiles) = 2Q x mean pinball,0.39133796095848083,"{""1e-05"": 0.8581758737564087, ""0.0001"": 0.8579210042953491, ""0.001"": 0.858556866645813, ""0.01"": 0.858079195022583, ""0.1"": 0.8580692410469055, ""0.3"": 0.8567866683006287, ""1"": 0.8523966073989868, ""3"": 0.8458896279335022, ""10"": 0.829217791557312, ""30"": 0.8019976615905762, ""45"": 0.9965432286262512, ""65"": 0.8303261995315552, ""90"": 0.7826759219169617}","{""1e-05"": 0.42908793687820435, ""0.0001"": 0.42896050214767456, ""0.001"": 0.4292784333229065, ""0.01"": 0.4290395975112915, ""0.1"": 0.42903462052345276, ""0.3"": 0.42839333415031433, ""1"": 0.4261983036994934, ""3"": 0.4229448139667511, ""10"": 0.414608895778656, ""30"": 0.4009988307952881, ""45"": 0.4982716143131256, ""65"": 0.4151630997657776, ""90"": 0.39133796095848083}",0.3653222372811528,0.39133796664594694,0.3723665869986738,12304,0.4292622189257891,0.9116524804471589
chronos2,m4_hourly,1,L1,block_depth,True,0.08333333333333333,0.001,False,False,1e-05|0.0001|0.001|0.01|0.1|0.3|1|3|10|30|45|65|90,90.0,1e-05,13,0.01,1e-05,chronos2_quantile_loss (SUM over quantiles) = 2Q x mean pinball,0.2932124733924866,"{""1e-05"": 0.5974428057670593, ""0.0001"": 0.599027693271637, ""0.001"": 0.5864249467849731, ""0.01"": 0.6022893190383911, ""0.1"": 0.60251384973526, ""0.3"": 0.5998147130012512, ""1"": 0.622390866279602, ""3"": 0.605609118938446, ""10"": 0.6266182065010071, ""30"": 0.605259895324707, ""45"": 0.6077682971954346, ""65"": 0.6170528531074524, ""90"": 0.6272004842758179}","{""1e-05"": 0.29872140288352966, ""0.0001"": 0.2995138466358185, ""0.001"": 0.2932124733924866, ""0.01"": 0.30114465951919556, ""0.1"": 0.30125692486763, ""0.3"": 0.2999073565006256, ""1"": 0.311195433139801, ""3"": 0.302804559469223, ""10"": 0.31330910325050354, ""30"": 0.3026299476623535, ""45"": 0.3038841485977173, ""65"": 0.3085264265537262, ""90"": 0.31360024213790894}",0.20515860222718296,0.2932124781983954,0.252090695136376,12304,0.4292622189257891,0.6830614605034365
chronos2,m4_hourly,2,L2,block_depth,True,0.16666666666666666,1e-05,False,True,1e-05|0.0001|0.001|0.01|0.1|0.3|1|3|10|30|45|65|90,90.0,1e-05,13,0.01,1.0000000000000001e-07,chronos2_quantile_loss (SUM over quantiles) = 2Q x mean pinball,0.14830291271209717,"{""1e-05"": 0.29660582542419434, ""0.0001"": 0.3070800006389618, ""0.001"": 0.3004952669143677, ""0.01"": 0.30987098813056946, ""0.1"": 0.31148916482925415, ""0.3"": 0.308129221200943, ""1"": 0.31530284881591797, ""3"": 0.29877182841300964, ""10"": 0.31508225202560425, ""30"": 0.3048483431339264, ""45"": 0.3133528530597687, ""65"": 0.33440038561820984, ""90"": 0.37510034441947937}","{""1e-05"": 0.14830291271209717, ""0.0001"": 0.1535400003194809, ""0.001"": 0.15024763345718384, ""0.01"": 0.15493549406528473, ""0.1"": 0.15574458241462708, ""0.3"": 0.1540646106004715, ""1"": 0.15765142440795898, ""3"": 0.14938591420650482, ""10"": 0.15754112601280212, ""30"": 0.1524241715669632, ""45"": 0.15667642652988434, ""65"": 0.16720019280910492, ""90"": 0.18755017220973969}",0.12272767984766615,0.14830291373584106,0.152335062281776,12304,0.4292622189257891,0.3454832668641628
chronos2,m4_hourly,3,L3,block_depth,True,0.25,0.1,False,False,1e-05|0.0001|0.001|0.01|0.1|0.3|1|3|10|30|45|65|90,90.0,1e-05,13,0.01,0.001,chronos2_quantile_loss (SUM over quantiles) = 2Q x mean pinball,0.1273149847984314,"{""1e-05"": 0.2555064558982849, ""0.0001"": 0.2623758018016815, ""0.001"": 0.2577011287212372, ""0.01"": 0.2597047984600067, ""0.1"": 0.2546299695968628, ""0.3"": 0.2585684061050415, ""1"": 0.258452445268631, ""3"": 0.2596639394760132, ""10"": 0.25886622071266174, ""30"": 0.2702583074569702, ""45"": 0.28202947974205017, ""65"": 0.29410576820373535, ""90"": 0.3036038875579834}","{""1e-05"": 0.12775322794914246, ""0.0001"": 0.13118790090084076, ""0.001"": 0.1288505643606186, ""0.01"": 0.12985239923000336, ""0.1"": 0.1273149847984314, ""0.3"": 0.12928420305252075, ""1"": 0.1292262226343155, ""3"": 0.1298319697380066, ""10"": 0.12943311035633087, ""30"": 0.1351291537284851, ""45"": 0.14101473987102509, ""65"": 0.14705288410186768, ""90"": 0.1518019437789917}",0.10275622907560987,0.12731498531030336,0.1383161811968525,12304,0.4292622189257891,0.2965902418081513
chronos2,m4_hourly,4,L4,block_depth,True,0.3333333333333333,10.0,False,False,1e-05|0.0001|0.001|0.01|0.1|0.3|1|3|10|30|45|65|90,90.0,1e-05,13,0.01,0.1,chronos2_quantile_loss (SUM over quantiles) = 2Q x mean pinball,0.12909337878227234,"{""1e-05"": 0.2672673165798187, ""0.0001"": 0.27378833293914795, ""0.001"": 0.2670523226261139, ""0.01"": 0.2685931921005249, ""0.1"": 0.2592921555042267, ""0.3"": 0.2631552219390869, ""1"": 0.263477087020874, ""3"": 0.26681455969810486, ""10"": 0.2581867575645447, ""30"": 0.2640620172023773, ""45"": 0.2683587074279785, ""65"": 0.2824932932853699, ""90"": 0.2958752512931824}","{""1e-05"": 0.13363365828990936, ""0.0001"": 0.13689416646957397, ""0.001"": 0.13352616131305695, ""0.01"": 0.13429659605026245, ""0.1"": 0.12964607775211334, ""0.3"": 0.13157761096954346, ""1"": 0.131738543510437, ""3"": 0.13340727984905243, ""10"": 0.12909337878227234, ""30"": 0.13203100860118866, ""45"": 0.13417935371398926, ""65"": 0.14124664664268494, ""90"": 0.1479376256465912}",0.10378769009909893,0.12909336294267923,0.13771652946433494,12304,0.4292622189257891,0.3007331119559742
chronos2,m4_hourly,5,L5,block_depth,True,0.4166666666666667,45.0,False,False,1e-05|0.0001|0.001|0.01|0.1|0.3|1|3|10|30|45|65|90,90.0,1e-05,13,0.01,0.45,chronos2_quantile_loss (SUM over quantiles) = 2Q x mean pinball,0.1157388761639595,"{""1e-05"": 0.26733699440956116, ""0.0001"": 0.2695549428462982, ""0.001"": 0.26476702094078064, ""0.01"": 0.2663469910621643, ""0.1"": 0.26601293683052063, ""0.3"": 0.2584516108036041, ""1"": 0.25849518179893494, ""3"": 0.26599743962287903, ""10"": 0.26225852966308594, ""30"": 0.23266087472438812, ""45"": 0.231477752327919, ""65"": 0.2585463225841522, ""90"": 0.2653876841068268}","{""1e-05"": 0.13366849720478058, ""0.0001"": 0.1347774714231491, ""0.001"": 0.13238351047039032, ""0.01"": 0.13317349553108215, ""0.1"": 0.13300646841526031, ""0.3"": 0.12922580540180206, ""1"": 0.12924759089946747, ""3"": 0.13299871981143951, ""10"": 0.13112926483154297, ""30"": 0.11633043736219406, ""45"": 0.1157388761639595, ""65"": 0.1292731612920761, ""90"": 0.1326938420534134}",0.0961733673868896,0.11573886822994428,0.1268573260318687,12304,0.4292622189257891,0.2696227693170296
chronos2,m4_hourly,6,L6,block_depth,True,0.5,30.0,False,False,1e-05|0.0001|0.001|0.01|0.1|0.3|1|3|10|30|45|65|90,90.0,1e-05,13,0.01,0.3,chronos2_quantile_loss (SUM over quantiles) = 2Q x mean pinball,0.113579660654068,"{""1e-05"": 0.2587200403213501, ""0.0001"": 0.2682919204235077, ""0.001"": 0.25999945402145386, ""0.01"": 0.2556944191455841, ""0.1"": 0.2554109990596771, ""0.3"": 0.2539922595024109, ""1"": 0.2523339092731476, ""3"": 0.2514418363571167, ""10"": 0.25053930282592773, ""30"": 0.227159321308136, ""45"": 0.2326505035161972, ""65"": 0.2412690669298172, ""90"": 0.2720625102519989}","{""1e-05"": 0.12936002016067505, ""0.0001"": 0.13414596021175385, ""0.001"": 0.12999972701072693, ""0.01"": 0.12784720957279205, ""0.1"": 0.12770549952983856, ""0.3"": 0.12699612975120544, ""1"": 0.1261669546365738, ""3"": 0.12572091817855835, ""10"": 0.12526965141296387, ""30"": 0.113579660654068, ""45"": 0.1163252517580986, ""65"": 0.1206345334649086, ""90"": 0.13603125512599945}",0.09198236152251789,0.11357966039813201,0.12365539243999328,12304,0.4292622189257891,0.2645927253564509
chronos2,m4_hourly,7,L7,block_depth,True,0.5833333333333334,30.0,False,False,1e-05|0.0001|0.001|0.01|0.1|0.3|1|3|10|30|45|65|90,90.0,1e-05,13,0.01,0.3,chronos2_quantile_loss (SUM over quantiles) = 2Q x mean pinball,0.11220434308052063,"{""1e-05"": 0.26503846049308777, ""0.0001"": 0.2572952210903168, ""0.001"": 0.2624189257621765, ""0.01"": 0.26255932450294495, ""0.1"": 0.25990164279937744, ""0.3"": 0.2648460566997528, ""1"": 0.25159984827041626, ""3"": 0.25130724906921387, ""10"": 0.2628079354763031, ""30"": 0.22440868616104126, ""45"": 0.23432712256908417, ""65"": 0.2542225420475006, ""90"": 0.269042044878006}","{""1e-05"": 0.13251923024654388, ""0.0001"": 0.1286476105451584, ""0.001"": 0.13120946288108826, ""0.01"": 0.13127966225147247, ""0.1"": 0.12995082139968872, ""0.3"": 0.1324230283498764, ""1"": 0.12579992413520813, ""3"": 0.12565362453460693, ""10"": 0.13140396773815155, ""30"": 0.11220434308052063, ""45"": 0.11716356128454208, ""65"": 0.1271112710237503, ""90"": 0.134521022439003}",0.08967238314011518,0.11220433824617444,0.12298058175289904,12304,0.4292622189257891,0.261388804556248
chronos2,m4_hourly,8,L8,block_depth,True,0.6666666666666666,30.0,False,False,1e-05|0.0001|0.001|0.01|0.1|0.3|1|3|10|30|45|65|90,90.0,1e-05,13,0.01,0.3,chronos2_quantile_loss (SUM over quantiles) = 2Q x mean pinball,0.10978994518518448,"{""1e-05"": 0.2749389111995697, ""0.0001"": 0.2725884020328522, ""0.001"": 0.26469552516937256, ""0.01"": 0.2567754089832306, ""0.1"": 0.25825369358062744, ""0.3"": 0.25102129578590393, ""1"": 0.24665389955043793, ""3"": 0.25947603583335876, ""10"": 0.26079708337783813, ""30"": 0.21957989037036896, ""45"": 0.22690634429454803, ""65"": 0.22903503477573395, ""90"": 0.26344212889671326}","{""1e-05"": 0.13746945559978485, ""0.0001"": 0.1362942010164261, ""0.001"": 0.13234776258468628, ""0.01"": 0.1283877044916153, ""0.1"": 0.12912684679031372, ""0.3"": 0.12551064789295197, ""1"": 0.12332694977521896, ""3"": 0.12973801791667938, ""10"": 0.13039854168891907, ""30"": 0.10978994518518448, ""45"": 0.11345317214727402, ""65"": 0.11451751738786697, ""90"": 0.13172106444835663}",0.08666074927762643,0.10978994252629408,0.12160791529214564,12304,0.4292622189257891,0.2557642803996095
chronos2,m4_hourly,9,L9,block_depth,True,0.75,30.0,False,False,1e-05|0.0001|0.001|0.01|0.1|0.3|1|3|10|30|45|65|90,90.0,1e-05,13,0.01,0.3,chronos2_quantile_loss (SUM over quantiles) = 2Q x mean pinball,0.11123263835906982,"{""1e-05"": 0.2677391469478607, ""0.0001"": 0.2596937119960785, ""0.001"": 0.26685836911201477, ""0.01"": 0.26180389523506165, ""0.1"": 0.2572377324104309, ""0.3"": 0.26864129304885864, ""1"": 0.26178449392318726, ""3"": 0.2624059021472931, ""10"": 0.2445535957813263, ""30"": 0.22246527671813965, ""45"": 0.2277124673128128, ""65"": 0.23542892932891846, ""90"": 0.27181318402290344}","{""1e-05"": 0.13386957347393036, ""0.0001"": 0.12984685599803925, ""0.001"": 0.13342918455600739, ""0.01"": 0.13090194761753082, ""0.1"": 0.12861886620521545, ""0.3"": 0.13432064652442932, ""1"": 0.13089224696159363, ""3"": 0.13120295107364655, ""10"": 0.12227679789066315, ""30"": 0.11123263835906982, ""45"": 0.1138562336564064, ""65"": 0.11771446466445923, ""90"": 0.13590659201145172}",0.09460503865605277,0.11123264054874428,0.12586431725675823,12304,0.4292622189257891,0.259125158573469
chronos2,m4_hourly,10,L10,block_depth,True,0.8333333333333334,30.0,False,False,1e-05|0.0001|0.001|0.01|0.1|0.3|1|3|10|30|45|65|90,90.0,1e-05,13,0.01,0.3,chronos2_quantile_loss (SUM over quantiles) = 2Q x mean pinball,0.11051983386278152,"{""1e-05"": 0.2614358365535736, ""0.0001"": 0.27516496181488037, ""0.001"": 0.2757187485694885, ""0.01"": 0.2638418674468994, ""0.1"": 0.2658366858959198, ""0.3"": 0.26656410098075867, ""1"": 0.2683582603931427, ""3"": 0.25266924500465393, ""10"": 0.2597782015800476, ""30"": 0.22103966772556305, ""45"": 0.2279634326696396, ""65"": 0.2340271770954132, ""90"": 0.2870582342147827}","{""1e-05"": 0.1307179182767868, ""0.0001"": 0.13758248090744019, ""0.001"": 0.13785937428474426, ""0.01"": 0.1319209337234497, ""0.1"": 0.1329183429479599, ""0.3"": 0.13328205049037933, ""1"": 0.13417913019657135, ""3"": 0.12633462250232697, ""10"": 0.1298891007900238, ""30"": 0.11051983386278152, ""45"": 0.1139817163348198, ""65"": 0.1170135885477066, ""90"": 0.14352911710739136}",0.09394828235220105,0.11051983194326172,0.12431574406685265,12304,0.4292622189257891,0.2574646150314207
chronos2,m4_hourly,11,L11,block_depth,True,0.9166666666666666,30.0,False,False,1e-05|0.0001|0.001|0.01|0.1|0.3|1|3|10|30|45|65|90,90.0,1e-05,13,0.01,0.3,chronos2_quantile_loss (SUM over quantiles) = 2Q x mean pinball,0.1092056855559349,"{""1e-05"": 0.29255667328834534, ""0.0001"": 0.26081547141075134, ""0.001"": 0.26828527450561523, ""0.01"": 0.2881230413913727, ""0.1"": 0.2583460807800293, ""0.3"": 0.26754048466682434, ""1"": 0.28018718957901, ""3"": 0.2586541771888733, ""10"": 0.2686885595321655, ""30"": 0.2184113711118698, ""45"": 0.23141063749790192, ""65"": 0.24583926796913147, ""90"": 0.2632947862148285}","{""1e-05"": 0.14627833664417267, ""0.0001"": 0.13040773570537567, ""0.001"": 0.13414263725280762, ""0.01"": 0.14406152069568634, ""0.1"": 0.12917304039001465, ""0.3"": 0.13377024233341217, ""1"": 0.140093594789505, ""3"": 0.12932708859443665, ""10"": 0.13434427976608276, ""30"": 0.1092056855559349, ""45"": 0.11570531874895096, ""65"": 0.12291963398456573, ""90"": 0.13164739310741425}",0.09477187681093363,0.10920568892575858,0.12155731201513123,12304,0.4292622189257891,0.2544032158223505
chronos2,m4_hourly,12,L12,block_depth,True,1.0,45.0,False,False,1e-05|0.0001|0.001|0.01|0.1|0.3|1|3|10|30|45|65|90,90.0,1e-05,13,0.01,0.45,chronos2_quantile_loss (SUM over quantiles) = 2Q x mean pinball,0.11103632301092148,"{""1e-05"": 0.26390302181243896, ""0.0001"": 0.26679742336273193, ""0.001"": 0.28560715913772583, ""0.01"": 0.2642185091972351, ""0.1"": 0.2586807608604431, ""0.3"": 0.2571676969528198, ""1"": 0.2598969638347626, ""3"": 0.24086709320545197, ""10"": 0.24092337489128113, ""30"": 0.22291332483291626, ""45"": 0.22207264602184296, ""65"": 0.238161101937294, ""90"": 0.26514604687690735}","{""1e-05"": 0.13195151090621948, ""0.0001"": 0.13339871168136597, ""0.001"": 0.14280357956886292, ""0.01"": 0.13210925459861755, ""0.1"": 0.12934038043022156, ""0.3"": 0.1285838484764099, ""1"": 0.1299484819173813, ""3"": 0.12043354660272598, ""10"": 0.12046168744564056, ""30"": 0.11145666241645813, ""45"": 0.11103632301092148, ""65"": 0.119080550968647, ""90"": 0.13257302343845367}",0.0943949124141138,0.1110363258688732,0.12111884534700226,12304,0.4292622189257891,0.2586678281325037
chronos2,m4_hourly,13,L12+LN,head_input_diagnostic,False,,30.0,False,False,1e-05|0.0001|0.001|0.01|0.1|0.3|1|3|10|30|45|65|90,90.0,1e-05,13,0.01,0.3,chronos2_quantile_loss (SUM over quantiles) = 2Q x mean pinball,0.09893406927585602,"{""1e-05"": 0.2598314583301544, ""0.0001"": 0.28232479095458984, ""0.001"": 0.2640514671802521, ""0.01"": 0.2685849070549011, ""0.1"": 0.2767407298088074, ""0.3"": 0.2686443030834198, ""1"": 0.25467678904533386, ""3"": 0.25008025765419006, ""10"": 0.23456133902072906, ""30"": 0.19786813855171204, ""45"": 0.20098204910755157, ""65"": 0.20852825045585632, ""90"": 0.23493947088718414}","{""1e-05"": 0.1299157291650772, ""0.0001"": 0.14116239547729492, ""0.001"": 0.13202573359012604, ""0.01"": 0.13429245352745056, ""0.1"": 0.1383703649044037, ""0.3"": 0.1343221515417099, ""1"": 0.12733839452266693, ""3"": 0.12504012882709503, ""10"": 0.11728066951036453, ""30"": 0.09893406927585602, ""45"": 0.10049102455377579, ""65"": 0.10426412522792816, ""90"": 0.11746973544359207}",0.08381490583880304,0.09893406823789345,0.11026668841488489,12304,0.4292622189257891,0.23047466997089067
chronos2,monash_electricity_hourly,0,Emb,block_depth,True,0.0,1e-05,False,True,1e-05|0.0001|0.001|0.01|0.1|0.3|1|3|10|30|45|65|90,90.0,1e-05,13,0.01,1.0000000000000001e-07,chronos2_quantile_loss (SUM over quantiles) = 2Q x mean pinball,0.36154279112815857,"{""1e-05"": 0.7230855822563171, ""0.0001"": 0.7235358953475952, ""0.001"": 0.723784327507019, ""0.01"": 0.7232792973518372, ""0.1"": 0.7231010794639587, ""0.3"": 0.7231566905975342, ""1"": 0.7232096195220947, ""3"": 0.7241884469985962, ""10"": 0.725357711315155, ""30"": 0.7348697185516357, ""45"": 0.772027850151062, ""65"": 0.7476364374160767, ""90"": 0.7330852746963501}","{""1e-05"": 0.36154279112815857, ""0.0001"": 0.3617679476737976, ""0.001"": 0.3618921637535095, ""0.01"": 0.3616396486759186, ""0.1"": 0.36155053973197937, ""0.3"": 0.3615783452987671, ""1"": 0.36160480976104736, ""3"": 0.3620942234992981, ""10"": 0.3626788556575775, ""30"": 0.36743485927581787, ""45"": 0.386013925075531, ""65"": 0.37381821870803833, ""90"": 0.36654263734817505}",0.3652917395961849,0.3615428015930962,0.36183556180646403,12304,0.36157585617922644,0.9999085818768999
chronos2,monash_electricity_hourly,1,L1,block_depth,True,0.08333333333333333,0.3,False,False,1e-05|0.0001|0.001|0.01|0.1|0.3|1|3|10|30|45|65|90,90.0,1e-05,13,0.01,0.003,chronos2_quantile_loss (SUM over quantiles) = 2Q x mean pinball,0.2715652585029602,"{""1e-05"": 0.5585757493972778, ""0.0001"": 0.5490188598632812, ""0.001"": 0.5459864735603333, ""0.01"": 0.5537397265434265, ""0.1"": 0.5484699606895447, ""0.3"": 0.5431305170059204, ""1"": 0.5465924143791199, ""3"": 0.5658228993415833, ""10"": 0.5813171863555908, ""30"": 0.5880712270736694, ""45"": 0.5974602103233337, ""65"": 0.5975744724273682, ""90"": 0.6141999363899231}","{""1e-05"": 0.2792878746986389, ""0.0001"": 0.2745094299316406, ""0.001"": 0.2729932367801666, ""0.01"": 0.27686986327171326, ""0.1"": 0.27423498034477234, ""0.3"": 0.2715652585029602, ""1"": 0.27329620718955994, ""3"": 0.2829114496707916, ""10"": 0.2906585931777954, ""30"": 0.2940356135368347, ""45"": 0.29873010516166687, ""65"": 0.2987872362136841, ""90"": 0.30709996819496155}",0.25691578266781406,0.27156529586961253,0.28119144503396887,12304,0.36157585617922644,0.7510603687404467
chronos2,monash_electricity_hourly,2,L2,block_depth,True,0.16666666666666666,0.01,False,False,1e-05|0.0001|0.001|0.01|0.1|0.3|1|3|10|30|45|65|90,90.0,1e-05,13,0.01,0.0001,chronos2_quantile_loss (SUM over quantiles) = 2Q x mean pinball,0.1656028777360916,"{""1e-05"": 0.3344442546367645, ""0.0001"": 0.3381536304950714, ""0.001"": 0.33477309346199036, ""0.01"": 0.3312057554721832, ""0.1"": 0.3354071080684662, ""0.3"": 0.3313106596469879, ""1"": 0.33630135655403137, ""3"": 0.3350541293621063, ""10"": 0.34163275361061096, ""30"": 0.349236398935318, ""45"": 0.3599388301372528, ""65"": 0.3801225423812866, ""90"": 0.4157208204269409}","{""1e-05"": 0.16722212731838226, ""0.0001"": 0.1690768152475357, ""0.001"": 0.16738654673099518, ""0.01"": 0.1656028777360916, ""0.1"": 0.1677035540342331, ""0.3"": 0.16565532982349396, ""1"": 0.16815067827701569, ""3"": 0.16752706468105316, ""10"": 0.17081637680530548, ""30"": 0.174618199467659, ""45"": 0.1799694150686264, ""65"": 0.1900612711906433, ""90"": 0.20786041021347046}",0.13500606651595623,0.16560287415298797,0.17713637263265275,12304,0.36157585617922644,0.45800313080335125
chronos2,monash_electricity_hourly,3,L3,block_depth,True,0.25,1.0,False,False,1e-05|0.0001|0.001|0.01|0.1|0.3|1|3|10|30|45|65|90,90.0,1e-05,13,0.01,0.01,chronos2_quantile_loss (SUM over quantiles) = 2Q x mean pinball,0.1202922984957695,"{""1e-05"": 0.24173326790332794, ""0.0001"": 0.24433596432209015, ""0.001"": 0.2495657056570053, ""0.01"": 0.24117186665534973, ""0.1"": 0.24562609195709229, ""0.3"": 0.24605904519557953, ""1"": 0.240584596991539, ""3"": 0.2411321997642517, ""10"": 0.24581411480903625, ""30"": 0.2636004686355591, ""45"": 0.2760908305644989, ""65"": 0.28538092970848083, ""90"": 0.2993193566799164}","{""1e-05"": 0.12086663395166397, ""0.0001"": 0.12216798216104507, ""0.001"": 0.12478285282850266, ""0.01"": 0.12058593332767487, ""0.1"": 0.12281304597854614, ""0.3"": 0.12302952259778976, ""1"": 0.1202922984957695, ""3"": 0.12056609988212585, ""10"": 0.12290705740451813, ""30"": 0.13180023431777954, ""45"": 0.13804541528224945, ""65"": 0.14269046485424042, ""90"": 0.1496596783399582}",0.11753947868237707,0.12029229417329526,0.14550721658152024,12304,0.36157585617922644,0.33268895618314903
chronos2,monash_electricity_hourly,4,L4,block_depth,True,0.3333333333333333,1.0,False,False,1e-05|0.0001|0.001|0.01|0.1|0.3|1|3|10|30|45|65|90,90.0,1e-05,13,0.01,0.01,chronos2_quantile_loss (SUM over quantiles) = 2Q x mean pinball,0.11182241141796112,"{""1e-05"": 0.23338305950164795, ""0.0001"": 0.2273724228143692, ""0.001"": 0.23223483562469482, ""0.01"": 0.2308698445558548, ""0.1"": 0.22894836962223053, ""0.3"": 0.23114275932312012, ""1"": 0.22364482283592224, ""3"": 0.22576311230659485, ""10"": 0.23533211648464203, ""30"": 0.24281030893325806, ""45"": 0.24574704468250275, ""65"": 0.2555639147758484, ""90"": 0.2865714728832245}","{""1e-05"": 0.11669152975082397, ""0.0001"": 0.1136862114071846, ""0.001"": 0.11611741781234741, ""0.01"": 0.1154349222779274, ""0.1"": 0.11447418481111526, ""0.3"": 0.11557137966156006, ""1"": 0.11182241141796112, ""3"": 0.11288155615329742, ""10"": 0.11766605824232101, ""30"": 0.12140515446662903, ""45"": 0.12287352234125137, ""65"": 0.1277819573879242, ""90"": 0.14328573644161224}",0.11134241409653228,0.11182240863110272,0.14864507397167556,12304,0.36157585617922644,0.3092640360800928
chronos2,monash_electricity_hourly,5,L5,block_depth,True,0.4166666666666667,0.3,False,False,1e-05|0.0001|0.001|0.01|0.1|0.3|1|3|10|30|45|65|90,90.0,1e-05,13,0.01,0.003,chronos2_quantile_loss (SUM over quantiles) = 2Q x mean pinball,0.11035808175802231,"{""1e-05"": 0.22164997458457947, ""0.0001"": 0.22791633009910583, ""0.001"": 0.2292741984128952, ""0.01"": 0.22225473821163177, ""0.1"": 0.2248004674911499, ""0.3"": 0.22071616351604462, ""1"": 0.22073276340961456, ""3"": 0.2249256819486618, ""10"": 0.22148504853248596, ""30"": 0.22903206944465637, ""45"": 0.23499572277069092, ""65"": 0.24875995516777039, ""90"": 0.26588600873947144}","{""1e-05"": 0.11082498729228973, ""0.0001"": 0.11395816504955292, ""0.001"": 0.1146370992064476, ""0.01"": 0.11112736910581589, ""0.1"": 0.11240023374557495, ""0.3"": 0.11035808175802231, ""1"": 0.11036638170480728, ""3"": 0.1124628409743309, ""10"": 0.11074252426624298, ""30"": 0.11451603472232819, ""45"": 0.11749786138534546, ""65"": 0.12437997758388519, ""90"": 0.13294300436973572}",0.10671628464863153,0.11035807841663597,0.15170465054289076,12304,0.36157585617922644,0.30521417990346544
chronos2,monash_electricity_hourly,6,L6,block_depth,True,0.5,3.0,False,False,1e-05|0.0001|0.001|0.01|0.1|0.3|1|3|10|30|45|65|90,90.0,1e-05,13,0.01,0.03,chronos2_quantile_loss (SUM over quantiles) = 2Q x mean pinball,0.11023260653018951,"{""1e-05"": 0.22593890130519867, ""0.0001"": 0.22700148820877075, ""0.001"": 0.2260449230670929, ""0.01"": 0.2268940657377243, ""0.1"": 0.22709375619888306, ""0.3"": 0.2239135503768921, ""1"": 0.22492635250091553, ""3"": 0.22046521306037903, ""10"": 0.22299012541770935, ""30"": 0.22442278265953064, ""45"": 0.23290859162807465, ""65"": 0.25024542212486267, ""90"": 0.27344608306884766}","{""1e-05"": 0.11296945065259933, ""0.0001"": 0.11350074410438538, ""0.001"": 0.11302246153354645, ""0.01"": 0.11344703286886215, ""0.1"": 0.11354687809944153, ""0.3"": 0.11195677518844604, ""1"": 0.11246317625045776, ""3"": 0.11023260653018951, ""10"": 0.11149506270885468, ""30"": 0.11221139132976532, ""45"": 0.11645429581403732, ""65"": 0.12512271106243134, ""90"": 0.13672304153442383}",0.10969366231556431,0.11023261548794863,0.1479109495821345,12304,0.36157585617922644,0.3048671906713494
chronos2,monash_electricity_hourly,7,L7,block_depth,True,0.5833333333333334,1.0,False,False,1e-05|0.0001|0.001|0.01|0.1|0.3|1|3|10|30|45|65|90,90.0,1e-05,13,0.01,0.01,chronos2_quantile_loss (SUM over quantiles) = 2Q x mean pinball,0.10788832604885101,"{""1e-05"": 0.22105340659618378, ""0.0001"": 0.2199721336364746, ""0.001"": 0.22420388460159302, ""0.01"": 0.22314152121543884, ""0.1"": 0.22383132576942444, ""0.3"": 0.2188500612974167, ""1"": 0.21577665209770203, ""3"": 0.21814368665218353, ""10"": 0.21746227145195007, ""30"": 0.23354165256023407, ""45"": 0.23291915655136108, ""65"": 0.24347442388534546, ""90"": 0.28299978375434875}","{""1e-05"": 0.11052670329809189, ""0.0001"": 0.1099860668182373, ""0.001"": 0.11210194230079651, ""0.01"": 0.11157076060771942, ""0.1"": 0.11191566288471222, ""0.3"": 0.10942503064870834, ""1"": 0.10788832604885101, ""3"": 0.10907184332609177, ""10"": 0.10873113572597504, ""30"": 0.11677082628011703, ""45"": 0.11645957827568054, ""65"": 0.12173721194267273, ""90"": 0.14149989187717438}",0.10588432619965486,0.10788832235199805,0.150738148942931,12304,0.36157585617922644,0.2983836462203378
chronos2,monash_electricity_hourly,8,L8,block_depth,True,0.6666666666666666,30.0,False,False,1e-05|0.0001|0.001|0.01|0.1|0.3|1|3|10|30|45|65|90,90.0,1e-05,13,0.01,0.3,chronos2_quantile_loss (SUM over quantiles) = 2Q x mean pinball,0.1071956604719162,"{""1e-05"": 0.22614794969558716, ""0.0001"": 0.2309201955795288, ""0.001"": 0.23378869891166687, ""0.01"": 0.2294660359621048, ""0.1"": 0.22784511744976044, ""0.3"": 0.21885228157043457, ""1"": 0.2170565277338028, ""3"": 0.22018654644489288, ""10"": 0.21476434171199799, ""30"": 0.2143913209438324, ""45"": 0.23051053285598755, ""65"": 0.23807570338249207, ""90"": 0.27544596791267395}","{""1e-05"": 0.11307397484779358, ""0.0001"": 0.1154600977897644, ""0.001"": 0.11689434945583344, ""0.01"": 0.1147330179810524, ""0.1"": 0.11392255872488022, ""0.3"": 0.10942614078521729, ""1"": 0.1085282638669014, ""3"": 0.11009327322244644, ""10"": 0.10738217085599899, ""30"": 0.1071956604719162, ""45"": 0.11525526642799377, ""65"": 0.11903785169124603, ""90"": 0.13772298395633698}",0.11620407060344558,0.10719566011644957,0.1490867677507282,12304,0.36157585617922644,0.296467970093984
chronos2,monash_electricity_hourly,9,L9,block_depth,True,0.75,1.0,False,False,1e-05|0.0001|0.001|0.01|0.1|0.3|1|3|10|30|45|65|90,90.0,1e-05,13,0.01,0.01,chronos2_quantile_loss (SUM over quantiles) = 2Q x mean pinball,0.10194399952888489,"{""1e-05"": 0.2159002423286438, ""0.0001"": 0.21861609816551208, ""0.001"": 0.21327410638332367, ""0.01"": 0.21875661611557007, ""0.1"": 0.22153517603874207, ""0.3"": 0.2140420526266098, ""1"": 0.20388799905776978, ""3"": 0.20997335016727448, ""10"": 0.20892974734306335, ""30"": 0.21938684582710266, ""45"": 0.22506052255630493, ""65"": 0.23956601321697235, ""90"": 0.2535311281681061}","{""1e-05"": 0.1079501211643219, ""0.0001"": 0.10930804908275604, ""0.001"": 0.10663705319166183, ""0.01"": 0.10937830805778503, ""0.1"": 0.11076758801937103, ""0.3"": 0.1070210263133049, ""1"": 0.10194399952888489, ""3"": 0.10498667508363724, ""10"": 0.10446487367153168, ""30"": 0.10969342291355133, ""45"": 0.11253026127815247, ""65"": 0.11978300660848618, ""90"": 0.12676556408405304}",0.10536773220356688,0.10194399759514641,0.14772726758916416,12304,0.36157585617922644,0.2819435973197687
chronos2,monash_electricity_hourly,10,L10,block_depth,True,0.8333333333333334,10.0,False,False,1e-05|0.0001|0.001|0.01|0.1|0.3|1|3|10|30|45|65|90,90.0,1e-05,13,0.01,0.1,chronos2_quantile_loss (SUM over quantiles) = 2Q x mean pinball,0.09890829771757126,"{""1e-05"": 0.21226122975349426, ""0.0001"": 0.20970864593982697, ""0.001"": 0.21438106894493103, ""0.01"": 0.2102729231119156, ""0.1"": 0.21575237810611725, ""0.3"": 0.20720262825489044, ""1"": 0.20064134895801544, ""3"": 0.20367002487182617, ""10"": 0.19781659543514252, ""30"": 0.20957672595977783, ""45"": 0.22091540694236755, ""65"": 0.2371034473180771, ""90"": 0.2416907399892807}","{""1e-05"": 0.10613061487674713, ""0.0001"": 0.10485432296991348, ""0.001"": 0.10719053447246552, ""0.01"": 0.1051364615559578, ""0.1"": 0.10787618905305862, ""0.3"": 0.10360131412744522, ""1"": 0.10032067447900772, ""3"": 0.10183501243591309, ""10"": 0.09890829771757126, ""30"": 0.10478836297988892, ""45"": 0.11045770347118378, ""65"": 0.11855172365903854, ""90"": 0.12084536999464035}",0.11004954069275596,0.098908293565721,0.1482006536498097,12304,0.36157585617922644,0.2735478375433729
chronos2,monash_electricity_hourly,11,L11,block_depth,True,0.9166666666666666,10.0,False,False,1e-05|0.0001|0.001|0.01|0.1|0.3|1|3|10|30|45|65|90,90.0,1e-05,13,0.01,0.1,chronos2_quantile_loss (SUM over quantiles) = 2Q x mean pinball,0.09742434322834015,"{""1e-05"": 0.21872279047966003, ""0.0001"": 0.21601922810077667, ""0.001"": 0.22184514999389648, ""0.01"": 0.21565042436122894, ""0.1"": 0.2141096442937851, ""0.3"": 0.2063063681125641, ""1"": 0.20680347084999084, ""3"": 0.19859106838703156, ""10"": 0.1948486864566803, ""30"": 0.20914267003536224, ""45"": 0.22076170146465302, ""65"": 0.23037347197532654, ""90"": 0.2401803880929947}","{""1e-05"": 0.10936139523983002, ""0.0001"": 0.10800961405038834, ""0.001"": 0.11092257499694824, ""0.01"": 0.10782521218061447, ""0.1"": 0.10705482214689255, ""0.3"": 0.10315318405628204, ""1"": 0.10340173542499542, ""3"": 0.09929553419351578, ""10"": 0.09742434322834015, ""30"": 0.10457133501768112, ""45"": 0.11038085073232651, ""65"": 0.11518673598766327, ""90"": 0.12009019404649734}",0.1077038148883062,0.0974243477498757,0.14709286690327047,12304,0.36157585617922644,0.26944373105925595
chronos2,monash_electricity_hourly,12,L12,block_depth,True,1.0,10.0,False,False,1e-05|0.0001|0.001|0.01|0.1|0.3|1|3|10|30|45|65|90,90.0,1e-05,13,0.01,0.1,chronos2_quantile_loss (SUM over quantiles) = 2Q x mean pinball,0.0967780277132988,"{""1e-05"": 0.20649929344654083, ""0.0001"": 0.20955905318260193, ""0.001"": 0.20984265208244324, ""0.01"": 0.20437759160995483, ""0.1"": 0.21110180020332336, ""0.3"": 0.2088211327791214, ""1"": 0.20682929456233978, ""3"": 0.1968860775232315, ""10"": 0.1935560554265976, ""30"": 0.20325125753879547, ""45"": 0.2107842117547989, ""65"": 0.2322295904159546, ""90"": 0.23999609053134918}","{""1e-05"": 0.10324964672327042, ""0.0001"": 0.10477952659130096, ""0.001"": 0.10492132604122162, ""0.01"": 0.10218879580497742, ""0.1"": 0.10555090010166168, ""0.3"": 0.1044105663895607, ""1"": 0.10341464728116989, ""3"": 0.09844303876161575, ""10"": 0.0967780277132988, ""30"": 0.10162562876939774, ""45"": 0.10539210587739944, ""65"": 0.1161147952079773, ""90"": 0.11999804526567459}",0.1084806603811136,0.0967780283673574,0.14226085011570053,12304,0.36157585617922644,0.2676562240355626
chronos2,monash_electricity_hourly,13,L12+LN,head_input_diagnostic,False,,10.0,False,False,1e-05|0.0001|0.001|0.01|0.1|0.3|1|3|10|30|45|65|90,90.0,1e-05,13,0.01,0.1,chronos2_quantile_loss (SUM over quantiles) = 2Q x mean pinball,0.09470658004283905,"{""1e-05"": 0.1998131424188614, ""0.0001"": 0.19492129981517792, ""0.001"": 0.20807647705078125, ""0.01"": 0.2128821313381195, ""0.1"": 0.21872836351394653, ""0.3"": 0.1983238309621811, ""1"": 0.22255031764507294, ""3"": 0.19809865951538086, ""10"": 0.1894131600856781, ""30"": 0.19703322649002075, ""45"": 0.20798024535179138, ""65"": 0.22034887969493866, ""90"": 0.23614773154258728}","{""1e-05"": 0.0999065712094307, ""0.0001"": 0.09746064990758896, ""0.001"": 0.10403823852539062, ""0.01"": 0.10644106566905975, ""0.1"": 0.10936418175697327, ""0.3"": 0.09916191548109055, ""1"": 0.11127515882253647, ""3"": 0.09904932975769043, ""10"": 0.09470658004283905, ""30"": 0.09851661324501038, ""45"": 0.10399012267589569, ""65"": 0.11017443984746933, ""90"": 0.11807386577129364}",0.10760283052328028,0.09470657699293535,0.1353846093184734,12304,0.36157585617922644,0.261927270237842
chronos2,uber_tlc_hourly,0,Emb,block_depth,True,0.0,0.3,False,False,1e-05|0.0001|0.001|0.01|0.1|0.3|1|3|10|30|45|65|90,90.0,1e-05,13,0.01,0.003,chronos2_quantile_loss (SUM over quantiles) = 2Q x mean pinball,0.29091548919677734,"{""1e-05"": 0.5932199954986572, ""0.0001"": 0.5952419638633728, ""0.001"": 0.5886936187744141, ""0.01"": 0.5866112112998962, ""0.1"": 0.5948087573051453, ""0.3"": 0.5818309783935547, ""1"": 0.594063937664032, ""3"": 0.5842797756195068, ""10"": 0.5941135883331299, ""30"": 0.5879496335983276, ""45"": 0.6232375502586365, ""65"": 0.621394157409668, ""90"": 0.6366132497787476}","{""1e-05"": 0.2966099977493286, ""0.0001"": 0.2976209819316864, ""0.001"": 0.29434680938720703, ""0.01"": 0.2933056056499481, ""0.1"": 0.29740437865257263, ""0.3"": 0.29091548919677734, ""1"": 0.297031968832016, ""3"": 0.2921398878097534, ""10"": 0.29705679416656494, ""30"": 0.2939748167991638, ""45"": 0.31161877512931824, ""65"": 0.310697078704834, ""90"": 0.3183066248893738}",0.30508351025613856,0.2909154853293004,0.3518317872729465,12304,0.2855820835617776,1.0186755475028568
chronos2,uber_tlc_hourly,1,L1,block_depth,True,0.08333333333333333,0.01,False,False,1e-05|0.0001|0.001|0.01|0.1|0.3|1|3|10|30|45|65|90,90.0,1e-05,13,0.01,0.0001,chronos2_quantile_loss (SUM over quantiles) = 2Q x mean pinball,0.2732154130935669,"{""1e-05"": 0.5593777894973755, ""0.0001"": 0.5510434508323669, ""0.001"": 0.5557017922401428, ""0.01"": 0.5464308261871338, ""0.1"": 0.5551074147224426, ""0.3"": 0.5577214360237122, ""1"": 0.5613228678703308, ""3"": 0.5677241086959839, ""10"": 0.5626903772354126, ""30"": 0.5520784854888916, ""45"": 0.5556427240371704, ""65"": 0.556454598903656, ""90"": 0.5796677470207214}","{""1e-05"": 0.27968889474868774, ""0.0001"": 0.27552172541618347, ""0.001"": 0.2778508961200714, ""0.01"": 0.2732154130935669, ""0.1"": 0.2775537073612213, ""0.3"": 0.2788607180118561, ""1"": 0.2806614339351654, ""3"": 0.28386205434799194, ""10"": 0.2813451886177063, ""30"": 0.2760392427444458, ""45"": 0.2778213620185852, ""65"": 0.278227299451828, ""90"": 0.2898338735103607}",0.2768796927735231,0.2732153901730785,0.3264787227825354,12304,0.2855820835617776,0.9566965363006608
chronos2,uber_tlc_hourly,2,L2,block_depth,True,0.16666666666666666,1.0,False,False,1e-05|0.0001|0.001|0.01|0.1|0.3|1|3|10|30|45|65|90,90.0,1e-05,13,0.01,0.01,chronos2_quantile_loss (SUM over quantiles) = 2Q x mean pinball,0.2451438307762146,"{""1e-05"": 0.4977952837944031, ""0.0001"": 0.5089263916015625, ""0.001"": 0.49474939703941345, ""0.01"": 0.5035760402679443, ""0.1"": 0.5045072436332703, ""0.3"": 0.5006938576698303, ""1"": 0.4902876615524292, ""3"": 0.4996569752693176, ""10"": 0.5082212090492249, ""30"": 0.5000810623168945, ""45"": 0.5071812868118286, ""65"": 0.5189419984817505, ""90"": 0.5410594344139099}","{""1e-05"": 0.24889764189720154, ""0.0001"": 0.25446319580078125, ""0.001"": 0.24737469851970673, ""0.01"": 0.25178802013397217, ""0.1"": 0.25225362181663513, ""0.3"": 0.25034692883491516, ""1"": 0.2451438307762146, ""3"": 0.2498284876346588, ""10"": 0.2541106045246124, ""30"": 0.25004053115844727, ""45"": 0.2535906434059143, ""65"": 0.25947099924087524, ""90"": 0.27052971720695496}",0.24745691925757585,0.24514383686180333,0.2961255761844511,12304,0.2855820835617776,0.8584006174490053
chronos2,uber_tlc_hourly,3,L3,block_depth,True,0.25,3.0,False,False,1e-05|0.0001|0.001|0.01|0.1|0.3|1|3|10|30|45|65|90,90.0,1e-05,13,0.01,0.03,chronos2_quantile_loss (SUM over quantiles) = 2Q x mean pinball,0.2155950963497162,"{""1e-05"": 0.44129958748817444, ""0.0001"": 0.4448835849761963, ""0.001"": 0.43604692816734314, ""0.01"": 0.44371554255485535, ""0.1"": 0.43583619594573975, ""0.3"": 0.43683353066444397, ""1"": 0.434526264667511, ""3"": 0.4311901926994324, ""10"": 0.4331435561180115, ""30"": 0.4325440526008606, ""45"": 0.4387633800506592, ""65"": 0.4448297619819641, ""90"": 0.45401787757873535}","{""1e-05"": 0.22064979374408722, ""0.0001"": 0.22244179248809814, ""0.001"": 0.21802346408367157, ""0.01"": 0.22185777127742767, ""0.1"": 0.21791809797286987, ""0.3"": 0.21841676533222198, ""1"": 0.2172631323337555, ""3"": 0.2155950963497162, ""10"": 0.21657177805900574, ""30"": 0.2162720263004303, ""45"": 0.2193816900253296, ""65"": 0.22241488099098206, ""90"": 0.22700893878936768}",0.21914014292926323,0.2155950945866017,0.25109910157345633,12304,0.2855820835617776,0.7549321438435538
chronos2,uber_tlc_hourly,4,L4,block_depth,True,0.3333333333333333,10.0,False,False,1e-05|0.0001|0.001|0.01|0.1|0.3|1|3|10|30|45|65|90,90.0,1e-05,13,0.01,0.1,chronos2_quantile_loss (SUM over quantiles) = 2Q x mean pinball,0.21083173155784607,"{""1e-05"": 0.4306330382823944, ""0.0001"": 0.4301013648509979, ""0.001"": 0.4335725009441376, ""0.01"": 0.4306498169898987, ""0.1"": 0.4321315884590149, ""0.3"": 0.42462220788002014, ""1"": 0.429832398891449, ""3"": 0.42444342374801636, ""10"": 0.42166346311569214, ""30"": 0.42516154050827026, ""45"": 0.4286436140537262, ""65"": 0.4316250681877136, ""90"": 0.4403163492679596}","{""1e-05"": 0.2153165191411972, ""0.0001"": 0.21505068242549896, ""0.001"": 0.2167862504720688, ""0.01"": 0.21532490849494934, ""0.1"": 0.21606579422950745, ""0.3"": 0.21231110394001007, ""1"": 0.2149161994457245, ""3"": 0.21222171187400818, ""10"": 0.21083173155784607, ""30"": 0.21258077025413513, ""45"": 0.2143218070268631, ""65"": 0.2158125340938568, ""90"": 0.2201581746339798}",0.21603277414887503,0.21083172467601208,0.244948141845583,12304,0.2855820835617776,0.7382526314204322
chronos2,uber_tlc_hourly,5,L5,block_depth,True,0.4166666666666667,10.0,False,False,1e-05|0.0001|0.001|0.01|0.1|0.3|1|3|10|30|45|65|90,90.0,1e-05,13,0.01,0.1,chronos2_quantile_loss (SUM over quantiles) = 2Q x mean pinball,0.20568157732486725,"{""1e-05"": 0.42559126019477844, ""0.0001"": 0.42403644323349, ""0.001"": 0.4196290373802185, ""0.01"": 0.4261547923088074, ""0.1"": 0.4216794967651367, ""0.3"": 0.42146795988082886, ""1"": 0.4222920835018158, ""3"": 0.41315844655036926, ""10"": 0.4113631546497345, ""30"": 0.411711722612381, ""45"": 0.41513878107070923, ""65"": 0.4196997582912445, ""90"": 0.4252283275127411}","{""1e-05"": 0.21279563009738922, ""0.0001"": 0.212018221616745, ""0.001"": 0.20981451869010925, ""0.01"": 0.2130773961544037, ""0.1"": 0.21083974838256836, ""0.3"": 0.21073397994041443, ""1"": 0.2111460417509079, ""3"": 0.20657922327518463, ""10"": 0.20568157732486725, ""30"": 0.2058558613061905, ""45"": 0.20756939053535461, ""65"": 0.20984987914562225, ""90"": 0.21261416375637054}",0.20863347576725347,0.20568158122078153,0.23645974610370535,12304,0.2855820835617776,0.7202187849304914
chronos2,uber_tlc_hourly,6,L6,block_depth,True,0.5,10.0,False,False,1e-05|0.0001|0.001|0.01|0.1|0.3|1|3|10|30|45|65|90,90.0,1e-05,13,0.01,0.1,chronos2_quantile_loss (SUM over quantiles) = 2Q x mean pinball,0.20334631204605103,"{""1e-05"": 0.42000338435173035, ""0.0001"": 0.42625370621681213, ""0.001"": 0.4207885265350342, ""0.01"": 0.420174241065979, ""0.1"": 0.41881102323532104, ""0.3"": 0.4154992699623108, ""1"": 0.4128778576850891, ""3"": 0.4088517129421234, ""10"": 0.40669262409210205, ""30"": 0.4089023768901825, ""45"": 0.41266340017318726, ""65"": 0.41723620891571045, ""90"": 0.42398712038993835}","{""1e-05"": 0.21000169217586517, ""0.0001"": 0.21312685310840607, ""0.001"": 0.2103942632675171, ""0.01"": 0.2100871205329895, ""0.1"": 0.20940551161766052, ""0.3"": 0.2077496349811554, ""1"": 0.20643892884254456, ""3"": 0.2044258564710617, ""10"": 0.20334631204605103, ""30"": 0.20445118844509125, ""45"": 0.20633170008659363, ""65"": 0.20861810445785522, ""90"": 0.21199356019496918}",0.20539621485549545,0.20334632226927135,0.2332841968377128,12304,0.2855820835617776,0.712041594952798
chronos2,uber_tlc_hourly,7,L7,block_depth,True,0.5833333333333334,3.0,False,False,1e-05|0.0001|0.001|0.01|0.1|0.3|1|3|10|30|45|65|90,90.0,1e-05,13,0.01,0.03,chronos2_quantile_loss (SUM over quantiles) = 2Q x mean pinball,0.20172110199928284,"{""1e-05"": 0.4141066372394562, ""0.0001"": 0.4133067727088928, ""0.001"": 0.41314971446990967, ""0.01"": 0.4142597019672394, ""0.1"": 0.41260701417922974, ""0.3"": 0.41094642877578735, ""1"": 0.41104528307914734, ""3"": 0.4034422039985657, ""10"": 0.40474867820739746, ""30"": 0.4083182215690613, ""45"": 0.4060958921909332, ""65"": 0.4127853810787201, ""90"": 0.4170551598072052}","{""1e-05"": 0.2070533186197281, ""0.0001"": 0.2066533863544464, ""0.001"": 0.20657485723495483, ""0.01"": 0.2071298509836197, ""0.1"": 0.20630350708961487, ""0.3"": 0.20547321438789368, ""1"": 0.20552264153957367, ""3"": 0.20172110199928284, ""10"": 0.20237433910369873, ""30"": 0.20415911078453064, ""45"": 0.2030479460954666, ""65"": 0.20639269053936005, ""90"": 0.2085275799036026}",0.20077083876605015,0.20172109420745427,0.23311357886907252,12304,0.2855820835617776,0.7063506634995805
chronos2,uber_tlc_hourly,8,L8,block_depth,True,0.6666666666666666,10.0,False,False,1e-05|0.0001|0.001|0.01|0.1|0.3|1|3|10|30|45|65|90,90.0,1e-05,13,0.01,0.1,chronos2_quantile_loss (SUM over quantiles) = 2Q x mean pinball,0.20114730298519135,"{""1e-05"": 0.41471052169799805, ""0.0001"": 0.41551971435546875, ""0.001"": 0.41677141189575195, ""0.01"": 0.4159221053123474, ""0.1"": 0.41463518142700195, ""0.3"": 0.41083377599716187, ""1"": 0.4096207618713379, ""3"": 0.40407875180244446, ""10"": 0.4022946059703827, ""30"": 0.4028235971927643, ""45"": 0.40506628155708313, ""65"": 0.4099545180797577, ""90"": 0.41899701952934265}","{""1e-05"": 0.20735526084899902, ""0.0001"": 0.20775985717773438, ""0.001"": 0.20838570594787598, ""0.01"": 0.2079610526561737, ""0.1"": 0.20731759071350098, ""0.3"": 0.20541688799858093, ""1"": 0.20481038093566895, ""3"": 0.20203937590122223, ""10"": 0.20114730298519135, ""30"": 0.20141179859638214, ""45"": 0.20253314077854156, ""65"": 0.20497725903987885, ""90"": 0.20949850976467133}",0.20354584219679772,0.20114730693798027,0.23132757444418114,12304,0.2855820835617776,0.7043414783913352
chronos2,uber_tlc_hourly,9,L9,block_depth,True,0.75,10.0,False,False,1e-05|0.0001|0.001|0.01|0.1|0.3|1|3|10|30|45|65|90,90.0,1e-05,13,0.01,0.1,chronos2_quantile_loss (SUM over quantiles) = 2Q x mean pinball,0.19886751472949982,"{""1e-05"": 0.4125615358352661, ""0.0001"": 0.4090316891670227, ""0.001"": 0.4103359282016754, ""0.01"": 0.4122103750705719, ""0.1"": 0.40830668807029724, ""0.3"": 0.40662819147109985, ""1"": 0.4072437584400177, ""3"": 0.4003092646598816, ""10"": 0.39773502945899963, ""30"": 0.39786869287490845, ""45"": 0.401473730802536, ""65"": 0.4067659080028534, ""90"": 0.4138545095920563}","{""1e-05"": 0.20628076791763306, ""0.0001"": 0.20451584458351135, ""0.001"": 0.2051679641008377, ""0.01"": 0.20610518753528595, ""0.1"": 0.20415334403514862, ""0.3"": 0.20331409573554993, ""1"": 0.20362187922000885, ""3"": 0.2001546323299408, ""10"": 0.19886751472949982, ""30"": 0.19893434643745422, ""45"": 0.200736865401268, ""65"": 0.2033829540014267, ""90"": 0.20692725479602814}",0.20024431819146982,0.1988675110610842,0.2263854171028574,12304,0.2855820835617776,0.6963584990375099
chronos2,uber_tlc_hourly,10,L10,block_depth,True,0.8333333333333334,30.0,False,False,1e-05|0.0001|0.001|0.01|0.1|0.3|1|3|10|30|45|65|90,90.0,1e-05,13,0.01,0.3,chronos2_quantile_loss (SUM over quantiles) = 2Q x mean pinball,0.20012955367565155,"{""1e-05"": 0.4163060188293457, ""0.0001"": 0.4180122911930084, ""0.001"": 0.4163621962070465, ""0.01"": 0.4265151917934418, ""0.1"": 0.4213549792766571, ""0.3"": 0.4193161129951477, ""1"": 0.4133625030517578, ""3"": 0.4058017432689667, ""10"": 0.4075520634651184, ""30"": 0.4002591073513031, ""45"": 0.40467119216918945, ""65"": 0.407258540391922, ""90"": 0.417323499917984}","{""1e-05"": 0.20815300941467285, ""0.0001"": 0.2090061455965042, ""0.001"": 0.20818109810352325, ""0.01"": 0.2132575958967209, ""0.1"": 0.21067748963832855, ""0.3"": 0.20965805649757385, ""1"": 0.2066812515258789, ""3"": 0.20290087163448334, ""10"": 0.2037760317325592, ""30"": 0.20012955367565155, ""45"": 0.20233559608459473, ""65"": 0.203629270195961, ""90"": 0.208661749958992}",0.20483882770401932,0.20012955890812037,0.2272704816672183,12304,0.2855820835617776,0.700777711304946
chronos2,uber_tlc_hourly,11,L11,block_depth,True,0.9166666666666666,45.0,False,False,1e-05|0.0001|0.001|0.01|0.1|0.3|1|3|10|30|45|65|90,90.0,1e-05,13,0.01,0.45,chronos2_quantile_loss (SUM over quantiles) = 2Q x mean pinball,0.2020138055086136,"{""1e-05"": 0.43255940079689026, ""0.0001"": 0.42557334899902344, ""0.001"": 0.4248916506767273, ""0.01"": 0.4220823645591736, ""0.1"": 0.43136632442474365, ""0.3"": 0.4205505847930908, ""1"": 0.42240574955940247, ""3"": 0.4130103290081024, ""10"": 0.40726256370544434, ""30"": 0.40811213850975037, ""45"": 0.4040276110172272, ""65"": 0.40528833866119385, ""90"": 0.4197966158390045}","{""1e-05"": 0.21627970039844513, ""0.0001"": 0.21278667449951172, ""0.001"": 0.21244582533836365, ""0.01"": 0.2110411822795868, ""0.1"": 0.21568316221237183, ""0.3"": 0.2102752923965454, ""1"": 0.21120287477970123, ""3"": 0.2065051645040512, ""10"": 0.20363128185272217, ""30"": 0.20405606925487518, ""45"": 0.2020138055086136, ""65"": 0.20264416933059692, ""90"": 0.20989830791950226}",0.20841947392997476,0.20201380923390388,0.227171472380407,12304,0.2855820835617776,0.7073756403566679
chronos2,uber_tlc_hourly,12,L12,block_depth,True,1.0,65.0,False,False,1e-05|0.0001|0.001|0.01|0.1|0.3|1|3|10|30|45|65|90,90.0,1e-05,13,0.01,0.65,chronos2_quantile_loss (SUM over quantiles) = 2Q x mean pinball,0.19961462914943695,"{""1e-05"": 0.43698960542678833, ""0.0001"": 0.42811381816864014, ""0.001"": 0.4311874806880951, ""0.01"": 0.42043933272361755, ""0.1"": 0.4270518124103546, ""0.3"": 0.4289414584636688, ""1"": 0.4251212775707245, ""3"": 0.43143516778945923, ""10"": 0.4114050269126892, ""30"": 0.41447344422340393, ""45"": 0.40701404213905334, ""65"": 0.3992292582988739, ""90"": 0.4185718894004822}","{""1e-05"": 0.21849480271339417, ""0.0001"": 0.21405690908432007, ""0.001"": 0.21559374034404755, ""0.01"": 0.21021966636180878, ""0.1"": 0.2135259062051773, ""0.3"": 0.2144707292318344, ""1"": 0.21256063878536224, ""3"": 0.21571758389472961, ""10"": 0.2057025134563446, ""30"": 0.20723672211170197, ""45"": 0.20350702106952667, ""65"": 0.19961462914943695, ""90"": 0.2092859447002411}",0.2051992725361796,0.19961463540564967,0.22698992502143364,12304,0.2855820835617776,0.6989746447538214
chronos2,uber_tlc_hourly,13,L12+LN,head_input_diagnostic,False,,45.0,False,False,1e-05|0.0001|0.001|0.01|0.1|0.3|1|3|10|30|45|65|90,90.0,1e-05,13,0.01,0.45,chronos2_quantile_loss (SUM over quantiles) = 2Q x mean pinball,0.20121707022190094,"{""1e-05"": 0.4254232347011566, ""0.0001"": 0.42576244473457336, ""0.001"": 0.42987707257270813, ""0.01"": 0.42534124851226807, ""0.1"": 0.4177596867084503, ""0.3"": 0.4211992025375366, ""1"": 0.42060258984565735, ""3"": 0.42161688208580017, ""10"": 0.40890371799468994, ""30"": 0.40319302678108215, ""45"": 0.4024341404438019, ""65"": 0.4063209295272827, ""90"": 0.416593074798584}","{""1e-05"": 0.2127116173505783, ""0.0001"": 0.21288122236728668, ""0.001"": 0.21493853628635406, ""0.01"": 0.21267062425613403, ""0.1"": 0.20887984335422516, ""0.3"": 0.2105996012687683, ""1"": 0.21030129492282867, ""3"": 0.21080844104290009, ""10"": 0.20445185899734497, ""30"": 0.20159651339054108, ""45"": 0.20121707022190094, ""65"": 0.20316046476364136, ""90"": 0.208296537399292}",0.20619800245627184,0.20121706351069094,0.22674931270134357,12304,0.2855820835617776,0.7045857394172395
chronos2,wind_farms_hourly,0,Emb,block_depth,True,0.0,0.1,False,False,1e-05|0.0001|0.001|0.01|0.1|0.3|1|3|10|30|45|65|90,90.0,1e-05,13,0.01,0.001,chronos2_quantile_loss (SUM over quantiles) = 2Q x mean pinball,0.2936933934688568,"{""1e-05"": 0.5951191782951355, ""0.0001"": 0.5950307846069336, ""0.001"": 0.5910037755966187, ""0.01"": 0.5904255509376526, ""0.1"": 0.5873867869377136, ""0.3"": 0.6043301820755005, ""1"": 0.6053662300109863, ""3"": 0.5969882607460022, ""10"": 0.5950417518615723, ""30"": 0.5970159769058228, ""45"": 0.6033287048339844, ""65"": 0.6156789660453796, ""90"": 0.6382195949554443}","{""1e-05"": 0.29755958914756775, ""0.0001"": 0.2975153923034668, ""0.001"": 0.2955018877983093, ""0.01"": 0.2952127754688263, ""0.1"": 0.2936933934688568, ""0.3"": 0.30216509103775024, ""1"": 0.30268311500549316, ""3"": 0.2984941303730011, ""10"": 0.29752087593078613, ""30"": 0.2985079884529114, ""45"": 0.3016643524169922, ""65"": 0.3078394830226898, ""90"": 0.31910979747772217}",0.3151534180259773,0.29369338308923115,0.28317117361167005,12304,0.27805306173448685,1.056249412458113
chronos2,wind_farms_hourly,1,L1,block_depth,True,0.08333333333333333,45.0,False,False,1e-05|0.0001|0.001|0.01|0.1|0.3|1|3|10|30|45|65|90,90.0,1e-05,13,0.01,0.45,chronos2_quantile_loss (SUM over quantiles) = 2Q x mean pinball,0.2249215990304947,"{""1e-05"": 0.48091819882392883, ""0.0001"": 0.4778042733669281, ""0.001"": 0.47788292169570923, ""0.01"": 0.47384434938430786, ""0.1"": 0.48222172260284424, ""0.3"": 0.47454914450645447, ""1"": 0.4664403796195984, ""3"": 0.4748300611972809, ""10"": 0.46593770384788513, ""30"": 0.4603172540664673, ""45"": 0.4498431980609894, ""65"": 0.4628819227218628, ""90"": 0.48266667127609253}","{""1e-05"": 0.24045909941196442, ""0.0001"": 0.23890213668346405, ""0.001"": 0.23894146084785461, ""0.01"": 0.23692217469215393, ""0.1"": 0.24111086130142212, ""0.3"": 0.23727457225322723, ""1"": 0.2332201898097992, ""3"": 0.23741503059864044, ""10"": 0.23296885192394257, ""30"": 0.23015862703323364, ""45"": 0.2249215990304947, ""65"": 0.2314409613609314, ""90"": 0.24133333563804626}",0.24900079629994618,0.22492160089313984,0.2343309204954341,12304,0.27805306173448685,0.808916109357277
chronos2,wind_farms_hourly,2,L2,block_depth,True,0.16666666666666666,30.0,False,False,1e-05|0.0001|0.001|0.01|0.1|0.3|1|3|10|30|45|65|90,90.0,1e-05,13,0.01,0.3,chronos2_quantile_loss (SUM over quantiles) = 2Q x mean pinball,0.21695919334888458,"{""1e-05"": 0.44873347878456116, ""0.0001"": 0.4444824159145355, ""0.001"": 0.4423067569732666, ""0.01"": 0.44064462184906006, ""0.1"": 0.44466322660446167, ""0.3"": 0.4460275173187256, ""1"": 0.44053441286087036, ""3"": 0.44767406582832336, ""10"": 0.45256608724594116, ""30"": 0.43391838669776917, ""45"": 0.4341486990451813, ""65"": 0.45144933462142944, ""90"": 0.4655296802520752}","{""1e-05"": 0.22436673939228058, ""0.0001"": 0.22224120795726776, ""0.001"": 0.2211533784866333, ""0.01"": 0.22032231092453003, ""0.1"": 0.22233161330223083, ""0.3"": 0.2230137586593628, ""1"": 0.22026720643043518, ""3"": 0.22383703291416168, ""10"": 0.22628304362297058, ""30"": 0.21695919334888458, ""45"": 0.21707434952259064, ""65"": 0.22572466731071472, ""90"": 0.2327648401260376}",0.2340083584053124,0.21695918574189868,0.21920316717551866,12304,0.27805306173448685,0.7802797940382804
chronos2,wind_farms_hourly,3,L3,block_depth,True,0.25,30.0,False,False,1e-05|0.0001|0.001|0.01|0.1|0.3|1|3|10|30|45|65|90,90.0,1e-05,13,0.01,0.3,chronos2_quantile_loss (SUM over quantiles) = 2Q x mean pinball,0.2024054080247879,"{""1e-05"": 0.4160369634628296, ""0.0001"": 0.41815614700317383, ""0.001"": 0.41689759492874146, ""0.01"": 0.420345664024353, ""0.1"": 0.4182528257369995, ""0.3"": 0.41594889760017395, ""1"": 0.4185417890548706, ""3"": 0.42794182896614075, ""10"": 0.4205854535102844, ""30"": 0.4048108160495758, ""45"": 0.40810853242874146, ""65"": 0.4177863299846649, ""90"": 0.4289528727531433}","{""1e-05"": 0.2080184817314148, ""0.0001"": 0.20907807350158691, ""0.001"": 0.20844879746437073, ""0.01"": 0.2101728320121765, ""0.1"": 0.20912641286849976, ""0.3"": 0.20797444880008698, ""1"": 0.2092708945274353, ""3"": 0.21397091448307037, ""10"": 0.2102927267551422, ""30"": 0.2024054080247879, ""45"": 0.20405426621437073, ""65"": 0.20889316499233246, ""90"": 0.21447643637657166}",0.21914934747621226,0.2024054051526175,0.1990139823947244,12304,0.27805306173448685,0.7279380557438156
chronos2,wind_farms_hourly,4,L4,block_depth,True,0.3333333333333333,30.0,False,False,1e-05|0.0001|0.001|0.01|0.1|0.3|1|3|10|30|45|65|90,90.0,1e-05,13,0.01,0.3,chronos2_quantile_loss (SUM over quantiles) = 2Q x mean pinball,0.19717100262641907,"{""1e-05"": 0.4098733365535736, ""0.0001"": 0.40488502383232117, ""0.001"": 0.40477851033210754, ""0.01"": 0.4051196873188019, ""0.1"": 0.4046251177787781, ""0.3"": 0.4033612608909607, ""1"": 0.4034366011619568, ""3"": 0.40462663769721985, ""10"": 0.4034567177295685, ""30"": 0.39434200525283813, ""45"": 0.4076215922832489, ""65"": 0.4104858934879303, ""90"": 0.419293075799942}","{""1e-05"": 0.2049366682767868, ""0.0001"": 0.20244251191616058, ""0.001"": 0.20238925516605377, ""0.01"": 0.20255984365940094, ""0.1"": 0.20231255888938904, ""0.3"": 0.20168063044548035, ""1"": 0.2017183005809784, ""3"": 0.20231331884860992, ""10"": 0.20172835886478424, ""30"": 0.19717100262641907, ""45"": 0.20381079614162445, ""65"": 0.20524294674396515, ""90"": 0.209646537899971}",0.21300383807137246,0.19717100981395436,0.19062922431426194,12304,0.27805306173448685,0.7091128886839345
chronos2,wind_farms_hourly,5,L5,block_depth,True,0.4166666666666667,1.0,False,False,1e-05|0.0001|0.001|0.01|0.1|0.3|1|3|10|30|45|65|90,90.0,1e-05,13,0.01,0.01,chronos2_quantile_loss (SUM over quantiles) = 2Q x mean pinball,0.19077171385288239,"{""1e-05"": 0.38962164521217346, ""0.0001"": 0.3904726505279541, ""0.001"": 0.3915192186832428, ""0.01"": 0.39014995098114014, ""0.1"": 0.38896581530570984, ""0.3"": 0.3855520486831665, ""1"": 0.38154342770576477, ""3"": 0.3857717216014862, ""10"": 0.3898199498653412, ""30"": 0.38880908489227295, ""45"": 0.3935146927833557, ""65"": 0.40132471919059753, ""90"": 0.40784966945648193}","{""1e-05"": 0.19481082260608673, ""0.0001"": 0.19523632526397705, ""0.001"": 0.1957596093416214, ""0.01"": 0.19507497549057007, ""0.1"": 0.19448290765285492, ""0.3"": 0.19277602434158325, ""1"": 0.19077171385288239, ""3"": 0.1928858608007431, ""10"": 0.1949099749326706, ""30"": 0.19440454244613647, ""45"": 0.19675734639167786, ""65"": 0.20066235959529877, ""90"": 0.20392483472824097}",0.1913024909270545,0.1907717093455655,0.18267993717845388,12304,0.27805306173448685,0.6860982150512466
chronos2,wind_farms_hourly,6,L6,block_depth,True,0.5,10.0,False,False,1e-05|0.0001|0.001|0.01|0.1|0.3|1|3|10|30|45|65|90,90.0,1e-05,13,0.01,0.1,chronos2_quantile_loss (SUM over quantiles) = 2Q x mean pinball,0.19331471621990204,"{""1e-05"": 0.40226760506629944, ""0.0001"": 0.4028879404067993, ""0.001"": 0.40154317021369934, ""0.01"": 0.40238842368125916, ""0.1"": 0.4004116654396057, ""0.3"": 0.39813297986984253, ""1"": 0.39127030968666077, ""3"": 0.3904517889022827, ""10"": 0.3866294324398041, ""30"": 0.3879249691963196, ""45"": 0.3926604092121124, ""65"": 0.4011489748954773, ""90"": 0.40789562463760376}","{""1e-05"": 0.20113380253314972, ""0.0001"": 0.20144397020339966, ""0.001"": 0.20077158510684967, ""0.01"": 0.20119421184062958, ""0.1"": 0.20020583271980286, ""0.3"": 0.19906648993492126, ""1"": 0.19563515484333038, ""3"": 0.19522589445114136, ""10"": 0.19331471621990204, ""30"": 0.1939624845981598, ""45"": 0.1963302046060562, ""65"": 0.20057448744773865, ""90"": 0.20394781231880188}",0.19757574099186845,0.19331471636919803,0.18776193202850017,12304,0.27805306173448685,0.6952439766831068
chronos2,wind_farms_hourly,7,L7,block_depth,True,0.5833333333333334,30.0,False,False,1e-05|0.0001|0.001|0.01|0.1|0.3|1|3|10|30|45|65|90,90.0,1e-05,13,0.01,0.3,chronos2_quantile_loss (SUM over quantiles) = 2Q x mean pinball,0.19650909304618835,"{""1e-05"": 0.4045892357826233, ""0.0001"": 0.4045453667640686, ""0.001"": 0.40476903319358826, ""0.01"": 0.40327271819114685, ""0.1"": 0.4033847451210022, ""0.3"": 0.40022075176239014, ""1"": 0.39535409212112427, ""3"": 0.393110990524292, ""10"": 0.39380714297294617, ""30"": 0.3930181860923767, ""45"": 0.39710912108421326, ""65"": 0.40420642495155334, ""90"": 0.40849390625953674}","{""1e-05"": 0.20229461789131165, ""0.0001"": 0.2022726833820343, ""0.001"": 0.20238451659679413, ""0.01"": 0.20163635909557343, ""0.1"": 0.2016923725605011, ""0.3"": 0.20011037588119507, ""1"": 0.19767704606056213, ""3"": 0.196555495262146, ""10"": 0.19690357148647308, ""30"": 0.19650909304618835, ""45"": 0.19855456054210663, ""65"": 0.20210321247577667, ""90"": 0.20424695312976837}",0.19891042163304268,0.1965090914465885,0.19165987455293196,12304,0.27805306173448685,0.7067323417363958
chronos2,wind_farms_hourly,8,L8,block_depth,True,0.6666666666666666,3.0,False,False,1e-05|0.0001|0.001|0.01|0.1|0.3|1|3|10|30|45|65|90,90.0,1e-05,13,0.01,0.03,chronos2_quantile_loss (SUM over quantiles) = 2Q x mean pinball,0.19519628584384918,"{""1e-05"": 0.40567365288734436, ""0.0001"": 0.40406084060668945, ""0.001"": 0.40210941433906555, ""0.01"": 0.40546271204948425, ""0.1"": 0.40271246433258057, ""0.3"": 0.40088725090026855, ""1"": 0.3975403904914856, ""3"": 0.39039257168769836, ""10"": 0.3925878405570984, ""30"": 0.3913899064064026, ""45"": 0.3957660496234894, ""65"": 0.40374353528022766, ""90"": 0.40964943170547485}","{""1e-05"": 0.20283682644367218, ""0.0001"": 0.20203042030334473, ""0.001"": 0.20105470716953278, ""0.01"": 0.20273135602474213, ""0.1"": 0.20135623216629028, ""0.3"": 0.20044362545013428, ""1"": 0.1987701952457428, ""3"": 0.19519628584384918, ""10"": 0.1962939202785492, ""30"": 0.1956949532032013, ""45"": 0.1978830248117447, ""65"": 0.20187176764011383, ""90"": 0.20482471585273743}",0.18172143092793192,0.19519628061138036,0.19736155888193663,12304,0.27805306173448685,0.702010901781666
chronos2,wind_farms_hourly,9,L9,block_depth,True,0.75,30.0,False,False,1e-05|0.0001|0.001|0.01|0.1|0.3|1|3|10|30|45|65|90,90.0,1e-05,13,0.01,0.3,chronos2_quantile_loss (SUM over quantiles) = 2Q x mean pinball,0.19513224065303802,"{""1e-05"": 0.4080728590488434, ""0.0001"": 0.407723069190979, ""0.001"": 0.40548011660575867, ""0.01"": 0.40796399116516113, ""0.1"": 0.4067831337451935, ""0.3"": 0.40245866775512695, ""1"": 0.39659178256988525, ""3"": 0.39044123888015747, ""10"": 0.39075666666030884, ""30"": 0.39026448130607605, ""45"": 0.39216312766075134, ""65"": 0.39734843373298645, ""90"": 0.40530139207839966}","{""1e-05"": 0.2040364295244217, ""0.0001"": 0.2038615345954895, ""0.001"": 0.20274005830287933, ""0.01"": 0.20398199558258057, ""0.1"": 0.20339156687259674, ""0.3"": 0.20122933387756348, ""1"": 0.19829589128494263, ""3"": 0.19522061944007874, ""10"": 0.19537833333015442, ""30"": 0.19513224065303802, ""45"": 0.19608156383037567, ""65"": 0.19867421686649323, ""90"": 0.20265069603919983}",0.18957498357357347,0.19513222905060718,0.19325728710200496,12304,0.27805306173448685,0.7017805444521202
chronos2,wind_farms_hourly,10,L10,block_depth,True,0.8333333333333334,30.0,False,False,1e-05|0.0001|0.001|0.01|0.1|0.3|1|3|10|30|45|65|90,90.0,1e-05,13,0.01,0.3,chronos2_quantile_loss (SUM over quantiles) = 2Q x mean pinball,0.19844824075698853,"{""1e-05"": 0.4268800914287567, ""0.0001"": 0.4314996302127838, ""0.001"": 0.43185773491859436, ""0.01"": 0.42593008279800415, ""0.1"": 0.4261317849159241, ""0.3"": 0.42326819896698, ""1"": 0.42332708835601807, ""3"": 0.43016543984413147, ""10"": 0.4183990955352783, ""30"": 0.39689648151397705, ""45"": 0.40134310722351074, ""65"": 0.40968334674835205, ""90"": 0.42154622077941895}","{""1e-05"": 0.21344004571437836, ""0.0001"": 0.2157498151063919, ""0.001"": 0.21592886745929718, ""0.01"": 0.21296504139900208, ""0.1"": 0.21306589245796204, ""0.3"": 0.21163409948349, ""1"": 0.21166354417800903, ""3"": 0.21508271992206573, ""10"": 0.20919954776763916, ""30"": 0.19844824075698853, ""45"": 0.20067155361175537, ""65"": 0.20484167337417603, ""90"": 0.21077311038970947}",0.18272536046872478,0.19844824124753246,0.19686348398592862,12304,0.27805306173448685,0.7137063696030468
chronos2,wind_farms_hourly,11,L11,block_depth,True,0.9166666666666666,45.0,False,False,1e-05|0.0001|0.001|0.01|0.1|0.3|1|3|10|30|45|65|90,90.0,1e-05,13,0.01,0.45,chronos2_quantile_loss (SUM over quantiles) = 2Q x mean pinball,0.19724054634571075,"{""1e-05"": 0.427060067653656, ""0.0001"": 0.43492376804351807, ""0.001"": 0.431641161441803, ""0.01"": 0.4363583028316498, ""0.1"": 0.43754392862319946, ""0.3"": 0.4393012225627899, ""1"": 0.42898449301719666, ""3"": 0.4304141700267792, ""10"": 0.42171385884284973, ""30"": 0.39698517322540283, ""45"": 0.3944810926914215, ""65"": 0.4057573080062866, ""90"": 0.42088794708251953}","{""1e-05"": 0.213530033826828, ""0.0001"": 0.21746188402175903, ""0.001"": 0.2158205807209015, ""0.01"": 0.2181791514158249, ""0.1"": 0.21877196431159973, ""0.3"": 0.21965061128139496, ""1"": 0.21449224650859833, ""3"": 0.2152070850133896, ""10"": 0.21085692942142487, ""30"": 0.19849258661270142, ""45"": 0.19724054634571075, ""65"": 0.2028786540031433, ""90"": 0.21044397354125977}",0.180243559815043,0.19724054917522515,0.19961136155797324,12304,0.27805306173448685,0.709362982535939
chronos2,wind_farms_hourly,12,L12,block_depth,True,1.0,45.0,False,False,1e-05|0.0001|0.001|0.01|0.1|0.3|1|3|10|30|45|65|90,90.0,1e-05,13,0.01,0.45,chronos2_quantile_loss (SUM over quantiles) = 2Q x mean pinball,0.19281421601772308,"{""1e-05"": 0.4218914806842804, ""0.0001"": 0.4296996593475342, ""0.001"": 0.4161002039909363, ""0.01"": 0.426775723695755, ""0.1"": 0.4319162666797638, ""0.3"": 0.41843152046203613, ""1"": 0.41278257966041565, ""3"": 0.4139746129512787, ""10"": 0.41859710216522217, ""30"": 0.4002140462398529, ""45"": 0.38562843203544617, ""65"": 0.399081289768219, ""90"": 0.4100768268108368}","{""1e-05"": 0.2109457403421402, ""0.0001"": 0.2148498296737671, ""0.001"": 0.20805010199546814, ""0.01"": 0.2133878618478775, ""0.1"": 0.2159581333398819, ""0.3"": 0.20921576023101807, ""1"": 0.20639128983020782, ""3"": 0.20698730647563934, ""10"": 0.20929855108261108, ""30"": 0.20010702311992645, ""45"": 0.19281421601772308, ""65"": 0.1995406448841095, ""90"": 0.2050384134054184}",0.17585728788772434,0.1928142258499301,0.19688839728425023,12304,0.27805306173448685,0.69344399463599
chronos2,wind_farms_hourly,13,L12+LN,head_input_diagnostic,False,,45.0,False,False,1e-05|0.0001|0.001|0.01|0.1|0.3|1|3|10|30|45|65|90,90.0,1e-05,13,0.01,0.45,chronos2_quantile_loss (SUM over quantiles) = 2Q x mean pinball,0.1890319436788559,"{""1e-05"": 0.4080250561237335, ""0.0001"": 0.4101082384586334, ""0.001"": 0.40903013944625854, ""0.01"": 0.41890716552734375, ""0.1"": 0.4153365194797516, ""0.3"": 0.3982537090778351, ""1"": 0.40391698479652405, ""3"": 0.40957215428352356, ""10"": 0.3962276577949524, ""30"": 0.38768327236175537, ""45"": 0.3780638873577118, ""65"": 0.38481882214546204, ""90"": 0.3960588872432709}","{""1e-05"": 0.20401252806186676, ""0.0001"": 0.2050541192293167, ""0.001"": 0.20451506972312927, ""0.01"": 0.20945358276367188, ""0.1"": 0.2076682597398758, ""0.3"": 0.19912685453891754, ""1"": 0.20195849239826202, ""3"": 0.20478607714176178, ""10"": 0.1981138288974762, ""30"": 0.19384163618087769, ""45"": 0.1890319436788559, ""65"": 0.19240941107273102, ""90"": 0.19802944362163544}",0.16918657572573875,0.18903193861701106,0.19723649620156708,12304,0.27805306173448685,0.6798412412286898
chronos2,sg_carpark,0,Emb,block_depth,True,0.0,10.0,False,False,1e-05|0.0001|0.001|0.01|0.1|0.3|1|3|10|30|45|65|90,90.0,1e-05,13,0.01,0.1,chronos2_quantile_loss (SUM over quantiles) = 2Q x mean pinball,0.37034690380096436,"{""1e-05"": 0.7466623783111572, ""0.0001"": 0.7461903095245361, ""0.001"": 0.7463175654411316, ""0.01"": 0.7471268773078918, ""0.1"": 0.7461341023445129, ""0.3"": 0.7460709810256958, ""1"": 0.7463396191596985, ""3"": 0.746282696723938, ""10"": 0.7406938076019287, ""30"": 0.7837249636650085, ""45"": 0.7529380321502686, ""65"": 0.7573202252388, ""90"": 0.8123357892036438}","{""1e-05"": 0.3733311891555786, ""0.0001"": 0.37309515476226807, ""0.001"": 0.3731587827205658, ""0.01"": 0.3735634386539459, ""0.1"": 0.37306705117225647, ""0.3"": 0.3730354905128479, ""1"": 0.37316980957984924, ""3"": 0.373141348361969, ""10"": 0.37034690380096436, ""30"": 0.3918624818325043, ""45"": 0.3764690160751343, ""65"": 0.3786601126194, ""90"": 0.4061678946018219}",0.3610957098625055,0.3703468911728616,0.3702975456408188,12304,0.3732831445496298,0.992133978135255
chronos2,sg_carpark,1,L1,block_depth,True,0.08333333333333333,0.01,False,False,1e-05|0.0001|0.001|0.01|0.1|0.3|1|3|10|30|45|65|90,90.0,1e-05,13,0.01,0.0001,chronos2_quantile_loss (SUM over quantiles) = 2Q x mean pinball,0.2908264994621277,"{""1e-05"": 0.5877982378005981, ""0.0001"": 0.5894894599914551, ""0.001"": 0.5840578079223633, ""0.01"": 0.5816529989242554, ""0.1"": 0.5983487367630005, ""0.3"": 0.5827302932739258, ""1"": 0.6044203639030457, ""3"": 0.6092120409011841, ""10"": 0.6133965253829956, ""30"": 0.6215936541557312, ""45"": 0.6358081698417664, ""65"": 0.6514903903007507, ""90"": 0.6503639817237854}","{""1e-05"": 0.2938991189002991, ""0.0001"": 0.29474472999572754, ""0.001"": 0.29202890396118164, ""0.01"": 0.2908264994621277, ""0.1"": 0.29917436838150024, ""0.3"": 0.2913651466369629, ""1"": 0.3022101819515228, ""3"": 0.30460602045059204, ""10"": 0.3066982626914978, ""30"": 0.3107968270778656, ""45"": 0.3179040849208832, ""65"": 0.32574519515037537, ""90"": 0.3251819908618927}",0.25612118880837687,0.2908264821195333,0.2790673675678544,12304,0.3732831445496298,0.7791042439658471
chronos2,sg_carpark,2,L2,block_depth,True,0.16666666666666666,3.0,False,False,1e-05|0.0001|0.001|0.01|0.1|0.3|1|3|10|30|45|65|90,90.0,1e-05,13,0.01,0.03,chronos2_quantile_loss (SUM over quantiles) = 2Q x mean pinball,0.1816607266664505,"{""1e-05"": 0.3848555386066437, ""0.0001"": 0.3809950649738312, ""0.001"": 0.3712572455406189, ""0.01"": 0.3772629499435425, ""0.1"": 0.36718663573265076, ""0.3"": 0.3708608150482178, ""1"": 0.37232983112335205, ""3"": 0.363321453332901, ""10"": 0.37292683124542236, ""30"": 0.39376750588417053, ""45"": 0.4057226777076721, ""65"": 0.4286857545375824, ""90"": 0.46535393595695496}","{""1e-05"": 0.19242776930332184, ""0.0001"": 0.1904975324869156, ""0.001"": 0.18562862277030945, ""0.01"": 0.18863147497177124, ""0.1"": 0.18359331786632538, ""0.3"": 0.1854304075241089, ""1"": 0.18616491556167603, ""3"": 0.1816607266664505, ""10"": 0.18646341562271118, ""30"": 0.19688375294208527, ""45"": 0.20286133885383606, ""65"": 0.2143428772687912, ""90"": 0.23267696797847748}",0.17187072327587663,0.18166074072573818,0.18111729686080064,12304,0.3732831445496298,0.48665669312476956
chronos2,sg_carpark,3,L3,block_depth,True,0.25,0.3,False,False,1e-05|0.0001|0.001|0.01|0.1|0.3|1|3|10|30|45|65|90,90.0,1e-05,13,0.01,0.003,chronos2_quantile_loss (SUM over quantiles) = 2Q x mean pinball,0.15194107592105865,"{""1e-05"": 0.30602502822875977, ""0.0001"": 0.3052012622356415, ""0.001"": 0.30749228596687317, ""0.01"": 0.31139257550239563, ""0.1"": 0.3079143166542053, ""0.3"": 0.3038821518421173, ""1"": 0.30492329597473145, ""3"": 0.30859169363975525, ""10"": 0.31286340951919556, ""30"": 0.31929150223731995, ""45"": 0.33164161443710327, ""65"": 0.3370405435562134, ""90"": 0.3540818393230438}","{""1e-05"": 0.15301251411437988, ""0.0001"": 0.15260063111782074, ""0.001"": 0.15374614298343658, ""0.01"": 0.15569628775119781, ""0.1"": 0.15395715832710266, ""0.3"": 0.15194107592105865, ""1"": 0.15246164798736572, ""3"": 0.15429584681987762, ""10"": 0.15643170475959778, ""30"": 0.15964575111865997, ""45"": 0.16582080721855164, ""65"": 0.1685202717781067, ""90"": 0.1770409196615219}",0.1238276533317489,0.15194107842563237,0.12599075259377726,12304,0.3732831445496298,0.40703975157772243
chronos2,sg_carpark,4,L4,block_depth,True,0.3333333333333333,1e-05,False,True,1e-05|0.0001|0.001|0.01|0.1|0.3|1|3|10|30|45|65|90,90.0,1e-05,13,0.01,1.0000000000000001e-07,chronos2_quantile_loss (SUM over quantiles) = 2Q x mean pinball,0.15293264389038086,"{""1e-05"": 0.3058652877807617, ""0.0001"": 0.3119700849056244, ""0.001"": 0.3114911615848541, ""0.01"": 0.315266877412796, ""0.1"": 0.31531161069869995, ""0.3"": 0.30706217885017395, ""1"": 0.3084527254104614, ""3"": 0.3100849390029907, ""10"": 0.3117496967315674, ""30"": 0.32069915533065796, ""45"": 0.3219757676124573, ""65"": 0.3310072422027588, ""90"": 0.3491518795490265}","{""1e-05"": 0.15293264389038086, ""0.0001"": 0.1559850424528122, ""0.001"": 0.15574558079242706, ""0.01"": 0.157633438706398, ""0.1"": 0.15765580534934998, ""0.3"": 0.15353108942508698, ""1"": 0.1542263627052307, ""3"": 0.15504246950149536, ""10"": 0.1558748483657837, ""30"": 0.16034957766532898, ""45"": 0.16098788380622864, ""65"": 0.1655036211013794, ""90"": 0.17457593977451324}",0.11636575074649952,0.15293264721578123,0.1239836087271487,12304,0.3732831445496298,0.40969609651219624
chronos2,sg_carpark,5,L5,block_depth,True,0.4166666666666667,0.001,False,False,1e-05|0.0001|0.001|0.01|0.1|0.3|1|3|10|30|45|65|90,90.0,1e-05,13,0.01,1e-05,chronos2_quantile_loss (SUM over quantiles) = 2Q x mean pinball,0.14375744760036469,"{""1e-05"": 0.2933124899864197, ""0.0001"": 0.2904439866542816, ""0.001"": 0.28751489520072937, ""0.01"": 0.2895581126213074, ""0.1"": 0.2909941077232361, ""0.3"": 0.29269662499427795, ""1"": 0.2879187762737274, ""3"": 0.29570579528808594, ""10"": 0.2985909581184387, ""30"": 0.3100719153881073, ""45"": 0.3210313022136688, ""65"": 0.33070769906044006, ""90"": 0.3407038152217865}","{""1e-05"": 0.14665624499320984, ""0.0001"": 0.1452219933271408, ""0.001"": 0.14375744760036469, ""0.01"": 0.1447790563106537, ""0.1"": 0.14549705386161804, ""0.3"": 0.14634831249713898, ""1"": 0.1439593881368637, ""3"": 0.14785289764404297, ""10"": 0.14929547905921936, ""30"": 0.15503595769405365, ""45"": 0.1605156511068344, ""65"": 0.16535384953022003, ""90"": 0.17035190761089325}",0.11237497859964497,0.14375744273854515,0.12052356526466076,12304,0.3732831445496298,0.38511635158879215
chronos2,sg_carpark,6,L6,block_depth,True,0.5,0.01,False,False,1e-05|0.0001|0.001|0.01|0.1|0.3|1|3|10|30|45|65|90,90.0,1e-05,13,0.01,0.0001,chronos2_quantile_loss (SUM over quantiles) = 2Q x mean pinball,0.14462503790855408,"{""1e-05"": 0.29461905360221863, ""0.0001"": 0.29032739996910095, ""0.001"": 0.29591771960258484, ""0.01"": 0.28925007581710815, ""0.1"": 0.2928691506385803, ""0.3"": 0.2933202087879181, ""1"": 0.2917379140853882, ""3"": 0.29811808466911316, ""10"": 0.2984945774078369, ""30"": 0.31761425733566284, ""45"": 0.3228038549423218, ""65"": 0.31728649139404297, ""90"": 0.3406783640384674}","{""1e-05"": 0.14730952680110931, ""0.0001"": 0.14516369998455048, ""0.001"": 0.14795885980129242, ""0.01"": 0.14462503790855408, ""0.1"": 0.14643457531929016, ""0.3"": 0.14666010439395905, ""1"": 0.1458689570426941, ""3"": 0.14905904233455658, ""10"": 0.14924728870391846, ""30"": 0.15880712866783142, ""45"": 0.1614019274711609, ""65"": 0.15864324569702148, ""90"": 0.1703391820192337}",0.10921895140287609,0.14462503656155645,0.11895483461771644,12304,0.3732831445496298,0.3874405760700718
chronos2,sg_carpark,7,L7,block_depth,True,0.5833333333333334,1.0,False,False,1e-05|0.0001|0.001|0.01|0.1|0.3|1|3|10|30|45|65|90,90.0,1e-05,13,0.01,0.01,chronos2_quantile_loss (SUM over quantiles) = 2Q x mean pinball,0.13429370522499084,"{""1e-05"": 0.27941763401031494, ""0.0001"": 0.2742059528827667, ""0.001"": 0.27219918370246887, ""0.01"": 0.27984094619750977, ""0.1"": 0.2747696340084076, ""0.3"": 0.2719283103942871, ""1"": 0.2685874104499817, ""3"": 0.2727065086364746, ""10"": 0.28349852561950684, ""30"": 0.29017373919487, ""45"": 0.30166539549827576, ""65"": 0.30781659483909607, ""90"": 0.3328167200088501}","{""1e-05"": 0.13970881700515747, ""0.0001"": 0.13710297644138336, ""0.001"": 0.13609959185123444, ""0.01"": 0.13992047309875488, ""0.1"": 0.1373848170042038, ""0.3"": 0.13596415519714355, ""1"": 0.13429370522499084, ""3"": 0.1363532543182373, ""10"": 0.14174926280975342, ""30"": 0.145086869597435, ""45"": 0.15083269774913788, ""65"": 0.15390829741954803, ""90"": 0.16640836000442505}",0.11139694651404404,0.134293699752813,0.11493591351781861,12304,0.3732831445496298,0.35976363174619047
chronos2,sg_carpark,8,L8,block_depth,True,0.6666666666666666,3.0,False,False,1e-05|0.0001|0.001|0.01|0.1|0.3|1|3|10|30|45|65|90,90.0,1e-05,13,0.01,0.03,chronos2_quantile_loss (SUM over quantiles) = 2Q x mean pinball,0.1345030963420868,"{""1e-05"": 0.2814798355102539, ""0.0001"": 0.27755823731422424, ""0.001"": 0.27545908093452454, ""0.01"": 0.2740711271762848, ""0.1"": 0.2756221890449524, ""0.3"": 0.2811751663684845, ""1"": 0.2757798433303833, ""3"": 0.2690061926841736, ""10"": 0.27490654587745667, ""30"": 0.28797489404678345, ""45"": 0.29772695899009705, ""65"": 0.3059360384941101, ""90"": 0.32591789960861206}","{""1e-05"": 0.14073991775512695, ""0.0001"": 0.13877911865711212, ""0.001"": 0.13772954046726227, ""0.01"": 0.1370355635881424, ""0.1"": 0.1378110945224762, ""0.3"": 0.14058758318424225, ""1"": 0.13788992166519165, ""3"": 0.1345030963420868, ""10"": 0.13745327293872833, ""30"": 0.14398744702339172, ""45"": 0.14886347949504852, ""65"": 0.15296801924705505, ""90"": 0.16295894980430603}",0.11227536762809351,0.13450310528699289,0.11600579859131137,12304,0.3732831445496298,0.3603246148423668
chronos2,sg_carpark,9,L9,block_depth,True,0.75,1.0,False,False,1e-05|0.0001|0.001|0.01|0.1|0.3|1|3|10|30|45|65|90,90.0,1e-05,13,0.01,0.01,chronos2_quantile_loss (SUM over quantiles) = 2Q x mean pinball,0.1253512054681778,"{""1e-05"": 0.26098474860191345, ""0.0001"": 0.26910579204559326, ""0.001"": 0.2589420676231384, ""0.01"": 0.26356345415115356, ""0.1"": 0.2617744207382202, ""0.3"": 0.2583216428756714, ""1"": 0.2507024109363556, ""3"": 0.2574174106121063, ""10"": 0.26080623269081116, ""30"": 0.26655223965644836, ""45"": 0.2785490155220032, ""65"": 0.28171807527542114, ""90"": 0.30973780155181885}","{""1e-05"": 0.13049237430095673, ""0.0001"": 0.13455289602279663, ""0.001"": 0.1294710338115692, ""0.01"": 0.13178172707557678, ""0.1"": 0.1308872103691101, ""0.3"": 0.1291608214378357, ""1"": 0.1253512054681778, ""3"": 0.12870870530605316, ""10"": 0.13040311634540558, ""30"": 0.13327611982822418, ""45"": 0.1392745077610016, ""65"": 0.14085903763771057, ""90"": 0.15486890077590942}",0.10856189352421457,0.12535120121671656,0.1127762693890744,12304,0.3732831445496298,0.33580729011473087
chronos2,sg_carpark,10,L10,block_depth,True,0.8333333333333334,10.0,False,False,1e-05|0.0001|0.001|0.01|0.1|0.3|1|3|10|30|45|65|90,90.0,1e-05,13,0.01,0.1,chronos2_quantile_loss (SUM over quantiles) = 2Q x mean pinball,0.12387625873088837,"{""1e-05"": 0.255644291639328, ""0.0001"": 0.25234487652778625, ""0.001"": 0.2565242052078247, ""0.01"": 0.2552976608276367, ""0.1"": 0.250476211309433, ""0.3"": 0.248216450214386, ""1"": 0.24859972298145294, ""3"": 0.24959278106689453, ""10"": 0.24775251746177673, ""30"": 0.2565092146396637, ""45"": 0.26794418692588806, ""65"": 0.28033900260925293, ""90"": 0.29431796073913574}","{""1e-05"": 0.127822145819664, ""0.0001"": 0.12617243826389313, ""0.001"": 0.12826210260391235, ""0.01"": 0.12764883041381836, ""0.1"": 0.1252381056547165, ""0.3"": 0.124108225107193, ""1"": 0.12429986149072647, ""3"": 0.12479639053344727, ""10"": 0.12387625873088837, ""30"": 0.12825460731983185, ""45"": 0.13397209346294403, ""65"": 0.14016950130462646, ""90"": 0.14715898036956787}",0.11677286367719109,0.12387626815987172,0.11429269107763713,12304,0.3732831445496298,0.3318560453870206
chronos2,sg_carpark,11,L11,block_depth,True,0.9166666666666666,0.0001,False,False,1e-05|0.0001|0.001|0.01|0.1|0.3|1|3|10|30|45|65|90,90.0,1e-05,13,0.01,1.0000000000000002e-06,chronos2_quantile_loss (SUM over quantiles) = 2Q x mean pinball,0.11811594665050507,"{""1e-05"": 0.2411062866449356, ""0.0001"": 0.23623189330101013, ""0.001"": 0.24458427727222443, ""0.01"": 0.2435494065284729, ""0.1"": 0.24269239604473114, ""0.3"": 0.2418621927499771, ""1"": 0.24128390848636627, ""3"": 0.2395453304052353, ""10"": 0.24179783463478088, ""30"": 0.24703751504421234, ""45"": 0.26041632890701294, ""65"": 0.2713707983493805, ""90"": 0.29630210995674133}","{""1e-05"": 0.1205531433224678, ""0.0001"": 0.11811594665050507, ""0.001"": 0.12229213863611221, ""0.01"": 0.12177470326423645, ""0.1"": 0.12134619802236557, ""0.3"": 0.12093109637498856, ""1"": 0.12064195424318314, ""3"": 0.11977266520261765, ""10"": 0.12089891731739044, ""30"": 0.12351875752210617, ""45"": 0.13020816445350647, ""65"": 0.13568539917469025, ""90"": 0.14815105497837067}",0.10797230981375856,0.11811594974439023,0.1142521719474577,12304,0.3732831445496298,0.31642454653798635
chronos2,sg_carpark,12,L12,block_depth,True,1.0,3.0,False,False,1e-05|0.0001|0.001|0.01|0.1|0.3|1|3|10|30|45|65|90,90.0,1e-05,13,0.01,0.03,chronos2_quantile_loss (SUM over quantiles) = 2Q x mean pinball,0.11013583838939667,"{""1e-05"": 0.24987097084522247, ""0.0001"": 0.24541448056697845, ""0.001"": 0.25035497546195984, ""0.01"": 0.2379721701145172, ""0.1"": 0.2404615730047226, ""0.3"": 0.24260886013507843, ""1"": 0.23498205840587616, ""3"": 0.22027167677879333, ""10"": 0.2276921421289444, ""30"": 0.23932889103889465, ""45"": 0.24003568291664124, ""65"": 0.2734856903553009, ""90"": 0.28284358978271484}","{""1e-05"": 0.12493548542261124, ""0.0001"": 0.12270724028348923, ""0.001"": 0.12517748773097992, ""0.01"": 0.1189860850572586, ""0.1"": 0.1202307865023613, ""0.3"": 0.12130443006753922, ""1"": 0.11749102920293808, ""3"": 0.11013583838939667, ""10"": 0.1138460710644722, ""30"": 0.11966444551944733, ""45"": 0.12001784145832062, ""65"": 0.13674284517765045, ""90"": 0.14142179489135742}",0.11589381401260067,0.11013583602162741,0.1080815151838933,12304,0.3732831445496298,0.29504636796420985
chronos2,sg_carpark,13,L12+LN,head_input_diagnostic,False,,1.0,False,False,1e-05|0.0001|0.001|0.01|0.1|0.3|1|3|10|30|45|65|90,90.0,1e-05,13,0.01,0.01,chronos2_quantile_loss (SUM over quantiles) = 2Q x mean pinball,0.11240056902170181,"{""1e-05"": 0.2424299120903015, ""0.0001"": 0.24494558572769165, ""0.001"": 0.23976008594036102, ""0.01"": 0.24978457391262054, ""0.1"": 0.24417738616466522, ""0.3"": 0.22940856218338013, ""1"": 0.22480113804340363, ""3"": 0.22696317732334137, ""10"": 0.225306436419487, ""30"": 0.2459835708141327, ""45"": 0.24404563009738922, ""65"": 0.2575191259384155, ""90"": 0.27149835228919983}","{""1e-05"": 0.12121495604515076, ""0.0001"": 0.12247279286384583, ""0.001"": 0.11988004297018051, ""0.01"": 0.12489228695631027, ""0.1"": 0.12208869308233261, ""0.3"": 0.11470428109169006, ""1"": 0.11240056902170181, ""3"": 0.11348158866167068, ""10"": 0.1126532182097435, ""30"": 0.12299178540706635, ""45"": 0.12202281504869461, ""65"": 0.12875956296920776, ""90"": 0.13574917614459991}",0.11288354764565547,0.11240057639861847,0.10818514816126244,12304,0.3732831445496298,0.3011134524550553
chronos2,coastal_ts,0,Emb,block_depth,True,0.0,90.0,True,False,1e-05|0.0001|0.001|0.01|0.1|0.3|1|3|10|30|45|65|90,90.0,1e-05,13,0.01,0.9,chronos2_quantile_loss (SUM over quantiles) = 2Q x mean pinball,0.44695717096328735,"{""1e-05"": 0.8944751024246216, ""0.0001"": 0.8945846557617188, ""0.001"": 0.8943079710006714, ""0.01"": 0.8946473002433777, ""0.1"": 0.8945550322532654, ""0.3"": 0.8946520686149597, ""1"": 0.8944263458251953, ""3"": 0.8945978879928589, ""10"": 0.894044816493988, ""30"": 0.9146987795829773, ""45"": 0.9075431227684021, ""65"": 0.9345364570617676, ""90"": 0.8939143419265747}","{""1e-05"": 0.4472375512123108, ""0.0001"": 0.4472923278808594, ""0.001"": 0.4471539855003357, ""0.01"": 0.44732365012168884, ""0.1"": 0.4472775161266327, ""0.3"": 0.44732603430747986, ""1"": 0.44721317291259766, ""3"": 0.44729894399642944, ""10"": 0.447022408246994, ""30"": 0.45734938979148865, ""45"": 0.45377156138420105, ""65"": 0.4672682285308838, ""90"": 0.44695717096328735}",0.4408656298884403,0.4469571594769756,0.4508483974883954,12304,0.4472404293095072,0.9993666274022478
chronos2,coastal_ts,1,L1,block_depth,True,0.08333333333333333,45.0,False,False,1e-05|0.0001|0.001|0.01|0.1|0.3|1|3|10|30|45|65|90,90.0,1e-05,13,0.01,0.45,chronos2_quantile_loss (SUM over quantiles) = 2Q x mean pinball,0.2740427553653717,"{""1e-05"": 0.5572773814201355, ""0.0001"": 0.5542051196098328, ""0.001"": 0.556735634803772, ""0.01"": 0.5573508739471436, ""0.1"": 0.5599210858345032, ""0.3"": 0.5529533624649048, ""1"": 0.5501399040222168, ""3"": 0.5512363910675049, ""10"": 0.5492104887962341, ""30"": 0.548151969909668, ""45"": 0.5480855107307434, ""65"": 0.5507203340530396, ""90"": 0.5607653856277466}","{""1e-05"": 0.27863869071006775, ""0.0001"": 0.2771025598049164, ""0.001"": 0.278367817401886, ""0.01"": 0.2786754369735718, ""0.1"": 0.2799605429172516, ""0.3"": 0.2764766812324524, ""1"": 0.2750699520111084, ""3"": 0.27561819553375244, ""10"": 0.27460524439811707, ""30"": 0.274075984954834, ""45"": 0.2740427553653717, ""65"": 0.2753601670265198, ""90"": 0.2803826928138733}",0.24945573423223483,0.2740427393776675,0.26826464260617894,12304,0.4472404293095072,0.6127414281413713
chronos2,coastal_ts,2,L2,block_depth,True,0.16666666666666666,45.0,False,False,1e-05|0.0001|0.001|0.01|0.1|0.3|1|3|10|30|45|65|90,90.0,1e-05,13,0.01,0.45,chronos2_quantile_loss (SUM over quantiles) = 2Q x mean pinball,0.2730846405029297,"{""1e-05"": 0.5503942370414734, ""0.0001"": 0.5558472275733948, ""0.001"": 0.5529588460922241, ""0.01"": 0.5519908666610718, ""0.1"": 0.5524071455001831, ""0.3"": 0.5501773357391357, ""1"": 0.5517795085906982, ""3"": 0.546516478061676, ""10"": 0.549912691116333, ""30"": 0.5467884540557861, ""45"": 0.5461692810058594, ""65"": 0.5485720038414001, ""90"": 0.5578286051750183}","{""1e-05"": 0.2751971185207367, ""0.0001"": 0.2779236137866974, ""0.001"": 0.27647942304611206, ""0.01"": 0.2759954333305359, ""0.1"": 0.27620357275009155, ""0.3"": 0.27508866786956787, ""1"": 0.2758897542953491, ""3"": 0.273258239030838, ""10"": 0.2749563455581665, ""30"": 0.27339422702789307, ""45"": 0.2730846405029297, ""65"": 0.2742860019207001, ""90"": 0.27891430258750916}",0.2447182858306674,0.2730846176855266,0.2654326615544657,12304,0.4472404293095072,0.6105991314495894
chronos2,coastal_ts,3,L3,block_depth,True,0.25,1.0,False,False,1e-05|0.0001|0.001|0.01|0.1|0.3|1|3|10|30|45|65|90,90.0,1e-05,13,0.01,0.01,chronos2_quantile_loss (SUM over quantiles) = 2Q x mean pinball,0.2695261836051941,"{""1e-05"": 0.5450261235237122, ""0.0001"": 0.5406232476234436, ""0.001"": 0.54469895362854, ""0.01"": 0.5443695187568665, ""0.1"": 0.5414533019065857, ""0.3"": 0.5416203737258911, ""1"": 0.5390523672103882, ""3"": 0.5404977202415466, ""10"": 0.5410250425338745, ""30"": 0.5396794080734253, ""45"": 0.540057361125946, ""65"": 0.5430490970611572, ""90"": 0.5472145676612854}","{""1e-05"": 0.2725130617618561, ""0.0001"": 0.2703116238117218, ""0.001"": 0.27234947681427, ""0.01"": 0.2721847593784332, ""0.1"": 0.27072665095329285, ""0.3"": 0.27081018686294556, ""1"": 0.2695261836051941, ""3"": 0.2702488601207733, ""10"": 0.27051252126693726, ""30"": 0.26983970403671265, ""45"": 0.270028680562973, ""65"": 0.2715245485305786, ""90"": 0.2736072838306427}",0.21833654203675312,0.2695261697905759,0.2615574271573375,12304,0.4472404293095072,0.6026426774670088
chronos2,coastal_ts,4,L4,block_depth,True,0.3333333333333333,45.0,False,False,1e-05|0.0001|0.001|0.01|0.1|0.3|1|3|10|30|45|65|90,90.0,1e-05,13,0.01,0.45,chronos2_quantile_loss (SUM over quantiles) = 2Q x mean pinball,0.26547807455062866,"{""1e-05"": 0.5431780219078064, ""0.0001"": 0.5435044169425964, ""0.001"": 0.5445991158485413, ""0.01"": 0.5441019535064697, ""0.1"": 0.5431299209594727, ""0.3"": 0.5435391068458557, ""1"": 0.5412346124649048, ""3"": 0.538079023361206, ""10"": 0.5325033068656921, ""30"": 0.5326785445213318, ""45"": 0.5309561491012573, ""65"": 0.5345236659049988, ""90"": 0.5420889854431152}","{""1e-05"": 0.2715890109539032, ""0.0001"": 0.2717522084712982, ""0.001"": 0.27229955792427063, ""0.01"": 0.27205097675323486, ""0.1"": 0.27156496047973633, ""0.3"": 0.27176955342292786, ""1"": 0.2706173062324524, ""3"": 0.269039511680603, ""10"": 0.26625165343284607, ""30"": 0.2663392722606659, ""45"": 0.26547807455062866, ""65"": 0.2672618329524994, ""90"": 0.2710444927215576}",0.23627567222446116,0.265478050801903,0.26045295340009034,12304,0.4472404293095072,0.5935913513270112
chronos2,coastal_ts,5,L5,block_depth,True,0.4166666666666667,30.0,False,False,1e-05|0.0001|0.001|0.01|0.1|0.3|1|3|10|30|45|65|90,90.0,1e-05,13,0.01,0.3,chronos2_quantile_loss (SUM over quantiles) = 2Q x mean pinball,0.2610548436641693,"{""1e-05"": 0.5403459668159485, ""0.0001"": 0.5424377918243408, ""0.001"": 0.5435965061187744, ""0.01"": 0.5408770442008972, ""0.1"": 0.5396684408187866, ""0.3"": 0.5373870134353638, ""1"": 0.5310859680175781, ""3"": 0.5293333530426025, ""10"": 0.5272501707077026, ""30"": 0.5221096873283386, ""45"": 0.5236594080924988, ""65"": 0.5247573256492615, ""90"": 0.5320701003074646}","{""1e-05"": 0.27017298340797424, ""0.0001"": 0.2712188959121704, ""0.001"": 0.2717982530593872, ""0.01"": 0.2704385221004486, ""0.1"": 0.2698342204093933, ""0.3"": 0.2686935067176819, ""1"": 0.26554298400878906, ""3"": 0.26466667652130127, ""10"": 0.2636250853538513, ""30"": 0.2610548436641693, ""45"": 0.2618297040462494, ""65"": 0.26237866282463074, ""90"": 0.2660350501537323}",0.22625261984987335,0.26105484234479565,0.2594883848602573,12304,0.4472404293095072,0.5837013499603272
chronos2,coastal_ts,6,L6,block_depth,True,0.5,45.0,False,False,1e-05|0.0001|0.001|0.01|0.1|0.3|1|3|10|30|45|65|90,90.0,1e-05,13,0.01,0.45,chronos2_quantile_loss (SUM over quantiles) = 2Q x mean pinball,0.26400288939476013,"{""1e-05"": 0.564932107925415, ""0.0001"": 0.5642545819282532, ""0.001"": 0.5629127621650696, ""0.01"": 0.5628536939620972, ""0.1"": 0.5617610216140747, ""0.3"": 0.5595890879631042, ""1"": 0.5534245371818542, ""3"": 0.5498782396316528, ""10"": 0.5420593619346619, ""30"": 0.5336498022079468, ""45"": 0.5280057787895203, ""65"": 0.5306023955345154, ""90"": 0.5355746150016785}","{""1e-05"": 0.2824660539627075, ""0.0001"": 0.2821272909641266, ""0.001"": 0.2814563810825348, ""0.01"": 0.2814268469810486, ""0.1"": 0.28088051080703735, ""0.3"": 0.2797945439815521, ""1"": 0.2767122685909271, ""3"": 0.2749391198158264, ""10"": 0.27102968096733093, ""30"": 0.2668249011039734, ""45"": 0.26400288939476013, ""65"": 0.2653011977672577, ""90"": 0.26778730750083923}",0.22965445092557216,0.26400288427248597,0.2617690743257602,12304,0.4472404293095072,0.5902929765989158
chronos2,coastal_ts,7,L7,block_depth,True,0.5833333333333334,65.0,False,False,1e-05|0.0001|0.001|0.01|0.1|0.3|1|3|10|30|45|65|90,90.0,1e-05,13,0.01,0.65,chronos2_quantile_loss (SUM over quantiles) = 2Q x mean pinball,0.2651227116584778,"{""1e-05"": 0.5514948964118958, ""0.0001"": 0.5487977266311646, ""0.001"": 0.5489500761032104, ""0.01"": 0.5487498641014099, ""0.1"": 0.5464425086975098, ""0.3"": 0.5441267490386963, ""1"": 0.5372709035873413, ""3"": 0.533911943435669, ""10"": 0.5312405824661255, ""30"": 0.531277596950531, ""45"": 0.5306640267372131, ""65"": 0.5302454233169556, ""90"": 0.5376338362693787}","{""1e-05"": 0.2757474482059479, ""0.0001"": 0.2743988633155823, ""0.001"": 0.2744750380516052, ""0.01"": 0.27437493205070496, ""0.1"": 0.2732212543487549, ""0.3"": 0.27206337451934814, ""1"": 0.26863545179367065, ""3"": 0.2669559717178345, ""10"": 0.26562029123306274, ""30"": 0.2656387984752655, ""45"": 0.26533201336860657, ""65"": 0.2651227116584778, ""90"": 0.26881691813468933}",0.23298085471307872,0.2651226813128839,0.2652311652588348,12304,0.4472404293095072,0.5927967686691604
chronos2,coastal_ts,8,L8,block_depth,True,0.6666666666666666,30.0,False,False,1e-05|0.0001|0.001|0.01|0.1|0.3|1|3|10|30|45|65|90,90.0,1e-05,13,0.01,0.3,chronos2_quantile_loss (SUM over quantiles) = 2Q x mean pinball,0.26625749468803406,"{""1e-05"": 0.561104953289032, ""0.0001"": 0.559850811958313, ""0.001"": 0.5585013628005981, ""0.01"": 0.5606710314750671, ""0.1"": 0.556594729423523, ""0.3"": 0.5521832704544067, ""1"": 0.5475810766220093, ""3"": 0.5385413765907288, ""10"": 0.5345401763916016, ""30"": 0.5325149893760681, ""45"": 0.5327423214912415, ""65"": 0.5340451598167419, ""90"": 0.5367250442504883}","{""1e-05"": 0.280552476644516, ""0.0001"": 0.2799254059791565, ""0.001"": 0.2792506814002991, ""0.01"": 0.28033551573753357, ""0.1"": 0.2782973647117615, ""0.3"": 0.27609163522720337, ""1"": 0.27379053831100464, ""3"": 0.2692706882953644, ""10"": 0.2672700881958008, ""30"": 0.26625749468803406, ""45"": 0.2663711607456207, ""65"": 0.26702257990837097, ""90"": 0.26836252212524414}",0.222165375261152,0.2662574825808406,0.26388887548819184,12304,0.4472404293095072,0.595334109199194
chronos2,coastal_ts,9,L9,block_depth,True,0.75,30.0,False,False,1e-05|0.0001|0.001|0.01|0.1|0.3|1|3|10|30|45|65|90,90.0,1e-05,13,0.01,0.3,chronos2_quantile_loss (SUM over quantiles) = 2Q x mean pinball,0.26823747158050537,"{""1e-05"": 0.5588301420211792, ""0.0001"": 0.5569984316825867, ""0.001"": 0.5565516352653503, ""0.01"": 0.5562329292297363, ""0.1"": 0.5566954016685486, ""0.3"": 0.5526661276817322, ""1"": 0.5482124090194702, ""3"": 0.5442496538162231, ""10"": 0.539985179901123, ""30"": 0.5364749431610107, ""45"": 0.5376454591751099, ""65"": 0.5374931693077087, ""90"": 0.5423221588134766}","{""1e-05"": 0.2794150710105896, ""0.0001"": 0.27849921584129333, ""0.001"": 0.27827581763267517, ""0.01"": 0.27811646461486816, ""0.1"": 0.2783477008342743, ""0.3"": 0.2763330638408661, ""1"": 0.2741062045097351, ""3"": 0.2721248269081116, ""10"": 0.2699925899505615, ""30"": 0.26823747158050537, ""45"": 0.26882272958755493, ""65"": 0.26874658465385437, ""90"": 0.2711610794067383}",0.2220513393074926,0.2682374562136829,0.2656267178244889,12304,0.4472404293095072,0.5997611992006485
chronos2,coastal_ts,10,L10,block_depth,True,0.8333333333333334,10.0,False,False,1e-05|0.0001|0.001|0.01|0.1|0.3|1|3|10|30|45|65|90,90.0,1e-05,13,0.01,0.1,chronos2_quantile_loss (SUM over quantiles) = 2Q x mean pinball,0.2664012610912323,"{""1e-05"": 0.559795081615448, ""0.0001"": 0.5573241710662842, ""0.001"": 0.556218147277832, ""0.01"": 0.5569786429405212, ""0.1"": 0.5556133985519409, ""0.3"": 0.5516881942749023, ""1"": 0.5408550500869751, ""3"": 0.536317765712738, ""10"": 0.5328025221824646, ""30"": 0.5333976149559021, ""45"": 0.5338618159294128, ""65"": 0.5398591756820679, ""90"": 0.5470460057258606}","{""1e-05"": 0.279897540807724, ""0.0001"": 0.2786620855331421, ""0.001"": 0.278109073638916, ""0.01"": 0.2784893214702606, ""0.1"": 0.27780669927597046, ""0.3"": 0.27584409713745117, ""1"": 0.27042752504348755, ""3"": 0.268158882856369, ""10"": 0.2664012610912323, ""30"": 0.26669880747795105, ""45"": 0.2669309079647064, ""65"": 0.26992958784103394, ""90"": 0.2735230028629303}",0.21471818190447484,0.26640125224366784,0.26325831670934957,12304,0.4472404293095072,0.5956555686500966
chronos2,coastal_ts,11,L11,block_depth,True,0.9166666666666666,10.0,False,False,1e-05|0.0001|0.001|0.01|0.1|0.3|1|3|10|30|45|65|90,90.0,1e-05,13,0.01,0.1,chronos2_quantile_loss (SUM over quantiles) = 2Q x mean pinball,0.26921647787094116,"{""1e-05"": 0.5610886812210083, ""0.0001"": 0.5609184503555298, ""0.001"": 0.5565192103385925, ""0.01"": 0.5578780174255371, ""0.1"": 0.5566142797470093, ""0.3"": 0.550321638584137, ""1"": 0.5453992486000061, ""3"": 0.5418270826339722, ""10"": 0.5384329557418823, ""30"": 0.5402231216430664, ""45"": 0.5431005954742432, ""65"": 0.5473676919937134, ""90"": 0.5583500862121582}","{""1e-05"": 0.28054434061050415, ""0.0001"": 0.2804592251777649, ""0.001"": 0.27825960516929626, ""0.01"": 0.27893900871276855, ""0.1"": 0.27830713987350464, ""0.3"": 0.2751608192920685, ""1"": 0.27269962430000305, ""3"": 0.2709135413169861, ""10"": 0.26921647787094116, ""30"": 0.2701115608215332, ""45"": 0.2715502977371216, ""65"": 0.2736838459968567, ""90"": 0.2791750431060791}",0.22137166460551097,0.269216466229409,0.2592908691925307,12304,0.4472404293095072,0.6019502008015046
chronos2,coastal_ts,12,L12,block_depth,True,1.0,3.0,False,False,1e-05|0.0001|0.001|0.01|0.1|0.3|1|3|10|30|45|65|90,90.0,1e-05,13,0.01,0.03,chronos2_quantile_loss (SUM over quantiles) = 2Q x mean pinball,0.2677799463272095,"{""1e-05"": 0.5552041530609131, ""0.0001"": 0.5523513555526733, ""0.001"": 0.5535505414009094, ""0.01"": 0.5542898178100586, ""0.1"": 0.5526151657104492, ""0.3"": 0.5491912364959717, ""1"": 0.5430212616920471, ""3"": 0.535559892654419, ""10"": 0.5384349226951599, ""30"": 0.5364248752593994, ""45"": 0.5420812368392944, ""65"": 0.5422305464744568, ""90"": 0.5717235803604126}","{""1e-05"": 0.27760207653045654, ""0.0001"": 0.27617567777633667, ""0.001"": 0.2767752707004547, ""0.01"": 0.2771449089050293, ""0.1"": 0.2763075828552246, ""0.3"": 0.27459561824798584, ""1"": 0.27151063084602356, ""3"": 0.2677799463272095, ""10"": 0.26921746134757996, ""30"": 0.2682124376296997, ""45"": 0.2710406184196472, ""65"": 0.2711152732372284, ""90"": 0.2858617901802063}",0.21993310738841293,0.2677799182323118,0.258155835326761,12304,0.4472404293095072,0.5987381745557667
chronos2,coastal_ts,13,L12+LN,head_input_diagnostic,False,,10.0,False,False,1e-05|0.0001|0.001|0.01|0.1|0.3|1|3|10|30|45|65|90,90.0,1e-05,13,0.01,0.1,chronos2_quantile_loss (SUM over quantiles) = 2Q x mean pinball,0.27090659737586975,"{""1e-05"": 0.5633086562156677, ""0.0001"": 0.5629841089248657, ""0.001"": 0.5600473880767822, ""0.01"": 0.5612074136734009, ""0.1"": 0.5589247345924377, ""0.3"": 0.555543065071106, ""1"": 0.5474203824996948, ""3"": 0.5418293476104736, ""10"": 0.5418131947517395, ""30"": 0.5422841310501099, ""45"": 0.5504700541496277, ""65"": 0.5525577068328857, ""90"": 0.5597494840621948}","{""1e-05"": 0.28165432810783386, ""0.0001"": 0.28149205446243286, ""0.001"": 0.2800236940383911, ""0.01"": 0.28060370683670044, ""0.1"": 0.27946236729621887, ""0.3"": 0.277771532535553, ""1"": 0.2737101912498474, ""3"": 0.2709146738052368, ""10"": 0.27090659737586975, ""30"": 0.27114206552505493, ""45"": 0.27523502707481384, ""65"": 0.27627885341644287, ""90"": 0.2798747420310974}",0.21999226697991833,0.27090657704199356,0.2534472714178264,12304,0.4472404293095072,0.6057291767209981
chronos2,boom_hourly,0,Emb,block_depth,True,0.0,30.0,False,False,1e-05|0.0001|0.001|0.01|0.1|0.3|1|3|10|30|45|65|90,90.0,1e-05,13,0.01,0.3,chronos2_quantile_loss (SUM over quantiles) = 2Q x mean pinball,0.25381261110305786,"{""1e-05"": 0.533762514591217, ""0.0001"": 0.5335066914558411, ""0.001"": 0.5385101437568665, ""0.01"": 0.5192845463752747, ""0.1"": 0.5432195067405701, ""0.3"": 0.5497124195098877, ""1"": 0.5538058280944824, ""3"": 0.5612515211105347, ""10"": 0.5165555477142334, ""30"": 0.5076252222061157, ""45"": 0.5190999507904053, ""65"": 0.5368268489837646, ""90"": 0.5666701197624207}","{""1e-05"": 0.2668812572956085, ""0.0001"": 0.26675334572792053, ""0.001"": 0.2692550718784332, ""0.01"": 0.25964227318763733, ""0.1"": 0.27160975337028503, ""0.3"": 0.27485620975494385, ""1"": 0.2769029140472412, ""3"": 0.28062576055526733, ""10"": 0.2582777738571167, ""30"": 0.25381261110305786, ""45"": 0.25954997539520264, ""65"": 0.2684134244918823, ""90"": 0.2833350598812103}",0.2925788538004011,0.2538126208477438,0.2549565990302859,12304,0.22962636834978636,1.1053287245353063
chronos2,boom_hourly,1,L1,block_depth,True,0.08333333333333333,10.0,False,False,1e-05|0.0001|0.001|0.01|0.1|0.3|1|3|10|30|45|65|90,90.0,1e-05,13,0.01,0.1,chronos2_quantile_loss (SUM over quantiles) = 2Q x mean pinball,0.14523135125637054,"{""1e-05"": 0.32081103324890137, ""0.0001"": 0.3280452787876129, ""0.001"": 0.3269491493701935, ""0.01"": 0.323598176240921, ""0.1"": 0.3309879004955292, ""0.3"": 0.3308675289154053, ""1"": 0.3223717510700226, ""3"": 0.32645362615585327, ""10"": 0.2904627025127411, ""30"": 0.2944542467594147, ""45"": 0.29867255687713623, ""65"": 0.3064717948436737, ""90"": 0.3236016035079956}","{""1e-05"": 0.16040551662445068, ""0.0001"": 0.16402263939380646, ""0.001"": 0.16347457468509674, ""0.01"": 0.1617990881204605, ""0.1"": 0.1654939502477646, ""0.3"": 0.16543376445770264, ""1"": 0.1611858755350113, ""3"": 0.16322681307792664, ""10"": 0.14523135125637054, ""30"": 0.14722712337970734, ""45"": 0.14933627843856812, ""65"": 0.15323589742183685, ""90"": 0.1618008017539978}",0.1995325712233226,0.1452313459473057,0.1639835782938421,12304,0.22962636834978636,0.6324680697213179
chronos2,boom_hourly,2,L2,block_depth,True,0.16666666666666666,10.0,False,False,1e-05|0.0001|0.001|0.01|0.1|0.3|1|3|10|30|45|65|90,90.0,1e-05,13,0.01,0.1,chronos2_quantile_loss (SUM over quantiles) = 2Q x mean pinball,0.143193781375885,"{""1e-05"": 0.3064749538898468, ""0.0001"": 0.32018905878067017, ""0.001"": 0.3106377124786377, ""0.01"": 0.30649659037590027, ""0.1"": 0.314596563577652, ""0.3"": 0.30237308144569397, ""1"": 0.31731855869293213, ""3"": 0.3044038712978363, ""10"": 0.28638756275177, ""30"": 0.29239848256111145, ""45"": 0.296718567609787, ""65"": 0.30510061979293823, ""90"": 0.32031846046447754}","{""1e-05"": 0.1532374769449234, ""0.0001"": 0.16009452939033508, ""0.001"": 0.15531885623931885, ""0.01"": 0.15324829518795013, ""0.1"": 0.157298281788826, ""0.3"": 0.15118654072284698, ""1"": 0.15865927934646606, ""3"": 0.15220193564891815, ""10"": 0.143193781375885, ""30"": 0.14619924128055573, ""45"": 0.1483592838048935, ""65"": 0.15255030989646912, ""90"": 0.16015923023223877}",0.19560125962011998,0.14319377775056719,0.1631139424329592,12304,0.22962636834978636,0.6235946628413436
chronos2,boom_hourly,3,L3,block_depth,True,0.25,3.0,False,False,1e-05|0.0001|0.001|0.01|0.1|0.3|1|3|10|30|45|65|90,90.0,1e-05,13,0.01,0.03,chronos2_quantile_loss (SUM over quantiles) = 2Q x mean pinball,0.14020925760269165,"{""1e-05"": 0.28843215107917786, ""0.0001"": 0.29521673917770386, ""0.001"": 0.28941115736961365, ""0.01"": 0.29713118076324463, ""0.1"": 0.2892725467681885, ""0.3"": 0.28673505783081055, ""1"": 0.28336018323898315, ""3"": 0.2804185152053833, ""10"": 0.2808935344219208, ""30"": 0.28468266129493713, ""45"": 0.29128241539001465, ""65"": 0.29667964577674866, ""90"": 0.30863988399505615}","{""1e-05"": 0.14421607553958893, ""0.0001"": 0.14760836958885193, ""0.001"": 0.14470557868480682, ""0.01"": 0.14856559038162231, ""0.1"": 0.14463627338409424, ""0.3"": 0.14336752891540527, ""1"": 0.14168009161949158, ""3"": 0.14020925760269165, ""10"": 0.1404467672109604, ""30"": 0.14234133064746857, ""45"": 0.14564120769500732, ""65"": 0.14833982288837433, ""90"": 0.15431994199752808}",0.18663595447522538,0.1402092704833564,0.15857965259754894,12304,0.22962636834978636,0.6105974304735672
chronos2,boom_hourly,4,L4,block_depth,True,0.3333333333333333,3.0,False,False,1e-05|0.0001|0.001|0.01|0.1|0.3|1|3|10|30|45|65|90,90.0,1e-05,13,0.01,0.03,chronos2_quantile_loss (SUM over quantiles) = 2Q x mean pinball,0.1394234001636505,"{""1e-05"": 0.29438140988349915, ""0.0001"": 0.2956101894378662, ""0.001"": 0.29503023624420166, ""0.01"": 0.29503339529037476, ""0.1"": 0.29026052355766296, ""0.3"": 0.2891908586025238, ""1"": 0.2827281057834625, ""3"": 0.278846800327301, ""10"": 0.27981266379356384, ""30"": 0.2815195322036743, ""45"": 0.28780531883239746, ""65"": 0.2903033196926117, ""90"": 0.3012069761753082}","{""1e-05"": 0.14719070494174957, ""0.0001"": 0.1478050947189331, ""0.001"": 0.14751511812210083, ""0.01"": 0.14751669764518738, ""0.1"": 0.14513026177883148, ""0.3"": 0.1445954293012619, ""1"": 0.14136405289173126, ""3"": 0.1394234001636505, ""10"": 0.13990633189678192, ""30"": 0.14075976610183716, ""45"": 0.14390265941619873, ""65"": 0.14515165984630585, ""90"": 0.1506034880876541}",0.18326913147972337,0.1394234082719448,0.15803848828930975,12304,0.22962636834978636,0.6071750786894092
chronos2,boom_hourly,5,L5,block_depth,True,0.4166666666666667,10.0,False,False,1e-05|0.0001|0.001|0.01|0.1|0.3|1|3|10|30|45|65|90,90.0,1e-05,13,0.01,0.1,chronos2_quantile_loss (SUM over quantiles) = 2Q x mean pinball,0.1361628770828247,"{""1e-05"": 0.28934037685394287, ""0.0001"": 0.28901737928390503, ""0.001"": 0.2899171710014343, ""0.01"": 0.28902676701545715, ""0.1"": 0.2870244085788727, ""0.3"": 0.28133925795555115, ""1"": 0.27754613757133484, ""3"": 0.2759903073310852, ""10"": 0.2723257541656494, ""30"": 0.2760538160800934, ""45"": 0.2821175158023834, ""65"": 0.2852807641029358, ""90"": 0.29486531019210815}","{""1e-05"": 0.14467018842697144, ""0.0001"": 0.14450868964195251, ""0.001"": 0.14495858550071716, ""0.01"": 0.14451338350772858, ""0.1"": 0.14351220428943634, ""0.3"": 0.14066962897777557, ""1"": 0.13877306878566742, ""3"": 0.1379951536655426, ""10"": 0.1361628770828247, ""30"": 0.1380269080400467, ""45"": 0.1410587579011917, ""65"": 0.1426403820514679, ""90"": 0.14743265509605408}",0.18329298635343438,0.13616287367323698,0.15604367128199775,12304,0.22962636834978636,0.5929757747412621
chronos2,boom_hourly,6,L6,block_depth,True,0.5,10.0,False,False,1e-05|0.0001|0.001|0.01|0.1|0.3|1|3|10|30|45|65|90,90.0,1e-05,13,0.01,0.1,chronos2_quantile_loss (SUM over quantiles) = 2Q x mean pinball,0.13778233528137207,"{""1e-05"": 0.29572999477386475, ""0.0001"": 0.29526615142822266, ""0.001"": 0.2954872250556946, ""0.01"": 0.2971997559070587, ""0.1"": 0.29333600401878357, ""0.3"": 0.29037195444107056, ""1"": 0.28373318910598755, ""3"": 0.2812292277812958, ""10"": 0.27556467056274414, ""30"": 0.2793531119823456, ""45"": 0.2815655767917633, ""65"": 0.2857380211353302, ""90"": 0.29035764932632446}","{""1e-05"": 0.14786499738693237, ""0.0001"": 0.14763307571411133, ""0.001"": 0.1477436125278473, ""0.01"": 0.14859987795352936, ""0.1"": 0.14666800200939178, ""0.3"": 0.14518597722053528, ""1"": 0.14186659455299377, ""3"": 0.1406146138906479, ""10"": 0.13778233528137207, ""30"": 0.1396765559911728, ""45"": 0.14078278839588165, ""65"": 0.1428690105676651, ""90"": 0.14517882466316223}",0.1821797543754494,0.13778233048269303,0.15827801873602268,12304,0.22962636834978636,0.600028348106831
chronos2,boom_hourly,7,L7,block_depth,True,0.5833333333333334,10.0,False,False,1e-05|0.0001|0.001|0.01|0.1|0.3|1|3|10|30|45|65|90,90.0,1e-05,13,0.01,0.1,chronos2_quantile_loss (SUM over quantiles) = 2Q x mean pinball,0.13904067873954773,"{""1e-05"": 0.3017269968986511, ""0.0001"": 0.30262088775634766, ""0.001"": 0.3039195239543915, ""0.01"": 0.3051028847694397, ""0.1"": 0.3002571165561676, ""0.3"": 0.2985854744911194, ""1"": 0.2918875813484192, ""3"": 0.2841932773590088, ""10"": 0.27808135747909546, ""30"": 0.2783340513706207, ""45"": 0.28187423944473267, ""65"": 0.286174476146698, ""90"": 0.2912823557853699}","{""1e-05"": 0.15086349844932556, ""0.0001"": 0.15131044387817383, ""0.001"": 0.15195976197719574, ""0.01"": 0.15255144238471985, ""0.1"": 0.1501285582780838, ""0.3"": 0.1492927372455597, ""1"": 0.1459437906742096, ""3"": 0.1420966386795044, ""10"": 0.13904067873954773, ""30"": 0.13916702568531036, ""45"": 0.14093711972236633, ""65"": 0.143087238073349, ""90"": 0.14564117789268494}",0.18081952046757963,0.13904068024965835,0.15863302951457642,12304,0.22962636834978636,0.6055083362110217
chronos2,boom_hourly,8,L8,block_depth,True,0.6666666666666666,10.0,False,False,1e-05|0.0001|0.001|0.01|0.1|0.3|1|3|10|30|45|65|90,90.0,1e-05,13,0.01,0.1,chronos2_quantile_loss (SUM over quantiles) = 2Q x mean pinball,0.13968560099601746,"{""1e-05"": 0.3032968044281006, ""0.0001"": 0.30355435609817505, ""0.001"": 0.3037814199924469, ""0.01"": 0.30334722995758057, ""0.1"": 0.30173659324645996, ""0.3"": 0.29918643832206726, ""1"": 0.2927916944026947, ""3"": 0.2856729328632355, ""10"": 0.2793712019920349, ""30"": 0.2796516716480255, ""45"": 0.2800644338130951, ""65"": 0.2826540470123291, ""90"": 0.2874104678630829}","{""1e-05"": 0.1516484022140503, ""0.0001"": 0.15177717804908752, ""0.001"": 0.15189070999622345, ""0.01"": 0.15167361497879028, ""0.1"": 0.15086829662322998, ""0.3"": 0.14959321916103363, ""1"": 0.14639584720134735, ""3"": 0.14283646643161774, ""10"": 0.13968560099601746, ""30"": 0.13982583582401276, ""45"": 0.14003221690654755, ""65"": 0.14132702350616455, ""90"": 0.14370523393154144}",0.17947018994058522,0.13968561360307333,0.15916561949892907,12304,0.22962636834978636,0.608316956832642
chronos2,boom_hourly,9,L9,block_depth,True,0.75,30.0,False,False,1e-05|0.0001|0.001|0.01|0.1|0.3|1|3|10|30|45|65|90,90.0,1e-05,13,0.01,0.3,chronos2_quantile_loss (SUM over quantiles) = 2Q x mean pinball,0.1380174607038498,"{""1e-05"": 0.31170740723609924, ""0.0001"": 0.3100612759590149, ""0.001"": 0.30952295660972595, ""0.01"": 0.309887170791626, ""0.1"": 0.30705374479293823, ""0.3"": 0.30254313349723816, ""1"": 0.2959427833557129, ""3"": 0.28573527932167053, ""10"": 0.2785518169403076, ""30"": 0.2760349214076996, ""45"": 0.27695950865745544, ""65"": 0.28032341599464417, ""90"": 0.2849093973636627}","{""1e-05"": 0.15585370361804962, ""0.0001"": 0.15503063797950745, ""0.001"": 0.15476147830486298, ""0.01"": 0.154943585395813, ""0.1"": 0.15352687239646912, ""0.3"": 0.15127156674861908, ""1"": 0.14797139167785645, ""3"": 0.14286763966083527, ""10"": 0.1392759084701538, ""30"": 0.1380174607038498, ""45"": 0.13847975432872772, ""65"": 0.14016170799732208, ""90"": 0.14245469868183136}",0.18380842120166188,0.13801746513420915,0.15657652246813147,12304,0.22962636834978636,0.6010523361322739
chronos2,boom_hourly,10,L10,block_depth,True,0.8333333333333334,30.0,False,False,1e-05|0.0001|0.001|0.01|0.1|0.3|1|3|10|30|45|65|90,90.0,1e-05,13,0.01,0.3,chronos2_quantile_loss (SUM over quantiles) = 2Q x mean pinball,0.13720375299453735,"{""1e-05"": 0.31793925166130066, ""0.0001"": 0.31975555419921875, ""0.001"": 0.3217719495296478, ""0.01"": 0.31692376732826233, ""0.1"": 0.31590601801872253, ""0.3"": 0.31699100136756897, ""1"": 0.3057638108730316, ""3"": 0.30160269141197205, ""10"": 0.28987523913383484, ""30"": 0.2744075059890747, ""45"": 0.27883023023605347, ""65"": 0.28268101811408997, ""90"": 0.29713940620422363}","{""1e-05"": 0.15896962583065033, ""0.0001"": 0.15987777709960938, ""0.001"": 0.1608859747648239, ""0.01"": 0.15846188366413116, ""0.1"": 0.15795300900936127, ""0.3"": 0.15849550068378448, ""1"": 0.1528819054365158, ""3"": 0.15080134570598602, ""10"": 0.14493761956691742, ""30"": 0.13720375299453735, ""45"": 0.13941511511802673, ""65"": 0.14134050905704498, ""90"": 0.14856970310211182}",0.18562660484014873,0.1372037580826104,0.15706581894918686,12304,0.22962636834978636,0.5975087228380062
chronos2,boom_hourly,11,L11,block_depth,True,0.9166666666666666,30.0,False,False,1e-05|0.0001|0.001|0.01|0.1|0.3|1|3|10|30|45|65|90,90.0,1e-05,13,0.01,0.3,chronos2_quantile_loss (SUM over quantiles) = 2Q x mean pinball,0.13664570450782776,"{""1e-05"": 0.3218238055706024, ""0.0001"": 0.33062615990638733, ""0.001"": 0.3287476599216461, ""0.01"": 0.3233232796192169, ""0.1"": 0.32676512002944946, ""0.3"": 0.3141717314720154, ""1"": 0.31192746758461, ""3"": 0.30804508924484253, ""10"": 0.30145812034606934, ""30"": 0.2732914090156555, ""45"": 0.28322622179985046, ""65"": 0.28565117716789246, ""90"": 0.2981625199317932}","{""1e-05"": 0.1609119027853012, ""0.0001"": 0.16531307995319366, ""0.001"": 0.16437382996082306, ""0.01"": 0.16166163980960846, ""0.1"": 0.16338256001472473, ""0.3"": 0.1570858657360077, ""1"": 0.155963733792305, ""3"": 0.15402254462242126, ""10"": 0.15072906017303467, ""30"": 0.13664570450782776, ""45"": 0.14161311089992523, ""65"": 0.14282558858394623, ""90"": 0.1490812599658966}",0.18859795111778008,0.13664570911708523,0.15714755083439547,12304,0.22962636834978636,0.5950784750858181
chronos2,boom_hourly,12,L12,block_depth,True,1.0,45.0,False,False,1e-05|0.0001|0.001|0.01|0.1|0.3|1|3|10|30|45|65|90,90.0,1e-05,13,0.01,0.45,chronos2_quantile_loss (SUM over quantiles) = 2Q x mean pinball,0.13729240000247955,"{""1e-05"": 0.3048292100429535, ""0.0001"": 0.3023495078086853, ""0.001"": 0.318340927362442, ""0.01"": 0.3001093864440918, ""0.1"": 0.32207539677619934, ""0.3"": 0.32555854320526123, ""1"": 0.3234700858592987, ""3"": 0.29480865597724915, ""10"": 0.303102046251297, ""30"": 0.2788122594356537, ""45"": 0.2745848000049591, ""65"": 0.28367042541503906, ""90"": 0.30343836545944214}","{""1e-05"": 0.15241460502147675, ""0.0001"": 0.15117475390434265, ""0.001"": 0.159170463681221, ""0.01"": 0.1500546932220459, ""0.1"": 0.16103769838809967, ""0.3"": 0.16277927160263062, ""1"": 0.16173504292964935, ""3"": 0.14740432798862457, ""10"": 0.1515510231256485, ""30"": 0.13940612971782684, ""45"": 0.13729240000247955, ""65"": 0.14183521270751953, ""90"": 0.15171918272972107}",0.19192831140075686,0.13729239758472406,0.15682334243977641,12304,0.22962636834978636,0.5978947390553537
chronos2,boom_hourly,13,L12+LN,head_input_diagnostic,False,,30.0,False,False,1e-05|0.0001|0.001|0.01|0.1|0.3|1|3|10|30|45|65|90,90.0,1e-05,13,0.01,0.3,chronos2_quantile_loss (SUM over quantiles) = 2Q x mean pinball,0.125887930393219,"{""1e-05"": 0.2883700430393219, ""0.0001"": 0.28504711389541626, ""0.001"": 0.28713518381118774, ""0.01"": 0.2829201817512512, ""0.1"": 0.28850552439689636, ""0.3"": 0.28710636496543884, ""1"": 0.2671523094177246, ""3"": 0.28260692954063416, ""10"": 0.26691949367523193, ""30"": 0.251775860786438, ""45"": 0.25497758388519287, ""65"": 0.27377212047576904, ""90"": 0.2798469364643097}","{""1e-05"": 0.14418502151966095, ""0.0001"": 0.14252355694770813, ""0.001"": 0.14356759190559387, ""0.01"": 0.1414600908756256, ""0.1"": 0.14425276219844818, ""0.3"": 0.14355318248271942, ""1"": 0.1335761547088623, ""3"": 0.14130346477031708, ""10"": 0.13345974683761597, ""30"": 0.125887930393219, ""45"": 0.12748879194259644, ""65"": 0.13688606023788452, ""90"": 0.13992346823215485}",0.18395834888626889,0.1258879309036048,0.1476645660770815,12304,0.22962636834978636,0.5482294207250695
chronos2,LOOP_SEATTLE_5T,0,Emb,block_depth,True,0.0,0.0001,False,False,1e-05|0.0001|0.001|0.01|0.1|0.3|1|3|10|30|45|65|90,90.0,1e-05,13,0.01,1.0000000000000002e-06,chronos2_quantile_loss (SUM over quantiles) = 2Q x mean pinball,0.30012914538383484,"{""1e-05"": 0.6041906476020813, ""0.0001"": 0.6002582907676697, ""0.001"": 0.6010006070137024, ""0.01"": 0.601136326789856, ""0.1"": 0.606348991394043, ""0.3"": 0.6039682030677795, ""1"": 0.614504873752594, ""3"": 0.6247808933258057, ""10"": 0.6231310963630676, ""30"": 0.6185916066169739, ""45"": 0.6336032748222351, ""65"": 0.6352356672286987, ""90"": 0.6714138984680176}","{""1e-05"": 0.30209532380104065, ""0.0001"": 0.30012914538383484, ""0.001"": 0.3005003035068512, ""0.01"": 0.300568163394928, ""0.1"": 0.3031744956970215, ""0.3"": 0.30198410153388977, ""1"": 0.307252436876297, ""3"": 0.31239044666290283, ""10"": 0.3115655481815338, ""30"": 0.30929580330848694, ""45"": 0.31680163741111755, ""65"": 0.31761783361434937, ""90"": 0.3357069492340088}",0.3299295413047289,0.30012912795175123,0.2378556276493855,12304,0.29474481672958563,1.0182677045245734
chronos2,LOOP_SEATTLE_5T,1,L1,block_depth,True,0.08333333333333333,0.001,False,False,1e-05|0.0001|0.001|0.01|0.1|0.3|1|3|10|30|45|65|90,90.0,1e-05,13,0.01,1e-05,chronos2_quantile_loss (SUM over quantiles) = 2Q x mean pinball,0.28720542788505554,"{""1e-05"": 0.5759206414222717, ""0.0001"": 0.5754393339157104, ""0.001"": 0.5744108557701111, ""0.01"": 0.5749728679656982, ""0.1"": 0.5796374082565308, ""0.3"": 0.5806270241737366, ""1"": 0.5832176804542542, ""3"": 0.5949243307113647, ""10"": 0.5947107076644897, ""30"": 0.6027486324310303, ""45"": 0.6049201488494873, ""65"": 0.6108148097991943, ""90"": 0.6095563769340515}","{""1e-05"": 0.28796032071113586, ""0.0001"": 0.2877196669578552, ""0.001"": 0.28720542788505554, ""0.01"": 0.2874864339828491, ""0.1"": 0.2898187041282654, ""0.3"": 0.2903135120868683, ""1"": 0.2916088402271271, ""3"": 0.2974621653556824, ""10"": 0.2973553538322449, ""30"": 0.30137431621551514, ""45"": 0.30246007442474365, ""65"": 0.30540740489959717, ""90"": 0.30477818846702576}",0.2366103144306449,0.2872054182732378,0.2252909320029821,12304,0.29474481672958563,0.9744205901905143
chronos2,LOOP_SEATTLE_5T,2,L2,block_depth,True,0.16666666666666666,1.0,False,False,1e-05|0.0001|0.001|0.01|0.1|0.3|1|3|10|30|45|65|90,90.0,1e-05,13,0.01,0.01,chronos2_quantile_loss (SUM over quantiles) = 2Q x mean pinball,0.2794993817806244,"{""1e-05"": 0.5622218251228333, ""0.0001"": 0.559901237487793, ""0.001"": 0.5600722432136536, ""0.01"": 0.5601045489311218, ""0.1"": 0.5604950785636902, ""0.3"": 0.5601335167884827, ""1"": 0.5589987635612488, ""3"": 0.5609555840492249, ""10"": 0.5703538656234741, ""30"": 0.5759624242782593, ""45"": 0.5808007717132568, ""65"": 0.5813745260238647, ""90"": 0.581545889377594}","{""1e-05"": 0.2811109125614166, ""0.0001"": 0.2799506187438965, ""0.001"": 0.2800361216068268, ""0.01"": 0.2800522744655609, ""0.1"": 0.2802475392818451, ""0.3"": 0.28006675839424133, ""1"": 0.2794993817806244, ""3"": 0.2804777920246124, ""10"": 0.28517693281173706, ""30"": 0.28798121213912964, ""45"": 0.2904003858566284, ""65"": 0.2906872630119324, ""90"": 0.290772944688797}",0.2295497527460927,0.2794993811123471,0.20335475187606483,12304,0.29474481672958563,0.9482758143590173
chronos2,LOOP_SEATTLE_5T,3,L3,block_depth,True,0.25,45.0,False,False,1e-05|0.0001|0.001|0.01|0.1|0.3|1|3|10|30|45|65|90,90.0,1e-05,13,0.01,0.45,chronos2_quantile_loss (SUM over quantiles) = 2Q x mean pinball,0.26659056544303894,"{""1e-05"": 0.5419718027114868, ""0.0001"": 0.539824366569519, ""0.001"": 0.5396135449409485, ""0.01"": 0.5416614413261414, ""0.1"": 0.5385091304779053, ""0.3"": 0.540099561214447, ""1"": 0.535794198513031, ""3"": 0.5344815850257874, ""10"": 0.5351319909095764, ""30"": 0.5367074012756348, ""45"": 0.5331811308860779, ""65"": 0.5359809398651123, ""90"": 0.5369353890419006}","{""1e-05"": 0.2709859013557434, ""0.0001"": 0.2699121832847595, ""0.001"": 0.26980677247047424, ""0.01"": 0.2708307206630707, ""0.1"": 0.26925456523895264, ""0.3"": 0.2700497806072235, ""1"": 0.2678970992565155, ""3"": 0.2672407925128937, ""10"": 0.2675659954547882, ""30"": 0.2683537006378174, ""45"": 0.26659056544303894, ""65"": 0.26799046993255615, ""90"": 0.2684676945209503}",0.23031844132428875,0.2665905523618669,0.21032133843493825,12304,0.29474481672958563,0.9044791875218999
chronos2,LOOP_SEATTLE_5T,4,L4,block_depth,True,0.3333333333333333,0.001,False,False,1e-05|0.0001|0.001|0.01|0.1|0.3|1|3|10|30|45|65|90,90.0,1e-05,13,0.01,1e-05,chronos2_quantile_loss (SUM over quantiles) = 2Q x mean pinball,0.2685791552066803,"{""1e-05"": 0.5381596684455872, ""0.0001"": 0.5390071868896484, ""0.001"": 0.5371583104133606, ""0.01"": 0.5376083254814148, ""0.1"": 0.5374221801757812, ""0.3"": 0.5375797748565674, ""1"": 0.539467990398407, ""3"": 0.5433411002159119, ""10"": 0.5450667142868042, ""30"": 0.5457637310028076, ""45"": 0.5445036888122559, ""65"": 0.544718325138092, ""90"": 0.5424523949623108}","{""1e-05"": 0.2690798342227936, ""0.0001"": 0.2695035934448242, ""0.001"": 0.2685791552066803, ""0.01"": 0.2688041627407074, ""0.1"": 0.2687110900878906, ""0.3"": 0.2687898874282837, ""1"": 0.2697339951992035, ""3"": 0.27167055010795593, ""10"": 0.2725333571434021, ""30"": 0.2728818655014038, ""45"": 0.27225184440612793, ""65"": 0.272359162569046, ""90"": 0.2712261974811554}",0.20415890057286623,0.2685791270821604,0.22282267225380162,12304,0.29474481672958563,0.9112259549200793
chronos2,LOOP_SEATTLE_5T,5,L5,block_depth,True,0.4166666666666667,0.0001,False,False,1e-05|0.0001|0.001|0.01|0.1|0.3|1|3|10|30|45|65|90,90.0,1e-05,13,0.01,1.0000000000000002e-06,chronos2_quantile_loss (SUM over quantiles) = 2Q x mean pinball,0.26474830508232117,"{""1e-05"": 0.5318794846534729, ""0.0001"": 0.5294966101646423, ""0.001"": 0.5306898355484009, ""0.01"": 0.5300461649894714, ""0.1"": 0.531701385974884, ""0.3"": 0.5310096144676208, ""1"": 0.5311747789382935, ""3"": 0.5354043245315552, ""10"": 0.5314051508903503, ""30"": 0.5355059504508972, ""45"": 0.5344653129577637, ""65"": 0.5312676429748535, ""90"": 0.5341523885726929}","{""1e-05"": 0.26593974232673645, ""0.0001"": 0.26474830508232117, ""0.001"": 0.26534491777420044, ""0.01"": 0.2650230824947357, ""0.1"": 0.265850692987442, ""0.3"": 0.2655048072338104, ""1"": 0.26558738946914673, ""3"": 0.2677021622657776, ""10"": 0.26570257544517517, ""30"": 0.2677529752254486, ""45"": 0.26723265647888184, ""65"": 0.26563382148742676, ""90"": 0.26707619428634644}",0.20159013831514966,0.26474830769855556,0.22631218873021255,12304,0.29474481672958563,0.8982288836700717
chronos2,LOOP_SEATTLE_5T,6,L6,block_depth,True,0.5,90.0,True,False,1e-05|0.0001|0.001|0.01|0.1|0.3|1|3|10|30|45|65|90,90.0,1e-05,13,0.01,0.9,chronos2_quantile_loss (SUM over quantiles) = 2Q x mean pinball,0.25530168414115906,"{""1e-05"": 0.5301901698112488, ""0.0001"": 0.5295796990394592, ""0.001"": 0.5286731123924255, ""0.01"": 0.5281510353088379, ""0.1"": 0.5300876498222351, ""0.3"": 0.5277696251869202, ""1"": 0.5230937600135803, ""3"": 0.520218014717102, ""10"": 0.5218653678894043, ""30"": 0.5162601470947266, ""45"": 0.5129234194755554, ""65"": 0.51295006275177, ""90"": 0.5106033682823181}","{""1e-05"": 0.2650950849056244, ""0.0001"": 0.2647898495197296, ""0.001"": 0.26433655619621277, ""0.01"": 0.26407551765441895, ""0.1"": 0.26504382491111755, ""0.3"": 0.2638848125934601, ""1"": 0.26154688000679016, ""3"": 0.260109007358551, ""10"": 0.26093268394470215, ""30"": 0.2581300735473633, ""45"": 0.2564617097377777, ""65"": 0.256475031375885, ""90"": 0.25530168414115906}",0.22671942540859988,0.25530167270935217,0.20511285642176183,12304,0.29474481672958563,0.8661786678460213
chronos2,LOOP_SEATTLE_5T,7,L7,block_depth,True,0.5833333333333334,90.0,True,False,1e-05|0.0001|0.001|0.01|0.1|0.3|1|3|10|30|45|65|90,90.0,1e-05,13,0.01,0.9,chronos2_quantile_loss (SUM over quantiles) = 2Q x mean pinball,0.24982482194900513,"{""1e-05"": 0.5217506885528564, ""0.0001"": 0.5253283381462097, ""0.001"": 0.5237628221511841, ""0.01"": 0.5221073031425476, ""0.1"": 0.5228933691978455, ""0.3"": 0.5195325016975403, ""1"": 0.5170568823814392, ""3"": 0.5160749554634094, ""10"": 0.5097265839576721, ""30"": 0.5092030763626099, ""45"": 0.5043486952781677, ""65"": 0.5019189715385437, ""90"": 0.49964964389801025}","{""1e-05"": 0.2608753442764282, ""0.0001"": 0.26266416907310486, ""0.001"": 0.26188141107559204, ""0.01"": 0.2610536515712738, ""0.1"": 0.26144668459892273, ""0.3"": 0.25976625084877014, ""1"": 0.2585284411907196, ""3"": 0.2580374777317047, ""10"": 0.25486329197883606, ""30"": 0.25460153818130493, ""45"": 0.25217434763908386, ""65"": 0.25095948576927185, ""90"": 0.24982482194900513}",0.2265478453359739,0.24982482291587438,0.2000733101669386,12304,0.29474481672958563,0.8475970016635671
chronos2,LOOP_SEATTLE_5T,8,L8,block_depth,True,0.6666666666666666,90.0,True,False,1e-05|0.0001|0.001|0.01|0.1|0.3|1|3|10|30|45|65|90,90.0,1e-05,13,0.01,0.9,chronos2_quantile_loss (SUM over quantiles) = 2Q x mean pinball,0.23570400476455688,"{""1e-05"": 0.5102201104164124, ""0.0001"": 0.5089957118034363, ""0.001"": 0.5078604817390442, ""0.01"": 0.5073385238647461, ""0.1"": 0.504952609539032, ""0.3"": 0.5040851831436157, ""1"": 0.49840784072875977, ""3"": 0.49442780017852783, ""10"": 0.48825448751449585, ""30"": 0.4790927469730377, ""45"": 0.47471103072166443, ""65"": 0.47331371903419495, ""90"": 0.47140800952911377}","{""1e-05"": 0.2551100552082062, ""0.0001"": 0.25449785590171814, ""0.001"": 0.2539302408695221, ""0.01"": 0.25366926193237305, ""0.1"": 0.252476304769516, ""0.3"": 0.25204259157180786, ""1"": 0.24920392036437988, ""3"": 0.24721390008926392, ""10"": 0.24412724375724792, ""30"": 0.23954637348651886, ""45"": 0.23735551536083221, ""65"": 0.23665685951709747, ""90"": 0.23570400476455688}",0.2243004516969666,0.23570399833772018,0.19792188937199934,12304,0.29474481672958563,0.7996883573832866
chronos2,LOOP_SEATTLE_5T,9,L9,block_depth,True,0.75,65.0,False,False,1e-05|0.0001|0.001|0.01|0.1|0.3|1|3|10|30|45|65|90,90.0,1e-05,13,0.01,0.65,chronos2_quantile_loss (SUM over quantiles) = 2Q x mean pinball,0.23139117658138275,"{""1e-05"": 0.4927341341972351, ""0.0001"": 0.49232301115989685, ""0.001"": 0.493988960981369, ""0.01"": 0.4939601421356201, ""0.1"": 0.49175018072128296, ""0.3"": 0.48757994174957275, ""1"": 0.4822850823402405, ""3"": 0.4735868573188782, ""10"": 0.4688800573348999, ""30"": 0.4667374789714813, ""45"": 0.4640553891658783, ""65"": 0.4627823531627655, ""90"": 0.46607261896133423}","{""1e-05"": 0.24636706709861755, ""0.0001"": 0.24616150557994843, ""0.001"": 0.2469944804906845, ""0.01"": 0.24698007106781006, ""0.1"": 0.24587509036064148, ""0.3"": 0.24378997087478638, ""1"": 0.24114254117012024, ""3"": 0.2367934286594391, ""10"": 0.23444002866744995, ""30"": 0.23336873948574066, ""45"": 0.23202769458293915, ""65"": 0.23139117658138275, ""90"": 0.23303630948066711}",0.2205900594837953,0.23139117891324384,0.20494671818579882,12304,0.29474481672958563,0.7850559730980249
chronos2,LOOP_SEATTLE_5T,10,L10,block_depth,True,0.8333333333333334,45.0,False,False,1e-05|0.0001|0.001|0.01|0.1|0.3|1|3|10|30|45|65|90,90.0,1e-05,13,0.01,0.45,chronos2_quantile_loss (SUM over quantiles) = 2Q x mean pinball,0.2300700694322586,"{""1e-05"": 0.4862023890018463, ""0.0001"": 0.4861004054546356, ""0.001"": 0.4836520254611969, ""0.01"": 0.48239490389823914, ""0.1"": 0.48158466815948486, ""0.3"": 0.4815530478954315, ""1"": 0.4762290120124817, ""3"": 0.4700552523136139, ""10"": 0.46574756503105164, ""30"": 0.460685670375824, ""45"": 0.4601401388645172, ""65"": 0.4624112844467163, ""90"": 0.46312394738197327}","{""1e-05"": 0.24310119450092316, ""0.0001"": 0.2430502027273178, ""0.001"": 0.24182601273059845, ""0.01"": 0.24119745194911957, ""0.1"": 0.24079233407974243, ""0.3"": 0.24077652394771576, ""1"": 0.23811450600624084, ""3"": 0.23502762615680695, ""10"": 0.23287378251552582, ""30"": 0.230342835187912, ""45"": 0.2300700694322586, ""65"": 0.23120564222335815, ""90"": 0.23156197369098663}",0.2197438244369827,0.2300700772525245,0.20651618338666344,12304,0.29474481672958563,0.7805737851655009
chronos2,LOOP_SEATTLE_5T,11,L11,block_depth,True,0.9166666666666666,65.0,False,False,1e-05|0.0001|0.001|0.01|0.1|0.3|1|3|10|30|45|65|90,90.0,1e-05,13,0.01,0.65,chronos2_quantile_loss (SUM over quantiles) = 2Q x mean pinball,0.23355810344219208,"{""1e-05"": 0.49794939160346985, ""0.0001"": 0.49730175733566284, ""0.001"": 0.4984351694583893, ""0.01"": 0.496005117893219, ""0.1"": 0.4974289536476135, ""0.3"": 0.49269360303878784, ""1"": 0.4873868525028229, ""3"": 0.4828348755836487, ""10"": 0.4773408770561218, ""30"": 0.4692744314670563, ""45"": 0.46829521656036377, ""65"": 0.46711620688438416, ""90"": 0.46987786889076233}","{""1e-05"": 0.24897469580173492, ""0.0001"": 0.24865087866783142, ""0.001"": 0.24921758472919464, ""0.01"": 0.2480025589466095, ""0.1"": 0.24871447682380676, ""0.3"": 0.24634680151939392, ""1"": 0.24369342625141144, ""3"": 0.24141743779182434, ""10"": 0.2386704385280609, ""30"": 0.23463721573352814, ""45"": 0.23414760828018188, ""65"": 0.23355810344219208, ""90"": 0.23493893444538116}",0.2286294446817173,0.23355811643805213,0.21560562757476595,12304,0.29474481672958563,0.7924078836383087
chronos2,LOOP_SEATTLE_5T,12,L12,block_depth,True,1.0,65.0,False,False,1e-05|0.0001|0.001|0.01|0.1|0.3|1|3|10|30|45|65|90,90.0,1e-05,13,0.01,0.65,chronos2_quantile_loss (SUM over quantiles) = 2Q x mean pinball,0.23061135411262512,"{""1e-05"": 0.5075075626373291, ""0.0001"": 0.504151463508606, ""0.001"": 0.5062426328659058, ""0.01"": 0.50285804271698, ""0.1"": 0.5041251182556152, ""0.3"": 0.49783849716186523, ""1"": 0.48883673548698425, ""3"": 0.48139116168022156, ""10"": 0.47492825984954834, ""30"": 0.46149781346321106, ""45"": 0.46277767419815063, ""65"": 0.46122270822525024, ""90"": 0.47415634989738464}","{""1e-05"": 0.25375378131866455, ""0.0001"": 0.252075731754303, ""0.001"": 0.2531213164329529, ""0.01"": 0.25142902135849, ""0.1"": 0.2520625591278076, ""0.3"": 0.24891924858093262, ""1"": 0.24441836774349213, ""3"": 0.24069558084011078, ""10"": 0.23746412992477417, ""30"": 0.23074890673160553, ""45"": 0.23138883709907532, ""65"": 0.23061135411262512, ""90"": 0.23707817494869232}",0.23780903211625098,0.23061134737297778,0.21653931622059291,12304,0.29474481672958563,0.782410187672792
chronos2,LOOP_SEATTLE_5T,13,L12+LN,head_input_diagnostic,False,,65.0,False,False,1e-05|0.0001|0.001|0.01|0.1|0.3|1|3|10|30|45|65|90,90.0,1e-05,13,0.01,0.65,chronos2_quantile_loss (SUM over quantiles) = 2Q x mean pinball,0.2302120476961136,"{""1e-05"": 0.5035591721534729, ""0.0001"": 0.5054471492767334, ""0.001"": 0.5065593719482422, ""0.01"": 0.510763943195343, ""0.1"": 0.503086268901825, ""0.3"": 0.49841761589050293, ""1"": 0.4941345751285553, ""3"": 0.4790918827056885, ""10"": 0.46865612268447876, ""30"": 0.4642508625984192, ""45"": 0.4607727825641632, ""65"": 0.4604240953922272, ""90"": 0.4735824465751648}","{""1e-05"": 0.25177958607673645, ""0.0001"": 0.2527235746383667, ""0.001"": 0.2532796859741211, ""0.01"": 0.2553819715976715, ""0.1"": 0.2515431344509125, ""0.3"": 0.24920880794525146, ""1"": 0.24706728756427765, ""3"": 0.23954594135284424, ""10"": 0.23432806134223938, ""30"": 0.2321254312992096, ""45"": 0.2303863912820816, ""65"": 0.2302120476961136, ""90"": 0.2367912232875824}",0.23118402572666727,0.23021204527894049,0.21591439264478118,12304,0.29474481672958563,0.7810554493657105
chronos2,electricity_15min,0,Emb,block_depth,True,0.0,0.3,False,False,1e-05|0.0001|0.001|0.01|0.1|0.3|1|3|10|30|45|65|90,90.0,1e-05,13,0.01,0.003,chronos2_quantile_loss (SUM over quantiles) = 2Q x mean pinball,0.3867102563381195,"{""1e-05"": 0.773837149143219, ""0.0001"": 0.7737457156181335, ""0.001"": 0.7739241123199463, ""0.01"": 0.7740691900253296, ""0.1"": 0.7734742164611816, ""0.3"": 0.773420512676239, ""1"": 0.7737462520599365, ""3"": 0.7737240195274353, ""10"": 0.7773769497871399, ""30"": 0.783418595790863, ""45"": 0.8122610449790955, ""65"": 0.8842638731002808, ""90"": 0.8049426078796387}","{""1e-05"": 0.3869185745716095, ""0.0001"": 0.3868728578090668, ""0.001"": 0.38696205615997314, ""0.01"": 0.3870345950126648, ""0.1"": 0.3867371082305908, ""0.3"": 0.3867102563381195, ""1"": 0.38687312602996826, ""3"": 0.38686200976371765, ""10"": 0.38868847489356995, ""30"": 0.3917092978954315, ""45"": 0.40613052248954773, ""65"": 0.4421319365501404, ""90"": 0.40247130393981934}",0.37612723783620633,0.3867102460438059,0.37596475799347606,12304,0.3870271949936415,0.9991810680129575
chronos2,electricity_15min,1,L1,block_depth,True,0.08333333333333333,1e-05,False,True,1e-05|0.0001|0.001|0.01|0.1|0.3|1|3|10|30|45|65|90,90.0,1e-05,13,0.01,1.0000000000000001e-07,chronos2_quantile_loss (SUM over quantiles) = 2Q x mean pinball,0.2150043100118637,"{""1e-05"": 0.4300086200237274, ""0.0001"": 0.4323899745941162, ""0.001"": 0.43453648686408997, ""0.01"": 0.4300438463687897, ""0.1"": 0.4334571659564972, ""0.3"": 0.43560531735420227, ""1"": 0.43668732047080994, ""3"": 0.44585132598876953, ""10"": 0.46104633808135986, ""30"": 0.49529021978378296, ""45"": 0.5165446996688843, ""65"": 0.5454577207565308, ""90"": 0.5645288228988647}","{""1e-05"": 0.2150043100118637, ""0.0001"": 0.2161949872970581, ""0.001"": 0.21726824343204498, ""0.01"": 0.21502192318439484, ""0.1"": 0.2167285829782486, ""0.3"": 0.21780265867710114, ""1"": 0.21834366023540497, ""3"": 0.22292566299438477, ""10"": 0.23052316904067993, ""30"": 0.24764510989189148, ""45"": 0.25827234983444214, ""65"": 0.2727288603782654, ""90"": 0.2822644114494324}",0.19655395543985762,0.21500429906349144,0.22743900888066254,12304,0.3870271949936415,0.5555276265974637
chronos2,electricity_15min,2,L2,block_depth,True,0.16666666666666666,3.0,False,False,1e-05|0.0001|0.001|0.01|0.1|0.3|1|3|10|30|45|65|90,90.0,1e-05,13,0.01,0.03,chronos2_quantile_loss (SUM over quantiles) = 2Q x mean pinball,0.14524121582508087,"{""1e-05"": 0.29371151328086853, ""0.0001"": 0.29976457357406616, ""0.001"": 0.2973491847515106, ""0.01"": 0.29715827107429504, ""0.1"": 0.2913282811641693, ""0.3"": 0.29160502552986145, ""1"": 0.2917163074016571, ""3"": 0.29048243165016174, ""10"": 0.2987835705280304, ""30"": 0.31052038073539734, ""45"": 0.3250699043273926, ""65"": 0.34599587321281433, ""90"": 0.3703804910182953}","{""1e-05"": 0.14685575664043427, ""0.0001"": 0.14988228678703308, ""0.001"": 0.1486745923757553, ""0.01"": 0.14857913553714752, ""0.1"": 0.14566414058208466, ""0.3"": 0.14580251276493073, ""1"": 0.14585815370082855, ""3"": 0.14524121582508087, ""10"": 0.1493917852640152, ""30"": 0.15526019036769867, ""45"": 0.1625349521636963, ""65"": 0.17299793660640717, ""90"": 0.18519024550914764}",0.1502967696594157,0.14524121982052582,0.19307554936932245,12304,0.3870271949936415,0.37527393862571334
chronos2,electricity_15min,3,L3,block_depth,True,0.25,1.0,False,False,1e-05|0.0001|0.001|0.01|0.1|0.3|1|3|10|30|45|65|90,90.0,1e-05,13,0.01,0.01,chronos2_quantile_loss (SUM over quantiles) = 2Q x mean pinball,0.1374552845954895,"{""1e-05"": 0.28773754835128784, ""0.0001"": 0.28520673513412476, ""0.001"": 0.2863730490207672, ""0.01"": 0.28316500782966614, ""0.1"": 0.28054460883140564, ""0.3"": 0.2786940634250641, ""1"": 0.274910569190979, ""3"": 0.27988535165786743, ""10"": 0.28480225801467896, ""30"": 0.29784974455833435, ""45"": 0.31080910563468933, ""65"": 0.3203562796115875, ""90"": 0.34445855021476746}","{""1e-05"": 0.14386877417564392, ""0.0001"": 0.14260336756706238, ""0.001"": 0.1431865245103836, ""0.01"": 0.14158250391483307, ""0.1"": 0.14027230441570282, ""0.3"": 0.13934703171253204, ""1"": 0.1374552845954895, ""3"": 0.13994267582893372, ""10"": 0.14240112900733948, ""30"": 0.14892487227916718, ""45"": 0.15540455281734467, ""65"": 0.16017813980579376, ""90"": 0.17222927510738373}",0.13541708306183603,0.13745527482726647,0.18689833875773973,12304,0.3870271949936415,0.3551566313822591
chronos2,electricity_15min,4,L4,block_depth,True,0.3333333333333333,0.3,False,False,1e-05|0.0001|0.001|0.01|0.1|0.3|1|3|10|30|45|65|90,90.0,1e-05,13,0.01,0.003,chronos2_quantile_loss (SUM over quantiles) = 2Q x mean pinball,0.141593337059021,"{""1e-05"": 0.286759614944458, ""0.0001"": 0.28562071919441223, ""0.001"": 0.2880990505218506, ""0.01"": 0.2898033559322357, ""0.1"": 0.286287784576416, ""0.3"": 0.283186674118042, ""1"": 0.2888471186161041, ""3"": 0.2902108430862427, ""10"": 0.3009209632873535, ""30"": 0.304259330034256, ""45"": 0.3284762501716614, ""65"": 0.3172529339790344, ""90"": 0.36402368545532227}","{""1e-05"": 0.143379807472229, ""0.0001"": 0.14281035959720612, ""0.001"": 0.1440495252609253, ""0.01"": 0.14490167796611786, ""0.1"": 0.143143892288208, ""0.3"": 0.141593337059021, ""1"": 0.14442355930805206, ""3"": 0.14510542154312134, ""10"": 0.15046048164367676, ""30"": 0.152129665017128, ""45"": 0.1642381250858307, ""65"": 0.1586264669895172, ""90"": 0.18201184272766113}",0.13365826754826768,0.14159333923447678,0.1891461054275509,12304,0.3870271949936415,0.3658485529338656
chronos2,electricity_15min,5,L5,block_depth,True,0.4166666666666667,0.3,False,False,1e-05|0.0001|0.001|0.01|0.1|0.3|1|3|10|30|45|65|90,90.0,1e-05,13,0.01,0.003,chronos2_quantile_loss (SUM over quantiles) = 2Q x mean pinball,0.14100632071495056,"{""1e-05"": 0.28728118538856506, ""0.0001"": 0.290426641702652, ""0.001"": 0.29125916957855225, ""0.01"": 0.28451818227767944, ""0.1"": 0.28279295563697815, ""0.3"": 0.2820126414299011, ""1"": 0.2910436987876892, ""3"": 0.2921907603740692, ""10"": 0.3004300892353058, ""30"": 0.31372156739234924, ""45"": 0.3280975818634033, ""65"": 0.31583601236343384, ""90"": 0.37731847167015076}","{""1e-05"": 0.14364059269428253, ""0.0001"": 0.145213320851326, ""0.001"": 0.14562958478927612, ""0.01"": 0.14225909113883972, ""0.1"": 0.14139647781848907, ""0.3"": 0.14100632071495056, ""1"": 0.1455218493938446, ""3"": 0.1460953801870346, ""10"": 0.1502150446176529, ""30"": 0.15686078369617462, ""45"": 0.16404879093170166, ""65"": 0.15791800618171692, ""90"": 0.18865923583507538}",0.13026909151754557,0.1410063289333391,0.18405130723107407,12304,0.3870271949936415,0.36433183703190597
chronos2,electricity_15min,6,L6,block_depth,True,0.5,3.0,False,False,1e-05|0.0001|0.001|0.01|0.1|0.3|1|3|10|30|45|65|90,90.0,1e-05,13,0.01,0.03,chronos2_quantile_loss (SUM over quantiles) = 2Q x mean pinball,0.14299002289772034,"{""1e-05"": 0.2886364161968231, ""0.0001"": 0.2909279763698578, ""0.001"": 0.2906109392642975, ""0.01"": 0.29030048847198486, ""0.1"": 0.28776121139526367, ""0.3"": 0.286560595035553, ""1"": 0.2860317528247833, ""3"": 0.2859800457954407, ""10"": 0.2930813133716583, ""30"": 0.29829949140548706, ""45"": 0.3158397972583771, ""65"": 0.30551695823669434, ""90"": 0.37256312370300293}","{""1e-05"": 0.14431820809841156, ""0.0001"": 0.1454639881849289, ""0.001"": 0.14530546963214874, ""0.01"": 0.14515024423599243, ""0.1"": 0.14388060569763184, ""0.3"": 0.1432802975177765, ""1"": 0.14301587641239166, ""3"": 0.14299002289772034, ""10"": 0.14654065668582916, ""30"": 0.14914974570274353, ""45"": 0.15791989862918854, ""65"": 0.15275847911834717, ""90"": 0.18628156185150146}",0.13516590623198402,0.1429900166841636,0.18502680149697165,12304,0.3870271949936415,0.3694572850016723
chronos2,electricity_15min,7,L7,block_depth,True,0.5833333333333334,1.0,False,False,1e-05|0.0001|0.001|0.01|0.1|0.3|1|3|10|30|45|65|90,90.0,1e-05,13,0.01,0.01,chronos2_quantile_loss (SUM over quantiles) = 2Q x mean pinball,0.1445491760969162,"{""1e-05"": 0.29024970531463623, ""0.0001"": 0.2909862697124481, ""0.001"": 0.292437344789505, ""0.01"": 0.2910771369934082, ""0.1"": 0.2941396236419678, ""0.3"": 0.2921273708343506, ""1"": 0.2890983521938324, ""3"": 0.29221311211586, ""10"": 0.29483404755592346, ""30"": 0.3128316402435303, ""45"": 0.32052677869796753, ""65"": 0.33737918734550476, ""90"": 0.3784360885620117}","{""1e-05"": 0.14512485265731812, ""0.0001"": 0.14549313485622406, ""0.001"": 0.1462186723947525, ""0.01"": 0.1455385684967041, ""0.1"": 0.1470698118209839, ""0.3"": 0.1460636854171753, ""1"": 0.1445491760969162, ""3"": 0.14610655605793, ""10"": 0.14741702377796173, ""30"": 0.15641582012176514, ""45"": 0.16026338934898376, ""65"": 0.16868959367275238, ""90"": 0.18921804428100586}",0.1308002578204169,0.14454917117725802,0.19348250072847567,12304,0.3870271949936415,0.3734858248905037
chronos2,electricity_15min,8,L8,block_depth,True,0.6666666666666666,1.0,False,False,1e-05|0.0001|0.001|0.01|0.1|0.3|1|3|10|30|45|65|90,90.0,1e-05,13,0.01,0.01,chronos2_quantile_loss (SUM over quantiles) = 2Q x mean pinball,0.14571262896060944,"{""1e-05"": 0.3054367005825043, ""0.0001"": 0.30475685000419617, ""0.001"": 0.30761584639549255, ""0.01"": 0.304291695356369, ""0.1"": 0.3002190589904785, ""0.3"": 0.30129605531692505, ""1"": 0.29142525792121887, ""3"": 0.29664376378059387, ""10"": 0.29484930634498596, ""30"": 0.30169764161109924, ""45"": 0.3077471852302551, ""65"": 0.32198625802993774, ""90"": 0.3665224015712738}","{""1e-05"": 0.15271835029125214, ""0.0001"": 0.15237842500209808, ""0.001"": 0.15380792319774628, ""0.01"": 0.1521458476781845, ""0.1"": 0.15010952949523926, ""0.3"": 0.15064802765846252, ""1"": 0.14571262896060944, ""3"": 0.14832188189029694, ""10"": 0.14742465317249298, ""30"": 0.15084882080554962, ""45"": 0.15387359261512756, ""65"": 0.16099312901496887, ""90"": 0.1832612007856369}",0.12583596790222776,0.14571263052466263,0.1976882285502462,12304,0.3870271949936415,0.376491968547731
chronos2,electricity_15min,9,L9,block_depth,True,0.75,3.0,False,False,1e-05|0.0001|0.001|0.01|0.1|0.3|1|3|10|30|45|65|90,90.0,1e-05,13,0.01,0.03,chronos2_quantile_loss (SUM over quantiles) = 2Q x mean pinball,0.13819602131843567,"{""1e-05"": 0.28913047909736633, ""0.0001"": 0.29396843910217285, ""0.001"": 0.29008135199546814, ""0.01"": 0.29119643568992615, ""0.1"": 0.28824493288993835, ""0.3"": 0.28460967540740967, ""1"": 0.2853653132915497, ""3"": 0.27639204263687134, ""10"": 0.2797846794128418, ""30"": 0.28463640809059143, ""45"": 0.2945934534072876, ""65"": 0.3008849620819092, ""90"": 0.33918139338493347}","{""1e-05"": 0.14456523954868317, ""0.0001"": 0.14698421955108643, ""0.001"": 0.14504067599773407, ""0.01"": 0.14559821784496307, ""0.1"": 0.14412246644496918, ""0.3"": 0.14230483770370483, ""1"": 0.14268265664577484, ""3"": 0.13819602131843567, ""10"": 0.1398923397064209, ""30"": 0.14231820404529572, ""45"": 0.1472967267036438, ""65"": 0.1504424810409546, ""90"": 0.16959069669246674}",0.12432259681716112,0.1381960286837043,0.20296355966791396,12304,0.3870271949936415,0.3570705895382228
chronos2,electricity_15min,10,L10,block_depth,True,0.8333333333333334,3.0,False,False,1e-05|0.0001|0.001|0.01|0.1|0.3|1|3|10|30|45|65|90,90.0,1e-05,13,0.01,0.03,chronos2_quantile_loss (SUM over quantiles) = 2Q x mean pinball,0.13410519063472748,"{""1e-05"": 0.2853934168815613, ""0.0001"": 0.2779027223587036, ""0.001"": 0.28588029742240906, ""0.01"": 0.2822355329990387, ""0.1"": 0.28340235352516174, ""0.3"": 0.27761682868003845, ""1"": 0.2772660553455353, ""3"": 0.26821038126945496, ""10"": 0.2699718773365021, ""30"": 0.2767162621021271, ""45"": 0.27867576479911804, ""65"": 0.2890065312385559, ""90"": 0.3257175385951996}","{""1e-05"": 0.14269670844078064, ""0.0001"": 0.1389513611793518, ""0.001"": 0.14294014871120453, ""0.01"": 0.14111776649951935, ""0.1"": 0.14170117676258087, ""0.3"": 0.13880841434001923, ""1"": 0.13863302767276764, ""3"": 0.13410519063472748, ""10"": 0.13498593866825104, ""30"": 0.13835813105106354, ""45"": 0.13933788239955902, ""65"": 0.14450326561927795, ""90"": 0.1628587692975998}",0.12167370919448188,0.13410519192862602,0.1995647108139655,12304,0.3870271949936415,0.34650069468846817
chronos2,electricity_15min,11,L11,block_depth,True,0.9166666666666666,10.0,False,False,1e-05|0.0001|0.001|0.01|0.1|0.3|1|3|10|30|45|65|90,90.0,1e-05,13,0.01,0.1,chronos2_quantile_loss (SUM over quantiles) = 2Q x mean pinball,0.12572427093982697,"{""1e-05"": 0.2816602289676666, ""0.0001"": 0.27469396591186523, ""0.001"": 0.2820838689804077, ""0.01"": 0.2871754765510559, ""0.1"": 0.27551940083503723, ""0.3"": 0.27180376648902893, ""1"": 0.27126795053482056, ""3"": 0.25863945484161377, ""10"": 0.25144854187965393, ""30"": 0.2607618570327759, ""45"": 0.2675304412841797, ""65"": 0.2810260057449341, ""90"": 0.3199002742767334}","{""1e-05"": 0.1408301144838333, ""0.0001"": 0.13734698295593262, ""0.001"": 0.14104193449020386, ""0.01"": 0.14358773827552795, ""0.1"": 0.13775970041751862, ""0.3"": 0.13590188324451447, ""1"": 0.13563397526741028, ""3"": 0.12931972742080688, ""10"": 0.12572427093982697, ""30"": 0.13038092851638794, ""45"": 0.13376522064208984, ""65"": 0.14051300287246704, ""90"": 0.1599501371383667}",0.12616792277110958,0.12572427032842437,0.20162335154778174,12304,0.3870271949936415,0.32484608821995026
chronos2,electricity_15min,12,L12,block_depth,True,1.0,30.0,False,False,1e-05|0.0001|0.001|0.01|0.1|0.3|1|3|10|30|45|65|90,90.0,1e-05,13,0.01,0.3,chronos2_quantile_loss (SUM over quantiles) = 2Q x mean pinball,0.12806056439876556,"{""1e-05"": 0.2666144371032715, ""0.0001"": 0.2652437686920166, ""0.001"": 0.27241823077201843, ""0.01"": 0.27232128381729126, ""0.1"": 0.27206507325172424, ""0.3"": 0.27607429027557373, ""1"": 0.26028332114219666, ""3"": 0.26302990317344666, ""10"": 0.2590988278388977, ""30"": 0.25612112879753113, ""45"": 0.25781163573265076, ""65"": 0.2734208106994629, ""90"": 0.3171843886375427}","{""1e-05"": 0.13330721855163574, ""0.0001"": 0.1326218843460083, ""0.001"": 0.13620911538600922, ""0.01"": 0.13616064190864563, ""0.1"": 0.13603253662586212, ""0.3"": 0.13803714513778687, ""1"": 0.13014166057109833, ""3"": 0.13151495158672333, ""10"": 0.12954941391944885, ""30"": 0.12806056439876556, ""45"": 0.12890581786632538, ""65"": 0.13671040534973145, ""90"": 0.15859219431877136}",0.1316919680898595,0.12806056994404502,0.19306009847187358,12304,0.3870271949936415,0.3308826139365967
chronos2,electricity_15min,13,L12+LN,head_input_diagnostic,False,,10.0,False,False,1e-05|0.0001|0.001|0.01|0.1|0.3|1|3|10|30|45|65|90,90.0,1e-05,13,0.01,0.1,chronos2_quantile_loss (SUM over quantiles) = 2Q x mean pinball,0.12078634649515152,"{""1e-05"": 0.27609387040138245, ""0.0001"": 0.265654593706131, ""0.001"": 0.26037654280662537, ""0.01"": 0.28254276514053345, ""0.1"": 0.2740018963813782, ""0.3"": 0.25127077102661133, ""1"": 0.26394087076187134, ""3"": 0.25225454568862915, ""10"": 0.24157269299030304, ""30"": 0.24302570521831512, ""45"": 0.2527320683002472, ""65"": 0.2648905813694, ""90"": 0.317592591047287}","{""1e-05"": 0.13804693520069122, ""0.0001"": 0.1328272968530655, ""0.001"": 0.13018827140331268, ""0.01"": 0.14127138257026672, ""0.1"": 0.1370009481906891, ""0.3"": 0.12563538551330566, ""1"": 0.13197043538093567, ""3"": 0.12612727284431458, ""10"": 0.12078634649515152, ""30"": 0.12151285260915756, ""45"": 0.1263660341501236, ""65"": 0.1324452906847, ""90"": 0.1587962955236435}",0.12289120244340626,0.12078634537187696,0.19465639687477404,12304,0.3870271949936415,0.31208748877158715
chronos2,SZ_TAXI_15T,0,Emb,block_depth,True,0.0,1e-05,False,True,1e-05|0.0001|0.001|0.01|0.1|0.3|1|3|10|30|45|65|90,90.0,1e-05,13,0.01,1.0000000000000001e-07,chronos2_quantile_loss (SUM over quantiles) = 2Q x mean pinball,0.3162687420845032,"{""1e-05"": 0.6325374841690063, ""0.0001"": 0.6355290412902832, ""0.001"": 0.6453309655189514, ""0.01"": 0.6326956152915955, ""0.1"": 0.6369115710258484, ""0.3"": 0.6378914713859558, ""1"": 0.6347981095314026, ""3"": 0.6461241245269775, ""10"": 0.6603739857673645, ""30"": 0.659624457359314, ""45"": 0.6576823592185974, ""65"": 0.6646714210510254, ""90"": 0.6966239213943481}","{""1e-05"": 0.3162687420845032, ""0.0001"": 0.3177645206451416, ""0.001"": 0.3226654827594757, ""0.01"": 0.31634780764579773, ""0.1"": 0.3184557855129242, ""0.3"": 0.3189457356929779, ""1"": 0.3173990547657013, ""3"": 0.32306206226348877, ""10"": 0.33018699288368225, ""30"": 0.329812228679657, ""45"": 0.3288411796092987, ""65"": 0.3323357105255127, ""90"": 0.3483119606971741}",0.312073473453821,0.31626871715371424,0.3389013318870312,12304,0.3160539919940325,1.000679393917245
chronos2,SZ_TAXI_15T,1,L1,block_depth,True,0.08333333333333333,3.0,False,False,1e-05|0.0001|0.001|0.01|0.1|0.3|1|3|10|30|45|65|90,90.0,1e-05,13,0.01,0.03,chronos2_quantile_loss (SUM over quantiles) = 2Q x mean pinball,0.30647972226142883,"{""1e-05"": 0.6166743636131287, ""0.0001"": 0.6177534461021423, ""0.001"": 0.6179754734039307, ""0.01"": 0.6180059313774109, ""0.1"": 0.6167892217636108, ""0.3"": 0.6155452728271484, ""1"": 0.6133313775062561, ""3"": 0.6129594445228577, ""10"": 0.6131759881973267, ""30"": 0.613939642906189, ""45"": 0.6133527755737305, ""65"": 0.6149290204048157, ""90"": 0.6216806769371033}","{""1e-05"": 0.30833718180656433, ""0.0001"": 0.30887672305107117, ""0.001"": 0.30898773670196533, ""0.01"": 0.30900296568870544, ""0.1"": 0.3083946108818054, ""0.3"": 0.3077726364135742, ""1"": 0.30666568875312805, ""3"": 0.30647972226142883, ""10"": 0.30658799409866333, ""30"": 0.3069698214530945, ""45"": 0.30667638778686523, ""65"": 0.30746451020240784, ""90"": 0.31084033846855164}",0.2787181088724942,0.30647973439250237,0.32836204222761667,12304,0.3160539919940325,0.9697068923536618
chronos2,SZ_TAXI_15T,2,L2,block_depth,True,0.16666666666666666,10.0,False,False,1e-05|0.0001|0.001|0.01|0.1|0.3|1|3|10|30|45|65|90,90.0,1e-05,13,0.01,0.1,chronos2_quantile_loss (SUM over quantiles) = 2Q x mean pinball,0.298559308052063,"{""1e-05"": 0.6100279092788696, ""0.0001"": 0.6087246537208557, ""0.001"": 0.6083554029464722, ""0.01"": 0.6091068983078003, ""0.1"": 0.6087610125541687, ""0.3"": 0.6063970923423767, ""1"": 0.6018558740615845, ""3"": 0.5992732048034668, ""10"": 0.597118616104126, ""30"": 0.597444474697113, ""45"": 0.5979911684989929, ""65"": 0.599814772605896, ""90"": 0.6089650988578796}","{""1e-05"": 0.3050139546394348, ""0.0001"": 0.30436232686042786, ""0.001"": 0.3041777014732361, ""0.01"": 0.30455344915390015, ""0.1"": 0.30438050627708435, ""0.3"": 0.30319854617118835, ""1"": 0.30092793703079224, ""3"": 0.2996366024017334, ""10"": 0.298559308052063, ""30"": 0.2987222373485565, ""45"": 0.29899558424949646, ""65"": 0.299907386302948, ""90"": 0.3044825494289398}",0.2705249463687711,0.2985593131623971,0.32147006881542695,12304,0.3160539919940325,0.9446465500364073
chronos2,SZ_TAXI_15T,3,L3,block_depth,True,0.25,45.0,False,False,1e-05|0.0001|0.001|0.01|0.1|0.3|1|3|10|30|45|65|90,90.0,1e-05,13,0.01,0.45,chronos2_quantile_loss (SUM over quantiles) = 2Q x mean pinball,0.2942407727241516,"{""1e-05"": 0.6091798543930054, ""0.0001"": 0.6074018478393555, ""0.001"": 0.6079407930374146, ""0.01"": 0.6088247895240784, ""0.1"": 0.6067431569099426, ""0.3"": 0.602904736995697, ""1"": 0.5975064039230347, ""3"": 0.5923286080360413, ""10"": 0.5902952551841736, ""30"": 0.589695930480957, ""45"": 0.5884815454483032, ""65"": 0.5897600054740906, ""90"": 0.5967587232589722}","{""1e-05"": 0.3045899271965027, ""0.0001"": 0.30370092391967773, ""0.001"": 0.3039703965187073, ""0.01"": 0.3044123947620392, ""0.1"": 0.3033715784549713, ""0.3"": 0.3014523684978485, ""1"": 0.29875320196151733, ""3"": 0.29616430401802063, ""10"": 0.2951476275920868, ""30"": 0.2948479652404785, ""45"": 0.2942407727241516, ""65"": 0.2948800027370453, ""90"": 0.2983793616294861}",0.2702024387599235,0.29424078700443107,0.31806596798392445,12304,0.3160539919940325,0.9309826626394477
chronos2,SZ_TAXI_15T,4,L4,block_depth,True,0.3333333333333333,30.0,False,False,1e-05|0.0001|0.001|0.01|0.1|0.3|1|3|10|30|45|65|90,90.0,1e-05,13,0.01,0.3,chronos2_quantile_loss (SUM over quantiles) = 2Q x mean pinball,0.29225295782089233,"{""1e-05"": 0.6131421327590942, ""0.0001"": 0.6123385429382324, ""0.001"": 0.61348956823349, ""0.01"": 0.6134200692176819, ""0.1"": 0.6110399961471558, ""0.3"": 0.6065896153450012, ""1"": 0.5986146330833435, ""3"": 0.5921648740768433, ""10"": 0.5864167809486389, ""30"": 0.5845059156417847, ""45"": 0.5847259759902954, ""65"": 0.5876384973526001, ""90"": 0.5887377858161926}","{""1e-05"": 0.3065710663795471, ""0.0001"": 0.3061692714691162, ""0.001"": 0.306744784116745, ""0.01"": 0.30671003460884094, ""0.1"": 0.3055199980735779, ""0.3"": 0.3032948076725006, ""1"": 0.29930731654167175, ""3"": 0.29608243703842163, ""10"": 0.29320839047431946, ""30"": 0.29225295782089233, ""45"": 0.2923629879951477, ""65"": 0.29381924867630005, ""90"": 0.2943688929080963}",0.26571653817795016,0.29225296049545973,0.315168004291944,12304,0.3160539919940325,0.9246931470524753
chronos2,SZ_TAXI_15T,5,L5,block_depth,True,0.4166666666666667,45.0,False,False,1e-05|0.0001|0.001|0.01|0.1|0.3|1|3|10|30|45|65|90,90.0,1e-05,13,0.01,0.45,chronos2_quantile_loss (SUM over quantiles) = 2Q x mean pinball,0.29241859912872314,"{""1e-05"": 0.6260585188865662, ""0.0001"": 0.6252783536911011, ""0.001"": 0.6262755990028381, ""0.01"": 0.6256946921348572, ""0.1"": 0.6216800808906555, ""0.3"": 0.616879403591156, ""1"": 0.6059406995773315, ""3"": 0.5979600548744202, ""10"": 0.5899072289466858, ""30"": 0.5873867869377136, ""45"": 0.5848371982574463, ""65"": 0.5859706401824951, ""90"": 0.589118242263794}","{""1e-05"": 0.3130292594432831, ""0.0001"": 0.31263917684555054, ""0.001"": 0.31313779950141907, ""0.01"": 0.3128473460674286, ""0.1"": 0.31084004044532776, ""0.3"": 0.308439701795578, ""1"": 0.30297034978866577, ""3"": 0.2989800274372101, ""10"": 0.2949536144733429, ""30"": 0.2936933934688568, ""45"": 0.29241859912872314, ""65"": 0.29298532009124756, ""90"": 0.294559121131897}",0.26512859160430635,0.2924185926333452,0.31484108809859324,12304,0.3160539919940325,0.9252172098457988
chronos2,SZ_TAXI_15T,6,L6,block_depth,True,0.5,65.0,False,False,1e-05|0.0001|0.001|0.01|0.1|0.3|1|3|10|30|45|65|90,90.0,1e-05,13,0.01,0.65,chronos2_quantile_loss (SUM over quantiles) = 2Q x mean pinball,0.29193222522735596,"{""1e-05"": 0.622813880443573, ""0.0001"": 0.6225698590278625, ""0.001"": 0.6233570575714111, ""0.01"": 0.6225510835647583, ""0.1"": 0.6190369129180908, ""0.3"": 0.6135280132293701, ""1"": 0.6036092638969421, ""3"": 0.5946604609489441, ""10"": 0.5876519680023193, ""30"": 0.5844024419784546, ""45"": 0.5853540301322937, ""65"": 0.5838644504547119, ""90"": 0.5845137238502502}","{""1e-05"": 0.3114069402217865, ""0.0001"": 0.3112849295139313, ""0.001"": 0.31167852878570557, ""0.01"": 0.31127554178237915, ""0.1"": 0.3095184564590454, ""0.3"": 0.30676400661468506, ""1"": 0.30180463194847107, ""3"": 0.29733023047447205, ""10"": 0.29382598400115967, ""30"": 0.2922012209892273, ""45"": 0.29267701506614685, ""65"": 0.29193222522735596, ""90"": 0.2922568619251251}",0.26504782230795026,0.2919322155798093,0.3134509025093837,12304,0.3160539919940325,0.9236783048933024
chronos2,SZ_TAXI_15T,7,L7,block_depth,True,0.5833333333333334,65.0,False,False,1e-05|0.0001|0.001|0.01|0.1|0.3|1|3|10|30|45|65|90,90.0,1e-05,13,0.01,0.65,chronos2_quantile_loss (SUM over quantiles) = 2Q x mean pinball,0.2922385036945343,"{""1e-05"": 0.6247430443763733, ""0.0001"": 0.6241447329521179, ""0.001"": 0.6243502497673035, ""0.01"": 0.6231713891029358, ""0.1"": 0.6220616102218628, ""0.3"": 0.6159145832061768, ""1"": 0.6055248975753784, ""3"": 0.5955436825752258, ""10"": 0.5893325209617615, ""30"": 0.5863829255104065, ""45"": 0.5854676365852356, ""65"": 0.5844770073890686, ""90"": 0.5857616662979126}","{""1e-05"": 0.31237152218818665, ""0.0001"": 0.31207236647605896, ""0.001"": 0.31217512488365173, ""0.01"": 0.3115856945514679, ""0.1"": 0.3110308051109314, ""0.3"": 0.3079572916030884, ""1"": 0.3027624487876892, ""3"": 0.2977718412876129, ""10"": 0.29466626048088074, ""30"": 0.29319146275520325, ""45"": 0.2927338182926178, ""65"": 0.2922385036945343, ""90"": 0.2928808331489563}",0.26400761307622045,0.2922385121958378,0.31292824580883366,12304,0.3160539919940325,0.9246474323961572
chronos2,SZ_TAXI_15T,8,L8,block_depth,True,0.6666666666666666,65.0,False,False,1e-05|0.0001|0.001|0.01|0.1|0.3|1|3|10|30|45|65|90,90.0,1e-05,13,0.01,0.65,chronos2_quantile_loss (SUM over quantiles) = 2Q x mean pinball,0.2930912673473358,"{""1e-05"": 0.6282895803451538, ""0.0001"": 0.6289802193641663, ""0.001"": 0.6298855543136597, ""0.01"": 0.6305236220359802, ""0.1"": 0.6251950263977051, ""0.3"": 0.6206398010253906, ""1"": 0.6125020980834961, ""3"": 0.6018185615539551, ""10"": 0.5944339036941528, ""30"": 0.5881351828575134, ""45"": 0.5867474675178528, ""65"": 0.5861825346946716, ""90"": 0.5870069861412048}","{""1e-05"": 0.3141447901725769, ""0.0001"": 0.31449010968208313, ""0.001"": 0.31494277715682983, ""0.01"": 0.3152618110179901, ""0.1"": 0.31259751319885254, ""0.3"": 0.3103199005126953, ""1"": 0.30625104904174805, ""3"": 0.30090928077697754, ""10"": 0.2972169518470764, ""30"": 0.2940675914287567, ""45"": 0.2933737337589264, ""65"": 0.2930912673473358, ""90"": 0.2935034930706024}",0.2631486478038506,0.2930912603265964,0.3136920945193523,12304,0.3160539919940325,0.9273455414292958
chronos2,SZ_TAXI_15T,9,L9,block_depth,True,0.75,65.0,False,False,1e-05|0.0001|0.001|0.01|0.1|0.3|1|3|10|30|45|65|90,90.0,1e-05,13,0.01,0.65,chronos2_quantile_loss (SUM over quantiles) = 2Q x mean pinball,0.2925236225128174,"{""1e-05"": 0.6336812973022461, ""0.0001"": 0.6340584754943848, ""0.001"": 0.633515477180481, ""0.01"": 0.6344926357269287, ""0.1"": 0.630975604057312, ""0.3"": 0.6272915601730347, ""1"": 0.6168447136878967, ""3"": 0.6064413189888, ""10"": 0.5964944362640381, ""30"": 0.5882193446159363, ""45"": 0.5857840180397034, ""65"": 0.5850472450256348, ""90"": 0.5859193205833435}","{""1e-05"": 0.31684064865112305, ""0.0001"": 0.3170292377471924, ""0.001"": 0.3167577385902405, ""0.01"": 0.31724631786346436, ""0.1"": 0.315487802028656, ""0.3"": 0.31364578008651733, ""1"": 0.30842235684394836, ""3"": 0.3032206594944, ""10"": 0.29824721813201904, ""30"": 0.29410967230796814, ""45"": 0.2928920090198517, ""65"": 0.2925236225128174, ""90"": 0.29295966029167175}",0.2628896450690679,0.2925236047938084,0.3131096998277383,12304,0.3160539919940325,0.9255494700390673
chronos2,SZ_TAXI_15T,10,L10,block_depth,True,0.8333333333333334,65.0,False,False,1e-05|0.0001|0.001|0.01|0.1|0.3|1|3|10|30|45|65|90,90.0,1e-05,13,0.01,0.65,chronos2_quantile_loss (SUM over quantiles) = 2Q x mean pinball,0.29013967514038086,"{""1e-05"": 0.625847578048706, ""0.0001"": 0.6258497834205627, ""0.001"": 0.6261531710624695, ""0.01"": 0.6237685680389404, ""0.1"": 0.6237605810165405, ""0.3"": 0.6198721528053284, ""1"": 0.611098051071167, ""3"": 0.5998814702033997, ""10"": 0.5915233492851257, ""30"": 0.5826669931411743, ""45"": 0.5817330479621887, ""65"": 0.5802793502807617, ""90"": 0.5832303166389465}","{""1e-05"": 0.312923789024353, ""0.0001"": 0.31292489171028137, ""0.001"": 0.31307658553123474, ""0.01"": 0.3118842840194702, ""0.1"": 0.31188029050827026, ""0.3"": 0.3099360764026642, ""1"": 0.3055490255355835, ""3"": 0.29994073510169983, ""10"": 0.29576167464256287, ""30"": 0.29133349657058716, ""45"": 0.29086652398109436, ""65"": 0.29013967514038086, ""90"": 0.29161515831947327}",0.26270770773537444,0.2901396647286721,0.3100721942117581,12304,0.3160539919940325,0.918006644681616
chronos2,SZ_TAXI_15T,11,L11,block_depth,True,0.9166666666666666,65.0,False,False,1e-05|0.0001|0.001|0.01|0.1|0.3|1|3|10|30|45|65|90,90.0,1e-05,13,0.01,0.65,chronos2_quantile_loss (SUM over quantiles) = 2Q x mean pinball,0.28912222385406494,"{""1e-05"": 0.6143757104873657, ""0.0001"": 0.6142509579658508, ""0.001"": 0.6137173771858215, ""0.01"": 0.6139023900032043, ""0.1"": 0.6119301915168762, ""0.3"": 0.6075690984725952, ""1"": 0.5996670126914978, ""3"": 0.5918145775794983, ""10"": 0.581217348575592, ""30"": 0.579362154006958, ""45"": 0.5788896083831787, ""65"": 0.5782444477081299, ""90"": 0.579634964466095}","{""1e-05"": 0.30718785524368286, ""0.0001"": 0.3071254789829254, ""0.001"": 0.30685868859291077, ""0.01"": 0.3069511950016022, ""0.1"": 0.3059650957584381, ""0.3"": 0.3037845492362976, ""1"": 0.2998335063457489, ""3"": 0.29590728878974915, ""10"": 0.290608674287796, ""30"": 0.289681077003479, ""45"": 0.28944480419158936, ""65"": 0.28912222385406494, ""90"": 0.2898174822330475}",0.2665815724586397,0.28912221246327346,0.3087787312001754,12304,0.3160539919940325,0.9147874090726007
chronos2,SZ_TAXI_15T,12,L12,block_depth,True,1.0,65.0,False,False,1e-05|0.0001|0.001|0.01|0.1|0.3|1|3|10|30|45|65|90,90.0,1e-05,13,0.01,0.65,chronos2_quantile_loss (SUM over quantiles) = 2Q x mean pinball,0.28758957982063293,"{""1e-05"": 0.600312352180481, ""0.0001"": 0.6013389825820923, ""0.001"": 0.601612389087677, ""0.01"": 0.6011450290679932, ""0.1"": 0.5986325144767761, ""0.3"": 0.5952312350273132, ""1"": 0.5874701142311096, ""3"": 0.5838634371757507, ""10"": 0.5768658518791199, ""30"": 0.5760868787765503, ""45"": 0.5772742033004761, ""65"": 0.5751791596412659, ""90"": 0.5869684815406799}","{""1e-05"": 0.3001561760902405, ""0.0001"": 0.30066949129104614, ""0.001"": 0.3008061945438385, ""0.01"": 0.3005725145339966, ""0.1"": 0.29931625723838806, ""0.3"": 0.2976156175136566, ""1"": 0.2937350571155548, ""3"": 0.29193171858787537, ""10"": 0.28843292593955994, ""30"": 0.28804343938827515, ""45"": 0.28863710165023804, ""65"": 0.28758957982063293, ""90"": 0.29348424077033997}",0.2724954463445302,0.287589554173442,0.30960983209885085,12304,0.3160539919940325,0.9099380531756487
chronos2,SZ_TAXI_15T,13,L12+LN,head_input_diagnostic,False,,30.0,False,False,1e-05|0.0001|0.001|0.01|0.1|0.3|1|3|10|30|45|65|90,90.0,1e-05,13,0.01,0.3,chronos2_quantile_loss (SUM over quantiles) = 2Q x mean pinball,0.2879767119884491,"{""1e-05"": 0.6051708459854126, ""0.0001"": 0.6039887070655823, ""0.001"": 0.6051603555679321, ""0.01"": 0.6036335229873657, ""0.1"": 0.6015332937240601, ""0.3"": 0.5968840718269348, ""1"": 0.5902815461158752, ""3"": 0.5847439169883728, ""10"": 0.5796759128570557, ""30"": 0.5759534239768982, ""45"": 0.5768832564353943, ""65"": 0.5798436403274536, ""90"": 0.5816100835800171}","{""1e-05"": 0.3025854229927063, ""0.0001"": 0.30199435353279114, ""0.001"": 0.30258017778396606, ""0.01"": 0.30181676149368286, ""0.1"": 0.30076664686203003, ""0.3"": 0.2984420359134674, ""1"": 0.2951407730579376, ""3"": 0.2923719584941864, ""10"": 0.28983795642852783, ""30"": 0.2879767119884491, ""45"": 0.28844162821769714, ""65"": 0.2899218201637268, ""90"": 0.29080504179000854}",0.2653726418495948,0.28797670386922664,0.3090060298832563,12304,0.3160539919940325,0.9111630011452727
chronos2,monash_london_smart_meters,0,Emb,block_depth,True,0.0,0.001,False,False,1e-05|0.0001|0.001|0.01|0.1|0.3|1|3|10|30|45|65|90,90.0,1e-05,13,0.01,1e-05,chronos2_quantile_loss (SUM over quantiles) = 2Q x mean pinball,0.2681698501110077,"{""1e-05"": 0.537605345249176, ""0.0001"": 0.5461573600769043, ""0.001"": 0.5363397002220154, ""0.01"": 0.5366618037223816, ""0.1"": 0.5376654267311096, ""0.3"": 0.5438268184661865, ""1"": 0.5435066819190979, ""3"": 0.5427438616752625, ""10"": 0.5515652894973755, ""30"": 0.5499086976051331, ""45"": 0.5580413937568665, ""65"": 0.6037636995315552, ""90"": 0.6038249731063843}","{""1e-05"": 0.268802672624588, ""0.0001"": 0.27307868003845215, ""0.001"": 0.2681698501110077, ""0.01"": 0.2683309018611908, ""0.1"": 0.2688327133655548, ""0.3"": 0.27191340923309326, ""1"": 0.27175334095954895, ""3"": 0.2713719308376312, ""10"": 0.27578264474868774, ""30"": 0.27495434880256653, ""45"": 0.2790206968784332, ""65"": 0.3018818497657776, ""90"": 0.30191248655319214}",0.27089166329636466,0.26816982363585296,0.2617230603314993,12304,0.2558497141847629,1.0481536963617362
chronos2,monash_london_smart_meters,1,L1,block_depth,True,0.08333333333333333,3.0,False,False,1e-05|0.0001|0.001|0.01|0.1|0.3|1|3|10|30|45|65|90,90.0,1e-05,13,0.01,0.03,chronos2_quantile_loss (SUM over quantiles) = 2Q x mean pinball,0.24845659732818604,"{""1e-05"": 0.5000702142715454, ""0.0001"": 0.5000678896903992, ""0.001"": 0.4997935891151428, ""0.01"": 0.5013390779495239, ""0.1"": 0.49848857522010803, ""0.3"": 0.49996984004974365, ""1"": 0.49819305539131165, ""3"": 0.49691319465637207, ""10"": 0.5002939105033875, ""30"": 0.5026493072509766, ""45"": 0.5030277967453003, ""65"": 0.5074838995933533, ""90"": 0.5129539966583252}","{""1e-05"": 0.2500351071357727, ""0.0001"": 0.2500339448451996, ""0.001"": 0.2498967945575714, ""0.01"": 0.25066953897476196, ""0.1"": 0.24924428761005402, ""0.3"": 0.24998492002487183, ""1"": 0.24909652769565582, ""3"": 0.24845659732818604, ""10"": 0.2501469552516937, ""30"": 0.2513246536254883, ""45"": 0.25151389837265015, ""65"": 0.25374194979667664, ""90"": 0.2564769983291626}",0.24480212844074456,0.24845661706369343,0.24168567362291213,12304,0.2558497141847629,0.9711037507130827
chronos2,monash_london_smart_meters,2,L2,block_depth,True,0.16666666666666666,3.0,False,False,1e-05|0.0001|0.001|0.01|0.1|0.3|1|3|10|30|45|65|90,90.0,1e-05,13,0.01,0.03,chronos2_quantile_loss (SUM over quantiles) = 2Q x mean pinball,0.21518249809741974,"{""1e-05"": 0.4317767322063446, ""0.0001"": 0.4354742765426636, ""0.001"": 0.43351390957832336, ""0.01"": 0.43244674801826477, ""0.1"": 0.43298667669296265, ""0.3"": 0.4307047724723816, ""1"": 0.43076762557029724, ""3"": 0.4303649961948395, ""10"": 0.4321730136871338, ""30"": 0.43511515855789185, ""45"": 0.44007813930511475, ""65"": 0.4417531192302704, ""90"": 0.4526427090167999}","{""1e-05"": 0.2158883661031723, ""0.0001"": 0.2177371382713318, ""0.001"": 0.21675695478916168, ""0.01"": 0.21622337400913239, ""0.1"": 0.21649333834648132, ""0.3"": 0.2153523862361908, ""1"": 0.21538381278514862, ""3"": 0.21518249809741974, ""10"": 0.2160865068435669, ""30"": 0.21755757927894592, ""45"": 0.22003906965255737, ""65"": 0.2208765596151352, ""90"": 0.22632135450839996}",0.20821638398909328,0.21518249366119618,0.19799474803091005,12304,0.2558497141847629,0.8410503578120134
chronos2,monash_london_smart_meters,3,L3,block_depth,True,0.25,3.0,False,False,1e-05|0.0001|0.001|0.01|0.1|0.3|1|3|10|30|45|65|90,90.0,1e-05,13,0.01,0.03,chronos2_quantile_loss (SUM over quantiles) = 2Q x mean pinball,0.2042541801929474,"{""1e-05"": 0.41707903146743774, ""0.0001"": 0.41664689779281616, ""0.001"": 0.41721153259277344, ""0.01"": 0.41743797063827515, ""0.1"": 0.41710165143013, ""0.3"": 0.4141652584075928, ""1"": 0.41082140803337097, ""3"": 0.4085083603858948, ""10"": 0.41057977080345154, ""30"": 0.4121560752391815, ""45"": 0.4167076051235199, ""65"": 0.42036405205726624, ""90"": 0.42630329728126526}","{""1e-05"": 0.20853951573371887, ""0.0001"": 0.20832344889640808, ""0.001"": 0.20860576629638672, ""0.01"": 0.20871898531913757, ""0.1"": 0.208550825715065, ""0.3"": 0.2070826292037964, ""1"": 0.20541070401668549, ""3"": 0.2042541801929474, ""10"": 0.20528988540172577, ""30"": 0.20607803761959076, ""45"": 0.20835380256175995, ""65"": 0.21018202602863312, ""90"": 0.21315164864063263}",0.1982747472814649,0.2042541831148831,0.1921513314636154,12304,0.2558497141847629,0.7983365694416221
chronos2,monash_london_smart_meters,4,L4,block_depth,True,0.3333333333333333,10.0,False,False,1e-05|0.0001|0.001|0.01|0.1|0.3|1|3|10|30|45|65|90,90.0,1e-05,13,0.01,0.1,chronos2_quantile_loss (SUM over quantiles) = 2Q x mean pinball,0.20072272419929504,"{""1e-05"": 0.41437768936157227, ""0.0001"": 0.41323670744895935, ""0.001"": 0.4130030572414398, ""0.01"": 0.4134158492088318, ""0.1"": 0.4120132327079773, ""0.3"": 0.4098343849182129, ""1"": 0.4033426344394684, ""3"": 0.4035055935382843, ""10"": 0.4014454483985901, ""30"": 0.40417829155921936, ""45"": 0.40795162320137024, ""65"": 0.4144617021083832, ""90"": 0.4159175753593445}","{""1e-05"": 0.20718884468078613, ""0.0001"": 0.20661835372447968, ""0.001"": 0.2065015286207199, ""0.01"": 0.2067079246044159, ""0.1"": 0.20600661635398865, ""0.3"": 0.20491719245910645, ""1"": 0.2016713172197342, ""3"": 0.20175279676914215, ""10"": 0.20072272419929504, ""30"": 0.20208914577960968, ""45"": 0.20397581160068512, ""65"": 0.2072308510541916, ""90"": 0.20795878767967224}",0.19728350849926385,0.20072273376845676,0.18921608244644778,12304,0.2558497141847629,0.7845337424278068
chronos2,monash_london_smart_meters,5,L5,block_depth,True,0.4166666666666667,10.0,False,False,1e-05|0.0001|0.001|0.01|0.1|0.3|1|3|10|30|45|65|90,90.0,1e-05,13,0.01,0.1,chronos2_quantile_loss (SUM over quantiles) = 2Q x mean pinball,0.19938451051712036,"{""1e-05"": 0.4125593602657318, ""0.0001"": 0.41360563039779663, ""0.001"": 0.4157119393348694, ""0.01"": 0.4153255522251129, ""0.1"": 0.4098498523235321, ""0.3"": 0.406887024641037, ""1"": 0.403394490480423, ""3"": 0.4006955623626709, ""10"": 0.3987690210342407, ""30"": 0.39982104301452637, ""45"": 0.4040936231613159, ""65"": 0.40808314085006714, ""90"": 0.41417771577835083}","{""1e-05"": 0.2062796801328659, ""0.0001"": 0.20680281519889832, ""0.001"": 0.2078559696674347, ""0.01"": 0.20766277611255646, ""0.1"": 0.20492492616176605, ""0.3"": 0.2034435123205185, ""1"": 0.2016972452402115, ""3"": 0.20034778118133545, ""10"": 0.19938451051712036, ""30"": 0.19991052150726318, ""45"": 0.20204681158065796, ""65"": 0.20404157042503357, ""90"": 0.20708885788917542}",0.19478145489600118,0.1993845133821814,0.18713440522835909,12304,0.2558497141847629,0.7793032484616931
chronos2,monash_london_smart_meters,6,L6,block_depth,True,0.5,10.0,False,False,1e-05|0.0001|0.001|0.01|0.1|0.3|1|3|10|30|45|65|90,90.0,1e-05,13,0.01,0.1,chronos2_quantile_loss (SUM over quantiles) = 2Q x mean pinball,0.19788426160812378,"{""1e-05"": 0.41347429156303406, ""0.0001"": 0.413078248500824, ""0.001"": 0.41285276412963867, ""0.01"": 0.4145718812942505, ""0.1"": 0.410662442445755, ""0.3"": 0.4084727168083191, ""1"": 0.403828501701355, ""3"": 0.40205463767051697, ""10"": 0.39576852321624756, ""30"": 0.399833619594574, ""45"": 0.4016641080379486, ""65"": 0.4064750373363495, ""90"": 0.41189953684806824}","{""1e-05"": 0.20673714578151703, ""0.0001"": 0.206539124250412, ""0.001"": 0.20642638206481934, ""0.01"": 0.20728594064712524, ""0.1"": 0.2053312212228775, ""0.3"": 0.20423635840415955, ""1"": 0.2019142508506775, ""3"": 0.20102731883525848, ""10"": 0.19788426160812378, ""30"": 0.199916809797287, ""45"": 0.2008320540189743, ""65"": 0.20323751866817474, ""90"": 0.20594976842403412}",0.19251130486823823,0.19788425987344663,0.18640292624992724,12304,0.2558497141847629,0.7734394408216682
chronos2,monash_london_smart_meters,7,L7,block_depth,True,0.5833333333333334,10.0,False,False,1e-05|0.0001|0.001|0.01|0.1|0.3|1|3|10|30|45|65|90,90.0,1e-05,13,0.01,0.1,chronos2_quantile_loss (SUM over quantiles) = 2Q x mean pinball,0.19821324944496155,"{""1e-05"": 0.41551610827445984, ""0.0001"": 0.41536304354667664, ""0.001"": 0.41372475028038025, ""0.01"": 0.4157730042934418, ""0.1"": 0.4126877784729004, ""0.3"": 0.40978339314460754, ""1"": 0.4058716297149658, ""3"": 0.3966030180454254, ""10"": 0.3964264988899231, ""30"": 0.39717724919319153, ""45"": 0.40167924761772156, ""65"": 0.40583300590515137, ""90"": 0.4108465611934662}","{""1e-05"": 0.20775805413722992, ""0.0001"": 0.20768152177333832, ""0.001"": 0.20686237514019012, ""0.01"": 0.2078865021467209, ""0.1"": 0.2063438892364502, ""0.3"": 0.20489169657230377, ""1"": 0.2029358148574829, ""3"": 0.1983015090227127, ""10"": 0.19821324944496155, ""30"": 0.19858862459659576, ""45"": 0.20083962380886078, ""65"": 0.20291650295257568, ""90"": 0.2054232805967331}",0.19182900748505569,0.19821324215078626,0.18642891061897496,12304,0.2558497141847629,0.7747252827011007
chronos2,monash_london_smart_meters,8,L8,block_depth,True,0.6666666666666666,10.0,False,False,1e-05|0.0001|0.001|0.01|0.1|0.3|1|3|10|30|45|65|90,90.0,1e-05,13,0.01,0.1,chronos2_quantile_loss (SUM over quantiles) = 2Q x mean pinball,0.19791589677333832,"{""1e-05"": 0.4142187833786011, ""0.0001"": 0.41499316692352295, ""0.001"": 0.41429516673088074, ""0.01"": 0.41128790378570557, ""0.1"": 0.4134616553783417, ""0.3"": 0.4093021750450134, ""1"": 0.402267187833786, ""3"": 0.3986545205116272, ""10"": 0.39583179354667664, ""30"": 0.3972306549549103, ""45"": 0.4000245928764343, ""65"": 0.403716504573822, ""90"": 0.4118727743625641}","{""1e-05"": 0.20710939168930054, ""0.0001"": 0.20749658346176147, ""0.001"": 0.20714758336544037, ""0.01"": 0.20564395189285278, ""0.1"": 0.20673082768917084, ""0.3"": 0.2046510875225067, ""1"": 0.201133593916893, ""3"": 0.1993272602558136, ""10"": 0.19791589677333832, ""30"": 0.19861532747745514, ""45"": 0.20001229643821716, ""65"": 0.201858252286911, ""90"": 0.20593638718128204}",0.1918572110926981,0.1979159070107773,0.1857793766663957,12304,0.2558497141847629,0.7735631350670634
chronos2,monash_london_smart_meters,9,L9,block_depth,True,0.75,10.0,False,False,1e-05|0.0001|0.001|0.01|0.1|0.3|1|3|10|30|45|65|90,90.0,1e-05,13,0.01,0.1,chronos2_quantile_loss (SUM over quantiles) = 2Q x mean pinball,0.19562211632728577,"{""1e-05"": 0.40826836228370667, ""0.0001"": 0.41163069009780884, ""0.001"": 0.4120785593986511, ""0.01"": 0.40958094596862793, ""0.1"": 0.40911272168159485, ""0.3"": 0.40819311141967773, ""1"": 0.40124815702438354, ""3"": 0.39593982696533203, ""10"": 0.39124423265457153, ""30"": 0.39487841725349426, ""45"": 0.39754635095596313, ""65"": 0.40283700823783875, ""90"": 0.41368913650512695}","{""1e-05"": 0.20413418114185333, ""0.0001"": 0.20581534504890442, ""0.001"": 0.20603927969932556, ""0.01"": 0.20479047298431396, ""0.1"": 0.20455636084079742, ""0.3"": 0.20409655570983887, ""1"": 0.20062407851219177, ""3"": 0.19796991348266602, ""10"": 0.19562211632728577, ""30"": 0.19743920862674713, ""45"": 0.19877317547798157, ""65"": 0.20141850411891937, ""90"": 0.20684456825256348}",0.19165738515684133,0.19562210869897184,0.1848986052858238,12304,0.2558497141847629,0.7645977222304129
chronos2,monash_london_smart_meters,10,L10,block_depth,True,0.8333333333333334,30.0,False,False,1e-05|0.0001|0.001|0.01|0.1|0.3|1|3|10|30|45|65|90,90.0,1e-05,13,0.01,0.3,chronos2_quantile_loss (SUM over quantiles) = 2Q x mean pinball,0.19496896862983704,"{""1e-05"": 0.4047814905643463, ""0.0001"": 0.4069511890411377, ""0.001"": 0.4063866138458252, ""0.01"": 0.4049200415611267, ""0.1"": 0.4032194912433624, ""0.3"": 0.4004957675933838, ""1"": 0.39735811948776245, ""3"": 0.3947017192840576, ""10"": 0.3900305926799774, ""30"": 0.3899379372596741, ""45"": 0.39452171325683594, ""65"": 0.40023791790008545, ""90"": 0.4122479259967804}","{""1e-05"": 0.20239074528217316, ""0.0001"": 0.20347559452056885, ""0.001"": 0.2031933069229126, ""0.01"": 0.20246002078056335, ""0.1"": 0.2016097456216812, ""0.3"": 0.2002478837966919, ""1"": 0.19867905974388123, ""3"": 0.1973508596420288, ""10"": 0.1950152963399887, ""30"": 0.19496896862983704, ""45"": 0.19726085662841797, ""65"": 0.20011895895004272, ""90"": 0.2061239629983902}",0.19450155676073974,0.19496897087638615,0.18363271390606883,12304,0.2558497141847629,0.7620449039688532
chronos2,monash_london_smart_meters,11,L11,block_depth,True,0.9166666666666666,10.0,False,False,1e-05|0.0001|0.001|0.01|0.1|0.3|1|3|10|30|45|65|90,90.0,1e-05,13,0.01,0.1,chronos2_quantile_loss (SUM over quantiles) = 2Q x mean pinball,0.19310803711414337,"{""1e-05"": 0.4011659622192383, ""0.0001"": 0.3977486491203308, ""0.001"": 0.3979613482952118, ""0.01"": 0.40031367540359497, ""0.1"": 0.39722374081611633, ""0.3"": 0.3937056362628937, ""1"": 0.39074209332466125, ""3"": 0.3894481062889099, ""10"": 0.38621607422828674, ""30"": 0.38808462023735046, ""45"": 0.39103689789772034, ""65"": 0.39535072445869446, ""90"": 0.40847674012184143}","{""1e-05"": 0.20058298110961914, ""0.0001"": 0.1988743245601654, ""0.001"": 0.1989806741476059, ""0.01"": 0.20015683770179749, ""0.1"": 0.19861187040805817, ""0.3"": 0.19685281813144684, ""1"": 0.19537104666233063, ""3"": 0.19472405314445496, ""10"": 0.19310803711414337, ""30"": 0.19404231011867523, ""45"": 0.19551844894886017, ""65"": 0.19767536222934723, ""90"": 0.20423837006092072}",0.19244219925537856,0.19310804443675597,0.18296880218136402,12304,0.2558497141847629,0.754771390118897
chronos2,monash_london_smart_meters,12,L12,block_depth,True,1.0,30.0,False,False,1e-05|0.0001|0.001|0.01|0.1|0.3|1|3|10|30|45|65|90,90.0,1e-05,13,0.01,0.3,chronos2_quantile_loss (SUM over quantiles) = 2Q x mean pinball,0.1929502785205841,"{""1e-05"": 0.39863792061805725, ""0.0001"": 0.4011742174625397, ""0.001"": 0.3993985652923584, ""0.01"": 0.4036690592765808, ""0.1"": 0.39724698662757874, ""0.3"": 0.40440309047698975, ""1"": 0.3905908167362213, ""3"": 0.3948134183883667, ""10"": 0.3871217668056488, ""30"": 0.3859005570411682, ""45"": 0.3892822265625, ""65"": 0.3981505036354065, ""90"": 0.4142478108406067}","{""1e-05"": 0.19931896030902863, ""0.0001"": 0.20058710873126984, ""0.001"": 0.1996992826461792, ""0.01"": 0.2018345296382904, ""0.1"": 0.19862349331378937, ""0.3"": 0.20220154523849487, ""1"": 0.19529540836811066, ""3"": 0.19740670919418335, ""10"": 0.1935608834028244, ""30"": 0.1929502785205841, ""45"": 0.19464111328125, ""65"": 0.19907525181770325, ""90"": 0.20712390542030334}",0.19601209536515488,0.19295025992256995,0.18300906817592283,12304,0.2558497141847629,0.7541546823195986
chronos2,monash_london_smart_meters,13,L12+LN,head_input_diagnostic,False,,3.0,False,False,1e-05|0.0001|0.001|0.01|0.1|0.3|1|3|10|30|45|65|90,90.0,1e-05,13,0.01,0.03,chronos2_quantile_loss (SUM over quantiles) = 2Q x mean pinball,0.18904638290405273,"{""1e-05"": 0.396394819021225, ""0.0001"": 0.393674373626709, ""0.001"": 0.390474796295166, ""0.01"": 0.3955552577972412, ""0.1"": 0.3897371292114258, ""0.3"": 0.3846573829650879, ""1"": 0.38419756293296814, ""3"": 0.37809276580810547, ""10"": 0.3801058828830719, ""30"": 0.3806285262107849, ""45"": 0.3786284029483795, ""65"": 0.3904619514942169, ""90"": 0.4038926064968109}","{""1e-05"": 0.1981974095106125, ""0.0001"": 0.1968371868133545, ""0.001"": 0.195237398147583, ""0.01"": 0.1977776288986206, ""0.1"": 0.1948685646057129, ""0.3"": 0.19232869148254395, ""1"": 0.19209878146648407, ""3"": 0.18904638290405273, ""10"": 0.19005294144153595, ""30"": 0.19031426310539246, ""45"": 0.18931420147418976, ""65"": 0.19523097574710846, ""90"": 0.20194630324840546}",0.1880055776205304,0.18904636587009174,0.1787015310140284,12304,0.2558497141847629,0.7388961385884963
chronos2,m5,0,Emb,block_depth,True,0.0,0.0001,False,False,1e-05|0.0001|0.001|0.01|0.1|0.3|1|3|10|30|45|65|90,90.0,1e-05,13,0.01,1.0000000000000002e-06,chronos2_quantile_loss (SUM over quantiles) = 2Q x mean pinball,0.2756021022796631,"{""1e-05"": 0.551551878452301, ""0.0001"": 0.5512042045593262, ""0.001"": 0.5543500781059265, ""0.01"": 0.5596461296081543, ""0.1"": 0.5522462129592896, ""0.3"": 0.5512217879295349, ""1"": 0.5584954023361206, ""3"": 0.5613749027252197, ""10"": 0.5618988275527954, ""30"": 0.5790053009986877, ""45"": 0.5791341066360474, ""65"": 0.6006671786308289, ""90"": 0.6274698376655579}","{""1e-05"": 0.2757759392261505, ""0.0001"": 0.2756021022796631, ""0.001"": 0.27717503905296326, ""0.01"": 0.27982306480407715, ""0.1"": 0.2761231064796448, ""0.3"": 0.27561089396476746, ""1"": 0.2792477011680603, ""3"": 0.28068745136260986, ""10"": 0.2809494137763977, ""30"": 0.28950265049934387, ""45"": 0.2895670533180237, ""65"": 0.30033358931541443, ""90"": 0.31373491883277893}",0.2735028125003643,0.27560210131279383,0.29444437192482803,12304,0.2600373128919599,1.0598559808503358
chronos2,m5,1,L1,block_depth,True,0.08333333333333333,30.0,False,False,1e-05|0.0001|0.001|0.01|0.1|0.3|1|3|10|30|45|65|90,90.0,1e-05,13,0.01,0.3,chronos2_quantile_loss (SUM over quantiles) = 2Q x mean pinball,0.26299408078193665,"{""1e-05"": 0.5684141516685486, ""0.0001"": 0.5572354793548584, ""0.001"": 0.5397117733955383, ""0.01"": 0.5528944134712219, ""0.1"": 0.572597086429596, ""0.3"": 0.5645663738250732, ""1"": 0.5481424927711487, ""3"": 0.5732492208480835, ""10"": 0.5531957745552063, ""30"": 0.5259881615638733, ""45"": 0.5305300354957581, ""65"": 0.5275062918663025, ""90"": 0.5621278285980225}","{""1e-05"": 0.2842070758342743, ""0.0001"": 0.2786177396774292, ""0.001"": 0.26985588669776917, ""0.01"": 0.27644720673561096, ""0.1"": 0.286298543214798, ""0.3"": 0.2822831869125366, ""1"": 0.27407124638557434, ""3"": 0.28662461042404175, ""10"": 0.27659788727760315, ""30"": 0.26299408078193665, ""45"": 0.26526501774787903, ""65"": 0.26375314593315125, ""90"": 0.28106391429901123}",0.2542661615223804,0.26299408277965913,0.27769940052153047,12304,0.2600373128919599,1.0113705600739218
chronos2,m5,2,L2,block_depth,True,0.16666666666666666,45.0,False,False,1e-05|0.0001|0.001|0.01|0.1|0.3|1|3|10|30|45|65|90,90.0,1e-05,13,0.01,0.45,chronos2_quantile_loss (SUM over quantiles) = 2Q x mean pinball,0.26239198446273804,"{""1e-05"": 0.5454933643341064, ""0.0001"": 0.5564797520637512, ""0.001"": 0.545539379119873, ""0.01"": 0.5411413311958313, ""0.1"": 0.5574368834495544, ""0.3"": 0.5593245029449463, ""1"": 0.5436487793922424, ""3"": 0.5423434972763062, ""10"": 0.5479114055633545, ""30"": 0.5285007357597351, ""45"": 0.5247839689254761, ""65"": 0.5397043824195862, ""90"": 0.5477483868598938}","{""1e-05"": 0.2727466821670532, ""0.0001"": 0.2782398760318756, ""0.001"": 0.2727696895599365, ""0.01"": 0.27057066559791565, ""0.1"": 0.2787184417247772, ""0.3"": 0.27966225147247314, ""1"": 0.2718243896961212, ""3"": 0.2711717486381531, ""10"": 0.27395570278167725, ""30"": 0.26425036787986755, ""45"": 0.26239198446273804, ""65"": 0.2698521912097931, ""90"": 0.2738741934299469}",0.2531036787093156,0.262391971466878,0.2759707495001436,12304,0.2600373128919599,1.0090550796296545
chronos2,m5,3,L3,block_depth,True,0.25,30.0,False,False,1e-05|0.0001|0.001|0.01|0.1|0.3|1|3|10|30|45|65|90,90.0,1e-05,13,0.01,0.3,chronos2_quantile_loss (SUM over quantiles) = 2Q x mean pinball,0.2565266489982605,"{""1e-05"": 0.5384958386421204, ""0.0001"": 0.5460710525512695, ""0.001"": 0.5364289283752441, ""0.01"": 0.5412489771842957, ""0.1"": 0.5487674474716187, ""0.3"": 0.535716712474823, ""1"": 0.5506388545036316, ""3"": 0.5315216183662415, ""10"": 0.5340182185173035, ""30"": 0.513053297996521, ""45"": 0.5183558464050293, ""65"": 0.5271182656288147, ""90"": 0.54542076587677}","{""1e-05"": 0.2692479193210602, ""0.0001"": 0.27303552627563477, ""0.001"": 0.26821446418762207, ""0.01"": 0.2706244885921478, ""0.1"": 0.2743837237358093, ""0.3"": 0.2678583562374115, ""1"": 0.2753194272518158, ""3"": 0.2657608091831207, ""10"": 0.26700910925865173, ""30"": 0.2565266489982605, ""45"": 0.25917792320251465, ""65"": 0.26355913281440735, ""90"": 0.272710382938385}",0.24667568805719722,0.2565266566479024,0.2705814660533921,12304,0.2600373128919599,0.9864994134687275
chronos2,m5,4,L4,block_depth,True,0.3333333333333333,30.0,False,False,1e-05|0.0001|0.001|0.01|0.1|0.3|1|3|10|30|45|65|90,90.0,1e-05,13,0.01,0.3,chronos2_quantile_loss (SUM over quantiles) = 2Q x mean pinball,0.2545939087867737,"{""1e-05"": 0.5262166261672974, ""0.0001"": 0.5280125737190247, ""0.001"": 0.5287651419639587, ""0.01"": 0.5204543471336365, ""0.1"": 0.5194271206855774, ""0.3"": 0.5289226174354553, ""1"": 0.5251729488372803, ""3"": 0.5217804312705994, ""10"": 0.5138419270515442, ""30"": 0.5091878175735474, ""45"": 0.514428436756134, ""65"": 0.5172703266143799, ""90"": 0.5275478363037109}","{""1e-05"": 0.2631083130836487, ""0.0001"": 0.26400628685951233, ""0.001"": 0.26438257098197937, ""0.01"": 0.26022717356681824, ""0.1"": 0.2597135603427887, ""0.3"": 0.26446130871772766, ""1"": 0.26258647441864014, ""3"": 0.2608902156352997, ""10"": 0.2569209635257721, ""30"": 0.2545939087867737, ""45"": 0.257214218378067, ""65"": 0.25863516330718994, ""90"": 0.26377391815185547}",0.24392809576276087,0.2545939053174194,0.26879466463676616,12304,0.2600373128919599,0.9790668211649989
chronos2,m5,5,L5,block_depth,True,0.4166666666666667,30.0,False,False,1e-05|0.0001|0.001|0.01|0.1|0.3|1|3|10|30|45|65|90,90.0,1e-05,13,0.01,0.3,chronos2_quantile_loss (SUM over quantiles) = 2Q x mean pinball,0.2530916631221771,"{""1e-05"": 0.5301945805549622, ""0.0001"": 0.5257948040962219, ""0.001"": 0.527887225151062, ""0.01"": 0.5262072682380676, ""0.1"": 0.5244582295417786, ""0.3"": 0.5202142596244812, ""1"": 0.5223656296730042, ""3"": 0.519096314907074, ""10"": 0.5198907852172852, ""30"": 0.5061833262443542, ""45"": 0.509780764579773, ""65"": 0.5165605545043945, ""90"": 0.5232151746749878}","{""1e-05"": 0.2650972902774811, ""0.0001"": 0.26289740204811096, ""0.001"": 0.263943612575531, ""0.01"": 0.2631036341190338, ""0.1"": 0.2622291147708893, ""0.3"": 0.2601071298122406, ""1"": 0.2611828148365021, ""3"": 0.259548157453537, ""10"": 0.2599453926086426, ""30"": 0.2530916631221771, ""45"": 0.2548903822898865, ""65"": 0.25828027725219727, ""90"": 0.2616075873374939}",0.24088057568711008,0.25309166284491313,0.2671227415540177,12304,0.2600373128919599,0.9732897945690873
chronos2,m5,6,L6,block_depth,True,0.5,30.0,False,False,1e-05|0.0001|0.001|0.01|0.1|0.3|1|3|10|30|45|65|90,90.0,1e-05,13,0.01,0.3,chronos2_quantile_loss (SUM over quantiles) = 2Q x mean pinball,0.2517239451408386,"{""1e-05"": 0.5259305238723755, ""0.0001"": 0.5239601731300354, ""0.001"": 0.5230867266654968, ""0.01"": 0.5222630500793457, ""0.1"": 0.5217984914779663, ""0.3"": 0.5182603597640991, ""1"": 0.5181139707565308, ""3"": 0.5205561518669128, ""10"": 0.514446496963501, ""30"": 0.5034478902816772, ""45"": 0.508665144443512, ""65"": 0.5100489258766174, ""90"": 0.5153916478157043}","{""1e-05"": 0.26296526193618774, ""0.0001"": 0.2619800865650177, ""0.001"": 0.2615433633327484, ""0.01"": 0.26113152503967285, ""0.1"": 0.26089924573898315, ""0.3"": 0.25913017988204956, ""1"": 0.2590569853782654, ""3"": 0.2602780759334564, ""10"": 0.2572232484817505, ""30"": 0.2517239451408386, ""45"": 0.254332572221756, ""65"": 0.2550244629383087, ""90"": 0.2576958239078522}",0.239001875123279,0.25172394488490263,0.2661526763157649,12304,0.2600373128919599,0.9680300957020298
chronos2,m5,7,L7,block_depth,True,0.5833333333333334,30.0,False,False,1e-05|0.0001|0.001|0.01|0.1|0.3|1|3|10|30|45|65|90,90.0,1e-05,13,0.01,0.3,chronos2_quantile_loss (SUM over quantiles) = 2Q x mean pinball,0.25156718492507935,"{""1e-05"": 0.5272484421730042, ""0.0001"": 0.5276488065719604, ""0.001"": 0.530153214931488, ""0.01"": 0.5286275148391724, ""0.1"": 0.5268176198005676, ""0.3"": 0.5228942632675171, ""1"": 0.5162967443466187, ""3"": 0.5210866332054138, ""10"": 0.5154696106910706, ""30"": 0.5031343698501587, ""45"": 0.509304404258728, ""65"": 0.5111461281776428, ""90"": 0.5179010033607483}","{""1e-05"": 0.2636242210865021, ""0.0001"": 0.2638244032859802, ""0.001"": 0.265076607465744, ""0.01"": 0.2643137574195862, ""0.1"": 0.2634088099002838, ""0.3"": 0.26144713163375854, ""1"": 0.2581483721733093, ""3"": 0.2605433166027069, ""10"": 0.2577348053455353, ""30"": 0.25156718492507935, ""45"": 0.254652202129364, ""65"": 0.2555730640888214, ""90"": 0.25895050168037415}",0.23795563881679663,0.2515671663555025,0.2659481983660287,12304,0.2600373128919599,0.9674271878821615
chronos2,m5,8,L8,block_depth,True,0.6666666666666666,30.0,False,False,1e-05|0.0001|0.001|0.01|0.1|0.3|1|3|10|30|45|65|90,90.0,1e-05,13,0.01,0.3,chronos2_quantile_loss (SUM over quantiles) = 2Q x mean pinball,0.25121116638183594,"{""1e-05"": 0.5332338809967041, ""0.0001"": 0.5309557914733887, ""0.001"": 0.5337865948677063, ""0.01"": 0.5318880677223206, ""0.1"": 0.5336634516716003, ""0.3"": 0.5250439047813416, ""1"": 0.5172988176345825, ""3"": 0.5161847472190857, ""10"": 0.51325923204422, ""30"": 0.5024223327636719, ""45"": 0.5083128213882446, ""65"": 0.5126467943191528, ""90"": 0.5194941759109497}","{""1e-05"": 0.26661694049835205, ""0.0001"": 0.26547789573669434, ""0.001"": 0.26689329743385315, ""0.01"": 0.2659440338611603, ""0.1"": 0.26683172583580017, ""0.3"": 0.2625219523906708, ""1"": 0.25864940881729126, ""3"": 0.25809237360954285, ""10"": 0.25662961602211, ""30"": 0.25121116638183594, ""45"": 0.2541564106941223, ""65"": 0.2563233971595764, ""90"": 0.25974708795547485}",0.2376949215331883,0.2512111564003329,0.26595180603952806,12304,0.2600373128919599,0.9660581153009604
chronos2,m5,9,L9,block_depth,True,0.75,30.0,False,False,1e-05|0.0001|0.001|0.01|0.1|0.3|1|3|10|30|45|65|90,90.0,1e-05,13,0.01,0.3,chronos2_quantile_loss (SUM over quantiles) = 2Q x mean pinball,0.2523857355117798,"{""1e-05"": 0.5329156517982483, ""0.0001"": 0.5379357933998108, ""0.001"": 0.5362630486488342, ""0.01"": 0.538178563117981, ""0.1"": 0.5302693843841553, ""0.3"": 0.52751624584198, ""1"": 0.5221646428108215, ""3"": 0.520696222782135, ""10"": 0.5127794146537781, ""30"": 0.5047714710235596, ""45"": 0.5112167596817017, ""65"": 0.5139384865760803, ""90"": 0.5219730138778687}","{""1e-05"": 0.26645782589912415, ""0.0001"": 0.2689678966999054, ""0.001"": 0.2681315243244171, ""0.01"": 0.2690892815589905, ""0.1"": 0.26513469219207764, ""0.3"": 0.26375812292099, ""1"": 0.26108232140541077, ""3"": 0.2603481113910675, ""10"": 0.25638970732688904, ""30"": 0.2523857355117798, ""45"": 0.25560837984085083, ""65"": 0.25696924328804016, ""90"": 0.2609865069389343}",0.23859348986565082,0.2523857366208357,0.2662528903998491,12304,0.2600373128919599,0.9705750832985138
chronos2,m5,10,L10,block_depth,True,0.8333333333333334,45.0,False,False,1e-05|0.0001|0.001|0.01|0.1|0.3|1|3|10|30|45|65|90,90.0,1e-05,13,0.01,0.45,chronos2_quantile_loss (SUM over quantiles) = 2Q x mean pinball,0.2559020221233368,"{""1e-05"": 0.5420633554458618, ""0.0001"": 0.5343368053436279, ""0.001"": 0.541634202003479, ""0.01"": 0.5462733507156372, ""0.1"": 0.5365930199623108, ""0.3"": 0.5465244650840759, ""1"": 0.5390053987503052, ""3"": 0.5453397035598755, ""10"": 0.5341944694519043, ""30"": 0.519598126411438, ""45"": 0.5118040442466736, ""65"": 0.5185697674751282, ""90"": 0.5190061926841736}","{""1e-05"": 0.2710316777229309, ""0.0001"": 0.26716840267181396, ""0.001"": 0.2708171010017395, ""0.01"": 0.2731366753578186, ""0.1"": 0.2682965099811554, ""0.3"": 0.27326223254203796, ""1"": 0.2695026993751526, ""3"": 0.27266985177993774, ""10"": 0.26709723472595215, ""30"": 0.259799063205719, ""45"": 0.2559020221233368, ""65"": 0.2592848837375641, ""90"": 0.2595030963420868}",0.24390310244541213,0.25590203567372477,0.2690114321770104,12304,0.2600373128919599,0.9840973698264861
chronos2,m5,11,L11,block_depth,True,0.9166666666666666,45.0,False,False,1e-05|0.0001|0.001|0.01|0.1|0.3|1|3|10|30|45|65|90,90.0,1e-05,13,0.01,0.45,chronos2_quantile_loss (SUM over quantiles) = 2Q x mean pinball,0.26143571734428406,"{""1e-05"": 0.5608686208724976, ""0.0001"": 0.5609346628189087, ""0.001"": 0.5679499506950378, ""0.01"": 0.5673373937606812, ""0.1"": 0.5633443593978882, ""0.3"": 0.5605218410491943, ""1"": 0.5547397136688232, ""3"": 0.5447457432746887, ""10"": 0.54401695728302, ""30"": 0.523794949054718, ""45"": 0.5228714346885681, ""65"": 0.5369153022766113, ""90"": 0.54585200548172}","{""1e-05"": 0.2804343104362488, ""0.0001"": 0.28046733140945435, ""0.001"": 0.2839749753475189, ""0.01"": 0.2836686968803406, ""0.1"": 0.2816721796989441, ""0.3"": 0.28026092052459717, ""1"": 0.2773698568344116, ""3"": 0.27237287163734436, ""10"": 0.27200847864151, ""30"": 0.261897474527359, ""45"": 0.26143571734428406, ""65"": 0.26845765113830566, ""90"": 0.27292600274086}",0.2501147213930443,0.2614357100074528,0.2729217482958245,12304,0.2600373128919599,1.0053776786874962
chronos2,m5,12,L12,block_depth,True,1.0,45.0,False,False,1e-05|0.0001|0.001|0.01|0.1|0.3|1|3|10|30|45|65|90,90.0,1e-05,13,0.01,0.45,chronos2_quantile_loss (SUM over quantiles) = 2Q x mean pinball,0.2647809088230133,"{""1e-05"": 0.5672364234924316, ""0.0001"": 0.5576024055480957, ""0.001"": 0.5779013633728027, ""0.01"": 0.5571072697639465, ""0.1"": 0.5544792413711548, ""0.3"": 0.5732357501983643, ""1"": 0.5732284188270569, ""3"": 0.5489405989646912, ""10"": 0.5463114976882935, ""30"": 0.5562857985496521, ""45"": 0.5295618176460266, ""65"": 0.5428568124771118, ""90"": 0.5478890538215637}","{""1e-05"": 0.2836182117462158, ""0.0001"": 0.27880120277404785, ""0.001"": 0.28895068168640137, ""0.01"": 0.27855363488197327, ""0.1"": 0.2772396206855774, ""0.3"": 0.28661787509918213, ""1"": 0.28661420941352844, ""3"": 0.2744702994823456, ""10"": 0.27315574884414673, ""30"": 0.27814289927482605, ""45"": 0.2647809088230133, ""65"": 0.2714284062385559, ""90"": 0.27394452691078186}",0.2533761917171169,0.2647809085670773,0.27508438729773493,12304,0.2600373128919599,1.0182419808232992
chronos2,m5,13,L12+LN,head_input_diagnostic,False,,65.0,False,False,1e-05|0.0001|0.001|0.01|0.1|0.3|1|3|10|30|45|65|90,90.0,1e-05,13,0.01,0.65,chronos2_quantile_loss (SUM over quantiles) = 2Q x mean pinball,0.26393821835517883,"{""1e-05"": 0.5685591101646423, ""0.0001"": 0.5575595498085022, ""0.001"": 0.5723181962966919, ""0.01"": 0.5548251271247864, ""0.1"": 0.5525322556495667, ""0.3"": 0.5698925852775574, ""1"": 0.5392721891403198, ""3"": 0.5440022945404053, ""10"": 0.5518177151679993, ""30"": 0.547120988368988, ""45"": 0.5363812446594238, ""65"": 0.5278764367103577, ""90"": 0.5464198589324951}","{""1e-05"": 0.28427955508232117, ""0.0001"": 0.2787797749042511, ""0.001"": 0.28615909814834595, ""0.01"": 0.2774125635623932, ""0.1"": 0.2762661278247833, ""0.3"": 0.2849462926387787, ""1"": 0.2696360945701599, ""3"": 0.27200114727020264, ""10"": 0.27590885758399963, ""30"": 0.273560494184494, ""45"": 0.2681906223297119, ""65"": 0.26393821835517883, ""90"": 0.27320992946624756}",0.2532366653677167,0.26393822513748216,0.274678222365848,12304,0.2600373128919599,1.0150013557752113
chronos2,wiki_daily_100k,0,Emb,block_depth,True,0.0,0.01,False,False,1e-05|0.0001|0.001|0.01|0.1|0.3|1|3|10|30|45|65|90,90.0,1e-05,13,0.01,0.0001,chronos2_quantile_loss (SUM over quantiles) = 2Q x mean pinball,0.2717835009098053,"{""1e-05"": 0.5478014349937439, ""0.0001"": 0.5491061210632324, ""0.001"": 0.5485257506370544, ""0.01"": 0.5435670018196106, ""0.1"": 0.548251748085022, ""0.3"": 0.5560645461082458, ""1"": 0.5438812375068665, ""3"": 0.5489439964294434, ""10"": 0.5494527816772461, ""30"": 0.5603573322296143, ""45"": 0.5698930621147156, ""65"": 0.5843454599380493, ""90"": 0.6078165173530579}","{""1e-05"": 0.27390071749687195, ""0.0001"": 0.2745530605316162, ""0.001"": 0.2742628753185272, ""0.01"": 0.2717835009098053, ""0.1"": 0.274125874042511, ""0.3"": 0.2780322730541229, ""1"": 0.2719406187534332, ""3"": 0.2744719982147217, ""10"": 0.27472639083862305, ""30"": 0.28017866611480713, ""45"": 0.2849465310573578, ""65"": 0.29217272996902466, ""90"": 0.30390825867652893}",0.27466358910909344,0.2717835166356491,0.2756279184276821,12304,0.25902288441212123,1.0492644974303695
chronos2,wiki_daily_100k,1,L1,block_depth,True,0.08333333333333333,10.0,False,False,1e-05|0.0001|0.001|0.01|0.1|0.3|1|3|10|30|45|65|90,90.0,1e-05,13,0.01,0.1,chronos2_quantile_loss (SUM over quantiles) = 2Q x mean pinball,0.23262140154838562,"{""1e-05"": 0.47266969084739685, ""0.0001"": 0.48141634464263916, ""0.001"": 0.47409626841545105, ""0.01"": 0.4744716286659241, ""0.1"": 0.47547173500061035, ""0.3"": 0.47020936012268066, ""1"": 0.4712578058242798, ""3"": 0.47043704986572266, ""10"": 0.46524280309677124, ""30"": 0.46996355056762695, ""45"": 0.4707183539867401, ""65"": 0.47570788860321045, ""90"": 0.49074164032936096}","{""1e-05"": 0.23633484542369843, ""0.0001"": 0.24070817232131958, ""0.001"": 0.23704813420772552, ""0.01"": 0.23723581433296204, ""0.1"": 0.23773586750030518, ""0.3"": 0.23510468006134033, ""1"": 0.2356289029121399, ""3"": 0.23521852493286133, ""10"": 0.23262140154838562, ""30"": 0.23498177528381348, ""45"": 0.23535917699337006, ""65"": 0.23785394430160522, ""90"": 0.24537082016468048}",0.23712332188078286,0.2326214006099537,0.25088667377602053,12304,0.25902288441212123,0.8980727750673907
chronos2,wiki_daily_100k,2,L2,block_depth,True,0.16666666666666666,10.0,False,False,1e-05|0.0001|0.001|0.01|0.1|0.3|1|3|10|30|45|65|90,90.0,1e-05,13,0.01,0.1,chronos2_quantile_loss (SUM over quantiles) = 2Q x mean pinball,0.22989775240421295,"{""1e-05"": 0.4678196310997009, ""0.0001"": 0.46817469596862793, ""0.001"": 0.4708114564418793, ""0.01"": 0.4690350890159607, ""0.1"": 0.4667607545852661, ""0.3"": 0.4646143317222595, ""1"": 0.4625435173511505, ""3"": 0.46343496441841125, ""10"": 0.4597955048084259, ""30"": 0.46314069628715515, ""45"": 0.4663615822792053, ""65"": 0.47154149413108826, ""90"": 0.48102134466171265}","{""1e-05"": 0.23390981554985046, ""0.0001"": 0.23408734798431396, ""0.001"": 0.23540572822093964, ""0.01"": 0.23451754450798035, ""0.1"": 0.23338037729263306, ""0.3"": 0.23230716586112976, ""1"": 0.23127175867557526, ""3"": 0.23171748220920563, ""10"": 0.22989775240421295, ""30"": 0.23157034814357758, ""45"": 0.23318079113960266, ""65"": 0.23577074706554413, ""90"": 0.24051067233085632}",0.2325423202494766,0.229897758560895,0.24932839865049788,12304,0.25902288441212123,0.887557711677373
chronos2,wiki_daily_100k,3,L3,block_depth,True,0.25,10.0,False,False,1e-05|0.0001|0.001|0.01|0.1|0.3|1|3|10|30|45|65|90,90.0,1e-05,13,0.01,0.1,chronos2_quantile_loss (SUM over quantiles) = 2Q x mean pinball,0.2262914478778839,"{""1e-05"": 0.46767035126686096, ""0.0001"": 0.4663580060005188, ""0.001"": 0.46852511167526245, ""0.01"": 0.46593210101127625, ""0.1"": 0.46516233682632446, ""0.3"": 0.4629538059234619, ""1"": 0.4591358006000519, ""3"": 0.45558011531829834, ""10"": 0.4525828957557678, ""30"": 0.4562191069126129, ""45"": 0.45677080750465393, ""65"": 0.4599880874156952, ""90"": 0.4686557650566101}","{""1e-05"": 0.23383517563343048, ""0.0001"": 0.2331790030002594, ""0.001"": 0.23426255583763123, ""0.01"": 0.23296605050563812, ""0.1"": 0.23258116841316223, ""0.3"": 0.23147690296173096, ""1"": 0.22956790030002594, ""3"": 0.22779005765914917, ""10"": 0.2262914478778839, ""30"": 0.22810955345630646, ""45"": 0.22838540375232697, ""65"": 0.2299940437078476, ""90"": 0.23432788252830505}",0.22486583412848038,0.22629146075999465,0.24125131186922544,12304,0.25902288441212123,0.8736350121093976
chronos2,wiki_daily_100k,4,L4,block_depth,True,0.3333333333333333,10.0,False,False,1e-05|0.0001|0.001|0.01|0.1|0.3|1|3|10|30|45|65|90,90.0,1e-05,13,0.01,0.1,chronos2_quantile_loss (SUM over quantiles) = 2Q x mean pinball,0.22578155994415283,"{""1e-05"": 0.46951282024383545, ""0.0001"": 0.47008630633354187, ""0.001"": 0.4701038599014282, ""0.01"": 0.46964314579963684, ""0.1"": 0.4693918228149414, ""0.3"": 0.4678613543510437, ""1"": 0.4590664505958557, ""3"": 0.45472681522369385, ""10"": 0.45156311988830566, ""30"": 0.4530070126056671, ""45"": 0.4529326260089874, ""65"": 0.45503556728363037, ""90"": 0.45959335565567017}","{""1e-05"": 0.23475641012191772, ""0.0001"": 0.23504315316677094, ""0.001"": 0.2350519299507141, ""0.01"": 0.23482157289981842, ""0.1"": 0.2346959114074707, ""0.3"": 0.23393067717552185, ""1"": 0.22953322529792786, ""3"": 0.22736340761184692, ""10"": 0.22578155994415283, ""30"": 0.22650350630283356, ""45"": 0.2264663130044937, ""65"": 0.22751778364181519, ""90"": 0.22979667782783508}",0.21986782157438214,0.22578156530458965,0.23865121908713388,12304,0.25902288441212123,0.8716664777207769
chronos2,wiki_daily_100k,5,L5,block_depth,True,0.4166666666666667,30.0,False,False,1e-05|0.0001|0.001|0.01|0.1|0.3|1|3|10|30|45|65|90,90.0,1e-05,13,0.01,0.3,chronos2_quantile_loss (SUM over quantiles) = 2Q x mean pinball,0.2245081067085266,"{""1e-05"": 0.47054898738861084, ""0.0001"": 0.47005102038383484, ""0.001"": 0.47056058049201965, ""0.01"": 0.47051170468330383, ""0.1"": 0.4678099453449249, ""0.3"": 0.4661162495613098, ""1"": 0.4601295292377472, ""3"": 0.4546041190624237, ""10"": 0.4508765637874603, ""30"": 0.4490162134170532, ""45"": 0.4491463005542755, ""65"": 0.4512450695037842, ""90"": 0.45373693108558655}","{""1e-05"": 0.23527449369430542, ""0.0001"": 0.23502551019191742, ""0.001"": 0.23528029024600983, ""0.01"": 0.23525585234165192, ""0.1"": 0.23390497267246246, ""0.3"": 0.2330581247806549, ""1"": 0.2300647646188736, ""3"": 0.22730205953121185, ""10"": 0.22543828189373016, ""30"": 0.2245081067085266, ""45"": 0.22457315027713776, ""65"": 0.2256225347518921, ""90"": 0.22686846554279327}",0.22065652549330952,0.2245081069218066,0.23642515510548162,12304,0.25902288441212123,0.8667500843848239
chronos2,wiki_daily_100k,6,L6,block_depth,True,0.5,30.0,False,False,1e-05|0.0001|0.001|0.01|0.1|0.3|1|3|10|30|45|65|90,90.0,1e-05,13,0.01,0.3,chronos2_quantile_loss (SUM over quantiles) = 2Q x mean pinball,0.22363168001174927,"{""1e-05"": 0.47575703263282776, ""0.0001"": 0.47731107473373413, ""0.001"": 0.47704029083251953, ""0.01"": 0.4757985472679138, ""0.1"": 0.47453317046165466, ""0.3"": 0.4705756902694702, ""1"": 0.4635280668735504, ""3"": 0.45889246463775635, ""10"": 0.4511658847332001, ""30"": 0.44726336002349854, ""45"": 0.44782736897468567, ""65"": 0.44906631112098694, ""90"": 0.4506394863128662}","{""1e-05"": 0.23787851631641388, ""0.0001"": 0.23865553736686707, ""0.001"": 0.23852014541625977, ""0.01"": 0.2378992736339569, ""0.1"": 0.23726658523082733, ""0.3"": 0.2352878451347351, ""1"": 0.2317640334367752, ""3"": 0.22944623231887817, ""10"": 0.22558294236660004, ""30"": 0.22363168001174927, ""45"": 0.22391368448734283, ""65"": 0.22453315556049347, ""90"": 0.2253197431564331}",0.21903268718715208,0.22363166481199612,0.23660158330418227,12304,0.25902288441212123,0.8633664369831682
chronos2,wiki_daily_100k,7,L7,block_depth,True,0.5833333333333334,30.0,False,False,1e-05|0.0001|0.001|0.01|0.1|0.3|1|3|10|30|45|65|90,90.0,1e-05,13,0.01,0.3,chronos2_quantile_loss (SUM over quantiles) = 2Q x mean pinball,0.22372280061244965,"{""1e-05"": 0.4794875383377075, ""0.0001"": 0.4784304201602936, ""0.001"": 0.47852733731269836, ""0.01"": 0.477821946144104, ""0.1"": 0.4761928617954254, ""0.3"": 0.47195976972579956, ""1"": 0.466397762298584, ""3"": 0.4585977792739868, ""10"": 0.45173850655555725, ""30"": 0.4474456012248993, ""45"": 0.4478118121623993, ""65"": 0.4477948546409607, ""90"": 0.45221441984176636}","{""1e-05"": 0.23974376916885376, ""0.0001"": 0.2392152100801468, ""0.001"": 0.23926366865634918, ""0.01"": 0.238910973072052, ""0.1"": 0.2380964308977127, ""0.3"": 0.23597988486289978, ""1"": 0.233198881149292, ""3"": 0.2292988896369934, ""10"": 0.22586925327777863, ""30"": 0.22372280061244965, ""45"": 0.22390590608119965, ""65"": 0.22389742732048035, ""90"": 0.22610720992088318}",0.21840067071254918,0.22372281084988863,0.23720409608808637,12304,0.25902288441212123,0.8637183210960309
chronos2,wiki_daily_100k,8,L8,block_depth,True,0.6666666666666666,30.0,False,False,1e-05|0.0001|0.001|0.01|0.1|0.3|1|3|10|30|45|65|90,90.0,1e-05,13,0.01,0.3,chronos2_quantile_loss (SUM over quantiles) = 2Q x mean pinball,0.22283542156219482,"{""1e-05"": 0.475163072347641, ""0.0001"": 0.47395309805870056, ""0.001"": 0.4742361605167389, ""0.01"": 0.4753313660621643, ""0.1"": 0.47225421667099, ""0.3"": 0.46979719400405884, ""1"": 0.4623704254627228, ""3"": 0.45514732599258423, ""10"": 0.45061010122299194, ""30"": 0.44567084312438965, ""45"": 0.44729557633399963, ""65"": 0.4471083879470825, ""90"": 0.4510897397994995}","{""1e-05"": 0.2375815361738205, ""0.0001"": 0.23697654902935028, ""0.001"": 0.23711808025836945, ""0.01"": 0.23766568303108215, ""0.1"": 0.236127108335495, ""0.3"": 0.23489859700202942, ""1"": 0.2311852127313614, ""3"": 0.22757366299629211, ""10"": 0.22530505061149597, ""30"": 0.22283542156219482, ""45"": 0.22364778816699982, ""65"": 0.22355419397354126, ""90"": 0.22554486989974976}",0.21809139183403087,0.22283544205129147,0.2362870229194865,12304,0.25902288441212123,0.8602924894340481
chronos2,wiki_daily_100k,9,L9,block_depth,True,0.75,45.0,False,False,1e-05|0.0001|0.001|0.01|0.1|0.3|1|3|10|30|45|65|90,90.0,1e-05,13,0.01,0.45,chronos2_quantile_loss (SUM over quantiles) = 2Q x mean pinball,0.22161120176315308,"{""1e-05"": 0.47685837745666504, ""0.0001"": 0.47785016894340515, ""0.001"": 0.4770854115486145, ""0.01"": 0.47691699862480164, ""0.1"": 0.4753477871417999, ""0.3"": 0.4704930782318115, ""1"": 0.4626062512397766, ""3"": 0.4547823667526245, ""10"": 0.44658172130584717, ""30"": 0.4443818926811218, ""45"": 0.44322240352630615, ""65"": 0.443851500749588, ""90"": 0.44853833317756653}","{""1e-05"": 0.23842918872833252, ""0.0001"": 0.23892508447170258, ""0.001"": 0.23854270577430725, ""0.01"": 0.23845849931240082, ""0.1"": 0.23767389357089996, ""0.3"": 0.23524653911590576, ""1"": 0.2313031256198883, ""3"": 0.22739118337631226, ""10"": 0.22329086065292358, ""30"": 0.2221909463405609, ""45"": 0.22161120176315308, ""65"": 0.221925750374794, ""90"": 0.22426916658878326}",0.2195758550365053,0.2216112018769024,0.23241590270559295,12304,0.25902288441212123,0.8555661110016265
chronos2,wiki_daily_100k,10,L10,block_depth,True,0.8333333333333334,45.0,False,False,1e-05|0.0001|0.001|0.01|0.1|0.3|1|3|10|30|45|65|90,90.0,1e-05,13,0.01,0.45,chronos2_quantile_loss (SUM over quantiles) = 2Q x mean pinball,0.2206982672214508,"{""1e-05"": 0.4728645980358124, ""0.0001"": 0.4730752408504486, ""0.001"": 0.4736815094947815, ""0.01"": 0.47338664531707764, ""0.1"": 0.4693160951137543, ""0.3"": 0.46604883670806885, ""1"": 0.4593146741390228, ""3"": 0.4523968994617462, ""10"": 0.4468367099761963, ""30"": 0.4422302544116974, ""45"": 0.4413965344429016, ""65"": 0.44312140345573425, ""90"": 0.4486240744590759}","{""1e-05"": 0.2364322990179062, ""0.0001"": 0.2365376204252243, ""0.001"": 0.23684075474739075, ""0.01"": 0.23669332265853882, ""0.1"": 0.23465804755687714, ""0.3"": 0.23302441835403442, ""1"": 0.2296573370695114, ""3"": 0.2261984497308731, ""10"": 0.22341835498809814, ""30"": 0.2211151272058487, ""45"": 0.2206982672214508, ""65"": 0.22156070172786713, ""90"": 0.22431203722953796}",0.21952974321681423,0.2206982563726092,0.23118707224840426,12304,0.25902288441212123,0.8520415363048185
chronos2,wiki_daily_100k,11,L11,block_depth,True,0.9166666666666666,30.0,False,False,1e-05|0.0001|0.001|0.01|0.1|0.3|1|3|10|30|45|65|90,90.0,1e-05,13,0.01,0.3,chronos2_quantile_loss (SUM over quantiles) = 2Q x mean pinball,0.21994531154632568,"{""1e-05"": 0.46716442704200745, ""0.0001"": 0.4647592604160309, ""0.001"": 0.4659707546234131, ""0.01"": 0.4652585983276367, ""0.1"": 0.4637700915336609, ""0.3"": 0.4602448642253876, ""1"": 0.4530644118785858, ""3"": 0.4455355703830719, ""10"": 0.442075252532959, ""30"": 0.43989062309265137, ""45"": 0.4424973130226135, ""65"": 0.44407403469085693, ""90"": 0.4525392949581146}","{""1e-05"": 0.23358221352100372, ""0.0001"": 0.23237963020801544, ""0.001"": 0.23298537731170654, ""0.01"": 0.23262929916381836, ""0.1"": 0.23188504576683044, ""0.3"": 0.2301224321126938, ""1"": 0.2265322059392929, ""3"": 0.22276778519153595, ""10"": 0.2210376262664795, ""30"": 0.21994531154632568, ""45"": 0.22124865651130676, ""65"": 0.22203701734542847, ""90"": 0.2262696474790573}",0.21919240568159215,0.21994531646598386,0.2314261126097377,12304,0.25902288441212123,0.8491346892579477
chronos2,wiki_daily_100k,12,L12,block_depth,True,1.0,30.0,False,False,1e-05|0.0001|0.001|0.01|0.1|0.3|1|3|10|30|45|65|90,90.0,1e-05,13,0.01,0.3,chronos2_quantile_loss (SUM over quantiles) = 2Q x mean pinball,0.2212158590555191,"{""1e-05"": 0.45944976806640625, ""0.0001"": 0.4562617242336273, ""0.001"": 0.4597328305244446, ""0.01"": 0.45744961500167847, ""0.1"": 0.45750877261161804, ""0.3"": 0.45634669065475464, ""1"": 0.4484615623950958, ""3"": 0.4457658529281616, ""10"": 0.4439489245414734, ""30"": 0.4424317181110382, ""45"": 0.4446086883544922, ""65"": 0.45225289463996887, ""90"": 0.45993462204933167}","{""1e-05"": 0.22972488403320312, ""0.0001"": 0.22813086211681366, ""0.001"": 0.2298664152622223, ""0.01"": 0.22872480750083923, ""0.1"": 0.22875438630580902, ""0.3"": 0.22817334532737732, ""1"": 0.2242307811975479, ""3"": 0.2228829264640808, ""10"": 0.2219744622707367, ""30"": 0.2212158590555191, ""45"": 0.2223043441772461, ""65"": 0.22612644731998444, ""90"": 0.22996731102466583}",0.22225429989408216,0.22121585882802047,0.23204073380991702,12304,0.25902288441212123,0.8540398248212406
chronos2,wiki_daily_100k,13,L12+LN,head_input_diagnostic,False,,10.0,False,False,1e-05|0.0001|0.001|0.01|0.1|0.3|1|3|10|30|45|65|90,90.0,1e-05,13,0.01,0.1,chronos2_quantile_loss (SUM over quantiles) = 2Q x mean pinball,0.2185138612985611,"{""1e-05"": 0.4565649926662445, ""0.0001"": 0.45613569021224976, ""0.001"": 0.4567795991897583, ""0.01"": 0.45392462611198425, ""0.1"": 0.45430058240890503, ""0.3"": 0.44995352625846863, ""1"": 0.44485026597976685, ""3"": 0.43955937027931213, ""10"": 0.4370277225971222, ""30"": 0.43936583399772644, ""45"": 0.43996569514274597, ""65"": 0.44442620873451233, ""90"": 0.45237910747528076}","{""1e-05"": 0.22828249633312225, ""0.0001"": 0.22806784510612488, ""0.001"": 0.22838979959487915, ""0.01"": 0.22696231305599213, ""0.1"": 0.22715029120445251, ""0.3"": 0.22497676312923431, ""1"": 0.22242513298988342, ""3"": 0.21977968513965607, ""10"": 0.2185138612985611, ""30"": 0.21968291699886322, ""45"": 0.21998284757137299, ""65"": 0.22221310436725616, ""90"": 0.22618955373764038}",0.21663675485299086,0.21851386508072607,0.23070465743484844,12304,0.25902288441212123,0.8436083382233407
chronos2,monash_traffic,0,Emb,block_depth,True,0.0,10.0,False,False,1e-05|0.0001|0.001|0.01|0.1|0.3|1|3|10|30|45|65|90,90.0,1e-05,13,0.01,0.1,chronos2_quantile_loss (SUM over quantiles) = 2Q x mean pinball,0.2507624328136444,"{""1e-05"": 0.5078396201133728, ""0.0001"": 0.5239388346672058, ""0.001"": 0.5087458491325378, ""0.01"": 0.514674723148346, ""0.1"": 0.5121994614601135, ""0.3"": 0.5157530307769775, ""1"": 0.5264093279838562, ""3"": 0.5068386793136597, ""10"": 0.5015248656272888, ""30"": 0.5384485125541687, ""45"": 0.5565363764762878, ""65"": 0.5588892698287964, ""90"": 0.5807867646217346}","{""1e-05"": 0.2539198100566864, ""0.0001"": 0.2619694173336029, ""0.001"": 0.2543729245662689, ""0.01"": 0.257337361574173, ""0.1"": 0.25609973073005676, ""0.3"": 0.25787651538848877, ""1"": 0.2632046639919281, ""3"": 0.25341933965682983, ""10"": 0.2507624328136444, ""30"": 0.26922425627708435, ""45"": 0.2782681882381439, ""65"": 0.2794446349143982, ""90"": 0.2903933823108673}",0.31979975935440497,0.2507624534591464,0.2770542643736792,12304,0.25220810897818957,0.9942680053987947
chronos2,monash_traffic,1,L1,block_depth,True,0.08333333333333333,1.0,False,False,1e-05|0.0001|0.001|0.01|0.1|0.3|1|3|10|30|45|65|90,90.0,1e-05,13,0.01,0.01,chronos2_quantile_loss (SUM over quantiles) = 2Q x mean pinball,0.20441566407680511,"{""1e-05"": 0.4157547950744629, ""0.0001"": 0.41403234004974365, ""0.001"": 0.41268524527549744, ""0.01"": 0.41240742802619934, ""0.1"": 0.4207824766635895, ""0.3"": 0.4090369939804077, ""1"": 0.40883132815361023, ""3"": 0.41424456238746643, ""10"": 0.4347836375236511, ""30"": 0.43844616413116455, ""45"": 0.4376704692840576, ""65"": 0.4427459239959717, ""90"": 0.4524680972099304}","{""1e-05"": 0.20787739753723145, ""0.0001"": 0.20701617002487183, ""0.001"": 0.20634262263774872, ""0.01"": 0.20620371401309967, ""0.1"": 0.21039123833179474, ""0.3"": 0.20451849699020386, ""1"": 0.20441566407680511, ""3"": 0.20712228119373322, ""10"": 0.21739181876182556, ""30"": 0.21922308206558228, ""45"": 0.2188352346420288, ""65"": 0.22137296199798584, ""90"": 0.2262340486049652}",0.2399410474270454,0.20441567073114045,0.21118155551206974,12304,0.25220810897818957,0.8105039586527247
chronos2,monash_traffic,2,L2,block_depth,True,0.16666666666666666,0.1,False,False,1e-05|0.0001|0.001|0.01|0.1|0.3|1|3|10|30|45|65|90,90.0,1e-05,13,0.01,0.001,chronos2_quantile_loss (SUM over quantiles) = 2Q x mean pinball,0.12325549125671387,"{""1e-05"": 0.2508983016014099, ""0.0001"": 0.2491423636674881, ""0.001"": 0.24949343502521515, ""0.01"": 0.24791452288627625, ""0.1"": 0.24651098251342773, ""0.3"": 0.24767693877220154, ""1"": 0.2561756670475006, ""3"": 0.25561514496803284, ""10"": 0.2552134096622467, ""30"": 0.2778187096118927, ""45"": 0.29205235838890076, ""65"": 0.29992470145225525, ""90"": 0.33547309041023254}","{""1e-05"": 0.12544915080070496, ""0.0001"": 0.12457118183374405, ""0.001"": 0.12474671751260757, ""0.01"": 0.12395726144313812, ""0.1"": 0.12325549125671387, ""0.3"": 0.12383846938610077, ""1"": 0.1280878335237503, ""3"": 0.12780757248401642, ""10"": 0.12760670483112335, ""30"": 0.13890935480594635, ""45"": 0.14602617919445038, ""65"": 0.14996235072612762, ""90"": 0.16773654520511627}",0.14461673629687968,0.12325548246957874,0.13971681833153463,12304,0.25220810897818957,0.4887054701331495
chronos2,monash_traffic,3,L3,block_depth,True,0.25,45.0,False,False,1e-05|0.0001|0.001|0.01|0.1|0.3|1|3|10|30|45|65|90,90.0,1e-05,13,0.01,0.45,chronos2_quantile_loss (SUM over quantiles) = 2Q x mean pinball,0.1310807168483734,"{""1e-05"": 0.2719210088253021, ""0.0001"": 0.2770463824272156, ""0.001"": 0.27587270736694336, ""0.01"": 0.2788349390029907, ""0.1"": 0.27721884846687317, ""0.3"": 0.2762448191642761, ""1"": 0.26896366477012634, ""3"": 0.2691957354545593, ""10"": 0.2667720317840576, ""30"": 0.26746666431427, ""45"": 0.2621614336967468, ""65"": 0.2712459862232208, ""90"": 0.2700396180152893}","{""1e-05"": 0.13596050441265106, ""0.0001"": 0.1385231912136078, ""0.001"": 0.13793635368347168, ""0.01"": 0.13941746950149536, ""0.1"": 0.13860942423343658, ""0.3"": 0.13812240958213806, ""1"": 0.13448183238506317, ""3"": 0.13459786772727966, ""10"": 0.1333860158920288, ""30"": 0.133733332157135, ""45"": 0.1310807168483734, ""65"": 0.1356229931116104, ""90"": 0.13501980900764465}",0.11963205305669708,0.13108071925132783,0.11540544587578483,12304,0.25220810897818957,0.5197323741191185
chronos2,monash_traffic,4,L4,block_depth,True,0.3333333333333333,0.3,False,False,1e-05|0.0001|0.001|0.01|0.1|0.3|1|3|10|30|45|65|90,90.0,1e-05,13,0.01,0.003,chronos2_quantile_loss (SUM over quantiles) = 2Q x mean pinball,0.13329455256462097,"{""1e-05"": 0.2747330665588379, ""0.0001"": 0.2801167666912079, ""0.001"": 0.2797296345233917, ""0.01"": 0.274502694606781, ""0.1"": 0.27771034836769104, ""0.3"": 0.26658910512924194, ""1"": 0.2781429886817932, ""3"": 0.27280300855636597, ""10"": 0.2731885015964508, ""30"": 0.2792121171951294, ""45"": 0.2705036699771881, ""65"": 0.28182336688041687, ""90"": 0.2801923155784607}","{""1e-05"": 0.13736653327941895, ""0.0001"": 0.14005838334560394, ""0.001"": 0.13986481726169586, ""0.01"": 0.1372513473033905, ""0.1"": 0.13885517418384552, ""0.3"": 0.13329455256462097, ""1"": 0.1390714943408966, ""3"": 0.13640150427818298, ""10"": 0.1365942507982254, ""30"": 0.1396060585975647, ""45"": 0.13525183498859406, ""65"": 0.14091168344020844, ""90"": 0.14009615778923035}",0.0931558093828399,0.13329455614772462,0.1063945138585249,12304,0.25220810897818957,0.5285101921891483
chronos2,monash_traffic,5,L5,block_depth,True,0.4166666666666667,0.3,False,False,1e-05|0.0001|0.001|0.01|0.1|0.3|1|3|10|30|45|65|90,90.0,1e-05,13,0.01,0.003,chronos2_quantile_loss (SUM over quantiles) = 2Q x mean pinball,0.1349400281906128,"{""1e-05"": 0.2753927409648895, ""0.0001"": 0.2800578773021698, ""0.001"": 0.27748551964759827, ""0.01"": 0.2803876996040344, ""0.1"": 0.2805679738521576, ""0.3"": 0.2698800563812256, ""1"": 0.2712976038455963, ""3"": 0.2700914442539215, ""10"": 0.2747141718864441, ""30"": 0.26994746923446655, ""45"": 0.2715117335319519, ""65"": 0.2792198956012726, ""90"": 0.2916196584701538}","{""1e-05"": 0.13769637048244476, ""0.0001"": 0.1400289386510849, ""0.001"": 0.13874275982379913, ""0.01"": 0.1401938498020172, ""0.1"": 0.1402839869260788, ""0.3"": 0.1349400281906128, ""1"": 0.13564880192279816, ""3"": 0.13504572212696075, ""10"": 0.13735708594322205, ""30"": 0.13497373461723328, ""45"": 0.13575586676597595, ""65"": 0.1396099478006363, ""90"": 0.1458098292350769}",0.08997357772981249,0.1349400182802031,0.10967010686188254,12304,0.25220810897818957,0.535034415930982
chronos2,monash_traffic,6,L6,block_depth,True,0.5,1.0,False,False,1e-05|0.0001|0.001|0.01|0.1|0.3|1|3|10|30|45|65|90,90.0,1e-05,13,0.01,0.01,chronos2_quantile_loss (SUM over quantiles) = 2Q x mean pinball,0.1315590739250183,"{""1e-05"": 0.2709466814994812, ""0.0001"": 0.26564735174179077, ""0.001"": 0.2634958028793335, ""0.01"": 0.2649799883365631, ""0.1"": 0.2670741081237793, ""0.3"": 0.26514947414398193, ""1"": 0.2631181478500366, ""3"": 0.26349276304244995, ""10"": 0.2662256360054016, ""30"": 0.2716842591762543, ""45"": 0.27392810583114624, ""65"": 0.27552324533462524, ""90"": 0.2843632102012634}","{""1e-05"": 0.1354733407497406, ""0.0001"": 0.13282367587089539, ""0.001"": 0.13174790143966675, ""0.01"": 0.13248999416828156, ""0.1"": 0.13353705406188965, ""0.3"": 0.13257473707199097, ""1"": 0.1315590739250183, ""3"": 0.13174638152122498, ""10"": 0.1331128180027008, ""30"": 0.13584212958812714, ""45"": 0.13696405291557312, ""65"": 0.13776162266731262, ""90"": 0.1421816051006317}",0.08942758469405442,0.13155905832714251,0.11224008089940966,12304,0.25220810897818957,0.5216289787832297
chronos2,monash_traffic,7,L7,block_depth,True,0.5833333333333334,3.0,False,False,1e-05|0.0001|0.001|0.01|0.1|0.3|1|3|10|30|45|65|90,90.0,1e-05,13,0.01,0.03,chronos2_quantile_loss (SUM over quantiles) = 2Q x mean pinball,0.1235472708940506,"{""1e-05"": 0.25618499517440796, ""0.0001"": 0.24953454732894897, ""0.001"": 0.2527337372303009, ""0.01"": 0.2575818598270416, ""0.1"": 0.2541615962982178, ""0.3"": 0.2502997815608978, ""1"": 0.25837433338165283, ""3"": 0.2470945417881012, ""10"": 0.2585086524486542, ""30"": 0.26203951239585876, ""45"": 0.263868123292923, ""65"": 0.27654191851615906, ""90"": 0.2780696749687195}","{""1e-05"": 0.12809249758720398, ""0.0001"": 0.12476727366447449, ""0.001"": 0.12636686861515045, ""0.01"": 0.1287909299135208, ""0.1"": 0.1270807981491089, ""0.3"": 0.1251498907804489, ""1"": 0.12918716669082642, ""3"": 0.1235472708940506, ""10"": 0.1292543262243271, ""30"": 0.13101975619792938, ""45"": 0.1319340616464615, ""65"": 0.13827095925807953, ""90"": 0.13903483748435974}",0.08952612347013639,0.12354727143435988,0.11113083712358511,12304,0.25220810897818957,0.48986240741785186
chronos2,monash_traffic,8,L8,block_depth,True,0.6666666666666666,1e-05,False,True,1e-05|0.0001|0.001|0.01|0.1|0.3|1|3|10|30|45|65|90,90.0,1e-05,13,0.01,1.0000000000000001e-07,chronos2_quantile_loss (SUM over quantiles) = 2Q x mean pinball,0.1237494945526123,"{""1e-05"": 0.2474989891052246, ""0.0001"": 0.25990861654281616, ""0.001"": 0.2536071538925171, ""0.01"": 0.25138187408447266, ""0.1"": 0.2548007071018219, ""0.3"": 0.25014764070510864, ""1"": 0.25142112374305725, ""3"": 0.24809536337852478, ""10"": 0.24963781237602234, ""30"": 0.2569430470466614, ""45"": 0.25578323006629944, ""65"": 0.26427146792411804, ""90"": 0.27165696024894714}","{""1e-05"": 0.1237494945526123, ""0.0001"": 0.12995430827140808, ""0.001"": 0.12680357694625854, ""0.01"": 0.12569093704223633, ""0.1"": 0.12740035355091095, ""0.3"": 0.12507382035255432, ""1"": 0.12571056187152863, ""3"": 0.12404768168926239, ""10"": 0.12481890618801117, ""30"": 0.1284715235233307, ""45"": 0.12789161503314972, ""65"": 0.13213573396205902, ""90"": 0.13582848012447357}",0.08470037913048797,0.12374949068513535,0.11085805770379441,12304,0.25220810897818957,0.49066420261624877
chronos2,monash_traffic,9,L9,block_depth,True,0.75,0.3,False,False,1e-05|0.0001|0.001|0.01|0.1|0.3|1|3|10|30|45|65|90,90.0,1e-05,13,0.01,0.003,chronos2_quantile_loss (SUM over quantiles) = 2Q x mean pinball,0.11877204477787018,"{""1e-05"": 0.24846304953098297, ""0.0001"": 0.24834296107292175, ""0.001"": 0.24527233839035034, ""0.01"": 0.2386488914489746, ""0.1"": 0.2402510643005371, ""0.3"": 0.23754408955574036, ""1"": 0.24148142337799072, ""3"": 0.24226707220077515, ""10"": 0.2408069223165512, ""30"": 0.2523109018802643, ""45"": 0.25432050228118896, ""65"": 0.2608473598957062, ""90"": 0.26785755157470703}","{""1e-05"": 0.12423152476549149, ""0.0001"": 0.12417148053646088, ""0.001"": 0.12263616919517517, ""0.01"": 0.1193244457244873, ""0.1"": 0.12012553215026855, ""0.3"": 0.11877204477787018, ""1"": 0.12074071168899536, ""3"": 0.12113353610038757, ""10"": 0.1204034611582756, ""30"": 0.12615545094013214, ""45"": 0.12716025114059448, ""65"": 0.1304236799478531, ""90"": 0.13392877578735352}",0.08298740747893814,0.1187720448489635,0.10400974292677777,12304,0.25220810897818957,0.47092873155491866
chronos2,monash_traffic,10,L10,block_depth,True,0.8333333333333334,10.0,False,False,1e-05|0.0001|0.001|0.01|0.1|0.3|1|3|10|30|45|65|90,90.0,1e-05,13,0.01,0.1,chronos2_quantile_loss (SUM over quantiles) = 2Q x mean pinball,0.11430573463439941,"{""1e-05"": 0.23735372722148895, ""0.0001"": 0.2416498064994812, ""0.001"": 0.24112272262573242, ""0.01"": 0.23771166801452637, ""0.1"": 0.2368931770324707, ""0.3"": 0.23539483547210693, ""1"": 0.23381675779819489, ""3"": 0.24106164276599884, ""10"": 0.22861146926879883, ""30"": 0.23886574804782867, ""45"": 0.2416764795780182, ""65"": 0.2517665922641754, ""90"": 0.2597500681877136}","{""1e-05"": 0.11867686361074448, ""0.0001"": 0.1208249032497406, ""0.001"": 0.12056136131286621, ""0.01"": 0.11885583400726318, ""0.1"": 0.11844658851623535, ""0.3"": 0.11769741773605347, ""1"": 0.11690837889909744, ""3"": 0.12053082138299942, ""10"": 0.11430573463439941, ""30"": 0.11943287402391434, ""45"": 0.1208382397890091, ""65"": 0.1258832961320877, ""90"": 0.1298750340938568}",0.08868012316738773,0.11430573959671358,0.10175850368922448,12304,0.25220810897818957,0.4532199224672768
chronos2,monash_traffic,11,L11,block_depth,True,0.9166666666666666,10.0,False,False,1e-05|0.0001|0.001|0.01|0.1|0.3|1|3|10|30|45|65|90,90.0,1e-05,13,0.01,0.1,chronos2_quantile_loss (SUM over quantiles) = 2Q x mean pinball,0.10929464548826218,"{""1e-05"": 0.23497259616851807, ""0.0001"": 0.24031929671764374, ""0.001"": 0.23746924102306366, ""0.01"": 0.23917719721794128, ""0.1"": 0.23401431739330292, ""0.3"": 0.2335498034954071, ""1"": 0.22513741254806519, ""3"": 0.22686785459518433, ""10"": 0.21858929097652435, ""30"": 0.22638383507728577, ""45"": 0.22579318284988403, ""65"": 0.2418755739927292, ""90"": 0.24709628522396088}","{""1e-05"": 0.11748629808425903, ""0.0001"": 0.12015964835882187, ""0.001"": 0.11873462051153183, ""0.01"": 0.11958859860897064, ""0.1"": 0.11700715869665146, ""0.3"": 0.11677490174770355, ""1"": 0.11256870627403259, ""3"": 0.11343392729759216, ""10"": 0.10929464548826218, ""30"": 0.11319191753864288, ""45"": 0.11289659142494202, ""65"": 0.1209377869963646, ""90"": 0.12354814261198044}",0.09491666153853644,0.10929464632716343,0.10522593738411674,12304,0.25220810897818957,0.43335104001995034
chronos2,monash_traffic,12,L12,block_depth,True,1.0,30.0,False,False,1e-05|0.0001|0.001|0.01|0.1|0.3|1|3|10|30|45|65|90,90.0,1e-05,13,0.01,0.3,chronos2_quantile_loss (SUM over quantiles) = 2Q x mean pinball,0.10504977405071259,"{""1e-05"": 0.22924090921878815, ""0.0001"": 0.24420547485351562, ""0.001"": 0.23844696581363678, ""0.01"": 0.24436944723129272, ""0.1"": 0.24033354222774506, ""0.3"": 0.23543968796730042, ""1"": 0.2527998387813568, ""3"": 0.2360670268535614, ""10"": 0.2161182016134262, ""30"": 0.21009954810142517, ""45"": 0.21357829868793488, ""65"": 0.22437047958374023, ""90"": 0.23543313145637512}","{""1e-05"": 0.11462045460939407, ""0.0001"": 0.12210273742675781, ""0.001"": 0.11922348290681839, ""0.01"": 0.12218472361564636, ""0.1"": 0.12016677111387253, ""0.3"": 0.11771984398365021, ""1"": 0.1263999193906784, ""3"": 0.1180335134267807, ""10"": 0.1080591008067131, ""30"": 0.10504977405071259, ""45"": 0.10678914934396744, ""65"": 0.11218523979187012, ""90"": 0.11771656572818756}",0.0935916475433231,0.10504977825943751,0.10009908802693582,12304,0.25220810897818957,0.41652022484543505
chronos2,monash_traffic,13,L12+LN,head_input_diagnostic,False,,30.0,False,False,1e-05|0.0001|0.001|0.01|0.1|0.3|1|3|10|30|45|65|90,90.0,1e-05,13,0.01,0.3,chronos2_quantile_loss (SUM over quantiles) = 2Q x mean pinball,0.09674414992332458,"{""1e-05"": 0.2386060357093811, ""0.0001"": 0.23752321302890778, ""0.001"": 0.2398938536643982, ""0.01"": 0.2248496413230896, ""0.1"": 0.24714553356170654, ""0.3"": 0.23210665583610535, ""1"": 0.23148870468139648, ""3"": 0.22224895656108856, ""10"": 0.21534456312656403, ""30"": 0.19348829984664917, ""45"": 0.21039406955242157, ""65"": 0.2241242527961731, ""90"": 0.22200018167495728}","{""1e-05"": 0.11930301785469055, ""0.0001"": 0.11876160651445389, ""0.001"": 0.1199469268321991, ""0.01"": 0.1124248206615448, ""0.1"": 0.12357276678085327, ""0.3"": 0.11605332791805267, ""1"": 0.11574435234069824, ""3"": 0.11112447828054428, ""10"": 0.10767228156328201, ""30"": 0.09674414992332458, ""45"": 0.10519703477621078, ""65"": 0.11206212639808655, ""90"": 0.11100009083747864}",0.0895711048846928,0.09674414761990081,0.08729237508569054,12304,0.25220810897818957,0.3835885690268073
timesfm3,m4_hourly,0,Emb,block_depth,True,0.0,30.0,False,False,1e-05|0.0001|0.001|0.01|0.1|0.3|1|3|10|30|45|65|90,90.0,1e-05,13,0.01,0.3,"mean pinball over (batch, quantiles, horizon)",0.2074013650417328,"{""1e-05"": 0.2202662229537964, ""0.0001"": 0.22346417605876923, ""0.001"": 0.21914029121398926, ""0.01"": 0.2241920828819275, ""0.1"": 0.2259652018547058, ""0.3"": 0.2238583117723465, ""1"": 0.2255316525697708, ""3"": 0.22838757932186127, ""10"": 0.22908073663711548, ""30"": 0.2074013650417328, ""45"": 0.20829956233501434, ""65"": 0.21095769107341766, ""90"": 0.2229708880186081}","{""1e-05"": 0.2202662229537964, ""0.0001"": 0.22346417605876923, ""0.001"": 0.21914029121398926, ""0.01"": 0.2241920828819275, ""0.1"": 0.2259652018547058, ""0.3"": 0.2238583117723465, ""1"": 0.2255316525697708, ""3"": 0.22838757932186127, ""10"": 0.22908073663711548, ""30"": 0.2074013650417328, ""45"": 0.20829956233501434, ""65"": 0.21095769107341766, ""90"": 0.2229708880186081}",0.17897747457027435,0.2074013650417328,0.22164678573608398,81984,0.49597844344969017,0.41816608721780196
timesfm3,m4_hourly,1,L1,block_depth,True,0.05,30.0,False,False,1e-05|0.0001|0.001|0.01|0.1|0.3|1|3|10|30|45|65|90,90.0,1e-05,13,0.01,0.3,"mean pinball over (batch, quantiles, horizon)",0.18449462950229645,"{""1e-05"": 0.22031714022159576, ""0.0001"": 0.22102771699428558, ""0.001"": 0.21934325993061066, ""0.01"": 0.2175556868314743, ""0.1"": 0.21805930137634277, ""0.3"": 0.21031726896762848, ""1"": 0.20927655696868896, ""3"": 0.21213629841804504, ""10"": 0.19395658373832703, ""30"": 0.18449462950229645, ""45"": 0.18468382954597473, ""65"": 0.19669103622436523, ""90"": 0.21216772496700287}","{""1e-05"": 0.22031714022159576, ""0.0001"": 0.22102771699428558, ""0.001"": 0.21934325993061066, ""0.01"": 0.2175556868314743, ""0.1"": 0.21805930137634277, ""0.3"": 0.21031726896762848, ""1"": 0.20927655696868896, ""3"": 0.21213629841804504, ""10"": 0.19395658373832703, ""30"": 0.18449462950229645, ""45"": 0.18468382954597473, ""65"": 0.19669103622436523, ""90"": 0.21216772496700287}",0.1426803022623062,0.18449462950229645,0.18106962740421295,81984,0.49597844344969017,0.37198114542857297
timesfm3,m4_hourly,2,L2,block_depth,True,0.1,30.0,False,False,1e-05|0.0001|0.001|0.01|0.1|0.3|1|3|10|30|45|65|90,90.0,1e-05,13,0.01,0.3,"mean pinball over (batch, quantiles, horizon)",0.17002533376216888,"{""1e-05"": 0.21984761953353882, ""0.0001"": 0.21776685118675232, ""0.001"": 0.2180856317281723, ""0.01"": 0.22088821232318878, ""0.1"": 0.22064870595932007, ""0.3"": 0.2143135517835617, ""1"": 0.20074768364429474, ""3"": 0.21252484619617462, ""10"": 0.1960793137550354, ""30"": 0.17002533376216888, ""45"": 0.18038631975650787, ""65"": 0.1831323802471161, ""90"": 0.20748849213123322}","{""1e-05"": 0.21984761953353882, ""0.0001"": 0.21776685118675232, ""0.001"": 0.2180856317281723, ""0.01"": 0.22088821232318878, ""0.1"": 0.22064870595932007, ""0.3"": 0.2143135517835617, ""1"": 0.20074768364429474, ""3"": 0.21252484619617462, ""10"": 0.1960793137550354, ""30"": 0.17002533376216888, ""45"": 0.18038631975650787, ""65"": 0.1831323802471161, ""90"": 0.20748849213123322}",0.1328398436307907,0.17002533376216888,0.1778508573770523,81984,0.49597844344969017,0.34280791031881913
timesfm3,m4_hourly,3,L3,block_depth,True,0.15,30.0,False,False,1e-05|0.0001|0.001|0.01|0.1|0.3|1|3|10|30|45|65|90,90.0,1e-05,13,0.01,0.3,"mean pinball over (batch, quantiles, horizon)",0.15904280543327332,"{""1e-05"": 0.20697225630283356, ""0.0001"": 0.21724189817905426, ""0.001"": 0.2078329175710678, ""0.01"": 0.2157149463891983, ""0.1"": 0.1997889131307602, ""0.3"": 0.19600653648376465, ""1"": 0.19672830402851105, ""3"": 0.1936638206243515, ""10"": 0.1845472753047943, ""30"": 0.15904280543327332, ""45"": 0.16396978497505188, ""65"": 0.17959147691726685, ""90"": 0.18846040964126587}","{""1e-05"": 0.20697225630283356, ""0.0001"": 0.21724189817905426, ""0.001"": 0.2078329175710678, ""0.01"": 0.2157149463891983, ""0.1"": 0.1997889131307602, ""0.3"": 0.19600653648376465, ""1"": 0.19672830402851105, ""3"": 0.1936638206243515, ""10"": 0.1845472753047943, ""30"": 0.15904280543327332, ""45"": 0.16396978497505188, ""65"": 0.17959147691726685, ""90"": 0.18846040964126587}",0.12442699819803238,0.15904280543327332,0.17561683058738708,81984,0.49597844344969017,0.32066475374832676
timesfm3,m4_hourly,4,L4,block_depth,True,0.2,30.0,False,False,1e-05|0.0001|0.001|0.01|0.1|0.3|1|3|10|30|45|65|90,90.0,1e-05,13,0.01,0.3,"mean pinball over (batch, quantiles, horizon)",0.1525946706533432,"{""1e-05"": 0.19586704671382904, ""0.0001"": 0.1965736448764801, ""0.001"": 0.19935251772403717, ""0.01"": 0.19982609152793884, ""0.1"": 0.19865138828754425, ""0.3"": 0.18934792280197144, ""1"": 0.1851261705160141, ""3"": 0.17934145033359528, ""10"": 0.18059295415878296, ""30"": 0.1525946706533432, ""45"": 0.15432704985141754, ""65"": 0.1659892201423645, ""90"": 0.18091218173503876}","{""1e-05"": 0.19586704671382904, ""0.0001"": 0.1965736448764801, ""0.001"": 0.19935251772403717, ""0.01"": 0.19982609152793884, ""0.1"": 0.19865138828754425, ""0.3"": 0.18934792280197144, ""1"": 0.1851261705160141, ""3"": 0.17934145033359528, ""10"": 0.18059295415878296, ""30"": 0.1525946706533432, ""45"": 0.15432704985141754, ""65"": 0.1659892201423645, ""90"": 0.18091218173503876}",0.11293946206569672,0.1525946706533432,0.1704736053943634,81984,0.49597844344969017,0.30766391698800055
timesfm3,m4_hourly,5,L5,block_depth,True,0.25,30.0,False,False,1e-05|0.0001|0.001|0.01|0.1|0.3|1|3|10|30|45|65|90,90.0,1e-05,13,0.01,0.3,"mean pinball over (batch, quantiles, horizon)",0.14670588076114655,"{""1e-05"": 0.1947520673274994, ""0.0001"": 0.19114500284194946, ""0.001"": 0.1887524425983429, ""0.01"": 0.1958049237728119, ""0.1"": 0.18808923661708832, ""0.3"": 0.18238835036754608, ""1"": 0.171200230717659, ""3"": 0.16921968758106232, ""10"": 0.1676143854856491, ""30"": 0.14670588076114655, ""45"": 0.15340717136859894, ""65"": 0.16273406147956848, ""90"": 0.17778685688972473}","{""1e-05"": 0.1947520673274994, ""0.0001"": 0.19114500284194946, ""0.001"": 0.1887524425983429, ""0.01"": 0.1958049237728119, ""0.1"": 0.18808923661708832, ""0.3"": 0.18238835036754608, ""1"": 0.171200230717659, ""3"": 0.16921968758106232, ""10"": 0.1676143854856491, ""30"": 0.14670588076114655, ""45"": 0.15340717136859894, ""65"": 0.16273406147956848, ""90"": 0.17778685688972473}",0.10877078026533127,0.14670588076114655,0.16613100469112396,81984,0.49597844344969017,0.2957908407082368
timesfm3,m4_hourly,6,L6,block_depth,True,0.3,30.0,False,False,1e-05|0.0001|0.001|0.01|0.1|0.3|1|3|10|30|45|65|90,90.0,1e-05,13,0.01,0.3,"mean pinball over (batch, quantiles, horizon)",0.14684179425239563,"{""1e-05"": 0.2001274973154068, ""0.0001"": 0.20061755180358887, ""0.001"": 0.20025154948234558, ""0.01"": 0.20098812878131866, ""0.1"": 0.1951543092727661, ""0.3"": 0.18836934864521027, ""1"": 0.17887642979621887, ""3"": 0.17584936320781708, ""10"": 0.17466133832931519, ""30"": 0.14684179425239563, ""45"": 0.15518741309642792, ""65"": 0.16415782272815704, ""90"": 0.17702718079090118}","{""1e-05"": 0.2001274973154068, ""0.0001"": 0.20061755180358887, ""0.001"": 0.20025154948234558, ""0.01"": 0.20098812878131866, ""0.1"": 0.1951543092727661, ""0.3"": 0.18836934864521027, ""1"": 0.17887642979621887, ""3"": 0.17584936320781708, ""10"": 0.17466133832931519, ""30"": 0.14684179425239563, ""45"": 0.15518741309642792, ""65"": 0.16415782272815704, ""90"": 0.17702718079090118}",0.103566013276577,0.14684179425239563,0.16238795220851898,81984,0.49597844344969017,0.2960648717534245
timesfm3,m4_hourly,7,L7,block_depth,True,0.35,30.0,False,False,1e-05|0.0001|0.001|0.01|0.1|0.3|1|3|10|30|45|65|90,90.0,1e-05,13,0.01,0.3,"mean pinball over (batch, quantiles, horizon)",0.1467813104391098,"{""1e-05"": 0.20195730030536652, ""0.0001"": 0.1969219595193863, ""0.001"": 0.20382605493068695, ""0.01"": 0.20119339227676392, ""0.1"": 0.1959567368030548, ""0.3"": 0.18990719318389893, ""1"": 0.1814734786748886, ""3"": 0.169732004404068, ""10"": 0.16600753366947174, ""30"": 0.1467813104391098, ""45"": 0.1557077020406723, ""65"": 0.1617744117975235, ""90"": 0.1692049354314804}","{""1e-05"": 0.20195730030536652, ""0.0001"": 0.1969219595193863, ""0.001"": 0.20382605493068695, ""0.01"": 0.20119339227676392, ""0.1"": 0.1959567368030548, ""0.3"": 0.18990719318389893, ""1"": 0.1814734786748886, ""3"": 0.169732004404068, ""10"": 0.16600753366947174, ""30"": 0.1467813104391098, ""45"": 0.1557077020406723, ""65"": 0.1617744117975235, ""90"": 0.1692049354314804}",0.10408151149749756,0.1467813104391098,0.165387824177742,81984,0.49597844344969017,0.29594292328150074
timesfm3,m4_hourly,8,L8,block_depth,True,0.4,30.0,False,False,1e-05|0.0001|0.001|0.01|0.1|0.3|1|3|10|30|45|65|90,90.0,1e-05,13,0.01,0.3,"mean pinball over (batch, quantiles, horizon)",0.14601729810237885,"{""1e-05"": 0.20464172959327698, ""0.0001"": 0.20418071746826172, ""0.001"": 0.20181810855865479, ""0.01"": 0.2030162662267685, ""0.1"": 0.1920546293258667, ""0.3"": 0.18906155228614807, ""1"": 0.17768463492393494, ""3"": 0.17305788397789001, ""10"": 0.16465112566947937, ""30"": 0.14601729810237885, ""45"": 0.15214064717292786, ""65"": 0.16011495888233185, ""90"": 0.17328432202339172}","{""1e-05"": 0.20464172959327698, ""0.0001"": 0.20418071746826172, ""0.001"": 0.20181810855865479, ""0.01"": 0.2030162662267685, ""0.1"": 0.1920546293258667, ""0.3"": 0.18906155228614807, ""1"": 0.17768463492393494, ""3"": 0.17305788397789001, ""10"": 0.16465112566947937, ""30"": 0.14601729810237885, ""45"": 0.15214064717292786, ""65"": 0.16011495888233185, ""90"": 0.17328432202339172}",0.10247161239385605,0.14601729810237885,0.1653175950050354,81984,0.49597844344969017,0.2944025088807921
timesfm3,m4_hourly,9,L9,block_depth,True,0.45,30.0,False,False,1e-05|0.0001|0.001|0.01|0.1|0.3|1|3|10|30|45|65|90,90.0,1e-05,13,0.01,0.3,"mean pinball over (batch, quantiles, horizon)",0.15003015100955963,"{""1e-05"": 0.20336422324180603, ""0.0001"": 0.20938922464847565, ""0.001"": 0.20502610504627228, ""0.01"": 0.20843568444252014, ""0.1"": 0.19684146344661713, ""0.3"": 0.1956973820924759, ""1"": 0.17683662474155426, ""3"": 0.17444954812526703, ""10"": 0.16793560981750488, ""30"": 0.15003015100955963, ""45"": 0.1547188013792038, ""65"": 0.16548487544059753, ""90"": 0.17793157696723938}","{""1e-05"": 0.20336422324180603, ""0.0001"": 0.20938922464847565, ""0.001"": 0.20502610504627228, ""0.01"": 0.20843568444252014, ""0.1"": 0.19684146344661713, ""0.3"": 0.1956973820924759, ""1"": 0.17683662474155426, ""3"": 0.17444954812526703, ""10"": 0.16793560981750488, ""30"": 0.15003015100955963, ""45"": 0.1547188013792038, ""65"": 0.16548487544059753, ""90"": 0.17793157696723938}",0.1014314517378807,0.15003015100955963,0.16685305535793304,81984,0.49597844344969017,0.3024932897608443
timesfm3,m4_hourly,10,L10,block_depth,True,0.5,30.0,False,False,1e-05|0.0001|0.001|0.01|0.1|0.3|1|3|10|30|45|65|90,90.0,1e-05,13,0.01,0.3,"mean pinball over (batch, quantiles, horizon)",0.15354152023792267,"{""1e-05"": 0.20910724997520447, ""0.0001"": 0.2090010941028595, ""0.001"": 0.20697198808193207, ""0.01"": 0.2108864039182663, ""0.1"": 0.20281869173049927, ""0.3"": 0.19254794716835022, ""1"": 0.1850922852754593, ""3"": 0.1761082261800766, ""10"": 0.17584770917892456, ""30"": 0.15354152023792267, ""45"": 0.15868324041366577, ""65"": 0.16952037811279297, ""90"": 0.1814948469400406}","{""1e-05"": 0.20910724997520447, ""0.0001"": 0.2090010941028595, ""0.001"": 0.20697198808193207, ""0.01"": 0.2108864039182663, ""0.1"": 0.20281869173049927, ""0.3"": 0.19254794716835022, ""1"": 0.1850922852754593, ""3"": 0.1761082261800766, ""10"": 0.17584770917892456, ""30"": 0.15354152023792267, ""45"": 0.15868324041366577, ""65"": 0.16952037811279297, ""90"": 0.1814948469400406}",0.10201308131217957,0.15354152023792267,0.1669534593820572,81984,0.49597844344969017,0.3095729708936377
timesfm3,m4_hourly,11,L11,block_depth,True,0.55,30.0,False,False,1e-05|0.0001|0.001|0.01|0.1|0.3|1|3|10|30|45|65|90,90.0,1e-05,13,0.01,0.3,"mean pinball over (batch, quantiles, horizon)",0.1556340754032135,"{""1e-05"": 0.20587371289730072, ""0.0001"": 0.20896613597869873, ""0.001"": 0.20781244337558746, ""0.01"": 0.21338751912117004, ""0.1"": 0.20185770094394684, ""0.3"": 0.19639232754707336, ""1"": 0.18813486397266388, ""3"": 0.17593622207641602, ""10"": 0.164049431681633, ""30"": 0.1556340754032135, ""45"": 0.15671417117118835, ""65"": 0.16571076214313507, ""90"": 0.17387183010578156}","{""1e-05"": 0.20587371289730072, ""0.0001"": 0.20896613597869873, ""0.001"": 0.20781244337558746, ""0.01"": 0.21338751912117004, ""0.1"": 0.20185770094394684, ""0.3"": 0.19639232754707336, ""1"": 0.18813486397266388, ""3"": 0.17593622207641602, ""10"": 0.164049431681633, ""30"": 0.1556340754032135, ""45"": 0.15671417117118835, ""65"": 0.16571076214313507, ""90"": 0.17387183010578156}",0.10299951583147049,0.1556340754032135,0.1671660989522934,81984,0.49597844344969017,0.31379201547697977
timesfm3,m4_hourly,12,L12,block_depth,True,0.6,30.0,False,False,1e-05|0.0001|0.001|0.01|0.1|0.3|1|3|10|30|45|65|90,90.0,1e-05,13,0.01,0.3,"mean pinball over (batch, quantiles, horizon)",0.14767803251743317,"{""1e-05"": 0.21356201171875, ""0.0001"": 0.21468350291252136, ""0.001"": 0.21763625741004944, ""0.01"": 0.21026457846164703, ""0.1"": 0.2073819786310196, ""0.3"": 0.19953207671642303, ""1"": 0.18485267460346222, ""3"": 0.18256905674934387, ""10"": 0.16180969774723053, ""30"": 0.14767803251743317, ""45"": 0.15680570900440216, ""65"": 0.1667710393667221, ""90"": 0.17945456504821777}","{""1e-05"": 0.21356201171875, ""0.0001"": 0.21468350291252136, ""0.001"": 0.21763625741004944, ""0.01"": 0.21026457846164703, ""0.1"": 0.2073819786310196, ""0.3"": 0.19953207671642303, ""1"": 0.18485267460346222, ""3"": 0.18256905674934387, ""10"": 0.16180969774723053, ""30"": 0.14767803251743317, ""45"": 0.15680570900440216, ""65"": 0.1667710393667221, ""90"": 0.17945456504821777}",0.0990021750330925,0.14767803251743317,0.1650972068309784,81984,0.49597844344969017,0.2977509092739692
timesfm3,m4_hourly,13,L13,block_depth,True,0.65,30.0,False,False,1e-05|0.0001|0.001|0.01|0.1|0.3|1|3|10|30|45|65|90,90.0,1e-05,13,0.01,0.3,"mean pinball over (batch, quantiles, horizon)",0.1444258689880371,"{""1e-05"": 0.20757488906383514, ""0.0001"": 0.2060677856206894, ""0.001"": 0.20579729974269867, ""0.01"": 0.20487268269062042, ""0.1"": 0.2014813870191574, ""0.3"": 0.19552138447761536, ""1"": 0.18150143325328827, ""3"": 0.1701662838459015, ""10"": 0.16211611032485962, ""30"": 0.1444258689880371, ""45"": 0.14807842671871185, ""65"": 0.15162333846092224, ""90"": 0.16619759798049927}","{""1e-05"": 0.20757488906383514, ""0.0001"": 0.2060677856206894, ""0.001"": 0.20579729974269867, ""0.01"": 0.20487268269062042, ""0.1"": 0.2014813870191574, ""0.3"": 0.19552138447761536, ""1"": 0.18150143325328827, ""3"": 0.1701662838459015, ""10"": 0.16211611032485962, ""30"": 0.1444258689880371, ""45"": 0.14807842671871185, ""65"": 0.15162333846092224, ""90"": 0.16619759798049927}",0.10097034275531769,0.1444258689880371,0.16303026676177979,81984,0.49597844344969017,0.2911938429894424
timesfm3,m4_hourly,14,L14,block_depth,True,0.7,30.0,False,False,1e-05|0.0001|0.001|0.01|0.1|0.3|1|3|10|30|45|65|90,90.0,1e-05,13,0.01,0.3,"mean pinball over (batch, quantiles, horizon)",0.14277181029319763,"{""1e-05"": 0.2033592164516449, ""0.0001"": 0.20515356957912445, ""0.001"": 0.20526379346847534, ""0.01"": 0.20549136400222778, ""0.1"": 0.19909009337425232, ""0.3"": 0.1897372454404831, ""1"": 0.18042080104351044, ""3"": 0.17202404141426086, ""10"": 0.15694259107112885, ""30"": 0.14277181029319763, ""45"": 0.14588095247745514, ""65"": 0.15537191927433014, ""90"": 0.1633208841085434}","{""1e-05"": 0.2033592164516449, ""0.0001"": 0.20515356957912445, ""0.001"": 0.20526379346847534, ""0.01"": 0.20549136400222778, ""0.1"": 0.19909009337425232, ""0.3"": 0.1897372454404831, ""1"": 0.18042080104351044, ""3"": 0.17202404141426086, ""10"": 0.15694259107112885, ""30"": 0.14277181029319763, ""45"": 0.14588095247745514, ""65"": 0.15537191927433014, ""90"": 0.1633208841085434}",0.09642896056175232,0.14277181029319763,0.15939714014530182,81984,0.49597844344969017,0.28785890229457073
timesfm3,m4_hourly,15,L15,block_depth,True,0.75,30.0,False,False,1e-05|0.0001|0.001|0.01|0.1|0.3|1|3|10|30|45|65|90,90.0,1e-05,13,0.01,0.3,"mean pinball over (batch, quantiles, horizon)",0.14014233648777008,"{""1e-05"": 0.20360329747200012, ""0.0001"": 0.2061406522989273, ""0.001"": 0.20417526364326477, ""0.01"": 0.20600207149982452, ""0.1"": 0.19620074331760406, ""0.3"": 0.19123072922229767, ""1"": 0.17829476296901703, ""3"": 0.1673021912574768, ""10"": 0.15866898000240326, ""30"": 0.14014233648777008, ""45"": 0.14598742127418518, ""65"": 0.15131603181362152, ""90"": 0.16385242342948914}","{""1e-05"": 0.20360329747200012, ""0.0001"": 0.2061406522989273, ""0.001"": 0.20417526364326477, ""0.01"": 0.20600207149982452, ""0.1"": 0.19620074331760406, ""0.3"": 0.19123072922229767, ""1"": 0.17829476296901703, ""3"": 0.1673021912574768, ""10"": 0.15866898000240326, ""30"": 0.14014233648777008, ""45"": 0.14598742127418518, ""65"": 0.15131603181362152, ""90"": 0.16385242342948914}",0.09617616981267929,0.14014233648777008,0.1563643515110016,81984,0.49597844344969017,0.2825573134046611
timesfm3,m4_hourly,16,L16,block_depth,True,0.8,30.0,False,False,1e-05|0.0001|0.001|0.01|0.1|0.3|1|3|10|30|45|65|90,90.0,1e-05,13,0.01,0.3,"mean pinball over (batch, quantiles, horizon)",0.13819056749343872,"{""1e-05"": 0.2014729380607605, ""0.0001"": 0.20633290708065033, ""0.001"": 0.20503103733062744, ""0.01"": 0.20181162655353546, ""0.1"": 0.1945004016160965, ""0.3"": 0.1890835016965866, ""1"": 0.1764695942401886, ""3"": 0.1680324822664261, ""10"": 0.1517634391784668, ""30"": 0.13819056749343872, ""45"": 0.14202405512332916, ""65"": 0.1474744826555252, ""90"": 0.1603805422782898}","{""1e-05"": 0.2014729380607605, ""0.0001"": 0.20633290708065033, ""0.001"": 0.20503103733062744, ""0.01"": 0.20181162655353546, ""0.1"": 0.1945004016160965, ""0.3"": 0.1890835016965866, ""1"": 0.1764695942401886, ""3"": 0.1680324822664261, ""10"": 0.1517634391784668, ""30"": 0.13819056749343872, ""45"": 0.14202405512332916, ""65"": 0.1474744826555252, ""90"": 0.1603805422782898}",0.09670593589544296,0.13819056749343872,0.1546267718076706,81984,0.49597844344969017,0.27862212424451094
timesfm3,m4_hourly,17,L17,block_depth,True,0.85,30.0,False,False,1e-05|0.0001|0.001|0.01|0.1|0.3|1|3|10|30|45|65|90,90.0,1e-05,13,0.01,0.3,"mean pinball over (batch, quantiles, horizon)",0.1387692242860794,"{""1e-05"": 0.1961977332830429, ""0.0001"": 0.19688323140144348, ""0.001"": 0.1973668485879898, ""0.01"": 0.19461572170257568, ""0.1"": 0.19208380579948425, ""0.3"": 0.18157356977462769, ""1"": 0.17011575400829315, ""3"": 0.1638830006122589, ""10"": 0.1528063416481018, ""30"": 0.1387692242860794, ""45"": 0.13917867839336395, ""65"": 0.14977292716503143, ""90"": 0.1581491380929947}","{""1e-05"": 0.1961977332830429, ""0.0001"": 0.19688323140144348, ""0.001"": 0.1973668485879898, ""0.01"": 0.19461572170257568, ""0.1"": 0.19208380579948425, ""0.3"": 0.18157356977462769, ""1"": 0.17011575400829315, ""3"": 0.1638830006122589, ""10"": 0.1528063416481018, ""30"": 0.1387692242860794, ""45"": 0.13917867839336395, ""65"": 0.14977292716503143, ""90"": 0.1581491380929947}",0.0975554808974266,0.1387692242860794,0.15241676568984985,81984,0.49597844344969017,0.27978882170945707
timesfm3,m4_hourly,18,L18,block_depth,True,0.9,30.0,False,False,1e-05|0.0001|0.001|0.01|0.1|0.3|1|3|10|30|45|65|90,90.0,1e-05,13,0.01,0.3,"mean pinball over (batch, quantiles, horizon)",0.1376955509185791,"{""1e-05"": 0.1900293231010437, ""0.0001"": 0.19857169687747955, ""0.001"": 0.19655150175094604, ""0.01"": 0.18984048068523407, ""0.1"": 0.1900644600391388, ""0.3"": 0.18007545173168182, ""1"": 0.1714252531528473, ""3"": 0.16430363059043884, ""10"": 0.1551019251346588, ""30"": 0.1376955509185791, ""45"": 0.14324836432933807, ""65"": 0.14477883279323578, ""90"": 0.16215156018733978}","{""1e-05"": 0.1900293231010437, ""0.0001"": 0.19857169687747955, ""0.001"": 0.19655150175094604, ""0.01"": 0.18984048068523407, ""0.1"": 0.1900644600391388, ""0.3"": 0.18007545173168182, ""1"": 0.1714252531528473, ""3"": 0.16430363059043884, ""10"": 0.1551019251346588, ""30"": 0.1376955509185791, ""45"": 0.14324836432933807, ""65"": 0.14477883279323578, ""90"": 0.16215156018733978}",0.10349345207214355,0.1376955509185791,0.15451501309871674,81984,0.49597844344969017,0.27762406357998565
timesfm3,m4_hourly,19,L19,block_depth,True,0.95,30.0,False,False,1e-05|0.0001|0.001|0.01|0.1|0.3|1|3|10|30|45|65|90,90.0,1e-05,13,0.01,0.3,"mean pinball over (batch, quantiles, horizon)",0.13666407763957977,"{""1e-05"": 0.18844079971313477, ""0.0001"": 0.1912451833486557, ""0.001"": 0.18876813352108002, ""0.01"": 0.18332448601722717, ""0.1"": 0.18729077279567719, ""0.3"": 0.17505019903182983, ""1"": 0.16595451533794403, ""3"": 0.16262033581733704, ""10"": 0.14407169818878174, ""30"": 0.13666407763957977, ""45"": 0.1464233696460724, ""65"": 0.15350660681724548, ""90"": 0.16072511672973633}","{""1e-05"": 0.18844079971313477, ""0.0001"": 0.1912451833486557, ""0.001"": 0.18876813352108002, ""0.01"": 0.18332448601722717, ""0.1"": 0.18729077279567719, ""0.3"": 0.17505019903182983, ""1"": 0.16595451533794403, ""3"": 0.16262033581733704, ""10"": 0.14407169818878174, ""30"": 0.13666407763957977, ""45"": 0.1464233696460724, ""65"": 0.15350660681724548, ""90"": 0.16072511672973633}",0.09822558611631393,0.13666407763957977,0.15187643468379974,81984,0.49597844344969017,0.27554438997194514
timesfm3,m4_hourly,20,L20,block_depth,True,1.0,30.0,False,False,1e-05|0.0001|0.001|0.01|0.1|0.3|1|3|10|30|45|65|90,90.0,1e-05,13,0.01,0.3,"mean pinball over (batch, quantiles, horizon)",0.13643355667591095,"{""1e-05"": 0.2017817348241806, ""0.0001"": 0.19993774592876434, ""0.001"": 0.19967351853847504, ""0.01"": 0.20010098814964294, ""0.1"": 0.19229304790496826, ""0.3"": 0.18388612568378448, ""1"": 0.17228655517101288, ""3"": 0.15526364743709564, ""10"": 0.14417368173599243, ""30"": 0.13643355667591095, ""45"": 0.14125396311283112, ""65"": 0.14894184470176697, ""90"": 0.15740102529525757}","{""1e-05"": 0.2017817348241806, ""0.0001"": 0.19993774592876434, ""0.001"": 0.19967351853847504, ""0.01"": 0.20010098814964294, ""0.1"": 0.19229304790496826, ""0.3"": 0.18388612568378448, ""1"": 0.17228655517101288, ""3"": 0.15526364743709564, ""10"": 0.14417368173599243, ""30"": 0.13643355667591095, ""45"": 0.14125396311283112, ""65"": 0.14894184470176697, ""90"": 0.15740102529525757}",0.09020891785621643,0.13643355667591095,0.15711981058120728,81984,0.49597844344969017,0.2750796097648348
timesfm3,monash_electricity_hourly,0,Emb,block_depth,True,0.0,3.0,False,False,1e-05|0.0001|0.001|0.01|0.1|0.3|1|3|10|30|45|65|90,90.0,1e-05,13,0.01,0.03,"mean pinball over (batch, quantiles, horizon)",0.27635490894317627,"{""1e-05"": 0.28586336970329285, ""0.0001"": 0.28653356432914734, ""0.001"": 0.28588566184043884, ""0.01"": 0.28422051668167114, ""0.1"": 0.28592607378959656, ""0.3"": 0.2854045331478119, ""1"": 0.28389692306518555, ""3"": 0.27635490894317627, ""10"": 0.28030434250831604, ""30"": 0.28212934732437134, ""45"": 0.2824143171310425, ""65"": 0.2875109910964966, ""90"": 0.2875208258628845}","{""1e-05"": 0.28586336970329285, ""0.0001"": 0.28653356432914734, ""0.001"": 0.28588566184043884, ""0.01"": 0.28422051668167114, ""0.1"": 0.28592607378959656, ""0.3"": 0.2854045331478119, ""1"": 0.28389692306518555, ""3"": 0.27635490894317627, ""10"": 0.28030434250831604, ""30"": 0.28212934732437134, ""45"": 0.2824143171310425, ""65"": 0.2875109910964966, ""90"": 0.2875208258628845}",0.1871284544467926,0.27635490894317627,0.24359802901744843,81984,0.42223949798645866,0.6544980047130481
timesfm3,monash_electricity_hourly,1,L1,block_depth,True,0.05,1.0,False,False,1e-05|0.0001|0.001|0.01|0.1|0.3|1|3|10|30|45|65|90,90.0,1e-05,13,0.01,0.01,"mean pinball over (batch, quantiles, horizon)",0.17246267199516296,"{""1e-05"": 0.18276961147785187, ""0.0001"": 0.18020251393318176, ""0.001"": 0.18221722543239594, ""0.01"": 0.1799711287021637, ""0.1"": 0.1756867617368698, ""0.3"": 0.17412900924682617, ""1"": 0.17246267199516296, ""3"": 0.1739073097705841, ""10"": 0.19157662987709045, ""30"": 0.21800832450389862, ""45"": 0.2243468016386032, ""65"": 0.23075392842292786, ""90"": 0.23540270328521729}","{""1e-05"": 0.18276961147785187, ""0.0001"": 0.18020251393318176, ""0.001"": 0.18221722543239594, ""0.01"": 0.1799711287021637, ""0.1"": 0.1756867617368698, ""0.3"": 0.17412900924682617, ""1"": 0.17246267199516296, ""3"": 0.1739073097705841, ""10"": 0.19157662987709045, ""30"": 0.21800832450389862, ""45"": 0.2243468016386032, ""65"": 0.23075392842292786, ""90"": 0.23540270328521729}",0.14299552142620087,0.17246267199516296,0.2064415067434311,81984,0.42223949798645866,0.408447510992195
timesfm3,monash_electricity_hourly,2,L2,block_depth,True,0.1,3.0,False,False,1e-05|0.0001|0.001|0.01|0.1|0.3|1|3|10|30|45|65|90,90.0,1e-05,13,0.01,0.03,"mean pinball over (batch, quantiles, horizon)",0.18401400744915009,"{""1e-05"": 0.2059018462896347, ""0.0001"": 0.20437802374362946, ""0.001"": 0.20208051800727844, ""0.01"": 0.20166875422000885, ""0.1"": 0.2012583613395691, ""0.3"": 0.1965816617012024, ""1"": 0.1881757378578186, ""3"": 0.18401400744915009, ""10"": 0.18726468086242676, ""30"": 0.20062968134880066, ""45"": 0.20938678085803986, ""65"": 0.21932464838027954, ""90"": 0.22454732656478882}","{""1e-05"": 0.2059018462896347, ""0.0001"": 0.20437802374362946, ""0.001"": 0.20208051800727844, ""0.01"": 0.20166875422000885, ""0.1"": 0.2012583613395691, ""0.3"": 0.1965816617012024, ""1"": 0.1881757378578186, ""3"": 0.18401400744915009, ""10"": 0.18726468086242676, ""30"": 0.20062968134880066, ""45"": 0.20938678085803986, ""65"": 0.21932464838027954, ""90"": 0.22454732656478882}",0.1446690559387207,0.18401400744915009,0.20676244795322418,81984,0.42223949798645866,0.4358048177081043
timesfm3,monash_electricity_hourly,3,L3,block_depth,True,0.15,3.0,False,False,1e-05|0.0001|0.001|0.01|0.1|0.3|1|3|10|30|45|65|90,90.0,1e-05,13,0.01,0.03,"mean pinball over (batch, quantiles, horizon)",0.1871103048324585,"{""1e-05"": 0.23617547750473022, ""0.0001"": 0.23771804571151733, ""0.001"": 0.2368125021457672, ""0.01"": 0.23267553746700287, ""0.1"": 0.23016977310180664, ""0.3"": 0.21913965046405792, ""1"": 0.20538486540317535, ""3"": 0.1871103048324585, ""10"": 0.1917518526315689, ""30"": 0.188680037856102, ""45"": 0.20208066701889038, ""65"": 0.20707546174526215, ""90"": 0.22335650026798248}","{""1e-05"": 0.23617547750473022, ""0.0001"": 0.23771804571151733, ""0.001"": 0.2368125021457672, ""0.01"": 0.23267553746700287, ""0.1"": 0.23016977310180664, ""0.3"": 0.21913965046405792, ""1"": 0.20538486540317535, ""3"": 0.1871103048324585, ""10"": 0.1917518526315689, ""30"": 0.188680037856102, ""45"": 0.20208066701889038, ""65"": 0.20707546174526215, ""90"": 0.22335650026798248}",0.12833340466022491,0.1871103048324585,0.19590908288955688,81984,0.42223949798645866,0.44313785357536395
timesfm3,monash_electricity_hourly,4,L4,block_depth,True,0.2,10.0,False,False,1e-05|0.0001|0.001|0.01|0.1|0.3|1|3|10|30|45|65|90,90.0,1e-05,13,0.01,0.1,"mean pinball over (batch, quantiles, horizon)",0.19414035975933075,"{""1e-05"": 0.24644729495048523, ""0.0001"": 0.25000694394111633, ""0.001"": 0.24580727517604828, ""0.01"": 0.24443359673023224, ""0.1"": 0.24190305173397064, ""0.3"": 0.23001059889793396, ""1"": 0.22105127573013306, ""3"": 0.20881101489067078, ""10"": 0.19414035975933075, ""30"": 0.20135357975959778, ""45"": 0.20794162154197693, ""65"": 0.21065624058246613, ""90"": 0.21972660720348358}","{""1e-05"": 0.24644729495048523, ""0.0001"": 0.25000694394111633, ""0.001"": 0.24580727517604828, ""0.01"": 0.24443359673023224, ""0.1"": 0.24190305173397064, ""0.3"": 0.23001059889793396, ""1"": 0.22105127573013306, ""3"": 0.20881101489067078, ""10"": 0.19414035975933075, ""30"": 0.20135357975959778, ""45"": 0.20794162154197693, ""65"": 0.21065624058246613, ""90"": 0.21972660720348358}",0.13156473636627197,0.19414035975933075,0.19874514639377594,81984,0.42223949798645866,0.45978730243175137
timesfm3,monash_electricity_hourly,5,L5,block_depth,True,0.25,10.0,False,False,1e-05|0.0001|0.001|0.01|0.1|0.3|1|3|10|30|45|65|90,90.0,1e-05,13,0.01,0.1,"mean pinball over (batch, quantiles, horizon)",0.20376946032047272,"{""1e-05"": 0.2897052466869354, ""0.0001"": 0.28604602813720703, ""0.001"": 0.2882135510444641, ""0.01"": 0.2948322594165802, ""0.1"": 0.2753763496875763, ""0.3"": 0.26460203528404236, ""1"": 0.2398262321949005, ""3"": 0.22135937213897705, ""10"": 0.20376946032047272, ""30"": 0.2069399058818817, ""45"": 0.2100132703781128, ""65"": 0.21397311985492706, ""90"": 0.23043592274188995}","{""1e-05"": 0.2897052466869354, ""0.0001"": 0.28604602813720703, ""0.001"": 0.2882135510444641, ""0.01"": 0.2948322594165802, ""0.1"": 0.2753763496875763, ""0.3"": 0.26460203528404236, ""1"": 0.2398262321949005, ""3"": 0.22135937213897705, ""10"": 0.20376946032047272, ""30"": 0.2069399058818817, ""45"": 0.2100132703781128, ""65"": 0.21397311985492706, ""90"": 0.23043592274188995}",0.12484584003686905,0.20376946032047272,0.20267635583877563,81984,0.42223949798645866,0.48259213382971494
timesfm3,monash_electricity_hourly,6,L6,block_depth,True,0.3,10.0,False,False,1e-05|0.0001|0.001|0.01|0.1|0.3|1|3|10|30|45|65|90,90.0,1e-05,13,0.01,0.1,"mean pinball over (batch, quantiles, horizon)",0.20502911508083344,"{""1e-05"": 0.26829591393470764, ""0.0001"": 0.2681702971458435, ""0.001"": 0.27129027247428894, ""0.01"": 0.2656627893447876, ""0.1"": 0.26039496064186096, ""0.3"": 0.24688568711280823, ""1"": 0.22878915071487427, ""3"": 0.2140616476535797, ""10"": 0.20502911508083344, ""30"": 0.21162036061286926, ""45"": 0.21021859347820282, ""65"": 0.21668730676174164, ""90"": 0.22882147133350372}","{""1e-05"": 0.26829591393470764, ""0.0001"": 0.2681702971458435, ""0.001"": 0.27129027247428894, ""0.01"": 0.2656627893447876, ""0.1"": 0.26039496064186096, ""0.3"": 0.24688568711280823, ""1"": 0.22878915071487427, ""3"": 0.2140616476535797, ""10"": 0.20502911508083344, ""30"": 0.21162036061286926, ""45"": 0.21021859347820282, ""65"": 0.21668730676174164, ""90"": 0.22882147133350372}",0.12109186500310898,0.20502911508083344,0.20432543754577637,81984,0.42223949798645866,0.48557540461884685
timesfm3,monash_electricity_hourly,7,L7,block_depth,True,0.35,30.0,False,False,1e-05|0.0001|0.001|0.01|0.1|0.3|1|3|10|30|45|65|90,90.0,1e-05,13,0.01,0.3,"mean pinball over (batch, quantiles, horizon)",0.20031005144119263,"{""1e-05"": 0.3084964454174042, ""0.0001"": 0.303483784198761, ""0.001"": 0.30511781573295593, ""0.01"": 0.3026752769947052, ""0.1"": 0.29746055603027344, ""0.3"": 0.26880523562431335, ""1"": 0.2458305060863495, ""3"": 0.21965645253658295, ""10"": 0.20611733198165894, ""30"": 0.20031005144119263, ""45"": 0.20209933817386627, ""65"": 0.2059226930141449, ""90"": 0.21797460317611694}","{""1e-05"": 0.3084964454174042, ""0.0001"": 0.303483784198761, ""0.001"": 0.30511781573295593, ""0.01"": 0.3026752769947052, ""0.1"": 0.29746055603027344, ""0.3"": 0.26880523562431335, ""1"": 0.2458305060863495, ""3"": 0.21965645253658295, ""10"": 0.20611733198165894, ""30"": 0.20031005144119263, ""45"": 0.20209933817386627, ""65"": 0.2059226930141449, ""90"": 0.21797460317611694}",0.13416527211666107,0.20031005144119263,0.20232293009757996,81984,0.42223949798645866,0.47439913223754504
timesfm3,monash_electricity_hourly,8,L8,block_depth,True,0.4,45.0,False,False,1e-05|0.0001|0.001|0.01|0.1|0.3|1|3|10|30|45|65|90,90.0,1e-05,13,0.01,0.45,"mean pinball over (batch, quantiles, horizon)",0.20870043337345123,"{""1e-05"": 0.3589128851890564, ""0.0001"": 0.36205747723579407, ""0.001"": 0.3599691092967987, ""0.01"": 0.35829412937164307, ""0.1"": 0.3356374204158783, ""0.3"": 0.30871152877807617, ""1"": 0.2640974819660187, ""3"": 0.2242540866136551, ""10"": 0.20909158885478973, ""30"": 0.20980212092399597, ""45"": 0.20870043337345123, ""65"": 0.21713973581790924, ""90"": 0.22374431788921356}","{""1e-05"": 0.3589128851890564, ""0.0001"": 0.36205747723579407, ""0.001"": 0.3599691092967987, ""0.01"": 0.35829412937164307, ""0.1"": 0.3356374204158783, ""0.3"": 0.30871152877807617, ""1"": 0.2640974819660187, ""3"": 0.2242540866136551, ""10"": 0.20909158885478973, ""30"": 0.20980212092399597, ""45"": 0.20870043337345123, ""65"": 0.21713973581790924, ""90"": 0.22374431788921356}",0.14131926000118256,0.20870043337345123,0.2068420946598053,81984,0.42223949798645866,0.49427027639215393
timesfm3,monash_electricity_hourly,9,L9,block_depth,True,0.45,10.0,False,False,1e-05|0.0001|0.001|0.01|0.1|0.3|1|3|10|30|45|65|90,90.0,1e-05,13,0.01,0.1,"mean pinball over (batch, quantiles, horizon)",0.2164599448442459,"{""1e-05"": 0.3419049084186554, ""0.0001"": 0.3429158926010132, ""0.001"": 0.3421413004398346, ""0.01"": 0.33803802728652954, ""0.1"": 0.32401350140571594, ""0.3"": 0.2984503507614136, ""1"": 0.25936198234558105, ""3"": 0.23081845045089722, ""10"": 0.2164599448442459, ""30"": 0.22053080797195435, ""45"": 0.22473829984664917, ""65"": 0.2305985987186432, ""90"": 0.23366191983222961}","{""1e-05"": 0.3419049084186554, ""0.0001"": 0.3429158926010132, ""0.001"": 0.3421413004398346, ""0.01"": 0.33803802728652954, ""0.1"": 0.32401350140571594, ""0.3"": 0.2984503507614136, ""1"": 0.25936198234558105, ""3"": 0.23081845045089722, ""10"": 0.2164599448442459, ""30"": 0.22053080797195435, ""45"": 0.22473829984664917, ""65"": 0.2305985987186432, ""90"": 0.23366191983222961}",0.11477590352296829,0.2164599448442459,0.21435150504112244,81984,0.42223949798645866,0.512647314797603
timesfm3,monash_electricity_hourly,10,L10,block_depth,True,0.5,30.0,False,False,1e-05|0.0001|0.001|0.01|0.1|0.3|1|3|10|30|45|65|90,90.0,1e-05,13,0.01,0.3,"mean pinball over (batch, quantiles, horizon)",0.22413118183612823,"{""1e-05"": 0.38091111183166504, ""0.0001"": 0.3758624494075775, ""0.001"": 0.3777889311313629, ""0.01"": 0.37833061814308167, ""0.1"": 0.3624202311038971, ""0.3"": 0.3348817825317383, ""1"": 0.280585914850235, ""3"": 0.23949182033538818, ""10"": 0.22478626668453217, ""30"": 0.22413118183612823, ""45"": 0.2362721860408783, ""65"": 0.236887127161026, ""90"": 0.24405674636363983}","{""1e-05"": 0.38091111183166504, ""0.0001"": 0.3758624494075775, ""0.001"": 0.3777889311313629, ""0.01"": 0.37833061814308167, ""0.1"": 0.3624202311038971, ""0.3"": 0.3348817825317383, ""1"": 0.280585914850235, ""3"": 0.23949182033538818, ""10"": 0.22478626668453217, ""30"": 0.22413118183612823, ""45"": 0.2362721860408783, ""65"": 0.236887127161026, ""90"": 0.24405674636363983}",0.13100627064704895,0.22413118183612823,0.21462875604629517,81984,0.42223949798645866,0.5308152906228497
timesfm3,monash_electricity_hourly,11,L11,block_depth,True,0.55,30.0,False,False,1e-05|0.0001|0.001|0.01|0.1|0.3|1|3|10|30|45|65|90,90.0,1e-05,13,0.01,0.3,"mean pinball over (batch, quantiles, horizon)",0.21718056499958038,"{""1e-05"": 0.38203534483909607, ""0.0001"": 0.3774366080760956, ""0.001"": 0.38087373971939087, ""0.01"": 0.3718990981578827, ""0.1"": 0.3547471761703491, ""0.3"": 0.32296043634414673, ""1"": 0.27870288491249084, ""3"": 0.23480923473834991, ""10"": 0.2195759266614914, ""30"": 0.21718056499958038, ""45"": 0.2233073115348816, ""65"": 0.23454760015010834, ""90"": 0.24342632293701172}","{""1e-05"": 0.38203534483909607, ""0.0001"": 0.3774366080760956, ""0.001"": 0.38087373971939087, ""0.01"": 0.3718990981578827, ""0.1"": 0.3547471761703491, ""0.3"": 0.32296043634414673, ""1"": 0.27870288491249084, ""3"": 0.23480923473834991, ""10"": 0.2195759266614914, ""30"": 0.21718056499958038, ""45"": 0.2233073115348816, ""65"": 0.23454760015010834, ""90"": 0.24342632293701172}",0.13114571571350098,0.21718056499958038,0.21240314841270447,81984,0.42223949798645866,0.5143539769141764
timesfm3,monash_electricity_hourly,12,L12,block_depth,True,0.6,45.0,False,False,1e-05|0.0001|0.001|0.01|0.1|0.3|1|3|10|30|45|65|90,90.0,1e-05,13,0.01,0.45,"mean pinball over (batch, quantiles, horizon)",0.21414299309253693,"{""1e-05"": 0.4031079113483429, ""0.0001"": 0.401201069355011, ""0.001"": 0.39617010951042175, ""0.01"": 0.39824461936950684, ""0.1"": 0.38460657000541687, ""0.3"": 0.3440660238265991, ""1"": 0.29168006777763367, ""3"": 0.24569076299667358, ""10"": 0.2239389717578888, ""30"": 0.21674512326717377, ""45"": 0.21414299309253693, ""65"": 0.21604019403457642, ""90"": 0.22212186455726624}","{""1e-05"": 0.4031079113483429, ""0.0001"": 0.401201069355011, ""0.001"": 0.39617010951042175, ""0.01"": 0.39824461936950684, ""0.1"": 0.38460657000541687, ""0.3"": 0.3440660238265991, ""1"": 0.29168006777763367, ""3"": 0.24569076299667358, ""10"": 0.2239389717578888, ""30"": 0.21674512326717377, ""45"": 0.21414299309253693, ""65"": 0.21604019403457642, ""90"": 0.22212186455726624}",0.13955776393413544,0.21414299309253693,0.2092873454093933,81984,0.42223949798645866,0.5071600220105523
timesfm3,monash_electricity_hourly,13,L13,block_depth,True,0.65,65.0,False,False,1e-05|0.0001|0.001|0.01|0.1|0.3|1|3|10|30|45|65|90,90.0,1e-05,13,0.01,0.65,"mean pinball over (batch, quantiles, horizon)",0.18826761841773987,"{""1e-05"": 0.3703749477863312, ""0.0001"": 0.3699337840080261, ""0.001"": 0.3730188012123108, ""0.01"": 0.3717487156391144, ""0.1"": 0.35627689957618713, ""0.3"": 0.32295772433280945, ""1"": 0.2736446261405945, ""3"": 0.23918600380420685, ""10"": 0.20680521428585052, ""30"": 0.19125986099243164, ""45"": 0.1901884824037552, ""65"": 0.18826761841773987, ""90"": 0.19321689009666443}","{""1e-05"": 0.3703749477863312, ""0.0001"": 0.3699337840080261, ""0.001"": 0.3730188012123108, ""0.01"": 0.3717487156391144, ""0.1"": 0.35627689957618713, ""0.3"": 0.32295772433280945, ""1"": 0.2736446261405945, ""3"": 0.23918600380420685, ""10"": 0.20680521428585052, ""30"": 0.19125986099243164, ""45"": 0.1901884824037552, ""65"": 0.18826761841773987, ""90"": 0.19321689009666443}",0.14646455645561218,0.18826761841773987,0.2171676605939865,81984,0.42223949798645866,0.4458787472880561
timesfm3,monash_electricity_hourly,14,L14,block_depth,True,0.7,65.0,False,False,1e-05|0.0001|0.001|0.01|0.1|0.3|1|3|10|30|45|65|90,90.0,1e-05,13,0.01,0.65,"mean pinball over (batch, quantiles, horizon)",0.17763394117355347,"{""1e-05"": 0.37768876552581787, ""0.0001"": 0.37595880031585693, ""0.001"": 0.37153351306915283, ""0.01"": 0.36675840616226196, ""0.1"": 0.35015788674354553, ""0.3"": 0.32038408517837524, ""1"": 0.26999157667160034, ""3"": 0.2279348373413086, ""10"": 0.19831189513206482, ""30"": 0.18336167931556702, ""45"": 0.179752379655838, ""65"": 0.17763394117355347, ""90"": 0.18411512672901154}","{""1e-05"": 0.37768876552581787, ""0.0001"": 0.37595880031585693, ""0.001"": 0.37153351306915283, ""0.01"": 0.36675840616226196, ""0.1"": 0.35015788674354553, ""0.3"": 0.32038408517837524, ""1"": 0.26999157667160034, ""3"": 0.2279348373413086, ""10"": 0.19831189513206482, ""30"": 0.18336167931556702, ""45"": 0.179752379655838, ""65"": 0.17763394117355347, ""90"": 0.18411512672901154}",0.1462821513414383,0.17763394117355347,0.20994530618190765,81984,0.42223949798645866,0.4206947526715045
timesfm3,monash_electricity_hourly,15,L15,block_depth,True,0.75,45.0,False,False,1e-05|0.0001|0.001|0.01|0.1|0.3|1|3|10|30|45|65|90,90.0,1e-05,13,0.01,0.45,"mean pinball over (batch, quantiles, horizon)",0.16789086163043976,"{""1e-05"": 0.35530102252960205, ""0.0001"": 0.3632384240627289, ""0.001"": 0.35603880882263184, ""0.01"": 0.35468557476997375, ""0.1"": 0.3371119499206543, ""0.3"": 0.3074449598789215, ""1"": 0.26032909750938416, ""3"": 0.21880541741847992, ""10"": 0.18864573538303375, ""30"": 0.1717926263809204, ""45"": 0.16789086163043976, ""65"": 0.17249667644500732, ""90"": 0.17656870186328888}","{""1e-05"": 0.35530102252960205, ""0.0001"": 0.3632384240627289, ""0.001"": 0.35603880882263184, ""0.01"": 0.35468557476997375, ""0.1"": 0.3371119499206543, ""0.3"": 0.3074449598789215, ""1"": 0.26032909750938416, ""3"": 0.21880541741847992, ""10"": 0.18864573538303375, ""30"": 0.1717926263809204, ""45"": 0.16789086163043976, ""65"": 0.17249667644500732, ""90"": 0.17656870186328888}",0.1369745433330536,0.16789086163043976,0.20369145274162292,81984,0.42223949798645866,0.3976199820979895
timesfm3,monash_electricity_hourly,16,L16,block_depth,True,0.8,65.0,False,False,1e-05|0.0001|0.001|0.01|0.1|0.3|1|3|10|30|45|65|90,90.0,1e-05,13,0.01,0.65,"mean pinball over (batch, quantiles, horizon)",0.16148187220096588,"{""1e-05"": 0.3328525125980377, ""0.0001"": 0.33058059215545654, ""0.001"": 0.3276447653770447, ""0.01"": 0.3263551592826843, ""0.1"": 0.31115204095840454, ""0.3"": 0.29006919264793396, ""1"": 0.24583913385868073, ""3"": 0.20652982592582703, ""10"": 0.18070000410079956, ""30"": 0.17083929479122162, ""45"": 0.16463851928710938, ""65"": 0.16148187220096588, ""90"": 0.17132805287837982}","{""1e-05"": 0.3328525125980377, ""0.0001"": 0.33058059215545654, ""0.001"": 0.3276447653770447, ""0.01"": 0.3263551592826843, ""0.1"": 0.31115204095840454, ""0.3"": 0.29006919264793396, ""1"": 0.24583913385868073, ""3"": 0.20652982592582703, ""10"": 0.18070000410079956, ""30"": 0.17083929479122162, ""45"": 0.16463851928710938, ""65"": 0.16148187220096588, ""90"": 0.17132805287837982}",0.14502817392349243,0.16148187220096588,0.20263062417507172,81984,0.42223949798645866,0.3824414176575794
timesfm3,monash_electricity_hourly,17,L17,block_depth,True,0.85,30.0,False,False,1e-05|0.0001|0.001|0.01|0.1|0.3|1|3|10|30|45|65|90,90.0,1e-05,13,0.01,0.3,"mean pinball over (batch, quantiles, horizon)",0.1567487120628357,"{""1e-05"": 0.2862287759780884, ""0.0001"": 0.28866204619407654, ""0.001"": 0.28679296374320984, ""0.01"": 0.2894688546657562, ""0.1"": 0.2713959813117981, ""0.3"": 0.25189152359962463, ""1"": 0.2168411910533905, ""3"": 0.19362081587314606, ""10"": 0.16706117987632751, ""30"": 0.1567487120628357, ""45"": 0.1626364290714264, ""65"": 0.15827468037605286, ""90"": 0.1716088205575943}","{""1e-05"": 0.2862287759780884, ""0.0001"": 0.28866204619407654, ""0.001"": 0.28679296374320984, ""0.01"": 0.2894688546657562, ""0.1"": 0.2713959813117981, ""0.3"": 0.25189152359962463, ""1"": 0.2168411910533905, ""3"": 0.19362081587314606, ""10"": 0.16706117987632751, ""30"": 0.1567487120628357, ""45"": 0.1626364290714264, ""65"": 0.15827468037605286, ""90"": 0.1716088205575943}",0.13228930532932281,0.1567487120628357,0.20226319134235382,81984,0.42223949798645866,0.3712317601984802
timesfm3,monash_electricity_hourly,18,L18,block_depth,True,0.9,30.0,False,False,1e-05|0.0001|0.001|0.01|0.1|0.3|1|3|10|30|45|65|90,90.0,1e-05,13,0.01,0.3,"mean pinball over (batch, quantiles, horizon)",0.1466817557811737,"{""1e-05"": 0.25138288736343384, ""0.0001"": 0.2503553628921509, ""0.001"": 0.2535986602306366, ""0.01"": 0.255680114030838, ""0.1"": 0.23877593874931335, ""0.3"": 0.22563673555850983, ""1"": 0.19697998464107513, ""3"": 0.16679203510284424, ""10"": 0.15251442790031433, ""30"": 0.1466817557811737, ""45"": 0.15104205906391144, ""65"": 0.15351830422878265, ""90"": 0.1550135612487793}","{""1e-05"": 0.25138288736343384, ""0.0001"": 0.2503553628921509, ""0.001"": 0.2535986602306366, ""0.01"": 0.255680114030838, ""0.1"": 0.23877593874931335, ""0.3"": 0.22563673555850983, ""1"": 0.19697998464107513, ""3"": 0.16679203510284424, ""10"": 0.15251442790031433, ""30"": 0.1466817557811737, ""45"": 0.15104205906391144, ""65"": 0.15351830422878265, ""90"": 0.1550135612487793}",0.137074276804924,0.1466817557811737,0.1973269283771515,81984,0.42223949798645866,0.34738994452356475
timesfm3,monash_electricity_hourly,19,L19,block_depth,True,0.95,30.0,False,False,1e-05|0.0001|0.001|0.01|0.1|0.3|1|3|10|30|45|65|90,90.0,1e-05,13,0.01,0.3,"mean pinball over (batch, quantiles, horizon)",0.14201414585113525,"{""1e-05"": 0.2351287454366684, ""0.0001"": 0.23661687970161438, ""0.001"": 0.23400861024856567, ""0.01"": 0.23437686264514923, ""0.1"": 0.2297964245080948, ""0.3"": 0.21830128133296967, ""1"": 0.1870744824409485, ""3"": 0.17065680027008057, ""10"": 0.15405987203121185, ""30"": 0.14201414585113525, ""45"": 0.14497919380664825, ""65"": 0.15148501098155975, ""90"": 0.16042232513427734}","{""1e-05"": 0.2351287454366684, ""0.0001"": 0.23661687970161438, ""0.001"": 0.23400861024856567, ""0.01"": 0.23437686264514923, ""0.1"": 0.2297964245080948, ""0.3"": 0.21830128133296967, ""1"": 0.1870744824409485, ""3"": 0.17065680027008057, ""10"": 0.15405987203121185, ""30"": 0.14201414585113525, ""45"": 0.14497919380664825, ""65"": 0.15148501098155975, ""90"": 0.16042232513427734}",0.1346883624792099,0.14201414585113525,0.19581256806850433,81984,0.42223949798645866,0.33633553120530113
timesfm3,monash_electricity_hourly,20,L20,block_depth,True,1.0,45.0,False,False,1e-05|0.0001|0.001|0.01|0.1|0.3|1|3|10|30|45|65|90,90.0,1e-05,13,0.01,0.45,"mean pinball over (batch, quantiles, horizon)",0.16211485862731934,"{""1e-05"": 0.2719458043575287, ""0.0001"": 0.2674780488014221, ""0.001"": 0.2675592601299286, ""0.01"": 0.27084389328956604, ""0.1"": 0.26046454906463623, ""0.3"": 0.24288789927959442, ""1"": 0.213947594165802, ""3"": 0.18913613259792328, ""10"": 0.16710779070854187, ""30"": 0.1640128791332245, ""45"": 0.16211485862731934, ""65"": 0.166322261095047, ""90"": 0.18008877336978912}","{""1e-05"": 0.2719458043575287, ""0.0001"": 0.2674780488014221, ""0.001"": 0.2675592601299286, ""0.01"": 0.27084389328956604, ""0.1"": 0.26046454906463623, ""0.3"": 0.24288789927959442, ""1"": 0.213947594165802, ""3"": 0.18913613259792328, ""10"": 0.16710779070854187, ""30"": 0.1640128791332245, ""45"": 0.16211485862731934, ""65"": 0.166322261095047, ""90"": 0.18008877336978912}",0.13480912148952484,0.16211485862731934,0.20675641298294067,81984,0.42223949798645866,0.3839405346974868
timesfm3,uber_tlc_hourly,0,Emb,block_depth,True,0.0,10.0,False,False,1e-05|0.0001|0.001|0.01|0.1|0.3|1|3|10|30|45|65|90,90.0,1e-05,13,0.01,0.1,"mean pinball over (batch, quantiles, horizon)",0.29053133726119995,"{""1e-05"": 0.29860126972198486, ""0.0001"": 0.30002325773239136, ""0.001"": 0.29930034279823303, ""0.01"": 0.2975381314754486, ""0.1"": 0.2979888916015625, ""0.3"": 0.2955028712749481, ""1"": 0.293540358543396, ""3"": 0.2908364236354828, ""10"": 0.29053133726119995, ""30"": 0.2911601960659027, ""45"": 0.29261088371276855, ""65"": 0.29215192794799805, ""90"": 0.2987649142742157}","{""1e-05"": 0.29860126972198486, ""0.0001"": 0.30002325773239136, ""0.001"": 0.29930034279823303, ""0.01"": 0.2975381314754486, ""0.1"": 0.2979888916015625, ""0.3"": 0.2955028712749481, ""1"": 0.293540358543396, ""3"": 0.2908364236354828, ""10"": 0.29053133726119995, ""30"": 0.2911601960659027, ""45"": 0.29261088371276855, ""65"": 0.29215192794799805, ""90"": 0.2987649142742157}",0.30660223960876465,0.29053133726119995,0.3949567973613739,81984,0.3401826450259972,0.8540451475383088
timesfm3,uber_tlc_hourly,1,L1,block_depth,True,0.05,30.0,False,False,1e-05|0.0001|0.001|0.01|0.1|0.3|1|3|10|30|45|65|90,90.0,1e-05,13,0.01,0.3,"mean pinball over (batch, quantiles, horizon)",0.26740166544914246,"{""1e-05"": 0.3005090355873108, ""0.0001"": 0.30238068103790283, ""0.001"": 0.30014753341674805, ""0.01"": 0.29956066608428955, ""0.1"": 0.29856225848197937, ""0.3"": 0.29277506470680237, ""1"": 0.2845167815685272, ""3"": 0.27513250708580017, ""10"": 0.26824384927749634, ""30"": 0.26740166544914246, ""45"": 0.269749253988266, ""65"": 0.2747966945171356, ""90"": 0.2805805802345276}","{""1e-05"": 0.3005090355873108, ""0.0001"": 0.30238068103790283, ""0.001"": 0.30014753341674805, ""0.01"": 0.29956066608428955, ""0.1"": 0.29856225848197937, ""0.3"": 0.29277506470680237, ""1"": 0.2845167815685272, ""3"": 0.27513250708580017, ""10"": 0.26824384927749634, ""30"": 0.26740166544914246, ""45"": 0.269749253988266, ""65"": 0.2747966945171356, ""90"": 0.2805805802345276}",0.27324196696281433,0.26740166544914246,0.36623498797416687,81984,0.3401826450259972,0.7860532256979402
timesfm3,uber_tlc_hourly,2,L2,block_depth,True,0.1,45.0,False,False,1e-05|0.0001|0.001|0.01|0.1|0.3|1|3|10|30|45|65|90,90.0,1e-05,13,0.01,0.45,"mean pinball over (batch, quantiles, horizon)",0.2632967233657837,"{""1e-05"": 0.33177000284194946, ""0.0001"": 0.33247748017311096, ""0.001"": 0.3326108753681183, ""0.01"": 0.33374062180519104, ""0.1"": 0.32486072182655334, ""0.3"": 0.3163112699985504, ""1"": 0.2997135519981384, ""3"": 0.28270936012268066, ""10"": 0.2696114480495453, ""30"": 0.2650146484375, ""45"": 0.2632967233657837, ""65"": 0.2660320997238159, ""90"": 0.2697373628616333}","{""1e-05"": 0.33177000284194946, ""0.0001"": 0.33247748017311096, ""0.001"": 0.3326108753681183, ""0.01"": 0.33374062180519104, ""0.1"": 0.32486072182655334, ""0.3"": 0.3163112699985504, ""1"": 0.2997135519981384, ""3"": 0.28270936012268066, ""10"": 0.2696114480495453, ""30"": 0.2650146484375, ""45"": 0.2632967233657837, ""65"": 0.2660320997238159, ""90"": 0.2697373628616333}",0.2634802758693695,0.2632967233657837,0.36109837889671326,81984,0.3401826450259972,0.7739863488499309
timesfm3,uber_tlc_hourly,3,L3,block_depth,True,0.15,45.0,False,False,1e-05|0.0001|0.001|0.01|0.1|0.3|1|3|10|30|45|65|90,90.0,1e-05,13,0.01,0.45,"mean pinball over (batch, quantiles, horizon)",0.26421958208084106,"{""1e-05"": 0.35578015446662903, ""0.0001"": 0.3560226261615753, ""0.001"": 0.35586103796958923, ""0.01"": 0.354373961687088, ""0.1"": 0.3472365140914917, ""0.3"": 0.33454176783561707, ""1"": 0.31001904606819153, ""3"": 0.2883065938949585, ""10"": 0.2732619345188141, ""30"": 0.26546454429626465, ""45"": 0.26421958208084106, ""65"": 0.26533105969429016, ""90"": 0.2688787877559662}","{""1e-05"": 0.35578015446662903, ""0.0001"": 0.3560226261615753, ""0.001"": 0.35586103796958923, ""0.01"": 0.354373961687088, ""0.1"": 0.3472365140914917, ""0.3"": 0.33454176783561707, ""1"": 0.31001904606819153, ""3"": 0.2883065938949585, ""10"": 0.2732619345188141, ""30"": 0.26546454429626465, ""45"": 0.26421958208084106, ""65"": 0.26533105969429016, ""90"": 0.2688787877559662}",0.25463786721229553,0.26421958208084106,0.3538774847984314,81984,0.3401826450259972,0.7766991818781616
timesfm3,uber_tlc_hourly,4,L4,block_depth,True,0.2,65.0,False,False,1e-05|0.0001|0.001|0.01|0.1|0.3|1|3|10|30|45|65|90,90.0,1e-05,13,0.01,0.65,"mean pinball over (batch, quantiles, horizon)",0.2647334337234497,"{""1e-05"": 0.3756670653820038, ""0.0001"": 0.3747681975364685, ""0.001"": 0.37444713711738586, ""0.01"": 0.37312957644462585, ""0.1"": 0.36387011408805847, ""0.3"": 0.3482597768306732, ""1"": 0.31775498390197754, ""3"": 0.2919202446937561, ""10"": 0.2726821005344391, ""30"": 0.2656550407409668, ""45"": 0.26624807715415955, ""65"": 0.2647334337234497, ""90"": 0.27021312713623047}","{""1e-05"": 0.3756670653820038, ""0.0001"": 0.3747681975364685, ""0.001"": 0.37444713711738586, ""0.01"": 0.37312957644462585, ""0.1"": 0.36387011408805847, ""0.3"": 0.3482597768306732, ""1"": 0.31775498390197754, ""3"": 0.2919202446937561, ""10"": 0.2726821005344391, ""30"": 0.2656550407409668, ""45"": 0.26624807715415955, ""65"": 0.2647334337234497, ""90"": 0.27021312713623047}",0.2621718943119049,0.2647334337234497,0.3546801209449768,81984,0.3401826450259972,0.7782096988022961
timesfm3,uber_tlc_hourly,5,L5,block_depth,True,0.25,45.0,False,False,1e-05|0.0001|0.001|0.01|0.1|0.3|1|3|10|30|45|65|90,90.0,1e-05,13,0.01,0.45,"mean pinball over (batch, quantiles, horizon)",0.26418381929397583,"{""1e-05"": 0.3864292800426483, ""0.0001"": 0.38632702827453613, ""0.001"": 0.388155460357666, ""0.01"": 0.3857290744781494, ""0.1"": 0.37494000792503357, ""0.3"": 0.3550969362258911, ""1"": 0.32364916801452637, ""3"": 0.2948649823665619, ""10"": 0.2744998037815094, ""30"": 0.26568424701690674, ""45"": 0.26418381929397583, ""65"": 0.2654876708984375, ""90"": 0.2690237760543823}","{""1e-05"": 0.3864292800426483, ""0.0001"": 0.38632702827453613, ""0.001"": 0.388155460357666, ""0.01"": 0.3857290744781494, ""0.1"": 0.37494000792503357, ""0.3"": 0.3550969362258911, ""1"": 0.32364916801452637, ""3"": 0.2948649823665619, ""10"": 0.2744998037815094, ""30"": 0.26568424701690674, ""45"": 0.26418381929397583, ""65"": 0.2654876708984375, ""90"": 0.2690237760543823}",0.25184690952301025,0.26418381929397583,0.3439921736717224,81984,0.3401826450259972,0.7765940536848567
timesfm3,uber_tlc_hourly,6,L6,block_depth,True,0.3,30.0,False,False,1e-05|0.0001|0.001|0.01|0.1|0.3|1|3|10|30|45|65|90,90.0,1e-05,13,0.01,0.3,"mean pinball over (batch, quantiles, horizon)",0.264628529548645,"{""1e-05"": 0.380772203207016, ""0.0001"": 0.380911260843277, ""0.001"": 0.3794071078300476, ""0.01"": 0.3796171247959137, ""0.1"": 0.36924540996551514, ""0.3"": 0.3527650833129883, ""1"": 0.3169817626476288, ""3"": 0.2904631197452545, ""10"": 0.2725673317909241, ""30"": 0.264628529548645, ""45"": 0.2648274004459381, ""65"": 0.2677364647388458, ""90"": 0.27097004652023315}","{""1e-05"": 0.380772203207016, ""0.0001"": 0.380911260843277, ""0.001"": 0.3794071078300476, ""0.01"": 0.3796171247959137, ""0.1"": 0.36924540996551514, ""0.3"": 0.3527650833129883, ""1"": 0.3169817626476288, ""3"": 0.2904631197452545, ""10"": 0.2725673317909241, ""30"": 0.264628529548645, ""45"": 0.2648274004459381, ""65"": 0.2677364647388458, ""90"": 0.27097004652023315}",0.24708491563796997,0.264628529548645,0.34494248032569885,81984,0.3401826450259972,0.777901322768602
timesfm3,uber_tlc_hourly,7,L7,block_depth,True,0.35,30.0,False,False,1e-05|0.0001|0.001|0.01|0.1|0.3|1|3|10|30|45|65|90,90.0,1e-05,13,0.01,0.3,"mean pinball over (batch, quantiles, horizon)",0.26332488656044006,"{""1e-05"": 0.3824572265148163, ""0.0001"": 0.38138169050216675, ""0.001"": 0.38178861141204834, ""0.01"": 0.38040581345558167, ""0.1"": 0.3714657425880432, ""0.3"": 0.3510194718837738, ""1"": 0.31518542766571045, ""3"": 0.2871037721633911, ""10"": 0.27071431279182434, ""30"": 0.26332488656044006, ""45"": 0.2645714581012726, ""65"": 0.2677241265773773, ""90"": 0.27255505323410034}","{""1e-05"": 0.3824572265148163, ""0.0001"": 0.38138169050216675, ""0.001"": 0.38178861141204834, ""0.01"": 0.38040581345558167, ""0.1"": 0.3714657425880432, ""0.3"": 0.3510194718837738, ""1"": 0.31518542766571045, ""3"": 0.2871037721633911, ""10"": 0.27071431279182434, ""30"": 0.26332488656044006, ""45"": 0.2645714581012726, ""65"": 0.2677241265773773, ""90"": 0.27255505323410034}",0.24793972074985504,0.26332488656044006,0.344696044921875,81984,0.3401826450259972,0.7740691373021584
timesfm3,uber_tlc_hourly,8,L8,block_depth,True,0.4,30.0,False,False,1e-05|0.0001|0.001|0.01|0.1|0.3|1|3|10|30|45|65|90,90.0,1e-05,13,0.01,0.3,"mean pinball over (batch, quantiles, horizon)",0.26325324177742004,"{""1e-05"": 0.3771034777164459, ""0.0001"": 0.3768519163131714, ""0.001"": 0.3780399560928345, ""0.01"": 0.37659648060798645, ""0.1"": 0.36421671509742737, ""0.3"": 0.3468170166015625, ""1"": 0.31043702363967896, ""3"": 0.28398558497428894, ""10"": 0.2677738666534424, ""30"": 0.26325324177742004, ""45"": 0.26454058289527893, ""65"": 0.26800161600112915, ""90"": 0.27412351965904236}","{""1e-05"": 0.3771034777164459, ""0.0001"": 0.3768519163131714, ""0.001"": 0.3780399560928345, ""0.01"": 0.37659648060798645, ""0.1"": 0.36421671509742737, ""0.3"": 0.3468170166015625, ""1"": 0.31043702363967896, ""3"": 0.28398558497428894, ""10"": 0.2677738666534424, ""30"": 0.26325324177742004, ""45"": 0.26454058289527893, ""65"": 0.26800161600112915, ""90"": 0.27412351965904236}",0.24913296103477478,0.26325324177742004,0.34038859605789185,81984,0.3401826450259972,0.7738585304882378
timesfm3,uber_tlc_hourly,9,L9,block_depth,True,0.45,30.0,False,False,1e-05|0.0001|0.001|0.01|0.1|0.3|1|3|10|30|45|65|90,90.0,1e-05,13,0.01,0.3,"mean pinball over (batch, quantiles, horizon)",0.26775896549224854,"{""1e-05"": 0.3750067949295044, ""0.0001"": 0.3764992356300354, ""0.001"": 0.37546342611312866, ""0.01"": 0.3741548955440521, ""0.1"": 0.3658889830112457, ""0.3"": 0.34731629490852356, ""1"": 0.3136861026287079, ""3"": 0.2895974814891815, ""10"": 0.27129364013671875, ""30"": 0.26775896549224854, ""45"": 0.26853683590888977, ""65"": 0.2714988887310028, ""90"": 0.27801623940467834}","{""1e-05"": 0.3750067949295044, ""0.0001"": 0.3764992356300354, ""0.001"": 0.37546342611312866, ""0.01"": 0.3741548955440521, ""0.1"": 0.3658889830112457, ""0.3"": 0.34731629490852356, ""1"": 0.3136861026287079, ""3"": 0.2895974814891815, ""10"": 0.27129364013671875, ""30"": 0.26775896549224854, ""45"": 0.26853683590888977, ""65"": 0.2714988887310028, ""90"": 0.27801623940467834}",0.25206995010375977,0.26775896549224854,0.34413936734199524,81984,0.3401826450259972,0.787103543955883
timesfm3,uber_tlc_hourly,10,L10,block_depth,True,0.5,30.0,False,False,1e-05|0.0001|0.001|0.01|0.1|0.3|1|3|10|30|45|65|90,90.0,1e-05,13,0.01,0.3,"mean pinball over (batch, quantiles, horizon)",0.26761823892593384,"{""1e-05"": 0.38256382942199707, ""0.0001"": 0.3807561695575714, ""0.001"": 0.3817204236984253, ""0.01"": 0.38092416524887085, ""0.1"": 0.3688397705554962, ""0.3"": 0.3479461073875427, ""1"": 0.3172585964202881, ""3"": 0.289156436920166, ""10"": 0.27232980728149414, ""30"": 0.26761823892593384, ""45"": 0.2696506083011627, ""65"": 0.2735639810562134, ""90"": 0.27981603145599365}","{""1e-05"": 0.38256382942199707, ""0.0001"": 0.3807561695575714, ""0.001"": 0.3817204236984253, ""0.01"": 0.38092416524887085, ""0.1"": 0.3688397705554962, ""0.3"": 0.3479461073875427, ""1"": 0.3172585964202881, ""3"": 0.289156436920166, ""10"": 0.27232980728149414, ""30"": 0.26761823892593384, ""45"": 0.2696506083011627, ""65"": 0.2735639810562134, ""90"": 0.27981603145599365}",0.25168681144714355,0.26761823892593384,0.34386956691741943,81984,0.3401826450259972,0.7866898645152286
timesfm3,uber_tlc_hourly,11,L11,block_depth,True,0.55,30.0,False,False,1e-05|0.0001|0.001|0.01|0.1|0.3|1|3|10|30|45|65|90,90.0,1e-05,13,0.01,0.3,"mean pinball over (batch, quantiles, horizon)",0.26559796929359436,"{""1e-05"": 0.3763766288757324, ""0.0001"": 0.3783203065395355, ""0.001"": 0.3778032064437866, ""0.01"": 0.3753044903278351, ""0.1"": 0.36487025022506714, ""0.3"": 0.3477112948894501, ""1"": 0.3134411871433258, ""3"": 0.28790125250816345, ""10"": 0.2705082297325134, ""30"": 0.26559796929359436, ""45"": 0.2671560049057007, ""65"": 0.27355334162712097, ""90"": 0.2797437012195587}","{""1e-05"": 0.3763766288757324, ""0.0001"": 0.3783203065395355, ""0.001"": 0.3778032064437866, ""0.01"": 0.3753044903278351, ""0.1"": 0.36487025022506714, ""0.3"": 0.3477112948894501, ""1"": 0.3134411871433258, ""3"": 0.28790125250816345, ""10"": 0.2705082297325134, ""30"": 0.26559796929359436, ""45"": 0.2671560049057007, ""65"": 0.27355334162712097, ""90"": 0.2797437012195587}",0.25210991501808167,0.26559796929359436,0.3449861705303192,81984,0.3401826450259972,0.7807510852686121
timesfm3,uber_tlc_hourly,12,L12,block_depth,True,0.6,30.0,False,False,1e-05|0.0001|0.001|0.01|0.1|0.3|1|3|10|30|45|65|90,90.0,1e-05,13,0.01,0.3,"mean pinball over (batch, quantiles, horizon)",0.26726508140563965,"{""1e-05"": 0.37147724628448486, ""0.0001"": 0.37272074818611145, ""0.001"": 0.371532678604126, ""0.01"": 0.3692178428173065, ""0.1"": 0.3606370985507965, ""0.3"": 0.3417894244194031, ""1"": 0.3091556131839752, ""3"": 0.28498005867004395, ""10"": 0.26880908012390137, ""30"": 0.26726508140563965, ""45"": 0.2683476507663727, ""65"": 0.2720097005367279, ""90"": 0.28102824091911316}","{""1e-05"": 0.37147724628448486, ""0.0001"": 0.37272074818611145, ""0.001"": 0.371532678604126, ""0.01"": 0.3692178428173065, ""0.1"": 0.3606370985507965, ""0.3"": 0.3417894244194031, ""1"": 0.3091556131839752, ""3"": 0.28498005867004395, ""10"": 0.26880908012390137, ""30"": 0.26726508140563965, ""45"": 0.2683476507663727, ""65"": 0.2720097005367279, ""90"": 0.28102824091911316}",0.2526135742664337,0.26726508140563965,0.34276309609413147,81984,0.3401826450259972,0.7856517236063436
timesfm3,uber_tlc_hourly,13,L13,block_depth,True,0.65,30.0,False,False,1e-05|0.0001|0.001|0.01|0.1|0.3|1|3|10|30|45|65|90,90.0,1e-05,13,0.01,0.3,"mean pinball over (batch, quantiles, horizon)",0.2632332146167755,"{""1e-05"": 0.366496205329895, ""0.0001"": 0.3677307665348053, ""0.001"": 0.3674840033054352, ""0.01"": 0.36632683873176575, ""0.1"": 0.35731208324432373, ""0.3"": 0.3384230136871338, ""1"": 0.3080073297023773, ""3"": 0.28263238072395325, ""10"": 0.26810386776924133, ""30"": 0.2632332146167755, ""45"": 0.26422199606895447, ""65"": 0.26712071895599365, ""90"": 0.2732296288013458}","{""1e-05"": 0.366496205329895, ""0.0001"": 0.3677307665348053, ""0.001"": 0.3674840033054352, ""0.01"": 0.36632683873176575, ""0.1"": 0.35731208324432373, ""0.3"": 0.3384230136871338, ""1"": 0.3080073297023773, ""3"": 0.28263238072395325, ""10"": 0.26810386776924133, ""30"": 0.2632332146167755, ""45"": 0.26422199606895447, ""65"": 0.26712071895599365, ""90"": 0.2732296288013458}",0.24938422441482544,0.2632332146167755,0.3303937315940857,81984,0.3401826450259972,0.7737996586999871
timesfm3,uber_tlc_hourly,14,L14,block_depth,True,0.7,30.0,False,False,1e-05|0.0001|0.001|0.01|0.1|0.3|1|3|10|30|45|65|90,90.0,1e-05,13,0.01,0.3,"mean pinball over (batch, quantiles, horizon)",0.2630104422569275,"{""1e-05"": 0.3743782639503479, ""0.0001"": 0.3760201930999756, ""0.001"": 0.374257355928421, ""0.01"": 0.3729497790336609, ""0.1"": 0.3645539879798889, ""0.3"": 0.34323111176490784, ""1"": 0.30946075916290283, ""3"": 0.2821882367134094, ""10"": 0.2690373361110687, ""30"": 0.2630104422569275, ""45"": 0.2641947865486145, ""65"": 0.2687842547893524, ""90"": 0.27348434925079346}","{""1e-05"": 0.3743782639503479, ""0.0001"": 0.3760201930999756, ""0.001"": 0.374257355928421, ""0.01"": 0.3729497790336609, ""0.1"": 0.3645539879798889, ""0.3"": 0.34323111176490784, ""1"": 0.30946075916290283, ""3"": 0.2821882367134094, ""10"": 0.2690373361110687, ""30"": 0.2630104422569275, ""45"": 0.2641947865486145, ""65"": 0.2687842547893524, ""90"": 0.27348434925079346}",0.2479066401720047,0.2630104422569275,0.33107706904411316,81984,0.3401826450259972,0.7731447976625259
timesfm3,uber_tlc_hourly,15,L15,block_depth,True,0.75,45.0,False,False,1e-05|0.0001|0.001|0.01|0.1|0.3|1|3|10|30|45|65|90,90.0,1e-05,13,0.01,0.45,"mean pinball over (batch, quantiles, horizon)",0.2614891231060028,"{""1e-05"": 0.3781324326992035, ""0.0001"": 0.37676671147346497, ""0.001"": 0.3770870268344879, ""0.01"": 0.37616899609565735, ""0.1"": 0.3651542365550995, ""0.3"": 0.3434591591358185, ""1"": 0.30919480323791504, ""3"": 0.28188440203666687, ""10"": 0.2672105133533478, ""30"": 0.2621729075908661, ""45"": 0.2614891231060028, ""65"": 0.2635154724121094, ""90"": 0.27037519216537476}","{""1e-05"": 0.3781324326992035, ""0.0001"": 0.37676671147346497, ""0.001"": 0.3770870268344879, ""0.01"": 0.37616899609565735, ""0.1"": 0.3651542365550995, ""0.3"": 0.3434591591358185, ""1"": 0.30919480323791504, ""3"": 0.28188440203666687, ""10"": 0.2672105133533478, ""30"": 0.2621729075908661, ""45"": 0.2614891231060028, ""65"": 0.2635154724121094, ""90"": 0.27037519216537476}",0.25472161173820496,0.2614891231060028,0.33171340823173523,81984,0.3401826450259972,0.768672731926167
timesfm3,uber_tlc_hourly,16,L16,block_depth,True,0.8,30.0,False,False,1e-05|0.0001|0.001|0.01|0.1|0.3|1|3|10|30|45|65|90,90.0,1e-05,13,0.01,0.3,"mean pinball over (batch, quantiles, horizon)",0.26177167892456055,"{""1e-05"": 0.3667222261428833, ""0.0001"": 0.3680337369441986, ""0.001"": 0.36938443779945374, ""0.01"": 0.3674866259098053, ""0.1"": 0.35593944787979126, ""0.3"": 0.3378765881061554, ""1"": 0.30680498480796814, ""3"": 0.28232836723327637, ""10"": 0.2657093405723572, ""30"": 0.26177167892456055, ""45"": 0.2629821002483368, ""65"": 0.2649964392185211, ""90"": 0.27118217945098877}","{""1e-05"": 0.3667222261428833, ""0.0001"": 0.3680337369441986, ""0.001"": 0.36938443779945374, ""0.01"": 0.3674866259098053, ""0.1"": 0.35593944787979126, ""0.3"": 0.3378765881061554, ""1"": 0.30680498480796814, ""3"": 0.28232836723327637, ""10"": 0.2657093405723572, ""30"": 0.26177167892456055, ""45"": 0.2629821002483368, ""65"": 0.2649964392185211, ""90"": 0.27118217945098877}",0.24440640211105347,0.26177167892456055,0.3286707401275635,81984,0.3401826450259972,0.7695033322601028
timesfm3,uber_tlc_hourly,17,L17,block_depth,True,0.85,30.0,False,False,1e-05|0.0001|0.001|0.01|0.1|0.3|1|3|10|30|45|65|90,90.0,1e-05,13,0.01,0.3,"mean pinball over (batch, quantiles, horizon)",0.26117822527885437,"{""1e-05"": 0.359069287776947, ""0.0001"": 0.3614690899848938, ""0.001"": 0.359003484249115, ""0.01"": 0.36001890897750854, ""0.1"": 0.3513273298740387, ""0.3"": 0.33384424448013306, ""1"": 0.30507656931877136, ""3"": 0.28217825293540955, ""10"": 0.26661282777786255, ""30"": 0.26117822527885437, ""45"": 0.2630806863307953, ""65"": 0.26468709111213684, ""90"": 0.2696209251880646}","{""1e-05"": 0.359069287776947, ""0.0001"": 0.3614690899848938, ""0.001"": 0.359003484249115, ""0.01"": 0.36001890897750854, ""0.1"": 0.3513273298740387, ""0.3"": 0.33384424448013306, ""1"": 0.30507656931877136, ""3"": 0.28217825293540955, ""10"": 0.26661282777786255, ""30"": 0.26117822527885437, ""45"": 0.2630806863307953, ""65"": 0.26468709111213684, ""90"": 0.2696209251880646}",0.2436314970254898,0.26117822527885437,0.32558465003967285,81984,0.3401826450259972,0.7677588174990373
timesfm3,uber_tlc_hourly,18,L18,block_depth,True,0.9,30.0,False,False,1e-05|0.0001|0.001|0.01|0.1|0.3|1|3|10|30|45|65|90,90.0,1e-05,13,0.01,0.3,"mean pinball over (batch, quantiles, horizon)",0.25796791911125183,"{""1e-05"": 0.3415374755859375, ""0.0001"": 0.3405817449092865, ""0.001"": 0.3444046676158905, ""0.01"": 0.3407055735588074, ""0.1"": 0.3356589376926422, ""0.3"": 0.32035768032073975, ""1"": 0.29510119557380676, ""3"": 0.2776542901992798, ""10"": 0.26565879583358765, ""30"": 0.25796791911125183, ""45"": 0.25991693139076233, ""65"": 0.26115959882736206, ""90"": 0.26522043347358704}","{""1e-05"": 0.3415374755859375, ""0.0001"": 0.3405817449092865, ""0.001"": 0.3444046676158905, ""0.01"": 0.3407055735588074, ""0.1"": 0.3356589376926422, ""0.3"": 0.32035768032073975, ""1"": 0.29510119557380676, ""3"": 0.2776542901992798, ""10"": 0.26565879583358765, ""30"": 0.25796791911125183, ""45"": 0.25991693139076233, ""65"": 0.26115959882736206, ""90"": 0.26522043347358704}",0.24602752923965454,0.25796791911125183,0.3218019902706146,81984,0.3401826450259972,0.7583218100133755
timesfm3,uber_tlc_hourly,19,L19,block_depth,True,0.95,45.0,False,False,1e-05|0.0001|0.001|0.01|0.1|0.3|1|3|10|30|45|65|90,90.0,1e-05,13,0.01,0.45,"mean pinball over (batch, quantiles, horizon)",0.25860396027565,"{""1e-05"": 0.3285965621471405, ""0.0001"": 0.3266088366508484, ""0.001"": 0.3264395296573639, ""0.01"": 0.32822278141975403, ""0.1"": 0.3194420635700226, ""0.3"": 0.30905747413635254, ""1"": 0.28936442732810974, ""3"": 0.27526140213012695, ""10"": 0.2633182406425476, ""30"": 0.26069188117980957, ""45"": 0.25860396027565, ""65"": 0.2636738419532776, ""90"": 0.2676717936992645}","{""1e-05"": 0.3285965621471405, ""0.0001"": 0.3266088366508484, ""0.001"": 0.3264395296573639, ""0.01"": 0.32822278141975403, ""0.1"": 0.3194420635700226, ""0.3"": 0.30905747413635254, ""1"": 0.28936442732810974, ""3"": 0.27526140213012695, ""10"": 0.2633182406425476, ""30"": 0.26069188117980957, ""45"": 0.25860396027565, ""65"": 0.2636738419532776, ""90"": 0.2676717936992645}",0.25564044713974,0.25860396027565,0.3255477547645569,81984,0.3401826450259972,0.7601915149313015
timesfm3,uber_tlc_hourly,20,L20,block_depth,True,1.0,30.0,False,False,1e-05|0.0001|0.001|0.01|0.1|0.3|1|3|10|30|45|65|90,90.0,1e-05,13,0.01,0.3,"mean pinball over (batch, quantiles, horizon)",0.2594068944454193,"{""1e-05"": 0.3529530167579651, ""0.0001"": 0.35365983843803406, ""0.001"": 0.3535574972629547, ""0.01"": 0.35094618797302246, ""0.1"": 0.34155333042144775, ""0.3"": 0.32634076476097107, ""1"": 0.3033592700958252, ""3"": 0.2794945538043976, ""10"": 0.2639848589897156, ""30"": 0.2594068944454193, ""45"": 0.26076406240463257, ""65"": 0.2615070641040802, ""90"": 0.26751431822776794}","{""1e-05"": 0.3529530167579651, ""0.0001"": 0.35365983843803406, ""0.001"": 0.3535574972629547, ""0.01"": 0.35094618797302246, ""0.1"": 0.34155333042144775, ""0.3"": 0.32634076476097107, ""1"": 0.3033592700958252, ""3"": 0.2794945538043976, ""10"": 0.2639848589897156, ""30"": 0.2594068944454193, ""45"": 0.26076406240463257, ""65"": 0.2615070641040802, ""90"": 0.26751431822776794}",0.24034257233142853,0.2594068944454193,0.32544922828674316,81984,0.3401826450259972,0.7625518180846501
timesfm3,wind_farms_hourly,0,Emb,block_depth,True,0.0,30.0,False,False,1e-05|0.0001|0.001|0.01|0.1|0.3|1|3|10|30|45|65|90,90.0,1e-05,13,0.01,0.3,"mean pinball over (batch, quantiles, horizon)",0.24468295276165009,"{""1e-05"": 0.2638617157936096, ""0.0001"": 0.2661822438240051, ""0.001"": 0.26385319232940674, ""0.01"": 0.26662778854370117, ""0.1"": 0.26958832144737244, ""0.3"": 0.26405084133148193, ""1"": 0.2592252194881439, ""3"": 0.2615136206150055, ""10"": 0.25963109731674194, ""30"": 0.24468295276165009, ""45"": 0.247388556599617, ""65"": 0.2533023953437805, ""90"": 0.2628674805164337}","{""1e-05"": 0.2638617157936096, ""0.0001"": 0.2661822438240051, ""0.001"": 0.26385319232940674, ""0.01"": 0.26662778854370117, ""0.1"": 0.26958832144737244, ""0.3"": 0.26405084133148193, ""1"": 0.2592252194881439, ""3"": 0.2615136206150055, ""10"": 0.25963109731674194, ""30"": 0.24468295276165009, ""45"": 0.247388556599617, ""65"": 0.2533023953437805, ""90"": 0.2628674805164337}",12.093559265136719,0.24468295276165009,0.6811544299125671,81984,0.33956891155041014,0.720569358497726
timesfm3,wind_farms_hourly,1,L1,block_depth,True,0.05,10.0,False,False,1e-05|0.0001|0.001|0.01|0.1|0.3|1|3|10|30|45|65|90,90.0,1e-05,13,0.01,0.1,"mean pinball over (batch, quantiles, horizon)",0.24218595027923584,"{""1e-05"": 0.27692997455596924, ""0.0001"": 0.27604565024375916, ""0.001"": 0.2761465609073639, ""0.01"": 0.27693718671798706, ""0.1"": 0.27169930934906006, ""0.3"": 0.2683289647102356, ""1"": 0.25861456990242004, ""3"": 0.24945566058158875, ""10"": 0.24218595027923584, ""30"": 0.24575762450695038, ""45"": 0.25030723214149475, ""65"": 0.2589213252067566, ""90"": 0.2682715356349945}","{""1e-05"": 0.27692997455596924, ""0.0001"": 0.27604565024375916, ""0.001"": 0.2761465609073639, ""0.01"": 0.27693718671798706, ""0.1"": 0.27169930934906006, ""0.3"": 0.2683289647102356, ""1"": 0.25861456990242004, ""3"": 0.24945566058158875, ""10"": 0.24218595027923584, ""30"": 0.24575762450695038, ""45"": 0.25030723214149475, ""65"": 0.2589213252067566, ""90"": 0.2682715356349945}",12.06399917602539,0.24218595027923584,0.6591688394546509,81984,0.33956891155041014,0.7132159100591944
timesfm3,wind_farms_hourly,2,L2,block_depth,True,0.1,10.0,False,False,1e-05|0.0001|0.001|0.01|0.1|0.3|1|3|10|30|45|65|90,90.0,1e-05,13,0.01,0.1,"mean pinball over (batch, quantiles, horizon)",0.24245652556419373,"{""1e-05"": 0.3063017427921295, ""0.0001"": 0.30554652214050293, ""0.001"": 0.3056265413761139, ""0.01"": 0.3049757182598114, ""0.1"": 0.3001537024974823, ""0.3"": 0.29149529337882996, ""1"": 0.2714069187641144, ""3"": 0.25440263748168945, ""10"": 0.24245652556419373, ""30"": 0.24501198530197144, ""45"": 0.25106683373451233, ""65"": 0.25913697481155396, ""90"": 0.2664973735809326}","{""1e-05"": 0.3063017427921295, ""0.0001"": 0.30554652214050293, ""0.001"": 0.3056265413761139, ""0.01"": 0.3049757182598114, ""0.1"": 0.3001537024974823, ""0.3"": 0.29149529337882996, ""1"": 0.2714069187641144, ""3"": 0.25440263748168945, ""10"": 0.24245652556419373, ""30"": 0.24501198530197144, ""45"": 0.25106683373451233, ""65"": 0.25913697481155396, ""90"": 0.2664973735809326}",12.048093795776367,0.24245652556419373,0.6549192070960999,81984,0.33956891155041014,0.7140127300145975
timesfm3,wind_farms_hourly,3,L3,block_depth,True,0.15,10.0,False,False,1e-05|0.0001|0.001|0.01|0.1|0.3|1|3|10|30|45|65|90,90.0,1e-05,13,0.01,0.1,"mean pinball over (batch, quantiles, horizon)",0.24630135297775269,"{""1e-05"": 0.3288477957248688, ""0.0001"": 0.32869434356689453, ""0.001"": 0.32704681158065796, ""0.01"": 0.32675695419311523, ""0.1"": 0.3185707926750183, ""0.3"": 0.3066314458847046, ""1"": 0.2816590666770935, ""3"": 0.26014870405197144, ""10"": 0.24630135297775269, ""30"": 0.2471233755350113, ""45"": 0.2504851520061493, ""65"": 0.2570062279701233, ""90"": 0.2642247974872589}","{""1e-05"": 0.3288477957248688, ""0.0001"": 0.32869434356689453, ""0.001"": 0.32704681158065796, ""0.01"": 0.32675695419311523, ""0.1"": 0.3185707926750183, ""0.3"": 0.3066314458847046, ""1"": 0.2816590666770935, ""3"": 0.26014870405197144, ""10"": 0.24630135297775269, ""30"": 0.2471233755350113, ""45"": 0.2504851520061493, ""65"": 0.2570062279701233, ""90"": 0.2642247974872589}",12.037151336669922,0.24630135297775269,0.6540622711181641,81984,0.33956891155041014,0.7253354020342596
timesfm3,wind_farms_hourly,4,L4,block_depth,True,0.2,30.0,False,False,1e-05|0.0001|0.001|0.01|0.1|0.3|1|3|10|30|45|65|90,90.0,1e-05,13,0.01,0.3,"mean pinball over (batch, quantiles, horizon)",0.24762845039367676,"{""1e-05"": 0.34198784828186035, ""0.0001"": 0.3427773118019104, ""0.001"": 0.3423043191432953, ""0.01"": 0.34121981263160706, ""0.1"": 0.3323131501674652, ""0.3"": 0.31893426179885864, ""1"": 0.28999707102775574, ""3"": 0.26737117767333984, ""10"": 0.2508081793785095, ""30"": 0.24762845039367676, ""45"": 0.2514747083187103, ""65"": 0.25554755330085754, ""90"": 0.26233330368995667}","{""1e-05"": 0.34198784828186035, ""0.0001"": 0.3427773118019104, ""0.001"": 0.3423043191432953, ""0.01"": 0.34121981263160706, ""0.1"": 0.3323131501674652, ""0.3"": 0.31893426179885864, ""1"": 0.28999707102775574, ""3"": 0.26737117767333984, ""10"": 0.2508081793785095, ""30"": 0.24762845039367676, ""45"": 0.2514747083187103, ""65"": 0.25554755330085754, ""90"": 0.26233330368995667}",12.055630683898926,0.24762845039367676,0.6526065468788147,81984,0.33956891155041014,0.7292435849414192
timesfm3,wind_farms_hourly,5,L5,block_depth,True,0.25,30.0,False,False,1e-05|0.0001|0.001|0.01|0.1|0.3|1|3|10|30|45|65|90,90.0,1e-05,13,0.01,0.3,"mean pinball over (batch, quantiles, horizon)",0.24960556626319885,"{""1e-05"": 0.35938549041748047, ""0.0001"": 0.35908862948417664, ""0.001"": 0.3588637709617615, ""0.01"": 0.3567522466182709, ""0.1"": 0.3477103114128113, ""0.3"": 0.32904472947120667, ""1"": 0.296367883682251, ""3"": 0.2715463936328888, ""10"": 0.25198492407798767, ""30"": 0.24960556626319885, ""45"": 0.2537684440612793, ""65"": 0.2588808834552765, ""90"": 0.2671586275100708}","{""1e-05"": 0.35938549041748047, ""0.0001"": 0.35908862948417664, ""0.001"": 0.3588637709617615, ""0.01"": 0.3567522466182709, ""0.1"": 0.3477103114128113, ""0.3"": 0.32904472947120667, ""1"": 0.296367883682251, ""3"": 0.2715463936328888, ""10"": 0.25198492407798767, ""30"": 0.24960556626319885, ""45"": 0.2537684440612793, ""65"": 0.2588808834552765, ""90"": 0.2671586275100708}",12.054108619689941,0.24960556626319885,0.6528569459915161,81984,0.33956891155041014,0.7350660139161299
timesfm3,wind_farms_hourly,6,L6,block_depth,True,0.3,30.0,False,False,1e-05|0.0001|0.001|0.01|0.1|0.3|1|3|10|30|45|65|90,90.0,1e-05,13,0.01,0.3,"mean pinball over (batch, quantiles, horizon)",0.2489376813173294,"{""1e-05"": 0.36752891540527344, ""0.0001"": 0.3677011728286743, ""0.001"": 0.36849603056907654, ""0.01"": 0.36722511053085327, ""0.1"": 0.3551349937915802, ""0.3"": 0.3363243639469147, ""1"": 0.3023611903190613, ""3"": 0.2750873267650604, ""10"": 0.25263893604278564, ""30"": 0.2489376813173294, ""45"": 0.2513618767261505, ""65"": 0.2561858892440796, ""90"": 0.2664574682712555}","{""1e-05"": 0.36752891540527344, ""0.0001"": 0.3677011728286743, ""0.001"": 0.36849603056907654, ""0.01"": 0.36722511053085327, ""0.1"": 0.3551349937915802, ""0.3"": 0.3363243639469147, ""1"": 0.3023611903190613, ""3"": 0.2750873267650604, ""10"": 0.25263893604278564, ""30"": 0.2489376813173294, ""45"": 0.2513618767261505, ""65"": 0.2561858892440796, ""90"": 0.2664574682712555}",12.051383972167969,0.2489376813173294,0.655461847782135,81984,0.33956891155041014,0.7330991526306841
timesfm3,wind_farms_hourly,7,L7,block_depth,True,0.35,30.0,False,False,1e-05|0.0001|0.001|0.01|0.1|0.3|1|3|10|30|45|65|90,90.0,1e-05,13,0.01,0.3,"mean pinball over (batch, quantiles, horizon)",0.2475845068693161,"{""1e-05"": 0.38366469740867615, ""0.0001"": 0.38330310583114624, ""0.001"": 0.38257038593292236, ""0.01"": 0.38302019238471985, ""0.1"": 0.37133222818374634, ""0.3"": 0.3507622480392456, ""1"": 0.3122427761554718, ""3"": 0.2740788459777832, ""10"": 0.25109463930130005, ""30"": 0.2475845068693161, ""45"": 0.2501884698867798, ""65"": 0.2563672363758087, ""90"": 0.2647858262062073}","{""1e-05"": 0.38366469740867615, ""0.0001"": 0.38330310583114624, ""0.001"": 0.38257038593292236, ""0.01"": 0.38302019238471985, ""0.1"": 0.37133222818374634, ""0.3"": 0.3507622480392456, ""1"": 0.3122427761554718, ""3"": 0.2740788459777832, ""10"": 0.25109463930130005, ""30"": 0.2475845068693161, ""45"": 0.2501884698867798, ""65"": 0.2563672363758087, ""90"": 0.2647858262062073}",12.04780101776123,0.2475845068693161,0.659559965133667,81984,0.33956891155041014,0.7291141752019938
timesfm3,wind_farms_hourly,8,L8,block_depth,True,0.4,30.0,False,False,1e-05|0.0001|0.001|0.01|0.1|0.3|1|3|10|30|45|65|90,90.0,1e-05,13,0.01,0.3,"mean pinball over (batch, quantiles, horizon)",0.2490599900484085,"{""1e-05"": 0.3882800340652466, ""0.0001"": 0.38729655742645264, ""0.001"": 0.3883940875530243, ""0.01"": 0.38719236850738525, ""0.1"": 0.3758414387702942, ""0.3"": 0.3506508469581604, ""1"": 0.3104098439216614, ""3"": 0.2730347514152527, ""10"": 0.2541455030441284, ""30"": 0.2490599900484085, ""45"": 0.2518823444843292, ""65"": 0.2577866315841675, ""90"": 0.2664273977279663}","{""1e-05"": 0.3882800340652466, ""0.0001"": 0.38729655742645264, ""0.001"": 0.3883940875530243, ""0.01"": 0.38719236850738525, ""0.1"": 0.3758414387702942, ""0.3"": 0.3506508469581604, ""1"": 0.3104098439216614, ""3"": 0.2730347514152527, ""10"": 0.2541455030441284, ""30"": 0.2490599900484085, ""45"": 0.2518823444843292, ""65"": 0.2577866315841675, ""90"": 0.2664273977279663}",12.044739723205566,0.2490599900484085,0.660420835018158,81984,0.33956891155041014,0.7334593408779553
timesfm3,wind_farms_hourly,9,L9,block_depth,True,0.45,30.0,False,False,1e-05|0.0001|0.001|0.01|0.1|0.3|1|3|10|30|45|65|90,90.0,1e-05,13,0.01,0.3,"mean pinball over (batch, quantiles, horizon)",0.25221124291419983,"{""1e-05"": 0.4014323353767395, ""0.0001"": 0.40444883704185486, ""0.001"": 0.40301522612571716, ""0.01"": 0.40159541368484497, ""0.1"": 0.38772374391555786, ""0.3"": 0.3655407726764679, ""1"": 0.31962496042251587, ""3"": 0.28127989172935486, ""10"": 0.2576307952404022, ""30"": 0.25221124291419983, ""45"": 0.2541118860244751, ""65"": 0.2603851854801178, ""90"": 0.26774299144744873}","{""1e-05"": 0.4014323353767395, ""0.0001"": 0.40444883704185486, ""0.001"": 0.40301522612571716, ""0.01"": 0.40159541368484497, ""0.1"": 0.38772374391555786, ""0.3"": 0.3655407726764679, ""1"": 0.31962496042251587, ""3"": 0.28127989172935486, ""10"": 0.2576307952404022, ""30"": 0.25221124291419983, ""45"": 0.2541118860244751, ""65"": 0.2603851854801178, ""90"": 0.26774299144744873}",12.043810844421387,0.25221124291419983,0.6597777009010315,81984,0.33956891155041014,0.7427394980378179
timesfm3,wind_farms_hourly,10,L10,block_depth,True,0.5,30.0,False,False,1e-05|0.0001|0.001|0.01|0.1|0.3|1|3|10|30|45|65|90,90.0,1e-05,13,0.01,0.3,"mean pinball over (batch, quantiles, horizon)",0.2528148293495178,"{""1e-05"": 0.42255815863609314, ""0.0001"": 0.4216711223125458, ""0.001"": 0.42194050550460815, ""0.01"": 0.4222063720226288, ""0.1"": 0.40678465366363525, ""0.3"": 0.379975825548172, ""1"": 0.3306652307510376, ""3"": 0.2870442271232605, ""10"": 0.25825566053390503, ""30"": 0.2528148293495178, ""45"": 0.2538985013961792, ""65"": 0.2594839334487915, ""90"": 0.2686043083667755}","{""1e-05"": 0.42255815863609314, ""0.0001"": 0.4216711223125458, ""0.001"": 0.42194050550460815, ""0.01"": 0.4222063720226288, ""0.1"": 0.40678465366363525, ""0.3"": 0.379975825548172, ""1"": 0.3306652307510376, ""3"": 0.2870442271232605, ""10"": 0.25825566053390503, ""30"": 0.2528148293495178, ""45"": 0.2538985013961792, ""65"": 0.2594839334487915, ""90"": 0.2686043083667755}",12.042852401733398,0.2528148293495178,0.6582872271537781,81984,0.33956891155041014,0.7445170059744607
timesfm3,wind_farms_hourly,11,L11,block_depth,True,0.55,30.0,False,False,1e-05|0.0001|0.001|0.01|0.1|0.3|1|3|10|30|45|65|90,90.0,1e-05,13,0.01,0.3,"mean pinball over (batch, quantiles, horizon)",0.25236988067626953,"{""1e-05"": 0.41635051369667053, ""0.0001"": 0.41786712408065796, ""0.001"": 0.41797083616256714, ""0.01"": 0.4154919385910034, ""0.1"": 0.4033024311065674, ""0.3"": 0.37634995579719543, ""1"": 0.3295314610004425, ""3"": 0.2861332893371582, ""10"": 0.25811517238616943, ""30"": 0.25236988067626953, ""45"": 0.2560596764087677, ""65"": 0.2610079348087311, ""90"": 0.2699016332626343}","{""1e-05"": 0.41635051369667053, ""0.0001"": 0.41786712408065796, ""0.001"": 0.41797083616256714, ""0.01"": 0.4154919385910034, ""0.1"": 0.4033024311065674, ""0.3"": 0.37634995579719543, ""1"": 0.3295314610004425, ""3"": 0.2861332893371582, ""10"": 0.25811517238616943, ""30"": 0.25236988067626953, ""45"": 0.2560596764087677, ""65"": 0.2610079348087311, ""90"": 0.2699016332626343}",12.041895866394043,0.25236988067626953,0.6588722467422485,81984,0.33956891155041014,0.7432066720242273
timesfm3,wind_farms_hourly,12,L12,block_depth,True,0.6,30.0,False,False,1e-05|0.0001|0.001|0.01|0.1|0.3|1|3|10|30|45|65|90,90.0,1e-05,13,0.01,0.3,"mean pinball over (batch, quantiles, horizon)",0.25113752484321594,"{""1e-05"": 0.4147745966911316, ""0.0001"": 0.4145960509777069, ""0.001"": 0.4160102605819702, ""0.01"": 0.41459017992019653, ""0.1"": 0.3996599614620209, ""0.3"": 0.37352851033210754, ""1"": 0.32543426752090454, ""3"": 0.2838262915611267, ""10"": 0.25778308510780334, ""30"": 0.25113752484321594, ""45"": 0.25464650988578796, ""65"": 0.2607841193675995, ""90"": 0.2690805494785309}","{""1e-05"": 0.4147745966911316, ""0.0001"": 0.4145960509777069, ""0.001"": 0.4160102605819702, ""0.01"": 0.41459017992019653, ""0.1"": 0.3996599614620209, ""0.3"": 0.37352851033210754, ""1"": 0.32543426752090454, ""3"": 0.2838262915611267, ""10"": 0.25778308510780334, ""30"": 0.25113752484321594, ""45"": 0.25464650988578796, ""65"": 0.2607841193675995, ""90"": 0.2690805494785309}",12.042252540588379,0.25113752484321594,0.6617404818534851,81984,0.33956891155041014,0.739577494584435
timesfm3,wind_farms_hourly,13,L13,block_depth,True,0.65,30.0,False,False,1e-05|0.0001|0.001|0.01|0.1|0.3|1|3|10|30|45|65|90,90.0,1e-05,13,0.01,0.3,"mean pinball over (batch, quantiles, horizon)",0.2562941312789917,"{""1e-05"": 0.4217791259288788, ""0.0001"": 0.42157652974128723, ""0.001"": 0.42104846239089966, ""0.01"": 0.42007312178611755, ""0.1"": 0.4063040018081665, ""0.3"": 0.38134172558784485, ""1"": 0.3319183886051178, ""3"": 0.29088282585144043, ""10"": 0.2652817368507385, ""30"": 0.2562941312789917, ""45"": 0.2572784423828125, ""65"": 0.2606152296066284, ""90"": 0.26851746439933777}","{""1e-05"": 0.4217791259288788, ""0.0001"": 0.42157652974128723, ""0.001"": 0.42104846239089966, ""0.01"": 0.42007312178611755, ""0.1"": 0.4063040018081665, ""0.3"": 0.38134172558784485, ""1"": 0.3319183886051178, ""3"": 0.29088282585144043, ""10"": 0.2652817368507385, ""30"": 0.2562941312789917, ""45"": 0.2572784423828125, ""65"": 0.2606152296066284, ""90"": 0.26851746439933777}",12.04099178314209,0.2562941312789917,0.6587514281272888,81984,0.33956891155041014,0.7547632382151803
timesfm3,wind_farms_hourly,14,L14,block_depth,True,0.7,30.0,False,False,1e-05|0.0001|0.001|0.01|0.1|0.3|1|3|10|30|45|65|90,90.0,1e-05,13,0.01,0.3,"mean pinball over (batch, quantiles, horizon)",0.2545030415058136,"{""1e-05"": 0.42658454179763794, ""0.0001"": 0.4253862798213959, ""0.001"": 0.4249149262905121, ""0.01"": 0.4246724247932434, ""0.1"": 0.40943822264671326, ""0.3"": 0.3848477005958557, ""1"": 0.3364620506763458, ""3"": 0.29290711879730225, ""10"": 0.26415136456489563, ""30"": 0.2545030415058136, ""45"": 0.25460758805274963, ""65"": 0.2583508789539337, ""90"": 0.2665295898914337}","{""1e-05"": 0.42658454179763794, ""0.0001"": 0.4253862798213959, ""0.001"": 0.4249149262905121, ""0.01"": 0.4246724247932434, ""0.1"": 0.40943822264671326, ""0.3"": 0.3848477005958557, ""1"": 0.3364620506763458, ""3"": 0.29290711879730225, ""10"": 0.26415136456489563, ""30"": 0.2545030415058136, ""45"": 0.25460758805274963, ""65"": 0.2583508789539337, ""90"": 0.2665295898914337}",12.038880348205566,0.2545030415058136,0.6583125591278076,81984,0.33956891155041014,0.7494886394157781
timesfm3,wind_farms_hourly,15,L15,block_depth,True,0.75,30.0,False,False,1e-05|0.0001|0.001|0.01|0.1|0.3|1|3|10|30|45|65|90,90.0,1e-05,13,0.01,0.3,"mean pinball over (batch, quantiles, horizon)",0.25245401263237,"{""1e-05"": 0.4064024090766907, ""0.0001"": 0.40640750527381897, ""0.001"": 0.4065287411212921, ""0.01"": 0.4048653244972229, ""0.1"": 0.3909680247306824, ""0.3"": 0.36769789457321167, ""1"": 0.32383888959884644, ""3"": 0.2846876382827759, ""10"": 0.2599266767501831, ""30"": 0.25245401263237, ""45"": 0.25253137946128845, ""65"": 0.25403881072998047, ""90"": 0.26161643862724304}","{""1e-05"": 0.4064024090766907, ""0.0001"": 0.40640750527381897, ""0.001"": 0.4065287411212921, ""0.01"": 0.4048653244972229, ""0.1"": 0.3909680247306824, ""0.3"": 0.36769789457321167, ""1"": 0.32383888959884644, ""3"": 0.2846876382827759, ""10"": 0.2599266767501831, ""30"": 0.25245401263237, ""45"": 0.25253137946128845, ""65"": 0.25403881072998047, ""90"": 0.26161643862724304}",12.038665771484375,0.25245401263237,0.6548170447349548,81984,0.33956891155041014,0.7434544330919775
timesfm3,wind_farms_hourly,16,L16,block_depth,True,0.8,30.0,False,False,1e-05|0.0001|0.001|0.01|0.1|0.3|1|3|10|30|45|65|90,90.0,1e-05,13,0.01,0.3,"mean pinball over (batch, quantiles, horizon)",0.24908557534217834,"{""1e-05"": 0.41124722361564636, ""0.0001"": 0.4112113416194916, ""0.001"": 0.4110247790813446, ""0.01"": 0.409979909658432, ""0.1"": 0.39590954780578613, ""0.3"": 0.3719896078109741, ""1"": 0.3251512050628662, ""3"": 0.28485146164894104, ""10"": 0.2574504315853119, ""30"": 0.24908557534217834, ""45"": 0.2493169605731964, ""65"": 0.25149986147880554, ""90"": 0.25654852390289307}","{""1e-05"": 0.41124722361564636, ""0.0001"": 0.4112113416194916, ""0.001"": 0.4110247790813446, ""0.01"": 0.409979909658432, ""0.1"": 0.39590954780578613, ""0.3"": 0.3719896078109741, ""1"": 0.3251512050628662, ""3"": 0.28485146164894104, ""10"": 0.2574504315853119, ""30"": 0.24908557534217834, ""45"": 0.2493169605731964, ""65"": 0.25149986147880554, ""90"": 0.25654852390289307}",12.037459373474121,0.24908557534217834,0.6573109030723572,81984,0.33956891155041014,0.7335346872742229
timesfm3,wind_farms_hourly,17,L17,block_depth,True,0.85,30.0,False,False,1e-05|0.0001|0.001|0.01|0.1|0.3|1|3|10|30|45|65|90,90.0,1e-05,13,0.01,0.3,"mean pinball over (batch, quantiles, horizon)",0.2449537068605423,"{""1e-05"": 0.3894070088863373, ""0.0001"": 0.39076748490333557, ""0.001"": 0.38892894983291626, ""0.01"": 0.38808727264404297, ""0.1"": 0.3767887055873871, ""0.3"": 0.35402247309684753, ""1"": 0.3132851719856262, ""3"": 0.2781146764755249, ""10"": 0.2518608570098877, ""30"": 0.2449537068605423, ""45"": 0.245955690741539, ""65"": 0.24834991991519928, ""90"": 0.25492534041404724}","{""1e-05"": 0.3894070088863373, ""0.0001"": 0.39076748490333557, ""0.001"": 0.38892894983291626, ""0.01"": 0.38808727264404297, ""0.1"": 0.3767887055873871, ""0.3"": 0.35402247309684753, ""1"": 0.3132851719856262, ""3"": 0.2781146764755249, ""10"": 0.2518608570098877, ""30"": 0.2449537068605423, ""45"": 0.245955690741539, ""65"": 0.24834991991519928, ""90"": 0.25492534041404724}",12.038010597229004,0.2449537068605423,0.6539715528488159,81984,0.33956891155041014,0.7213667050441339
timesfm3,wind_farms_hourly,18,L18,block_depth,True,0.9,30.0,False,False,1e-05|0.0001|0.001|0.01|0.1|0.3|1|3|10|30|45|65|90,90.0,1e-05,13,0.01,0.3,"mean pinball over (batch, quantiles, horizon)",0.24573944509029388,"{""1e-05"": 0.3668992221355438, ""0.0001"": 0.36545315384864807, ""0.001"": 0.3668754994869232, ""0.01"": 0.36547529697418213, ""0.1"": 0.3548610806465149, ""0.3"": 0.3348710238933563, ""1"": 0.29481440782546997, ""3"": 0.2641468644142151, ""10"": 0.24851198494434357, ""30"": 0.24573944509029388, ""45"": 0.2467394471168518, ""65"": 0.25003302097320557, ""90"": 0.2570069432258606}","{""1e-05"": 0.3668992221355438, ""0.0001"": 0.36545315384864807, ""0.001"": 0.3668754994869232, ""0.01"": 0.36547529697418213, ""0.1"": 0.3548610806465149, ""0.3"": 0.3348710238933563, ""1"": 0.29481440782546997, ""3"": 0.2641468644142151, ""10"": 0.24851198494434357, ""30"": 0.24573944509029388, ""45"": 0.2467394471168518, ""65"": 0.25003302097320557, ""90"": 0.2570069432258606}",12.041170120239258,0.24573944509029388,0.6482667326927185,81984,0.33956891155041014,0.7236806336843149
timesfm3,wind_farms_hourly,19,L19,block_depth,True,0.95,10.0,False,False,1e-05|0.0001|0.001|0.01|0.1|0.3|1|3|10|30|45|65|90,90.0,1e-05,13,0.01,0.1,"mean pinball over (batch, quantiles, horizon)",0.24933670461177826,"{""1e-05"": 0.34300848841667175, ""0.0001"": 0.34186312556266785, ""0.001"": 0.34099632501602173, ""0.01"": 0.34065577387809753, ""0.1"": 0.33031150698661804, ""0.3"": 0.31397178769111633, ""1"": 0.2822742164134979, ""3"": 0.26073992252349854, ""10"": 0.24933670461177826, ""30"": 0.2517023980617523, ""45"": 0.25664857029914856, ""65"": 0.2617962956428528, ""90"": 0.2681972086429596}","{""1e-05"": 0.34300848841667175, ""0.0001"": 0.34186312556266785, ""0.001"": 0.34099632501602173, ""0.01"": 0.34065577387809753, ""0.1"": 0.33031150698661804, ""0.3"": 0.31397178769111633, ""1"": 0.2822742164134979, ""3"": 0.26073992252349854, ""10"": 0.24933670461177826, ""30"": 0.2517023980617523, ""45"": 0.25664857029914856, ""65"": 0.2617962956428528, ""90"": 0.2681972086429596}",12.026355743408203,0.24933670461177826,0.6524087190628052,81984,0.33956891155041014,0.7342742404578559
timesfm3,wind_farms_hourly,20,L20,block_depth,True,1.0,10.0,False,False,1e-05|0.0001|0.001|0.01|0.1|0.3|1|3|10|30|45|65|90,90.0,1e-05,13,0.01,0.1,"mean pinball over (batch, quantiles, horizon)",0.25341230630874634,"{""1e-05"": 0.3621012568473816, ""0.0001"": 0.362352192401886, ""0.001"": 0.3628297746181488, ""0.01"": 0.36146080493927, ""0.1"": 0.3503754138946533, ""0.3"": 0.3325173258781433, ""1"": 0.29606154561042786, ""3"": 0.2651057839393616, ""10"": 0.25341230630874634, ""30"": 0.25370728969573975, ""45"": 0.2572905719280243, ""65"": 0.2629055678844452, ""90"": 0.2701675295829773}","{""1e-05"": 0.3621012568473816, ""0.0001"": 0.362352192401886, ""0.001"": 0.3628297746181488, ""0.01"": 0.36146080493927, ""0.1"": 0.3503754138946533, ""0.3"": 0.3325173258781433, ""1"": 0.29606154561042786, ""3"": 0.2651057839393616, ""10"": 0.25341230630874634, ""30"": 0.25370728969573975, ""45"": 0.2572905719280243, ""65"": 0.2629055678844452, ""90"": 0.2701675295829773}",12.022486686706543,0.25341230630874634,0.6547559499740601,81984,0.33956891155041014,0.7462765220517734
timesfm3,sg_carpark,0,Emb,block_depth,True,0.0,3.0,False,False,1e-05|0.0001|0.001|0.01|0.1|0.3|1|3|10|30|45|65|90,90.0,1e-05,13,0.01,0.03,"mean pinball over (batch, quantiles, horizon)",0.23831310868263245,"{""1e-05"": 0.24579937756061554, ""0.0001"": 0.25023698806762695, ""0.001"": 0.24240976572036743, ""0.01"": 0.24418196082115173, ""0.1"": 0.2434583306312561, ""0.3"": 0.24870890378952026, ""1"": 0.24331393837928772, ""3"": 0.23831310868263245, ""10"": 0.24856533110141754, ""30"": 0.25219860672950745, ""45"": 0.2549089193344116, ""65"": 0.2631278932094574, ""90"": 0.27246975898742676}","{""1e-05"": 0.24579937756061554, ""0.0001"": 0.25023698806762695, ""0.001"": 0.24240976572036743, ""0.01"": 0.24418196082115173, ""0.1"": 0.2434583306312561, ""0.3"": 0.24870890378952026, ""1"": 0.24331393837928772, ""3"": 0.23831310868263245, ""10"": 0.24856533110141754, ""30"": 0.25219860672950745, ""45"": 0.2549089193344116, ""65"": 0.2631278932094574, ""90"": 0.27246975898742676}",0.21066582202911377,0.23831310868263245,0.20263125002384186,81984,0.447920157958222,0.5320437235264152
timesfm3,sg_carpark,1,L1,block_depth,True,0.05,10.0,False,False,1e-05|0.0001|0.001|0.01|0.1|0.3|1|3|10|30|45|65|90,90.0,1e-05,13,0.01,0.1,"mean pinball over (batch, quantiles, horizon)",0.23148147761821747,"{""1e-05"": 0.24491968750953674, ""0.0001"": 0.2469089925289154, ""0.001"": 0.2495080530643463, ""0.01"": 0.2512384355068207, ""0.1"": 0.23793469369411469, ""0.3"": 0.2401333451271057, ""1"": 0.23703067004680634, ""3"": 0.23386557400226593, ""10"": 0.23148147761821747, ""30"": 0.2328726202249527, ""45"": 0.2394641935825348, ""65"": 0.2419840693473816, ""90"": 0.256295770406723}","{""1e-05"": 0.24491968750953674, ""0.0001"": 0.2469089925289154, ""0.001"": 0.2495080530643463, ""0.01"": 0.2512384355068207, ""0.1"": 0.23793469369411469, ""0.3"": 0.2401333451271057, ""1"": 0.23703067004680634, ""3"": 0.23386557400226593, ""10"": 0.23148147761821747, ""30"": 0.2328726202249527, ""45"": 0.2394641935825348, ""65"": 0.2419840693473816, ""90"": 0.256295770406723}",0.16625727713108063,0.23148147761821747,0.17093290388584137,81984,0.447920157958222,0.5167918288683225
timesfm3,sg_carpark,2,L2,block_depth,True,0.1,10.0,False,False,1e-05|0.0001|0.001|0.01|0.1|0.3|1|3|10|30|45|65|90,90.0,1e-05,13,0.01,0.1,"mean pinball over (batch, quantiles, horizon)",0.2236754596233368,"{""1e-05"": 0.2475595474243164, ""0.0001"": 0.2516220808029175, ""0.001"": 0.25524455308914185, ""0.01"": 0.2468908727169037, ""0.1"": 0.24633224308490753, ""0.3"": 0.23806370794773102, ""1"": 0.23108306527137756, ""3"": 0.224801704287529, ""10"": 0.2236754596233368, ""30"": 0.22880735993385315, ""45"": 0.23552203178405762, ""65"": 0.2345198094844818, ""90"": 0.24838212132453918}","{""1e-05"": 0.2475595474243164, ""0.0001"": 0.2516220808029175, ""0.001"": 0.25524455308914185, ""0.01"": 0.2468908727169037, ""0.1"": 0.24633224308490753, ""0.3"": 0.23806370794773102, ""1"": 0.23108306527137756, ""3"": 0.224801704287529, ""10"": 0.2236754596233368, ""30"": 0.22880735993385315, ""45"": 0.23552203178405762, ""65"": 0.2345198094844818, ""90"": 0.24838212132453918}",0.16089937090873718,0.2236754596233368,0.1768701672554016,81984,0.447920157958222,0.49936457569341913
timesfm3,sg_carpark,3,L3,block_depth,True,0.15,10.0,False,False,1e-05|0.0001|0.001|0.01|0.1|0.3|1|3|10|30|45|65|90,90.0,1e-05,13,0.01,0.1,"mean pinball over (batch, quantiles, horizon)",0.21626132726669312,"{""1e-05"": 0.26000386476516724, ""0.0001"": 0.2629212737083435, ""0.001"": 0.25889432430267334, ""0.01"": 0.2621930241584778, ""0.1"": 0.25361403822898865, ""0.3"": 0.25117573142051697, ""1"": 0.23442517220973969, ""3"": 0.2224959433078766, ""10"": 0.21626132726669312, ""30"": 0.22063909471035004, ""45"": 0.22264190018177032, ""65"": 0.22515226900577545, ""90"": 0.2363761067390442}","{""1e-05"": 0.26000386476516724, ""0.0001"": 0.2629212737083435, ""0.001"": 0.25889432430267334, ""0.01"": 0.2621930241584778, ""0.1"": 0.25361403822898865, ""0.3"": 0.25117573142051697, ""1"": 0.23442517220973969, ""3"": 0.2224959433078766, ""10"": 0.21626132726669312, ""30"": 0.22063909471035004, ""45"": 0.22264190018177032, ""65"": 0.22515226900577545, ""90"": 0.2363761067390442}",0.14523698389530182,0.21626132726669312,0.16629600524902344,81984,0.447920157958222,0.48281222317050543
timesfm3,sg_carpark,4,L4,block_depth,True,0.2,10.0,False,False,1e-05|0.0001|0.001|0.01|0.1|0.3|1|3|10|30|45|65|90,90.0,1e-05,13,0.01,0.1,"mean pinball over (batch, quantiles, horizon)",0.21187283098697662,"{""1e-05"": 0.2679676413536072, ""0.0001"": 0.276128351688385, ""0.001"": 0.2697244882583618, ""0.01"": 0.26722294092178345, ""0.1"": 0.26141291856765747, ""0.3"": 0.25562945008277893, ""1"": 0.23445723950862885, ""3"": 0.22323468327522278, ""10"": 0.21187283098697662, ""30"": 0.2239970862865448, ""45"": 0.22343938052654266, ""65"": 0.22937895357608795, ""90"": 0.24270612001419067}","{""1e-05"": 0.2679676413536072, ""0.0001"": 0.276128351688385, ""0.001"": 0.2697244882583618, ""0.01"": 0.26722294092178345, ""0.1"": 0.26141291856765747, ""0.3"": 0.25562945008277893, ""1"": 0.23445723950862885, ""3"": 0.22323468327522278, ""10"": 0.21187283098697662, ""30"": 0.2239970862865448, ""45"": 0.22343938052654266, ""65"": 0.22937895357608795, ""90"": 0.24270612001419067}",0.13883887231349945,0.21187283098697662,0.1640784740447998,81984,0.447920157958222,0.4730147264476055
timesfm3,sg_carpark,5,L5,block_depth,True,0.25,10.0,False,False,1e-05|0.0001|0.001|0.01|0.1|0.3|1|3|10|30|45|65|90,90.0,1e-05,13,0.01,0.1,"mean pinball over (batch, quantiles, horizon)",0.2083684206008911,"{""1e-05"": 0.27356234192848206, ""0.0001"": 0.27080461382865906, ""0.001"": 0.2710793614387512, ""0.01"": 0.2721635699272156, ""0.1"": 0.2637098431587219, ""0.3"": 0.25364094972610474, ""1"": 0.23327308893203735, ""3"": 0.21978259086608887, ""10"": 0.2083684206008911, ""30"": 0.21045219898223877, ""45"": 0.21833086013793945, ""65"": 0.22266775369644165, ""90"": 0.2346387505531311}","{""1e-05"": 0.27356234192848206, ""0.0001"": 0.27080461382865906, ""0.001"": 0.2710793614387512, ""0.01"": 0.2721635699272156, ""0.1"": 0.2637098431587219, ""0.3"": 0.25364094972610474, ""1"": 0.23327308893203735, ""3"": 0.21978259086608887, ""10"": 0.2083684206008911, ""30"": 0.21045219898223877, ""45"": 0.21833086013793945, ""65"": 0.22266775369644165, ""90"": 0.2346387505531311}",0.13153506815433502,0.2083684206008911,0.1561651974916458,81984,0.447920157958222,0.465190987498102
timesfm3,sg_carpark,6,L6,block_depth,True,0.3,10.0,False,False,1e-05|0.0001|0.001|0.01|0.1|0.3|1|3|10|30|45|65|90,90.0,1e-05,13,0.01,0.1,"mean pinball over (batch, quantiles, horizon)",0.21361348032951355,"{""1e-05"": 0.2855199873447418, ""0.0001"": 0.28552576899528503, ""0.001"": 0.2831577658653259, ""0.01"": 0.2820951044559479, ""0.1"": 0.27508267760276794, ""0.3"": 0.26126307249069214, ""1"": 0.24279630184173584, ""3"": 0.22247010469436646, ""10"": 0.21361348032951355, ""30"": 0.21517948806285858, ""45"": 0.21803829073905945, ""65"": 0.2202834188938141, ""90"": 0.23187144100666046}","{""1e-05"": 0.2855199873447418, ""0.0001"": 0.28552576899528503, ""0.001"": 0.2831577658653259, ""0.01"": 0.2820951044559479, ""0.1"": 0.27508267760276794, ""0.3"": 0.26126307249069214, ""1"": 0.24279630184173584, ""3"": 0.22247010469436646, ""10"": 0.21361348032951355, ""30"": 0.21517948806285858, ""45"": 0.21803829073905945, ""65"": 0.2202834188938141, ""90"": 0.23187144100666046}",0.13276658952236176,0.21361348032951355,0.1528192013502121,81984,0.447920157958222,0.4769007970153411
timesfm3,sg_carpark,7,L7,block_depth,True,0.35,45.0,False,False,1e-05|0.0001|0.001|0.01|0.1|0.3|1|3|10|30|45|65|90,90.0,1e-05,13,0.01,0.45,"mean pinball over (batch, quantiles, horizon)",0.2112463414669037,"{""1e-05"": 0.28273648023605347, ""0.0001"": 0.28488755226135254, ""0.001"": 0.2862296998500824, ""0.01"": 0.28170108795166016, ""0.1"": 0.2748866081237793, ""0.3"": 0.26235705614089966, ""1"": 0.23983730375766754, ""3"": 0.22110998630523682, ""10"": 0.2117195725440979, ""30"": 0.2142544835805893, ""45"": 0.2112463414669037, ""65"": 0.2233874648809433, ""90"": 0.22833040356636047}","{""1e-05"": 0.28273648023605347, ""0.0001"": 0.28488755226135254, ""0.001"": 0.2862296998500824, ""0.01"": 0.28170108795166016, ""0.1"": 0.2748866081237793, ""0.3"": 0.26235705614089966, ""1"": 0.23983730375766754, ""3"": 0.22110998630523682, ""10"": 0.2117195725440979, ""30"": 0.2142544835805893, ""45"": 0.2112463414669037, ""65"": 0.2233874648809433, ""90"": 0.22833040356636047}",0.15633319318294525,0.2112463414669037,0.15796005725860596,81984,0.447920157958222,0.47161606307213094
timesfm3,sg_carpark,8,L8,block_depth,True,0.4,10.0,False,False,1e-05|0.0001|0.001|0.01|0.1|0.3|1|3|10|30|45|65|90,90.0,1e-05,13,0.01,0.1,"mean pinball over (batch, quantiles, horizon)",0.21050401031970978,"{""1e-05"": 0.2865295112133026, ""0.0001"": 0.286629855632782, ""0.001"": 0.2851206660270691, ""0.01"": 0.2870885133743286, ""0.1"": 0.27790719270706177, ""0.3"": 0.2627599835395813, ""1"": 0.24349260330200195, ""3"": 0.22636494040489197, ""10"": 0.21050401031970978, ""30"": 0.21147213876247406, ""45"": 0.21492347121238708, ""65"": 0.2256840020418167, ""90"": 0.2296244502067566}","{""1e-05"": 0.2865295112133026, ""0.0001"": 0.286629855632782, ""0.001"": 0.2851206660270691, ""0.01"": 0.2870885133743286, ""0.1"": 0.27790719270706177, ""0.3"": 0.2627599835395813, ""1"": 0.24349260330200195, ""3"": 0.22636494040489197, ""10"": 0.21050401031970978, ""30"": 0.21147213876247406, ""45"": 0.21492347121238708, ""65"": 0.2256840020418167, ""90"": 0.2296244502067566}",0.12773990631103516,0.21050401031970978,0.15435169637203217,81984,0.447920157958222,0.46995877854495605
timesfm3,sg_carpark,9,L9,block_depth,True,0.45,10.0,False,False,1e-05|0.0001|0.001|0.01|0.1|0.3|1|3|10|30|45|65|90,90.0,1e-05,13,0.01,0.1,"mean pinball over (batch, quantiles, horizon)",0.21236492693424225,"{""1e-05"": 0.2917356789112091, ""0.0001"": 0.2913094162940979, ""0.001"": 0.29166528582572937, ""0.01"": 0.2890896797180176, ""0.1"": 0.27928298711776733, ""0.3"": 0.26596370339393616, ""1"": 0.23791973292827606, ""3"": 0.22379617393016815, ""10"": 0.21236492693424225, ""30"": 0.21363912522792816, ""45"": 0.22077922523021698, ""65"": 0.22998815774917603, ""90"": 0.2354712337255478}","{""1e-05"": 0.2917356789112091, ""0.0001"": 0.2913094162940979, ""0.001"": 0.29166528582572937, ""0.01"": 0.2890896797180176, ""0.1"": 0.27928298711776733, ""0.3"": 0.26596370339393616, ""1"": 0.23791973292827606, ""3"": 0.22379617393016815, ""10"": 0.21236492693424225, ""30"": 0.21363912522792816, ""45"": 0.22077922523021698, ""65"": 0.22998815774917603, ""90"": 0.2354712337255478}",0.1277940273284912,0.21236492693424225,0.1518753618001938,81984,0.447920157958222,0.4741133506968663
timesfm3,sg_carpark,10,L10,block_depth,True,0.5,30.0,False,False,1e-05|0.0001|0.001|0.01|0.1|0.3|1|3|10|30|45|65|90,90.0,1e-05,13,0.01,0.3,"mean pinball over (batch, quantiles, horizon)",0.21773873269557953,"{""1e-05"": 0.3081866204738617, ""0.0001"": 0.3039093315601349, ""0.001"": 0.3018272817134857, ""0.01"": 0.30409929156303406, ""0.1"": 0.2914845645427704, ""0.3"": 0.27891242504119873, ""1"": 0.24642319977283478, ""3"": 0.22843441367149353, ""10"": 0.22108952701091766, ""30"": 0.21773873269557953, ""45"": 0.21878457069396973, ""65"": 0.21922405064105988, ""90"": 0.2420484870672226}","{""1e-05"": 0.3081866204738617, ""0.0001"": 0.3039093315601349, ""0.001"": 0.3018272817134857, ""0.01"": 0.30409929156303406, ""0.1"": 0.2914845645427704, ""0.3"": 0.27891242504119873, ""1"": 0.24642319977283478, ""3"": 0.22843441367149353, ""10"": 0.22108952701091766, ""30"": 0.21773873269557953, ""45"": 0.21878457069396973, ""65"": 0.21922405064105988, ""90"": 0.2420484870672226}",0.14464813470840454,0.21773873269557953,0.1560087949037552,81984,0.447920157958222,0.4861105909769934
timesfm3,sg_carpark,11,L11,block_depth,True,0.55,10.0,False,False,1e-05|0.0001|0.001|0.01|0.1|0.3|1|3|10|30|45|65|90,90.0,1e-05,13,0.01,0.1,"mean pinball over (batch, quantiles, horizon)",0.21128743886947632,"{""1e-05"": 0.3033987879753113, ""0.0001"": 0.3015677332878113, ""0.001"": 0.30571746826171875, ""0.01"": 0.3013562262058258, ""0.1"": 0.29364538192749023, ""0.3"": 0.27370017766952515, ""1"": 0.24984976649284363, ""3"": 0.22759725153446198, ""10"": 0.21128743886947632, ""30"": 0.21699167788028717, ""45"": 0.21636894345283508, ""65"": 0.2288593202829361, ""90"": 0.2382449507713318}","{""1e-05"": 0.3033987879753113, ""0.0001"": 0.3015677332878113, ""0.001"": 0.30571746826171875, ""0.01"": 0.3013562262058258, ""0.1"": 0.29364538192749023, ""0.3"": 0.27370017766952515, ""1"": 0.24984976649284363, ""3"": 0.22759725153446198, ""10"": 0.21128743886947632, ""30"": 0.21699167788028717, ""45"": 0.21636894345283508, ""65"": 0.2288593202829361, ""90"": 0.2382449507713318}",0.12464998662471771,0.21128743886947632,0.15888281166553497,81984,0.447920157958222,0.47170781469759915
timesfm3,sg_carpark,12,L12,block_depth,True,0.6,30.0,False,False,1e-05|0.0001|0.001|0.01|0.1|0.3|1|3|10|30|45|65|90,90.0,1e-05,13,0.01,0.3,"mean pinball over (batch, quantiles, horizon)",0.21259579062461853,"{""1e-05"": 0.29806891083717346, ""0.0001"": 0.2945021986961365, ""0.001"": 0.2983396649360657, ""0.01"": 0.29658326506614685, ""0.1"": 0.2866702079772949, ""0.3"": 0.27436500787734985, ""1"": 0.246248260140419, ""3"": 0.22580599784851074, ""10"": 0.21511122584342957, ""30"": 0.21259579062461853, ""45"": 0.21818330883979797, ""65"": 0.22807402908802032, ""90"": 0.2309015989303589}","{""1e-05"": 0.29806891083717346, ""0.0001"": 0.2945021986961365, ""0.001"": 0.2983396649360657, ""0.01"": 0.29658326506614685, ""0.1"": 0.2866702079772949, ""0.3"": 0.27436500787734985, ""1"": 0.246248260140419, ""3"": 0.22580599784851074, ""10"": 0.21511122584342957, ""30"": 0.21259579062461853, ""45"": 0.21818330883979797, ""65"": 0.22807402908802032, ""90"": 0.2309015989303589}",0.14475804567337036,0.21259579062461853,0.1592331975698471,81984,0.447920157958222,0.4746287632905496
timesfm3,sg_carpark,13,L13,block_depth,True,0.65,10.0,False,False,1e-05|0.0001|0.001|0.01|0.1|0.3|1|3|10|30|45|65|90,90.0,1e-05,13,0.01,0.1,"mean pinball over (batch, quantiles, horizon)",0.20237602293491364,"{""1e-05"": 0.3021743595600128, ""0.0001"": 0.30185720324516296, ""0.001"": 0.29874661564826965, ""0.01"": 0.29869434237480164, ""0.1"": 0.28908294439315796, ""0.3"": 0.2767930030822754, ""1"": 0.24405968189239502, ""3"": 0.21677054464817047, ""10"": 0.20237602293491364, ""30"": 0.20591002702713013, ""45"": 0.20682385563850403, ""65"": 0.2114783078432083, ""90"": 0.21620742976665497}","{""1e-05"": 0.3021743595600128, ""0.0001"": 0.30185720324516296, ""0.001"": 0.29874661564826965, ""0.01"": 0.29869434237480164, ""0.1"": 0.28908294439315796, ""0.3"": 0.2767930030822754, ""1"": 0.24405968189239502, ""3"": 0.21677054464817047, ""10"": 0.20237602293491364, ""30"": 0.20591002702713013, ""45"": 0.20682385563850403, ""65"": 0.2114783078432083, ""90"": 0.21620742976665497}",0.12153466045856476,0.20237602293491364,0.1570201963186264,81984,0.447920157958222,0.45181271559068675
timesfm3,sg_carpark,14,L14,block_depth,True,0.7,30.0,False,False,1e-05|0.0001|0.001|0.01|0.1|0.3|1|3|10|30|45|65|90,90.0,1e-05,13,0.01,0.3,"mean pinball over (batch, quantiles, horizon)",0.19721931219100952,"{""1e-05"": 0.3126786947250366, ""0.0001"": 0.3098450005054474, ""0.001"": 0.3109659254550934, ""0.01"": 0.30785292387008667, ""0.1"": 0.29717135429382324, ""0.3"": 0.28011995553970337, ""1"": 0.2500990629196167, ""3"": 0.22172006964683533, ""10"": 0.2046688348054886, ""30"": 0.19721931219100952, ""45"": 0.2063603550195694, ""65"": 0.20827773213386536, ""90"": 0.22511039674282074}","{""1e-05"": 0.3126786947250366, ""0.0001"": 0.3098450005054474, ""0.001"": 0.3109659254550934, ""0.01"": 0.30785292387008667, ""0.1"": 0.29717135429382324, ""0.3"": 0.28011995553970337, ""1"": 0.2500990629196167, ""3"": 0.22172006964683533, ""10"": 0.2046688348054886, ""30"": 0.19721931219100952, ""45"": 0.2063603550195694, ""65"": 0.20827773213386536, ""90"": 0.22511039674282074}",0.13813024759292603,0.19721931219100952,0.15751999616622925,81984,0.447920157958222,0.44030014878098966
timesfm3,sg_carpark,15,L15,block_depth,True,0.75,30.0,False,False,1e-05|0.0001|0.001|0.01|0.1|0.3|1|3|10|30|45|65|90,90.0,1e-05,13,0.01,0.3,"mean pinball over (batch, quantiles, horizon)",0.1937982589006424,"{""1e-05"": 0.3006407916545868, ""0.0001"": 0.30023905634880066, ""0.001"": 0.2994018495082855, ""0.01"": 0.30084800720214844, ""0.1"": 0.2898928225040436, ""0.3"": 0.27163955569267273, ""1"": 0.24219827353954315, ""3"": 0.21874278783798218, ""10"": 0.19996660947799683, ""30"": 0.1937982589006424, ""45"": 0.19898784160614014, ""65"": 0.20429132878780365, ""90"": 0.20650288462638855}","{""1e-05"": 0.3006407916545868, ""0.0001"": 0.30023905634880066, ""0.001"": 0.2994018495082855, ""0.01"": 0.30084800720214844, ""0.1"": 0.2898928225040436, ""0.3"": 0.27163955569267273, ""1"": 0.24219827353954315, ""3"": 0.21874278783798218, ""10"": 0.19996660947799683, ""30"": 0.1937982589006424, ""45"": 0.19898784160614014, ""65"": 0.20429132878780365, ""90"": 0.20650288462638855}",0.13622328639030457,0.1937982589006424,0.15465573966503143,81984,0.447920157958222,0.4326625079434763
timesfm3,sg_carpark,16,L16,block_depth,True,0.8,30.0,False,False,1e-05|0.0001|0.001|0.01|0.1|0.3|1|3|10|30|45|65|90,90.0,1e-05,13,0.01,0.3,"mean pinball over (batch, quantiles, horizon)",0.1933751255273819,"{""1e-05"": 0.2905271351337433, ""0.0001"": 0.2985699772834778, ""0.001"": 0.3003336489200592, ""0.01"": 0.29792705178260803, ""0.1"": 0.2863234281539917, ""0.3"": 0.27613312005996704, ""1"": 0.24597211182117462, ""3"": 0.22210271656513214, ""10"": 0.20262497663497925, ""30"": 0.1933751255273819, ""45"": 0.1968124806880951, ""65"": 0.20655949413776398, ""90"": 0.21267153322696686}","{""1e-05"": 0.2905271351337433, ""0.0001"": 0.2985699772834778, ""0.001"": 0.3003336489200592, ""0.01"": 0.29792705178260803, ""0.1"": 0.2863234281539917, ""0.3"": 0.27613312005996704, ""1"": 0.24597211182117462, ""3"": 0.22210271656513214, ""10"": 0.20262497663497925, ""30"": 0.1933751255273819, ""45"": 0.1968124806880951, ""65"": 0.20655949413776398, ""90"": 0.21267153322696686}",0.134981170296669,0.1933751255273819,0.15207591652870178,81984,0.447920157958222,0.4317178454500773
timesfm3,sg_carpark,17,L17,block_depth,True,0.85,30.0,False,False,1e-05|0.0001|0.001|0.01|0.1|0.3|1|3|10|30|45|65|90,90.0,1e-05,13,0.01,0.3,"mean pinball over (batch, quantiles, horizon)",0.19098620116710663,"{""1e-05"": 0.27830883860588074, ""0.0001"": 0.28251034021377563, ""0.001"": 0.2812046408653259, ""0.01"": 0.27686482667922974, ""0.1"": 0.26905757188796997, ""0.3"": 0.2599616050720215, ""1"": 0.23498377203941345, ""3"": 0.21594423055648804, ""10"": 0.19781967997550964, ""30"": 0.19098620116710663, ""45"": 0.1914435774087906, ""65"": 0.1977938711643219, ""90"": 0.205436110496521}","{""1e-05"": 0.27830883860588074, ""0.0001"": 0.28251034021377563, ""0.001"": 0.2812046408653259, ""0.01"": 0.27686482667922974, ""0.1"": 0.26905757188796997, ""0.3"": 0.2599616050720215, ""1"": 0.23498377203941345, ""3"": 0.21594423055648804, ""10"": 0.19781967997550964, ""30"": 0.19098620116710663, ""45"": 0.1914435774087906, ""65"": 0.1977938711643219, ""90"": 0.205436110496521}",0.13437506556510925,0.19098620116710663,0.15518097579479218,81984,0.447920157958222,0.42638447449583217
timesfm3,sg_carpark,18,L18,block_depth,True,0.9,30.0,False,False,1e-05|0.0001|0.001|0.01|0.1|0.3|1|3|10|30|45|65|90,90.0,1e-05,13,0.01,0.3,"mean pinball over (batch, quantiles, horizon)",0.18809039890766144,"{""1e-05"": 0.27011939883232117, ""0.0001"": 0.2758665382862091, ""0.001"": 0.277987539768219, ""0.01"": 0.2702067792415619, ""0.1"": 0.26078855991363525, ""0.3"": 0.256497859954834, ""1"": 0.2293335199356079, ""3"": 0.20978884398937225, ""10"": 0.19848830997943878, ""30"": 0.18809039890766144, ""45"": 0.1904693841934204, ""65"": 0.20051579177379608, ""90"": 0.2183157354593277}","{""1e-05"": 0.27011939883232117, ""0.0001"": 0.2758665382862091, ""0.001"": 0.277987539768219, ""0.01"": 0.2702067792415619, ""0.1"": 0.26078855991363525, ""0.3"": 0.256497859954834, ""1"": 0.2293335199356079, ""3"": 0.20978884398937225, ""10"": 0.19848830997943878, ""30"": 0.18809039890766144, ""45"": 0.1904693841934204, ""65"": 0.20051579177379608, ""90"": 0.2183157354593277}",0.1403139978647232,0.18809039890766144,0.15978410840034485,81984,0.447920157958222,0.4199194779825132
timesfm3,sg_carpark,19,L19,block_depth,True,0.95,30.0,False,False,1e-05|0.0001|0.001|0.01|0.1|0.3|1|3|10|30|45|65|90,90.0,1e-05,13,0.01,0.3,"mean pinball over (batch, quantiles, horizon)",0.18972507119178772,"{""1e-05"": 0.25845199823379517, ""0.0001"": 0.26070329546928406, ""0.001"": 0.25733107328414917, ""0.01"": 0.2607794404029846, ""0.1"": 0.2520676553249359, ""0.3"": 0.24099205434322357, ""1"": 0.22158865630626678, ""3"": 0.21134281158447266, ""10"": 0.19399817287921906, ""30"": 0.18972507119178772, ""45"": 0.19085277616977692, ""65"": 0.19866691529750824, ""90"": 0.21126021444797516}","{""1e-05"": 0.25845199823379517, ""0.0001"": 0.26070329546928406, ""0.001"": 0.25733107328414917, ""0.01"": 0.2607794404029846, ""0.1"": 0.2520676553249359, ""0.3"": 0.24099205434322357, ""1"": 0.22158865630626678, ""3"": 0.21134281158447266, ""10"": 0.19399817287921906, ""30"": 0.18972507119178772, ""45"": 0.19085277616977692, ""65"": 0.19866691529750824, ""90"": 0.21126021444797516}",0.1409163475036621,0.18972507119178772,0.16387146711349487,81984,0.447920157958222,0.42356895045005677
timesfm3,sg_carpark,20,L20,block_depth,True,1.0,30.0,False,False,1e-05|0.0001|0.001|0.01|0.1|0.3|1|3|10|30|45|65|90,90.0,1e-05,13,0.01,0.3,"mean pinball over (batch, quantiles, horizon)",0.2062949538230896,"{""1e-05"": 0.28891146183013916, ""0.0001"": 0.28357893228530884, ""0.001"": 0.2888181507587433, ""0.01"": 0.28282326459884644, ""0.1"": 0.2731281518936157, ""0.3"": 0.26968473196029663, ""1"": 0.24740995466709137, ""3"": 0.22807776927947998, ""10"": 0.21025708317756653, ""30"": 0.2062949538230896, ""45"": 0.20697827637195587, ""65"": 0.20820242166519165, ""90"": 0.2148253470659256}","{""1e-05"": 0.28891146183013916, ""0.0001"": 0.28357893228530884, ""0.001"": 0.2888181507587433, ""0.01"": 0.28282326459884644, ""0.1"": 0.2731281518936157, ""0.3"": 0.26968473196029663, ""1"": 0.24740995466709137, ""3"": 0.22807776927947998, ""10"": 0.21025708317756653, ""30"": 0.2062949538230896, ""45"": 0.20697827637195587, ""65"": 0.20820242166519165, ""90"": 0.2148253470659256}",0.1300325095653534,0.2062949538230896,0.16097651422023773,81984,0.447920157958222,0.4605618884478313
timesfm3,coastal_ts,0,Emb,block_depth,True,0.0,90.0,True,False,1e-05|0.0001|0.001|0.01|0.1|0.3|1|3|10|30|45|65|90,90.0,1e-05,13,0.01,0.9,"mean pinball over (batch, quantiles, horizon)",0.4151419401168823,"{""1e-05"": 0.4503746032714844, ""0.0001"": 0.45061585307121277, ""0.001"": 0.4500954747200012, ""0.01"": 0.4469594359397888, ""0.1"": 0.450505793094635, ""0.3"": 0.4421546161174774, ""1"": 0.435030460357666, ""3"": 0.4276247024536133, ""10"": 0.42350196838378906, ""30"": 0.42106613516807556, ""45"": 0.4198880195617676, ""65"": 0.4164277911186218, ""90"": 0.4151419401168823}","{""1e-05"": 0.4503746032714844, ""0.0001"": 0.45061585307121277, ""0.001"": 0.4500954747200012, ""0.01"": 0.4469594359397888, ""0.1"": 0.450505793094635, ""0.3"": 0.4421546161174774, ""1"": 0.435030460357666, ""3"": 0.4276247024536133, ""10"": 0.42350196838378906, ""30"": 0.42106613516807556, ""45"": 0.4198880195617676, ""65"": 0.4164277911186218, ""90"": 0.4151419401168823}",3.8520143032073975,0.4151419401168823,0.38094276189804077,81984,0.5934456953157982,0.6995449514482825
timesfm3,coastal_ts,1,L1,block_depth,True,0.05,45.0,False,False,1e-05|0.0001|0.001|0.01|0.1|0.3|1|3|10|30|45|65|90,90.0,1e-05,13,0.01,0.45,"mean pinball over (batch, quantiles, horizon)",0.4264558255672455,"{""1e-05"": 0.48069819808006287, ""0.0001"": 0.4820204973220825, ""0.001"": 0.4812001883983612, ""0.01"": 0.4809480607509613, ""0.1"": 0.47525376081466675, ""0.3"": 0.46941861510276794, ""1"": 0.4558161497116089, ""3"": 0.4477061629295349, ""10"": 0.4369466304779053, ""30"": 0.4283156096935272, ""45"": 0.4264558255672455, ""65"": 0.42683109641075134, ""90"": 0.42865461111068726}","{""1e-05"": 0.48069819808006287, ""0.0001"": 0.4820204973220825, ""0.001"": 0.4812001883983612, ""0.01"": 0.4809480607509613, ""0.1"": 0.47525376081466675, ""0.3"": 0.46941861510276794, ""1"": 0.4558161497116089, ""3"": 0.4477061629295349, ""10"": 0.4369466304779053, ""30"": 0.4283156096935272, ""45"": 0.4264558255672455, ""65"": 0.42683109641075134, ""90"": 0.42865461111068726}",3.824751138687134,0.4264558255672455,0.3871515691280365,81984,0.5934456953157982,0.7186096873452084
timesfm3,coastal_ts,2,L2,block_depth,True,0.1,65.0,False,False,1e-05|0.0001|0.001|0.01|0.1|0.3|1|3|10|30|45|65|90,90.0,1e-05,13,0.01,0.65,"mean pinball over (batch, quantiles, horizon)",0.42421048879623413,"{""1e-05"": 0.524361252784729, ""0.0001"": 0.5234094858169556, ""0.001"": 0.5230731964111328, ""0.01"": 0.5226253271102905, ""0.1"": 0.5133932828903198, ""0.3"": 0.5020483136177063, ""1"": 0.48108744621276855, ""3"": 0.4601418972015381, ""10"": 0.4421929717063904, ""30"": 0.42888152599334717, ""45"": 0.42624396085739136, ""65"": 0.42421048879623413, ""90"": 0.4260002076625824}","{""1e-05"": 0.524361252784729, ""0.0001"": 0.5234094858169556, ""0.001"": 0.5230731964111328, ""0.01"": 0.5226253271102905, ""0.1"": 0.5133932828903198, ""0.3"": 0.5020483136177063, ""1"": 0.48108744621276855, ""3"": 0.4601418972015381, ""10"": 0.4421929717063904, ""30"": 0.42888152599334717, ""45"": 0.42624396085739136, ""65"": 0.42421048879623413, ""90"": 0.4260002076625824}",3.819178342819214,0.42421048879623413,0.3843919038772583,81984,0.5934456953157982,0.7148261283966233
timesfm3,coastal_ts,3,L3,block_depth,True,0.15,65.0,False,False,1e-05|0.0001|0.001|0.01|0.1|0.3|1|3|10|30|45|65|90,90.0,1e-05,13,0.01,0.65,"mean pinball over (batch, quantiles, horizon)",0.4279446601867676,"{""1e-05"": 0.5623025894165039, ""0.0001"": 0.5620874166488647, ""0.001"": 0.5600154399871826, ""0.01"": 0.5577191114425659, ""0.1"": 0.548163890838623, ""0.3"": 0.5266676545143127, ""1"": 0.4884359538555145, ""3"": 0.45885786414146423, ""10"": 0.4384644627571106, ""30"": 0.4292237162590027, ""45"": 0.42795881628990173, ""65"": 0.4279446601867676, ""90"": 0.42876720428466797}","{""1e-05"": 0.5623025894165039, ""0.0001"": 0.5620874166488647, ""0.001"": 0.5600154399871826, ""0.01"": 0.5577191114425659, ""0.1"": 0.548163890838623, ""0.3"": 0.5266676545143127, ""1"": 0.4884359538555145, ""3"": 0.45885786414146423, ""10"": 0.4384644627571106, ""30"": 0.4292237162590027, ""45"": 0.42795881628990173, ""65"": 0.4279446601867676, ""90"": 0.42876720428466797}",3.81335186958313,0.4279446601867676,0.4024202823638916,81984,0.5934456953157982,0.7211184840746712
timesfm3,coastal_ts,4,L4,block_depth,True,0.2,90.0,True,False,1e-05|0.0001|0.001|0.01|0.1|0.3|1|3|10|30|45|65|90,90.0,1e-05,13,0.01,0.9,"mean pinball over (batch, quantiles, horizon)",0.4182998538017273,"{""1e-05"": 0.5373842716217041, ""0.0001"": 0.5380502939224243, ""0.001"": 0.5377378463745117, ""0.01"": 0.5358707904815674, ""0.1"": 0.5236623883247375, ""0.3"": 0.5045508742332458, ""1"": 0.4706544578075409, ""3"": 0.44868192076683044, ""10"": 0.4321906566619873, ""30"": 0.42372262477874756, ""45"": 0.4196298122406006, ""65"": 0.4189297556877136, ""90"": 0.4182998538017273}","{""1e-05"": 0.5373842716217041, ""0.0001"": 0.5380502939224243, ""0.001"": 0.5377378463745117, ""0.01"": 0.5358707904815674, ""0.1"": 0.5236623883247375, ""0.3"": 0.5045508742332458, ""1"": 0.4706544578075409, ""3"": 0.44868192076683044, ""10"": 0.4321906566619873, ""30"": 0.42372262477874756, ""45"": 0.4196298122406006, ""65"": 0.4189297556877136, ""90"": 0.4182998538017273}",3.828251838684082,0.4182998538017273,0.39977598190307617,81984,0.5934456953157982,0.7048662701633244
timesfm3,coastal_ts,5,L5,block_depth,True,0.25,90.0,True,False,1e-05|0.0001|0.001|0.01|0.1|0.3|1|3|10|30|45|65|90,90.0,1e-05,13,0.01,0.9,"mean pinball over (batch, quantiles, horizon)",0.41165074706077576,"{""1e-05"": 0.5477043390274048, ""0.0001"": 0.5459866523742676, ""0.001"": 0.5470807552337646, ""0.01"": 0.5480868220329285, ""0.1"": 0.5333324670791626, ""0.3"": 0.5066033601760864, ""1"": 0.465421199798584, ""3"": 0.4367562234401703, ""10"": 0.4188157916069031, ""30"": 0.4134087562561035, ""45"": 0.4118947684764862, ""65"": 0.412273645401001, ""90"": 0.41165074706077576}","{""1e-05"": 0.5477043390274048, ""0.0001"": 0.5459866523742676, ""0.001"": 0.5470807552337646, ""0.01"": 0.5480868220329285, ""0.1"": 0.5333324670791626, ""0.3"": 0.5066033601760864, ""1"": 0.465421199798584, ""3"": 0.4367562234401703, ""10"": 0.4188157916069031, ""30"": 0.4134087562561035, ""45"": 0.4118947684764862, ""65"": 0.412273645401001, ""90"": 0.41165074706077576}",3.8255789279937744,0.41165074706077576,0.3910153806209564,81984,0.5934456953157982,0.6936620322803396
timesfm3,coastal_ts,6,L6,block_depth,True,0.3,65.0,False,False,1e-05|0.0001|0.001|0.01|0.1|0.3|1|3|10|30|45|65|90,90.0,1e-05,13,0.01,0.65,"mean pinball over (batch, quantiles, horizon)",0.40685003995895386,"{""1e-05"": 0.584224283695221, ""0.0001"": 0.5843039751052856, ""0.001"": 0.5845381021499634, ""0.01"": 0.5813567042350769, ""0.1"": 0.5649517774581909, ""0.3"": 0.5352997779846191, ""1"": 0.4825171232223511, ""3"": 0.44301581382751465, ""10"": 0.41661199927330017, ""30"": 0.4079909324645996, ""45"": 0.40868401527404785, ""65"": 0.40685003995895386, ""90"": 0.4092220962047577}","{""1e-05"": 0.584224283695221, ""0.0001"": 0.5843039751052856, ""0.001"": 0.5845381021499634, ""0.01"": 0.5813567042350769, ""0.1"": 0.5649517774581909, ""0.3"": 0.5352997779846191, ""1"": 0.4825171232223511, ""3"": 0.44301581382751465, ""10"": 0.41661199927330017, ""30"": 0.4079909324645996, ""45"": 0.40868401527404785, ""65"": 0.40685003995895386, ""90"": 0.4092220962047577}",3.8110058307647705,0.40685003995895386,0.39417776465415955,81984,0.5934456953157982,0.6855724848462357
timesfm3,coastal_ts,7,L7,block_depth,True,0.35,90.0,True,False,1e-05|0.0001|0.001|0.01|0.1|0.3|1|3|10|30|45|65|90,90.0,1e-05,13,0.01,0.9,"mean pinball over (batch, quantiles, horizon)",0.40757033228874207,"{""1e-05"": 0.6143369674682617, ""0.0001"": 0.6129689812660217, ""0.001"": 0.6121290922164917, ""0.01"": 0.6105917096138, ""0.1"": 0.5943173766136169, ""0.3"": 0.5640039443969727, ""1"": 0.5116239786148071, ""3"": 0.4645178020000458, ""10"": 0.4339559078216553, ""30"": 0.41977453231811523, ""45"": 0.41503453254699707, ""65"": 0.41177433729171753, ""90"": 0.40757033228874207}","{""1e-05"": 0.6143369674682617, ""0.0001"": 0.6129689812660217, ""0.001"": 0.6121290922164917, ""0.01"": 0.6105917096138, ""0.1"": 0.5943173766136169, ""0.3"": 0.5640039443969727, ""1"": 0.5116239786148071, ""3"": 0.4645178020000458, ""10"": 0.4339559078216553, ""30"": 0.41977453231811523, ""45"": 0.41503453254699707, ""65"": 0.41177433729171753, ""90"": 0.40757033228874207}",3.828385591506958,0.40757033228874207,0.3954319953918457,81984,0.5934456953157982,0.6867862308308703
timesfm3,coastal_ts,8,L8,block_depth,True,0.4,90.0,True,False,1e-05|0.0001|0.001|0.01|0.1|0.3|1|3|10|30|45|65|90,90.0,1e-05,13,0.01,0.9,"mean pinball over (batch, quantiles, horizon)",0.40377935767173767,"{""1e-05"": 0.6422915458679199, ""0.0001"": 0.6440038681030273, ""0.001"": 0.6414871215820312, ""0.01"": 0.6402642130851746, ""0.1"": 0.6211017966270447, ""0.3"": 0.588798463344574, ""1"": 0.5268336534500122, ""3"": 0.4693712592124939, ""10"": 0.430325984954834, ""30"": 0.4126919209957123, ""45"": 0.4061107039451599, ""65"": 0.4049578607082367, ""90"": 0.40377935767173767}","{""1e-05"": 0.6422915458679199, ""0.0001"": 0.6440038681030273, ""0.001"": 0.6414871215820312, ""0.01"": 0.6402642130851746, ""0.1"": 0.6211017966270447, ""0.3"": 0.588798463344574, ""1"": 0.5268336534500122, ""3"": 0.4693712592124939, ""10"": 0.430325984954834, ""30"": 0.4126919209957123, ""45"": 0.4061107039451599, ""65"": 0.4049578607082367, ""90"": 0.40377935767173767}",3.8276801109313965,0.40377935767173767,0.39252910017967224,81984,0.5934456953157982,0.6803981575043175
timesfm3,coastal_ts,9,L9,block_depth,True,0.45,90.0,True,False,1e-05|0.0001|0.001|0.01|0.1|0.3|1|3|10|30|45|65|90,90.0,1e-05,13,0.01,0.9,"mean pinball over (batch, quantiles, horizon)",0.4032911956310272,"{""1e-05"": 0.6479989290237427, ""0.0001"": 0.648369550704956, ""0.001"": 0.6484283804893494, ""0.01"": 0.6462640166282654, ""0.1"": 0.6283001899719238, ""0.3"": 0.594071626663208, ""1"": 0.5317785739898682, ""3"": 0.47238048911094666, ""10"": 0.43053382635116577, ""30"": 0.41075026988983154, ""45"": 0.40724977850914, ""65"": 0.4057515263557434, ""90"": 0.4032911956310272}","{""1e-05"": 0.6479989290237427, ""0.0001"": 0.648369550704956, ""0.001"": 0.6484283804893494, ""0.01"": 0.6462640166282654, ""0.1"": 0.6283001899719238, ""0.3"": 0.594071626663208, ""1"": 0.5317785739898682, ""3"": 0.47238048911094666, ""10"": 0.43053382635116577, ""30"": 0.41075026988983154, ""45"": 0.40724977850914, ""65"": 0.4057515263557434, ""90"": 0.4032911956310272}",3.8276724815368652,0.4032911956310272,0.3939751982688904,81984,0.5934456953157982,0.6795755682690031
timesfm3,coastal_ts,10,L10,block_depth,True,0.5,45.0,False,False,1e-05|0.0001|0.001|0.01|0.1|0.3|1|3|10|30|45|65|90,90.0,1e-05,13,0.01,0.45,"mean pinball over (batch, quantiles, horizon)",0.40344637632369995,"{""1e-05"": 0.6369329690933228, ""0.0001"": 0.6367415189743042, ""0.001"": 0.6360918283462524, ""0.01"": 0.6355428695678711, ""0.1"": 0.6121530532836914, ""0.3"": 0.5783916711807251, ""1"": 0.5123528838157654, ""3"": 0.46014493703842163, ""10"": 0.42370468378067017, ""30"": 0.4070810079574585, ""45"": 0.40344637632369995, ""65"": 0.40426796674728394, ""90"": 0.4049607515335083}","{""1e-05"": 0.6369329690933228, ""0.0001"": 0.6367415189743042, ""0.001"": 0.6360918283462524, ""0.01"": 0.6355428695678711, ""0.1"": 0.6121530532836914, ""0.3"": 0.5783916711807251, ""1"": 0.5123528838157654, ""3"": 0.46014493703842163, ""10"": 0.42370468378067017, ""30"": 0.4070810079574585, ""45"": 0.40344637632369995, ""65"": 0.40426796674728394, ""90"": 0.4049607515335083}",3.7904741764068604,0.40344637632369995,0.3943292498588562,81984,0.5934456953157982,0.6798370592426467
timesfm3,coastal_ts,11,L11,block_depth,True,0.55,45.0,False,False,1e-05|0.0001|0.001|0.01|0.1|0.3|1|3|10|30|45|65|90,90.0,1e-05,13,0.01,0.45,"mean pinball over (batch, quantiles, horizon)",0.3941993713378906,"{""1e-05"": 0.6505283117294312, ""0.0001"": 0.6522539258003235, ""0.001"": 0.6508302092552185, ""0.01"": 0.647017240524292, ""0.1"": 0.6262786388397217, ""0.3"": 0.5855501890182495, ""1"": 0.5140734314918518, ""3"": 0.45692893862724304, ""10"": 0.41552242636680603, ""30"": 0.3957526683807373, ""45"": 0.3941993713378906, ""65"": 0.3968116044998169, ""90"": 0.3960476815700531}","{""1e-05"": 0.6505283117294312, ""0.0001"": 0.6522539258003235, ""0.001"": 0.6508302092552185, ""0.01"": 0.647017240524292, ""0.1"": 0.6262786388397217, ""0.3"": 0.5855501890182495, ""1"": 0.5140734314918518, ""3"": 0.45692893862724304, ""10"": 0.41552242636680603, ""30"": 0.3957526683807373, ""45"": 0.3941993713378906, ""65"": 0.3968116044998169, ""90"": 0.3960476815700531}",3.7903661727905273,0.3941993713378906,0.396721214056015,81984,0.5934456953157982,0.664255170185572
timesfm3,coastal_ts,12,L12,block_depth,True,0.6,65.0,False,False,1e-05|0.0001|0.001|0.01|0.1|0.3|1|3|10|30|45|65|90,90.0,1e-05,13,0.01,0.65,"mean pinball over (batch, quantiles, horizon)",0.39260435104370117,"{""1e-05"": 0.6086249351501465, ""0.0001"": 0.6061912775039673, ""0.001"": 0.608481228351593, ""0.01"": 0.6048192381858826, ""0.1"": 0.5871343612670898, ""0.3"": 0.5528379678726196, ""1"": 0.49779266119003296, ""3"": 0.4490054249763489, ""10"": 0.4128116965293884, ""30"": 0.3943201005458832, ""45"": 0.3927684724330902, ""65"": 0.39260435104370117, ""90"": 0.39456719160079956}","{""1e-05"": 0.6086249351501465, ""0.0001"": 0.6061912775039673, ""0.001"": 0.608481228351593, ""0.01"": 0.6048192381858826, ""0.1"": 0.5871343612670898, ""0.3"": 0.5528379678726196, ""1"": 0.49779266119003296, ""3"": 0.4490054249763489, ""10"": 0.4128116965293884, ""30"": 0.3943201005458832, ""45"": 0.3927684724330902, ""65"": 0.39260435104370117, ""90"": 0.39456719160079956}",3.806386947631836,0.39260435104370117,0.39546212553977966,81984,0.5934456953157982,0.6615674427207352
timesfm3,coastal_ts,13,L13,block_depth,True,0.65,45.0,False,False,1e-05|0.0001|0.001|0.01|0.1|0.3|1|3|10|30|45|65|90,90.0,1e-05,13,0.01,0.45,"mean pinball over (batch, quantiles, horizon)",0.3965391516685486,"{""1e-05"": 0.6244650483131409, ""0.0001"": 0.62271648645401, ""0.001"": 0.6244500875473022, ""0.01"": 0.6217448711395264, ""0.1"": 0.5974613428115845, ""0.3"": 0.5590854287147522, ""1"": 0.49419352412223816, ""3"": 0.4519065320491791, ""10"": 0.41638311743736267, ""30"": 0.3974384665489197, ""45"": 0.3965391516685486, ""65"": 0.39656245708465576, ""90"": 0.39874228835105896}","{""1e-05"": 0.6244650483131409, ""0.0001"": 0.62271648645401, ""0.001"": 0.6244500875473022, ""0.01"": 0.6217448711395264, ""0.1"": 0.5974613428115845, ""0.3"": 0.5590854287147522, ""1"": 0.49419352412223816, ""3"": 0.4519065320491791, ""10"": 0.41638311743736267, ""30"": 0.3974384665489197, ""45"": 0.3965391516685486, ""65"": 0.39656245708465576, ""90"": 0.39874228835105896}",3.7878658771514893,0.3965391516685486,0.39461979269981384,81984,0.5934456953157982,0.6681978735350552
timesfm3,coastal_ts,14,L14,block_depth,True,0.7,65.0,False,False,1e-05|0.0001|0.001|0.01|0.1|0.3|1|3|10|30|45|65|90,90.0,1e-05,13,0.01,0.65,"mean pinball over (batch, quantiles, horizon)",0.40431106090545654,"{""1e-05"": 0.6337196230888367, ""0.0001"": 0.6348466277122498, ""0.001"": 0.6338557004928589, ""0.01"": 0.6315679550170898, ""0.1"": 0.6065918207168579, ""0.3"": 0.5661042332649231, ""1"": 0.5000240206718445, ""3"": 0.45627927780151367, ""10"": 0.42529720067977905, ""30"": 0.4085412919521332, ""45"": 0.40557861328125, ""65"": 0.40431106090545654, ""90"": 0.4051681458950043}","{""1e-05"": 0.6337196230888367, ""0.0001"": 0.6348466277122498, ""0.001"": 0.6338557004928589, ""0.01"": 0.6315679550170898, ""0.1"": 0.6065918207168579, ""0.3"": 0.5661042332649231, ""1"": 0.5000240206718445, ""3"": 0.45627927780151367, ""10"": 0.42529720067977905, ""30"": 0.4085412919521332, ""45"": 0.40557861328125, ""65"": 0.40431106090545654, ""90"": 0.4051681458950043}",3.803591251373291,0.40431106090545654,0.3935737609863281,81984,0.5934456953157982,0.6812941168783861
timesfm3,coastal_ts,15,L15,block_depth,True,0.75,90.0,True,False,1e-05|0.0001|0.001|0.01|0.1|0.3|1|3|10|30|45|65|90,90.0,1e-05,13,0.01,0.9,"mean pinball over (batch, quantiles, horizon)",0.40964174270629883,"{""1e-05"": 0.64588862657547, ""0.0001"": 0.6441891193389893, ""0.001"": 0.645042896270752, ""0.01"": 0.64302659034729, ""0.1"": 0.6209136247634888, ""0.3"": 0.5836865901947021, ""1"": 0.5240775346755981, ""3"": 0.4743006229400635, ""10"": 0.4390563666820526, ""30"": 0.4178431034088135, ""45"": 0.41406649351119995, ""65"": 0.4107910096645355, ""90"": 0.40964174270629883}","{""1e-05"": 0.64588862657547, ""0.0001"": 0.6441891193389893, ""0.001"": 0.645042896270752, ""0.01"": 0.64302659034729, ""0.1"": 0.6209136247634888, ""0.3"": 0.5836865901947021, ""1"": 0.5240775346755981, ""3"": 0.4743006229400635, ""10"": 0.4390563666820526, ""30"": 0.4178431034088135, ""45"": 0.41406649351119995, ""65"": 0.4107910096645355, ""90"": 0.40964174270629883}",3.820223569869995,0.40964174270629883,0.3884589672088623,81984,0.5934456953157982,0.6902767109774226
timesfm3,coastal_ts,16,L16,block_depth,True,0.8,90.0,True,False,1e-05|0.0001|0.001|0.01|0.1|0.3|1|3|10|30|45|65|90,90.0,1e-05,13,0.01,0.9,"mean pinball over (batch, quantiles, horizon)",0.4170265793800354,"{""1e-05"": 0.6937329173088074, ""0.0001"": 0.695105254650116, ""0.001"": 0.6935214400291443, ""0.01"": 0.6914585828781128, ""0.1"": 0.6650667190551758, ""0.3"": 0.6249217987060547, ""1"": 0.5545444488525391, ""3"": 0.49809837341308594, ""10"": 0.45488953590393066, ""30"": 0.42974603176116943, ""45"": 0.4234194755554199, ""65"": 0.4200568199157715, ""90"": 0.4170265793800354}","{""1e-05"": 0.6937329173088074, ""0.0001"": 0.695105254650116, ""0.001"": 0.6935214400291443, ""0.01"": 0.6914585828781128, ""0.1"": 0.6650667190551758, ""0.3"": 0.6249217987060547, ""1"": 0.5545444488525391, ""3"": 0.49809837341308594, ""10"": 0.45488953590393066, ""30"": 0.42974603176116943, ""45"": 0.4234194755554199, ""65"": 0.4200568199157715, ""90"": 0.4170265793800354}",3.8181023597717285,0.4170265793800354,0.39371630549430847,81984,0.5934456953157982,0.7027207083507742
timesfm3,coastal_ts,17,L17,block_depth,True,0.85,90.0,True,False,1e-05|0.0001|0.001|0.01|0.1|0.3|1|3|10|30|45|65|90,90.0,1e-05,13,0.01,0.9,"mean pinball over (batch, quantiles, horizon)",0.41778677701950073,"{""1e-05"": 0.6871546506881714, ""0.0001"": 0.6873213648796082, ""0.001"": 0.6874526739120483, ""0.01"": 0.6858121752738953, ""0.1"": 0.6638355255126953, ""0.3"": 0.6250004768371582, ""1"": 0.5520232915878296, ""3"": 0.4901854693889618, ""10"": 0.4529001712799072, ""30"": 0.4307350814342499, ""45"": 0.4250074326992035, ""65"": 0.4205865263938904, ""90"": 0.41778677701950073}","{""1e-05"": 0.6871546506881714, ""0.0001"": 0.6873213648796082, ""0.001"": 0.6874526739120483, ""0.01"": 0.6858121752738953, ""0.1"": 0.6638355255126953, ""0.3"": 0.6250004768371582, ""1"": 0.5520232915878296, ""3"": 0.4901854693889618, ""10"": 0.4529001712799072, ""30"": 0.4307350814342499, ""45"": 0.4250074326992035, ""65"": 0.4205865263938904, ""90"": 0.41778677701950073}",3.814936637878418,0.41778677701950073,0.3932100236415863,81984,0.5934456953157982,0.7040016977411527
timesfm3,coastal_ts,18,L18,block_depth,True,0.9,90.0,True,False,1e-05|0.0001|0.001|0.01|0.1|0.3|1|3|10|30|45|65|90,90.0,1e-05,13,0.01,0.9,"mean pinball over (batch, quantiles, horizon)",0.41031569242477417,"{""1e-05"": 0.615622341632843, ""0.0001"": 0.6162586808204651, ""0.001"": 0.6180837154388428, ""0.01"": 0.6140440702438354, ""0.1"": 0.5999886393547058, ""0.3"": 0.5725497007369995, ""1"": 0.5248069763183594, ""3"": 0.4843311309814453, ""10"": 0.4473866820335388, ""30"": 0.42195257544517517, ""45"": 0.4151725172996521, ""65"": 0.41067004203796387, ""90"": 0.41031569242477417}","{""1e-05"": 0.615622341632843, ""0.0001"": 0.6162586808204651, ""0.001"": 0.6180837154388428, ""0.01"": 0.6140440702438354, ""0.1"": 0.5999886393547058, ""0.3"": 0.5725497007369995, ""1"": 0.5248069763183594, ""3"": 0.4843311309814453, ""10"": 0.4473866820335388, ""30"": 0.42195257544517517, ""45"": 0.4151725172996521, ""65"": 0.41067004203796387, ""90"": 0.41031569242477417}",3.8226447105407715,0.41031569242477417,0.4005277156829834,81984,0.5934456953157982,0.6914123662257377
timesfm3,coastal_ts,19,L19,block_depth,True,0.95,90.0,True,False,1e-05|0.0001|0.001|0.01|0.1|0.3|1|3|10|30|45|65|90,90.0,1e-05,13,0.01,0.9,"mean pinball over (batch, quantiles, horizon)",0.40587514638900757,"{""1e-05"": 0.5175989270210266, ""0.0001"": 0.513892650604248, ""0.001"": 0.5145887732505798, ""0.01"": 0.5149627923965454, ""0.1"": 0.5041189193725586, ""0.3"": 0.49022912979125977, ""1"": 0.4642632007598877, ""3"": 0.44501346349716187, ""10"": 0.4276823401451111, ""30"": 0.4127654731273651, ""45"": 0.40991824865341187, ""65"": 0.40629538893699646, ""90"": 0.40587514638900757}","{""1e-05"": 0.5175989270210266, ""0.0001"": 0.513892650604248, ""0.001"": 0.5145887732505798, ""0.01"": 0.5149627923965454, ""0.1"": 0.5041189193725586, ""0.3"": 0.49022912979125977, ""1"": 0.4642632007598877, ""3"": 0.44501346349716187, ""10"": 0.4276823401451111, ""30"": 0.4127654731273651, ""45"": 0.40991824865341187, ""65"": 0.40629538893699646, ""90"": 0.40587514638900757}",3.8361427783966064,0.40587514638900757,0.4056556224822998,81984,0.5934456953157982,0.6839297168935126
timesfm3,coastal_ts,20,L20,block_depth,True,1.0,45.0,False,False,1e-05|0.0001|0.001|0.01|0.1|0.3|1|3|10|30|45|65|90,90.0,1e-05,13,0.01,0.45,"mean pinball over (batch, quantiles, horizon)",0.3965195417404175,"{""1e-05"": 0.6240982413291931, ""0.0001"": 0.6245678663253784, ""0.001"": 0.6231686472892761, ""0.01"": 0.6213659048080444, ""0.1"": 0.6008263826370239, ""0.3"": 0.5684916377067566, ""1"": 0.5031039118766785, ""3"": 0.4469454288482666, ""10"": 0.4143855571746826, ""30"": 0.3992306590080261, ""45"": 0.3965195417404175, ""65"": 0.39950188994407654, ""90"": 0.40336617827415466}","{""1e-05"": 0.6240982413291931, ""0.0001"": 0.6245678663253784, ""0.001"": 0.6231686472892761, ""0.01"": 0.6213659048080444, ""0.1"": 0.6008263826370239, ""0.3"": 0.5684916377067566, ""1"": 0.5031039118766785, ""3"": 0.4469454288482666, ""10"": 0.4143855571746826, ""30"": 0.3992306590080261, ""45"": 0.3965195417404175, ""65"": 0.39950188994407654, ""90"": 0.40336617827415466}",3.7962703704833984,0.3965195417404175,0.4087340831756592,81984,0.5934456953157982,0.6681648293520981
timesfm3,boom_hourly,0,Emb,block_depth,True,0.0,30.0,False,False,1e-05|0.0001|0.001|0.01|0.1|0.3|1|3|10|30|45|65|90,90.0,1e-05,13,0.01,0.3,"mean pinball over (batch, quantiles, horizon)",0.2056506723165512,"{""1e-05"": 0.2184162437915802, ""0.0001"": 0.21491986513137817, ""0.001"": 0.21566757559776306, ""0.01"": 0.21538418531417847, ""0.1"": 0.2173430621623993, ""0.3"": 0.21747618913650513, ""1"": 0.20980824530124664, ""3"": 0.21096161007881165, ""10"": 0.20877137780189514, ""30"": 0.2056506723165512, ""45"": 0.21172738075256348, ""65"": 0.21488812565803528, ""90"": 0.2331690788269043}","{""1e-05"": 0.2184162437915802, ""0.0001"": 0.21491986513137817, ""0.001"": 0.21566757559776306, ""0.01"": 0.21538418531417847, ""0.1"": 0.2173430621623993, ""0.3"": 0.21747618913650513, ""1"": 0.20980824530124664, ""3"": 0.21096161007881165, ""10"": 0.20877137780189514, ""30"": 0.2056506723165512, ""45"": 0.21172738075256348, ""65"": 0.21488812565803528, ""90"": 0.2331690788269043}",12.568726539611816,0.2056506723165512,0.256195992231369,81984,0.3052317869854765,0.6737524762659679
timesfm3,boom_hourly,1,L1,block_depth,True,0.05,10.0,False,False,1e-05|0.0001|0.001|0.01|0.1|0.3|1|3|10|30|45|65|90,90.0,1e-05,13,0.01,0.1,"mean pinball over (batch, quantiles, horizon)",0.20351435244083405,"{""1e-05"": 0.2290797084569931, ""0.0001"": 0.22746539115905762, ""0.001"": 0.2293652892112732, ""0.01"": 0.22776010632514954, ""0.1"": 0.2254382222890854, ""0.3"": 0.22201727330684662, ""1"": 0.21339869499206543, ""3"": 0.20632967352867126, ""10"": 0.20351435244083405, ""30"": 0.20972438156604767, ""45"": 0.2182348221540451, ""65"": 0.22952237725257874, ""90"": 0.24846529960632324}","{""1e-05"": 0.2290797084569931, ""0.0001"": 0.22746539115905762, ""0.001"": 0.2293652892112732, ""0.01"": 0.22776010632514954, ""0.1"": 0.2254382222890854, ""0.3"": 0.22201727330684662, ""1"": 0.21339869499206543, ""3"": 0.20632967352867126, ""10"": 0.20351435244083405, ""30"": 0.20972438156604767, ""45"": 0.2182348221540451, ""65"": 0.22952237725257874, ""90"": 0.24846529960632324}",12.543439865112305,0.20351435244083405,0.25522977113723755,81984,0.3052317869854765,0.6667534677524187
timesfm3,boom_hourly,2,L2,block_depth,True,0.1,10.0,False,False,1e-05|0.0001|0.001|0.01|0.1|0.3|1|3|10|30|45|65|90,90.0,1e-05,13,0.01,0.1,"mean pinball over (batch, quantiles, horizon)",0.2029539793729782,"{""1e-05"": 0.2606644630432129, ""0.0001"": 0.2602275609970093, ""0.001"": 0.2615024447441101, ""0.01"": 0.26021015644073486, ""0.1"": 0.25403904914855957, ""0.3"": 0.2421412318944931, ""1"": 0.22357654571533203, ""3"": 0.2095777839422226, ""10"": 0.2029539793729782, ""30"": 0.20923562347888947, ""45"": 0.2173307240009308, ""65"": 0.2270541489124298, ""90"": 0.24444527924060822}","{""1e-05"": 0.2606644630432129, ""0.0001"": 0.2602275609970093, ""0.001"": 0.2615024447441101, ""0.01"": 0.26021015644073486, ""0.1"": 0.25403904914855957, ""0.3"": 0.2421412318944931, ""1"": 0.22357654571533203, ""3"": 0.2095777839422226, ""10"": 0.2029539793729782, ""30"": 0.20923562347888947, ""45"": 0.2173307240009308, ""65"": 0.2270541489124298, ""90"": 0.24444527924060822}",12.528938293457031,0.2029539793729782,0.26102128624916077,81984,0.3052317869854765,0.664917574206107
timesfm3,boom_hourly,3,L3,block_depth,True,0.15,10.0,False,False,1e-05|0.0001|0.001|0.01|0.1|0.3|1|3|10|30|45|65|90,90.0,1e-05,13,0.01,0.1,"mean pinball over (batch, quantiles, horizon)",0.2119670808315277,"{""1e-05"": 0.2937394976615906, ""0.0001"": 0.29402172565460205, ""0.001"": 0.29390913248062134, ""0.01"": 0.29241815209388733, ""0.1"": 0.2850721776485443, ""0.3"": 0.27179720997810364, ""1"": 0.24471712112426758, ""3"": 0.22391298413276672, ""10"": 0.2119670808315277, ""30"": 0.2136048972606659, ""45"": 0.21861426532268524, ""65"": 0.22505472600460052, ""90"": 0.24036049842834473}","{""1e-05"": 0.2937394976615906, ""0.0001"": 0.29402172565460205, ""0.001"": 0.29390913248062134, ""0.01"": 0.29241815209388733, ""0.1"": 0.2850721776485443, ""0.3"": 0.27179720997810364, ""1"": 0.24471712112426758, ""3"": 0.22391298413276672, ""10"": 0.2119670808315277, ""30"": 0.2136048972606659, ""45"": 0.21861426532268524, ""65"": 0.22505472600460052, ""90"": 0.24036049842834473}",12.51795482635498,0.2119670808315277,0.27190089225769043,81984,0.3052317869854765,0.6944462859682878
timesfm3,boom_hourly,4,L4,block_depth,True,0.2,30.0,False,False,1e-05|0.0001|0.001|0.01|0.1|0.3|1|3|10|30|45|65|90,90.0,1e-05,13,0.01,0.3,"mean pinball over (batch, quantiles, horizon)",0.21564608812332153,"{""1e-05"": 0.32012951374053955, ""0.0001"": 0.31993645429611206, ""0.001"": 0.31902629137039185, ""0.01"": 0.31790390610694885, ""0.1"": 0.30865412950515747, ""0.3"": 0.29109030961990356, ""1"": 0.26034149527549744, ""3"": 0.23359249532222748, ""10"": 0.21809571981430054, ""30"": 0.21564608812332153, ""45"": 0.21888668835163116, ""65"": 0.22409868240356445, ""90"": 0.23732206225395203}","{""1e-05"": 0.32012951374053955, ""0.0001"": 0.31993645429611206, ""0.001"": 0.31902629137039185, ""0.01"": 0.31790390610694885, ""0.1"": 0.30865412950515747, ""0.3"": 0.29109030961990356, ""1"": 0.26034149527549744, ""3"": 0.23359249532222748, ""10"": 0.21809571981430054, ""30"": 0.21564608812332153, ""45"": 0.21888668835163116, ""65"": 0.22409868240356445, ""90"": 0.23732206225395203}",12.532211303710938,0.21564608812332153,0.26835015416145325,81984,0.3052317869854765,0.7064994450711727
timesfm3,boom_hourly,5,L5,block_depth,True,0.25,30.0,False,False,1e-05|0.0001|0.001|0.01|0.1|0.3|1|3|10|30|45|65|90,90.0,1e-05,13,0.01,0.3,"mean pinball over (batch, quantiles, horizon)",0.21647416055202484,"{""1e-05"": 0.3441143035888672, ""0.0001"": 0.34336864948272705, ""0.001"": 0.34425055980682373, ""0.01"": 0.34307900071144104, ""0.1"": 0.33140817284584045, ""0.3"": 0.3109949827194214, ""1"": 0.27365076541900635, ""3"": 0.24342074990272522, ""10"": 0.22343096137046814, ""30"": 0.21647416055202484, ""45"": 0.21928776800632477, ""65"": 0.22457051277160645, ""90"": 0.2345973700284958}","{""1e-05"": 0.3441143035888672, ""0.0001"": 0.34336864948272705, ""0.001"": 0.34425055980682373, ""0.01"": 0.34307900071144104, ""0.1"": 0.33140817284584045, ""0.3"": 0.3109949827194214, ""1"": 0.27365076541900635, ""3"": 0.24342074990272522, ""10"": 0.22343096137046814, ""30"": 0.21647416055202484, ""45"": 0.21928776800632477, ""65"": 0.22457051277160645, ""90"": 0.2345973700284958}",12.527050018310547,0.21647416055202484,0.26691609621047974,81984,0.3052317869854765,0.7092123749297615
timesfm3,boom_hourly,6,L6,block_depth,True,0.3,30.0,False,False,1e-05|0.0001|0.001|0.01|0.1|0.3|1|3|10|30|45|65|90,90.0,1e-05,13,0.01,0.3,"mean pinball over (batch, quantiles, horizon)",0.21994850039482117,"{""1e-05"": 0.3856549561023712, ""0.0001"": 0.38580986857414246, ""0.001"": 0.3854478597640991, ""0.01"": 0.3841186463832855, ""0.1"": 0.36974865198135376, ""0.3"": 0.3436788022518158, ""1"": 0.2966327369213104, ""3"": 0.2557255029678345, ""10"": 0.2291892170906067, ""30"": 0.21994850039482117, ""45"": 0.2217618077993393, ""65"": 0.22527898848056793, ""90"": 0.23582178354263306}","{""1e-05"": 0.3856549561023712, ""0.0001"": 0.38580986857414246, ""0.001"": 0.3854478597640991, ""0.01"": 0.3841186463832855, ""0.1"": 0.36974865198135376, ""0.3"": 0.3436788022518158, ""1"": 0.2966327369213104, ""3"": 0.2557255029678345, ""10"": 0.2291892170906067, ""30"": 0.21994850039482117, ""45"": 0.2217618077993393, ""65"": 0.22527898848056793, ""90"": 0.23582178354263306}",12.521947860717773,0.21994850039482117,0.2717491090297699,81984,0.3052317869854765,0.7205950027913925
timesfm3,boom_hourly,7,L7,block_depth,True,0.35,45.0,False,False,1e-05|0.0001|0.001|0.01|0.1|0.3|1|3|10|30|45|65|90,90.0,1e-05,13,0.01,0.45,"mean pinball over (batch, quantiles, horizon)",0.22169676423072815,"{""1e-05"": 0.3955465257167816, ""0.0001"": 0.39656493067741394, ""0.001"": 0.3967667520046234, ""0.01"": 0.39416900277137756, ""0.1"": 0.3791640102863312, ""0.3"": 0.35380440950393677, ""1"": 0.3034239411354065, ""3"": 0.26003602147102356, ""10"": 0.23233452439308167, ""30"": 0.22212663292884827, ""45"": 0.22169676423072815, ""65"": 0.22478580474853516, ""90"": 0.23548488318920135}","{""1e-05"": 0.3955465257167816, ""0.0001"": 0.39656493067741394, ""0.001"": 0.3967667520046234, ""0.01"": 0.39416900277137756, ""0.1"": 0.3791640102863312, ""0.3"": 0.35380440950393677, ""1"": 0.3034239411354065, ""3"": 0.26003602147102356, ""10"": 0.23233452439308167, ""30"": 0.22212663292884827, ""45"": 0.22169676423072815, ""65"": 0.22478580474853516, ""90"": 0.23548488318920135}",12.529467582702637,0.22169676423072815,0.27087661623954773,81984,0.3052317869854765,0.7263226625910915
timesfm3,boom_hourly,8,L8,block_depth,True,0.4,30.0,False,False,1e-05|0.0001|0.001|0.01|0.1|0.3|1|3|10|30|45|65|90,90.0,1e-05,13,0.01,0.3,"mean pinball over (batch, quantiles, horizon)",0.21866650879383087,"{""1e-05"": 0.4104388952255249, ""0.0001"": 0.41131535172462463, ""0.001"": 0.4104175865650177, ""0.01"": 0.4085010588169098, ""0.1"": 0.3915746808052063, ""0.3"": 0.36154255270957947, ""1"": 0.3035493493080139, ""3"": 0.2568449079990387, ""10"": 0.22588607668876648, ""30"": 0.21866650879383087, ""45"": 0.22080178558826447, ""65"": 0.2230857014656067, ""90"": 0.23299317061901093}","{""1e-05"": 0.4104388952255249, ""0.0001"": 0.41131535172462463, ""0.001"": 0.4104175865650177, ""0.01"": 0.4085010588169098, ""0.1"": 0.3915746808052063, ""0.3"": 0.36154255270957947, ""1"": 0.3035493493080139, ""3"": 0.2568449079990387, ""10"": 0.22588607668876648, ""30"": 0.21866650879383087, ""45"": 0.22080178558826447, ""65"": 0.2230857014656067, ""90"": 0.23299317061901093}",12.51805305480957,0.21866650879383087,0.26961007714271545,81984,0.3052317869854765,0.7163949435064424
timesfm3,boom_hourly,9,L9,block_depth,True,0.45,30.0,False,False,1e-05|0.0001|0.001|0.01|0.1|0.3|1|3|10|30|45|65|90,90.0,1e-05,13,0.01,0.3,"mean pinball over (batch, quantiles, horizon)",0.21982187032699585,"{""1e-05"": 0.4030281603336334, ""0.0001"": 0.40295764803886414, ""0.001"": 0.4026978015899658, ""0.01"": 0.40116775035858154, ""0.1"": 0.3851233124732971, ""0.3"": 0.35745373368263245, ""1"": 0.30444014072418213, ""3"": 0.2588931620121002, ""10"": 0.2297290861606598, ""30"": 0.21982187032699585, ""45"": 0.22135429084300995, ""65"": 0.22563228011131287, ""90"": 0.23404964804649353}","{""1e-05"": 0.4030281603336334, ""0.0001"": 0.40295764803886414, ""0.001"": 0.4026978015899658, ""0.01"": 0.40116775035858154, ""0.1"": 0.3851233124732971, ""0.3"": 0.35745373368263245, ""1"": 0.30444014072418213, ""3"": 0.2588931620121002, ""10"": 0.2297290861606598, ""30"": 0.21982187032699585, ""45"": 0.22135429084300995, ""65"": 0.22563228011131287, ""90"": 0.23404964804649353}",12.516335487365723,0.21982187032699585,0.27020376920700073,81984,0.3052317869854765,0.7201801375210486
timesfm3,boom_hourly,10,L10,block_depth,True,0.5,30.0,False,False,1e-05|0.0001|0.001|0.01|0.1|0.3|1|3|10|30|45|65|90,90.0,1e-05,13,0.01,0.3,"mean pinball over (batch, quantiles, horizon)",0.21956007182598114,"{""1e-05"": 0.4119882583618164, ""0.0001"": 0.4118417799472809, ""0.001"": 0.41143617033958435, ""0.01"": 0.40964823961257935, ""0.1"": 0.3913484513759613, ""0.3"": 0.36087483167648315, ""1"": 0.3049187958240509, ""3"": 0.2584727704524994, ""10"": 0.229472354054451, ""30"": 0.21956007182598114, ""45"": 0.2203022837638855, ""65"": 0.22209598124027252, ""90"": 0.2291627675294876}","{""1e-05"": 0.4119882583618164, ""0.0001"": 0.4118417799472809, ""0.001"": 0.41143617033958435, ""0.01"": 0.40964823961257935, ""0.1"": 0.3913484513759613, ""0.3"": 0.36087483167648315, ""1"": 0.3049187958240509, ""3"": 0.2584727704524994, ""10"": 0.229472354054451, ""30"": 0.21956007182598114, ""45"": 0.2203022837638855, ""65"": 0.22209598124027252, ""90"": 0.2291627675294876}",12.51522159576416,0.21956007182598114,0.26816123723983765,81984,0.3052317869854765,0.7193224335983992
timesfm3,boom_hourly,11,L11,block_depth,True,0.55,45.0,False,False,1e-05|0.0001|0.001|0.01|0.1|0.3|1|3|10|30|45|65|90,90.0,1e-05,13,0.01,0.45,"mean pinball over (batch, quantiles, horizon)",0.2204640656709671,"{""1e-05"": 0.4156370460987091, ""0.0001"": 0.4148554503917694, ""0.001"": 0.41507527232170105, ""0.01"": 0.4129842519760132, ""0.1"": 0.3959639370441437, ""0.3"": 0.3661934435367584, ""1"": 0.31058335304260254, ""3"": 0.26235565543174744, ""10"": 0.23203609883785248, ""30"": 0.22084152698516846, ""45"": 0.2204640656709671, ""65"": 0.22396349906921387, ""90"": 0.23140811920166016}","{""1e-05"": 0.4156370460987091, ""0.0001"": 0.4148554503917694, ""0.001"": 0.41507527232170105, ""0.01"": 0.4129842519760132, ""0.1"": 0.3959639370441437, ""0.3"": 0.3661934435367584, ""1"": 0.31058335304260254, ""3"": 0.26235565543174744, ""10"": 0.23203609883785248, ""30"": 0.22084152698516846, ""45"": 0.2204640656709671, ""65"": 0.22396349906921387, ""90"": 0.23140811920166016}",12.524894714355469,0.2204640656709671,0.2679648995399475,81984,0.3052317869854765,0.7222840971063647
timesfm3,boom_hourly,12,L12,block_depth,True,0.6,45.0,False,False,1e-05|0.0001|0.001|0.01|0.1|0.3|1|3|10|30|45|65|90,90.0,1e-05,13,0.01,0.45,"mean pinball over (batch, quantiles, horizon)",0.22062276303768158,"{""1e-05"": 0.4239482879638672, ""0.0001"": 0.4236971437931061, ""0.001"": 0.42457520961761475, ""0.01"": 0.4223596155643463, ""0.1"": 0.4045324921607971, ""0.3"": 0.3751349151134491, ""1"": 0.3202064633369446, ""3"": 0.2708210349082947, ""10"": 0.23558880388736725, ""30"": 0.2211207151412964, ""45"": 0.22062276303768158, ""65"": 0.22331640124320984, ""90"": 0.23050197958946228}","{""1e-05"": 0.4239482879638672, ""0.0001"": 0.4236971437931061, ""0.001"": 0.42457520961761475, ""0.01"": 0.4223596155643463, ""0.1"": 0.4045324921607971, ""0.3"": 0.3751349151134491, ""1"": 0.3202064633369446, ""3"": 0.2708210349082947, ""10"": 0.23558880388736725, ""30"": 0.2211207151412964, ""45"": 0.22062276303768158, ""65"": 0.22331640124320984, ""90"": 0.23050197958946228}",12.525130271911621,0.22062276303768158,0.26840654015541077,81984,0.3052317869854765,0.7228040212213521
timesfm3,boom_hourly,13,L13,block_depth,True,0.65,30.0,False,False,1e-05|0.0001|0.001|0.01|0.1|0.3|1|3|10|30|45|65|90,90.0,1e-05,13,0.01,0.3,"mean pinball over (batch, quantiles, horizon)",0.2184421718120575,"{""1e-05"": 0.4242812395095825, ""0.0001"": 0.42356836795806885, ""0.001"": 0.4239538609981537, ""0.01"": 0.42191335558891296, ""0.1"": 0.4042855501174927, ""0.3"": 0.3737426698207855, ""1"": 0.31445640325546265, ""3"": 0.2644507586956024, ""10"": 0.23207275569438934, ""30"": 0.2184421718120575, ""45"": 0.2195364087820053, ""65"": 0.22211402654647827, ""90"": 0.22921136021614075}","{""1e-05"": 0.4242812395095825, ""0.0001"": 0.42356836795806885, ""0.001"": 0.4239538609981537, ""0.01"": 0.42191335558891296, ""0.1"": 0.4042855501174927, ""0.3"": 0.3737426698207855, ""1"": 0.31445640325546265, ""3"": 0.2644507586956024, ""10"": 0.23207275569438934, ""30"": 0.2184421718120575, ""45"": 0.2195364087820053, ""65"": 0.22211402654647827, ""90"": 0.22921136021614075}",12.513689041137695,0.2184421718120575,0.26678451895713806,81984,0.3052317869854765,0.7156599709664295
timesfm3,boom_hourly,14,L14,block_depth,True,0.7,30.0,False,False,1e-05|0.0001|0.001|0.01|0.1|0.3|1|3|10|30|45|65|90,90.0,1e-05,13,0.01,0.3,"mean pinball over (batch, quantiles, horizon)",0.21971401572227478,"{""1e-05"": 0.422696590423584, ""0.0001"": 0.42426639795303345, ""0.001"": 0.4235008955001831, ""0.01"": 0.42120832204818726, ""0.1"": 0.40408238768577576, ""0.3"": 0.3725939393043518, ""1"": 0.3126991093158722, ""3"": 0.26339760422706604, ""10"": 0.23073817789554596, ""30"": 0.21971401572227478, ""45"": 0.21979232132434845, ""65"": 0.22185495495796204, ""90"": 0.2286405861377716}","{""1e-05"": 0.422696590423584, ""0.0001"": 0.42426639795303345, ""0.001"": 0.4235008955001831, ""0.01"": 0.42120832204818726, ""0.1"": 0.40408238768577576, ""0.3"": 0.3725939393043518, ""1"": 0.3126991093158722, ""3"": 0.26339760422706604, ""10"": 0.23073817789554596, ""30"": 0.21971401572227478, ""45"": 0.21979232132434845, ""65"": 0.22185495495796204, ""90"": 0.2286405861377716}",12.51266860961914,0.21971401572227478,0.2673356235027313,81984,0.3052317869854765,0.71982678439952
timesfm3,boom_hourly,15,L15,block_depth,True,0.75,45.0,False,False,1e-05|0.0001|0.001|0.01|0.1|0.3|1|3|10|30|45|65|90,90.0,1e-05,13,0.01,0.45,"mean pinball over (batch, quantiles, horizon)",0.21705695986747742,"{""1e-05"": 0.42284536361694336, ""0.0001"": 0.42294320464134216, ""0.001"": 0.4229991137981415, ""0.01"": 0.42087602615356445, ""0.1"": 0.40337660908699036, ""0.3"": 0.37191030383110046, ""1"": 0.31177422404289246, ""3"": 0.26057305932044983, ""10"": 0.22772109508514404, ""30"": 0.21727631986141205, ""45"": 0.21705695986747742, ""65"": 0.2207276076078415, ""90"": 0.2290322482585907}","{""1e-05"": 0.42284536361694336, ""0.0001"": 0.42294320464134216, ""0.001"": 0.4229991137981415, ""0.01"": 0.42087602615356445, ""0.1"": 0.40337660908699036, ""0.3"": 0.37191030383110046, ""1"": 0.31177422404289246, ""3"": 0.26057305932044983, ""10"": 0.22772109508514404, ""30"": 0.21727631986141205, ""45"": 0.21705695986747742, ""65"": 0.2207276076078415, ""90"": 0.2290322482585907}",12.524782180786133,0.21705695986747742,0.2673088610172272,81984,0.3052317869854765,0.7111217413204917
timesfm3,boom_hourly,16,L16,block_depth,True,0.8,30.0,False,False,1e-05|0.0001|0.001|0.01|0.1|0.3|1|3|10|30|45|65|90,90.0,1e-05,13,0.01,0.3,"mean pinball over (batch, quantiles, horizon)",0.2131267935037613,"{""1e-05"": 0.4097100496292114, ""0.0001"": 0.410434365272522, ""0.001"": 0.40977904200553894, ""0.01"": 0.4082837402820587, ""0.1"": 0.39164936542510986, ""0.3"": 0.36175182461738586, ""1"": 0.306464821100235, ""3"": 0.257697194814682, ""10"": 0.22592024505138397, ""30"": 0.2131267935037613, ""45"": 0.2134370058774948, ""65"": 0.21589037775993347, ""90"": 0.2223626673221588}","{""1e-05"": 0.4097100496292114, ""0.0001"": 0.410434365272522, ""0.001"": 0.40977904200553894, ""0.01"": 0.4082837402820587, ""0.1"": 0.39164936542510986, ""0.3"": 0.36175182461738586, ""1"": 0.306464821100235, ""3"": 0.257697194814682, ""10"": 0.22592024505138397, ""30"": 0.2131267935037613, ""45"": 0.2134370058774948, ""65"": 0.21589037775993347, ""90"": 0.2223626673221588}",12.511709213256836,0.2131267935037613,0.2652270793914795,81984,0.3052317869854765,0.6982457351792861
timesfm3,boom_hourly,17,L17,block_depth,True,0.85,30.0,False,False,1e-05|0.0001|0.001|0.01|0.1|0.3|1|3|10|30|45|65|90,90.0,1e-05,13,0.01,0.3,"mean pinball over (batch, quantiles, horizon)",0.20907612144947052,"{""1e-05"": 0.3753207325935364, ""0.0001"": 0.3753608763217926, ""0.001"": 0.3749217987060547, ""0.01"": 0.3739286959171295, ""0.1"": 0.36062052845954895, ""0.3"": 0.33750537037849426, ""1"": 0.293051153421402, ""3"": 0.25099319219589233, ""10"": 0.2206917405128479, ""30"": 0.20907612144947052, ""45"": 0.20937442779541016, ""65"": 0.2131030261516571, ""90"": 0.22091256082057953}","{""1e-05"": 0.3753207325935364, ""0.0001"": 0.3753608763217926, ""0.001"": 0.3749217987060547, ""0.01"": 0.3739286959171295, ""0.1"": 0.36062052845954895, ""0.3"": 0.33750537037849426, ""1"": 0.293051153421402, ""3"": 0.25099319219589233, ""10"": 0.2206917405128479, ""30"": 0.20907612144947052, ""45"": 0.20937442779541016, ""65"": 0.2131030261516571, ""90"": 0.22091256082057953}",12.51105785369873,0.20907612144947052,0.2614242136478424,81984,0.3052317869854765,0.6849749284448502
timesfm3,boom_hourly,18,L18,block_depth,True,0.9,30.0,False,False,1e-05|0.0001|0.001|0.01|0.1|0.3|1|3|10|30|45|65|90,90.0,1e-05,13,0.01,0.3,"mean pinball over (batch, quantiles, horizon)",0.20939236879348755,"{""1e-05"": 0.36078405380249023, ""0.0001"": 0.36072978377342224, ""0.001"": 0.36039894819259644, ""0.01"": 0.3584788143634796, ""0.1"": 0.3451905846595764, ""0.3"": 0.3221684992313385, ""1"": 0.2773589491844177, ""3"": 0.24101664125919342, ""10"": 0.21758386492729187, ""30"": 0.20939236879348755, ""45"": 0.2097870111465454, ""65"": 0.2137831598520279, ""90"": 0.22217418253421783}","{""1e-05"": 0.36078405380249023, ""0.0001"": 0.36072978377342224, ""0.001"": 0.36039894819259644, ""0.01"": 0.3584788143634796, ""0.1"": 0.3451905846595764, ""0.3"": 0.3221684992313385, ""1"": 0.2773589491844177, ""3"": 0.24101664125919342, ""10"": 0.21758386492729187, ""30"": 0.20939236879348755, ""45"": 0.2097870111465454, ""65"": 0.2137831598520279, ""90"": 0.22217418253421783}",12.511256217956543,0.20939236879348755,0.2595084011554718,81984,0.3052317869854765,0.6860110175990642
timesfm3,boom_hourly,19,L19,block_depth,True,0.95,30.0,False,False,1e-05|0.0001|0.001|0.01|0.1|0.3|1|3|10|30|45|65|90,90.0,1e-05,13,0.01,0.3,"mean pinball over (batch, quantiles, horizon)",0.2180815488100052,"{""1e-05"": 0.3484199643135071, ""0.0001"": 0.3486808240413666, ""0.001"": 0.3481822609901428, ""0.01"": 0.3460577726364136, ""0.1"": 0.3347283601760864, ""0.3"": 0.3127785325050354, ""1"": 0.27298617362976074, ""3"": 0.2407761514186859, ""10"": 0.22216999530792236, ""30"": 0.2180815488100052, ""45"": 0.2215941846370697, ""65"": 0.22743414342403412, ""90"": 0.23803004622459412}","{""1e-05"": 0.3484199643135071, ""0.0001"": 0.3486808240413666, ""0.001"": 0.3481822609901428, ""0.01"": 0.3460577726364136, ""0.1"": 0.3347283601760864, ""0.3"": 0.3127785325050354, ""1"": 0.27298617362976074, ""3"": 0.2407761514186859, ""10"": 0.22216999530792236, ""30"": 0.2180815488100052, ""45"": 0.2215941846370697, ""65"": 0.22743414342403412, ""90"": 0.23803004622459412}",12.516622543334961,0.2180815488100052,0.2637040317058563,81984,0.3052317869854765,0.7144784983366819
timesfm3,boom_hourly,20,L20,block_depth,True,1.0,30.0,False,False,1e-05|0.0001|0.001|0.01|0.1|0.3|1|3|10|30|45|65|90,90.0,1e-05,13,0.01,0.3,"mean pinball over (batch, quantiles, horizon)",0.2255563735961914,"{""1e-05"": 0.3147282302379608, ""0.0001"": 0.3150172829627991, ""0.001"": 0.31453102827072144, ""0.01"": 0.31396904587745667, ""0.1"": 0.30480533838272095, ""0.3"": 0.2886297404766083, ""1"": 0.2598450779914856, ""3"": 0.23735244572162628, ""10"": 0.22599339485168457, ""30"": 0.2255563735961914, ""45"": 0.22950910031795502, ""65"": 0.23604579269886017, ""90"": 0.2449856996536255}","{""1e-05"": 0.3147282302379608, ""0.0001"": 0.3150172829627991, ""0.001"": 0.31453102827072144, ""0.01"": 0.31396904587745667, ""0.1"": 0.30480533838272095, ""0.3"": 0.2886297404766083, ""1"": 0.2598450779914856, ""3"": 0.23735244572162628, ""10"": 0.22599339485168457, ""30"": 0.2255563735961914, ""45"": 0.22950910031795502, ""65"": 0.23604579269886017, ""90"": 0.2449856996536255}",12.52659797668457,0.2255563735961914,0.2721143066883087,81984,0.3052317869854765,0.7389675099825819
timesfm3,LOOP_SEATTLE_5T,0,Emb,block_depth,True,0.0,90.0,True,False,1e-05|0.0001|0.001|0.01|0.1|0.3|1|3|10|30|45|65|90,90.0,1e-05,13,0.01,0.9,"mean pinball over (batch, quantiles, horizon)",0.3895891606807709,"{""1e-05"": 0.4065856337547302, ""0.0001"": 0.4081575870513916, ""0.001"": 0.40500426292419434, ""0.01"": 0.40465247631073, ""0.1"": 0.40458276867866516, ""0.3"": 0.40452882647514343, ""1"": 0.3989856243133545, ""3"": 0.3973565697669983, ""10"": 0.39493921399116516, ""30"": 0.3930343687534332, ""45"": 0.39216312766075134, ""65"": 0.39051756262779236, ""90"": 0.3895891606807709}","{""1e-05"": 0.4065856337547302, ""0.0001"": 0.4081575870513916, ""0.001"": 0.40500426292419434, ""0.01"": 0.40465247631073, ""0.1"": 0.40458276867866516, ""0.3"": 0.40452882647514343, ""1"": 0.3989856243133545, ""3"": 0.3973565697669983, ""10"": 0.39493921399116516, ""30"": 0.3930343687534332, ""45"": 0.39216312766075134, ""65"": 0.39051756262779236, ""90"": 0.3895891606807709}",0.3825533986091614,0.3895891606807709,0.33080267906188965,81984,0.3786400221288204,1.0289170132898031
timesfm3,LOOP_SEATTLE_5T,1,L1,block_depth,True,0.05,30.0,False,False,1e-05|0.0001|0.001|0.01|0.1|0.3|1|3|10|30|45|65|90,90.0,1e-05,13,0.01,0.3,"mean pinball over (batch, quantiles, horizon)",0.35099104046821594,"{""1e-05"": 0.3735286593437195, ""0.0001"": 0.3728788495063782, ""0.001"": 0.37399670481681824, ""0.01"": 0.37362831830978394, ""0.1"": 0.3711423873901367, ""0.3"": 0.3673169016838074, ""1"": 0.3595660924911499, ""3"": 0.3560751974582672, ""10"": 0.352253794670105, ""30"": 0.35099104046821594, ""45"": 0.3524402379989624, ""65"": 0.35378363728523254, ""90"": 0.35690709948539734}","{""1e-05"": 0.3735286593437195, ""0.0001"": 0.3728788495063782, ""0.001"": 0.37399670481681824, ""0.01"": 0.37362831830978394, ""0.1"": 0.3711423873901367, ""0.3"": 0.3673169016838074, ""1"": 0.3595660924911499, ""3"": 0.3560751974582672, ""10"": 0.352253794670105, ""30"": 0.35099104046821594, ""45"": 0.3524402379989624, ""65"": 0.35378363728523254, ""90"": 0.35690709948539734}",0.32331615686416626,0.35099104046821594,0.28166311979293823,81984,0.3786400221288204,0.9269781849653553
timesfm3,LOOP_SEATTLE_5T,2,L2,block_depth,True,0.1,65.0,False,False,1e-05|0.0001|0.001|0.01|0.1|0.3|1|3|10|30|45|65|90,90.0,1e-05,13,0.01,0.65,"mean pinball over (batch, quantiles, horizon)",0.3497035503387451,"{""1e-05"": 0.415632963180542, ""0.0001"": 0.41576725244522095, ""0.001"": 0.41506966948509216, ""0.01"": 0.4149791896343231, ""0.1"": 0.4079996347427368, ""0.3"": 0.39782100915908813, ""1"": 0.3794613778591156, ""3"": 0.36550289392471313, ""10"": 0.3555743992328644, ""30"": 0.35200193524360657, ""45"": 0.34984004497528076, ""65"": 0.3497035503387451, ""90"": 0.3511902391910553}","{""1e-05"": 0.415632963180542, ""0.0001"": 0.41576725244522095, ""0.001"": 0.41506966948509216, ""0.01"": 0.4149791896343231, ""0.1"": 0.4079996347427368, ""0.3"": 0.39782100915908813, ""1"": 0.3794613778591156, ""3"": 0.36550289392471313, ""10"": 0.3555743992328644, ""30"": 0.35200193524360657, ""45"": 0.34984004497528076, ""65"": 0.3497035503387451, ""90"": 0.3511902391910553}",0.32326021790504456,0.3497035503387451,0.27379170060157776,81984,0.3786400221288204,0.9235778837446017
timesfm3,LOOP_SEATTLE_5T,3,L3,block_depth,True,0.15,65.0,False,False,1e-05|0.0001|0.001|0.01|0.1|0.3|1|3|10|30|45|65|90,90.0,1e-05,13,0.01,0.65,"mean pinball over (batch, quantiles, horizon)",0.34989216923713684,"{""1e-05"": 0.4281281530857086, ""0.0001"": 0.4280230402946472, ""0.001"": 0.4287422001361847, ""0.01"": 0.4278010129928589, ""0.1"": 0.4206734001636505, ""0.3"": 0.4081921875476837, ""1"": 0.3872796297073364, ""3"": 0.3706922233104706, ""10"": 0.3601151704788208, ""30"": 0.354552298784256, ""45"": 0.3515457212924957, ""65"": 0.34989216923713684, ""90"": 0.3512435257434845}","{""1e-05"": 0.4281281530857086, ""0.0001"": 0.4280230402946472, ""0.001"": 0.4287422001361847, ""0.01"": 0.4278010129928589, ""0.1"": 0.4206734001636505, ""0.3"": 0.4081921875476837, ""1"": 0.3872796297073364, ""3"": 0.3706922233104706, ""10"": 0.3601151704788208, ""30"": 0.354552298784256, ""45"": 0.3515457212924957, ""65"": 0.34989216923713684, ""90"": 0.3512435257434845}",0.3179446756839752,0.34989216923713684,0.2799336016178131,81984,0.3786400221288204,0.9240760320843658
timesfm3,LOOP_SEATTLE_5T,4,L4,block_depth,True,0.2,65.0,False,False,1e-05|0.0001|0.001|0.01|0.1|0.3|1|3|10|30|45|65|90,90.0,1e-05,13,0.01,0.65,"mean pinball over (batch, quantiles, horizon)",0.34525537490844727,"{""1e-05"": 0.4354472756385803, ""0.0001"": 0.4354458451271057, ""0.001"": 0.4347463548183441, ""0.01"": 0.43373408913612366, ""0.1"": 0.42495307326316833, ""0.3"": 0.40871521830558777, ""1"": 0.38037073612213135, ""3"": 0.3587704598903656, ""10"": 0.3498867452144623, ""30"": 0.34660497307777405, ""45"": 0.3455905616283417, ""65"": 0.34525537490844727, ""90"": 0.34614071249961853}","{""1e-05"": 0.4354472756385803, ""0.0001"": 0.4354458451271057, ""0.001"": 0.4347463548183441, ""0.01"": 0.43373408913612366, ""0.1"": 0.42495307326316833, ""0.3"": 0.40871521830558777, ""1"": 0.38037073612213135, ""3"": 0.3587704598903656, ""10"": 0.3498867452144623, ""30"": 0.34660497307777405, ""45"": 0.3455905616283417, ""65"": 0.34525537490844727, ""90"": 0.34614071249961853}",0.3156517744064331,0.34525537490844727,0.2720126807689667,81984,0.3786400221288204,0.9118301149659899
timesfm3,LOOP_SEATTLE_5T,5,L5,block_depth,True,0.25,90.0,True,False,1e-05|0.0001|0.001|0.01|0.1|0.3|1|3|10|30|45|65|90,90.0,1e-05,13,0.01,0.9,"mean pinball over (batch, quantiles, horizon)",0.34412118792533875,"{""1e-05"": 0.43809348344802856, ""0.0001"": 0.43747490644454956, ""0.001"": 0.43713682889938354, ""0.01"": 0.4358338713645935, ""0.1"": 0.42701664566993713, ""0.3"": 0.41055309772491455, ""1"": 0.37823033332824707, ""3"": 0.3573630750179291, ""10"": 0.34486711025238037, ""30"": 0.34799596667289734, ""45"": 0.34826886653900146, ""65"": 0.3472340703010559, ""90"": 0.34412118792533875}","{""1e-05"": 0.43809348344802856, ""0.0001"": 0.43747490644454956, ""0.001"": 0.43713682889938354, ""0.01"": 0.4358338713645935, ""0.1"": 0.42701664566993713, ""0.3"": 0.41055309772491455, ""1"": 0.37823033332824707, ""3"": 0.3573630750179291, ""10"": 0.34486711025238037, ""30"": 0.34799596667289734, ""45"": 0.34826886653900146, ""65"": 0.3472340703010559, ""90"": 0.34412118792533875}",0.33161190152168274,0.34412118792533875,0.2599770426750183,81984,0.3786400221288204,0.9088346920924864
timesfm3,LOOP_SEATTLE_5T,6,L6,block_depth,True,0.3,30.0,False,False,1e-05|0.0001|0.001|0.01|0.1|0.3|1|3|10|30|45|65|90,90.0,1e-05,13,0.01,0.3,"mean pinball over (batch, quantiles, horizon)",0.3459693491458893,"{""1e-05"": 0.45378613471984863, ""0.0001"": 0.4543142020702362, ""0.001"": 0.45314013957977295, ""0.01"": 0.45172834396362305, ""0.1"": 0.44249507784843445, ""0.3"": 0.4210822284221649, ""1"": 0.3869095742702484, ""3"": 0.3615243434906006, ""10"": 0.3491569757461548, ""30"": 0.3459693491458893, ""45"": 0.3484615385532379, ""65"": 0.3477422297000885, ""90"": 0.34664636850357056}","{""1e-05"": 0.45378613471984863, ""0.0001"": 0.4543142020702362, ""0.001"": 0.45314013957977295, ""0.01"": 0.45172834396362305, ""0.1"": 0.44249507784843445, ""0.3"": 0.4210822284221649, ""1"": 0.3869095742702484, ""3"": 0.3615243434906006, ""10"": 0.3491569757461548, ""30"": 0.3459693491458893, ""45"": 0.3484615385532379, ""65"": 0.3477422297000885, ""90"": 0.34664636850357056}",0.2937247157096863,0.3459693491458893,0.2730523943901062,81984,0.3786400221288204,0.9137157429918595
timesfm3,LOOP_SEATTLE_5T,7,L7,block_depth,True,0.35,90.0,True,False,1e-05|0.0001|0.001|0.01|0.1|0.3|1|3|10|30|45|65|90,90.0,1e-05,13,0.01,0.9,"mean pinball over (batch, quantiles, horizon)",0.346884161233902,"{""1e-05"": 0.459343284368515, ""0.0001"": 0.4632139503955841, ""0.001"": 0.4621122479438782, ""0.01"": 0.45741111040115356, ""0.1"": 0.4477742314338684, ""0.3"": 0.4291768968105316, ""1"": 0.39335253834724426, ""3"": 0.37046217918395996, ""10"": 0.3544218838214874, ""30"": 0.35051587224006653, ""45"": 0.3496854901313782, ""65"": 0.3495315611362457, ""90"": 0.346884161233902}","{""1e-05"": 0.459343284368515, ""0.0001"": 0.4632139503955841, ""0.001"": 0.4621122479438782, ""0.01"": 0.45741111040115356, ""0.1"": 0.4477742314338684, ""0.3"": 0.4291768968105316, ""1"": 0.39335253834724426, ""3"": 0.37046217918395996, ""10"": 0.3544218838214874, ""30"": 0.35051587224006653, ""45"": 0.3496854901313782, ""65"": 0.3495315611362457, ""90"": 0.346884161233902}",0.3249224126338959,0.346884161233902,0.253634512424469,81984,0.3786400221288204,0.9161317899878146
timesfm3,LOOP_SEATTLE_5T,8,L8,block_depth,True,0.4,90.0,True,False,1e-05|0.0001|0.001|0.01|0.1|0.3|1|3|10|30|45|65|90,90.0,1e-05,13,0.01,0.9,"mean pinball over (batch, quantiles, horizon)",0.34894436597824097,"{""1e-05"": 0.4806661903858185, ""0.0001"": 0.4808156192302704, ""0.001"": 0.48161739110946655, ""0.01"": 0.47867780923843384, ""0.1"": 0.4697001576423645, ""0.3"": 0.44828999042510986, ""1"": 0.41136130690574646, ""3"": 0.3800140917301178, ""10"": 0.36544159054756165, ""30"": 0.35610443353652954, ""45"": 0.35478833317756653, ""65"": 0.3534315824508667, ""90"": 0.34894436597824097}","{""1e-05"": 0.4806661903858185, ""0.0001"": 0.4808156192302704, ""0.001"": 0.48161739110946655, ""0.01"": 0.47867780923843384, ""0.1"": 0.4697001576423645, ""0.3"": 0.44828999042510986, ""1"": 0.41136130690574646, ""3"": 0.3800140917301178, ""10"": 0.36544159054756165, ""30"": 0.35610443353652954, ""45"": 0.35478833317756653, ""65"": 0.3534315824508667, ""90"": 0.34894436597824097}",0.3240036070346832,0.34894436597824097,0.2563433051109314,81984,0.3786400221288204,0.9215728543865433
timesfm3,LOOP_SEATTLE_5T,9,L9,block_depth,True,0.45,90.0,True,False,1e-05|0.0001|0.001|0.01|0.1|0.3|1|3|10|30|45|65|90,90.0,1e-05,13,0.01,0.9,"mean pinball over (batch, quantiles, horizon)",0.3533059060573578,"{""1e-05"": 0.49111753702163696, ""0.0001"": 0.48992908000946045, ""0.001"": 0.4917377829551697, ""0.01"": 0.48958978056907654, ""0.1"": 0.4743936359882355, ""0.3"": 0.45595255494117737, ""1"": 0.4153303802013397, ""3"": 0.3876015245914459, ""10"": 0.3681337535381317, ""30"": 0.35872209072113037, ""45"": 0.3550051152706146, ""65"": 0.355229914188385, ""90"": 0.3533059060573578}","{""1e-05"": 0.49111753702163696, ""0.0001"": 0.48992908000946045, ""0.001"": 0.4917377829551697, ""0.01"": 0.48958978056907654, ""0.1"": 0.4743936359882355, ""0.3"": 0.45595255494117737, ""1"": 0.4153303802013397, ""3"": 0.3876015245914459, ""10"": 0.3681337535381317, ""30"": 0.35872209072113037, ""45"": 0.3550051152706146, ""65"": 0.355229914188385, ""90"": 0.3533059060573578}",0.3233059048652649,0.3533059060573578,0.2525596022605896,81984,0.3786400221288204,0.9330918165252919
timesfm3,LOOP_SEATTLE_5T,10,L10,block_depth,True,0.5,90.0,True,False,1e-05|0.0001|0.001|0.01|0.1|0.3|1|3|10|30|45|65|90,90.0,1e-05,13,0.01,0.9,"mean pinball over (batch, quantiles, horizon)",0.3475651144981384,"{""1e-05"": 0.48192936182022095, ""0.0001"": 0.48352065682411194, ""0.001"": 0.4829418361186981, ""0.01"": 0.48262739181518555, ""0.1"": 0.4702959656715393, ""0.3"": 0.44966921210289, ""1"": 0.40836578607559204, ""3"": 0.3761996626853943, ""10"": 0.35970038175582886, ""30"": 0.35101133584976196, ""45"": 0.34822574257850647, ""65"": 0.34954002499580383, ""90"": 0.3475651144981384}","{""1e-05"": 0.48192936182022095, ""0.0001"": 0.48352065682411194, ""0.001"": 0.4829418361186981, ""0.01"": 0.48262739181518555, ""0.1"": 0.4702959656715393, ""0.3"": 0.44966921210289, ""1"": 0.40836578607559204, ""3"": 0.3761996626853943, ""10"": 0.35970038175582886, ""30"": 0.35101133584976196, ""45"": 0.34822574257850647, ""65"": 0.34954002499580383, ""90"": 0.3475651144981384}",0.3231724798679352,0.3475651144981384,0.25454095005989075,81984,0.3786400221288204,0.9179302086029624
timesfm3,LOOP_SEATTLE_5T,11,L11,block_depth,True,0.55,30.0,False,False,1e-05|0.0001|0.001|0.01|0.1|0.3|1|3|10|30|45|65|90,90.0,1e-05,13,0.01,0.3,"mean pinball over (batch, quantiles, horizon)",0.35086411237716675,"{""1e-05"": 0.4463369846343994, ""0.0001"": 0.44857922196388245, ""0.001"": 0.4475952684879303, ""0.01"": 0.4461624026298523, ""0.1"": 0.4380667805671692, ""0.3"": 0.4186927080154419, ""1"": 0.38932037353515625, ""3"": 0.3657739758491516, ""10"": 0.35492560267448425, ""30"": 0.35086411237716675, ""45"": 0.35130923986434937, ""65"": 0.35306158661842346, ""90"": 0.3562779426574707}","{""1e-05"": 0.4463369846343994, ""0.0001"": 0.44857922196388245, ""0.001"": 0.4475952684879303, ""0.01"": 0.4461624026298523, ""0.1"": 0.4380667805671692, ""0.3"": 0.4186927080154419, ""1"": 0.38932037353515625, ""3"": 0.3657739758491516, ""10"": 0.35492560267448425, ""30"": 0.35086411237716675, ""45"": 0.35130923986434937, ""65"": 0.35306158661842346, ""90"": 0.3562779426574707}",0.2890342175960541,0.35086411237716675,0.266373872756958,81984,0.3786400221288204,0.9266429639542864
timesfm3,LOOP_SEATTLE_5T,12,L12,block_depth,True,0.6,90.0,True,False,1e-05|0.0001|0.001|0.01|0.1|0.3|1|3|10|30|45|65|90,90.0,1e-05,13,0.01,0.9,"mean pinball over (batch, quantiles, horizon)",0.35260576009750366,"{""1e-05"": 0.4688558280467987, ""0.0001"": 0.46542152762413025, ""0.001"": 0.464840292930603, ""0.01"": 0.46595025062561035, ""0.1"": 0.4545051157474518, ""0.3"": 0.4370753765106201, ""1"": 0.39930373430252075, ""3"": 0.37813642621040344, ""10"": 0.365034282207489, ""30"": 0.3569524586200714, ""45"": 0.35595837235450745, ""65"": 0.3550289273262024, ""90"": 0.35260576009750366}","{""1e-05"": 0.4688558280467987, ""0.0001"": 0.46542152762413025, ""0.001"": 0.464840292930603, ""0.01"": 0.46595025062561035, ""0.1"": 0.4545051157474518, ""0.3"": 0.4370753765106201, ""1"": 0.39930373430252075, ""3"": 0.37813642621040344, ""10"": 0.365034282207489, ""30"": 0.3569524586200714, ""45"": 0.35595837235450745, ""65"": 0.3550289273262024, ""90"": 0.35260576009750366}",0.32452839612960815,0.35260576009750366,0.2624467611312866,81984,0.3786400221288204,0.9312427094078835
timesfm3,LOOP_SEATTLE_5T,13,L13,block_depth,True,0.65,65.0,False,False,1e-05|0.0001|0.001|0.01|0.1|0.3|1|3|10|30|45|65|90,90.0,1e-05,13,0.01,0.65,"mean pinball over (batch, quantiles, horizon)",0.35430285334587097,"{""1e-05"": 0.478023499250412, ""0.0001"": 0.4796590507030487, ""0.001"": 0.4810396432876587, ""0.01"": 0.47595658898353577, ""0.1"": 0.46725523471832275, ""0.3"": 0.4475567042827606, ""1"": 0.40961313247680664, ""3"": 0.3823601007461548, ""10"": 0.36514225602149963, ""30"": 0.3592938482761383, ""45"": 0.3560570776462555, ""65"": 0.35430285334587097, ""90"": 0.3549547493457794}","{""1e-05"": 0.478023499250412, ""0.0001"": 0.4796590507030487, ""0.001"": 0.4810396432876587, ""0.01"": 0.47595658898353577, ""0.1"": 0.46725523471832275, ""0.3"": 0.4475567042827606, ""1"": 0.40961313247680664, ""3"": 0.3823601007461548, ""10"": 0.36514225602149963, ""30"": 0.3592938482761383, ""45"": 0.3560570776462555, ""65"": 0.35430285334587097, ""90"": 0.3549547493457794}",0.30971571803092957,0.35430285334587097,0.266268789768219,81984,0.3786400221288204,0.9357247851240895
timesfm3,LOOP_SEATTLE_5T,14,L14,block_depth,True,0.7,65.0,False,False,1e-05|0.0001|0.001|0.01|0.1|0.3|1|3|10|30|45|65|90,90.0,1e-05,13,0.01,0.65,"mean pinball over (batch, quantiles, horizon)",0.3487134277820587,"{""1e-05"": 0.4862326681613922, ""0.0001"": 0.4885317385196686, ""0.001"": 0.4893321990966797, ""0.01"": 0.4851268231868744, ""0.1"": 0.47453832626342773, ""0.3"": 0.4523933231830597, ""1"": 0.41274717450141907, ""3"": 0.38454878330230713, ""10"": 0.36482560634613037, ""30"": 0.35559943318367004, ""45"": 0.3532732427120209, ""65"": 0.3487134277820587, ""90"": 0.35142168402671814}","{""1e-05"": 0.4862326681613922, ""0.0001"": 0.4885317385196686, ""0.001"": 0.4893321990966797, ""0.01"": 0.4851268231868744, ""0.1"": 0.47453832626342773, ""0.3"": 0.4523933231830597, ""1"": 0.41274717450141907, ""3"": 0.38454878330230713, ""10"": 0.36482560634613037, ""30"": 0.35559943318367004, ""45"": 0.3532732427120209, ""65"": 0.3487134277820587, ""90"": 0.35142168402671814}",0.30752047896385193,0.3487134277820587,0.2589472234249115,81984,0.3786400221288204,0.9209629394734714
timesfm3,LOOP_SEATTLE_5T,15,L15,block_depth,True,0.75,90.0,True,False,1e-05|0.0001|0.001|0.01|0.1|0.3|1|3|10|30|45|65|90,90.0,1e-05,13,0.01,0.9,"mean pinball over (batch, quantiles, horizon)",0.348981112241745,"{""1e-05"": 0.49242499470710754, ""0.0001"": 0.4927845597267151, ""0.001"": 0.4917650818824768, ""0.01"": 0.49176037311553955, ""0.1"": 0.480905145406723, ""0.3"": 0.457524836063385, ""1"": 0.4175780713558197, ""3"": 0.38412925601005554, ""10"": 0.3626525402069092, ""30"": 0.3518597185611725, ""45"": 0.3504137098789215, ""65"": 0.35114002227783203, ""90"": 0.348981112241745}","{""1e-05"": 0.49242499470710754, ""0.0001"": 0.4927845597267151, ""0.001"": 0.4917650818824768, ""0.01"": 0.49176037311553955, ""0.1"": 0.480905145406723, ""0.3"": 0.457524836063385, ""1"": 0.4175780713558197, ""3"": 0.38412925601005554, ""10"": 0.3626525402069092, ""30"": 0.3518597185611725, ""45"": 0.3504137098789215, ""65"": 0.35114002227783203, ""90"": 0.348981112241745}",0.31931668519973755,0.348981112241745,0.263550728559494,81984,0.3786400221288204,0.9216699024040704
timesfm3,LOOP_SEATTLE_5T,16,L16,block_depth,True,0.8,30.0,False,False,1e-05|0.0001|0.001|0.01|0.1|0.3|1|3|10|30|45|65|90,90.0,1e-05,13,0.01,0.3,"mean pinball over (batch, quantiles, horizon)",0.3455445468425751,"{""1e-05"": 0.4715064764022827, ""0.0001"": 0.47259438037872314, ""0.001"": 0.4695042073726654, ""0.01"": 0.47033485770225525, ""0.1"": 0.4566611349582672, ""0.3"": 0.4355633854866028, ""1"": 0.3997167944908142, ""3"": 0.3693849742412567, ""10"": 0.35544782876968384, ""30"": 0.3455445468425751, ""45"": 0.34676745533943176, ""65"": 0.3458154797554016, ""90"": 0.35226696729660034}","{""1e-05"": 0.4715064764022827, ""0.0001"": 0.47259438037872314, ""0.001"": 0.4695042073726654, ""0.01"": 0.47033485770225525, ""0.1"": 0.4566611349582672, ""0.3"": 0.4355633854866028, ""1"": 0.3997167944908142, ""3"": 0.3693849742412567, ""10"": 0.35544782876968384, ""30"": 0.3455445468425751, ""45"": 0.34676745533943176, ""65"": 0.3458154797554016, ""90"": 0.35226696729660034}",0.2824917137622833,0.3455445468425751,0.27515581250190735,81984,0.3786400221288204,0.9125938269806416
timesfm3,LOOP_SEATTLE_5T,17,L17,block_depth,True,0.85,90.0,True,False,1e-05|0.0001|0.001|0.01|0.1|0.3|1|3|10|30|45|65|90,90.0,1e-05,13,0.01,0.9,"mean pinball over (batch, quantiles, horizon)",0.33689752221107483,"{""1e-05"": 0.49553754925727844, ""0.0001"": 0.498993843793869, ""0.001"": 0.49616125226020813, ""0.01"": 0.4962847828865051, ""0.1"": 0.4830498695373535, ""0.3"": 0.45588940382003784, ""1"": 0.41329944133758545, ""3"": 0.3793353736400604, ""10"": 0.3550540506839752, ""30"": 0.3404792249202728, ""45"": 0.33786264061927795, ""65"": 0.33811724185943604, ""90"": 0.33689752221107483}","{""1e-05"": 0.49553754925727844, ""0.0001"": 0.498993843793869, ""0.001"": 0.49616125226020813, ""0.01"": 0.4962847828865051, ""0.1"": 0.4830498695373535, ""0.3"": 0.45588940382003784, ""1"": 0.41329944133758545, ""3"": 0.3793353736400604, ""10"": 0.3550540506839752, ""30"": 0.3404792249202728, ""45"": 0.33786264061927795, ""65"": 0.33811724185943604, ""90"": 0.33689752221107483}",0.3136141300201416,0.33689752221107483,0.26876628398895264,81984,0.3786400221288204,0.8897567676996807
timesfm3,LOOP_SEATTLE_5T,18,L18,block_depth,True,0.9,90.0,True,False,1e-05|0.0001|0.001|0.01|0.1|0.3|1|3|10|30|45|65|90,90.0,1e-05,13,0.01,0.9,"mean pinball over (batch, quantiles, horizon)",0.33033666014671326,"{""1e-05"": 0.48319515585899353, ""0.0001"": 0.48502352833747864, ""0.001"": 0.484506219625473, ""0.01"": 0.48465678095817566, ""0.1"": 0.46807581186294556, ""0.3"": 0.44698217511177063, ""1"": 0.4067218601703644, ""3"": 0.37515076994895935, ""10"": 0.3525660037994385, ""30"": 0.3377504348754883, ""45"": 0.3324224352836609, ""65"": 0.33075207471847534, ""90"": 0.33033666014671326}","{""1e-05"": 0.48319515585899353, ""0.0001"": 0.48502352833747864, ""0.001"": 0.484506219625473, ""0.01"": 0.48465678095817566, ""0.1"": 0.46807581186294556, ""0.3"": 0.44698217511177063, ""1"": 0.4067218601703644, ""3"": 0.37515076994895935, ""10"": 0.3525660037994385, ""30"": 0.3377504348754883, ""45"": 0.3324224352836609, ""65"": 0.33075207471847534, ""90"": 0.33033666014671326}",0.31141677498817444,0.33033666014671326,0.2732695937156677,81984,0.3786400221288204,0.8724293282296676
timesfm3,LOOP_SEATTLE_5T,19,L19,block_depth,True,0.95,90.0,True,False,1e-05|0.0001|0.001|0.01|0.1|0.3|1|3|10|30|45|65|90,90.0,1e-05,13,0.01,0.9,"mean pinball over (batch, quantiles, horizon)",0.33431121706962585,"{""1e-05"": 0.46215081214904785, ""0.0001"": 0.46269211173057556, ""0.001"": 0.4630117416381836, ""0.01"": 0.4613931179046631, ""0.1"": 0.44970589876174927, ""0.3"": 0.43068090081214905, ""1"": 0.4000377058982849, ""3"": 0.3745709955692291, ""10"": 0.3549039363861084, ""30"": 0.3410889208316803, ""45"": 0.33804190158843994, ""65"": 0.33607009053230286, ""90"": 0.33431121706962585}","{""1e-05"": 0.46215081214904785, ""0.0001"": 0.46269211173057556, ""0.001"": 0.4630117416381836, ""0.01"": 0.4613931179046631, ""0.1"": 0.44970589876174927, ""0.3"": 0.43068090081214905, ""1"": 0.4000377058982849, ""3"": 0.3745709955692291, ""10"": 0.3549039363861084, ""30"": 0.3410889208316803, ""45"": 0.33804190158843994, ""65"": 0.33607009053230286, ""90"": 0.33431121706962585}",0.31596148014068604,0.33431121706962585,0.28090375661849976,81984,0.3786400221288204,0.8829262558934854
timesfm3,LOOP_SEATTLE_5T,20,L20,block_depth,True,1.0,65.0,False,False,1e-05|0.0001|0.001|0.01|0.1|0.3|1|3|10|30|45|65|90,90.0,1e-05,13,0.01,0.65,"mean pinball over (batch, quantiles, horizon)",0.3343762755393982,"{""1e-05"": 0.4957498013973236, ""0.0001"": 0.4974013566970825, ""0.001"": 0.4981745481491089, ""0.01"": 0.49539244174957275, ""0.1"": 0.4800109267234802, ""0.3"": 0.45582979917526245, ""1"": 0.4114578068256378, ""3"": 0.3778381943702698, ""10"": 0.35289156436920166, ""30"": 0.3386267125606537, ""45"": 0.3349735736846924, ""65"": 0.3343762755393982, ""90"": 0.3355481028556824}","{""1e-05"": 0.4957498013973236, ""0.0001"": 0.4974013566970825, ""0.001"": 0.4981745481491089, ""0.01"": 0.49539244174957275, ""0.1"": 0.4800109267234802, ""0.3"": 0.45582979917526245, ""1"": 0.4114578068256378, ""3"": 0.3778381943702698, ""10"": 0.35289156436920166, ""30"": 0.3386267125606537, ""45"": 0.3349735736846924, ""65"": 0.3343762755393982, ""90"": 0.3355481028556824}",0.2968348562717438,0.3343762755393982,0.2857866883277893,81984,0.3786400221288204,0.8830980773227325
timesfm3,electricity_15min,0,Emb,block_depth,True,0.0,0.3,False,False,1e-05|0.0001|0.001|0.01|0.1|0.3|1|3|10|30|45|65|90,90.0,1e-05,13,0.01,0.003,"mean pinball over (batch, quantiles, horizon)",0.3573560118675232,"{""1e-05"": 0.3619931936264038, ""0.0001"": 0.36206480860710144, ""0.001"": 0.36163702607154846, ""0.01"": 0.36350226402282715, ""0.1"": 0.361566960811615, ""0.3"": 0.3573560118675232, ""1"": 0.3575282692909241, ""3"": 0.35965558886528015, ""10"": 0.36465153098106384, ""30"": 0.36400550603866577, ""45"": 0.3668230473995209, ""65"": 0.3698991537094116, ""90"": 0.3864095211029053}","{""1e-05"": 0.3619931936264038, ""0.0001"": 0.36206480860710144, ""0.001"": 0.36163702607154846, ""0.01"": 0.36350226402282715, ""0.1"": 0.361566960811615, ""0.3"": 0.3573560118675232, ""1"": 0.3575282692909241, ""3"": 0.35965558886528015, ""10"": 0.36465153098106384, ""30"": 0.36400550603866577, ""45"": 0.3668230473995209, ""65"": 0.3698991537094116, ""90"": 0.3864095211029053}",0.27599796652793884,0.3573560118675232,0.3323696255683899,81984,0.47141998545586605,0.7580417099244482
timesfm3,electricity_15min,1,L1,block_depth,True,0.05,10.0,False,False,1e-05|0.0001|0.001|0.01|0.1|0.3|1|3|10|30|45|65|90,90.0,1e-05,13,0.01,0.1,"mean pinball over (batch, quantiles, horizon)",0.19612155854701996,"{""1e-05"": 0.2193911075592041, ""0.0001"": 0.21768054366111755, ""0.001"": 0.21890072524547577, ""0.01"": 0.21690312027931213, ""0.1"": 0.21663908660411835, ""0.3"": 0.2117203325033188, ""1"": 0.20191319286823273, ""3"": 0.19774578511714935, ""10"": 0.19612155854701996, ""30"": 0.20804695785045624, ""45"": 0.2173023819923401, ""65"": 0.22727084159851074, ""90"": 0.25052452087402344}","{""1e-05"": 0.2193911075592041, ""0.0001"": 0.21768054366111755, ""0.001"": 0.21890072524547577, ""0.01"": 0.21690312027931213, ""0.1"": 0.21663908660411835, ""0.3"": 0.2117203325033188, ""1"": 0.20191319286823273, ""3"": 0.19774578511714935, ""10"": 0.19612155854701996, ""30"": 0.20804695785045624, ""45"": 0.2173023819923401, ""65"": 0.22727084159851074, ""90"": 0.25052452087402344}",0.16448330879211426,0.19612155854701996,0.2503938674926758,81984,0.47141998545586605,0.4160230041103777
timesfm3,electricity_15min,2,L2,block_depth,True,0.1,3.0,False,False,1e-05|0.0001|0.001|0.01|0.1|0.3|1|3|10|30|45|65|90,90.0,1e-05,13,0.01,0.03,"mean pinball over (batch, quantiles, horizon)",0.20315079391002655,"{""1e-05"": 0.24093829095363617, ""0.0001"": 0.2391120344400406, ""0.001"": 0.2384694516658783, ""0.01"": 0.23954042792320251, ""0.1"": 0.23060348629951477, ""0.3"": 0.22499439120292664, ""1"": 0.21198922395706177, ""3"": 0.20315079391002655, ""10"": 0.20388348400592804, ""30"": 0.21136121451854706, ""45"": 0.2196597009897232, ""65"": 0.2290218323469162, ""90"": 0.24629144370555878}","{""1e-05"": 0.24093829095363617, ""0.0001"": 0.2391120344400406, ""0.001"": 0.2384694516658783, ""0.01"": 0.23954042792320251, ""0.1"": 0.23060348629951477, ""0.3"": 0.22499439120292664, ""1"": 0.21198922395706177, ""3"": 0.20315079391002655, ""10"": 0.20388348400592804, ""30"": 0.21136121451854706, ""45"": 0.2196597009897232, ""65"": 0.2290218323469162, ""90"": 0.24629144370555878}",0.14563700556755066,0.20315079391002655,0.25183528661727905,81984,0.47141998545586605,0.43093377493017926
timesfm3,electricity_15min,3,L3,block_depth,True,0.15,10.0,False,False,1e-05|0.0001|0.001|0.01|0.1|0.3|1|3|10|30|45|65|90,90.0,1e-05,13,0.01,0.1,"mean pinball over (batch, quantiles, horizon)",0.1995462030172348,"{""1e-05"": 0.24696926772594452, ""0.0001"": 0.25176379084587097, ""0.001"": 0.2507442533969879, ""0.01"": 0.2435535341501236, ""0.1"": 0.24221915006637573, ""0.3"": 0.23254026472568512, ""1"": 0.21675366163253784, ""3"": 0.20465044677257538, ""10"": 0.1995462030172348, ""30"": 0.20299731194972992, ""45"": 0.2156999409198761, ""65"": 0.2278704196214676, ""90"": 0.24053293466567993}","{""1e-05"": 0.24696926772594452, ""0.0001"": 0.25176379084587097, ""0.001"": 0.2507442533969879, ""0.01"": 0.2435535341501236, ""0.1"": 0.24221915006637573, ""0.3"": 0.23254026472568512, ""1"": 0.21675366163253784, ""3"": 0.20465044677257538, ""10"": 0.1995462030172348, ""30"": 0.20299731194972992, ""45"": 0.2156999409198761, ""65"": 0.2278704196214676, ""90"": 0.24053293466567993}",0.15826354920864105,0.1995462030172348,0.2484687864780426,81984,0.47141998545586605,0.4232875337779165
timesfm3,electricity_15min,4,L4,block_depth,True,0.2,10.0,False,False,1e-05|0.0001|0.001|0.01|0.1|0.3|1|3|10|30|45|65|90,90.0,1e-05,13,0.01,0.1,"mean pinball over (batch, quantiles, horizon)",0.19890311360359192,"{""1e-05"": 0.2515738308429718, ""0.0001"": 0.2510300576686859, ""0.001"": 0.25051775574684143, ""0.01"": 0.25142303109169006, ""0.1"": 0.24468505382537842, ""0.3"": 0.23479178547859192, ""1"": 0.2176007479429245, ""3"": 0.20506195724010468, ""10"": 0.19890311360359192, ""30"": 0.20325691998004913, ""45"": 0.20831739902496338, ""65"": 0.21617746353149414, ""90"": 0.23012560606002808}","{""1e-05"": 0.2515738308429718, ""0.0001"": 0.2510300576686859, ""0.001"": 0.25051775574684143, ""0.01"": 0.25142303109169006, ""0.1"": 0.24468505382537842, ""0.3"": 0.23479178547859192, ""1"": 0.2176007479429245, ""3"": 0.20506195724010468, ""10"": 0.19890311360359192, ""30"": 0.20325691998004913, ""45"": 0.20831739902496338, ""65"": 0.21617746353149414, ""90"": 0.23012560606002808}",0.15634971857070923,0.19890311360359192,0.2500990629196167,81984,0.47141998545586605,0.42192337987378997
timesfm3,electricity_15min,5,L5,block_depth,True,0.25,10.0,False,False,1e-05|0.0001|0.001|0.01|0.1|0.3|1|3|10|30|45|65|90,90.0,1e-05,13,0.01,0.1,"mean pinball over (batch, quantiles, horizon)",0.19988767802715302,"{""1e-05"": 0.25616931915283203, ""0.0001"": 0.2558596134185791, ""0.001"": 0.2560023367404938, ""0.01"": 0.2533472180366516, ""0.1"": 0.24946445226669312, ""0.3"": 0.23915967345237732, ""1"": 0.2196541428565979, ""3"": 0.20448283851146698, ""10"": 0.19988767802715302, ""30"": 0.19990557432174683, ""45"": 0.20939163863658905, ""65"": 0.21907396614551544, ""90"": 0.23967844247817993}","{""1e-05"": 0.25616931915283203, ""0.0001"": 0.2558596134185791, ""0.001"": 0.2560023367404938, ""0.01"": 0.2533472180366516, ""0.1"": 0.24946445226669312, ""0.3"": 0.23915967345237732, ""1"": 0.2196541428565979, ""3"": 0.20448283851146698, ""10"": 0.19988767802715302, ""30"": 0.19990557432174683, ""45"": 0.20939163863658905, ""65"": 0.21907396614551544, ""90"": 0.23967844247817993}",0.15802083909511566,0.19988767802715302,0.24836422502994537,81984,0.47141998545586605,0.4240118879004682
timesfm3,electricity_15min,6,L6,block_depth,True,0.3,10.0,False,False,1e-05|0.0001|0.001|0.01|0.1|0.3|1|3|10|30|45|65|90,90.0,1e-05,13,0.01,0.1,"mean pinball over (batch, quantiles, horizon)",0.20409008860588074,"{""1e-05"": 0.2697564661502838, ""0.0001"": 0.2716136574745178, ""0.001"": 0.2662373185157776, ""0.01"": 0.2688944935798645, ""0.1"": 0.26060840487480164, ""0.3"": 0.2461143136024475, ""1"": 0.22632475197315216, ""3"": 0.21168194711208344, ""10"": 0.20409008860588074, ""30"": 0.2068910449743271, ""45"": 0.21516108512878418, ""65"": 0.22724837064743042, ""90"": 0.24402567744255066}","{""1e-05"": 0.2697564661502838, ""0.0001"": 0.2716136574745178, ""0.001"": 0.2662373185157776, ""0.01"": 0.2688944935798645, ""0.1"": 0.26060840487480164, ""0.3"": 0.2461143136024475, ""1"": 0.22632475197315216, ""3"": 0.21168194711208344, ""10"": 0.20409008860588074, ""30"": 0.2068910449743271, ""45"": 0.21516108512878418, ""65"": 0.22724837064743042, ""90"": 0.24402567744255066}",0.15327410399913788,0.20409008860588074,0.25048914551734924,81984,0.47141998545586605,0.43292625451278727
timesfm3,electricity_15min,7,L7,block_depth,True,0.35,10.0,False,False,1e-05|0.0001|0.001|0.01|0.1|0.3|1|3|10|30|45|65|90,90.0,1e-05,13,0.01,0.1,"mean pinball over (batch, quantiles, horizon)",0.20730175077915192,"{""1e-05"": 0.2815869152545929, ""0.0001"": 0.2811472713947296, ""0.001"": 0.2795790731906891, ""0.01"": 0.280697226524353, ""0.1"": 0.27244535088539124, ""0.3"": 0.25773951411247253, ""1"": 0.23423127830028534, ""3"": 0.2172277569770813, ""10"": 0.20730175077915192, ""30"": 0.21512886881828308, ""45"": 0.2206381857395172, ""65"": 0.22619064152240753, ""90"": 0.2466028779745102}","{""1e-05"": 0.2815869152545929, ""0.0001"": 0.2811472713947296, ""0.001"": 0.2795790731906891, ""0.01"": 0.280697226524353, ""0.1"": 0.27244535088539124, ""0.3"": 0.25773951411247253, ""1"": 0.23423127830028534, ""3"": 0.2172277569770813, ""10"": 0.20730175077915192, ""30"": 0.21512886881828308, ""45"": 0.2206381857395172, ""65"": 0.22619064152240753, ""90"": 0.2466028779745102}",0.15113000571727753,0.20730175077915192,0.2511674165725708,81984,0.47141998545586605,0.4397389953221644
timesfm3,electricity_15min,8,L8,block_depth,True,0.4,10.0,False,False,1e-05|0.0001|0.001|0.01|0.1|0.3|1|3|10|30|45|65|90,90.0,1e-05,13,0.01,0.1,"mean pinball over (batch, quantiles, horizon)",0.20920290052890778,"{""1e-05"": 0.28244513273239136, ""0.0001"": 0.28105998039245605, ""0.001"": 0.2793411910533905, ""0.01"": 0.2784114480018616, ""0.1"": 0.2720869183540344, ""0.3"": 0.2579370141029358, ""1"": 0.23590953648090363, ""3"": 0.21496200561523438, ""10"": 0.20920290052890778, ""30"": 0.21494369208812714, ""45"": 0.2186965048313141, ""65"": 0.2271910011768341, ""90"": 0.24155230820178986}","{""1e-05"": 0.28244513273239136, ""0.0001"": 0.28105998039245605, ""0.001"": 0.2793411910533905, ""0.01"": 0.2784114480018616, ""0.1"": 0.2720869183540344, ""0.3"": 0.2579370141029358, ""1"": 0.23590953648090363, ""3"": 0.21496200561523438, ""10"": 0.20920290052890778, ""30"": 0.21494369208812714, ""45"": 0.2186965048313141, ""65"": 0.2271910011768341, ""90"": 0.24155230820178986}",0.1503443717956543,0.20920290052890778,0.2507784068584442,81984,0.47141998545586605,0.44377181066391846
timesfm3,electricity_15min,9,L9,block_depth,True,0.45,30.0,False,False,1e-05|0.0001|0.001|0.01|0.1|0.3|1|3|10|30|45|65|90,90.0,1e-05,13,0.01,0.3,"mean pinball over (batch, quantiles, horizon)",0.2091391235589981,"{""1e-05"": 0.28740260004997253, ""0.0001"": 0.2870410680770874, ""0.001"": 0.28757035732269287, ""0.01"": 0.283232718706131, ""0.1"": 0.2754979133605957, ""0.3"": 0.25993889570236206, ""1"": 0.23307552933692932, ""3"": 0.21676035225391388, ""10"": 0.21461321413516998, ""30"": 0.2091391235589981, ""45"": 0.21890945732593536, ""65"": 0.22205965220928192, ""90"": 0.23859606683254242}","{""1e-05"": 0.28740260004997253, ""0.0001"": 0.2870410680770874, ""0.001"": 0.28757035732269287, ""0.01"": 0.283232718706131, ""0.1"": 0.2754979133605957, ""0.3"": 0.25993889570236206, ""1"": 0.23307552933692932, ""3"": 0.21676035225391388, ""10"": 0.21461321413516998, ""30"": 0.2091391235589981, ""45"": 0.21890945732593536, ""65"": 0.22205965220928192, ""90"": 0.23859606683254242}",0.16819992661476135,0.2091391235589981,0.2496124505996704,81984,0.47141998545586605,0.4436365237183555
timesfm3,electricity_15min,10,L10,block_depth,True,0.5,10.0,False,False,1e-05|0.0001|0.001|0.01|0.1|0.3|1|3|10|30|45|65|90,90.0,1e-05,13,0.01,0.1,"mean pinball over (batch, quantiles, horizon)",0.21031658351421356,"{""1e-05"": 0.2982019782066345, ""0.0001"": 0.29735252261161804, ""0.001"": 0.2957281768321991, ""0.01"": 0.29747506976127625, ""0.1"": 0.28619053959846497, ""0.3"": 0.26703760027885437, ""1"": 0.23839251697063446, ""3"": 0.21978966891765594, ""10"": 0.21031658351421356, ""30"": 0.21431748569011688, ""45"": 0.22010506689548492, ""65"": 0.2270740419626236, ""90"": 0.23676833510398865}","{""1e-05"": 0.2982019782066345, ""0.0001"": 0.29735252261161804, ""0.001"": 0.2957281768321991, ""0.01"": 0.29747506976127625, ""0.1"": 0.28619053959846497, ""0.3"": 0.26703760027885437, ""1"": 0.23839251697063446, ""3"": 0.21978966891765594, ""10"": 0.21031658351421356, ""30"": 0.21431748569011688, ""45"": 0.22010506689548492, ""65"": 0.2270740419626236, ""90"": 0.23676833510398865}",0.14689338207244873,0.21031658351421356,0.2531302571296692,81984,0.47141998545586605,0.4461342115371628
timesfm3,electricity_15min,11,L11,block_depth,True,0.55,10.0,False,False,1e-05|0.0001|0.001|0.01|0.1|0.3|1|3|10|30|45|65|90,90.0,1e-05,13,0.01,0.1,"mean pinball over (batch, quantiles, horizon)",0.20874707400798798,"{""1e-05"": 0.29945725202560425, ""0.0001"": 0.29585975408554077, ""0.001"": 0.2944580614566803, ""0.01"": 0.2959945797920227, ""0.1"": 0.2858438789844513, ""0.3"": 0.27074381709098816, ""1"": 0.24274100363254547, ""3"": 0.2175852656364441, ""10"": 0.20874707400798798, ""30"": 0.21317383646965027, ""45"": 0.2138325423002243, ""65"": 0.22831907868385315, ""90"": 0.2407684326171875}","{""1e-05"": 0.29945725202560425, ""0.0001"": 0.29585975408554077, ""0.001"": 0.2944580614566803, ""0.01"": 0.2959945797920227, ""0.1"": 0.2858438789844513, ""0.3"": 0.27074381709098816, ""1"": 0.24274100363254547, ""3"": 0.2175852656364441, ""10"": 0.20874707400798798, ""30"": 0.21317383646965027, ""45"": 0.2138325423002243, ""65"": 0.22831907868385315, ""90"": 0.2407684326171875}",0.14787377417087555,0.20874707400798798,0.25545215606689453,81984,0.47141998545586605,0.44280488831233633
timesfm3,electricity_15min,12,L12,block_depth,True,0.6,10.0,False,False,1e-05|0.0001|0.001|0.01|0.1|0.3|1|3|10|30|45|65|90,90.0,1e-05,13,0.01,0.1,"mean pinball over (batch, quantiles, horizon)",0.20563437044620514,"{""1e-05"": 0.2856346666812897, ""0.0001"": 0.28647923469543457, ""0.001"": 0.28611528873443604, ""0.01"": 0.288159042596817, ""0.1"": 0.27665263414382935, ""0.3"": 0.2611762583255768, ""1"": 0.23480261862277985, ""3"": 0.2151552140712738, ""10"": 0.20563437044620514, ""30"": 0.2096518874168396, ""45"": 0.21389666199684143, ""65"": 0.21891893446445465, ""90"": 0.2304760068655014}","{""1e-05"": 0.2856346666812897, ""0.0001"": 0.28647923469543457, ""0.001"": 0.28611528873443604, ""0.01"": 0.288159042596817, ""0.1"": 0.27665263414382935, ""0.3"": 0.2611762583255768, ""1"": 0.23480261862277985, ""3"": 0.2151552140712738, ""10"": 0.20563437044620514, ""30"": 0.2096518874168396, ""45"": 0.21389666199684143, ""65"": 0.21891893446445465, ""90"": 0.2304760068655014}",0.14874209463596344,0.20563437044620514,0.2522224485874176,81984,0.47141998545586605,0.43620206353227775
timesfm3,electricity_15min,13,L13,block_depth,True,0.65,10.0,False,False,1e-05|0.0001|0.001|0.01|0.1|0.3|1|3|10|30|45|65|90,90.0,1e-05,13,0.01,0.1,"mean pinball over (batch, quantiles, horizon)",0.20487594604492188,"{""1e-05"": 0.2907027304172516, ""0.0001"": 0.2862294614315033, ""0.001"": 0.2897506654262543, ""0.01"": 0.2882702350616455, ""0.1"": 0.2782999277114868, ""0.3"": 0.2636951804161072, ""1"": 0.2344360649585724, ""3"": 0.21623648703098297, ""10"": 0.20487594604492188, ""30"": 0.20652371644973755, ""45"": 0.2093854546546936, ""65"": 0.2179671823978424, ""90"": 0.23012547194957733}","{""1e-05"": 0.2907027304172516, ""0.0001"": 0.2862294614315033, ""0.001"": 0.2897506654262543, ""0.01"": 0.2882702350616455, ""0.1"": 0.2782999277114868, ""0.3"": 0.2636951804161072, ""1"": 0.2344360649585724, ""3"": 0.21623648703098297, ""10"": 0.20487594604492188, ""30"": 0.20652371644973755, ""45"": 0.2093854546546936, ""65"": 0.2179671823978424, ""90"": 0.23012547194957733}",0.1485125869512558,0.20487594604492188,0.2539422810077667,81984,0.47141998545586605,0.4345932551985584
timesfm3,electricity_15min,14,L14,block_depth,True,0.7,30.0,False,False,1e-05|0.0001|0.001|0.01|0.1|0.3|1|3|10|30|45|65|90,90.0,1e-05,13,0.01,0.3,"mean pinball over (batch, quantiles, horizon)",0.20527374744415283,"{""1e-05"": 0.3056952655315399, ""0.0001"": 0.31054118275642395, ""0.001"": 0.30442118644714355, ""0.01"": 0.30761897563934326, ""0.1"": 0.29561230540275574, ""0.3"": 0.27935558557510376, ""1"": 0.24595095217227936, ""3"": 0.22068263590335846, ""10"": 0.20824383199214935, ""30"": 0.20527374744415283, ""45"": 0.20858080685138702, ""65"": 0.2150837630033493, ""90"": 0.2259911447763443}","{""1e-05"": 0.3056952655315399, ""0.0001"": 0.31054118275642395, ""0.001"": 0.30442118644714355, ""0.01"": 0.30761897563934326, ""0.1"": 0.29561230540275574, ""0.3"": 0.27935558557510376, ""1"": 0.24595095217227936, ""3"": 0.22068263590335846, ""10"": 0.20824383199214935, ""30"": 0.20527374744415283, ""45"": 0.20858080685138702, ""65"": 0.2150837630033493, ""90"": 0.2259911447763443}",0.16441936790943146,0.20527374744415283,0.24904046952724457,81984,0.47141998545586605,0.43543709171695777
timesfm3,electricity_15min,15,L15,block_depth,True,0.75,30.0,False,False,1e-05|0.0001|0.001|0.01|0.1|0.3|1|3|10|30|45|65|90,90.0,1e-05,13,0.01,0.3,"mean pinball over (batch, quantiles, horizon)",0.20513515174388885,"{""1e-05"": 0.29452794790267944, ""0.0001"": 0.2888139486312866, ""0.001"": 0.29324495792388916, ""0.01"": 0.28958988189697266, ""0.1"": 0.2788158655166626, ""0.3"": 0.2659836709499359, ""1"": 0.23857299983501434, ""3"": 0.21714767813682556, ""10"": 0.20586857199668884, ""30"": 0.20513515174388885, ""45"": 0.20656846463680267, ""65"": 0.21487395465373993, ""90"": 0.22598424553871155}","{""1e-05"": 0.29452794790267944, ""0.0001"": 0.2888139486312866, ""0.001"": 0.29324495792388916, ""0.01"": 0.28958988189697266, ""0.1"": 0.2788158655166626, ""0.3"": 0.2659836709499359, ""1"": 0.23857299983501434, ""3"": 0.21714767813682556, ""10"": 0.20586857199668884, ""30"": 0.20513515174388885, ""45"": 0.20656846463680267, ""65"": 0.21487395465373993, ""90"": 0.22598424553871155}",0.16231855750083923,0.20513515174388885,0.24752233922481537,81984,0.47141998545586605,0.4351430954831537
timesfm3,electricity_15min,16,L16,block_depth,True,0.8,30.0,False,False,1e-05|0.0001|0.001|0.01|0.1|0.3|1|3|10|30|45|65|90,90.0,1e-05,13,0.01,0.3,"mean pinball over (batch, quantiles, horizon)",0.19703851640224457,"{""1e-05"": 0.2782701551914215, ""0.0001"": 0.2782460153102875, ""0.001"": 0.27786052227020264, ""0.01"": 0.2769133746623993, ""0.1"": 0.2709459066390991, ""0.3"": 0.2521212697029114, ""1"": 0.2291722148656845, ""3"": 0.20912298560142517, ""10"": 0.19997762143611908, ""30"": 0.19703851640224457, ""45"": 0.20307104289531708, ""65"": 0.2090829759836197, ""90"": 0.21657918393611908}","{""1e-05"": 0.2782701551914215, ""0.0001"": 0.2782460153102875, ""0.001"": 0.27786052227020264, ""0.01"": 0.2769133746623993, ""0.1"": 0.2709459066390991, ""0.3"": 0.2521212697029114, ""1"": 0.2291722148656845, ""3"": 0.20912298560142517, ""10"": 0.19997762143611908, ""30"": 0.19703851640224457, ""45"": 0.20307104289531708, ""65"": 0.2090829759836197, ""90"": 0.21657918393611908}",0.15889476239681244,0.19703851640224457,0.24790167808532715,81984,0.47141998545586605,0.41796810165293924
timesfm3,electricity_15min,17,L17,block_depth,True,0.85,45.0,False,False,1e-05|0.0001|0.001|0.01|0.1|0.3|1|3|10|30|45|65|90,90.0,1e-05,13,0.01,0.45,"mean pinball over (batch, quantiles, horizon)",0.19243840873241425,"{""1e-05"": 0.27624207735061646, ""0.0001"": 0.27602657675743103, ""0.001"": 0.272979736328125, ""0.01"": 0.2731035649776459, ""0.1"": 0.26844245195388794, ""0.3"": 0.2521534264087677, ""1"": 0.22601476311683655, ""3"": 0.20610053837299347, ""10"": 0.19626344740390778, ""30"": 0.19374719262123108, ""45"": 0.19243840873241425, ""65"": 0.2004556804895401, ""90"": 0.21065464615821838}","{""1e-05"": 0.27624207735061646, ""0.0001"": 0.27602657675743103, ""0.001"": 0.272979736328125, ""0.01"": 0.2731035649776459, ""0.1"": 0.26844245195388794, ""0.3"": 0.2521534264087677, ""1"": 0.22601476311683655, ""3"": 0.20610053837299347, ""10"": 0.19626344740390778, ""30"": 0.19374719262123108, ""45"": 0.19243840873241425, ""65"": 0.2004556804895401, ""90"": 0.21065464615821838}",0.16721008718013763,0.19243840873241425,0.24587127566337585,81984,0.47141998545586605,0.4082101197859168
timesfm3,electricity_15min,18,L18,block_depth,True,0.9,10.0,False,False,1e-05|0.0001|0.001|0.01|0.1|0.3|1|3|10|30|45|65|90,90.0,1e-05,13,0.01,0.1,"mean pinball over (batch, quantiles, horizon)",0.19505630433559418,"{""1e-05"": 0.27919766306877136, ""0.0001"": 0.277119517326355, ""0.001"": 0.27630335092544556, ""0.01"": 0.27568385004997253, ""0.1"": 0.26757651567459106, ""0.3"": 0.255730539560318, ""1"": 0.22853218019008636, ""3"": 0.20935603976249695, ""10"": 0.19505630433559418, ""30"": 0.19516146183013916, ""45"": 0.19911853969097137, ""65"": 0.20209147036075592, ""90"": 0.20859605073928833}","{""1e-05"": 0.27919766306877136, ""0.0001"": 0.277119517326355, ""0.001"": 0.27630335092544556, ""0.01"": 0.27568385004997253, ""0.1"": 0.26757651567459106, ""0.3"": 0.255730539560318, ""1"": 0.22853218019008636, ""3"": 0.20935603976249695, ""10"": 0.19505630433559418, ""30"": 0.19516146183013916, ""45"": 0.19911853969097137, ""65"": 0.20209147036075592, ""90"": 0.20859605073928833}",0.1422698199748993,0.19505630433559418,0.24886153638362885,81984,0.47141998545586605,0.41376333281028277
timesfm3,electricity_15min,19,L19,block_depth,True,0.95,30.0,False,False,1e-05|0.0001|0.001|0.01|0.1|0.3|1|3|10|30|45|65|90,90.0,1e-05,13,0.01,0.3,"mean pinball over (batch, quantiles, horizon)",0.19657278060913086,"{""1e-05"": 0.2707776725292206, ""0.0001"": 0.27116310596466064, ""0.001"": 0.26905199885368347, ""0.01"": 0.2679471969604492, ""0.1"": 0.2623026669025421, ""0.3"": 0.24913211166858673, ""1"": 0.2276933640241623, ""3"": 0.2088666707277298, ""10"": 0.1966259479522705, ""30"": 0.19657278060913086, ""45"": 0.20335225760936737, ""65"": 0.2064756453037262, ""90"": 0.21626071631908417}","{""1e-05"": 0.2707776725292206, ""0.0001"": 0.27116310596466064, ""0.001"": 0.26905199885368347, ""0.01"": 0.2679471969604492, ""0.1"": 0.2623026669025421, ""0.3"": 0.24913211166858673, ""1"": 0.2276933640241623, ""3"": 0.2088666707277298, ""10"": 0.1966259479522705, ""30"": 0.19657278060913086, ""45"": 0.20335225760936737, ""65"": 0.2064756453037262, ""90"": 0.21626071631908417}",0.15704776346683502,0.19657278060913086,0.2435031682252884,81984,0.47141998545586605,0.4169801592502358
timesfm3,electricity_15min,20,L20,block_depth,True,1.0,30.0,False,False,1e-05|0.0001|0.001|0.01|0.1|0.3|1|3|10|30|45|65|90,90.0,1e-05,13,0.01,0.3,"mean pinball over (batch, quantiles, horizon)",0.20670409500598907,"{""1e-05"": 0.2984815537929535, ""0.0001"": 0.29822200536727905, ""0.001"": 0.29747384786605835, ""0.01"": 0.2970711290836334, ""0.1"": 0.28846555948257446, ""0.3"": 0.27553674578666687, ""1"": 0.24857644736766815, ""3"": 0.2254408895969391, ""10"": 0.20867283642292023, ""30"": 0.20670409500598907, ""45"": 0.20930062234401703, ""65"": 0.2144128382205963, ""90"": 0.22523370385169983}","{""1e-05"": 0.2984815537929535, ""0.0001"": 0.29822200536727905, ""0.001"": 0.29747384786605835, ""0.01"": 0.2970711290836334, ""0.1"": 0.28846555948257446, ""0.3"": 0.27553674578666687, ""1"": 0.24857644736766815, ""3"": 0.2254408895969391, ""10"": 0.20867283642292023, ""30"": 0.20670409500598907, ""45"": 0.20930062234401703, ""65"": 0.2144128382205963, ""90"": 0.22523370385169983}",0.15057356655597687,0.20670409500598907,0.2476707100868225,81984,0.47141998545586605,0.43847121756220186
timesfm3,SZ_TAXI_15T,0,Emb,block_depth,True,0.0,65.0,False,False,1e-05|0.0001|0.001|0.01|0.1|0.3|1|3|10|30|45|65|90,90.0,1e-05,13,0.01,0.65,"mean pinball over (batch, quantiles, horizon)",0.3831314146518707,"{""1e-05"": 0.41868141293525696, ""0.0001"": 0.4201180040836334, ""0.001"": 0.4192880392074585, ""0.01"": 0.41919419169425964, ""0.1"": 0.4165179133415222, ""0.3"": 0.41033875942230225, ""1"": 0.4011014699935913, ""3"": 0.39420026540756226, ""10"": 0.3914160430431366, ""30"": 0.3884890675544739, ""45"": 0.3866816461086273, ""65"": 0.3831314146518707, ""90"": 0.385031521320343}","{""1e-05"": 0.41868141293525696, ""0.0001"": 0.4201180040836334, ""0.001"": 0.4192880392074585, ""0.01"": 0.41919419169425964, ""0.1"": 0.4165179133415222, ""0.3"": 0.41033875942230225, ""1"": 0.4011014699935913, ""3"": 0.39420026540756226, ""10"": 0.3914160430431366, ""30"": 0.3884890675544739, ""45"": 0.3866816461086273, ""65"": 0.3831314146518707, ""90"": 0.385031521320343}",0.35655370354652405,0.3831314146518707,0.4139973521232605,81984,0.37561304418322367,1.0200162656358112
timesfm3,SZ_TAXI_15T,1,L1,block_depth,True,0.05,65.0,False,False,1e-05|0.0001|0.001|0.01|0.1|0.3|1|3|10|30|45|65|90,90.0,1e-05,13,0.01,0.65,"mean pinball over (batch, quantiles, horizon)",0.37526553869247437,"{""1e-05"": 0.4382496476173401, ""0.0001"": 0.43899253010749817, ""0.001"": 0.43710845708847046, ""0.01"": 0.4388454258441925, ""0.1"": 0.4327179491519928, ""0.3"": 0.4237067401409149, ""1"": 0.40714240074157715, ""3"": 0.3930041491985321, ""10"": 0.3823544383049011, ""30"": 0.3766167163848877, ""45"": 0.376547247171402, ""65"": 0.37526553869247437, ""90"": 0.37684789299964905}","{""1e-05"": 0.4382496476173401, ""0.0001"": 0.43899253010749817, ""0.001"": 0.43710845708847046, ""0.01"": 0.4388454258441925, ""0.1"": 0.4327179491519928, ""0.3"": 0.4237067401409149, ""1"": 0.40714240074157715, ""3"": 0.3930041491985321, ""10"": 0.3823544383049011, ""30"": 0.3766167163848877, ""45"": 0.376547247171402, ""65"": 0.37526553869247437, ""90"": 0.37684789299964905}",0.330888956785202,0.37526553869247437,0.40967023372650146,81984,0.37561304418322367,0.9990748311430319
timesfm3,SZ_TAXI_15T,2,L2,block_depth,True,0.1,90.0,True,False,1e-05|0.0001|0.001|0.01|0.1|0.3|1|3|10|30|45|65|90,90.0,1e-05,13,0.01,0.9,"mean pinball over (batch, quantiles, horizon)",0.3727700114250183,"{""1e-05"": 0.4897775948047638, ""0.0001"": 0.4907473623752594, ""0.001"": 0.49096328020095825, ""0.01"": 0.48873570561408997, ""0.1"": 0.4789704978466034, ""0.3"": 0.46140652894973755, ""1"": 0.4299035370349884, ""3"": 0.40537628531455994, ""10"": 0.38613584637641907, ""30"": 0.37626203894615173, ""45"": 0.3737011253833771, ""65"": 0.3734983801841736, ""90"": 0.3727700114250183}","{""1e-05"": 0.4897775948047638, ""0.0001"": 0.4907473623752594, ""0.001"": 0.49096328020095825, ""0.01"": 0.48873570561408997, ""0.1"": 0.4789704978466034, ""0.3"": 0.46140652894973755, ""1"": 0.4299035370349884, ""3"": 0.40537628531455994, ""10"": 0.38613584637641907, ""30"": 0.37626203894615173, ""45"": 0.3737011253833771, ""65"": 0.3734983801841736, ""90"": 0.3727700114250183}",0.32143503427505493,0.3727700114250183,0.4071754515171051,81984,0.37561304418322367,0.9924309530719638
timesfm3,SZ_TAXI_15T,3,L3,block_depth,True,0.15,90.0,True,False,1e-05|0.0001|0.001|0.01|0.1|0.3|1|3|10|30|45|65|90,90.0,1e-05,13,0.01,0.9,"mean pinball over (batch, quantiles, horizon)",0.3716522753238678,"{""1e-05"": 0.5336534380912781, ""0.0001"": 0.5341596603393555, ""0.001"": 0.5333161354064941, ""0.01"": 0.5324205756187439, ""0.1"": 0.5172422528266907, ""0.3"": 0.4952073395252228, ""1"": 0.4520114064216614, ""3"": 0.4185693860054016, ""10"": 0.39218658208847046, ""30"": 0.37972602248191833, ""45"": 0.3743409514427185, ""65"": 0.3719506561756134, ""90"": 0.3716522753238678}","{""1e-05"": 0.5336534380912781, ""0.0001"": 0.5341596603393555, ""0.001"": 0.5333161354064941, ""0.01"": 0.5324205756187439, ""0.1"": 0.5172422528266907, ""0.3"": 0.4952073395252228, ""1"": 0.4520114064216614, ""3"": 0.4185693860054016, ""10"": 0.39218658208847046, ""30"": 0.37972602248191833, ""45"": 0.3743409514427185, ""65"": 0.3719506561756134, ""90"": 0.3716522753238678}",0.3099614083766937,0.3716522753238678,0.4086556136608124,81984,0.37561304418322367,0.989455188203145
timesfm3,SZ_TAXI_15T,4,L4,block_depth,True,0.2,90.0,True,False,1e-05|0.0001|0.001|0.01|0.1|0.3|1|3|10|30|45|65|90,90.0,1e-05,13,0.01,0.9,"mean pinball over (batch, quantiles, horizon)",0.37177395820617676,"{""1e-05"": 0.5540631413459778, ""0.0001"": 0.5530980229377747, ""0.001"": 0.5537653565406799, ""0.01"": 0.5523983240127563, ""0.1"": 0.5384440422058105, ""0.3"": 0.5091395378112793, ""1"": 0.4615277051925659, ""3"": 0.421988308429718, ""10"": 0.3934355676174164, ""30"": 0.37894582748413086, ""45"": 0.37367838621139526, ""65"": 0.3724990785121918, ""90"": 0.37177395820617676}","{""1e-05"": 0.5540631413459778, ""0.0001"": 0.5530980229377747, ""0.001"": 0.5537653565406799, ""0.01"": 0.5523983240127563, ""0.1"": 0.5384440422058105, ""0.3"": 0.5091395378112793, ""1"": 0.4615277051925659, ""3"": 0.421988308429718, ""10"": 0.3934355676174164, ""30"": 0.37894582748413086, ""45"": 0.37367838621139526, ""65"": 0.3724990785121918, ""90"": 0.37177395820617676}",0.30856209993362427,0.37177395820617676,0.4083176851272583,81984,0.37561304418322367,0.9897791462876507
timesfm3,SZ_TAXI_15T,5,L5,block_depth,True,0.25,90.0,True,False,1e-05|0.0001|0.001|0.01|0.1|0.3|1|3|10|30|45|65|90,90.0,1e-05,13,0.01,0.9,"mean pinball over (batch, quantiles, horizon)",0.36889198422431946,"{""1e-05"": 0.567084014415741, ""0.0001"": 0.5697931051254272, ""0.001"": 0.568080484867096, ""0.01"": 0.5651612281799316, ""0.1"": 0.5501733422279358, ""0.3"": 0.5227723121643066, ""1"": 0.4680499732494354, ""3"": 0.4237542748451233, ""10"": 0.3933384418487549, ""30"": 0.3754449188709259, ""45"": 0.37162336707115173, ""65"": 0.3700360357761383, ""90"": 0.36889198422431946}","{""1e-05"": 0.567084014415741, ""0.0001"": 0.5697931051254272, ""0.001"": 0.568080484867096, ""0.01"": 0.5651612281799316, ""0.1"": 0.5501733422279358, ""0.3"": 0.5227723121643066, ""1"": 0.4680499732494354, ""3"": 0.4237542748451233, ""10"": 0.3933384418487549, ""30"": 0.3754449188709259, ""45"": 0.37162336707115173, ""65"": 0.3700360357761383, ""90"": 0.36889198422431946}",0.31010740995407104,0.36889198422431946,0.40490400791168213,81984,0.37561304418322367,0.9821064255808282
timesfm3,SZ_TAXI_15T,6,L6,block_depth,True,0.3,65.0,False,False,1e-05|0.0001|0.001|0.01|0.1|0.3|1|3|10|30|45|65|90,90.0,1e-05,13,0.01,0.65,"mean pinball over (batch, quantiles, horizon)",0.36816129088401794,"{""1e-05"": 0.5774943828582764, ""0.0001"": 0.5780050754547119, ""0.001"": 0.5788977146148682, ""0.01"": 0.5760540962219238, ""0.1"": 0.5583454370498657, ""0.3"": 0.5280655026435852, ""1"": 0.4718119502067566, ""3"": 0.42585211992263794, ""10"": 0.39226531982421875, ""30"": 0.37582799792289734, ""45"": 0.3719494342803955, ""65"": 0.36816129088401794, ""90"": 0.3687129318714142}","{""1e-05"": 0.5774943828582764, ""0.0001"": 0.5780050754547119, ""0.001"": 0.5788977146148682, ""0.01"": 0.5760540962219238, ""0.1"": 0.5583454370498657, ""0.3"": 0.5280655026435852, ""1"": 0.4718119502067566, ""3"": 0.42585211992263794, ""10"": 0.39226531982421875, ""30"": 0.37582799792289734, ""45"": 0.3719494342803955, ""65"": 0.36816129088401794, ""90"": 0.3687129318714142}",0.29982495307922363,0.36816129088401794,0.40708664059638977,81984,0.37561304418322367,0.9801610902107788
timesfm3,SZ_TAXI_15T,7,L7,block_depth,True,0.35,90.0,True,False,1e-05|0.0001|0.001|0.01|0.1|0.3|1|3|10|30|45|65|90,90.0,1e-05,13,0.01,0.9,"mean pinball over (batch, quantiles, horizon)",0.367026686668396,"{""1e-05"": 0.5876709222793579, ""0.0001"": 0.5878957509994507, ""0.001"": 0.5883300304412842, ""0.01"": 0.5849658250808716, ""0.1"": 0.5666971802711487, ""0.3"": 0.5346494913101196, ""1"": 0.4743058681488037, ""3"": 0.4247470796108246, ""10"": 0.39107373356819153, ""30"": 0.37425804138183594, ""45"": 0.3715261220932007, ""65"": 0.3678114414215088, ""90"": 0.367026686668396}","{""1e-05"": 0.5876709222793579, ""0.0001"": 0.5878957509994507, ""0.001"": 0.5883300304412842, ""0.01"": 0.5849658250808716, ""0.1"": 0.5666971802711487, ""0.3"": 0.5346494913101196, ""1"": 0.4743058681488037, ""3"": 0.4247470796108246, ""10"": 0.39107373356819153, ""30"": 0.37425804138183594, ""45"": 0.3715261220932007, ""65"": 0.3678114414215088, ""90"": 0.367026686668396}",0.311869740486145,0.367026686668396,0.4020126461982727,81984,0.37561304418322367,0.9771404171186364
timesfm3,SZ_TAXI_15T,8,L8,block_depth,True,0.4,90.0,True,False,1e-05|0.0001|0.001|0.01|0.1|0.3|1|3|10|30|45|65|90,90.0,1e-05,13,0.01,0.9,"mean pinball over (batch, quantiles, horizon)",0.3664681613445282,"{""1e-05"": 0.5858732461929321, ""0.0001"": 0.5852473378181458, ""0.001"": 0.5858972072601318, ""0.01"": 0.5825634598731995, ""0.1"": 0.5659701824188232, ""0.3"": 0.5320577621459961, ""1"": 0.4715912342071533, ""3"": 0.42391929030418396, ""10"": 0.39011579751968384, ""30"": 0.37331587076187134, ""45"": 0.36842969059944153, ""65"": 0.3669147193431854, ""90"": 0.3664681613445282}","{""1e-05"": 0.5858732461929321, ""0.0001"": 0.5852473378181458, ""0.001"": 0.5858972072601318, ""0.01"": 0.5825634598731995, ""0.1"": 0.5659701824188232, ""0.3"": 0.5320577621459961, ""1"": 0.4715912342071533, ""3"": 0.42391929030418396, ""10"": 0.39011579751968384, ""30"": 0.37331587076187134, ""45"": 0.36842969059944153, ""65"": 0.3669147193431854, ""90"": 0.3664681613445282}",0.31262171268463135,0.3664681613445282,0.4032852053642273,81984,0.37561304418322367,0.9756534471304606
timesfm3,SZ_TAXI_15T,9,L9,block_depth,True,0.45,65.0,False,False,1e-05|0.0001|0.001|0.01|0.1|0.3|1|3|10|30|45|65|90,90.0,1e-05,13,0.01,0.65,"mean pinball over (batch, quantiles, horizon)",0.36751988530158997,"{""1e-05"": 0.6062798500061035, ""0.0001"": 0.6071287393569946, ""0.001"": 0.6070033311843872, ""0.01"": 0.6056109666824341, ""0.1"": 0.5836280584335327, ""0.3"": 0.5498585104942322, ""1"": 0.4826538562774658, ""3"": 0.42916783690452576, ""10"": 0.3933536112308502, ""30"": 0.3722120225429535, ""45"": 0.36946016550064087, ""65"": 0.36751988530158997, ""90"": 0.36772626638412476}","{""1e-05"": 0.6062798500061035, ""0.0001"": 0.6071287393569946, ""0.001"": 0.6070033311843872, ""0.01"": 0.6056109666824341, ""0.1"": 0.5836280584335327, ""0.3"": 0.5498585104942322, ""1"": 0.4826538562774658, ""3"": 0.42916783690452576, ""10"": 0.3933536112308502, ""30"": 0.3722120225429535, ""45"": 0.36946016550064087, ""65"": 0.36751988530158997, ""90"": 0.36772626638412476}",0.29998841881752014,0.36751988530158997,0.40434834361076355,81984,0.37561304418322367,0.9784534669203717
timesfm3,SZ_TAXI_15T,10,L10,block_depth,True,0.5,65.0,False,False,1e-05|0.0001|0.001|0.01|0.1|0.3|1|3|10|30|45|65|90,90.0,1e-05,13,0.01,0.65,"mean pinball over (batch, quantiles, horizon)",0.3692176938056946,"{""1e-05"": 0.5773388743400574, ""0.0001"": 0.576103925704956, ""0.001"": 0.5807433724403381, ""0.01"": 0.5739509463310242, ""0.1"": 0.5565716624259949, ""0.3"": 0.5271266102790833, ""1"": 0.4698937237262726, ""3"": 0.4200862944126129, ""10"": 0.38910117745399475, ""30"": 0.3745049834251404, ""45"": 0.369240403175354, ""65"": 0.3692176938056946, ""90"": 0.36937054991722107}","{""1e-05"": 0.5773388743400574, ""0.0001"": 0.576103925704956, ""0.001"": 0.5807433724403381, ""0.01"": 0.5739509463310242, ""0.1"": 0.5565716624259949, ""0.3"": 0.5271266102790833, ""1"": 0.4698937237262726, ""3"": 0.4200862944126129, ""10"": 0.38910117745399475, ""30"": 0.3745049834251404, ""45"": 0.369240403175354, ""65"": 0.3692176938056946, ""90"": 0.36937054991722107}",0.3057480454444885,0.3692176938056946,0.40456971526145935,81984,0.37561304418322367,0.9829735668753574
timesfm3,SZ_TAXI_15T,11,L11,block_depth,True,0.55,65.0,False,False,1e-05|0.0001|0.001|0.01|0.1|0.3|1|3|10|30|45|65|90,90.0,1e-05,13,0.01,0.65,"mean pinball over (batch, quantiles, horizon)",0.36774522066116333,"{""1e-05"": 0.5790559649467468, ""0.0001"": 0.5789459943771362, ""0.001"": 0.5787999629974365, ""0.01"": 0.5770191550254822, ""0.1"": 0.559315025806427, ""0.3"": 0.5285472869873047, ""1"": 0.46811631321907043, ""3"": 0.42148223519325256, ""10"": 0.38916924595832825, ""30"": 0.3733125329017639, ""45"": 0.3706212341785431, ""65"": 0.36774522066116333, ""90"": 0.3684467673301697}","{""1e-05"": 0.5790559649467468, ""0.0001"": 0.5789459943771362, ""0.001"": 0.5787999629974365, ""0.01"": 0.5770191550254822, ""0.1"": 0.559315025806427, ""0.3"": 0.5285472869873047, ""1"": 0.46811631321907043, ""3"": 0.42148223519325256, ""10"": 0.38916924595832825, ""30"": 0.3733125329017639, ""45"": 0.3706212341785431, ""65"": 0.36774522066116333, ""90"": 0.3684467673301697}",0.3062439262866974,0.36774522066116333,0.4055921137332916,81984,0.37561304418322367,0.9790533804831804
timesfm3,SZ_TAXI_15T,12,L12,block_depth,True,0.6,65.0,False,False,1e-05|0.0001|0.001|0.01|0.1|0.3|1|3|10|30|45|65|90,90.0,1e-05,13,0.01,0.65,"mean pinball over (batch, quantiles, horizon)",0.3692561089992523,"{""1e-05"": 0.5600734949111938, ""0.0001"": 0.5603514313697815, ""0.001"": 0.5610925555229187, ""0.01"": 0.5587552189826965, ""0.1"": 0.54139244556427, ""0.3"": 0.5137167572975159, ""1"": 0.4591013789176941, ""3"": 0.41684508323669434, ""10"": 0.3887418210506439, ""30"": 0.3731529712677002, ""45"": 0.3717445135116577, ""65"": 0.3692561089992523, ""90"": 0.37204548716545105}","{""1e-05"": 0.5600734949111938, ""0.0001"": 0.5603514313697815, ""0.001"": 0.5610925555229187, ""0.01"": 0.5587552189826965, ""0.1"": 0.54139244556427, ""0.3"": 0.5137167572975159, ""1"": 0.4591013789176941, ""3"": 0.41684508323669434, ""10"": 0.3887418210506439, ""30"": 0.3731529712677002, ""45"": 0.3717445135116577, ""65"": 0.3692561089992523, ""90"": 0.37204548716545105}",0.30710214376449585,0.3692561089992523,0.40555113554000854,81984,0.37561304418322367,0.983075840196672
timesfm3,SZ_TAXI_15T,13,L13,block_depth,True,0.65,65.0,False,False,1e-05|0.0001|0.001|0.01|0.1|0.3|1|3|10|30|45|65|90,90.0,1e-05,13,0.01,0.65,"mean pinball over (batch, quantiles, horizon)",0.364908367395401,"{""1e-05"": 0.5572090148925781, ""0.0001"": 0.5571058392524719, ""0.001"": 0.5580965876579285, ""0.01"": 0.5553391575813293, ""0.1"": 0.5395805835723877, ""0.3"": 0.5093328952789307, ""1"": 0.46062880754470825, ""3"": 0.41642311215400696, ""10"": 0.38764527440071106, ""30"": 0.3724862337112427, ""45"": 0.37079617381095886, ""65"": 0.364908367395401, ""90"": 0.36904963850975037}","{""1e-05"": 0.5572090148925781, ""0.0001"": 0.5571058392524719, ""0.001"": 0.5580965876579285, ""0.01"": 0.5553391575813293, ""0.1"": 0.5395805835723877, ""0.3"": 0.5093328952789307, ""1"": 0.46062880754470825, ""3"": 0.41642311215400696, ""10"": 0.38764527440071106, ""30"": 0.3724862337112427, ""45"": 0.37079617381095886, ""65"": 0.364908367395401, ""90"": 0.36904963850975037}",0.30937469005584717,0.364908367395401,0.4038001000881195,81984,0.37561304418322367,0.9715007853065909
timesfm3,SZ_TAXI_15T,14,L14,block_depth,True,0.7,45.0,False,False,1e-05|0.0001|0.001|0.01|0.1|0.3|1|3|10|30|45|65|90,90.0,1e-05,13,0.01,0.45,"mean pinball over (batch, quantiles, horizon)",0.3665957450866699,"{""1e-05"": 0.5677154660224915, ""0.0001"": 0.5664343237876892, ""0.001"": 0.566718578338623, ""0.01"": 0.563048243522644, ""0.1"": 0.5484837889671326, ""0.3"": 0.5213485956192017, ""1"": 0.46739286184310913, ""3"": 0.42476966977119446, ""10"": 0.3901575207710266, ""30"": 0.37157291173934937, ""45"": 0.3665957450866699, ""65"": 0.3675174415111542, ""90"": 0.3682771921157837}","{""1e-05"": 0.5677154660224915, ""0.0001"": 0.5664343237876892, ""0.001"": 0.566718578338623, ""0.01"": 0.563048243522644, ""0.1"": 0.5484837889671326, ""0.3"": 0.5213485956192017, ""1"": 0.46739286184310913, ""3"": 0.42476966977119446, ""10"": 0.3901575207710266, ""30"": 0.37157291173934937, ""45"": 0.3665957450866699, ""65"": 0.3675174415111542, ""90"": 0.3682771921157837}",0.29493772983551025,0.3665957450866699,0.40554845333099365,81984,0.37561304418322367,0.9759931151588146
timesfm3,SZ_TAXI_15T,15,L15,block_depth,True,0.75,65.0,False,False,1e-05|0.0001|0.001|0.01|0.1|0.3|1|3|10|30|45|65|90,90.0,1e-05,13,0.01,0.65,"mean pinball over (batch, quantiles, horizon)",0.3665357232093811,"{""1e-05"": 0.5708589553833008, ""0.0001"": 0.5706712603569031, ""0.001"": 0.570878267288208, ""0.01"": 0.5692280530929565, ""0.1"": 0.5542765259742737, ""0.3"": 0.5263620018959045, ""1"": 0.47279471158981323, ""3"": 0.42713841795921326, ""10"": 0.3913464844226837, ""30"": 0.37194687128067017, ""45"": 0.36816418170928955, ""65"": 0.3665357232093811, ""90"": 0.3691863715648651}","{""1e-05"": 0.5708589553833008, ""0.0001"": 0.5706712603569031, ""0.001"": 0.570878267288208, ""0.01"": 0.5692280530929565, ""0.1"": 0.5542765259742737, ""0.3"": 0.5263620018959045, ""1"": 0.47279471158981323, ""3"": 0.42713841795921326, ""10"": 0.3913464844226837, ""30"": 0.37194687128067017, ""45"": 0.36816418170928955, ""65"": 0.3665357232093811, ""90"": 0.3691863715648651}",0.3069869577884674,0.3665357232093811,0.4076298475265503,81984,0.37561304418322367,0.9758333180532073
timesfm3,SZ_TAXI_15T,16,L16,block_depth,True,0.8,65.0,False,False,1e-05|0.0001|0.001|0.01|0.1|0.3|1|3|10|30|45|65|90,90.0,1e-05,13,0.01,0.65,"mean pinball over (batch, quantiles, horizon)",0.36146774888038635,"{""1e-05"": 0.5790371894836426, ""0.0001"": 0.5804009437561035, ""0.001"": 0.5783230066299438, ""0.01"": 0.5761110186576843, ""0.1"": 0.5590307712554932, ""0.3"": 0.529851496219635, ""1"": 0.4734005630016327, ""3"": 0.4223218560218811, ""10"": 0.3868580758571625, ""30"": 0.3689742684364319, ""45"": 0.36616402864456177, ""65"": 0.36146774888038635, ""90"": 0.3663805425167084}","{""1e-05"": 0.5790371894836426, ""0.0001"": 0.5804009437561035, ""0.001"": 0.5783230066299438, ""0.01"": 0.5761110186576843, ""0.1"": 0.5590307712554932, ""0.3"": 0.529851496219635, ""1"": 0.4734005630016327, ""3"": 0.4223218560218811, ""10"": 0.3868580758571625, ""30"": 0.3689742684364319, ""45"": 0.36616402864456177, ""65"": 0.36146774888038635, ""90"": 0.3663805425167084}",0.30416741967201233,0.36146774888038635,0.40587952733039856,81984,0.37561304418322367,0.9623407772389895
timesfm3,SZ_TAXI_15T,17,L17,block_depth,True,0.85,65.0,False,False,1e-05|0.0001|0.001|0.01|0.1|0.3|1|3|10|30|45|65|90,90.0,1e-05,13,0.01,0.65,"mean pinball over (batch, quantiles, horizon)",0.3634219169616699,"{""1e-05"": 0.5659741163253784, ""0.0001"": 0.5641431212425232, ""0.001"": 0.5645212531089783, ""0.01"": 0.5618693232536316, ""0.1"": 0.5480606555938721, ""0.3"": 0.5182528495788574, ""1"": 0.4664015769958496, ""3"": 0.42143988609313965, ""10"": 0.3890225887298584, ""30"": 0.37028786540031433, ""45"": 0.3674764335155487, ""65"": 0.3634219169616699, ""90"": 0.36694419384002686}","{""1e-05"": 0.5659741163253784, ""0.0001"": 0.5641431212425232, ""0.001"": 0.5645212531089783, ""0.01"": 0.5618693232536316, ""0.1"": 0.5480606555938721, ""0.3"": 0.5182528495788574, ""1"": 0.4664015769958496, ""3"": 0.42143988609313965, ""10"": 0.3890225887298584, ""30"": 0.37028786540031433, ""45"": 0.3674764335155487, ""65"": 0.3634219169616699, ""90"": 0.36694419384002686}",0.3018820285797119,0.3634219169616699,0.40407752990722656,81984,0.37561304418322367,0.9675433869767128
timesfm3,SZ_TAXI_15T,18,L18,block_depth,True,0.9,90.0,True,False,1e-05|0.0001|0.001|0.01|0.1|0.3|1|3|10|30|45|65|90,90.0,1e-05,13,0.01,0.9,"mean pinball over (batch, quantiles, horizon)",0.3647521436214447,"{""1e-05"": 0.5573732256889343, ""0.0001"": 0.555807888507843, ""0.001"": 0.5569689869880676, ""0.01"": 0.5533179044723511, ""0.1"": 0.5393825769424438, ""0.3"": 0.5129196643829346, ""1"": 0.46275898814201355, ""3"": 0.4210156202316284, ""10"": 0.3893063962459564, ""30"": 0.3707745671272278, ""45"": 0.36842262744903564, ""65"": 0.36601880192756653, ""90"": 0.3647521436214447}","{""1e-05"": 0.5573732256889343, ""0.0001"": 0.555807888507843, ""0.001"": 0.5569689869880676, ""0.01"": 0.5533179044723511, ""0.1"": 0.5393825769424438, ""0.3"": 0.5129196643829346, ""1"": 0.46275898814201355, ""3"": 0.4210156202316284, ""10"": 0.3893063962459564, ""30"": 0.3707745671272278, ""45"": 0.36842262744903564, ""65"": 0.36601880192756653, ""90"": 0.3647521436214447}",0.3151443600654602,0.3647521436214447,0.40600693225860596,81984,0.37561304418322367,0.9710848685103678
timesfm3,SZ_TAXI_15T,19,L19,block_depth,True,0.95,65.0,False,False,1e-05|0.0001|0.001|0.01|0.1|0.3|1|3|10|30|45|65|90,90.0,1e-05,13,0.01,0.65,"mean pinball over (batch, quantiles, horizon)",0.3597617447376251,"{""1e-05"": 0.5396421551704407, ""0.0001"": 0.5385996103286743, ""0.001"": 0.5389316082000732, ""0.01"": 0.5373228788375854, ""0.1"": 0.5218751430511475, ""0.3"": 0.4971553087234497, ""1"": 0.45243650674819946, ""3"": 0.4114254117012024, ""10"": 0.382197767496109, ""30"": 0.3655852973461151, ""45"": 0.36379486322402954, ""65"": 0.3597617447376251, ""90"": 0.36430442333221436}","{""1e-05"": 0.5396421551704407, ""0.0001"": 0.5385996103286743, ""0.001"": 0.5389316082000732, ""0.01"": 0.5373228788375854, ""0.1"": 0.5218751430511475, ""0.3"": 0.4971553087234497, ""1"": 0.45243650674819946, ""3"": 0.4114254117012024, ""10"": 0.382197767496109, ""30"": 0.3655852973461151, ""45"": 0.36379486322402954, ""65"": 0.3597617447376251, ""90"": 0.36430442333221436}",0.3071095943450928,0.3597617447376251,0.4033399224281311,81984,0.37561304418322367,0.957798857917548
timesfm3,SZ_TAXI_15T,20,L20,block_depth,True,1.0,65.0,False,False,1e-05|0.0001|0.001|0.01|0.1|0.3|1|3|10|30|45|65|90,90.0,1e-05,13,0.01,0.65,"mean pinball over (batch, quantiles, horizon)",0.36240383982658386,"{""1e-05"": 0.5741041898727417, ""0.0001"": 0.5751847624778748, ""0.001"": 0.5734505653381348, ""0.01"": 0.5728594660758972, ""0.1"": 0.5574352741241455, ""0.3"": 0.529573380947113, ""1"": 0.4781910479068756, ""3"": 0.4303995370864868, ""10"": 0.3928259611129761, ""30"": 0.37033942341804504, ""45"": 0.36485108733177185, ""65"": 0.36240383982658386, ""90"": 0.3627397418022156}","{""1e-05"": 0.5741041898727417, ""0.0001"": 0.5751847624778748, ""0.001"": 0.5734505653381348, ""0.01"": 0.5728594660758972, ""0.1"": 0.5574352741241455, ""0.3"": 0.529573380947113, ""1"": 0.4781910479068756, ""3"": 0.4303995370864868, ""10"": 0.3928259611129761, ""30"": 0.37033942341804504, ""45"": 0.36485108733177185, ""65"": 0.36240383982658386, ""90"": 0.3627397418022156}",0.2976410388946533,0.36240383982658386,0.4047536253929138,81984,0.37561304418322367,0.9648329456039967
timesfm3,monash_london_smart_meters,0,Emb,block_depth,True,0.0,30.0,False,False,1e-05|0.0001|0.001|0.01|0.1|0.3|1|3|10|30|45|65|90,90.0,1e-05,13,0.01,0.3,"mean pinball over (batch, quantiles, horizon)",0.3289121389389038,"{""1e-05"": 0.33856937289237976, ""0.0001"": 0.3383477032184601, ""0.001"": 0.3388473093509674, ""0.01"": 0.3377826511859894, ""0.1"": 0.3379828631877899, ""0.3"": 0.3358173370361328, ""1"": 0.333839476108551, ""3"": 0.3312150835990906, ""10"": 0.3297843039035797, ""30"": 0.3289121389389038, ""45"": 0.33051595091819763, ""65"": 0.33192017674446106, ""90"": 0.33402514457702637}","{""1e-05"": 0.33856937289237976, ""0.0001"": 0.3383477032184601, ""0.001"": 0.3388473093509674, ""0.01"": 0.3377826511859894, ""0.1"": 0.3379828631877899, ""0.3"": 0.3358173370361328, ""1"": 0.333839476108551, ""3"": 0.3312150835990906, ""10"": 0.3297843039035797, ""30"": 0.3289121389389038, ""45"": 0.33051595091819763, ""65"": 0.33192017674446106, ""90"": 0.33402514457702637}",0.28751009702682495,0.3289121389389038,0.2888082265853882,81984,0.3561500686412777,0.9235212004695456
timesfm3,monash_london_smart_meters,1,L1,block_depth,True,0.05,30.0,False,False,1e-05|0.0001|0.001|0.01|0.1|0.3|1|3|10|30|45|65|90,90.0,1e-05,13,0.01,0.3,"mean pinball over (batch, quantiles, horizon)",0.30893561244010925,"{""1e-05"": 0.3397996127605438, ""0.0001"": 0.3391510546207428, ""0.001"": 0.34049418568611145, ""0.01"": 0.3397037386894226, ""0.1"": 0.3357960879802704, ""0.3"": 0.3314354419708252, ""1"": 0.32174351811408997, ""3"": 0.3154812455177307, ""10"": 0.31010186672210693, ""30"": 0.30893561244010925, ""45"": 0.3096454441547394, ""65"": 0.31220826506614685, ""90"": 0.31439879536628723}","{""1e-05"": 0.3397996127605438, ""0.0001"": 0.3391510546207428, ""0.001"": 0.34049418568611145, ""0.01"": 0.3397037386894226, ""0.1"": 0.3357960879802704, ""0.3"": 0.3314354419708252, ""1"": 0.32174351811408997, ""3"": 0.3154812455177307, ""10"": 0.31010186672210693, ""30"": 0.30893561244010925, ""45"": 0.3096454441547394, ""65"": 0.31220826506614685, ""90"": 0.31439879536628723}",0.2563174068927765,0.30893561244010925,0.26052361726760864,81984,0.3561500686412777,0.867431006313454
timesfm3,monash_london_smart_meters,2,L2,block_depth,True,0.1,30.0,False,False,1e-05|0.0001|0.001|0.01|0.1|0.3|1|3|10|30|45|65|90,90.0,1e-05,13,0.01,0.3,"mean pinball over (batch, quantiles, horizon)",0.3071920871734619,"{""1e-05"": 0.37251201272010803, ""0.0001"": 0.37234336137771606, ""0.001"": 0.372272789478302, ""0.01"": 0.37039029598236084, ""0.1"": 0.36543962359428406, ""0.3"": 0.35423099994659424, ""1"": 0.33578571677207947, ""3"": 0.32147449254989624, ""10"": 0.3107767105102539, ""30"": 0.3071920871734619, ""45"": 0.30720704793930054, ""65"": 0.30816319584846497, ""90"": 0.3117208182811737}","{""1e-05"": 0.37251201272010803, ""0.0001"": 0.37234336137771606, ""0.001"": 0.372272789478302, ""0.01"": 0.37039029598236084, ""0.1"": 0.36543962359428406, ""0.3"": 0.35423099994659424, ""1"": 0.33578571677207947, ""3"": 0.32147449254989624, ""10"": 0.3107767105102539, ""30"": 0.3071920871734619, ""45"": 0.30720704793930054, ""65"": 0.30816319584846497, ""90"": 0.3117208182811737}",0.24659425020217896,0.3071920871734619,0.26222479343414307,81984,0.3561500686412777,0.8625355270754493
timesfm3,monash_london_smart_meters,3,L3,block_depth,True,0.15,45.0,False,False,1e-05|0.0001|0.001|0.01|0.1|0.3|1|3|10|30|45|65|90,90.0,1e-05,13,0.01,0.45,"mean pinball over (batch, quantiles, horizon)",0.3074294328689575,"{""1e-05"": 0.4008881151676178, ""0.0001"": 0.4000113606452942, ""0.001"": 0.40094247460365295, ""0.01"": 0.39889177680015564, ""0.1"": 0.3908713161945343, ""0.3"": 0.3762238025665283, ""1"": 0.3501802980899811, ""3"": 0.3283316493034363, ""10"": 0.3153958320617676, ""30"": 0.3075233995914459, ""45"": 0.3074294328689575, ""65"": 0.3084772527217865, ""90"": 0.3111409544944763}","{""1e-05"": 0.4008881151676178, ""0.0001"": 0.4000113606452942, ""0.001"": 0.40094247460365295, ""0.01"": 0.39889177680015564, ""0.1"": 0.3908713161945343, ""0.3"": 0.3762238025665283, ""1"": 0.3501802980899811, ""3"": 0.3283316493034363, ""10"": 0.3153958320617676, ""30"": 0.3075233995914459, ""45"": 0.3074294328689575, ""65"": 0.3084772527217865, ""90"": 0.3111409544944763}",0.24436058104038239,0.3074294328689575,0.26087072491645813,81984,0.3561500686412777,0.8632019475436556
timesfm3,monash_london_smart_meters,4,L4,block_depth,True,0.2,65.0,False,False,1e-05|0.0001|0.001|0.01|0.1|0.3|1|3|10|30|45|65|90,90.0,1e-05,13,0.01,0.65,"mean pinball over (batch, quantiles, horizon)",0.3079105019569397,"{""1e-05"": 0.4216899871826172, ""0.0001"": 0.4218598008155823, ""0.001"": 0.4219207465648651, ""0.01"": 0.4206969439983368, ""0.1"": 0.40956082940101624, ""0.3"": 0.3920201063156128, ""1"": 0.35828015208244324, ""3"": 0.3320539593696594, ""10"": 0.3155280351638794, ""30"": 0.31017252802848816, ""45"": 0.3088238835334778, ""65"": 0.3079105019569397, ""90"": 0.31089866161346436}","{""1e-05"": 0.4216899871826172, ""0.0001"": 0.4218598008155823, ""0.001"": 0.4219207465648651, ""0.01"": 0.4206969439983368, ""0.1"": 0.40956082940101624, ""0.3"": 0.3920201063156128, ""1"": 0.35828015208244324, ""3"": 0.3320539593696594, ""10"": 0.3155280351638794, ""30"": 0.31017252802848816, ""45"": 0.3088238835334778, ""65"": 0.3079105019569397, ""90"": 0.31089866161346436}",0.24858573079109192,0.3079105019569397,0.2616025507450104,81984,0.3561500686412777,0.8645526958105799
timesfm3,monash_london_smart_meters,5,L5,block_depth,True,0.25,65.0,False,False,1e-05|0.0001|0.001|0.01|0.1|0.3|1|3|10|30|45|65|90,90.0,1e-05,13,0.01,0.65,"mean pinball over (batch, quantiles, horizon)",0.30832329392433167,"{""1e-05"": 0.44233790040016174, ""0.0001"": 0.4423520863056183, ""0.001"": 0.4420924484729767, ""0.01"": 0.44008007645606995, ""0.1"": 0.4286755919456482, ""0.3"": 0.4076983630657196, ""1"": 0.3684048056602478, ""3"": 0.3372625708580017, ""10"": 0.3183738887310028, ""30"": 0.30996906757354736, ""45"": 0.308709979057312, ""65"": 0.30832329392433167, ""90"": 0.3103182017803192}","{""1e-05"": 0.44233790040016174, ""0.0001"": 0.4423520863056183, ""0.001"": 0.4420924484729767, ""0.01"": 0.44008007645606995, ""0.1"": 0.4286755919456482, ""0.3"": 0.4076983630657196, ""1"": 0.3684048056602478, ""3"": 0.3372625708580017, ""10"": 0.3183738887310028, ""30"": 0.30996906757354736, ""45"": 0.308709979057312, ""65"": 0.30832329392433167, ""90"": 0.3103182017803192}",0.2466222494840622,0.30832329392433167,0.2615567743778229,81984,0.3561500686412777,0.8657117352260902
timesfm3,monash_london_smart_meters,6,L6,block_depth,True,0.3,45.0,False,False,1e-05|0.0001|0.001|0.01|0.1|0.3|1|3|10|30|45|65|90,90.0,1e-05,13,0.01,0.45,"mean pinball over (batch, quantiles, horizon)",0.3086501359939575,"{""1e-05"": 0.448049932718277, ""0.0001"": 0.44818243384361267, ""0.001"": 0.4484284520149231, ""0.01"": 0.446071058511734, ""0.1"": 0.4334801435470581, ""0.3"": 0.4101089537143707, ""1"": 0.3709060549736023, ""3"": 0.33977118134498596, ""10"": 0.3183800280094147, ""30"": 0.3089067041873932, ""45"": 0.3086501359939575, ""65"": 0.3098839819431305, ""90"": 0.3116350471973419}","{""1e-05"": 0.448049932718277, ""0.0001"": 0.44818243384361267, ""0.001"": 0.4484284520149231, ""0.01"": 0.446071058511734, ""0.1"": 0.4334801435470581, ""0.3"": 0.4101089537143707, ""1"": 0.3709060549736023, ""3"": 0.33977118134498596, ""10"": 0.3183800280094147, ""30"": 0.3089067041873932, ""45"": 0.3086501359939575, ""65"": 0.3098839819431305, ""90"": 0.3116350471973419}",0.2397763878107071,0.3086501359939575,0.2616075277328491,81984,0.3561500686412777,0.8666294440752638
timesfm3,monash_london_smart_meters,7,L7,block_depth,True,0.35,45.0,False,False,1e-05|0.0001|0.001|0.01|0.1|0.3|1|3|10|30|45|65|90,90.0,1e-05,13,0.01,0.45,"mean pinball over (batch, quantiles, horizon)",0.3081541657447815,"{""1e-05"": 0.46232038736343384, ""0.0001"": 0.46159353852272034, ""0.001"": 0.4618946611881256, ""0.01"": 0.46006888151168823, ""0.1"": 0.4460776448249817, ""0.3"": 0.42132025957107544, ""1"": 0.3770221471786499, ""3"": 0.34201306104660034, ""10"": 0.31975746154785156, ""30"": 0.30937156081199646, ""45"": 0.3081541657447815, ""65"": 0.3082597255706787, ""90"": 0.31110212206840515}","{""1e-05"": 0.46232038736343384, ""0.0001"": 0.46159353852272034, ""0.001"": 0.4618946611881256, ""0.01"": 0.46006888151168823, ""0.1"": 0.4460776448249817, ""0.3"": 0.42132025957107544, ""1"": 0.3770221471786499, ""3"": 0.34201306104660034, ""10"": 0.31975746154785156, ""30"": 0.30937156081199646, ""45"": 0.3081541657447815, ""65"": 0.3082597255706787, ""90"": 0.31110212206840515}",0.23772768676280975,0.3081541657447815,0.26068732142448425,81984,0.3561500686412777,0.8652368562510688
timesfm3,monash_london_smart_meters,8,L8,block_depth,True,0.4,30.0,False,False,1e-05|0.0001|0.001|0.01|0.1|0.3|1|3|10|30|45|65|90,90.0,1e-05,13,0.01,0.3,"mean pinball over (batch, quantiles, horizon)",0.3082660734653473,"{""1e-05"": 0.46521705389022827, ""0.0001"": 0.4648647904396057, ""0.001"": 0.46470245718955994, ""0.01"": 0.46338891983032227, ""0.1"": 0.447786808013916, ""0.3"": 0.423435777425766, ""1"": 0.37791985273361206, ""3"": 0.3418290317058563, ""10"": 0.3199867010116577, ""30"": 0.3082660734653473, ""45"": 0.30827221274375916, ""65"": 0.30843663215637207, ""90"": 0.3124285936355591}","{""1e-05"": 0.46521705389022827, ""0.0001"": 0.4648647904396057, ""0.001"": 0.46470245718955994, ""0.01"": 0.46338891983032227, ""0.1"": 0.447786808013916, ""0.3"": 0.423435777425766, ""1"": 0.37791985273361206, ""3"": 0.3418290317058563, ""10"": 0.3199867010116577, ""30"": 0.3082660734653473, ""45"": 0.30827221274375916, ""65"": 0.30843663215637207, ""90"": 0.3124285936355591}",0.23124949634075165,0.3082660734653473,0.2616731822490692,81984,0.3561500686412777,0.8655510713261712
timesfm3,monash_london_smart_meters,9,L9,block_depth,True,0.45,45.0,False,False,1e-05|0.0001|0.001|0.01|0.1|0.3|1|3|10|30|45|65|90,90.0,1e-05,13,0.01,0.45,"mean pinball over (batch, quantiles, horizon)",0.30811843276023865,"{""1e-05"": 0.46846845746040344, ""0.0001"": 0.4705063998699188, ""0.001"": 0.4687572717666626, ""0.01"": 0.46741244196891785, ""0.1"": 0.45320016145706177, ""0.3"": 0.4270680844783783, ""1"": 0.3796626627445221, ""3"": 0.34257665276527405, ""10"": 0.3198542594909668, ""30"": 0.3100665807723999, ""45"": 0.30811843276023865, ""65"": 0.30924928188323975, ""90"": 0.31249457597732544}","{""1e-05"": 0.46846845746040344, ""0.0001"": 0.4705063998699188, ""0.001"": 0.4687572717666626, ""0.01"": 0.46741244196891785, ""0.1"": 0.45320016145706177, ""0.3"": 0.4270680844783783, ""1"": 0.3796626627445221, ""3"": 0.34257665276527405, ""10"": 0.3198542594909668, ""30"": 0.3100665807723999, ""45"": 0.30811843276023865, ""65"": 0.30924928188323975, ""90"": 0.31249457597732544}",0.23739871382713318,0.30811843276023865,0.2600526511669159,81984,0.3561500686412777,0.865136524992734
timesfm3,monash_london_smart_meters,10,L10,block_depth,True,0.5,45.0,False,False,1e-05|0.0001|0.001|0.01|0.1|0.3|1|3|10|30|45|65|90,90.0,1e-05,13,0.01,0.45,"mean pinball over (batch, quantiles, horizon)",0.3079557716846466,"{""1e-05"": 0.4552358388900757, ""0.0001"": 0.4547029137611389, ""0.001"": 0.4549787640571594, ""0.01"": 0.454169362783432, ""0.1"": 0.4393984377384186, ""0.3"": 0.4165205955505371, ""1"": 0.3738096356391907, ""3"": 0.3391900658607483, ""10"": 0.31733202934265137, ""30"": 0.30955368280410767, ""45"": 0.3079557716846466, ""65"": 0.308946430683136, ""90"": 0.31252598762512207}","{""1e-05"": 0.4552358388900757, ""0.0001"": 0.4547029137611389, ""0.001"": 0.4549787640571594, ""0.01"": 0.454169362783432, ""0.1"": 0.4393984377384186, ""0.3"": 0.4165205955505371, ""1"": 0.3738096356391907, ""3"": 0.3391900658607483, ""10"": 0.31733202934265137, ""30"": 0.30955368280410767, ""45"": 0.3079557716846466, ""65"": 0.308946430683136, ""90"": 0.31252598762512207}",0.24073366820812225,0.3079557716846466,0.26050451397895813,81984,0.3561500686412777,0.864679804385568
timesfm3,monash_london_smart_meters,11,L11,block_depth,True,0.55,45.0,False,False,1e-05|0.0001|0.001|0.01|0.1|0.3|1|3|10|30|45|65|90,90.0,1e-05,13,0.01,0.45,"mean pinball over (batch, quantiles, horizon)",0.30964404344558716,"{""1e-05"": 0.46352043747901917, ""0.0001"": 0.4632980525493622, ""0.001"": 0.46264350414276123, ""0.01"": 0.46167489886283875, ""0.1"": 0.44696372747421265, ""0.3"": 0.4235008656978607, ""1"": 0.37768784165382385, ""3"": 0.3414725363254547, ""10"": 0.31896865367889404, ""30"": 0.3105490207672119, ""45"": 0.30964404344558716, ""65"": 0.3100808560848236, ""90"": 0.31287723779678345}","{""1e-05"": 0.46352043747901917, ""0.0001"": 0.4632980525493622, ""0.001"": 0.46264350414276123, ""0.01"": 0.46167489886283875, ""0.1"": 0.44696372747421265, ""0.3"": 0.4235008656978607, ""1"": 0.37768784165382385, ""3"": 0.3414725363254547, ""10"": 0.31896865367889404, ""30"": 0.3105490207672119, ""45"": 0.30964404344558716, ""65"": 0.3100808560848236, ""90"": 0.31287723779678345}",0.23986707627773285,0.30964404344558716,0.26188579201698303,81984,0.3561500686412777,0.8694201425452134
timesfm3,monash_london_smart_meters,12,L12,block_depth,True,0.6,45.0,False,False,1e-05|0.0001|0.001|0.01|0.1|0.3|1|3|10|30|45|65|90,90.0,1e-05,13,0.01,0.45,"mean pinball over (batch, quantiles, horizon)",0.30955004692077637,"{""1e-05"": 0.44567346572875977, ""0.0001"": 0.4452873170375824, ""0.001"": 0.44537603855133057, ""0.01"": 0.44471031427383423, ""0.1"": 0.4303223788738251, ""0.3"": 0.40830138325691223, ""1"": 0.3693561255931854, ""3"": 0.3375987708568573, ""10"": 0.31859275698661804, ""30"": 0.30991628766059875, ""45"": 0.30955004692077637, ""65"": 0.31107306480407715, ""90"": 0.31285491585731506}","{""1e-05"": 0.44567346572875977, ""0.0001"": 0.4452873170375824, ""0.001"": 0.44537603855133057, ""0.01"": 0.44471031427383423, ""0.1"": 0.4303223788738251, ""0.3"": 0.40830138325691223, ""1"": 0.3693561255931854, ""3"": 0.3375987708568573, ""10"": 0.31859275698661804, ""30"": 0.30991628766059875, ""45"": 0.30955004692077637, ""65"": 0.31107306480407715, ""90"": 0.31285491585731506}",0.2427484691143036,0.30955004692077637,0.26256731152534485,81984,0.3561500686412777,0.8691562186179503
timesfm3,monash_london_smart_meters,13,L13,block_depth,True,0.65,45.0,False,False,1e-05|0.0001|0.001|0.01|0.1|0.3|1|3|10|30|45|65|90,90.0,1e-05,13,0.01,0.45,"mean pinball over (batch, quantiles, horizon)",0.30887359380722046,"{""1e-05"": 0.4482947885990143, ""0.0001"": 0.4484168589115143, ""0.001"": 0.44702842831611633, ""0.01"": 0.4463823139667511, ""0.1"": 0.43317505717277527, ""0.3"": 0.4112093150615692, ""1"": 0.37031370401382446, ""3"": 0.3373199999332428, ""10"": 0.31848523020744324, ""30"": 0.3097897171974182, ""45"": 0.30887359380722046, ""65"": 0.3100709915161133, ""90"": 0.3147639334201813}","{""1e-05"": 0.4482947885990143, ""0.0001"": 0.4484168589115143, ""0.001"": 0.44702842831611633, ""0.01"": 0.4463823139667511, ""0.1"": 0.43317505717277527, ""0.3"": 0.4112093150615692, ""1"": 0.37031370401382446, ""3"": 0.3373199999332428, ""10"": 0.31848523020744324, ""30"": 0.3097897171974182, ""45"": 0.30887359380722046, ""65"": 0.3100709915161133, ""90"": 0.3147639334201813}",0.24219249188899994,0.30887359380722046,0.2615606188774109,81984,0.3561500686412777,0.8672568700760939
timesfm3,monash_london_smart_meters,14,L14,block_depth,True,0.7,45.0,False,False,1e-05|0.0001|0.001|0.01|0.1|0.3|1|3|10|30|45|65|90,90.0,1e-05,13,0.01,0.45,"mean pinball over (batch, quantiles, horizon)",0.30925971269607544,"{""1e-05"": 0.448195219039917, ""0.0001"": 0.4500938057899475, ""0.001"": 0.44801250100135803, ""0.01"": 0.44707947969436646, ""0.1"": 0.43336737155914307, ""0.3"": 0.4109123647212982, ""1"": 0.3700031638145447, ""3"": 0.33890002965927124, ""10"": 0.31741204857826233, ""30"": 0.31055793166160583, ""45"": 0.30925971269607544, ""65"": 0.31024426221847534, ""90"": 0.31389984488487244}","{""1e-05"": 0.448195219039917, ""0.0001"": 0.4500938057899475, ""0.001"": 0.44801250100135803, ""0.01"": 0.44707947969436646, ""0.1"": 0.43336737155914307, ""0.3"": 0.4109123647212982, ""1"": 0.3700031638145447, ""3"": 0.33890002965927124, ""10"": 0.31741204857826233, ""30"": 0.31055793166160583, ""45"": 0.30925971269607544, ""65"": 0.31024426221847534, ""90"": 0.31389984488487244}",0.24137084186077118,0.30925971269607544,0.2614901661872864,81984,0.3561500686412777,0.8683410166840898
timesfm3,monash_london_smart_meters,15,L15,block_depth,True,0.75,30.0,False,False,1e-05|0.0001|0.001|0.01|0.1|0.3|1|3|10|30|45|65|90,90.0,1e-05,13,0.01,0.3,"mean pinball over (batch, quantiles, horizon)",0.3066056966781616,"{""1e-05"": 0.44485917687416077, ""0.0001"": 0.444510281085968, ""0.001"": 0.4446558654308319, ""0.01"": 0.4427914023399353, ""0.1"": 0.42885345220565796, ""0.3"": 0.40792205929756165, ""1"": 0.3672162592411041, ""3"": 0.33491167426109314, ""10"": 0.3157561123371124, ""30"": 0.3066056966781616, ""45"": 0.3077348470687866, ""65"": 0.3087253272533417, ""90"": 0.3121888041496277}","{""1e-05"": 0.44485917687416077, ""0.0001"": 0.444510281085968, ""0.001"": 0.4446558654308319, ""0.01"": 0.4427914023399353, ""0.1"": 0.42885345220565796, ""0.3"": 0.40792205929756165, ""1"": 0.3672162592411041, ""3"": 0.33491167426109314, ""10"": 0.3157561123371124, ""30"": 0.3066056966781616, ""45"": 0.3077348470687866, ""65"": 0.3087253272533417, ""90"": 0.3121888041496277}",0.2334139347076416,0.3066056966781616,0.26135364174842834,81984,0.3561500686412777,0.8608890568177364
timesfm3,monash_london_smart_meters,16,L16,block_depth,True,0.8,45.0,False,False,1e-05|0.0001|0.001|0.01|0.1|0.3|1|3|10|30|45|65|90,90.0,1e-05,13,0.01,0.45,"mean pinball over (batch, quantiles, horizon)",0.3069285750389099,"{""1e-05"": 0.4410538971424103, ""0.0001"": 0.4399172067642212, ""0.001"": 0.4392137825489044, ""0.01"": 0.4391525387763977, ""0.1"": 0.42819973826408386, ""0.3"": 0.40469861030578613, ""1"": 0.3655722141265869, ""3"": 0.3341480791568756, ""10"": 0.3134126365184784, ""30"": 0.30729997158050537, ""45"": 0.3069285750389099, ""65"": 0.30851635336875916, ""90"": 0.3137654960155487}","{""1e-05"": 0.4410538971424103, ""0.0001"": 0.4399172067642212, ""0.001"": 0.4392137825489044, ""0.01"": 0.4391525387763977, ""0.1"": 0.42819973826408386, ""0.3"": 0.40469861030578613, ""1"": 0.3655722141265869, ""3"": 0.3341480791568756, ""10"": 0.3134126365184784, ""30"": 0.30729997158050537, ""45"": 0.3069285750389099, ""65"": 0.30851635336875916, ""90"": 0.3137654960155487}",0.2416585385799408,0.3069285750389099,0.26004600524902344,81984,0.3561500686412777,0.8617956363446759
timesfm3,monash_london_smart_meters,17,L17,block_depth,True,0.85,45.0,False,False,1e-05|0.0001|0.001|0.01|0.1|0.3|1|3|10|30|45|65|90,90.0,1e-05,13,0.01,0.45,"mean pinball over (batch, quantiles, horizon)",0.3043327033519745,"{""1e-05"": 0.42221203446388245, ""0.0001"": 0.4233153164386749, ""0.001"": 0.4197567403316498, ""0.01"": 0.4203997552394867, ""0.1"": 0.4098334312438965, ""0.3"": 0.39073634147644043, ""1"": 0.3563656508922577, ""3"": 0.32895970344543457, ""10"": 0.3110791742801666, ""30"": 0.3060421049594879, ""45"": 0.3043327033519745, ""65"": 0.3066829741001129, ""90"": 0.3121642470359802}","{""1e-05"": 0.42221203446388245, ""0.0001"": 0.4233153164386749, ""0.001"": 0.4197567403316498, ""0.01"": 0.4203997552394867, ""0.1"": 0.4098334312438965, ""0.3"": 0.39073634147644043, ""1"": 0.3563656508922577, ""3"": 0.32895970344543457, ""10"": 0.3110791742801666, ""30"": 0.3060421049594879, ""45"": 0.3043327033519745, ""65"": 0.3066829741001129, ""90"": 0.3121642470359802}",0.2429189831018448,0.3043327033519745,0.2594238221645355,81984,0.3561500686412777,0.8545069344307924
timesfm3,monash_london_smart_meters,18,L18,block_depth,True,0.9,30.0,False,False,1e-05|0.0001|0.001|0.01|0.1|0.3|1|3|10|30|45|65|90,90.0,1e-05,13,0.01,0.3,"mean pinball over (batch, quantiles, horizon)",0.3021964430809021,"{""1e-05"": 0.4067976772785187, ""0.0001"": 0.40693238377571106, ""0.001"": 0.40521305799484253, ""0.01"": 0.4040561616420746, ""0.1"": 0.395243763923645, ""0.3"": 0.37800127267837524, ""1"": 0.34751325845718384, ""3"": 0.3236590027809143, ""10"": 0.3080199658870697, ""30"": 0.3021964430809021, ""45"": 0.3022124469280243, ""65"": 0.3029943108558655, ""90"": 0.30856767296791077}","{""1e-05"": 0.4067976772785187, ""0.0001"": 0.40693238377571106, ""0.001"": 0.40521305799484253, ""0.01"": 0.4040561616420746, ""0.1"": 0.395243763923645, ""0.3"": 0.37800127267837524, ""1"": 0.34751325845718384, ""3"": 0.3236590027809143, ""10"": 0.3080199658870697, ""30"": 0.3021964430809021, ""45"": 0.3022124469280243, ""65"": 0.3029943108558655, ""90"": 0.30856767296791077}",0.23471496999263763,0.3021964430809021,0.2582175135612488,81984,0.3561500686412777,0.8485087318213635
timesfm3,monash_london_smart_meters,19,L19,block_depth,True,0.95,45.0,False,False,1e-05|0.0001|0.001|0.01|0.1|0.3|1|3|10|30|45|65|90,90.0,1e-05,13,0.01,0.45,"mean pinball over (batch, quantiles, horizon)",0.2978992164134979,"{""1e-05"": 0.4002628028392792, ""0.0001"": 0.4002516269683838, ""0.001"": 0.3992617726325989, ""0.01"": 0.3992742598056793, ""0.1"": 0.38837769627571106, ""0.3"": 0.37178102135658264, ""1"": 0.342503160238266, ""3"": 0.3190321624279022, ""10"": 0.30316320061683655, ""30"": 0.2980896532535553, ""45"": 0.2978992164134979, ""65"": 0.3015882670879364, ""90"": 0.3067622184753418}","{""1e-05"": 0.4002628028392792, ""0.0001"": 0.4002516269683838, ""0.001"": 0.3992617726325989, ""0.01"": 0.3992742598056793, ""0.1"": 0.38837769627571106, ""0.3"": 0.37178102135658264, ""1"": 0.342503160238266, ""3"": 0.3190321624279022, ""10"": 0.30316320061683655, ""30"": 0.2980896532535553, ""45"": 0.2978992164134979, ""65"": 0.3015882670879364, ""90"": 0.3067622184753418}",0.24033035337924957,0.2978992164134979,0.2560177743434906,81984,0.3561500686412777,0.8364429566165511
timesfm3,monash_london_smart_meters,20,L20,block_depth,True,1.0,45.0,False,False,1e-05|0.0001|0.001|0.01|0.1|0.3|1|3|10|30|45|65|90,90.0,1e-05,13,0.01,0.45,"mean pinball over (batch, quantiles, horizon)",0.3027985692024231,"{""1e-05"": 0.4310286343097687, ""0.0001"": 0.4315352141857147, ""0.001"": 0.43224066495895386, ""0.01"": 0.42970311641693115, ""0.1"": 0.4196789860725403, ""0.3"": 0.3985971510410309, ""1"": 0.3615727722644806, ""3"": 0.33193185925483704, ""10"": 0.3115394413471222, ""30"": 0.3038288950920105, ""45"": 0.3027985692024231, ""65"": 0.30440419912338257, ""90"": 0.310220330953598}","{""1e-05"": 0.4310286343097687, ""0.0001"": 0.4315352141857147, ""0.001"": 0.43224066495895386, ""0.01"": 0.42970311641693115, ""0.1"": 0.4196789860725403, ""0.3"": 0.3985971510410309, ""1"": 0.3615727722644806, ""3"": 0.33193185925483704, ""10"": 0.3115394413471222, ""30"": 0.3038288950920105, ""45"": 0.3027985692024231, ""65"": 0.30440419912338257, ""90"": 0.310220330953598}",0.23694771528244019,0.3027985692024231,0.259817510843277,81984,0.3561500686412777,0.8501993846515542
timesfm3,m5,0,Emb,block_depth,True,0.0,30.0,False,False,1e-05|0.0001|0.001|0.01|0.1|0.3|1|3|10|30|45|65|90,90.0,1e-05,13,0.01,0.3,"mean pinball over (batch, quantiles, horizon)",0.3384169936180115,"{""1e-05"": 0.35871008038520813, ""0.0001"": 0.36007073521614075, ""0.001"": 0.3621622323989868, ""0.01"": 0.36121630668640137, ""0.1"": 0.3591499626636505, ""0.3"": 0.3569536507129669, ""1"": 0.35541996359825134, ""3"": 0.34955164790153503, ""10"": 0.3456355035305023, ""30"": 0.3384169936180115, ""45"": 0.3400218188762665, ""65"": 0.3422377407550812, ""90"": 0.3411822021007538}","{""1e-05"": 0.35871008038520813, ""0.0001"": 0.36007073521614075, ""0.001"": 0.3621622323989868, ""0.01"": 0.36121630668640137, ""0.1"": 0.3591499626636505, ""0.3"": 0.3569536507129669, ""1"": 0.35541996359825134, ""3"": 0.34955164790153503, ""10"": 0.3456355035305023, ""30"": 0.3384169936180115, ""45"": 0.3400218188762665, ""65"": 0.3422377407550812, ""90"": 0.3411822021007538}",0.3161507248878479,0.3384169936180115,0.3616892695426941,81984,0.3329563513362624,1.0164004748965856
timesfm3,m5,1,L1,block_depth,True,0.05,45.0,False,False,1e-05|0.0001|0.001|0.01|0.1|0.3|1|3|10|30|45|65|90,90.0,1e-05,13,0.01,0.45,"mean pinball over (batch, quantiles, horizon)",0.33726489543914795,"{""1e-05"": 0.38176634907722473, ""0.0001"": 0.38126882910728455, ""0.001"": 0.38168883323669434, ""0.01"": 0.3802642524242401, ""0.1"": 0.3759375214576721, ""0.3"": 0.3693598806858063, ""1"": 0.35777127742767334, ""3"": 0.34837812185287476, ""10"": 0.3401707708835602, ""30"": 0.33767738938331604, ""45"": 0.33726489543914795, ""65"": 0.33815789222717285, ""90"": 0.3406710922718048}","{""1e-05"": 0.38176634907722473, ""0.0001"": 0.38126882910728455, ""0.001"": 0.38168883323669434, ""0.01"": 0.3802642524242401, ""0.1"": 0.3759375214576721, ""0.3"": 0.3693598806858063, ""1"": 0.35777127742767334, ""3"": 0.34837812185287476, ""10"": 0.3401707708835602, ""30"": 0.33767738938331604, ""45"": 0.33726489543914795, ""65"": 0.33815789222717285, ""90"": 0.3406710922718048}",0.3083759546279907,0.33726489543914795,0.3604409694671631,81984,0.3329563513362624,1.0129402670518042
timesfm3,m5,2,L2,block_depth,True,0.1,45.0,False,False,1e-05|0.0001|0.001|0.01|0.1|0.3|1|3|10|30|45|65|90,90.0,1e-05,13,0.01,0.45,"mean pinball over (batch, quantiles, horizon)",0.3362101912498474,"{""1e-05"": 0.4279794991016388, ""0.0001"": 0.4274529218673706, ""0.001"": 0.428191214799881, ""0.01"": 0.42674773931503296, ""0.1"": 0.4204171299934387, ""0.3"": 0.40631380677223206, ""1"": 0.38187840580940247, ""3"": 0.36015987396240234, ""10"": 0.3453243374824524, ""30"": 0.3367021977901459, ""45"": 0.3362101912498474, ""65"": 0.33651202917099, ""90"": 0.34223780035972595}","{""1e-05"": 0.4279794991016388, ""0.0001"": 0.4274529218673706, ""0.001"": 0.428191214799881, ""0.01"": 0.42674773931503296, ""0.1"": 0.4204171299934387, ""0.3"": 0.40631380677223206, ""1"": 0.38187840580940247, ""3"": 0.36015987396240234, ""10"": 0.3453243374824524, ""30"": 0.3367021977901459, ""45"": 0.3362101912498474, ""65"": 0.33651202917099, ""90"": 0.34223780035972595}",0.2997050881385803,0.3362101912498474,0.36070215702056885,81984,0.3329563513362624,1.009772571991873
timesfm3,m5,3,L3,block_depth,True,0.15,65.0,False,False,1e-05|0.0001|0.001|0.01|0.1|0.3|1|3|10|30|45|65|90,90.0,1e-05,13,0.01,0.65,"mean pinball over (batch, quantiles, horizon)",0.3357292115688324,"{""1e-05"": 0.46802082657814026, ""0.0001"": 0.46812042593955994, ""0.001"": 0.4681442975997925, ""0.01"": 0.46655258536338806, ""0.1"": 0.45729511976242065, ""0.3"": 0.4380563795566559, ""1"": 0.40457671880722046, ""3"": 0.37315234541893005, ""10"": 0.3496989607810974, ""30"": 0.33966687321662903, ""45"": 0.3365931510925293, ""65"": 0.3357292115688324, ""90"": 0.3411090075969696}","{""1e-05"": 0.46802082657814026, ""0.0001"": 0.46812042593955994, ""0.001"": 0.4681442975997925, ""0.01"": 0.46655258536338806, ""0.1"": 0.45729511976242065, ""0.3"": 0.4380563795566559, ""1"": 0.40457671880722046, ""3"": 0.37315234541893005, ""10"": 0.3496989607810974, ""30"": 0.33966687321662903, ""45"": 0.3365931510925293, ""65"": 0.3357292115688324, ""90"": 0.3411090075969696}",0.29860687255859375,0.3357292115688324,0.3597300052642822,81984,0.3329563513362624,1.0083279992150371
timesfm3,m5,4,L4,block_depth,True,0.2,65.0,False,False,1e-05|0.0001|0.001|0.01|0.1|0.3|1|3|10|30|45|65|90,90.0,1e-05,13,0.01,0.65,"mean pinball over (batch, quantiles, horizon)",0.3357377052307129,"{""1e-05"": 0.48898011445999146, ""0.0001"": 0.48823463916778564, ""0.001"": 0.48781463503837585, ""0.01"": 0.48675280809402466, ""0.1"": 0.4749906063079834, ""0.3"": 0.45404645800590515, ""1"": 0.41476190090179443, ""3"": 0.37767311930656433, ""10"": 0.3527675271034241, ""30"": 0.3395155668258667, ""45"": 0.33691078424453735, ""65"": 0.3357377052307129, ""90"": 0.3378652334213257}","{""1e-05"": 0.48898011445999146, ""0.0001"": 0.48823463916778564, ""0.001"": 0.48781463503837585, ""0.01"": 0.48675280809402466, ""0.1"": 0.4749906063079834, ""0.3"": 0.45404645800590515, ""1"": 0.41476190090179443, ""3"": 0.37767311930656433, ""10"": 0.3527675271034241, ""30"": 0.3395155668258667, ""45"": 0.33691078424453735, ""65"": 0.3357377052307129, ""90"": 0.3378652334213257}",0.29761824011802673,0.3357377052307129,0.3592657744884491,81984,0.3329563513362624,1.0083535090509252
timesfm3,m5,5,L5,block_depth,True,0.25,45.0,False,False,1e-05|0.0001|0.001|0.01|0.1|0.3|1|3|10|30|45|65|90,90.0,1e-05,13,0.01,0.45,"mean pinball over (batch, quantiles, horizon)",0.3379773199558258,"{""1e-05"": 0.5050998330116272, ""0.0001"": 0.5054073333740234, ""0.001"": 0.5052794218063354, ""0.01"": 0.504741370677948, ""0.1"": 0.4904635548591614, ""0.3"": 0.46742063760757446, ""1"": 0.42202794551849365, ""3"": 0.38353532552719116, ""10"": 0.3546511232852936, ""30"": 0.34001949429512024, ""45"": 0.3379773199558258, ""65"": 0.3388131558895111, ""90"": 0.3400459587574005}","{""1e-05"": 0.5050998330116272, ""0.0001"": 0.5054073333740234, ""0.001"": 0.5052794218063354, ""0.01"": 0.504741370677948, ""0.1"": 0.4904635548591614, ""0.3"": 0.46742063760757446, ""1"": 0.42202794551849365, ""3"": 0.38353532552719116, ""10"": 0.3546511232852936, ""30"": 0.34001949429512024, ""45"": 0.3379773199558258, ""65"": 0.3388131558895111, ""90"": 0.3400459587574005}",0.28988149762153625,0.3379773199558258,0.35960620641708374,81984,0.3329563513362624,1.0150799604795422
timesfm3,m5,6,L6,block_depth,True,0.3,65.0,False,False,1e-05|0.0001|0.001|0.01|0.1|0.3|1|3|10|30|45|65|90,90.0,1e-05,13,0.01,0.65,"mean pinball over (batch, quantiles, horizon)",0.3371356725692749,"{""1e-05"": 0.5086195468902588, ""0.0001"": 0.5086352825164795, ""0.001"": 0.507510244846344, ""0.01"": 0.5064501762390137, ""0.1"": 0.4921390414237976, ""0.3"": 0.4688028395175934, ""1"": 0.42376217246055603, ""3"": 0.382711797952652, ""10"": 0.3544495105743408, ""30"": 0.33906474709510803, ""45"": 0.3375089168548584, ""65"": 0.3371356725692749, ""90"": 0.3407566547393799}","{""1e-05"": 0.5086195468902588, ""0.0001"": 0.5086352825164795, ""0.001"": 0.507510244846344, ""0.01"": 0.5064501762390137, ""0.1"": 0.4921390414237976, ""0.3"": 0.4688028395175934, ""1"": 0.42376217246055603, ""3"": 0.382711797952652, ""10"": 0.3544495105743408, ""30"": 0.33906474709510803, ""45"": 0.3375089168548584, ""65"": 0.3371356725692749, ""90"": 0.3407566547393799}",0.29721105098724365,0.3371356725692749,0.3588908612728119,81984,0.3329563513362624,1.0125521595135205
timesfm3,m5,7,L7,block_depth,True,0.35,45.0,False,False,1e-05|0.0001|0.001|0.01|0.1|0.3|1|3|10|30|45|65|90,90.0,1e-05,13,0.01,0.45,"mean pinball over (batch, quantiles, horizon)",0.33750784397125244,"{""1e-05"": 0.5281468033790588, ""0.0001"": 0.5274714827537537, ""0.001"": 0.528588593006134, ""0.01"": 0.5260736346244812, ""0.1"": 0.5105187892913818, ""0.3"": 0.48403942584991455, ""1"": 0.431674599647522, ""3"": 0.3873744308948517, ""10"": 0.35601043701171875, ""30"": 0.34064751863479614, ""45"": 0.33750784397125244, ""65"": 0.33831489086151123, ""90"": 0.3399074673652649}","{""1e-05"": 0.5281468033790588, ""0.0001"": 0.5274714827537537, ""0.001"": 0.528588593006134, ""0.01"": 0.5260736346244812, ""0.1"": 0.5105187892913818, ""0.3"": 0.48403942584991455, ""1"": 0.431674599647522, ""3"": 0.3873744308948517, ""10"": 0.35601043701171875, ""30"": 0.34064751863479614, ""45"": 0.33750784397125244, ""65"": 0.33831489086151123, ""90"": 0.3399074673652649}",0.2877570390701294,0.33750784397125244,0.35787108540534973,81984,0.3329563513362624,1.0136699378664003
timesfm3,m5,8,L8,block_depth,True,0.4,65.0,False,False,1e-05|0.0001|0.001|0.01|0.1|0.3|1|3|10|30|45|65|90,90.0,1e-05,13,0.01,0.65,"mean pinball over (batch, quantiles, horizon)",0.3368247151374817,"{""1e-05"": 0.5350958108901978, ""0.0001"": 0.5344812870025635, ""0.001"": 0.5349000096321106, ""0.01"": 0.5315263867378235, ""0.1"": 0.516481339931488, ""0.3"": 0.48806655406951904, ""1"": 0.43433573842048645, ""3"": 0.38787612318992615, ""10"": 0.3550489544868469, ""30"": 0.3396902084350586, ""45"": 0.3389587104320526, ""65"": 0.3368247151374817, ""90"": 0.34036824107170105}","{""1e-05"": 0.5350958108901978, ""0.0001"": 0.5344812870025635, ""0.001"": 0.5349000096321106, ""0.01"": 0.5315263867378235, ""0.1"": 0.516481339931488, ""0.3"": 0.48806655406951904, ""1"": 0.43433573842048645, ""3"": 0.38787612318992615, ""10"": 0.3550489544868469, ""30"": 0.3396902084350586, ""45"": 0.3389587104320526, ""65"": 0.3368247151374817, ""90"": 0.34036824107170105}",0.2959730923175812,0.3368247151374817,0.35717853903770447,81984,0.3329563513362624,1.0116182309954271
timesfm3,m5,9,L9,block_depth,True,0.45,45.0,False,False,1e-05|0.0001|0.001|0.01|0.1|0.3|1|3|10|30|45|65|90,90.0,1e-05,13,0.01,0.45,"mean pinball over (batch, quantiles, horizon)",0.33667877316474915,"{""1e-05"": 0.5349681377410889, ""0.0001"": 0.5343072414398193, ""0.001"": 0.5342394113540649, ""0.01"": 0.5334843993186951, ""0.1"": 0.5165867209434509, ""0.3"": 0.4881417155265808, ""1"": 0.43450823426246643, ""3"": 0.3882791996002197, ""10"": 0.35626983642578125, ""30"": 0.3401348292827606, ""45"": 0.33667877316474915, ""65"": 0.3375084698200226, ""90"": 0.3419477045536041}","{""1e-05"": 0.5349681377410889, ""0.0001"": 0.5343072414398193, ""0.001"": 0.5342394113540649, ""0.01"": 0.5334843993186951, ""0.1"": 0.5165867209434509, ""0.3"": 0.4881417155265808, ""1"": 0.43450823426246643, ""3"": 0.3882791996002197, ""10"": 0.35626983642578125, ""30"": 0.3401348292827606, ""45"": 0.33667877316474915, ""65"": 0.3375084698200226, ""90"": 0.3419477045536041}",0.28759315609931946,0.33667877316474915,0.35717931389808655,81984,0.3329563513362624,1.011179909359132
timesfm3,m5,10,L10,block_depth,True,0.5,45.0,False,False,1e-05|0.0001|0.001|0.01|0.1|0.3|1|3|10|30|45|65|90,90.0,1e-05,13,0.01,0.45,"mean pinball over (batch, quantiles, horizon)",0.33764222264289856,"{""1e-05"": 0.5363010764122009, ""0.0001"": 0.5366058349609375, ""0.001"": 0.5353834629058838, ""0.01"": 0.5338367223739624, ""0.1"": 0.5178414583206177, ""0.3"": 0.4888915419578552, ""1"": 0.4340721666812897, ""3"": 0.3877319395542145, ""10"": 0.3555328845977783, ""30"": 0.3400305509567261, ""45"": 0.33764222264289856, ""65"": 0.3376467525959015, ""90"": 0.34063324332237244}","{""1e-05"": 0.5363010764122009, ""0.0001"": 0.5366058349609375, ""0.001"": 0.5353834629058838, ""0.01"": 0.5338367223739624, ""0.1"": 0.5178414583206177, ""0.3"": 0.4888915419578552, ""1"": 0.4340721666812897, ""3"": 0.3877319395542145, ""10"": 0.3555328845977783, ""30"": 0.3400305509567261, ""45"": 0.33764222264289856, ""65"": 0.3376467525959015, ""90"": 0.34063324332237244}",0.2886795103549957,0.33764222264289856,0.35793837904930115,81984,0.3329563513362624,1.0140735303226092
timesfm3,m5,11,L11,block_depth,True,0.55,65.0,False,False,1e-05|0.0001|0.001|0.01|0.1|0.3|1|3|10|30|45|65|90,90.0,1e-05,13,0.01,0.65,"mean pinball over (batch, quantiles, horizon)",0.33724522590637207,"{""1e-05"": 0.5328620672225952, ""0.0001"": 0.5333902835845947, ""0.001"": 0.5325804352760315, ""0.01"": 0.5308862924575806, ""0.1"": 0.5153734087944031, ""0.3"": 0.48665735125541687, ""1"": 0.43260931968688965, ""3"": 0.3870266079902649, ""10"": 0.35516247153282166, ""30"": 0.3395422399044037, ""45"": 0.338066965341568, ""65"": 0.33724522590637207, ""90"": 0.3413100242614746}","{""1e-05"": 0.5328620672225952, ""0.0001"": 0.5333902835845947, ""0.001"": 0.5325804352760315, ""0.01"": 0.5308862924575806, ""0.1"": 0.5153734087944031, ""0.3"": 0.48665735125541687, ""1"": 0.43260931968688965, ""3"": 0.3870266079902649, ""10"": 0.35516247153282166, ""30"": 0.3395422399044037, ""45"": 0.338066965341568, ""65"": 0.33724522590637207, ""90"": 0.3413100242614746}",0.2953217625617981,0.33724522590637207,0.35729020833969116,81984,0.3329563513362624,1.012881191642379
timesfm3,m5,12,L12,block_depth,True,0.6,45.0,False,False,1e-05|0.0001|0.001|0.01|0.1|0.3|1|3|10|30|45|65|90,90.0,1e-05,13,0.01,0.45,"mean pinball over (batch, quantiles, horizon)",0.33514854311943054,"{""1e-05"": 0.5293816924095154, ""0.0001"": 0.529839813709259, ""0.001"": 0.5303122997283936, ""0.01"": 0.527826189994812, ""0.1"": 0.5121411085128784, ""0.3"": 0.48413941264152527, ""1"": 0.4315468668937683, ""3"": 0.3857305347919464, ""10"": 0.35399094223976135, ""30"": 0.33979499340057373, ""45"": 0.33514854311943054, ""65"": 0.3365783989429474, ""90"": 0.34214091300964355}","{""1e-05"": 0.5293816924095154, ""0.0001"": 0.529839813709259, ""0.001"": 0.5303122997283936, ""0.01"": 0.527826189994812, ""0.1"": 0.5121411085128784, ""0.3"": 0.48413941264152527, ""1"": 0.4315468668937683, ""3"": 0.3857305347919464, ""10"": 0.35399094223976135, ""30"": 0.33979499340057373, ""45"": 0.33514854311943054, ""65"": 0.3365783989429474, ""90"": 0.34214091300964355}",0.28577733039855957,0.33514854311943054,0.35623612999916077,81984,0.3329563513362624,1.006584021522251
timesfm3,m5,13,L13,block_depth,True,0.65,65.0,False,False,1e-05|0.0001|0.001|0.01|0.1|0.3|1|3|10|30|45|65|90,90.0,1e-05,13,0.01,0.65,"mean pinball over (batch, quantiles, horizon)",0.33695000410079956,"{""1e-05"": 0.5206062197685242, ""0.0001"": 0.5197601318359375, ""0.001"": 0.5195735096931458, ""0.01"": 0.5172514319419861, ""0.1"": 0.5029470920562744, ""0.3"": 0.4753771126270294, ""1"": 0.42421191930770874, ""3"": 0.3801441490650177, ""10"": 0.350443571805954, ""30"": 0.33736923336982727, ""45"": 0.33777281641960144, ""65"": 0.33695000410079956, ""90"": 0.3456587493419647}","{""1e-05"": 0.5206062197685242, ""0.0001"": 0.5197601318359375, ""0.001"": 0.5195735096931458, ""0.01"": 0.5172514319419861, ""0.1"": 0.5029470920562744, ""0.3"": 0.4753771126270294, ""1"": 0.42421191930770874, ""3"": 0.3801441490650177, ""10"": 0.350443571805954, ""30"": 0.33736923336982727, ""45"": 0.33777281641960144, ""65"": 0.33695000410079956, ""90"": 0.3456587493419647}",0.2974880337715149,0.33695000410079956,0.3581525385379791,81984,0.3329563513362624,1.011994523451826
timesfm3,m5,14,L14,block_depth,True,0.7,45.0,False,False,1e-05|0.0001|0.001|0.01|0.1|0.3|1|3|10|30|45|65|90,90.0,1e-05,13,0.01,0.45,"mean pinball over (batch, quantiles, horizon)",0.33681628108024597,"{""1e-05"": 0.5226798057556152, ""0.0001"": 0.5228947401046753, ""0.001"": 0.5220200419425964, ""0.01"": 0.5213249325752258, ""0.1"": 0.505569577217102, ""0.3"": 0.4783428907394409, ""1"": 0.42614004015922546, ""3"": 0.38211891055107117, ""10"": 0.3522150218486786, ""30"": 0.3386518955230713, ""45"": 0.33681628108024597, ""65"": 0.33750730752944946, ""90"": 0.341431587934494}","{""1e-05"": 0.5226798057556152, ""0.0001"": 0.5228947401046753, ""0.001"": 0.5220200419425964, ""0.01"": 0.5213249325752258, ""0.1"": 0.505569577217102, ""0.3"": 0.4783428907394409, ""1"": 0.42614004015922546, ""3"": 0.38211891055107117, ""10"": 0.3522150218486786, ""30"": 0.3386518955230713, ""45"": 0.33681628108024597, ""65"": 0.33750730752944946, ""90"": 0.341431587934494}",0.28946563601493835,0.33681628108024597,0.3574903607368469,81984,0.3329563513362624,1.0115929001759312
timesfm3,m5,15,L15,block_depth,True,0.75,65.0,False,False,1e-05|0.0001|0.001|0.01|0.1|0.3|1|3|10|30|45|65|90,90.0,1e-05,13,0.01,0.65,"mean pinball over (batch, quantiles, horizon)",0.33665841817855835,"{""1e-05"": 0.5187546014785767, ""0.0001"": 0.5194653868675232, ""0.001"": 0.5183832049369812, ""0.01"": 0.5173345804214478, ""0.1"": 0.5020540952682495, ""0.3"": 0.47557589411735535, ""1"": 0.4247075915336609, ""3"": 0.3804011940956116, ""10"": 0.3519560396671295, ""30"": 0.33828845620155334, ""45"": 0.3368614912033081, ""65"": 0.33665841817855835, ""90"": 0.34072795510292053}","{""1e-05"": 0.5187546014785767, ""0.0001"": 0.5194653868675232, ""0.001"": 0.5183832049369812, ""0.01"": 0.5173345804214478, ""0.1"": 0.5020540952682495, ""0.3"": 0.47557589411735535, ""1"": 0.4247075915336609, ""3"": 0.3804011940956116, ""10"": 0.3519560396671295, ""30"": 0.33828845620155334, ""45"": 0.3368614912033081, ""65"": 0.33665841817855835, ""90"": 0.34072795510292053}",0.29697707295417786,0.33665841817855835,0.35859763622283936,81984,0.3329563513362624,1.0111187752611968
timesfm3,m5,16,L16,block_depth,True,0.8,45.0,False,False,1e-05|0.0001|0.001|0.01|0.1|0.3|1|3|10|30|45|65|90,90.0,1e-05,13,0.01,0.45,"mean pinball over (batch, quantiles, horizon)",0.3364642858505249,"{""1e-05"": 0.502472460269928, ""0.0001"": 0.5030892491340637, ""0.001"": 0.502925455570221, ""0.01"": 0.5013943910598755, ""0.1"": 0.48679521679878235, ""0.3"": 0.4626704752445221, ""1"": 0.4156951308250427, ""3"": 0.3763033449649811, ""10"": 0.34853190183639526, ""30"": 0.3371941149234772, ""45"": 0.3364642858505249, ""65"": 0.33667802810668945, ""90"": 0.34348851442337036}","{""1e-05"": 0.502472460269928, ""0.0001"": 0.5030892491340637, ""0.001"": 0.502925455570221, ""0.01"": 0.5013943910598755, ""0.1"": 0.48679521679878235, ""0.3"": 0.4626704752445221, ""1"": 0.4156951308250427, ""3"": 0.3763033449649811, ""10"": 0.34853190183639526, ""30"": 0.3371941149234772, ""45"": 0.3364642858505249, ""65"": 0.33667802810668945, ""90"": 0.34348851442337036}",0.2901643216609955,0.3364642858505249,0.357760488986969,81984,0.3329563513362624,1.0105357188718103
timesfm3,m5,17,L17,block_depth,True,0.85,65.0,False,False,1e-05|0.0001|0.001|0.01|0.1|0.3|1|3|10|30|45|65|90,90.0,1e-05,13,0.01,0.65,"mean pinball over (batch, quantiles, horizon)",0.33763831853866577,"{""1e-05"": 0.48137202858924866, ""0.0001"": 0.48066648840904236, ""0.001"": 0.48136773705482483, ""0.01"": 0.4792301654815674, ""0.1"": 0.46710649132728577, ""0.3"": 0.4463426172733307, ""1"": 0.4073764383792877, ""3"": 0.3721798062324524, ""10"": 0.34821853041648865, ""30"": 0.33921703696250916, ""45"": 0.33803263306617737, ""65"": 0.33763831853866577, ""90"": 0.34368857741355896}","{""1e-05"": 0.48137202858924866, ""0.0001"": 0.48066648840904236, ""0.001"": 0.48136773705482483, ""0.01"": 0.4792301654815674, ""0.1"": 0.46710649132728577, ""0.3"": 0.4463426172733307, ""1"": 0.4073764383792877, ""3"": 0.3721798062324524, ""10"": 0.34821853041648865, ""30"": 0.33921703696250916, ""45"": 0.33803263306617737, ""65"": 0.33763831853866577, ""90"": 0.34368857741355896}",0.3001419007778168,0.33763831853866577,0.3578639030456543,81984,0.3329563513362624,1.01406180474892
timesfm3,m5,18,L18,block_depth,True,0.9,45.0,False,False,1e-05|0.0001|0.001|0.01|0.1|0.3|1|3|10|30|45|65|90,90.0,1e-05,13,0.01,0.45,"mean pinball over (batch, quantiles, horizon)",0.33742010593414307,"{""1e-05"": 0.4605626165866852, ""0.0001"": 0.4619167149066925, ""0.001"": 0.4605919122695923, ""0.01"": 0.4607373774051666, ""0.1"": 0.44926702976226807, ""0.3"": 0.42987242341041565, ""1"": 0.3941401243209839, ""3"": 0.3670039772987366, ""10"": 0.34764257073402405, ""30"": 0.3392462730407715, ""45"": 0.33742010593414307, ""65"": 0.34388336539268494, ""90"": 0.3451492190361023}","{""1e-05"": 0.4605626165866852, ""0.0001"": 0.4619167149066925, ""0.001"": 0.4605919122695923, ""0.01"": 0.4607373774051666, ""0.1"": 0.44926702976226807, ""0.3"": 0.42987242341041565, ""1"": 0.3941401243209839, ""3"": 0.3670039772987366, ""10"": 0.34764257073402405, ""30"": 0.3392462730407715, ""45"": 0.33742010593414307, ""65"": 0.34388336539268494, ""90"": 0.3451492190361023}",0.3017950654029846,0.33742010593414307,0.3583099842071533,81984,0.3329563513362624,1.0134064257370858
timesfm3,m5,19,L19,block_depth,True,0.95,45.0,False,False,1e-05|0.0001|0.001|0.01|0.1|0.3|1|3|10|30|45|65|90,90.0,1e-05,13,0.01,0.45,"mean pinball over (batch, quantiles, horizon)",0.33911237120628357,"{""1e-05"": 0.4307003617286682, ""0.0001"": 0.42800816893577576, ""0.001"": 0.428865909576416, ""0.01"": 0.4298648536205292, ""0.1"": 0.41903412342071533, ""0.3"": 0.40475529432296753, ""1"": 0.3774101734161377, ""3"": 0.3568234443664551, ""10"": 0.34602871537208557, ""30"": 0.3436387777328491, ""45"": 0.33911237120628357, ""65"": 0.34506165981292725, ""90"": 0.3479108512401581}","{""1e-05"": 0.4307003617286682, ""0.0001"": 0.42800816893577576, ""0.001"": 0.428865909576416, ""0.01"": 0.4298648536205292, ""0.1"": 0.41903412342071533, ""0.3"": 0.40475529432296753, ""1"": 0.3774101734161377, ""3"": 0.3568234443664551, ""10"": 0.34602871537208557, ""30"": 0.3436387777328491, ""45"": 0.33911237120628357, ""65"": 0.34506165981292725, ""90"": 0.3479108512401581}",0.3067215085029602,0.33911237120628357,0.3579227924346924,81984,0.3329563513362624,1.0184889696361552
timesfm3,m5,20,L20,block_depth,True,1.0,45.0,False,False,1e-05|0.0001|0.001|0.01|0.1|0.3|1|3|10|30|45|65|90,90.0,1e-05,13,0.01,0.45,"mean pinball over (batch, quantiles, horizon)",0.3345680236816406,"{""1e-05"": 0.43702593445777893, ""0.0001"": 0.4359019100666046, ""0.001"": 0.43589746952056885, ""0.01"": 0.4349072575569153, ""0.1"": 0.42572325468063354, ""0.3"": 0.40958335995674133, ""1"": 0.37943315505981445, ""3"": 0.3554668128490448, ""10"": 0.3414508104324341, ""30"": 0.3352435827255249, ""45"": 0.3345680236816406, ""65"": 0.3362797498703003, ""90"": 0.3385070264339447}","{""1e-05"": 0.43702593445777893, ""0.0001"": 0.4359019100666046, ""0.001"": 0.43589746952056885, ""0.01"": 0.4349072575569153, ""0.1"": 0.42572325468063354, ""0.3"": 0.40958335995674133, ""1"": 0.37943315505981445, ""3"": 0.3554668128490448, ""10"": 0.3414508104324341, ""30"": 0.3352435827255249, ""45"": 0.3345680236816406, ""65"": 0.3362797498703003, ""90"": 0.3385070264339447}",0.29891109466552734,0.3345680236816406,0.3552423417568207,81984,0.3329563513362624,1.0048404913704456
timesfm3,wiki_daily_100k,0,Emb,block_depth,True,0.0,10.0,False,False,1e-05|0.0001|0.001|0.01|0.1|0.3|1|3|10|30|45|65|90,90.0,1e-05,13,0.01,0.1,"mean pinball over (batch, quantiles, horizon)",0.3208412826061249,"{""1e-05"": 0.3284936845302582, ""0.0001"": 0.3306502103805542, ""0.001"": 0.32858651876449585, ""0.01"": 0.3278622329235077, ""0.1"": 0.327053964138031, ""0.3"": 0.32557612657546997, ""1"": 0.32287517189979553, ""3"": 0.32171568274497986, ""10"": 0.3208412826061249, ""30"": 0.321006715297699, ""45"": 0.32165735960006714, ""65"": 0.3241780400276184, ""90"": 0.3277994394302368}","{""1e-05"": 0.3284936845302582, ""0.0001"": 0.3306502103805542, ""0.001"": 0.32858651876449585, ""0.01"": 0.3278622329235077, ""0.1"": 0.327053964138031, ""0.3"": 0.32557612657546997, ""1"": 0.32287517189979553, ""3"": 0.32171568274497986, ""10"": 0.3208412826061249, ""30"": 0.321006715297699, ""45"": 0.32165735960006714, ""65"": 0.3241780400276184, ""90"": 0.3277994394302368}",0.3358088731765747,0.3208412826061249,0.32518064975738525,81984,0.3490332642371077,0.9192283815910702
timesfm3,wiki_daily_100k,1,L1,block_depth,True,0.05,30.0,False,False,1e-05|0.0001|0.001|0.01|0.1|0.3|1|3|10|30|45|65|90,90.0,1e-05,13,0.01,0.3,"mean pinball over (batch, quantiles, horizon)",0.31978753209114075,"{""1e-05"": 0.35500410199165344, ""0.0001"": 0.3549152910709381, ""0.001"": 0.35427436232566833, ""0.01"": 0.35414963960647583, ""0.1"": 0.35191795229911804, ""0.3"": 0.3465087115764618, ""1"": 0.3363732397556305, ""3"": 0.3295019567012787, ""10"": 0.3223520517349243, ""30"": 0.31978753209114075, ""45"": 0.3201037049293518, ""65"": 0.3214680254459381, ""90"": 0.3242306709289551}","{""1e-05"": 0.35500410199165344, ""0.0001"": 0.3549152910709381, ""0.001"": 0.35427436232566833, ""0.01"": 0.35414963960647583, ""0.1"": 0.35191795229911804, ""0.3"": 0.3465087115764618, ""1"": 0.3363732397556305, ""3"": 0.3295019567012787, ""10"": 0.3223520517349243, ""30"": 0.31978753209114075, ""45"": 0.3201037049293518, ""65"": 0.3214680254459381, ""90"": 0.3242306709289551}",0.3208107054233551,0.31978753209114075,0.3156079351902008,81984,0.3490332642371077,0.9162093268964201
timesfm3,wiki_daily_100k,2,L2,block_depth,True,0.1,45.0,False,False,1e-05|0.0001|0.001|0.01|0.1|0.3|1|3|10|30|45|65|90,90.0,1e-05,13,0.01,0.45,"mean pinball over (batch, quantiles, horizon)",0.319959431886673,"{""1e-05"": 0.39236998558044434, ""0.0001"": 0.392720103263855, ""0.001"": 0.3924090564250946, ""0.01"": 0.39232373237609863, ""0.1"": 0.385566383600235, ""0.3"": 0.37427109479904175, ""1"": 0.3556833267211914, ""3"": 0.3400690257549286, ""10"": 0.32746607065200806, ""30"": 0.32088935375213623, ""45"": 0.319959431886673, ""65"": 0.3206653296947479, ""90"": 0.3220463991165161}","{""1e-05"": 0.39236998558044434, ""0.0001"": 0.392720103263855, ""0.001"": 0.3924090564250946, ""0.01"": 0.39232373237609863, ""0.1"": 0.385566383600235, ""0.3"": 0.37427109479904175, ""1"": 0.3556833267211914, ""3"": 0.3400690257549286, ""10"": 0.32746607065200806, ""30"": 0.32088935375213623, ""45"": 0.319959431886673, ""65"": 0.3206653296947479, ""90"": 0.3220463991165161}",0.31326109170913696,0.319959431886673,0.3142814338207245,81984,0.3490332642371077,0.916701829511917
timesfm3,wiki_daily_100k,3,L3,block_depth,True,0.15,65.0,False,False,1e-05|0.0001|0.001|0.01|0.1|0.3|1|3|10|30|45|65|90,90.0,1e-05,13,0.01,0.65,"mean pinball over (batch, quantiles, horizon)",0.32006463408470154,"{""1e-05"": 0.4161979556083679, ""0.0001"": 0.4154968559741974, ""0.001"": 0.4161694347858429, ""0.01"": 0.4150850474834442, ""0.1"": 0.4074472486972809, ""0.3"": 0.3952029347419739, ""1"": 0.37013280391693115, ""3"": 0.34913456439971924, ""10"": 0.33330488204956055, ""30"": 0.32356202602386475, ""45"": 0.32105663418769836, ""65"": 0.32006463408470154, ""90"": 0.3210512101650238}","{""1e-05"": 0.4161979556083679, ""0.0001"": 0.4154968559741974, ""0.001"": 0.4161694347858429, ""0.01"": 0.4150850474834442, ""0.1"": 0.4074472486972809, ""0.3"": 0.3952029347419739, ""1"": 0.37013280391693115, ""3"": 0.34913456439971924, ""10"": 0.33330488204956055, ""30"": 0.32356202602386475, ""45"": 0.32105663418769836, ""65"": 0.32006463408470154, ""90"": 0.3210512101650238}",0.3139706552028656,0.32006463408470154,0.31562340259552,81984,0.3490332642371077,0.9170032397464358
timesfm3,wiki_daily_100k,4,L4,block_depth,True,0.2,90.0,True,False,1e-05|0.0001|0.001|0.01|0.1|0.3|1|3|10|30|45|65|90,90.0,1e-05,13,0.01,0.9,"mean pinball over (batch, quantiles, horizon)",0.32046452164649963,"{""1e-05"": 0.4341982901096344, ""0.0001"": 0.4338942766189575, ""0.001"": 0.4345267117023468, ""0.01"": 0.4329506456851959, ""0.1"": 0.42350515723228455, ""0.3"": 0.4073258936405182, ""1"": 0.377962201833725, ""3"": 0.35161519050598145, ""10"": 0.3343616724014282, ""30"": 0.32389482855796814, ""45"": 0.3210771679878235, ""65"": 0.3205093443393707, ""90"": 0.32046452164649963}","{""1e-05"": 0.4341982901096344, ""0.0001"": 0.4338942766189575, ""0.001"": 0.4345267117023468, ""0.01"": 0.4329506456851959, ""0.1"": 0.42350515723228455, ""0.3"": 0.4073258936405182, ""1"": 0.377962201833725, ""3"": 0.35161519050598145, ""10"": 0.3343616724014282, ""30"": 0.32389482855796814, ""45"": 0.3210771679878235, ""65"": 0.3205093443393707, ""90"": 0.32046452164649963}",0.3198901116847992,0.32046452164649963,0.3168230652809143,81984,0.3490332642371077,0.9181489401789494
timesfm3,wiki_daily_100k,5,L5,block_depth,True,0.25,65.0,False,False,1e-05|0.0001|0.001|0.01|0.1|0.3|1|3|10|30|45|65|90,90.0,1e-05,13,0.01,0.65,"mean pinball over (batch, quantiles, horizon)",0.31824010610580444,"{""1e-05"": 0.4516525864601135, ""0.0001"": 0.4524407386779785, ""0.001"": 0.451961487531662, ""0.01"": 0.4508463144302368, ""0.1"": 0.43984392285346985, ""0.3"": 0.4201500415802002, ""1"": 0.3848237693309784, ""3"": 0.3546774685382843, ""10"": 0.3344790041446686, ""30"": 0.3214709460735321, ""45"": 0.3199329078197479, ""65"": 0.31824010610580444, ""90"": 0.31881070137023926}","{""1e-05"": 0.4516525864601135, ""0.0001"": 0.4524407386779785, ""0.001"": 0.451961487531662, ""0.01"": 0.4508463144302368, ""0.1"": 0.43984392285346985, ""0.3"": 0.4201500415802002, ""1"": 0.3848237693309784, ""3"": 0.3546774685382843, ""10"": 0.3344790041446686, ""30"": 0.3214709460735321, ""45"": 0.3199329078197479, ""65"": 0.31824010610580444, ""90"": 0.31881070137023926}",0.3093251585960388,0.31824010610580444,0.3123496174812317,81984,0.3490332642371077,0.9117758641182561
timesfm3,wiki_daily_100k,6,L6,block_depth,True,0.3,65.0,False,False,1e-05|0.0001|0.001|0.01|0.1|0.3|1|3|10|30|45|65|90,90.0,1e-05,13,0.01,0.65,"mean pinball over (batch, quantiles, horizon)",0.31724637746810913,"{""1e-05"": 0.4630090594291687, ""0.0001"": 0.4634391963481903, ""0.001"": 0.46398425102233887, ""0.01"": 0.4626423418521881, ""0.1"": 0.4493725895881653, ""0.3"": 0.42771875858306885, ""1"": 0.38793841004371643, ""3"": 0.3547199070453644, ""10"": 0.33282801508903503, ""30"": 0.3204135596752167, ""45"": 0.31809937953948975, ""65"": 0.31724637746810913, ""90"": 0.3184226155281067}","{""1e-05"": 0.4630090594291687, ""0.0001"": 0.4634391963481903, ""0.001"": 0.46398425102233887, ""0.01"": 0.4626423418521881, ""0.1"": 0.4493725895881653, ""0.3"": 0.42771875858306885, ""1"": 0.38793841004371643, ""3"": 0.3547199070453644, ""10"": 0.33282801508903503, ""30"": 0.3204135596752167, ""45"": 0.31809937953948975, ""65"": 0.31724637746810913, ""90"": 0.3184226155281067}",0.30878350138664246,0.31724637746810913,0.3127252757549286,81984,0.3490332642371077,0.9089287754894191
timesfm3,wiki_daily_100k,7,L7,block_depth,True,0.35,90.0,True,False,1e-05|0.0001|0.001|0.01|0.1|0.3|1|3|10|30|45|65|90,90.0,1e-05,13,0.01,0.9,"mean pinball over (batch, quantiles, horizon)",0.31648412346839905,"{""1e-05"": 0.4796611964702606, ""0.0001"": 0.48000702261924744, ""0.001"": 0.48003923892974854, ""0.01"": 0.4777738153934479, ""0.1"": 0.4647672772407532, ""0.3"": 0.4395103454589844, ""1"": 0.39400407671928406, ""3"": 0.3567255735397339, ""10"": 0.3320709764957428, ""30"": 0.3188796639442444, ""45"": 0.31717753410339355, ""65"": 0.31688201427459717, ""90"": 0.31648412346839905}","{""1e-05"": 0.4796611964702606, ""0.0001"": 0.48000702261924744, ""0.001"": 0.48003923892974854, ""0.01"": 0.4777738153934479, ""0.1"": 0.4647672772407532, ""0.3"": 0.4395103454589844, ""1"": 0.39400407671928406, ""3"": 0.3567255735397339, ""10"": 0.3320709764957428, ""30"": 0.3188796639442444, ""45"": 0.31717753410339355, ""65"": 0.31688201427459717, ""90"": 0.31648412346839905}",0.31473618745803833,0.31648412346839905,0.3106394112110138,81984,0.3490332642371077,0.906744874761859
timesfm3,wiki_daily_100k,8,L8,block_depth,True,0.4,65.0,False,False,1e-05|0.0001|0.001|0.01|0.1|0.3|1|3|10|30|45|65|90,90.0,1e-05,13,0.01,0.65,"mean pinball over (batch, quantiles, horizon)",0.31496119499206543,"{""1e-05"": 0.47905877232551575, ""0.0001"": 0.47854530811309814, ""0.001"": 0.4779933989048004, ""0.01"": 0.47586318850517273, ""0.1"": 0.46251392364501953, ""0.3"": 0.43834394216537476, ""1"": 0.39264988899230957, ""3"": 0.35457366704940796, ""10"": 0.329071581363678, ""30"": 0.3177473843097687, ""45"": 0.3156827986240387, ""65"": 0.31496119499206543, ""90"": 0.3162286579608917}","{""1e-05"": 0.47905877232551575, ""0.0001"": 0.47854530811309814, ""0.001"": 0.4779933989048004, ""0.01"": 0.47586318850517273, ""0.1"": 0.46251392364501953, ""0.3"": 0.43834394216537476, ""1"": 0.39264988899230957, ""3"": 0.35457366704940796, ""10"": 0.329071581363678, ""30"": 0.3177473843097687, ""45"": 0.3156827986240387, ""65"": 0.31496119499206543, ""90"": 0.3162286579608917}",0.3063124716281891,0.31496119499206543,0.30883264541625977,81984,0.3490332642371077,0.9023815987295235
timesfm3,wiki_daily_100k,9,L9,block_depth,True,0.45,65.0,False,False,1e-05|0.0001|0.001|0.01|0.1|0.3|1|3|10|30|45|65|90,90.0,1e-05,13,0.01,0.65,"mean pinball over (batch, quantiles, horizon)",0.3153333067893982,"{""1e-05"": 0.4821050465106964, ""0.0001"": 0.48201555013656616, ""0.001"": 0.48169317841529846, ""0.01"": 0.48038986325263977, ""0.1"": 0.4671652317047119, ""0.3"": 0.4401175081729889, ""1"": 0.3945388197898865, ""3"": 0.35566434264183044, ""10"": 0.3295796513557434, ""30"": 0.3176134526729584, ""45"": 0.31552794575691223, ""65"": 0.3153333067893982, ""90"": 0.3165092170238495}","{""1e-05"": 0.4821050465106964, ""0.0001"": 0.48201555013656616, ""0.001"": 0.48169317841529846, ""0.01"": 0.48038986325263977, ""0.1"": 0.4671652317047119, ""0.3"": 0.4401175081729889, ""1"": 0.3945388197898865, ""3"": 0.35566434264183044, ""10"": 0.3295796513557434, ""30"": 0.3176134526729584, ""45"": 0.31552794575691223, ""65"": 0.3153333067893982, ""90"": 0.3165092170238495}",0.3049287497997284,0.3153333067893982,0.30783501267433167,81984,0.3490332642371077,0.9034477200292973
timesfm3,wiki_daily_100k,10,L10,block_depth,True,0.5,65.0,False,False,1e-05|0.0001|0.001|0.01|0.1|0.3|1|3|10|30|45|65|90,90.0,1e-05,13,0.01,0.65,"mean pinball over (batch, quantiles, horizon)",0.31497493386268616,"{""1e-05"": 0.4847981929779053, ""0.0001"": 0.48540154099464417, ""0.001"": 0.48543044924736023, ""0.01"": 0.4845750033855438, ""0.1"": 0.46876585483551025, ""0.3"": 0.44153305888175964, ""1"": 0.39446431398391724, ""3"": 0.35453730821609497, ""10"": 0.3292682468891144, ""30"": 0.31767648458480835, ""45"": 0.31538665294647217, ""65"": 0.31497493386268616, ""90"": 0.3165714144706726}","{""1e-05"": 0.4847981929779053, ""0.0001"": 0.48540154099464417, ""0.001"": 0.48543044924736023, ""0.01"": 0.4845750033855438, ""0.1"": 0.46876585483551025, ""0.3"": 0.44153305888175964, ""1"": 0.39446431398391724, ""3"": 0.35453730821609497, ""10"": 0.3292682468891144, ""30"": 0.31767648458480835, ""45"": 0.31538665294647217, ""65"": 0.31497493386268616, ""90"": 0.3165714144706726}",0.3047361969947815,0.31497493386268616,0.3083649277687073,81984,0.3490332642371077,0.9024209613692156
timesfm3,wiki_daily_100k,11,L11,block_depth,True,0.55,65.0,False,False,1e-05|0.0001|0.001|0.01|0.1|0.3|1|3|10|30|45|65|90,90.0,1e-05,13,0.01,0.65,"mean pinball over (batch, quantiles, horizon)",0.31589001417160034,"{""1e-05"": 0.4784044325351715, ""0.0001"": 0.47866466641426086, ""0.001"": 0.47676557302474976, ""0.01"": 0.4769432246685028, ""0.1"": 0.46247461438179016, ""0.3"": 0.43718811869621277, ""1"": 0.3908432722091675, ""3"": 0.35251617431640625, ""10"": 0.32991573214530945, ""30"": 0.3187658190727234, ""45"": 0.316902220249176, ""65"": 0.31589001417160034, ""90"": 0.317203551530838}","{""1e-05"": 0.4784044325351715, ""0.0001"": 0.47866466641426086, ""0.001"": 0.47676557302474976, ""0.01"": 0.4769432246685028, ""0.1"": 0.46247461438179016, ""0.3"": 0.43718811869621277, ""1"": 0.3908432722091675, ""3"": 0.35251617431640625, ""10"": 0.32991573214530945, ""30"": 0.3187658190727234, ""45"": 0.316902220249176, ""65"": 0.31589001417160034, ""90"": 0.317203551530838}",0.3049197196960449,0.31589001417160034,0.3094486594200134,81984,0.3490332642371077,0.9050427180975157
timesfm3,wiki_daily_100k,12,L12,block_depth,True,0.6,45.0,False,False,1e-05|0.0001|0.001|0.01|0.1|0.3|1|3|10|30|45|65|90,90.0,1e-05,13,0.01,0.45,"mean pinball over (batch, quantiles, horizon)",0.316413551568985,"{""1e-05"": 0.47949036955833435, ""0.0001"": 0.48016875982284546, ""0.001"": 0.48003000020980835, ""0.01"": 0.4778745174407959, ""0.1"": 0.4629235863685608, ""0.3"": 0.4372037947177887, ""1"": 0.3926476538181305, ""3"": 0.35446369647979736, ""10"": 0.33025649189949036, ""30"": 0.31812378764152527, ""45"": 0.316413551568985, ""65"": 0.3166256844997406, ""90"": 0.3172098994255066}","{""1e-05"": 0.47949036955833435, ""0.0001"": 0.48016875982284546, ""0.001"": 0.48003000020980835, ""0.01"": 0.4778745174407959, ""0.1"": 0.4629235863685608, ""0.3"": 0.4372037947177887, ""1"": 0.3926476538181305, ""3"": 0.35446369647979736, ""10"": 0.33025649189949036, ""30"": 0.31812378764152527, ""45"": 0.316413551568985, ""65"": 0.3166256844997406, ""90"": 0.3172098994255066}",0.29551348090171814,0.316413551568985,0.3099898397922516,81984,0.3490332642371077,0.9065426822872583
timesfm3,wiki_daily_100k,13,L13,block_depth,True,0.65,65.0,False,False,1e-05|0.0001|0.001|0.01|0.1|0.3|1|3|10|30|45|65|90,90.0,1e-05,13,0.01,0.65,"mean pinball over (batch, quantiles, horizon)",0.316224068403244,"{""1e-05"": 0.4773404598236084, ""0.0001"": 0.4774543046951294, ""0.001"": 0.47767192125320435, ""0.01"": 0.4759630262851715, ""0.1"": 0.4614642262458801, ""0.3"": 0.43693071603775024, ""1"": 0.3930899500846863, ""3"": 0.35576915740966797, ""10"": 0.3312777876853943, ""30"": 0.3193587064743042, ""45"": 0.31728094816207886, ""65"": 0.316224068403244, ""90"": 0.31840258836746216}","{""1e-05"": 0.4773404598236084, ""0.0001"": 0.4774543046951294, ""0.001"": 0.47767192125320435, ""0.01"": 0.4759630262851715, ""0.1"": 0.4614642262458801, ""0.3"": 0.43693071603775024, ""1"": 0.3930899500846863, ""3"": 0.35576915740966797, ""10"": 0.3312777876853943, ""30"": 0.3193587064743042, ""45"": 0.31728094816207886, ""65"": 0.316224068403244, ""90"": 0.31840258836746216}",0.3038889765739441,0.316224068403244,0.30811449885368347,81984,0.3490332642371077,0.9059998023237823
timesfm3,wiki_daily_100k,14,L14,block_depth,True,0.7,65.0,False,False,1e-05|0.0001|0.001|0.01|0.1|0.3|1|3|10|30|45|65|90,90.0,1e-05,13,0.01,0.65,"mean pinball over (batch, quantiles, horizon)",0.315518319606781,"{""1e-05"": 0.48044353723526, ""0.0001"": 0.4796694219112396, ""0.001"": 0.4811871349811554, ""0.01"": 0.4778638184070587, ""0.1"": 0.46388790011405945, ""0.3"": 0.43968209624290466, ""1"": 0.3936936557292938, ""3"": 0.35592395067214966, ""10"": 0.33140259981155396, ""30"": 0.31907016038894653, ""45"": 0.31636375188827515, ""65"": 0.315518319606781, ""90"": 0.31756964325904846}","{""1e-05"": 0.48044353723526, ""0.0001"": 0.4796694219112396, ""0.001"": 0.4811871349811554, ""0.01"": 0.4778638184070587, ""0.1"": 0.46388790011405945, ""0.3"": 0.43968209624290466, ""1"": 0.3936936557292938, ""3"": 0.35592395067214966, ""10"": 0.33140259981155396, ""30"": 0.31907016038894653, ""45"": 0.31636375188827515, ""65"": 0.315518319606781, ""90"": 0.31756964325904846}",0.30322134494781494,0.315518319606781,0.3074970543384552,81984,0.3490332642371077,0.9039777921924397
timesfm3,wiki_daily_100k,15,L15,block_depth,True,0.75,65.0,False,False,1e-05|0.0001|0.001|0.01|0.1|0.3|1|3|10|30|45|65|90,90.0,1e-05,13,0.01,0.65,"mean pinball over (batch, quantiles, horizon)",0.3148602843284607,"{""1e-05"": 0.47422364354133606, ""0.0001"": 0.47425007820129395, ""0.001"": 0.4738840162754059, ""0.01"": 0.4727989435195923, ""0.1"": 0.45838692784309387, ""0.3"": 0.43291983008384705, ""1"": 0.3900563418865204, ""3"": 0.35425934195518494, ""10"": 0.3295879364013672, ""30"": 0.31741219758987427, ""45"": 0.31720390915870667, ""65"": 0.3148602843284607, ""90"": 0.3164548873901367}","{""1e-05"": 0.47422364354133606, ""0.0001"": 0.47425007820129395, ""0.001"": 0.4738840162754059, ""0.01"": 0.4727989435195923, ""0.1"": 0.45838692784309387, ""0.3"": 0.43291983008384705, ""1"": 0.3900563418865204, ""3"": 0.35425934195518494, ""10"": 0.3295879364013672, ""30"": 0.31741219758987427, ""45"": 0.31720390915870667, ""65"": 0.3148602843284607, ""90"": 0.3164548873901367}",0.3038724958896637,0.3148602843284607,0.30739933252334595,81984,0.3490332642371077,0.902092483983325
timesfm3,wiki_daily_100k,16,L16,block_depth,True,0.8,65.0,False,False,1e-05|0.0001|0.001|0.01|0.1|0.3|1|3|10|30|45|65|90,90.0,1e-05,13,0.01,0.65,"mean pinball over (batch, quantiles, horizon)",0.314556360244751,"{""1e-05"": 0.4754340946674347, ""0.0001"": 0.4749954044818878, ""0.001"": 0.47624996304512024, ""0.01"": 0.4741816520690918, ""0.1"": 0.4611027240753174, ""0.3"": 0.4372613728046417, ""1"": 0.39453673362731934, ""3"": 0.3569466769695282, ""10"": 0.33067023754119873, ""30"": 0.31829604506492615, ""45"": 0.3154761493206024, ""65"": 0.314556360244751, ""90"": 0.316012442111969}","{""1e-05"": 0.4754340946674347, ""0.0001"": 0.4749954044818878, ""0.001"": 0.47624996304512024, ""0.01"": 0.4741816520690918, ""0.1"": 0.4611027240753174, ""0.3"": 0.4372613728046417, ""1"": 0.39453673362731934, ""3"": 0.3569466769695282, ""10"": 0.33067023754119873, ""30"": 0.31829604506492615, ""45"": 0.3154761493206024, ""65"": 0.314556360244751, ""90"": 0.316012442111969}",0.30317774415016174,0.314556360244751,0.3057500720024109,81984,0.3490332642371077,0.9012217243313072
timesfm3,wiki_daily_100k,17,L17,block_depth,True,0.85,65.0,False,False,1e-05|0.0001|0.001|0.01|0.1|0.3|1|3|10|30|45|65|90,90.0,1e-05,13,0.01,0.65,"mean pinball over (batch, quantiles, horizon)",0.31462401151657104,"{""1e-05"": 0.4632139205932617, ""0.0001"": 0.4623701870441437, ""0.001"": 0.4621756374835968, ""0.01"": 0.46072906255722046, ""0.1"": 0.44829869270324707, ""0.3"": 0.4282156229019165, ""1"": 0.388310045003891, ""3"": 0.35341161489486694, ""10"": 0.32978466153144836, ""30"": 0.31774815917015076, ""45"": 0.31516656279563904, ""65"": 0.31462401151657104, ""90"": 0.3150743544101715}","{""1e-05"": 0.4632139205932617, ""0.0001"": 0.4623701870441437, ""0.001"": 0.4621756374835968, ""0.01"": 0.46072906255722046, ""0.1"": 0.44829869270324707, ""0.3"": 0.4282156229019165, ""1"": 0.388310045003891, ""3"": 0.35341161489486694, ""10"": 0.32978466153144836, ""30"": 0.31774815917015076, ""45"": 0.31516656279563904, ""65"": 0.31462401151657104, ""90"": 0.3150743544101715}",0.3030445873737335,0.31462401151657104,0.3031342029571533,81984,0.3490332642371077,0.9014155490430233
timesfm3,wiki_daily_100k,18,L18,block_depth,True,0.9,65.0,False,False,1e-05|0.0001|0.001|0.01|0.1|0.3|1|3|10|30|45|65|90,90.0,1e-05,13,0.01,0.65,"mean pinball over (batch, quantiles, horizon)",0.3133428394794464,"{""1e-05"": 0.44498252868652344, ""0.0001"": 0.4446032643318176, ""0.001"": 0.443867564201355, ""0.01"": 0.44509157538414, ""0.1"": 0.43181487917900085, ""0.3"": 0.41294506192207336, ""1"": 0.3783992528915405, ""3"": 0.3482353687286377, ""10"": 0.32761773467063904, ""30"": 0.3163919746875763, ""45"": 0.3144902288913727, ""65"": 0.3133428394794464, ""90"": 0.3150043189525604}","{""1e-05"": 0.44498252868652344, ""0.0001"": 0.4446032643318176, ""0.001"": 0.443867564201355, ""0.01"": 0.44509157538414, ""0.1"": 0.43181487917900085, ""0.3"": 0.41294506192207336, ""1"": 0.3783992528915405, ""3"": 0.3482353687286377, ""10"": 0.32761773467063904, ""30"": 0.3163919746875763, ""45"": 0.3144902288913727, ""65"": 0.3133428394794464, ""90"": 0.3150043189525604}",0.30557358264923096,0.3133428394794464,0.3027459681034088,81984,0.3490332642371077,0.897744918852732
timesfm3,wiki_daily_100k,19,L19,block_depth,True,0.95,45.0,False,False,1e-05|0.0001|0.001|0.01|0.1|0.3|1|3|10|30|45|65|90,90.0,1e-05,13,0.01,0.45,"mean pinball over (batch, quantiles, horizon)",0.31343644857406616,"{""1e-05"": 0.4128147065639496, ""0.0001"": 0.4133308231830597, ""0.001"": 0.4145592451095581, ""0.01"": 0.41134950518608093, ""0.1"": 0.40304699540138245, ""0.3"": 0.3883762061595917, ""1"": 0.3597245216369629, ""3"": 0.3375358283519745, ""10"": 0.3228348195552826, ""30"": 0.3150408864021301, ""45"": 0.31343644857406616, ""65"": 0.31573033332824707, ""90"": 0.3181057572364807}","{""1e-05"": 0.4128147065639496, ""0.0001"": 0.4133308231830597, ""0.001"": 0.4145592451095581, ""0.01"": 0.41134950518608093, ""0.1"": 0.40304699540138245, ""0.3"": 0.3883762061595917, ""1"": 0.3597245216369629, ""3"": 0.3375358283519745, ""10"": 0.3228348195552826, ""30"": 0.3150408864021301, ""45"": 0.31343644857406616, ""65"": 0.31573033332824707, ""90"": 0.3181057572364807}",0.30649542808532715,0.31343644857406616,0.302717924118042,81984,0.3490332642371077,0.8980131141917189
timesfm3,wiki_daily_100k,20,L20,block_depth,True,1.0,45.0,False,False,1e-05|0.0001|0.001|0.01|0.1|0.3|1|3|10|30|45|65|90,90.0,1e-05,13,0.01,0.45,"mean pinball over (batch, quantiles, horizon)",0.3125949800014496,"{""1e-05"": 0.4286108613014221, ""0.0001"": 0.427423894405365, ""0.001"": 0.4296366572380066, ""0.01"": 0.4256974458694458, ""0.1"": 0.4165206849575043, ""0.3"": 0.3987019658088684, ""1"": 0.36686670780181885, ""3"": 0.341491162776947, ""10"": 0.32246288657188416, ""30"": 0.31478366255760193, ""45"": 0.3125949800014496, ""65"": 0.3142140209674835, ""90"": 0.3161001205444336}","{""1e-05"": 0.4286108613014221, ""0.0001"": 0.427423894405365, ""0.001"": 0.4296366572380066, ""0.01"": 0.4256974458694458, ""0.1"": 0.4165206849575043, ""0.3"": 0.3987019658088684, ""1"": 0.36686670780181885, ""3"": 0.341491162776947, ""10"": 0.32246288657188416, ""30"": 0.31478366255760193, ""45"": 0.3125949800014496, ""65"": 0.3142140209674835, ""90"": 0.3161001205444336}",0.30257561802864075,0.3125949800014496,0.30240654945373535,81984,0.3490332642371077,0.8956022592422463
timesfm3,monash_traffic,0,Emb,block_depth,True,0.0,10.0,False,False,1e-05|0.0001|0.001|0.01|0.1|0.3|1|3|10|30|45|65|90,90.0,1e-05,13,0.01,0.1,"mean pinball over (batch, quantiles, horizon)",0.1686742603778839,"{""1e-05"": 0.18167594075202942, ""0.0001"": 0.1860356479883194, ""0.001"": 0.18457844853401184, ""0.01"": 0.18277664482593536, ""0.1"": 0.1772618144750595, ""0.3"": 0.18137015402317047, ""1"": 0.17629380524158478, ""3"": 0.16913025081157684, ""10"": 0.1686742603778839, ""30"": 0.1709851622581482, ""45"": 0.16934548318386078, ""65"": 0.17866164445877075, ""90"": 0.1796090304851532}","{""1e-05"": 0.18167594075202942, ""0.0001"": 0.1860356479883194, ""0.001"": 0.18457844853401184, ""0.01"": 0.18277664482593536, ""0.1"": 0.1772618144750595, ""0.3"": 0.18137015402317047, ""1"": 0.17629380524158478, ""3"": 0.16913025081157684, ""10"": 0.1686742603778839, ""30"": 0.1709851622581482, ""45"": 0.16934548318386078, ""65"": 0.17866164445877075, ""90"": 0.1796090304851532}",0.19629736244678497,0.1686742603778839,0.16203686594963074,81984,0.28795049996435185,0.5857751953851988
timesfm3,monash_traffic,1,L1,block_depth,True,0.05,30.0,False,False,1e-05|0.0001|0.001|0.01|0.1|0.3|1|3|10|30|45|65|90,90.0,1e-05,13,0.01,0.3,"mean pinball over (batch, quantiles, horizon)",0.1493442952632904,"{""1e-05"": 0.17394469678401947, ""0.0001"": 0.1758147031068802, ""0.001"": 0.1736174374818802, ""0.01"": 0.17665737867355347, ""0.1"": 0.17968304455280304, ""0.3"": 0.16922399401664734, ""1"": 0.16718828678131104, ""3"": 0.16067948937416077, ""10"": 0.15497982501983643, ""30"": 0.1493442952632904, ""45"": 0.1561988890171051, ""65"": 0.15865106880664825, ""90"": 0.16233715415000916}","{""1e-05"": 0.17394469678401947, ""0.0001"": 0.1758147031068802, ""0.001"": 0.1736174374818802, ""0.01"": 0.17665737867355347, ""0.1"": 0.17968304455280304, ""0.3"": 0.16922399401664734, ""1"": 0.16718828678131104, ""3"": 0.16067948937416077, ""10"": 0.15497982501983643, ""30"": 0.1493442952632904, ""45"": 0.1561988890171051, ""65"": 0.15865106880664825, ""90"": 0.16233715415000916}",0.16786827147006989,0.1493442952632904,0.15468022227287292,81984,0.28795049996435185,0.5186457230731641
timesfm3,monash_traffic,2,L2,block_depth,True,0.1,10.0,False,False,1e-05|0.0001|0.001|0.01|0.1|0.3|1|3|10|30|45|65|90,90.0,1e-05,13,0.01,0.1,"mean pinball over (batch, quantiles, horizon)",0.15310736000537872,"{""1e-05"": 0.18283449113368988, ""0.0001"": 0.18263067305088043, ""0.001"": 0.18400762975215912, ""0.01"": 0.18101832270622253, ""0.1"": 0.17897650599479675, ""0.3"": 0.17574037611484528, ""1"": 0.16561263799667358, ""3"": 0.15898042917251587, ""10"": 0.15310736000537872, ""30"": 0.15719786286354065, ""45"": 0.16081520915031433, ""65"": 0.16027839481830597, ""90"": 0.17341868579387665}","{""1e-05"": 0.18283449113368988, ""0.0001"": 0.18263067305088043, ""0.001"": 0.18400762975215912, ""0.01"": 0.18101832270622253, ""0.1"": 0.17897650599479675, ""0.3"": 0.17574037611484528, ""1"": 0.16561263799667358, ""3"": 0.15898042917251587, ""10"": 0.15310736000537872, ""30"": 0.15719786286354065, ""45"": 0.16081520915031433, ""65"": 0.16027839481830597, ""90"": 0.17341868579387665}",0.14358823001384735,0.15310736000537872,0.14432750642299652,81984,0.28795049996435185,0.5317141662345901
timesfm3,monash_traffic,3,L3,block_depth,True,0.15,30.0,False,False,1e-05|0.0001|0.001|0.01|0.1|0.3|1|3|10|30|45|65|90,90.0,1e-05,13,0.01,0.3,"mean pinball over (batch, quantiles, horizon)",0.15235811471939087,"{""1e-05"": 0.20872028172016144, ""0.0001"": 0.20300644636154175, ""0.001"": 0.19786366820335388, ""0.01"": 0.19605299830436707, ""0.1"": 0.1941709965467453, ""0.3"": 0.18738394975662231, ""1"": 0.17629151046276093, ""3"": 0.15967416763305664, ""10"": 0.15342852473258972, ""30"": 0.15235811471939087, ""45"": 0.15282006561756134, ""65"": 0.15919619798660278, ""90"": 0.15999957919120789}","{""1e-05"": 0.20872028172016144, ""0.0001"": 0.20300644636154175, ""0.001"": 0.19786366820335388, ""0.01"": 0.19605299830436707, ""0.1"": 0.1941709965467453, ""0.3"": 0.18738394975662231, ""1"": 0.17629151046276093, ""3"": 0.15967416763305664, ""10"": 0.15342852473258972, ""30"": 0.15235811471939087, ""45"": 0.15282006561756134, ""65"": 0.15919619798660278, ""90"": 0.15999957919120789}",0.14980314671993256,0.15235811471939087,0.1407533586025238,81984,0.28795049996435185,0.5291121728847588
timesfm3,monash_traffic,4,L4,block_depth,True,0.2,45.0,False,False,1e-05|0.0001|0.001|0.01|0.1|0.3|1|3|10|30|45|65|90,90.0,1e-05,13,0.01,0.45,"mean pinball over (batch, quantiles, horizon)",0.1537998616695404,"{""1e-05"": 0.20008967816829681, ""0.0001"": 0.20811505615711212, ""0.001"": 0.20670144259929657, ""0.01"": 0.2115069031715393, ""0.1"": 0.19548644125461578, ""0.3"": 0.19798867404460907, ""1"": 0.17613941431045532, ""3"": 0.16965565085411072, ""10"": 0.15499690175056458, ""30"": 0.1590823531150818, ""45"": 0.1537998616695404, ""65"": 0.16791027784347534, ""90"": 0.17392121255397797}","{""1e-05"": 0.20008967816829681, ""0.0001"": 0.20811505615711212, ""0.001"": 0.20670144259929657, ""0.01"": 0.2115069031715393, ""0.1"": 0.19548644125461578, ""0.3"": 0.19798867404460907, ""1"": 0.17613941431045532, ""3"": 0.16965565085411072, ""10"": 0.15499690175056458, ""30"": 0.1590823531150818, ""45"": 0.1537998616695404, ""65"": 0.16791027784347534, ""90"": 0.17392121255397797}",0.15481090545654297,0.1537998616695404,0.14072845876216888,81984,0.28795049996435185,0.5341190992499779
timesfm3,monash_traffic,5,L5,block_depth,True,0.25,30.0,False,False,1e-05|0.0001|0.001|0.01|0.1|0.3|1|3|10|30|45|65|90,90.0,1e-05,13,0.01,0.3,"mean pinball over (batch, quantiles, horizon)",0.1606980562210083,"{""1e-05"": 0.21089182794094086, ""0.0001"": 0.21313394606113434, ""0.001"": 0.21841967105865479, ""0.01"": 0.20595401525497437, ""0.1"": 0.20764870941638947, ""0.3"": 0.19577963650226593, ""1"": 0.1807321161031723, ""3"": 0.17411263287067413, ""10"": 0.16070114076137543, ""30"": 0.1606980562210083, ""45"": 0.16846917569637299, ""65"": 0.1761799305677414, ""90"": 0.19100500643253326}","{""1e-05"": 0.21089182794094086, ""0.0001"": 0.21313394606113434, ""0.001"": 0.21841967105865479, ""0.01"": 0.20595401525497437, ""0.1"": 0.20764870941638947, ""0.3"": 0.19577963650226593, ""1"": 0.1807321161031723, ""3"": 0.17411263287067413, ""10"": 0.16070114076137543, ""30"": 0.1606980562210083, ""45"": 0.16846917569637299, ""65"": 0.1761799305677414, ""90"": 0.19100500643253326}",0.1414070576429367,0.1606980562210083,0.13700628280639648,81984,0.28795049996435185,0.558075281136524
timesfm3,monash_traffic,6,L6,block_depth,True,0.3,10.0,False,False,1e-05|0.0001|0.001|0.01|0.1|0.3|1|3|10|30|45|65|90,90.0,1e-05,13,0.01,0.1,"mean pinball over (batch, quantiles, horizon)",0.17236843705177307,"{""1e-05"": 0.22577641904354095, ""0.0001"": 0.22526858747005463, ""0.001"": 0.2246510535478592, ""0.01"": 0.23074758052825928, ""0.1"": 0.2330271452665329, ""0.3"": 0.20741194486618042, ""1"": 0.19132250547409058, ""3"": 0.18478484451770782, ""10"": 0.17236843705177307, ""30"": 0.17258039116859436, ""45"": 0.1804191917181015, ""65"": 0.19310419261455536, ""90"": 0.20572569966316223}","{""1e-05"": 0.22577641904354095, ""0.0001"": 0.22526858747005463, ""0.001"": 0.2246510535478592, ""0.01"": 0.23074758052825928, ""0.1"": 0.2330271452665329, ""0.3"": 0.20741194486618042, ""1"": 0.19132250547409058, ""3"": 0.18478484451770782, ""10"": 0.17236843705177307, ""30"": 0.17258039116859436, ""45"": 0.1804191917181015, ""65"": 0.19310419261455536, ""90"": 0.20572569966316223}",0.1303539127111435,0.17236843705177307,0.13965201377868652,81984,0.28795049996435185,0.598604402746695
timesfm3,monash_traffic,7,L7,block_depth,True,0.35,10.0,False,False,1e-05|0.0001|0.001|0.01|0.1|0.3|1|3|10|30|45|65|90,90.0,1e-05,13,0.01,0.1,"mean pinball over (batch, quantiles, horizon)",0.16357596218585968,"{""1e-05"": 0.22378382086753845, ""0.0001"": 0.2309579700231552, ""0.001"": 0.238188236951828, ""0.01"": 0.24174238741397858, ""0.1"": 0.2231762558221817, ""0.3"": 0.21543753147125244, ""1"": 0.19437764585018158, ""3"": 0.17435254156589508, ""10"": 0.16357596218585968, ""30"": 0.17229588329792023, ""45"": 0.17824435234069824, ""65"": 0.18763412535190582, ""90"": 0.2143290936946869}","{""1e-05"": 0.22378382086753845, ""0.0001"": 0.2309579700231552, ""0.001"": 0.238188236951828, ""0.01"": 0.24174238741397858, ""0.1"": 0.2231762558221817, ""0.3"": 0.21543753147125244, ""1"": 0.19437764585018158, ""3"": 0.17435254156589508, ""10"": 0.16357596218585968, ""30"": 0.17229588329792023, ""45"": 0.17824435234069824, ""65"": 0.18763412535190582, ""90"": 0.2143290936946869}",0.12783238291740417,0.16357596218585968,0.1476074606180191,81984,0.28795049996435185,0.5680697279779348
timesfm3,monash_traffic,8,L8,block_depth,True,0.4,10.0,False,False,1e-05|0.0001|0.001|0.01|0.1|0.3|1|3|10|30|45|65|90,90.0,1e-05,13,0.01,0.1,"mean pinball over (batch, quantiles, horizon)",0.17100989818572998,"{""1e-05"": 0.2555234134197235, ""0.0001"": 0.24453191459178925, ""0.001"": 0.24705950915813446, ""0.01"": 0.24890558421611786, ""0.1"": 0.23528265953063965, ""0.3"": 0.22467651963233948, ""1"": 0.21592257916927338, ""3"": 0.1899658888578415, ""10"": 0.17100989818572998, ""30"": 0.1825646013021469, ""45"": 0.19882498681545258, ""65"": 0.2145262211561203, ""90"": 0.2253938913345337}","{""1e-05"": 0.2555234134197235, ""0.0001"": 0.24453191459178925, ""0.001"": 0.24705950915813446, ""0.01"": 0.24890558421611786, ""0.1"": 0.23528265953063965, ""0.3"": 0.22467651963233948, ""1"": 0.21592257916927338, ""3"": 0.1899658888578415, ""10"": 0.17100989818572998, ""30"": 0.1825646013021469, ""45"": 0.19882498681545258, ""65"": 0.2145262211561203, ""90"": 0.2253938913345337}",0.12633563578128815,0.17100989818572998,0.14695203304290771,81984,0.28795049996435185,0.5938864430063533
timesfm3,monash_traffic,9,L9,block_depth,True,0.45,30.0,False,False,1e-05|0.0001|0.001|0.01|0.1|0.3|1|3|10|30|45|65|90,90.0,1e-05,13,0.01,0.3,"mean pinball over (batch, quantiles, horizon)",0.18433557450771332,"{""1e-05"": 0.2601854205131531, ""0.0001"": 0.2636277377605438, ""0.001"": 0.2626509368419647, ""0.01"": 0.2608444392681122, ""0.1"": 0.2424306571483612, ""0.3"": 0.24039669334888458, ""1"": 0.21600957214832306, ""3"": 0.20808055996894836, ""10"": 0.184861958026886, ""30"": 0.18433557450771332, ""45"": 0.18889465928077698, ""65"": 0.20073974132537842, ""90"": 0.2341322898864746}","{""1e-05"": 0.2601854205131531, ""0.0001"": 0.2636277377605438, ""0.001"": 0.2626509368419647, ""0.01"": 0.2608444392681122, ""0.1"": 0.2424306571483612, ""0.3"": 0.24039669334888458, ""1"": 0.21600957214832306, ""3"": 0.20808055996894836, ""10"": 0.184861958026886, ""30"": 0.18433557450771332, ""45"": 0.18889465928077698, ""65"": 0.20073974132537842, ""90"": 0.2341322898864746}",0.14737600088119507,0.18433557450771332,0.14273445308208466,81984,0.28795049996435185,0.6401641064368147
timesfm3,monash_traffic,10,L10,block_depth,True,0.5,30.0,False,False,1e-05|0.0001|0.001|0.01|0.1|0.3|1|3|10|30|45|65|90,90.0,1e-05,13,0.01,0.3,"mean pinball over (batch, quantiles, horizon)",0.18127499520778656,"{""1e-05"": 0.27413779497146606, ""0.0001"": 0.27703267335891724, ""0.001"": 0.2837304472923279, ""0.01"": 0.26053386926651, ""0.1"": 0.26613569259643555, ""0.3"": 0.2519436180591583, ""1"": 0.23152746260166168, ""3"": 0.19723692536354065, ""10"": 0.18924809992313385, ""30"": 0.18127499520778656, ""45"": 0.20462079346179962, ""65"": 0.2175106406211853, ""90"": 0.23649679124355316}","{""1e-05"": 0.27413779497146606, ""0.0001"": 0.27703267335891724, ""0.001"": 0.2837304472923279, ""0.01"": 0.26053386926651, ""0.1"": 0.26613569259643555, ""0.3"": 0.2519436180591583, ""1"": 0.23152746260166168, ""3"": 0.19723692536354065, ""10"": 0.18924809992313385, ""30"": 0.18127499520778656, ""45"": 0.20462079346179962, ""65"": 0.2175106406211853, ""90"": 0.23649679124355316}",0.14657461643218994,0.18127499520778656,0.14633773267269135,81984,0.28795049996435185,0.6295352681458387
timesfm3,monash_traffic,11,L11,block_depth,True,0.55,10.0,False,False,1e-05|0.0001|0.001|0.01|0.1|0.3|1|3|10|30|45|65|90,90.0,1e-05,13,0.01,0.1,"mean pinball over (batch, quantiles, horizon)",0.18346190452575684,"{""1e-05"": 0.27387022972106934, ""0.0001"": 0.2750987410545349, ""0.001"": 0.27602463960647583, ""0.01"": 0.2839489281177521, ""0.1"": 0.2691785395145416, ""0.3"": 0.2513033449649811, ""1"": 0.22344496846199036, ""3"": 0.19263726472854614, ""10"": 0.18346190452575684, ""30"": 0.191663458943367, ""45"": 0.1908572018146515, ""65"": 0.2008754312992096, ""90"": 0.23815228044986725}","{""1e-05"": 0.27387022972106934, ""0.0001"": 0.2750987410545349, ""0.001"": 0.27602463960647583, ""0.01"": 0.2839489281177521, ""0.1"": 0.2691785395145416, ""0.3"": 0.2513033449649811, ""1"": 0.22344496846199036, ""3"": 0.19263726472854614, ""10"": 0.18346190452575684, ""30"": 0.191663458943367, ""45"": 0.1908572018146515, ""65"": 0.2008754312992096, ""90"": 0.23815228044986725}",0.13156931102275848,0.18346190452575684,0.14624395966529846,81984,0.28795049996435185,0.6371300086246398
timesfm3,monash_traffic,12,L12,block_depth,True,0.6,45.0,False,False,1e-05|0.0001|0.001|0.01|0.1|0.3|1|3|10|30|45|65|90,90.0,1e-05,13,0.01,0.45,"mean pinball over (batch, quantiles, horizon)",0.17407366633415222,"{""1e-05"": 0.2796010375022888, ""0.0001"": 0.2552037239074707, ""0.001"": 0.27605870366096497, ""0.01"": 0.2802596092224121, ""0.1"": 0.26678845286369324, ""0.3"": 0.23869910836219788, ""1"": 0.22395610809326172, ""3"": 0.20153449475765228, ""10"": 0.19353872537612915, ""30"": 0.18028968572616577, ""45"": 0.17407366633415222, ""65"": 0.20648673176765442, ""90"": 0.20984962582588196}","{""1e-05"": 0.2796010375022888, ""0.0001"": 0.2552037239074707, ""0.001"": 0.27605870366096497, ""0.01"": 0.2802596092224121, ""0.1"": 0.26678845286369324, ""0.3"": 0.23869910836219788, ""1"": 0.22395610809326172, ""3"": 0.20153449475765228, ""10"": 0.19353872537612915, ""30"": 0.18028968572616577, ""45"": 0.17407366633415222, ""65"": 0.20648673176765442, ""90"": 0.20984962582588196}",0.16035866737365723,0.17407366633415222,0.1528489738702774,81984,0.28795049996435185,0.6045263555913342
timesfm3,monash_traffic,13,L13,block_depth,True,0.65,30.0,False,False,1e-05|0.0001|0.001|0.01|0.1|0.3|1|3|10|30|45|65|90,90.0,1e-05,13,0.01,0.3,"mean pinball over (batch, quantiles, horizon)",0.17189590632915497,"{""1e-05"": 0.2688096761703491, ""0.0001"": 0.2604839503765106, ""0.001"": 0.26016297936439514, ""0.01"": 0.257593035697937, ""0.1"": 0.2460138499736786, ""0.3"": 0.23207798600196838, ""1"": 0.20409159362316132, ""3"": 0.1880614310503006, ""10"": 0.17659829556941986, ""30"": 0.17189590632915497, ""45"": 0.17315712571144104, ""65"": 0.1901971697807312, ""90"": 0.20966491103172302}","{""1e-05"": 0.2688096761703491, ""0.0001"": 0.2604839503765106, ""0.001"": 0.26016297936439514, ""0.01"": 0.257593035697937, ""0.1"": 0.2460138499736786, ""0.3"": 0.23207798600196838, ""1"": 0.20409159362316132, ""3"": 0.1880614310503006, ""10"": 0.17659829556941986, ""30"": 0.17189590632915497, ""45"": 0.17315712571144104, ""65"": 0.1901971697807312, ""90"": 0.20966491103172302}",0.1407848745584488,0.17189590632915497,0.13685674965381622,81984,0.28795049996435185,0.5969633890215006
timesfm3,monash_traffic,14,L14,block_depth,True,0.7,10.0,False,False,1e-05|0.0001|0.001|0.01|0.1|0.3|1|3|10|30|45|65|90,90.0,1e-05,13,0.01,0.1,"mean pinball over (batch, quantiles, horizon)",0.17688092589378357,"{""1e-05"": 0.27481234073638916, ""0.0001"": 0.2600354254245758, ""0.001"": 0.2625688910484314, ""0.01"": 0.26869237422943115, ""0.1"": 0.2660141587257385, ""0.3"": 0.23138387501239777, ""1"": 0.21388857066631317, ""3"": 0.1835806965827942, ""10"": 0.17688092589378357, ""30"": 0.17836804687976837, ""45"": 0.17951199412345886, ""65"": 0.18249310553073883, ""90"": 0.1990717053413391}","{""1e-05"": 0.27481234073638916, ""0.0001"": 0.2600354254245758, ""0.001"": 0.2625688910484314, ""0.01"": 0.26869237422943115, ""0.1"": 0.2660141587257385, ""0.3"": 0.23138387501239777, ""1"": 0.21388857066631317, ""3"": 0.1835806965827942, ""10"": 0.17688092589378357, ""30"": 0.17836804687976837, ""45"": 0.17951199412345886, ""65"": 0.18249310553073883, ""90"": 0.1990717053413391}",0.12496867030858994,0.17688092589378357,0.14047591388225555,81984,0.28795049996435185,0.6142754602464012
timesfm3,monash_traffic,15,L15,block_depth,True,0.75,30.0,False,False,1e-05|0.0001|0.001|0.01|0.1|0.3|1|3|10|30|45|65|90,90.0,1e-05,13,0.01,0.3,"mean pinball over (batch, quantiles, horizon)",0.17031167447566986,"{""1e-05"": 0.25659260153770447, ""0.0001"": 0.2601809501647949, ""0.001"": 0.26228439807891846, ""0.01"": 0.25768527388572693, ""0.1"": 0.24452343583106995, ""0.3"": 0.24004687368869781, ""1"": 0.20591247081756592, ""3"": 0.1923295110464096, ""10"": 0.17665939033031464, ""30"": 0.17031167447566986, ""45"": 0.17316284775733948, ""65"": 0.18093857169151306, ""90"": 0.19329185783863068}","{""1e-05"": 0.25659260153770447, ""0.0001"": 0.2601809501647949, ""0.001"": 0.26228439807891846, ""0.01"": 0.25768527388572693, ""0.1"": 0.24452343583106995, ""0.3"": 0.24004687368869781, ""1"": 0.20591247081756592, ""3"": 0.1923295110464096, ""10"": 0.17665939033031464, ""30"": 0.17031167447566986, ""45"": 0.17316284775733948, ""65"": 0.18093857169151306, ""90"": 0.19329185783863068}",0.13328686356544495,0.17031167447566986,0.13374042510986328,81984,0.28795049996435185,0.5914616383606015
timesfm3,monash_traffic,16,L16,block_depth,True,0.8,30.0,False,False,1e-05|0.0001|0.001|0.01|0.1|0.3|1|3|10|30|45|65|90,90.0,1e-05,13,0.01,0.3,"mean pinball over (batch, quantiles, horizon)",0.16527792811393738,"{""1e-05"": 0.24262945353984833, ""0.0001"": 0.24933846294879913, ""0.001"": 0.26041895151138306, ""0.01"": 0.2534671127796173, ""0.1"": 0.24133792519569397, ""0.3"": 0.22705496847629547, ""1"": 0.1976255178451538, ""3"": 0.17745228111743927, ""10"": 0.16745196282863617, ""30"": 0.16527792811393738, ""45"": 0.1688288301229477, ""65"": 0.17109447717666626, ""90"": 0.18818967044353485}","{""1e-05"": 0.24262945353984833, ""0.0001"": 0.24933846294879913, ""0.001"": 0.26041895151138306, ""0.01"": 0.2534671127796173, ""0.1"": 0.24133792519569397, ""0.3"": 0.22705496847629547, ""1"": 0.1976255178451538, ""3"": 0.17745228111743927, ""10"": 0.16745196282863617, ""30"": 0.16527792811393738, ""45"": 0.1688288301229477, ""65"": 0.17109447717666626, ""90"": 0.18818967044353485}",0.1310143768787384,0.16527792811393738,0.14445990324020386,81984,0.28795049996435185,0.5739803477833819
timesfm3,monash_traffic,17,L17,block_depth,True,0.85,30.0,False,False,1e-05|0.0001|0.001|0.01|0.1|0.3|1|3|10|30|45|65|90,90.0,1e-05,13,0.01,0.3,"mean pinball over (batch, quantiles, horizon)",0.1608923077583313,"{""1e-05"": 0.23361925780773163, ""0.0001"": 0.22779904305934906, ""0.001"": 0.24068304896354675, ""0.01"": 0.2348235845565796, ""0.1"": 0.23047012090682983, ""0.3"": 0.2083880603313446, ""1"": 0.1908292919397354, ""3"": 0.17731307446956635, ""10"": 0.16167688369750977, ""30"": 0.1608923077583313, ""45"": 0.16315793991088867, ""65"": 0.16934548318386078, ""90"": 0.17081530392169952}","{""1e-05"": 0.23361925780773163, ""0.0001"": 0.22779904305934906, ""0.001"": 0.24068304896354675, ""0.01"": 0.2348235845565796, ""0.1"": 0.23047012090682983, ""0.3"": 0.2083880603313446, ""1"": 0.1908292919397354, ""3"": 0.17731307446956635, ""10"": 0.16167688369750977, ""30"": 0.1608923077583313, ""45"": 0.16315793991088867, ""65"": 0.16934548318386078, ""90"": 0.17081530392169952}",0.12816758453845978,0.1608923077583313,0.13420617580413818,81984,0.28795049996435185,0.5587498815881539
timesfm3,monash_traffic,18,L18,block_depth,True,0.9,30.0,False,False,1e-05|0.0001|0.001|0.01|0.1|0.3|1|3|10|30|45|65|90,90.0,1e-05,13,0.01,0.3,"mean pinball over (batch, quantiles, horizon)",0.15344730019569397,"{""1e-05"": 0.2140631079673767, ""0.0001"": 0.21429118514060974, ""0.001"": 0.21420250833034515, ""0.01"": 0.2098120003938675, ""0.1"": 0.2033856362104416, ""0.3"": 0.19037722051143646, ""1"": 0.1763780415058136, ""3"": 0.16393981873989105, ""10"": 0.15463483333587646, ""30"": 0.15344730019569397, ""45"": 0.15936671197414398, ""65"": 0.16411077976226807, ""90"": 0.16973425447940826}","{""1e-05"": 0.2140631079673767, ""0.0001"": 0.21429118514060974, ""0.001"": 0.21420250833034515, ""0.01"": 0.2098120003938675, ""0.1"": 0.2033856362104416, ""0.3"": 0.19037722051143646, ""1"": 0.1763780415058136, ""3"": 0.16393981873989105, ""10"": 0.15463483333587646, ""30"": 0.15344730019569397, ""45"": 0.15936671197414398, ""65"": 0.16411077976226807, ""90"": 0.16973425447940826}",0.12493448704481125,0.15344730019569397,0.1300545334815979,81984,0.28795049996435185,0.5328947170249424
timesfm3,monash_traffic,19,L19,block_depth,True,0.95,30.0,False,False,1e-05|0.0001|0.001|0.01|0.1|0.3|1|3|10|30|45|65|90,90.0,1e-05,13,0.01,0.3,"mean pinball over (batch, quantiles, horizon)",0.17107930779457092,"{""1e-05"": 0.22230783104896545, ""0.0001"": 0.2148195505142212, ""0.001"": 0.22299344837665558, ""0.01"": 0.21539491415023804, ""0.1"": 0.21067844331264496, ""0.3"": 0.19759008288383484, ""1"": 0.18182015419006348, ""3"": 0.17598497867584229, ""10"": 0.17114248871803284, ""30"": 0.17107930779457092, ""45"": 0.1746816784143448, ""65"": 0.17915570735931396, ""90"": 0.1936199963092804}","{""1e-05"": 0.22230783104896545, ""0.0001"": 0.2148195505142212, ""0.001"": 0.22299344837665558, ""0.01"": 0.21539491415023804, ""0.1"": 0.21067844331264496, ""0.3"": 0.19759008288383484, ""1"": 0.18182015419006348, ""3"": 0.17598497867584229, ""10"": 0.17114248871803284, ""30"": 0.17107930779457092, ""45"": 0.1746816784143448, ""65"": 0.17915570735931396, ""90"": 0.1936199963092804}",0.12196186929941177,0.17107930779457092,0.13061581552028656,81984,0.28795049996435185,0.5941274900225924
timesfm3,monash_traffic,20,L20,block_depth,True,1.0,30.0,False,False,1e-05|0.0001|0.001|0.01|0.1|0.3|1|3|10|30|45|65|90,90.0,1e-05,13,0.01,0.3,"mean pinball over (batch, quantiles, horizon)",0.17102672159671783,"{""1e-05"": 0.25520867109298706, ""0.0001"": 0.2589099705219269, ""0.001"": 0.2560550272464752, ""0.01"": 0.2597963809967041, ""0.1"": 0.24854211509227753, ""0.3"": 0.2371392846107483, ""1"": 0.21088337898254395, ""3"": 0.18583233654499054, ""10"": 0.17484337091445923, ""30"": 0.17102672159671783, ""45"": 0.17448730766773224, ""65"": 0.1737465113401413, ""90"": 0.18471436202526093}","{""1e-05"": 0.25520867109298706, ""0.0001"": 0.2589099705219269, ""0.001"": 0.2560550272464752, ""0.01"": 0.2597963809967041, ""0.1"": 0.24854211509227753, ""0.3"": 0.2371392846107483, ""1"": 0.21088337898254395, ""3"": 0.18583233654499054, ""10"": 0.17484337091445923, ""30"": 0.17102672159671783, ""45"": 0.17448730766773224, ""65"": 0.1737465113401413, ""90"": 0.18471436202526093}",0.11660077422857285,0.17102672159671783,0.1407226175069809,81984,0.28795049996435185,0.5939448676695851
tirex,m4_hourly,0,Emb,block_depth,True,0.0,30.0,False,False,1e-05|0.0001|0.001|0.01|0.1|0.3|1|3|10|30|45|65|90,90.0,1e-05,13,0.01,0.3,"mean pinball over (batch, quantiles, horizon)",0.340737909078598,"{""1e-05"": 0.3462525010108948, ""0.0001"": 0.3447759449481964, ""0.001"": 0.34863847494125366, ""0.01"": 0.35140326619148254, ""0.1"": 0.34937113523483276, ""0.3"": 0.34942626953125, ""1"": 0.3455970287322998, ""3"": 0.3459773063659668, ""10"": 0.34624937176704407, ""30"": 0.340737909078598, ""45"": 0.34360894560813904, ""65"": 0.34184977412223816, ""90"": 0.3466072380542755}","{""1e-05"": 0.3462525010108948, ""0.0001"": 0.3447759449481964, ""0.001"": 0.34863847494125366, ""0.01"": 0.35140326619148254, ""0.1"": 0.34937113523483276, ""0.3"": 0.34942626953125, ""1"": 0.3455970287322998, ""3"": 0.3459773063659668, ""10"": 0.34624937176704407, ""30"": 0.340737909078598, ""45"": 0.34360894560813904, ""65"": 0.34184977412223816, ""90"": 0.3466072380542755}",0.2752397358417511,0.34073790287926,0.3077964224205672,16416,0.49597845220838793,0.6870014238765703
tirex,m4_hourly,1,L1,block_depth,True,0.08333333333333333,0.3,False,False,1e-05|0.0001|0.001|0.01|0.1|0.3|1|3|10|30|45|65|90,90.0,1e-05,13,0.01,0.003,"mean pinball over (batch, quantiles, horizon)",0.17659124732017517,"{""1e-05"": 0.17825759947299957, ""0.0001"": 0.18630099296569824, ""0.001"": 0.17997725307941437, ""0.01"": 0.18167191743850708, ""0.1"": 0.18237772583961487, ""0.3"": 0.17659124732017517, ""1"": 0.1811358779668808, ""3"": 0.1895117461681366, ""10"": 0.199391171336174, ""30"": 0.22468560934066772, ""45"": 0.24565881490707397, ""65"": 0.27023521065711975, ""90"": 0.2959243953227997}","{""1e-05"": 0.17825759947299957, ""0.0001"": 0.18630099296569824, ""0.001"": 0.17997725307941437, ""0.01"": 0.18167191743850708, ""0.1"": 0.18237772583961487, ""0.3"": 0.17659124732017517, ""1"": 0.1811358779668808, ""3"": 0.1895117461681366, ""10"": 0.199391171336174, ""30"": 0.22468560934066772, ""45"": 0.24565881490707397, ""65"": 0.27023521065711975, ""90"": 0.2959243953227997}",0.13097664713859558,0.17659124712111385,0.1946414417039802,16416,0.49597845220838793,0.35604620792460984
tirex,m4_hourly,2,L2,block_depth,True,0.16666666666666666,1.0,False,False,1e-05|0.0001|0.001|0.01|0.1|0.3|1|3|10|30|45|65|90,90.0,1e-05,13,0.01,0.01,"mean pinball over (batch, quantiles, horizon)",0.160939022898674,"{""1e-05"": 0.16485708951950073, ""0.0001"": 0.16497671604156494, ""0.001"": 0.16432274878025055, ""0.01"": 0.16705025732517242, ""0.1"": 0.16684222221374512, ""0.3"": 0.16598044335842133, ""1"": 0.160939022898674, ""3"": 0.16167712211608887, ""10"": 0.16835373640060425, ""30"": 0.1797686070203781, ""45"": 0.1919473558664322, ""65"": 0.21078671514987946, ""90"": 0.24328342080116272}","{""1e-05"": 0.16485708951950073, ""0.0001"": 0.16497671604156494, ""0.001"": 0.16432274878025055, ""0.01"": 0.16705025732517242, ""0.1"": 0.16684222221374512, ""0.3"": 0.16598044335842133, ""1"": 0.160939022898674, ""3"": 0.16167712211608887, ""10"": 0.16835373640060425, ""30"": 0.1797686070203781, ""45"": 0.1919473558664322, ""65"": 0.21078671514987946, ""90"": 0.24328342080116272}",0.11733110249042511,0.16093903127346784,0.17589966560365589,16416,0.49597845220838793,0.3244879501455609
tirex,m4_hourly,3,L3,block_depth,True,0.25,3.0,False,False,1e-05|0.0001|0.001|0.01|0.1|0.3|1|3|10|30|45|65|90,90.0,1e-05,13,0.01,0.03,"mean pinball over (batch, quantiles, horizon)",0.15866266191005707,"{""1e-05"": 0.16520008444786072, ""0.0001"": 0.1687963306903839, ""0.001"": 0.1729997843503952, ""0.01"": 0.1678389459848404, ""0.1"": 0.16487136483192444, ""0.3"": 0.16639651358127594, ""1"": 0.1635957509279251, ""3"": 0.15866266191005707, ""10"": 0.1600291132926941, ""30"": 0.17498373985290527, ""45"": 0.1822683960199356, ""65"": 0.2026454657316208, ""90"": 0.23169341683387756}","{""1e-05"": 0.16520008444786072, ""0.0001"": 0.1687963306903839, ""0.001"": 0.1729997843503952, ""0.01"": 0.1678389459848404, ""0.1"": 0.16487136483192444, ""0.3"": 0.16639651358127594, ""1"": 0.1635957509279251, ""3"": 0.15866266191005707, ""10"": 0.1600291132926941, ""30"": 0.17498373985290527, ""45"": 0.1822683960199356, ""65"": 0.2026454657316208, ""90"": 0.23169341683387756}",0.11947988718748093,0.15866266950282432,0.1769289813708258,16416,0.49597845220838793,0.3198983117035927
tirex,m4_hourly,4,L4,block_depth,True,0.3333333333333333,10.0,False,False,1e-05|0.0001|0.001|0.01|0.1|0.3|1|3|10|30|45|65|90,90.0,1e-05,13,0.01,0.1,"mean pinball over (batch, quantiles, horizon)",0.15172581374645233,"{""1e-05"": 0.1618180125951767, ""0.0001"": 0.1650288701057434, ""0.001"": 0.1638619303703308, ""0.01"": 0.1613946110010147, ""0.1"": 0.16270501911640167, ""0.3"": 0.15769754350185394, ""1"": 0.15564553439617157, ""3"": 0.1551867127418518, ""10"": 0.15172581374645233, ""30"": 0.16526979207992554, ""45"": 0.17365482449531555, ""65"": 0.19461499154567719, ""90"": 0.23696808516979218}","{""1e-05"": 0.1618180125951767, ""0.0001"": 0.1650288701057434, ""0.001"": 0.1638619303703308, ""0.01"": 0.1613946110010147, ""0.1"": 0.16270501911640167, ""0.3"": 0.15769754350185394, ""1"": 0.15564553439617157, ""3"": 0.1551867127418518, ""10"": 0.15172581374645233, ""30"": 0.16526979207992554, ""45"": 0.17365482449531555, ""65"": 0.19461499154567719, ""90"": 0.23696808516979218}",0.11176453530788422,0.1517258123672418,0.17322029115077647,16416,0.49597845220838793,0.3059121050353482
tirex,m4_hourly,5,L5,block_depth,True,0.4166666666666667,1.0,False,False,1e-05|0.0001|0.001|0.01|0.1|0.3|1|3|10|30|45|65|90,90.0,1e-05,13,0.01,0.01,"mean pinball over (batch, quantiles, horizon)",0.14935165643692017,"{""1e-05"": 0.1583336591720581, ""0.0001"": 0.15721489489078522, ""0.001"": 0.15848864614963531, ""0.01"": 0.1578448861837387, ""0.1"": 0.1554623246192932, ""0.3"": 0.152578666806221, ""1"": 0.14935165643692017, ""3"": 0.15000584721565247, ""10"": 0.15232054889202118, ""30"": 0.17186696827411652, ""45"": 0.18838335573673248, ""65"": 0.21541011333465576, ""90"": 0.2635628581047058}","{""1e-05"": 0.1583336591720581, ""0.0001"": 0.15721489489078522, ""0.001"": 0.15848864614963531, ""0.01"": 0.1578448861837387, ""0.1"": 0.1554623246192932, ""0.3"": 0.152578666806221, ""1"": 0.14935165643692017, ""3"": 0.15000584721565247, ""10"": 0.15232054889202118, ""30"": 0.17186696827411652, ""45"": 0.18838335573673248, ""65"": 0.21541011333465576, ""90"": 0.2635628581047058}",0.09520551562309265,0.14935166499655667,0.1656912413091605,16416,0.49597845220838793,0.3011253096410845
tirex,m4_hourly,6,L6,block_depth,True,0.5,3.0,False,False,1e-05|0.0001|0.001|0.01|0.1|0.3|1|3|10|30|45|65|90,90.0,1e-05,13,0.01,0.03,"mean pinball over (batch, quantiles, horizon)",0.14660947024822235,"{""1e-05"": 0.16040481626987457, ""0.0001"": 0.16096661984920502, ""0.001"": 0.162433922290802, ""0.01"": 0.16059501469135284, ""0.1"": 0.15925152599811554, ""0.3"": 0.15623122453689575, ""1"": 0.15130867063999176, ""3"": 0.14660947024822235, ""10"": 0.1495046317577362, ""30"": 0.17176319658756256, ""45"": 0.19464676082134247, ""65"": 0.2413012981414795, ""90"": 0.2906895875930786}","{""1e-05"": 0.16040481626987457, ""0.0001"": 0.16096661984920502, ""0.001"": 0.162433922290802, ""0.01"": 0.16059501469135284, ""0.1"": 0.15925152599811554, ""0.3"": 0.15623122453689575, ""1"": 0.15130867063999176, ""3"": 0.14660947024822235, ""10"": 0.1495046317577362, ""30"": 0.17176319658756256, ""45"": 0.19464676082134247, ""65"": 0.2413012981414795, ""90"": 0.2906895875930786}",0.09344059228897095,0.14660946497309754,0.164992579550461,16416,0.49597845220838793,0.29559644037015304
tirex,m4_hourly,7,L7,block_depth,True,0.5833333333333334,1.0,False,False,1e-05|0.0001|0.001|0.01|0.1|0.3|1|3|10|30|45|65|90,90.0,1e-05,13,0.01,0.01,"mean pinball over (batch, quantiles, horizon)",0.14643079042434692,"{""1e-05"": 0.1574816107749939, ""0.0001"": 0.1549386829137802, ""0.001"": 0.15406434237957, ""0.01"": 0.15545447170734406, ""0.1"": 0.15238091349601746, ""0.3"": 0.1498062163591385, ""1"": 0.14643079042434692, ""3"": 0.14767423272132874, ""10"": 0.15235744416713715, ""30"": 0.17642882466316223, ""45"": 0.2039487659931183, ""65"": 0.2521229088306427, ""90"": 0.30128923058509827}","{""1e-05"": 0.1574816107749939, ""0.0001"": 0.1549386829137802, ""0.001"": 0.15406434237957, ""0.01"": 0.15545447170734406, ""0.1"": 0.15238091349601746, ""0.3"": 0.1498062163591385, ""1"": 0.14643079042434692, ""3"": 0.14767423272132874, ""10"": 0.15235744416713715, ""30"": 0.17642882466316223, ""45"": 0.2039487659931183, ""65"": 0.2521229088306427, ""90"": 0.30128923058509827}",0.08555169403553009,0.14643079800289552,0.1686174729341314,16416,0.49597845220838793,0.29523620905484793
tirex,m4_hourly,8,L8,block_depth,True,0.6666666666666666,3.0,False,False,1e-05|0.0001|0.001|0.01|0.1|0.3|1|3|10|30|45|65|90,90.0,1e-05,13,0.01,0.03,"mean pinball over (batch, quantiles, horizon)",0.1414836049079895,"{""1e-05"": 0.1542012095451355, ""0.0001"": 0.1547575145959854, ""0.001"": 0.15632344782352448, ""0.01"": 0.1576535403728485, ""0.1"": 0.15265393257141113, ""0.3"": 0.15076451003551483, ""1"": 0.14644774794578552, ""3"": 0.1414836049079895, ""10"": 0.14212487637996674, ""30"": 0.1594744324684143, ""45"": 0.174944669008255, ""65"": 0.2113213688135147, ""90"": 0.2629406154155731}","{""1e-05"": 0.1542012095451355, ""0.0001"": 0.1547575145959854, ""0.001"": 0.15632344782352448, ""0.01"": 0.1576535403728485, ""0.1"": 0.15265393257141113, ""0.3"": 0.15076451003551483, ""1"": 0.14644774794578552, ""3"": 0.1414836049079895, ""10"": 0.14212487637996674, ""30"": 0.1594744324684143, ""45"": 0.174944669008255, ""65"": 0.2113213688135147, ""90"": 0.2629406154155731}",0.08772236108779907,0.14148360109738722,0.15643038629120543,16416,0.49597845220838793,0.28526158841663174
tirex,m4_hourly,9,L9,block_depth,True,0.75,3.0,False,False,1e-05|0.0001|0.001|0.01|0.1|0.3|1|3|10|30|45|65|90,90.0,1e-05,13,0.01,0.03,"mean pinball over (batch, quantiles, horizon)",0.1339690387248993,"{""1e-05"": 0.1465715914964676, ""0.0001"": 0.1493431031703949, ""0.001"": 0.14882265031337738, ""0.01"": 0.1489381194114685, ""0.1"": 0.14644615352153778, ""0.3"": 0.1427498161792755, ""1"": 0.1387682557106018, ""3"": 0.1339690387248993, ""10"": 0.13575957715511322, ""30"": 0.15332382917404175, ""45"": 0.17378740012645721, ""65"": 0.21397627890110016, ""90"": 0.25715234875679016}","{""1e-05"": 0.1465715914964676, ""0.0001"": 0.1493431031703949, ""0.001"": 0.14882265031337738, ""0.01"": 0.1489381194114685, ""0.1"": 0.14644615352153778, ""0.3"": 0.1427498161792755, ""1"": 0.1387682557106018, ""3"": 0.1339690387248993, ""10"": 0.13575957715511322, ""30"": 0.15332382917404175, ""45"": 0.17378740012645721, ""65"": 0.21397627890110016, ""90"": 0.25715234875679016}",0.08529561012983322,0.13396903841208865,0.1492521240311952,16416,0.49597845220838793,0.27011060221584154
tirex,m4_hourly,10,L10,block_depth,True,0.8333333333333334,10.0,False,False,1e-05|0.0001|0.001|0.01|0.1|0.3|1|3|10|30|45|65|90,90.0,1e-05,13,0.01,0.1,"mean pinball over (batch, quantiles, horizon)",0.12080918997526169,"{""1e-05"": 0.1344168782234192, ""0.0001"": 0.13470971584320068, ""0.001"": 0.13398703932762146, ""0.01"": 0.13437941670417786, ""0.1"": 0.13289541006088257, ""0.3"": 0.13005980849266052, ""1"": 0.1248173639178276, ""3"": 0.12111063301563263, ""10"": 0.12080918997526169, ""30"": 0.1348627656698227, ""45"": 0.14616793394088745, ""65"": 0.16633103787899017, ""90"": 0.2104499638080597}","{""1e-05"": 0.1344168782234192, ""0.0001"": 0.13470971584320068, ""0.001"": 0.13398703932762146, ""0.01"": 0.13437941670417786, ""0.1"": 0.13289541006088257, ""0.3"": 0.13005980849266052, ""1"": 0.1248173639178276, ""3"": 0.12111063301563263, ""10"": 0.12080918997526169, ""30"": 0.1348627656698227, ""45"": 0.14616793394088745, ""65"": 0.16633103787899017, ""90"": 0.2104499638080597}",0.08344541490077972,0.12080919211517081,0.14174225939906962,16416,0.49597845220838793,0.24357750135566816
tirex,m4_hourly,11,L11,block_depth,True,0.9166666666666666,10.0,False,False,1e-05|0.0001|0.001|0.01|0.1|0.3|1|3|10|30|45|65|90,90.0,1e-05,13,0.01,0.1,"mean pinball over (batch, quantiles, horizon)",0.11151774227619171,"{""1e-05"": 0.1262972205877304, ""0.0001"": 0.12564821541309357, ""0.001"": 0.1263757050037384, ""0.01"": 0.1246577575802803, ""0.1"": 0.12315548956394196, ""0.3"": 0.11886831372976303, ""1"": 0.11499851942062378, ""3"": 0.11560472100973129, ""10"": 0.11151774227619171, ""30"": 0.12441348284482956, ""45"": 0.1356734037399292, ""65"": 0.155288964509964, ""90"": 0.1880757212638855}","{""1e-05"": 0.1262972205877304, ""0.0001"": 0.12564821541309357, ""0.001"": 0.1263757050037384, ""0.01"": 0.1246577575802803, ""0.1"": 0.12315548956394196, ""0.3"": 0.11886831372976303, ""1"": 0.11499851942062378, ""3"": 0.11560472100973129, ""10"": 0.11151774227619171, ""30"": 0.12441348284482956, ""45"": 0.1356734037399292, ""65"": 0.155288964509964, ""90"": 0.1880757212638855}",0.07748669385910034,0.1115177380034828,0.13458907731474584,16416,0.49597845220838793,0.22484391712369803
tirex,m4_hourly,12,L12,block_depth,True,1.0,10.0,False,False,1e-05|0.0001|0.001|0.01|0.1|0.3|1|3|10|30|45|65|90,90.0,1e-05,13,0.01,0.1,"mean pinball over (batch, quantiles, horizon)",0.10441970825195312,"{""1e-05"": 0.11991879343986511, ""0.0001"": 0.11944413930177689, ""0.001"": 0.11880254000425339, ""0.01"": 0.11858009546995163, ""0.1"": 0.11658654361963272, ""0.3"": 0.11411619931459427, ""1"": 0.1094801053404808, ""3"": 0.10473118722438812, ""10"": 0.10441970825195312, ""30"": 0.11415354907512665, ""45"": 0.12240967899560928, ""65"": 0.13236191868782043, ""90"": 0.1452735811471939}","{""1e-05"": 0.11991879343986511, ""0.0001"": 0.11944413930177689, ""0.001"": 0.11880254000425339, ""0.01"": 0.11858009546995163, ""0.1"": 0.11658654361963272, ""0.3"": 0.11411619931459427, ""1"": 0.1094801053404808, ""3"": 0.10473118722438812, ""10"": 0.10441970825195312, ""30"": 0.11415354907512665, ""45"": 0.12240967899560928, ""65"": 0.13236191868782043, ""90"": 0.1452735811471939}",0.07205379009246826,0.10441971001506761,0.12892581474832224,16416,0.49597845220838793,0.2105327551028268
tirex,m4_hourly,13,L12+RMS,head_input_diagnostic,False,,3.0,False,False,1e-05|0.0001|0.001|0.01|0.1|0.3|1|3|10|30|45|65|90,90.0,1e-05,13,0.01,0.03,"mean pinball over (batch, quantiles, horizon)",0.10648395121097565,"{""1e-05"": 0.11741548031568527, ""0.0001"": 0.11980531364679337, ""0.001"": 0.11694151908159256, ""0.01"": 0.11629956215620041, ""0.1"": 0.11458927392959595, ""0.3"": 0.11206744611263275, ""1"": 0.10852131247520447, ""3"": 0.10648395121097565, ""10"": 0.10731649398803711, ""30"": 0.1154182106256485, ""45"": 0.12206220626831055, ""65"": 0.13175441324710846, ""90"": 0.14612360298633575}","{""1e-05"": 0.11741548031568527, ""0.0001"": 0.11980531364679337, ""0.001"": 0.11694151908159256, ""0.01"": 0.11629956215620041, ""0.1"": 0.11458927392959595, ""0.3"": 0.11206744611263275, ""1"": 0.10852131247520447, ""3"": 0.10648395121097565, ""10"": 0.10731649398803711, ""30"": 0.1154182106256485, ""45"": 0.12206220626831055, ""65"": 0.13175441324710846, ""90"": 0.14612360298633575}",0.07570604234933853,0.10648394938387716,0.13724402653209808,16416,0.49597845220838793,0.2146947088321034
tirex,monash_electricity_hourly,0,Emb,block_depth,True,0.0,1e-05,False,True,1e-05|0.0001|0.001|0.01|0.1|0.3|1|3|10|30|45|65|90,90.0,1e-05,13,0.01,1.0000000000000001e-07,"mean pinball over (batch, quantiles, horizon)",0.36163023114204407,"{""1e-05"": 0.36163023114204407, ""0.0001"": 0.3620021939277649, ""0.001"": 0.36335429549217224, ""0.01"": 0.36666935682296753, ""0.1"": 0.3642755150794983, ""0.3"": 0.36223646998405457, ""1"": 0.36496701836586, ""3"": 0.3651997148990631, ""10"": 0.3661680221557617, ""30"": 0.37005993723869324, ""45"": 0.37063536047935486, ""65"": 0.37693244218826294, ""90"": 0.37555497884750366}","{""1e-05"": 0.36163023114204407, ""0.0001"": 0.3620021939277649, ""0.001"": 0.36335429549217224, ""0.01"": 0.36666935682296753, ""0.1"": 0.3642755150794983, ""0.3"": 0.36223646998405457, ""1"": 0.36496701836586, ""3"": 0.3651997148990631, ""10"": 0.3661680221557617, ""30"": 0.37005993723869324, ""45"": 0.37063536047935486, ""65"": 0.37693244218826294, ""90"": 0.37555497884750366}",0.2980256974697113,0.3616302529819139,0.33440811533964315,16416,0.42223949810020794,0.8564576611354584
tirex,monash_electricity_hourly,1,L1,block_depth,True,0.08333333333333333,10.0,False,False,1e-05|0.0001|0.001|0.01|0.1|0.3|1|3|10|30|45|65|90,90.0,1e-05,13,0.01,0.1,"mean pinball over (batch, quantiles, horizon)",0.26302921772003174,"{""1e-05"": 0.2768765985965729, ""0.0001"": 0.2761273682117462, ""0.001"": 0.27571815252304077, ""0.01"": 0.2712404131889343, ""0.1"": 0.27303841710090637, ""0.3"": 0.2651323080062866, ""1"": 0.2720087170600891, ""3"": 0.2672712802886963, ""10"": 0.26302921772003174, ""30"": 0.2721315324306488, ""45"": 0.28571203351020813, ""65"": 0.3018795847892761, ""90"": 0.32173603773117065}","{""1e-05"": 0.2768765985965729, ""0.0001"": 0.2761273682117462, ""0.001"": 0.27571815252304077, ""0.01"": 0.2712404131889343, ""0.1"": 0.27303841710090637, ""0.3"": 0.2651323080062866, ""1"": 0.2720087170600891, ""3"": 0.2672712802886963, ""10"": 0.26302921772003174, ""30"": 0.2721315324306488, ""45"": 0.28571203351020813, ""65"": 0.3018795847892761, ""90"": 0.32173603773117065}",0.19967426359653473,0.2630292364886699,0.24798672706002498,16416,0.42223949810020794,0.6229384926614481
tirex,monash_electricity_hourly,2,L2,block_depth,True,0.16666666666666666,0.1,False,False,1e-05|0.0001|0.001|0.01|0.1|0.3|1|3|10|30|45|65|90,90.0,1e-05,13,0.01,0.001,"mean pinball over (batch, quantiles, horizon)",0.21478056907653809,"{""1e-05"": 0.22012297809123993, ""0.0001"": 0.21773000061511993, ""0.001"": 0.21581707894802094, ""0.01"": 0.21874335408210754, ""0.1"": 0.21478056907653809, ""0.3"": 0.21686159074306488, ""1"": 0.2190791815519333, ""3"": 0.22145085036754608, ""10"": 0.23349562287330627, ""30"": 0.24464987218379974, ""45"": 0.2513826787471771, ""65"": 0.26342540979385376, ""90"": 0.2769334614276886}","{""1e-05"": 0.22012297809123993, ""0.0001"": 0.21773000061511993, ""0.001"": 0.21581707894802094, ""0.01"": 0.21874335408210754, ""0.1"": 0.21478056907653809, ""0.3"": 0.21686159074306488, ""1"": 0.2190791815519333, ""3"": 0.22145085036754608, ""10"": 0.23349562287330627, ""30"": 0.24464987218379974, ""45"": 0.2513826787471771, ""65"": 0.26342540979385376, ""90"": 0.2769334614276886}",0.15366999804973602,0.21478057254589242,0.21821306608901678,16416,0.42223949810020794,0.5086700166901952
tirex,monash_electricity_hourly,3,L3,block_depth,True,0.25,3.0,False,False,1e-05|0.0001|0.001|0.01|0.1|0.3|1|3|10|30|45|65|90,90.0,1e-05,13,0.01,0.03,"mean pinball over (batch, quantiles, horizon)",0.19559094309806824,"{""1e-05"": 0.20714320242404938, ""0.0001"": 0.20671802759170532, ""0.001"": 0.21283231675624847, ""0.01"": 0.21172520518302917, ""0.1"": 0.209249809384346, ""0.3"": 0.20359767973423004, ""1"": 0.19846005737781525, ""3"": 0.19559094309806824, ""10"": 0.19847886264324188, ""30"": 0.21683143079280853, ""45"": 0.2256033569574356, ""65"": 0.24094057083129883, ""90"": 0.26009246706962585}","{""1e-05"": 0.20714320242404938, ""0.0001"": 0.20671802759170532, ""0.001"": 0.21283231675624847, ""0.01"": 0.21172520518302917, ""0.1"": 0.209249809384346, ""0.3"": 0.20359767973423004, ""1"": 0.19846005737781525, ""3"": 0.19559094309806824, ""10"": 0.19847886264324188, ""30"": 0.21683143079280853, ""45"": 0.2256033569574356, ""65"": 0.24094057083129883, ""90"": 0.26009246706962585}",0.15809662640094757,0.19559095231176332,0.21289370038354669,16416,0.42223949810020794,0.46322277568013004
tirex,monash_electricity_hourly,4,L4,block_depth,True,0.3333333333333333,3.0,False,False,1e-05|0.0001|0.001|0.01|0.1|0.3|1|3|10|30|45|65|90,90.0,1e-05,13,0.01,0.03,"mean pinball over (batch, quantiles, horizon)",0.18657876551151276,"{""1e-05"": 0.198977991938591, ""0.0001"": 0.1968650221824646, ""0.001"": 0.19579456746578217, ""0.01"": 0.19812871515750885, ""0.1"": 0.1975371390581131, ""0.3"": 0.1927565336227417, ""1"": 0.18882907927036285, ""3"": 0.18657876551151276, ""10"": 0.1950264275074005, ""30"": 0.2220044881105423, ""45"": 0.23971349000930786, ""65"": 0.261540949344635, ""90"": 0.28497079014778137}","{""1e-05"": 0.198977991938591, ""0.0001"": 0.1968650221824646, ""0.001"": 0.19579456746578217, ""0.01"": 0.19812871515750885, ""0.1"": 0.1975371390581131, ""0.3"": 0.1927565336227417, ""1"": 0.18882907927036285, ""3"": 0.18657876551151276, ""10"": 0.1950264275074005, ""30"": 0.2220044881105423, ""45"": 0.23971349000930786, ""65"": 0.261540949344635, ""90"": 0.28497079014778137}",0.15147170424461365,0.18657876562526207,0.20366582496248128,16416,0.42223949810020794,0.4418789963154567
tirex,monash_electricity_hourly,5,L5,block_depth,True,0.4166666666666667,10.0,False,False,1e-05|0.0001|0.001|0.01|0.1|0.3|1|3|10|30|45|65|90,90.0,1e-05,13,0.01,0.1,"mean pinball over (batch, quantiles, horizon)",0.19653545320034027,"{""1e-05"": 0.21334148943424225, ""0.0001"": 0.21456807851791382, ""0.001"": 0.21137790381908417, ""0.01"": 0.21391011774539948, ""0.1"": 0.2118716537952423, ""0.3"": 0.2065441906452179, ""1"": 0.20079049468040466, ""3"": 0.19783690571784973, ""10"": 0.19653545320034027, ""30"": 0.21137844026088715, ""45"": 0.22914430499076843, ""65"": 0.25758644938468933, ""90"": 0.29289910197257996}","{""1e-05"": 0.21334148943424225, ""0.0001"": 0.21456807851791382, ""0.001"": 0.21137790381908417, ""0.01"": 0.21391011774539948, ""0.1"": 0.2118716537952423, ""0.3"": 0.2065441906452179, ""1"": 0.20079049468040466, ""3"": 0.19783690571784973, ""10"": 0.19653545320034027, ""30"": 0.21137844026088715, ""45"": 0.22914430499076843, ""65"": 0.25758644938468933, ""90"": 0.29289910197257996}",0.15547610819339752,0.19653545416720952,0.21378138559010193,16416,0.42223949810020794,0.46545966223313096
tirex,monash_electricity_hourly,6,L6,block_depth,True,0.5,3.0,False,False,1e-05|0.0001|0.001|0.01|0.1|0.3|1|3|10|30|45|65|90,90.0,1e-05,13,0.01,0.03,"mean pinball over (batch, quantiles, horizon)",0.20393118262290955,"{""1e-05"": 0.2246001958847046, ""0.0001"": 0.2237832397222519, ""0.001"": 0.22282031178474426, ""0.01"": 0.22323153913021088, ""0.1"": 0.22121091187000275, ""0.3"": 0.21753638982772827, ""1"": 0.21028847992420197, ""3"": 0.20393118262290955, ""10"": 0.20545779168605804, ""30"": 0.2246483862400055, ""45"": 0.24391955137252808, ""65"": 0.27129143476486206, ""90"": 0.30091309547424316}","{""1e-05"": 0.2246001958847046, ""0.0001"": 0.2237832397222519, ""0.001"": 0.22282031178474426, ""0.01"": 0.22323153913021088, ""0.1"": 0.22121091187000275, ""0.3"": 0.21753638982772827, ""1"": 0.21028847992420197, ""3"": 0.20393118262290955, ""10"": 0.20545779168605804, ""30"": 0.2246483862400055, ""45"": 0.24391955137252808, ""65"": 0.27129143476486206, ""90"": 0.30091309547424316}",0.14283791184425354,0.20393119331534582,0.22517786809165058,16416,0.42223949810020794,0.4829751698571503
tirex,monash_electricity_hourly,7,L7,block_depth,True,0.5833333333333334,3.0,False,False,1e-05|0.0001|0.001|0.01|0.1|0.3|1|3|10|30|45|65|90,90.0,1e-05,13,0.01,0.03,"mean pinball over (batch, quantiles, horizon)",0.2169109433889389,"{""1e-05"": 0.23748865723609924, ""0.0001"": 0.23516437411308289, ""0.001"": 0.23872900009155273, ""0.01"": 0.237548828125, ""0.1"": 0.2361789047718048, ""0.3"": 0.23016083240509033, ""1"": 0.22228975594043732, ""3"": 0.2169109433889389, ""10"": 0.21927042305469513, ""30"": 0.24083426594734192, ""45"": 0.25590893626213074, ""65"": 0.28249281644821167, ""90"": 0.30977579951286316}","{""1e-05"": 0.23748865723609924, ""0.0001"": 0.23516437411308289, ""0.001"": 0.23872900009155273, ""0.01"": 0.237548828125, ""0.1"": 0.2361789047718048, ""0.3"": 0.23016083240509033, ""1"": 0.22228975594043732, ""3"": 0.2169109433889389, ""10"": 0.21927042305469513, ""30"": 0.24083426594734192, ""45"": 0.25590893626213074, ""65"": 0.28249281644821167, ""90"": 0.30977579951286316}",0.13896845281124115,0.21691093974896059,0.22182687889528638,16416,0.42223949810020794,0.5137154167833967
tirex,monash_electricity_hourly,8,L8,block_depth,True,0.6666666666666666,10.0,False,False,1e-05|0.0001|0.001|0.01|0.1|0.3|1|3|10|30|45|65|90,90.0,1e-05,13,0.01,0.1,"mean pinball over (batch, quantiles, horizon)",0.18655069172382355,"{""1e-05"": 0.2191701978445053, ""0.0001"": 0.22049494087696075, ""0.001"": 0.21947820484638214, ""0.01"": 0.21721474826335907, ""0.1"": 0.21648438274860382, ""0.3"": 0.21067145466804504, ""1"": 0.19911883771419525, ""3"": 0.18799516558647156, ""10"": 0.18655069172382355, ""30"": 0.20096518099308014, ""45"": 0.2202024608850479, ""65"": 0.2437502145767212, ""90"": 0.2708733081817627}","{""1e-05"": 0.2191701978445053, ""0.0001"": 0.22049494087696075, ""0.001"": 0.21947820484638214, ""0.01"": 0.21721474826335907, ""0.1"": 0.21648438274860382, ""0.3"": 0.21067145466804504, ""1"": 0.19911883771419525, ""3"": 0.18799516558647156, ""10"": 0.18655069172382355, ""30"": 0.20096518099308014, ""45"": 0.2202024608850479, ""65"": 0.2437502145767212, ""90"": 0.2708733081817627}",0.14306804537773132,0.18655069434005794,0.23145557408228176,16416,0.42223949810020794,0.4418125144128151
tirex,monash_electricity_hourly,9,L9,block_depth,True,0.75,10.0,False,False,1e-05|0.0001|0.001|0.01|0.1|0.3|1|3|10|30|45|65|90,90.0,1e-05,13,0.01,0.1,"mean pinball over (batch, quantiles, horizon)",0.16667398810386658,"{""1e-05"": 0.18977217376232147, ""0.0001"": 0.18954332172870636, ""0.001"": 0.18957799673080444, ""0.01"": 0.18927109241485596, ""0.1"": 0.18765121698379517, ""0.3"": 0.1824059933423996, ""1"": 0.17489935457706451, ""3"": 0.1687994748353958, ""10"": 0.16667398810386658, ""30"": 0.1812758445739746, ""45"": 0.19577772915363312, ""65"": 0.21463769674301147, ""90"": 0.24676373600959778}","{""1e-05"": 0.18977217376232147, ""0.0001"": 0.18954332172870636, ""0.001"": 0.18957799673080444, ""0.01"": 0.18927109241485596, ""0.1"": 0.18765121698379517, ""0.3"": 0.1824059933423996, ""1"": 0.17489935457706451, ""3"": 0.1687994748353958, ""10"": 0.16667398810386658, ""30"": 0.1812758445739746, ""45"": 0.19577772915363312, ""65"": 0.21463769674301147, ""90"": 0.24676373600959778}",0.13774877786636353,0.16667397866267283,0.21377648128808,16416,0.42223949810020794,0.394738008671839
tirex,monash_electricity_hourly,10,L10,block_depth,True,0.8333333333333334,10.0,False,False,1e-05|0.0001|0.001|0.01|0.1|0.3|1|3|10|30|45|65|90,90.0,1e-05,13,0.01,0.1,"mean pinball over (batch, quantiles, horizon)",0.14422152936458588,"{""1e-05"": 0.16941821575164795, ""0.0001"": 0.16991162300109863, ""0.001"": 0.17035481333732605, ""0.01"": 0.16914619505405426, ""0.1"": 0.16626453399658203, ""0.3"": 0.16131006181240082, ""1"": 0.15405452251434326, ""3"": 0.14716391265392303, ""10"": 0.14422152936458588, ""30"": 0.1503274291753769, ""45"": 0.15754592418670654, ""65"": 0.16655373573303223, ""90"": 0.18184137344360352}","{""1e-05"": 0.16941821575164795, ""0.0001"": 0.16991162300109863, ""0.001"": 0.17035481333732605, ""0.01"": 0.16914619505405426, ""0.1"": 0.16626453399658203, ""0.3"": 0.16131006181240082, ""1"": 0.15405452251434326, ""3"": 0.14716391265392303, ""10"": 0.14422152936458588, ""30"": 0.1503274291753769, ""45"": 0.15754592418670654, ""65"": 0.16655373573303223, ""90"": 0.18184137344360352}",0.1292017251253128,0.14422153061582843,0.20237082595588596,16416,0.42223949810020794,0.3415633337589869
tirex,monash_electricity_hourly,11,L11,block_depth,True,0.9166666666666666,10.0,False,False,1e-05|0.0001|0.001|0.01|0.1|0.3|1|3|10|30|45|65|90,90.0,1e-05,13,0.01,0.1,"mean pinball over (batch, quantiles, horizon)",0.13197985291481018,"{""1e-05"": 0.15968753397464752, ""0.0001"": 0.15809878706932068, ""0.001"": 0.1583154946565628, ""0.01"": 0.15828897058963776, ""0.1"": 0.15625856816768646, ""0.3"": 0.15200500190258026, ""1"": 0.144035205245018, ""3"": 0.1366627961397171, ""10"": 0.13197985291481018, ""30"": 0.13429953157901764, ""45"": 0.14119769632816315, ""65"": 0.15220126509666443, ""90"": 0.17323742806911469}","{""1e-05"": 0.15968753397464752, ""0.0001"": 0.15809878706932068, ""0.001"": 0.1583154946565628, ""0.01"": 0.15828897058963776, ""0.1"": 0.15625856816768646, ""0.3"": 0.15200500190258026, ""1"": 0.144035205245018, ""3"": 0.1366627961397171, ""10"": 0.13197985291481018, ""30"": 0.13429953157901764, ""45"": 0.14119769632816315, ""65"": 0.15220126509666443, ""90"": 0.17323742806911469}",0.12408818304538727,0.13197985607135387,0.19582654598332544,16416,0.42223949810020794,0.31257108031146763
tirex,monash_electricity_hourly,12,L12,block_depth,True,1.0,10.0,False,False,1e-05|0.0001|0.001|0.01|0.1|0.3|1|3|10|30|45|65|90,90.0,1e-05,13,0.01,0.1,"mean pinball over (batch, quantiles, horizon)",0.13234536349773407,"{""1e-05"": 0.1469230353832245, ""0.0001"": 0.14757895469665527, ""0.001"": 0.1474880874156952, ""0.01"": 0.14822806417942047, ""0.1"": 0.14654141664505005, ""0.3"": 0.1439894437789917, ""1"": 0.1399567872285843, ""3"": 0.13497082889080048, ""10"": 0.13234536349773407, ""30"": 0.134319469332695, ""45"": 0.13924798369407654, ""65"": 0.14330343902111053, ""90"": 0.1555052250623703}","{""1e-05"": 0.1469230353832245, ""0.0001"": 0.14757895469665527, ""0.001"": 0.1474880874156952, ""0.01"": 0.14822806417942047, ""0.1"": 0.14654141664505005, ""0.3"": 0.1439894437789917, ""1"": 0.1399567872285843, ""3"": 0.13497082889080048, ""10"": 0.13234536349773407, ""30"": 0.134319469332695, ""45"": 0.13924798369407654, ""65"": 0.14330343902111053, ""90"": 0.1555052250623703}",0.12009177356958389,0.13234535483856694,0.1871556334254396,16416,0.42223949810020794,0.3134366998682773
tirex,monash_electricity_hourly,13,L12+RMS,head_input_diagnostic,False,,10.0,False,False,1e-05|0.0001|0.001|0.01|0.1|0.3|1|3|10|30|45|65|90,90.0,1e-05,13,0.01,0.1,"mean pinball over (batch, quantiles, horizon)",0.12648825347423553,"{""1e-05"": 0.14137369394302368, ""0.0001"": 0.14218303561210632, ""0.001"": 0.14189277589321136, ""0.01"": 0.14284686744213104, ""0.1"": 0.14205865561962128, ""0.3"": 0.13809017837047577, ""1"": 0.13239751756191254, ""3"": 0.12800513207912445, ""10"": 0.12648825347423553, ""30"": 0.13128677010536194, ""45"": 0.13468079268932343, ""65"": 0.1438288539648056, ""90"": 0.15275275707244873}","{""1e-05"": 0.14137369394302368, ""0.0001"": 0.14218303561210632, ""0.001"": 0.14189277589321136, ""0.01"": 0.14284686744213104, ""0.1"": 0.14205865561962128, ""0.3"": 0.13809017837047577, ""1"": 0.13239751756191254, ""3"": 0.12800513207912445, ""10"": 0.12648825347423553, ""30"": 0.13128677010536194, ""45"": 0.13468079268932343, ""65"": 0.1438288539648056, ""90"": 0.15275275707244873}",0.11740659922361374,0.12648825850053372,0.18711566997564022,16416,0.42223949810020794,0.2995651971680653
tirex,uber_tlc_hourly,0,Emb,block_depth,True,0.0,3.0,False,False,1e-05|0.0001|0.001|0.01|0.1|0.3|1|3|10|30|45|65|90,90.0,1e-05,13,0.01,0.03,"mean pinball over (batch, quantiles, horizon)",0.31436029076576233,"{""1e-05"": 0.3150283694267273, ""0.0001"": 0.3152400851249695, ""0.001"": 0.3155463933944702, ""0.01"": 0.31600603461265564, ""0.1"": 0.31512451171875, ""0.3"": 0.31533098220825195, ""1"": 0.3153531849384308, ""3"": 0.31436029076576233, ""10"": 0.31539013981819153, ""30"": 0.318339467048645, ""45"": 0.3177122175693512, ""65"": 0.31672757863998413, ""90"": 0.3199029862880707}","{""1e-05"": 0.3150283694267273, ""0.0001"": 0.3152400851249695, ""0.001"": 0.3155463933944702, ""0.01"": 0.31600603461265564, ""0.1"": 0.31512451171875, ""0.3"": 0.31533098220825195, ""1"": 0.3153531849384308, ""3"": 0.31436029076576233, ""10"": 0.31539013981819153, ""30"": 0.318339467048645, ""45"": 0.3177122175693512, ""65"": 0.31672757863998413, ""90"": 0.3199029862880707}",0.3290551006793976,0.3143602962826044,0.41101558633034924,16416,0.3401826491636288,0.9240926809626797
tirex,uber_tlc_hourly,1,L1,block_depth,True,0.08333333333333333,1.0,False,False,1e-05|0.0001|0.001|0.01|0.1|0.3|1|3|10|30|45|65|90,90.0,1e-05,13,0.01,0.01,"mean pinball over (batch, quantiles, horizon)",0.28864043951034546,"{""1e-05"": 0.29195284843444824, ""0.0001"": 0.2919529378414154, ""0.001"": 0.2910306751728058, ""0.01"": 0.2905762791633606, ""0.1"": 0.2915879487991333, ""0.3"": 0.2904495894908905, ""1"": 0.28864043951034546, ""3"": 0.2897549569606781, ""10"": 0.2916708290576935, ""30"": 0.2975761592388153, ""45"": 0.29928073287010193, ""65"": 0.3037455379962921, ""90"": 0.31015440821647644}","{""1e-05"": 0.29195284843444824, ""0.0001"": 0.2919529378414154, ""0.001"": 0.2910306751728058, ""0.01"": 0.2905762791633606, ""0.1"": 0.2915879487991333, ""0.3"": 0.2904495894908905, ""1"": 0.28864043951034546, ""3"": 0.2897549569606781, ""10"": 0.2916708290576935, ""30"": 0.2975761592388153, ""45"": 0.29928073287010193, ""65"": 0.3037455379962921, ""90"": 0.31015440821647644}",0.29510390758514404,0.2886404248366829,0.3923701708923087,16416,0.3401826491636288,0.8484866160761952
tirex,uber_tlc_hourly,2,L2,block_depth,True,0.16666666666666666,3.0,False,False,1e-05|0.0001|0.001|0.01|0.1|0.3|1|3|10|30|45|65|90,90.0,1e-05,13,0.01,0.03,"mean pinball over (batch, quantiles, horizon)",0.27841854095458984,"{""1e-05"": 0.28626903891563416, ""0.0001"": 0.28568705916404724, ""0.001"": 0.28588196635246277, ""0.01"": 0.2861554026603699, ""0.1"": 0.2843022346496582, ""0.3"": 0.2828778028488159, ""1"": 0.2804434597492218, ""3"": 0.27841854095458984, ""10"": 0.28017792105674744, ""30"": 0.28606897592544556, ""45"": 0.2890944182872772, ""65"": 0.29418817162513733, ""90"": 0.29759088158607483}","{""1e-05"": 0.28626903891563416, ""0.0001"": 0.28568705916404724, ""0.001"": 0.28588196635246277, ""0.01"": 0.2861554026603699, ""0.1"": 0.2843022346496582, ""0.3"": 0.2828778028488159, ""1"": 0.2804434597492218, ""3"": 0.27841854095458984, ""10"": 0.28017792105674744, ""30"": 0.28606897592544556, ""45"": 0.2890944182872772, ""65"": 0.29418817162513733, ""90"": 0.29759088158607483}",0.28338974714279175,0.2784185347836891,0.3856169798816661,16416,0.3401826491636288,0.81843837558502
tirex,uber_tlc_hourly,3,L3,block_depth,True,0.25,3.0,False,False,1e-05|0.0001|0.001|0.01|0.1|0.3|1|3|10|30|45|65|90,90.0,1e-05,13,0.01,0.03,"mean pinball over (batch, quantiles, horizon)",0.2750082015991211,"{""1e-05"": 0.28479430079460144, ""0.0001"": 0.2860264480113983, ""0.001"": 0.2857568860054016, ""0.01"": 0.2859410345554352, ""0.1"": 0.28577151894569397, ""0.3"": 0.2812878489494324, ""1"": 0.2803438603878021, ""3"": 0.2750082015991211, ""10"": 0.2751697897911072, ""30"": 0.27815064787864685, ""45"": 0.28315043449401855, ""65"": 0.2868499755859375, ""90"": 0.29516154527664185}","{""1e-05"": 0.28479430079460144, ""0.0001"": 0.2860264480113983, ""0.001"": 0.2857568860054016, ""0.01"": 0.2859410345554352, ""0.1"": 0.28577151894569397, ""0.3"": 0.2812878489494324, ""1"": 0.2803438603878021, ""3"": 0.2750082015991211, ""10"": 0.2751697897911072, ""30"": 0.27815064787864685, ""45"": 0.28315043449401855, ""65"": 0.2868499755859375, ""90"": 0.29516154527664185}",0.2775563895702362,0.2750082056514407,0.3885422444383379,16416,0.3401826491636288,0.8084133812455584
tirex,uber_tlc_hourly,4,L4,block_depth,True,0.3333333333333333,10.0,False,False,1e-05|0.0001|0.001|0.01|0.1|0.3|1|3|10|30|45|65|90,90.0,1e-05,13,0.01,0.1,"mean pinball over (batch, quantiles, horizon)",0.27335554361343384,"{""1e-05"": 0.290993332862854, ""0.0001"": 0.2899154722690582, ""0.001"": 0.29150429368019104, ""0.01"": 0.29049450159072876, ""0.1"": 0.2899114489555359, ""0.3"": 0.28601348400115967, ""1"": 0.28048354387283325, ""3"": 0.2754981517791748, ""10"": 0.27335554361343384, ""30"": 0.2774767577648163, ""45"": 0.28241637349128723, ""65"": 0.287291556596756, ""90"": 0.2929880917072296}","{""1e-05"": 0.290993332862854, ""0.0001"": 0.2899154722690582, ""0.001"": 0.29150429368019104, ""0.01"": 0.29049450159072876, ""0.1"": 0.2899114489555359, ""0.3"": 0.28601348400115967, ""1"": 0.28048354387283325, ""3"": 0.2754981517791748, ""10"": 0.27335554361343384, ""30"": 0.2774767577648163, ""45"": 0.28241637349128723, ""65"": 0.287291556596756, ""90"": 0.2929880917072296}",0.2767554223537445,0.2733555511066704,0.38063885090972177,16416,0.3401826491636288,0.8035552423932876
tirex,uber_tlc_hourly,5,L5,block_depth,True,0.4166666666666667,10.0,False,False,1e-05|0.0001|0.001|0.01|0.1|0.3|1|3|10|30|45|65|90,90.0,1e-05,13,0.01,0.1,"mean pinball over (batch, quantiles, horizon)",0.27321022748947144,"{""1e-05"": 0.28971952199935913, ""0.0001"": 0.29027631878852844, ""0.001"": 0.28963178396224976, ""0.01"": 0.2893972396850586, ""0.1"": 0.2879984378814697, ""0.3"": 0.28501319885253906, ""1"": 0.2780338227748871, ""3"": 0.2747587263584137, ""10"": 0.27321022748947144, ""30"": 0.27667152881622314, ""45"": 0.28082725405693054, ""65"": 0.2871530055999756, ""90"": 0.29480043053627014}","{""1e-05"": 0.28971952199935913, ""0.0001"": 0.29027631878852844, ""0.001"": 0.28963178396224976, ""0.01"": 0.2893972396850586, ""0.1"": 0.2879984378814697, ""0.3"": 0.28501319885253906, ""1"": 0.2780338227748871, ""3"": 0.2747587263584137, ""10"": 0.27321022748947144, ""30"": 0.27667152881622314, ""45"": 0.28082725405693054, ""65"": 0.2871530055999756, ""90"": 0.29480043053627014}",0.2696551978588104,0.27321022487323704,0.36276749433338185,16416,0.3401826491636288,0.803128041788581
tirex,uber_tlc_hourly,6,L6,block_depth,True,0.5,10.0,False,False,1e-05|0.0001|0.001|0.01|0.1|0.3|1|3|10|30|45|65|90,90.0,1e-05,13,0.01,0.1,"mean pinball over (batch, quantiles, horizon)",0.27095648646354675,"{""1e-05"": 0.2867773473262787, ""0.0001"": 0.2862897217273712, ""0.001"": 0.2875975966453552, ""0.01"": 0.2866298258304596, ""0.1"": 0.2853589951992035, ""0.3"": 0.28269967436790466, ""1"": 0.2767511010169983, ""3"": 0.2721073031425476, ""10"": 0.27095648646354675, ""30"": 0.28047606348991394, ""45"": 0.2882710099220276, ""65"": 0.29465508460998535, ""90"": 0.3038274347782135}","{""1e-05"": 0.2867773473262787, ""0.0001"": 0.2862897217273712, ""0.001"": 0.2875975966453552, ""0.01"": 0.2866298258304596, ""0.1"": 0.2853589951992035, ""0.3"": 0.28269967436790466, ""1"": 0.2767511010169983, ""3"": 0.2721073031425476, ""10"": 0.27095648646354675, ""30"": 0.28047606348991394, ""45"": 0.2882710099220276, ""65"": 0.29465508460998535, ""90"": 0.3038274347782135}",0.2669587731361389,0.27095649333116206,0.3574619089601604,16416,0.3401826491636288,0.7965029786126195
tirex,uber_tlc_hourly,7,L7,block_depth,True,0.5833333333333334,10.0,False,False,1e-05|0.0001|0.001|0.01|0.1|0.3|1|3|10|30|45|65|90,90.0,1e-05,13,0.01,0.1,"mean pinball over (batch, quantiles, horizon)",0.26808521151542664,"{""1e-05"": 0.28219616413116455, ""0.0001"": 0.2820119559764862, ""0.001"": 0.28243908286094666, ""0.01"": 0.28162747621536255, ""0.1"": 0.28033727407455444, ""0.3"": 0.27680906653404236, ""1"": 0.2725990414619446, ""3"": 0.2682374119758606, ""10"": 0.26808521151542664, ""30"": 0.2787727117538452, ""45"": 0.28701791167259216, ""65"": 0.296554833650589, ""90"": 0.3075048625469208}","{""1e-05"": 0.28219616413116455, ""0.0001"": 0.2820119559764862, ""0.001"": 0.28243908286094666, ""0.01"": 0.28162747621536255, ""0.1"": 0.28033727407455444, ""0.3"": 0.27680906653404236, ""1"": 0.2725990414619446, ""3"": 0.2682374119758606, ""10"": 0.26808521151542664, ""30"": 0.2787727117538452, ""45"": 0.28701791167259216, ""65"": 0.296554833650589, ""90"": 0.3075048625469208}",0.26325440406799316,0.26808521694695675,0.33882677572146624,16416,0.3401826491636288,0.7880625822806354
tirex,uber_tlc_hourly,8,L8,block_depth,True,0.6666666666666666,10.0,False,False,1e-05|0.0001|0.001|0.01|0.1|0.3|1|3|10|30|45|65|90,90.0,1e-05,13,0.01,0.1,"mean pinball over (batch, quantiles, horizon)",0.26247361302375793,"{""1e-05"": 0.276584267616272, ""0.0001"": 0.2762843370437622, ""0.001"": 0.2770577073097229, ""0.01"": 0.2768497169017792, ""0.1"": 0.27536991238594055, ""0.3"": 0.2731660008430481, ""1"": 0.26719653606414795, ""3"": 0.2636195719242096, ""10"": 0.26247361302375793, ""30"": 0.2717469036579132, ""45"": 0.2796800434589386, ""65"": 0.2907773554325104, ""90"": 0.30127549171447754}","{""1e-05"": 0.276584267616272, ""0.0001"": 0.2762843370437622, ""0.001"": 0.2770577073097229, ""0.01"": 0.2768497169017792, ""0.1"": 0.27536991238594055, ""0.3"": 0.2731660008430481, ""1"": 0.26719653606414795, ""3"": 0.2636195719242096, ""10"": 0.26247361302375793, ""30"": 0.2717469036579132, ""45"": 0.2796800434589386, ""65"": 0.2907773554325104, ""90"": 0.30127549171447754}",0.26027926802635193,0.26247361612342696,0.33557363831303044,16416,0.3401826491636288,0.7715667356014282
tirex,uber_tlc_hourly,9,L9,block_depth,True,0.75,10.0,False,False,1e-05|0.0001|0.001|0.01|0.1|0.3|1|3|10|30|45|65|90,90.0,1e-05,13,0.01,0.1,"mean pinball over (batch, quantiles, horizon)",0.257533460855484,"{""1e-05"": 0.27259257435798645, ""0.0001"": 0.2722216248512268, ""0.001"": 0.2716321647167206, ""0.01"": 0.2726251780986786, ""0.1"": 0.2708865702152252, ""0.3"": 0.26804736256599426, ""1"": 0.2620849609375, ""3"": 0.25798457860946655, ""10"": 0.257533460855484, ""30"": 0.2671864628791809, ""45"": 0.27477556467056274, ""65"": 0.2858322858810425, ""90"": 0.2964581251144409}","{""1e-05"": 0.27259257435798645, ""0.0001"": 0.2722216248512268, ""0.001"": 0.2716321647167206, ""0.01"": 0.2726251780986786, ""0.1"": 0.2708865702152252, ""0.3"": 0.26804736256599426, ""1"": 0.2620849609375, ""3"": 0.25798457860946655, ""10"": 0.257533460855484, ""30"": 0.2671864628791809, ""45"": 0.27477556467056274, ""65"": 0.2858322858810425, ""90"": 0.2964581251144409}",0.2538014054298401,0.2575335037674158,0.32363043399883135,16416,0.3401826491636288,0.7570447946142647
tirex,uber_tlc_hourly,10,L10,block_depth,True,0.8333333333333334,10.0,False,False,1e-05|0.0001|0.001|0.01|0.1|0.3|1|3|10|30|45|65|90,90.0,1e-05,13,0.01,0.1,"mean pinball over (batch, quantiles, horizon)",0.25053295493125916,"{""1e-05"": 0.26539912819862366, ""0.0001"": 0.2654605805873871, ""0.001"": 0.2653588652610779, ""0.01"": 0.26533469557762146, ""0.1"": 0.26371631026268005, ""0.3"": 0.26105940341949463, ""1"": 0.255612850189209, ""3"": 0.2517619729042053, ""10"": 0.25053295493125916, ""30"": 0.25741103291511536, ""45"": 0.2626151442527771, ""65"": 0.2729051113128662, ""90"": 0.2831440269947052}","{""1e-05"": 0.26539912819862366, ""0.0001"": 0.2654605805873871, ""0.001"": 0.2653588652610779, ""0.01"": 0.26533469557762146, ""0.1"": 0.26371631026268005, ""0.3"": 0.26105940341949463, ""1"": 0.255612850189209, ""3"": 0.2517619729042053, ""10"": 0.25053295493125916, ""30"": 0.25741103291511536, ""45"": 0.2626151442527771, ""65"": 0.2729051113128662, ""90"": 0.2831440269947052}",0.2491401880979538,0.25053292350800893,0.31565360818769184,16416,0.3401826491636288,0.7364659077233005
tirex,uber_tlc_hourly,11,L11,block_depth,True,0.9166666666666666,10.0,False,False,1e-05|0.0001|0.001|0.01|0.1|0.3|1|3|10|30|45|65|90,90.0,1e-05,13,0.01,0.1,"mean pinball over (batch, quantiles, horizon)",0.24469046294689178,"{""1e-05"": 0.2606850564479828, ""0.0001"": 0.26101014018058777, ""0.001"": 0.26083579659461975, ""0.01"": 0.26069822907447815, ""0.1"": 0.2586430609226227, ""0.3"": 0.25640296936035156, ""1"": 0.25073710083961487, ""3"": 0.24704958498477936, ""10"": 0.24469046294689178, ""30"": 0.24865053594112396, ""45"": 0.2542533576488495, ""65"": 0.2618708908557892, ""90"": 0.27242276072502136}","{""1e-05"": 0.2606850564479828, ""0.0001"": 0.26101014018058777, ""0.001"": 0.26083579659461975, ""0.01"": 0.26069822907447815, ""0.1"": 0.2586430609226227, ""0.3"": 0.25640296936035156, ""1"": 0.25073710083961487, ""3"": 0.24704958498477936, ""10"": 0.24469046294689178, ""30"": 0.24865053594112396, ""45"": 0.2542533576488495, ""65"": 0.2618708908557892, ""90"": 0.27242276072502136}",0.2468544989824295,0.2446904920809369,0.31033468176788503,16416,0.3401826491636288,0.7192915120231194
tirex,uber_tlc_hourly,12,L12,block_depth,True,1.0,10.0,False,False,1e-05|0.0001|0.001|0.01|0.1|0.3|1|3|10|30|45|65|90,90.0,1e-05,13,0.01,0.1,"mean pinball over (batch, quantiles, horizon)",0.2450753152370453,"{""1e-05"": 0.25649523735046387, ""0.0001"": 0.2564633786678314, ""0.001"": 0.2561612129211426, ""0.01"": 0.25650736689567566, ""0.1"": 0.2545433044433594, ""0.3"": 0.2518598139286041, ""1"": 0.2476997971534729, ""3"": 0.24701346457004547, ""10"": 0.2450753152370453, ""30"": 0.24857912957668304, ""45"": 0.2534322142601013, ""65"": 0.2600242793560028, ""90"": 0.2684905230998993}","{""1e-05"": 0.25649523735046387, ""0.0001"": 0.2564633786678314, ""0.001"": 0.2561612129211426, ""0.01"": 0.25650736689567566, ""0.1"": 0.2545433044433594, ""0.3"": 0.2518598139286041, ""1"": 0.2476997971534729, ""3"": 0.24701346457004547, ""10"": 0.2450753152370453, ""30"": 0.24857912957668304, ""45"": 0.2534322142601013, ""65"": 0.2600242793560028, ""90"": 0.2684905230998993}",0.25054967403411865,0.24507532174919397,0.31094731308007967,16416,0.3401826491636288,0.7204227562802948
tirex,uber_tlc_hourly,13,L12+RMS,head_input_diagnostic,False,,30.0,False,False,1e-05|0.0001|0.001|0.01|0.1|0.3|1|3|10|30|45|65|90,90.0,1e-05,13,0.01,0.3,"mean pinball over (batch, quantiles, horizon)",0.24110287427902222,"{""1e-05"": 0.25496289134025574, ""0.0001"": 0.25539445877075195, ""0.001"": 0.2549639046192169, ""0.01"": 0.2546662986278534, ""0.1"": 0.25314879417419434, ""0.3"": 0.25026535987854004, ""1"": 0.2474277913570404, ""3"": 0.2435569167137146, ""10"": 0.2422427088022232, ""30"": 0.24110287427902222, ""45"": 0.2427234947681427, ""65"": 0.2469697892665863, ""90"": 0.2524263262748718}","{""1e-05"": 0.25496289134025574, ""0.0001"": 0.25539445877075195, ""0.001"": 0.2549639046192169, ""0.01"": 0.2546662986278534, ""0.1"": 0.25314879417419434, ""0.3"": 0.25026535987854004, ""1"": 0.2474277913570404, ""3"": 0.2435569167137146, ""10"": 0.2422427088022232, ""30"": 0.24110287427902222, ""45"": 0.2427234947681427, ""65"": 0.2469697892665863, ""90"": 0.2524263262748718}",0.24841435253620148,0.24110287003475064,0.3041837990980681,16416,0.3401826491636288,0.7087453479109674
tirex,wind_farms_hourly,0,Emb,block_depth,True,0.0,30.0,False,False,1e-05|0.0001|0.001|0.01|0.1|0.3|1|3|10|30|45|65|90,90.0,1e-05,13,0.01,0.3,"mean pinball over (batch, quantiles, horizon)",0.27440711855888367,"{""1e-05"": 0.2785559594631195, ""0.0001"": 0.2789607048034668, ""0.001"": 0.2782435417175293, ""0.01"": 0.2780021131038666, ""0.1"": 0.2779441475868225, ""0.3"": 0.27814728021621704, ""1"": 0.27768877148628235, ""3"": 0.27854350209236145, ""10"": 0.27748411893844604, ""30"": 0.27440711855888367, ""45"": 0.2752270996570587, ""65"": 0.276888906955719, ""90"": 0.28171923756599426}","{""1e-05"": 0.2785559594631195, ""0.0001"": 0.2789607048034668, ""0.001"": 0.2782435417175293, ""0.01"": 0.2780021131038666, ""0.1"": 0.2779441475868225, ""0.3"": 0.27814728021621704, ""1"": 0.27768877148628235, ""3"": 0.27854350209236145, ""10"": 0.27748411893844604, ""30"": 0.27440711855888367, ""45"": 0.2752270996570587, ""65"": 0.276888906955719, ""90"": 0.28171923756599426}",12.12675666809082,0.27440713289129826,0.7064455997355226,16416,0.3376895533661351,0.8126017821871327
tirex,wind_farms_hourly,1,L1,block_depth,True,0.08333333333333333,3.0,False,False,1e-05|0.0001|0.001|0.01|0.1|0.3|1|3|10|30|45|65|90,90.0,1e-05,13,0.01,0.03,"mean pinball over (batch, quantiles, horizon)",0.2500874698162079,"{""1e-05"": 0.2524522840976715, ""0.0001"": 0.251883864402771, ""0.001"": 0.2542704939842224, ""0.01"": 0.2527574896812439, ""0.1"": 0.2522720992565155, ""0.3"": 0.25097694993019104, ""1"": 0.25134074687957764, ""3"": 0.2500874698162079, ""10"": 0.255586177110672, ""30"": 0.260009229183197, ""45"": 0.26686176657676697, ""65"": 0.2759501338005066, ""90"": 0.286448210477829}","{""1e-05"": 0.2524522840976715, ""0.0001"": 0.251883864402771, ""0.001"": 0.2542704939842224, ""0.01"": 0.2527574896812439, ""0.1"": 0.2522720992565155, ""0.3"": 0.25097694993019104, ""1"": 0.25134074687957764, ""3"": 0.2500874698162079, ""10"": 0.255586177110672, ""30"": 0.260009229183197, ""45"": 0.26686176657676697, ""65"": 0.2759501338005066, ""90"": 0.286448210477829}",12.087235450744629,0.25008746009064087,0.6629069071860259,16416,0.3376895533661351,0.740583940479459
tirex,wind_farms_hourly,2,L2,block_depth,True,0.16666666666666666,10.0,False,False,1e-05|0.0001|0.001|0.01|0.1|0.3|1|3|10|30|45|65|90,90.0,1e-05,13,0.01,0.1,"mean pinball over (batch, quantiles, horizon)",0.23853185772895813,"{""1e-05"": 0.2439148873090744, ""0.0001"": 0.24382548034191132, ""0.001"": 0.24628320336341858, ""0.01"": 0.24499401450157166, ""0.1"": 0.244007408618927, ""0.3"": 0.24238036572933197, ""1"": 0.24318622052669525, ""3"": 0.2398923635482788, ""10"": 0.23853185772895813, ""30"": 0.2456657737493515, ""45"": 0.25605931878089905, ""65"": 0.2648620903491974, ""90"": 0.2763691246509552}","{""1e-05"": 0.2439148873090744, ""0.0001"": 0.24382548034191132, ""0.001"": 0.24628320336341858, ""0.01"": 0.24499401450157166, ""0.1"": 0.244007408618927, ""0.3"": 0.24238036572933197, ""1"": 0.24318622052669525, ""3"": 0.2398923635482788, ""10"": 0.23853185772895813, ""30"": 0.2456657737493515, ""45"": 0.25605931878089905, ""65"": 0.2648620903491974, ""90"": 0.2763691246509552}",12.078252792358398,0.23853186136893645,0.6526711485952935,16416,0.3376895533661351,0.7063643485302362
tirex,wind_farms_hourly,3,L3,block_depth,True,0.25,10.0,False,False,1e-05|0.0001|0.001|0.01|0.1|0.3|1|3|10|30|45|65|90,90.0,1e-05,13,0.01,0.1,"mean pinball over (batch, quantiles, horizon)",0.2384554147720337,"{""1e-05"": 0.24713417887687683, ""0.0001"": 0.24652200937271118, ""0.001"": 0.2468099296092987, ""0.01"": 0.2466346174478531, ""0.1"": 0.24676525592803955, ""0.3"": 0.24381807446479797, ""1"": 0.24223290383815765, ""3"": 0.23930346965789795, ""10"": 0.2384554147720337, ""30"": 0.2466619908809662, ""45"": 0.25574368238449097, ""65"": 0.26469355821609497, ""90"": 0.27750152349472046}","{""1e-05"": 0.24713417887687683, ""0.0001"": 0.24652200937271118, ""0.001"": 0.2468099296092987, ""0.01"": 0.2466346174478531, ""0.1"": 0.24676525592803955, ""0.3"": 0.24381807446479797, ""1"": 0.24223290383815765, ""3"": 0.23930346965789795, ""10"": 0.2384554147720337, ""30"": 0.2466619908809662, ""45"": 0.25574368238449097, ""65"": 0.26469355821609497, ""90"": 0.27750152349472046}",12.074997901916504,0.23845540949690888,0.6480717768835771,16416,0.3376895533661351,0.7061379516184411
tirex,wind_farms_hourly,4,L4,block_depth,True,0.3333333333333333,10.0,False,False,1e-05|0.0001|0.001|0.01|0.1|0.3|1|3|10|30|45|65|90,90.0,1e-05,13,0.01,0.1,"mean pinball over (batch, quantiles, horizon)",0.24065442383289337,"{""1e-05"": 0.2537999749183655, ""0.0001"": 0.2537439465522766, ""0.001"": 0.25382593274116516, ""0.01"": 0.25378715991973877, ""0.1"": 0.25169751048088074, ""0.3"": 0.24950522184371948, ""1"": 0.24621139466762543, ""3"": 0.24155376851558685, ""10"": 0.24065442383289337, ""30"": 0.24680712819099426, ""45"": 0.25409257411956787, ""65"": 0.2626778185367584, ""90"": 0.2725512981414795}","{""1e-05"": 0.2537999749183655, ""0.0001"": 0.2537439465522766, ""0.001"": 0.25382593274116516, ""0.01"": 0.25378715991973877, ""0.1"": 0.25169751048088074, ""0.3"": 0.24950522184371948, ""1"": 0.24621139466762543, ""3"": 0.24155376851558685, ""10"": 0.24065442383289337, ""30"": 0.24680712819099426, ""45"": 0.25409257411956787, ""65"": 0.2626778185367584, ""90"": 0.2725512981414795}",12.069878578186035,0.24065442870989556,0.64529010512731,16416,0.3376895533661351,0.7126499067294789
tirex,wind_farms_hourly,5,L5,block_depth,True,0.4166666666666667,3.0,False,False,1e-05|0.0001|0.001|0.01|0.1|0.3|1|3|10|30|45|65|90,90.0,1e-05,13,0.01,0.03,"mean pinball over (batch, quantiles, horizon)",0.24378766119480133,"{""1e-05"": 0.25584176182746887, ""0.0001"": 0.2563619017601013, ""0.001"": 0.2564021348953247, ""0.01"": 0.2560046315193176, ""0.1"": 0.2545585632324219, ""0.3"": 0.25204703211784363, ""1"": 0.24777691066265106, ""3"": 0.24378766119480133, ""10"": 0.24451854825019836, ""30"": 0.25281059741973877, ""45"": 0.2604596018791199, ""65"": 0.27069079875946045, ""90"": 0.2799992561340332}","{""1e-05"": 0.25584176182746887, ""0.0001"": 0.2563619017601013, ""0.001"": 0.2564021348953247, ""0.01"": 0.2560046315193176, ""0.1"": 0.2545585632324219, ""0.3"": 0.25204703211784363, ""1"": 0.24777691066265106, ""3"": 0.24378766119480133, ""10"": 0.24451854825019836, ""30"": 0.25281059741973877, ""45"": 0.2604596018791199, ""65"": 0.27069079875946045, ""90"": 0.2799992561340332}",12.060234069824219,0.24378766811218197,0.6493795365379512,16416,0.3376895533661351,0.7219283678813087
tirex,wind_farms_hourly,6,L6,block_depth,True,0.5,10.0,False,False,1e-05|0.0001|0.001|0.01|0.1|0.3|1|3|10|30|45|65|90,90.0,1e-05,13,0.01,0.1,"mean pinball over (batch, quantiles, horizon)",0.25380465388298035,"{""1e-05"": 0.26600292325019836, ""0.0001"": 0.26613205671310425, ""0.001"": 0.2655782401561737, ""0.01"": 0.2655850946903229, ""0.1"": 0.2650286853313446, ""0.3"": 0.26354822516441345, ""1"": 0.26012077927589417, ""3"": 0.25578147172927856, ""10"": 0.25380465388298035, ""30"": 0.2616855502128601, ""45"": 0.2689022123813629, ""65"": 0.27724915742874146, ""90"": 0.2872275412082672}","{""1e-05"": 0.26600292325019836, ""0.0001"": 0.26613205671310425, ""0.001"": 0.2655782401561737, ""0.01"": 0.2655850946903229, ""0.1"": 0.2650286853313446, ""0.3"": 0.26354822516441345, ""1"": 0.26012077927589417, ""3"": 0.25578147172927856, ""10"": 0.25380465388298035, ""30"": 0.2616855502128601, ""45"": 0.2689022123813629, ""65"": 0.27724915742874146, ""90"": 0.2872275412082672}",12.069684982299805,0.25380465279525244,0.6549893692846744,16416,0.3376895533661351,0.7515916624168363
tirex,wind_farms_hourly,7,L7,block_depth,True,0.5833333333333334,10.0,False,False,1e-05|0.0001|0.001|0.01|0.1|0.3|1|3|10|30|45|65|90,90.0,1e-05,13,0.01,0.1,"mean pinball over (batch, quantiles, horizon)",0.26128220558166504,"{""1e-05"": 0.2725832462310791, ""0.0001"": 0.2719598412513733, ""0.001"": 0.27217230200767517, ""0.01"": 0.27229997515678406, ""0.1"": 0.2716030180454254, ""0.3"": 0.26987433433532715, ""1"": 0.2664235234260559, ""3"": 0.26177385449409485, ""10"": 0.26128220558166504, ""30"": 0.267887681722641, ""45"": 0.2731952965259552, ""65"": 0.28108543157577515, ""90"": 0.28875303268432617}","{""1e-05"": 0.2725832462310791, ""0.0001"": 0.2719598412513733, ""0.001"": 0.27217230200767517, ""0.01"": 0.27229997515678406, ""0.1"": 0.2716030180454254, ""0.3"": 0.26987433433532715, ""1"": 0.2664235234260559, ""3"": 0.26177385449409485, ""10"": 0.26128220558166504, ""30"": 0.267887681722641, ""45"": 0.2731952965259552, ""65"": 0.28108543157577515, ""90"": 0.28875303268432617}",12.067669868469238,0.26128222529584444,0.658663063551804,16416,0.3376895533661351,0.7737349962157488
tirex,wind_farms_hourly,8,L8,block_depth,True,0.6666666666666666,10.0,False,False,1e-05|0.0001|0.001|0.01|0.1|0.3|1|3|10|30|45|65|90,90.0,1e-05,13,0.01,0.1,"mean pinball over (batch, quantiles, horizon)",0.2539454996585846,"{""1e-05"": 0.2676534354686737, ""0.0001"": 0.26831120252609253, ""0.001"": 0.2677827775478363, ""0.01"": 0.26817914843559265, ""0.1"": 0.2671872675418854, ""0.3"": 0.26604199409484863, ""1"": 0.2621835470199585, ""3"": 0.25725260376930237, ""10"": 0.2539454996585846, ""30"": 0.25942888855934143, ""45"": 0.2656034529209137, ""65"": 0.27349627017974854, ""90"": 0.28296351432800293}","{""1e-05"": 0.2676534354686737, ""0.0001"": 0.26831120252609253, ""0.001"": 0.2677827775478363, ""0.01"": 0.26817914843559265, ""0.1"": 0.2671872675418854, ""0.3"": 0.26604199409484863, ""1"": 0.2621835470199585, ""3"": 0.25725260376930237, ""10"": 0.2539454996585846, ""30"": 0.25942888855934143, ""45"": 0.2656034529209137, ""65"": 0.27349627017974854, ""90"": 0.28296351432800293}",12.056900978088379,0.25394549835046737,0.6605678639367564,16416,0.3376895533661351,0.7520087483284701
tirex,wind_farms_hourly,9,L9,block_depth,True,0.75,10.0,False,False,1e-05|0.0001|0.001|0.01|0.1|0.3|1|3|10|30|45|65|90,90.0,1e-05,13,0.01,0.1,"mean pinball over (batch, quantiles, horizon)",0.25435110926628113,"{""1e-05"": 0.2672884464263916, ""0.0001"": 0.2673015892505646, ""0.001"": 0.2675301134586334, ""0.01"": 0.2675754427909851, ""0.1"": 0.26595616340637207, ""0.3"": 0.2653237283229828, ""1"": 0.2617442011833191, ""3"": 0.25718119740486145, ""10"": 0.25435110926628113, ""30"": 0.2580322325229645, ""45"": 0.26300373673439026, ""65"": 0.26979535818099976, ""90"": 0.2783336043357849}","{""1e-05"": 0.2672884464263916, ""0.0001"": 0.2673015892505646, ""0.001"": 0.2675301134586334, ""0.01"": 0.2675754427909851, ""0.1"": 0.26595616340637207, ""0.3"": 0.2653237283229828, ""1"": 0.2617442011833191, ""3"": 0.25718119740486145, ""10"": 0.25435110926628113, ""30"": 0.2580322325229645, ""45"": 0.26300373673439026, ""65"": 0.26979535818099976, ""90"": 0.2783336043357849}",12.040178298950195,0.25435111127111293,0.6498257470537574,16416,0.3376895533661351,0.7532098897810332
tirex,wind_farms_hourly,10,L10,block_depth,True,0.8333333333333334,10.0,False,False,1e-05|0.0001|0.001|0.01|0.1|0.3|1|3|10|30|45|65|90,90.0,1e-05,13,0.01,0.1,"mean pinball over (batch, quantiles, horizon)",0.2514718174934387,"{""1e-05"": 0.2648930549621582, ""0.0001"": 0.2643299698829651, ""0.001"": 0.2649405002593994, ""0.01"": 0.26473644375801086, ""0.1"": 0.26370808482170105, ""0.3"": 0.2629455327987671, ""1"": 0.2599356174468994, ""3"": 0.25533366203308105, ""10"": 0.2514718174934387, ""30"": 0.2540043294429779, ""45"": 0.25881877541542053, ""65"": 0.26465272903442383, ""90"": 0.27317407727241516}","{""1e-05"": 0.2648930549621582, ""0.0001"": 0.2643299698829651, ""0.001"": 0.2649405002593994, ""0.01"": 0.26473644375801086, ""0.1"": 0.26370808482170105, ""0.3"": 0.2629455327987671, ""1"": 0.2599356174468994, ""3"": 0.25533366203308105, ""10"": 0.2514718174934387, ""30"": 0.2540043294429779, ""45"": 0.25881877541542053, ""65"": 0.26465272903442383, ""90"": 0.27317407727241516}",12.022782325744629,0.2514718093034875,0.6433935724554285,16416,0.3376895533661351,0.7446834134985301
tirex,wind_farms_hourly,11,L11,block_depth,True,0.9166666666666666,10.0,False,False,1e-05|0.0001|0.001|0.01|0.1|0.3|1|3|10|30|45|65|90,90.0,1e-05,13,0.01,0.1,"mean pinball over (batch, quantiles, horizon)",0.23852533102035522,"{""1e-05"": 0.2505519688129425, ""0.0001"": 0.250314861536026, ""0.001"": 0.2501320242881775, ""0.01"": 0.24969220161437988, ""0.1"": 0.24941515922546387, ""0.3"": 0.2477225363254547, ""1"": 0.2454892247915268, ""3"": 0.2414475679397583, ""10"": 0.23852533102035522, ""30"": 0.24204552173614502, ""45"": 0.2455909103155136, ""65"": 0.25254541635513306, ""90"": 0.26063910126686096}","{""1e-05"": 0.2505519688129425, ""0.0001"": 0.250314861536026, ""0.001"": 0.2501320242881775, ""0.01"": 0.24969220161437988, ""0.1"": 0.24941515922546387, ""0.3"": 0.2477225363254547, ""1"": 0.2454892247915268, ""3"": 0.2414475679397583, ""10"": 0.23852533102035522, ""30"": 0.24204552173614502, ""45"": 0.2455909103155136, ""65"": 0.25254541635513306, ""90"": 0.26063910126686096}",12.007448196411133,0.23852534241661544,0.6331813914544937,16416,0.3376895533661351,0.7063450439581639
tirex,wind_farms_hourly,12,L12,block_depth,True,1.0,10.0,False,False,1e-05|0.0001|0.001|0.01|0.1|0.3|1|3|10|30|45|65|90,90.0,1e-05,13,0.01,0.1,"mean pinball over (batch, quantiles, horizon)",0.23693053424358368,"{""1e-05"": 0.24549973011016846, ""0.0001"": 0.24559149146080017, ""0.001"": 0.24577069282531738, ""0.01"": 0.24584588408470154, ""0.1"": 0.24463677406311035, ""0.3"": 0.2444937378168106, ""1"": 0.24273455142974854, ""3"": 0.2373262196779251, ""10"": 0.23693053424358368, ""30"": 0.24381811916828156, ""45"": 0.2498292475938797, ""65"": 0.25773099064826965, ""90"": 0.26805421710014343}","{""1e-05"": 0.24549973011016846, ""0.0001"": 0.24559149146080017, ""0.001"": 0.24577069282531738, ""0.01"": 0.24584588408470154, ""0.1"": 0.24463677406311035, ""0.3"": 0.2444937378168106, ""1"": 0.24273455142974854, ""3"": 0.2373262196779251, ""10"": 0.23693053424358368, ""30"": 0.24381811916828156, ""45"": 0.2498292475938797, ""65"": 0.25773099064826965, ""90"": 0.26805421710014343}",12.008424758911133,0.23693052393505137,0.6298183433370281,16416,0.3376895533661351,0.7016223083400002
tirex,wind_farms_hourly,13,L12+RMS,head_input_diagnostic,False,,10.0,False,False,1e-05|0.0001|0.001|0.01|0.1|0.3|1|3|10|30|45|65|90,90.0,1e-05,13,0.01,0.1,"mean pinball over (batch, quantiles, horizon)",0.22960098087787628,"{""1e-05"": 0.2407272309064865, ""0.0001"": 0.240517720580101, ""0.001"": 0.24013248085975647, ""0.01"": 0.2405291199684143, ""0.1"": 0.23909541964530945, ""0.3"": 0.23827524483203888, ""1"": 0.2349333018064499, ""3"": 0.23243176937103271, ""10"": 0.22960098087787628, ""30"": 0.23443768918514252, ""45"": 0.24010179936885834, ""65"": 0.24852105975151062, ""90"": 0.2592623233795166}","{""1e-05"": 0.2407272309064865, ""0.0001"": 0.240517720580101, ""0.001"": 0.24013248085975647, ""0.01"": 0.2405291199684143, ""0.1"": 0.23909541964530945, ""0.3"": 0.23827524483203888, ""1"": 0.2349333018064499, ""3"": 0.23243176937103271, ""10"": 0.22960098087787628, ""30"": 0.23443768918514252, ""45"": 0.24010179936885834, ""65"": 0.24852105975151062, ""90"": 0.2592623233795166}",11.987899780273438,0.22960098923845146,0.6207731328584709,16416,0.3376895533661351,0.679917358857441
tirex,sg_carpark,0,Emb,block_depth,True,0.0,3.0,False,False,1e-05|0.0001|0.001|0.01|0.1|0.3|1|3|10|30|45|65|90,90.0,1e-05,13,0.01,0.03,"mean pinball over (batch, quantiles, horizon)",0.3463093042373657,"{""1e-05"": 0.3470000922679901, ""0.0001"": 0.34920474886894226, ""0.001"": 0.35110965371131897, ""0.01"": 0.35036712884902954, ""0.1"": 0.34763193130493164, ""0.3"": 0.34703099727630615, ""1"": 0.34927237033843994, ""3"": 0.3463093042373657, ""10"": 0.34870651364326477, ""30"": 0.34747856855392456, ""45"": 0.3498871326446533, ""65"": 0.3525843024253845, ""90"": 0.3594222068786621}","{""1e-05"": 0.3470000922679901, ""0.0001"": 0.34920474886894226, ""0.001"": 0.35110965371131897, ""0.01"": 0.35036712884902954, ""0.1"": 0.34763193130493164, ""0.3"": 0.34703099727630615, ""1"": 0.34927237033843994, ""3"": 0.3463093042373657, ""10"": 0.34870651364326477, ""30"": 0.34747856855392456, ""45"": 0.3498871326446533, ""65"": 0.3525843024253845, ""90"": 0.3594222068786621}",0.3060142397880554,0.3463093096884967,0.3067346266391924,16416,0.4479201628621352,0.773149633353493
tirex,sg_carpark,1,L1,block_depth,True,0.08333333333333333,0.3,False,False,1e-05|0.0001|0.001|0.01|0.1|0.3|1|3|10|30|45|65|90,90.0,1e-05,13,0.01,0.003,"mean pinball over (batch, quantiles, horizon)",0.23635989427566528,"{""1e-05"": 0.2416936606168747, ""0.0001"": 0.23854795098304749, ""0.001"": 0.24077515304088593, ""0.01"": 0.23957553505897522, ""0.1"": 0.23752254247665405, ""0.3"": 0.23635989427566528, ""1"": 0.24083469808101654, ""3"": 0.2520650327205658, ""10"": 0.26042577624320984, ""30"": 0.28071656823158264, ""45"": 0.2976264953613281, ""65"": 0.31072574853897095, ""90"": 0.32865482568740845}","{""1e-05"": 0.2416936606168747, ""0.0001"": 0.23854795098304749, ""0.001"": 0.24077515304088593, ""0.01"": 0.23957553505897522, ""0.1"": 0.23752254247665405, ""0.3"": 0.23635989427566528, ""1"": 0.24083469808101654, ""3"": 0.2520650327205658, ""10"": 0.26042577624320984, ""30"": 0.28071656823158264, ""45"": 0.2976264953613281, ""65"": 0.31072574853897095, ""90"": 0.32865482568740845}",0.1865922212600708,0.23635990669329962,0.16879129719178557,16416,0.4479201628621352,0.5276831147385712
tirex,sg_carpark,2,L2,block_depth,True,0.16666666666666666,1.0,False,False,1e-05|0.0001|0.001|0.01|0.1|0.3|1|3|10|30|45|65|90,90.0,1e-05,13,0.01,0.01,"mean pinball over (batch, quantiles, horizon)",0.21406641602516174,"{""1e-05"": 0.22146949172019958, ""0.0001"": 0.22221721708774567, ""0.001"": 0.2176416516304016, ""0.01"": 0.22230438888072968, ""0.1"": 0.21674130856990814, ""0.3"": 0.21473610401153564, ""1"": 0.21406641602516174, ""3"": 0.2204500436782837, ""10"": 0.2255377471446991, ""30"": 0.2509876489639282, ""45"": 0.257569819688797, ""65"": 0.26806291937828064, ""90"": 0.2822241485118866}","{""1e-05"": 0.22146949172019958, ""0.0001"": 0.22221721708774567, ""0.001"": 0.2176416516304016, ""0.01"": 0.22230438888072968, ""0.1"": 0.21674130856990814, ""0.3"": 0.21473610401153564, ""1"": 0.21406641602516174, ""3"": 0.2204500436782837, ""10"": 0.2255377471446991, ""30"": 0.2509876489639282, ""45"": 0.257569819688797, ""65"": 0.26806291937828064, ""90"": 0.2822241485118866}",0.16858874261379242,0.21406641970835838,0.16522312974609898,16416,0.4479201628621352,0.47791199739817386
tirex,sg_carpark,3,L3,block_depth,True,0.25,10.0,False,False,1e-05|0.0001|0.001|0.01|0.1|0.3|1|3|10|30|45|65|90,90.0,1e-05,13,0.01,0.1,"mean pinball over (batch, quantiles, horizon)",0.20901471376419067,"{""1e-05"": 0.21892277896404266, ""0.0001"": 0.2205650359392166, ""0.001"": 0.21809926629066467, ""0.01"": 0.22071392834186554, ""0.1"": 0.21782231330871582, ""0.3"": 0.21403750777244568, ""1"": 0.21143008768558502, ""3"": 0.20945101976394653, ""10"": 0.20901471376419067, ""30"": 0.2240685224533081, ""45"": 0.22901806235313416, ""65"": 0.24420981109142303, ""90"": 0.26444876194000244}","{""1e-05"": 0.21892277896404266, ""0.0001"": 0.2205650359392166, ""0.001"": 0.21809926629066467, ""0.01"": 0.22071392834186554, ""0.1"": 0.21782231330871582, ""0.3"": 0.21403750777244568, ""1"": 0.21143008768558502, ""3"": 0.20945101976394653, ""10"": 0.20901471376419067, ""30"": 0.2240685224533081, ""45"": 0.22901806235313416, ""65"": 0.24420981109142303, ""90"": 0.26444876194000244}",0.17760160565376282,0.20901472094116239,0.1636908324277502,16416,0.4479201628621352,0.46663387422792746
tirex,sg_carpark,4,L4,block_depth,True,0.3333333333333333,10.0,False,False,1e-05|0.0001|0.001|0.01|0.1|0.3|1|3|10|30|45|65|90,90.0,1e-05,13,0.01,0.1,"mean pinball over (batch, quantiles, horizon)",0.2083130031824112,"{""1e-05"": 0.22055593132972717, ""0.0001"": 0.22265759110450745, ""0.001"": 0.22316250205039978, ""0.01"": 0.2208142876625061, ""0.1"": 0.22071321308612823, ""0.3"": 0.218496635556221, ""1"": 0.21542181074619293, ""3"": 0.21341080963611603, ""10"": 0.2083130031824112, ""30"": 0.21652516722679138, ""45"": 0.21949966251850128, ""65"": 0.2345246523618698, ""90"": 0.2552878260612488}","{""1e-05"": 0.22055593132972717, ""0.0001"": 0.22265759110450745, ""0.001"": 0.22316250205039978, ""0.01"": 0.2208142876625061, ""0.1"": 0.22071321308612823, ""0.3"": 0.218496635556221, ""1"": 0.21542181074619293, ""3"": 0.21341080963611603, ""10"": 0.2083130031824112, ""30"": 0.21652516722679138, ""45"": 0.21949966251850128, ""65"": 0.2345246523618698, ""90"": 0.2552878260612488}",0.1663491129875183,0.2083130096858841,0.16342643667328155,16416,0.4479201628621352,0.46506727528137753
tirex,sg_carpark,5,L5,block_depth,True,0.4166666666666667,3.0,False,False,1e-05|0.0001|0.001|0.01|0.1|0.3|1|3|10|30|45|65|90,90.0,1e-05,13,0.01,0.03,"mean pinball over (batch, quantiles, horizon)",0.2088942676782608,"{""1e-05"": 0.22552378475666046, ""0.0001"": 0.2249729186296463, ""0.001"": 0.2224694788455963, ""0.01"": 0.22428837418556213, ""0.1"": 0.2209867537021637, ""0.3"": 0.2168356478214264, ""1"": 0.21387095749378204, ""3"": 0.2088942676782608, ""10"": 0.21179750561714172, ""30"": 0.2221122831106186, ""45"": 0.23229989409446716, ""65"": 0.24878352880477905, ""90"": 0.2703169882297516}","{""1e-05"": 0.22552378475666046, ""0.0001"": 0.2249729186296463, ""0.001"": 0.2224694788455963, ""0.01"": 0.22428837418556213, ""0.1"": 0.2209867537021637, ""0.3"": 0.2168356478214264, ""1"": 0.21387095749378204, ""3"": 0.2088942676782608, ""10"": 0.21179750561714172, ""30"": 0.2221122831106186, ""45"": 0.23229989409446716, ""65"": 0.24878352880477905, ""90"": 0.2703169882297516}",0.14791375398635864,0.20889428306349928,0.1619993829626148,16416,0.4479201628621352,0.4663649917625936
tirex,sg_carpark,6,L6,block_depth,True,0.5,10.0,False,False,1e-05|0.0001|0.001|0.01|0.1|0.3|1|3|10|30|45|65|90,90.0,1e-05,13,0.01,0.1,"mean pinball over (batch, quantiles, horizon)",0.206313356757164,"{""1e-05"": 0.22229009866714478, ""0.0001"": 0.22293108701705933, ""0.001"": 0.22649012506008148, ""0.01"": 0.22094464302062988, ""0.1"": 0.222268745303154, ""0.3"": 0.21821977198123932, ""1"": 0.21291540563106537, ""3"": 0.20646555721759796, ""10"": 0.206313356757164, ""30"": 0.2237887680530548, ""45"": 0.2367980182170868, ""65"": 0.2568123936653137, ""90"": 0.28555935621261597}","{""1e-05"": 0.22229009866714478, ""0.0001"": 0.22293108701705933, ""0.001"": 0.22649012506008148, ""0.01"": 0.22094464302062988, ""0.1"": 0.222268745303154, ""0.3"": 0.21821977198123932, ""1"": 0.21291540563106537, ""3"": 0.20646555721759796, ""10"": 0.206313356757164, ""30"": 0.2237887680530548, ""45"": 0.2367980182170868, ""65"": 0.2568123936653137, ""90"": 0.28555935621261597}",0.15048980712890625,0.206313352863499,0.1579663327837226,16416,0.4479201628621352,0.46060296001231793
tirex,sg_carpark,7,L7,block_depth,True,0.5833333333333334,10.0,False,False,1e-05|0.0001|0.001|0.01|0.1|0.3|1|3|10|30|45|65|90,90.0,1e-05,13,0.01,0.1,"mean pinball over (batch, quantiles, horizon)",0.20434899628162384,"{""1e-05"": 0.2172480821609497, ""0.0001"": 0.2173147201538086, ""0.001"": 0.21767884492874146, ""0.01"": 0.2171424776315689, ""0.1"": 0.2161758840084076, ""0.3"": 0.21303577721118927, ""1"": 0.20836736261844635, ""3"": 0.20578519999980927, ""10"": 0.20434899628162384, ""30"": 0.22459864616394043, ""45"": 0.2435469776391983, ""65"": 0.2697989344596863, ""90"": 0.2960902154445648}","{""1e-05"": 0.2172480821609497, ""0.0001"": 0.2173147201538086, ""0.001"": 0.21767884492874146, ""0.01"": 0.2171424776315689, ""0.1"": 0.2161758840084076, ""0.3"": 0.21303577721118927, ""1"": 0.20836736261844635, ""3"": 0.20578519999980927, ""10"": 0.20434899628162384, ""30"": 0.22459864616394043, ""45"": 0.2435469776391983, ""65"": 0.2697989344596863, ""90"": 0.2960902154445648}",0.14593598246574402,0.20434899727082523,0.15809392643892495,16416,0.4479201628621352,0.4562174561758265
tirex,sg_carpark,8,L8,block_depth,True,0.6666666666666666,10.0,False,False,1e-05|0.0001|0.001|0.01|0.1|0.3|1|3|10|30|45|65|90,90.0,1e-05,13,0.01,0.1,"mean pinball over (batch, quantiles, horizon)",0.19830727577209473,"{""1e-05"": 0.21916434168815613, ""0.0001"": 0.21878288686275482, ""0.001"": 0.22091428935527802, ""0.01"": 0.22026695311069489, ""0.1"": 0.21806059777736664, ""0.3"": 0.21420669555664062, ""1"": 0.20903243124485016, ""3"": 0.20304614305496216, ""10"": 0.19830727577209473, ""30"": 0.20646871626377106, ""45"": 0.2216801643371582, ""65"": 0.2493213713169098, ""90"": 0.27759191393852234}","{""1e-05"": 0.21916434168815613, ""0.0001"": 0.21878288686275482, ""0.001"": 0.22091428935527802, ""0.01"": 0.22026695311069489, ""0.1"": 0.21806059777736664, ""0.3"": 0.21420669555664062, ""1"": 0.20903243124485016, ""3"": 0.20304614305496216, ""10"": 0.19830727577209473, ""30"": 0.20646871626377106, ""45"": 0.2216801643371582, ""65"": 0.2493213713169098, ""90"": 0.27759191393852234}",0.14368383586406708,0.19830726139710447,0.15498530294346272,16416,0.4479201628621352,0.44272903485735965
tirex,sg_carpark,9,L9,block_depth,True,0.75,10.0,False,False,1e-05|0.0001|0.001|0.01|0.1|0.3|1|3|10|30|45|65|90,90.0,1e-05,13,0.01,0.1,"mean pinball over (batch, quantiles, horizon)",0.18095117807388306,"{""1e-05"": 0.19984807074069977, ""0.0001"": 0.20029425621032715, ""0.001"": 0.1997900754213333, ""0.01"": 0.20090486109256744, ""0.1"": 0.1973644345998764, ""0.3"": 0.19360573589801788, ""1"": 0.18695400655269623, ""3"": 0.1836758702993393, ""10"": 0.18095117807388306, ""30"": 0.19314734637737274, ""45"": 0.2077713906764984, ""65"": 0.23013587296009064, ""90"": 0.27222076058387756}","{""1e-05"": 0.19984807074069977, ""0.0001"": 0.20029425621032715, ""0.001"": 0.1997900754213333, ""0.01"": 0.20090486109256744, ""0.1"": 0.1973644345998764, ""0.3"": 0.19360573589801788, ""1"": 0.18695400655269623, ""3"": 0.1836758702993393, ""10"": 0.18095117807388306, ""30"": 0.19314734637737274, ""45"": 0.2077713906764984, ""65"": 0.23013587296009064, ""90"": 0.27222076058387756}",0.1412079632282257,0.18095117590605875,0.15096721604550625,16416,0.4479201628621352,0.4039808673711201
tirex,sg_carpark,10,L10,block_depth,True,0.8333333333333334,10.0,False,False,1e-05|0.0001|0.001|0.01|0.1|0.3|1|3|10|30|45|65|90,90.0,1e-05,13,0.01,0.1,"mean pinball over (batch, quantiles, horizon)",0.166453018784523,"{""1e-05"": 0.1850166916847229, ""0.0001"": 0.18436802923679352, ""0.001"": 0.18415717780590057, ""0.01"": 0.18481844663619995, ""0.1"": 0.1831819713115692, ""0.3"": 0.18100908398628235, ""1"": 0.17553526163101196, ""3"": 0.1701071709394455, ""10"": 0.166453018784523, ""30"": 0.17630155384540558, ""45"": 0.18411961197853088, ""65"": 0.19939759373664856, ""90"": 0.22585918009281158}","{""1e-05"": 0.1850166916847229, ""0.0001"": 0.18436802923679352, ""0.001"": 0.18415717780590057, ""0.01"": 0.18481844663619995, ""0.1"": 0.1831819713115692, ""0.3"": 0.18100908398628235, ""1"": 0.17553526163101196, ""3"": 0.1701071709394455, ""10"": 0.166453018784523, ""30"": 0.17630155384540558, ""45"": 0.18411961197853088, ""65"": 0.19939759373664856, ""90"": 0.22585918009281158}",0.13695508241653442,0.16645301880556984,0.14752486278697596,16416,0.4479201628621352,0.3716131413731474
tirex,sg_carpark,11,L11,block_depth,True,0.9166666666666666,10.0,False,False,1e-05|0.0001|0.001|0.01|0.1|0.3|1|3|10|30|45|65|90,90.0,1e-05,13,0.01,0.1,"mean pinball over (batch, quantiles, horizon)",0.15860997140407562,"{""1e-05"": 0.1776093691587448, ""0.0001"": 0.17873871326446533, ""0.001"": 0.17758628726005554, ""0.01"": 0.1769571751356125, ""0.1"": 0.17556628584861755, ""0.3"": 0.1731019765138626, ""1"": 0.1684368997812271, ""3"": 0.163380429148674, ""10"": 0.15860997140407562, ""30"": 0.1655784547328949, ""45"": 0.17233853042125702, ""65"": 0.1850840002298355, ""90"": 0.2058299034833908}","{""1e-05"": 0.1776093691587448, ""0.0001"": 0.17873871326446533, ""0.001"": 0.17758628726005554, ""0.01"": 0.1769571751356125, ""0.1"": 0.17556628584861755, ""0.3"": 0.1731019765138626, ""1"": 0.1684368997812271, ""3"": 0.163380429148674, ""10"": 0.15860997140407562, ""30"": 0.1655784547328949, ""45"": 0.17233853042125702, ""65"": 0.1850840002298355, ""90"": 0.2058299034833908}",0.13414688408374786,0.15860996964666466,0.14360321535186915,16416,0.4479201628621352,0.35410321480768664
tirex,sg_carpark,12,L12,block_depth,True,1.0,10.0,False,False,1e-05|0.0001|0.001|0.01|0.1|0.3|1|3|10|30|45|65|90,90.0,1e-05,13,0.01,0.1,"mean pinball over (batch, quantiles, horizon)",0.15451711416244507,"{""1e-05"": 0.17679178714752197, ""0.0001"": 0.17609640955924988, ""0.001"": 0.17539162933826447, ""0.01"": 0.17600244283676147, ""0.1"": 0.17468580603599548, ""0.3"": 0.1723957657814026, ""1"": 0.1682009994983673, ""3"": 0.15968768298625946, ""10"": 0.15451711416244507, ""30"": 0.15789534151554108, ""45"": 0.16256478428840637, ""65"": 0.1699102520942688, ""90"": 0.1812114417552948}","{""1e-05"": 0.17679178714752197, ""0.0001"": 0.17609640955924988, ""0.001"": 0.17539162933826447, ""0.01"": 0.17600244283676147, ""0.1"": 0.17468580603599548, ""0.3"": 0.1723957657814026, ""1"": 0.1682009994983673, ""3"": 0.15968768298625946, ""10"": 0.15451711416244507, ""30"": 0.15789534151554108, ""45"": 0.16256478428840637, ""65"": 0.1699102520942688, ""90"": 0.1812114417552948}",0.13198471069335938,0.1545171169616745,0.14538585999717482,16416,0.4479201628621352,0.344965754553972
tirex,sg_carpark,13,L12+RMS,head_input_diagnostic,False,,10.0,False,False,1e-05|0.0001|0.001|0.01|0.1|0.3|1|3|10|30|45|65|90,90.0,1e-05,13,0.01,0.1,"mean pinball over (batch, quantiles, horizon)",0.15057890117168427,"{""1e-05"": 0.17141520977020264, ""0.0001"": 0.17077088356018066, ""0.001"": 0.17134089767932892, ""0.01"": 0.1710713654756546, ""0.1"": 0.17009171843528748, ""0.3"": 0.1675431877374649, ""1"": 0.16196765005588531, ""3"": 0.15565457940101624, ""10"": 0.15057890117168427, ""30"": 0.15372298657894135, ""45"": 0.161132350564003, ""65"": 0.1691262423992157, ""90"": 0.18145118653774261}","{""1e-05"": 0.17141520977020264, ""0.0001"": 0.17077088356018066, ""0.001"": 0.17134089767932892, ""0.01"": 0.1710713654756546, ""0.1"": 0.17009171843528748, ""0.3"": 0.1675431877374649, ""1"": 0.16196765005588531, ""3"": 0.15565457940101624, ""10"": 0.15057890117168427, ""30"": 0.15372298657894135, ""45"": 0.161132350564003, ""65"": 0.1691262423992157, ""90"": 0.18145118653774261}",0.12989844381809235,0.15057891430491108,0.1397912427572544,16416,0.4479201628621352,0.33617355678462185
tirex,coastal_ts,0,Emb,block_depth,True,0.0,65.0,False,False,1e-05|0.0001|0.001|0.01|0.1|0.3|1|3|10|30|45|65|90,90.0,1e-05,13,0.01,0.65,"mean pinball over (batch, quantiles, horizon)",0.4735354781150818,"{""1e-05"": 0.4835265278816223, ""0.0001"": 0.4842769503593445, ""0.001"": 0.48414403200149536, ""0.01"": 0.4843846261501312, ""0.1"": 0.48353680968284607, ""0.3"": 0.4821462035179138, ""1"": 0.4802914559841156, ""3"": 0.47850465774536133, ""10"": 0.4770990014076233, ""30"": 0.4759974181652069, ""45"": 0.47605475783348083, ""65"": 0.4735354781150818, ""90"": 0.47421520948410034}","{""1e-05"": 0.4835265278816223, ""0.0001"": 0.4842769503593445, ""0.001"": 0.48414403200149536, ""0.01"": 0.4843846261501312, ""0.1"": 0.48353680968284607, ""0.3"": 0.4821462035179138, ""1"": 0.4802914559841156, ""3"": 0.47850465774536133, ""10"": 0.4770990014076233, ""30"": 0.4759974181652069, ""45"": 0.47605475783348083, ""65"": 0.4735354781150818, ""90"": 0.47421520948410034}",0.44227221608161926,0.4735354433457057,0.4711358460287253,16416,0.5835118259613713,0.8115267288122691
tirex,coastal_ts,1,L1,block_depth,True,0.08333333333333333,1.0,False,False,1e-05|0.0001|0.001|0.01|0.1|0.3|1|3|10|30|45|65|90,90.0,1e-05,13,0.01,0.01,"mean pinball over (batch, quantiles, horizon)",0.3755366802215576,"{""1e-05"": 0.3796883821487427, ""0.0001"": 0.37816140055656433, ""0.001"": 0.3787175416946411, ""0.01"": 0.3789241313934326, ""0.1"": 0.3783245086669922, ""0.3"": 0.3757828176021576, ""1"": 0.3755366802215576, ""3"": 0.3780582845211029, ""10"": 0.37807464599609375, ""30"": 0.3782953917980194, ""45"": 0.37690314650535583, ""65"": 0.38461995124816895, ""90"": 0.4015505313873291}","{""1e-05"": 0.3796883821487427, ""0.0001"": 0.37816140055656433, ""0.001"": 0.3787175416946411, ""0.01"": 0.3789241313934326, ""0.1"": 0.3783245086669922, ""0.3"": 0.3757828176021576, ""1"": 0.3755366802215576, ""3"": 0.3780582845211029, ""10"": 0.37807464599609375, ""30"": 0.3782953917980194, ""45"": 0.37690314650535583, ""65"": 0.38461995124816895, ""90"": 0.4015505313873291}",0.30700498819351196,0.3755366901556651,0.36580040693903965,16416,0.5835118259613713,0.6435802556990949
tirex,coastal_ts,2,L2,block_depth,True,0.16666666666666666,30.0,False,False,1e-05|0.0001|0.001|0.01|0.1|0.3|1|3|10|30|45|65|90,90.0,1e-05,13,0.01,0.3,"mean pinball over (batch, quantiles, horizon)",0.3769397735595703,"{""1e-05"": 0.39438748359680176, ""0.0001"": 0.3948392868041992, ""0.001"": 0.395435094833374, ""0.01"": 0.3934074342250824, ""0.1"": 0.3931724429130554, ""0.3"": 0.38901782035827637, ""1"": 0.3848409652709961, ""3"": 0.37995994091033936, ""10"": 0.3815719485282898, ""30"": 0.3769397735595703, ""45"": 0.3775721490383148, ""65"": 0.3831133246421814, ""90"": 0.40067797899246216}","{""1e-05"": 0.39438748359680176, ""0.0001"": 0.3948392868041992, ""0.001"": 0.395435094833374, ""0.01"": 0.3934074342250824, ""0.1"": 0.3931724429130554, ""0.3"": 0.38901782035827637, ""1"": 0.3848409652709961, ""3"": 0.37995994091033936, ""10"": 0.3815719485282898, ""30"": 0.3769397735595703, ""45"": 0.3775721490383148, ""65"": 0.3831133246421814, ""90"": 0.40067797899246216}",0.32559800148010254,0.376939815779527,0.3548467089422047,16416,0.5835118259613713,0.6459848781273553
tirex,coastal_ts,3,L3,block_depth,True,0.25,45.0,False,False,1e-05|0.0001|0.001|0.01|0.1|0.3|1|3|10|30|45|65|90,90.0,1e-05,13,0.01,0.45,"mean pinball over (batch, quantiles, horizon)",0.3846719264984131,"{""1e-05"": 0.4149668216705322, ""0.0001"": 0.4135426878929138, ""0.001"": 0.413433313369751, ""0.01"": 0.41396045684814453, ""0.1"": 0.41123467683792114, ""0.3"": 0.40859150886535645, ""1"": 0.40177440643310547, ""3"": 0.3949300944805145, ""10"": 0.3878594636917114, ""30"": 0.38600441813468933, ""45"": 0.3846719264984131, ""65"": 0.39321407675743103, ""90"": 0.4127158522605896}","{""1e-05"": 0.4149668216705322, ""0.0001"": 0.4135426878929138, ""0.001"": 0.413433313369751, ""0.01"": 0.41396045684814453, ""0.1"": 0.41123467683792114, ""0.3"": 0.40859150886535645, ""1"": 0.40177440643310547, ""3"": 0.3949300944805145, ""10"": 0.3878594636917114, ""30"": 0.38600441813468933, ""45"": 0.3846719264984131, ""65"": 0.39321407675743103, ""90"": 0.4127158522605896}",0.3366677761077881,0.3846719165643056,0.3685470347603162,16416,0.5835118259613713,0.6592358534131424
tirex,coastal_ts,4,L4,block_depth,True,0.3333333333333333,30.0,False,False,1e-05|0.0001|0.001|0.01|0.1|0.3|1|3|10|30|45|65|90,90.0,1e-05,13,0.01,0.3,"mean pinball over (batch, quantiles, horizon)",0.3760111331939697,"{""1e-05"": 0.40958136320114136, ""0.0001"": 0.408661812543869, ""0.001"": 0.40888065099716187, ""0.01"": 0.4085049033164978, ""0.1"": 0.40710052847862244, ""0.3"": 0.4031372666358948, ""1"": 0.3967403173446655, ""3"": 0.38938114047050476, ""10"": 0.3821146488189697, ""30"": 0.3760111331939697, ""45"": 0.37963220477104187, ""65"": 0.3921816349029541, ""90"": 0.40985676646232605}","{""1e-05"": 0.40958136320114136, ""0.0001"": 0.408661812543869, ""0.001"": 0.40888065099716187, ""0.01"": 0.4085049033164978, ""0.1"": 0.40710052847862244, ""0.3"": 0.4031372666358948, ""1"": 0.3967403173446655, ""3"": 0.38938114047050476, ""10"": 0.3821146488189697, ""30"": 0.3760111331939697, ""45"": 0.37963220477104187, ""65"": 0.3921816349029541, ""90"": 0.40985676646232605}",0.32312700152397156,0.3760111505786578,0.35810611583292484,16416,0.5835118259613713,0.6443933676222526
tirex,coastal_ts,5,L5,block_depth,True,0.4166666666666667,30.0,False,False,1e-05|0.0001|0.001|0.01|0.1|0.3|1|3|10|30|45|65|90,90.0,1e-05,13,0.01,0.3,"mean pinball over (batch, quantiles, horizon)",0.37549281120300293,"{""1e-05"": 0.4050683379173279, ""0.0001"": 0.4047519564628601, ""0.001"": 0.40459832549095154, ""0.01"": 0.40463292598724365, ""0.1"": 0.40227484703063965, ""0.3"": 0.40078005194664, ""1"": 0.3955400884151459, ""3"": 0.3912867307662964, ""10"": 0.38344788551330566, ""30"": 0.37549281120300293, ""45"": 0.3755873441696167, ""65"": 0.3874715268611908, ""90"": 0.40909403562545776}","{""1e-05"": 0.4050683379173279, ""0.0001"": 0.4047519564628601, ""0.001"": 0.40459832549095154, ""0.01"": 0.40463292598724365, ""0.1"": 0.40227484703063965, ""0.3"": 0.40078005194664, ""1"": 0.3955400884151459, ""3"": 0.3912867307662964, ""10"": 0.38344788551330566, ""30"": 0.37549281120300293, ""45"": 0.3755873441696167, ""65"": 0.3874715268611908, ""90"": 0.40909403562545776}",0.3250748813152313,0.37549280856425565,0.3585676499642432,16416,0.5835118259613713,0.6435050531248588
tirex,coastal_ts,6,L6,block_depth,True,0.5,30.0,False,False,1e-05|0.0001|0.001|0.01|0.1|0.3|1|3|10|30|45|65|90,90.0,1e-05,13,0.01,0.3,"mean pinball over (batch, quantiles, horizon)",0.37497377395629883,"{""1e-05"": 0.40833044052124023, ""0.0001"": 0.40918251872062683, ""0.001"": 0.40822601318359375, ""0.01"": 0.4089065492153168, ""0.1"": 0.40772539377212524, ""0.3"": 0.4050038754940033, ""1"": 0.39831024408340454, ""3"": 0.39085015654563904, ""10"": 0.38118311762809753, ""30"": 0.37497377395629883, ""45"": 0.3764335513114929, ""65"": 0.38647347688674927, ""90"": 0.40695786476135254}","{""1e-05"": 0.40833044052124023, ""0.0001"": 0.40918251872062683, ""0.001"": 0.40822601318359375, ""0.01"": 0.4089065492153168, ""0.1"": 0.40772539377212524, ""0.3"": 0.4050038754940033, ""1"": 0.39831024408340454, ""3"": 0.39085015654563904, ""10"": 0.38118311762809753, ""30"": 0.37497377395629883, ""45"": 0.3764335513114929, ""65"": 0.38647347688674927, ""90"": 0.40695786476135254}",0.3252209722995758,0.37497375967601937,0.36265981492275995,16416,0.5835118259613713,0.6426155272144266
tirex,coastal_ts,7,L7,block_depth,True,0.5833333333333334,30.0,False,False,1e-05|0.0001|0.001|0.01|0.1|0.3|1|3|10|30|45|65|90,90.0,1e-05,13,0.01,0.3,"mean pinball over (batch, quantiles, horizon)",0.37892043590545654,"{""1e-05"": 0.4098226726055145, ""0.0001"": 0.4103812873363495, ""0.001"": 0.40943342447280884, ""0.01"": 0.4098575711250305, ""0.1"": 0.4085530638694763, ""0.3"": 0.40483391284942627, ""1"": 0.3994205892086029, ""3"": 0.3907714784145355, ""10"": 0.3808208703994751, ""30"": 0.37892043590545654, ""45"": 0.38164395093917847, ""65"": 0.39185628294944763, ""90"": 0.41131889820098877}","{""1e-05"": 0.4098226726055145, ""0.0001"": 0.4103812873363495, ""0.001"": 0.40943342447280884, ""0.01"": 0.4098575711250305, ""0.1"": 0.4085530638694763, ""0.3"": 0.40483391284942627, ""1"": 0.3994205892086029, ""3"": 0.3907714784145355, ""10"": 0.3808208703994751, ""30"": 0.37892043590545654, ""45"": 0.38164395093917847, ""65"": 0.39185628294944763, ""90"": 0.41131889820098877}",0.32900798320770264,0.37892046306903165,0.37566579210882384,16416,0.5835118259613713,0.6493792348505313
tirex,coastal_ts,8,L8,block_depth,True,0.6666666666666666,30.0,False,False,1e-05|0.0001|0.001|0.01|0.1|0.3|1|3|10|30|45|65|90,90.0,1e-05,13,0.01,0.3,"mean pinball over (batch, quantiles, horizon)",0.3769575357437134,"{""1e-05"": 0.42272472381591797, ""0.0001"": 0.42464691400527954, ""0.001"": 0.4240438938140869, ""0.01"": 0.42314380407333374, ""0.1"": 0.41995763778686523, ""0.3"": 0.4165136516094208, ""1"": 0.4054318368434906, ""3"": 0.393083781003952, ""10"": 0.38167890906333923, ""30"": 0.3769575357437134, ""45"": 0.3800266683101654, ""65"": 0.3894028663635254, ""90"": 0.4046873450279236}","{""1e-05"": 0.42272472381591797, ""0.0001"": 0.42464691400527954, ""0.001"": 0.4240438938140869, ""0.01"": 0.42314380407333374, ""0.1"": 0.41995763778686523, ""0.3"": 0.4165136516094208, ""1"": 0.4054318368434906, ""3"": 0.393083781003952, ""10"": 0.38167890906333923, ""30"": 0.3769575357437134, ""45"": 0.3800266683101654, ""65"": 0.3894028663635254, ""90"": 0.4046873450279236}",0.32606783509254456,0.37695753869290155,0.3630891290182869,16416,0.5835118259613713,0.6460152509708625
tirex,coastal_ts,9,L9,block_depth,True,0.75,30.0,False,False,1e-05|0.0001|0.001|0.01|0.1|0.3|1|3|10|30|45|65|90,90.0,1e-05,13,0.01,0.3,"mean pinball over (batch, quantiles, horizon)",0.36580294370651245,"{""1e-05"": 0.40795260667800903, ""0.0001"": 0.40702342987060547, ""0.001"": 0.4067537486553192, ""0.01"": 0.40553712844848633, ""0.1"": 0.4041540026664734, ""0.3"": 0.3997623324394226, ""1"": 0.3892323970794678, ""3"": 0.3773305416107178, ""10"": 0.3686712980270386, ""30"": 0.36580294370651245, ""45"": 0.36820483207702637, ""65"": 0.3767435550689697, ""90"": 0.3940349519252777}","{""1e-05"": 0.40795260667800903, ""0.0001"": 0.40702342987060547, ""0.001"": 0.4067537486553192, ""0.01"": 0.40553712844848633, ""0.1"": 0.4041540026664734, ""0.3"": 0.3997623324394226, ""1"": 0.3892323970794678, ""3"": 0.3773305416107178, ""10"": 0.3686712980270386, ""30"": 0.36580294370651245, ""45"": 0.36820483207702637, ""65"": 0.3767435550689697, ""90"": 0.3940349519252777}",0.32534119486808777,0.3658028704424699,0.3612222457304597,16416,0.5835118259613713,0.6268988119303107
tirex,coastal_ts,10,L10,block_depth,True,0.8333333333333334,10.0,False,False,1e-05|0.0001|0.001|0.01|0.1|0.3|1|3|10|30|45|65|90,90.0,1e-05,13,0.01,0.1,"mean pinball over (batch, quantiles, horizon)",0.37496620416641235,"{""1e-05"": 0.3966994881629944, ""0.0001"": 0.3965483605861664, ""0.001"": 0.39567217230796814, ""0.01"": 0.39631518721580505, ""0.1"": 0.3945589065551758, ""0.3"": 0.3911544680595398, ""1"": 0.3842211961746216, ""3"": 0.3775882124900818, ""10"": 0.37496620416641235, ""30"": 0.37629076838493347, ""45"": 0.3780960440635681, ""65"": 0.3856703042984009, ""90"": 0.4010045528411865}","{""1e-05"": 0.3966994881629944, ""0.0001"": 0.3965483605861664, ""0.001"": 0.39567217230796814, ""0.01"": 0.39631518721580505, ""0.1"": 0.3945589065551758, ""0.3"": 0.3911544680595398, ""1"": 0.3842211961746216, ""3"": 0.3775882124900818, ""10"": 0.37496620416641235, ""30"": 0.37629076838493347, ""45"": 0.3780960440635681, ""65"": 0.3856703042984009, ""90"": 0.4010045528411865}",0.30860635638237,0.3749661923696597,0.36885298943767947,16416,0.5835118259613713,0.6426025586574532
tirex,coastal_ts,11,L11,block_depth,True,0.9166666666666666,10.0,False,False,1e-05|0.0001|0.001|0.01|0.1|0.3|1|3|10|30|45|65|90,90.0,1e-05,13,0.01,0.1,"mean pinball over (batch, quantiles, horizon)",0.37477195262908936,"{""1e-05"": 0.397233247756958, ""0.0001"": 0.39750128984451294, ""0.001"": 0.39701634645462036, ""0.01"": 0.3974934220314026, ""0.1"": 0.3948964476585388, ""0.3"": 0.39222002029418945, ""1"": 0.38479241728782654, ""3"": 0.3789379298686981, ""10"": 0.37477195262908936, ""30"": 0.3776721954345703, ""45"": 0.3829517066478729, ""65"": 0.3927321135997772, ""90"": 0.40713366866111755}","{""1e-05"": 0.397233247756958, ""0.0001"": 0.39750128984451294, ""0.001"": 0.39701634645462036, ""0.01"": 0.3974934220314026, ""0.1"": 0.3948964476585388, ""0.3"": 0.39222002029418945, ""1"": 0.38479241728782654, ""3"": 0.3789379298686981, ""10"": 0.37477195262908936, ""30"": 0.3776721954345703, ""45"": 0.3829517066478729, ""65"": 0.3927321135997772, ""90"": 0.40713366866111755}",0.3080922067165375,0.3747719529395302,0.36780308466404676,16416,0.5835118259613713,0.6422696786343114
tirex,coastal_ts,12,L12,block_depth,True,1.0,30.0,False,False,1e-05|0.0001|0.001|0.01|0.1|0.3|1|3|10|30|45|65|90,90.0,1e-05,13,0.01,0.3,"mean pinball over (batch, quantiles, horizon)",0.3750905394554138,"{""1e-05"": 0.40464481711387634, ""0.0001"": 0.40561336278915405, ""0.001"": 0.40470045804977417, ""0.01"": 0.40532559156417847, ""0.1"": 0.4025428295135498, ""0.3"": 0.40000367164611816, ""1"": 0.39266711473464966, ""3"": 0.3864046335220337, ""10"": 0.37924179434776306, ""30"": 0.3750905394554138, ""45"": 0.37555408477783203, ""65"": 0.379386842250824, ""90"": 0.38683852553367615}","{""1e-05"": 0.40464481711387634, ""0.0001"": 0.40561336278915405, ""0.001"": 0.40470045804977417, ""0.01"": 0.40532559156417847, ""0.1"": 0.4025428295135498, ""0.3"": 0.40000367164611816, ""1"": 0.39266711473464966, ""3"": 0.3864046335220337, ""10"": 0.37924179434776306, ""30"": 0.3750905394554138, ""45"": 0.37555408477783203, ""65"": 0.379386842250824, ""90"": 0.38683852553367615}",0.32259508967399597,0.37509053309137624,0.37204193308328587,16416,0.5835118259613713,0.6428156489774508
tirex,coastal_ts,13,L12+RMS,head_input_diagnostic,False,,45.0,False,False,1e-05|0.0001|0.001|0.01|0.1|0.3|1|3|10|30|45|65|90,90.0,1e-05,13,0.01,0.45,"mean pinball over (batch, quantiles, horizon)",0.37421664595603943,"{""1e-05"": 0.414045512676239, ""0.0001"": 0.41352126002311707, ""0.001"": 0.4137512147426605, ""0.01"": 0.41251158714294434, ""0.1"": 0.41141563653945923, ""0.3"": 0.4080354571342468, ""1"": 0.402066171169281, ""3"": 0.3941742181777954, ""10"": 0.3853543996810913, ""30"": 0.3768886923789978, ""45"": 0.37421664595603943, ""65"": 0.3750196397304535, ""90"": 0.3788987100124359}","{""1e-05"": 0.414045512676239, ""0.0001"": 0.41352126002311707, ""0.001"": 0.4137512147426605, ""0.01"": 0.41251158714294434, ""0.1"": 0.41141563653945923, ""0.3"": 0.4080354571342468, ""1"": 0.402066171169281, ""3"": 0.3941742181777954, ""10"": 0.3853543996810913, ""30"": 0.3768886923789978, ""45"": 0.37421664595603943, ""65"": 0.3750196397304535, ""90"": 0.3788987100124359}",0.31756818294525146,0.3742166070345168,0.36003154997403425,16416,0.5835118259613713,0.6413179483003145
tirex,boom_hourly,0,Emb,block_depth,True,0.0,3.0,False,False,1e-05|0.0001|0.001|0.01|0.1|0.3|1|3|10|30|45|65|90,90.0,1e-05,13,0.01,0.03,"mean pinball over (batch, quantiles, horizon)",0.22967585921287537,"{""1e-05"": 0.2321910709142685, ""0.0001"": 0.23288002610206604, ""0.001"": 0.23189234733581543, ""0.01"": 0.23174382746219635, ""0.1"": 0.2320864349603653, ""0.3"": 0.23149290680885315, ""1"": 0.2313014268875122, ""3"": 0.22967585921287537, ""10"": 0.2297673225402832, ""30"": 0.22968952357769012, ""45"": 0.23123449087142944, ""65"": 0.2336021065711975, ""90"": 0.24037227034568787}","{""1e-05"": 0.2321910709142685, ""0.0001"": 0.23288002610206604, ""0.001"": 0.23189234733581543, ""0.01"": 0.23174382746219635, ""0.1"": 0.2320864349603653, ""0.3"": 0.23149290680885315, ""1"": 0.2313014268875122, ""3"": 0.22967585921287537, ""10"": 0.2297673225402832, ""30"": 0.22968952357769012, ""45"": 0.23123449087142944, ""65"": 0.2336021065711975, ""90"": 0.24037227034568787}",10.873405456542969,0.2296758735668188,0.28275022286353474,16416,0.2989267163178594,0.7683350501284612
tirex,boom_hourly,1,L1,block_depth,True,0.08333333333333333,10.0,False,False,1e-05|0.0001|0.001|0.01|0.1|0.3|1|3|10|30|45|65|90,90.0,1e-05,13,0.01,0.1,"mean pinball over (batch, quantiles, horizon)",0.19196318089962006,"{""1e-05"": 0.1972554475069046, ""0.0001"": 0.19848810136318207, ""0.001"": 0.19713404774665833, ""0.01"": 0.20034630596637726, ""0.1"": 0.19763903319835663, ""0.3"": 0.19569849967956543, ""1"": 0.19310297071933746, ""3"": 0.19260548055171967, ""10"": 0.19196318089962006, ""30"": 0.20039933919906616, ""45"": 0.21020115911960602, ""65"": 0.22410380840301514, ""90"": 0.2369319498538971}","{""1e-05"": 0.1972554475069046, ""0.0001"": 0.19848810136318207, ""0.001"": 0.19713404774665833, ""0.01"": 0.20034630596637726, ""0.1"": 0.19763903319835663, ""0.3"": 0.19569849967956543, ""1"": 0.19310297071933746, ""3"": 0.19260548055171967, ""10"": 0.19196318089962006, ""30"": 0.20039933919906616, ""45"": 0.21020115911960602, ""65"": 0.22410380840301514, ""90"": 0.2369319498538971}",10.840283393859863,0.19196318001565288,0.24575191479449893,16416,0.2989267163178594,0.6421747188750155
tirex,boom_hourly,2,L2,block_depth,True,0.16666666666666666,10.0,False,False,1e-05|0.0001|0.001|0.01|0.1|0.3|1|3|10|30|45|65|90,90.0,1e-05,13,0.01,0.1,"mean pinball over (batch, quantiles, horizon)",0.19456429779529572,"{""1e-05"": 0.20475122332572937, ""0.0001"": 0.20336446166038513, ""0.001"": 0.2030293494462967, ""0.01"": 0.20376358926296234, ""0.1"": 0.20195266604423523, ""0.3"": 0.20006440579891205, ""1"": 0.19977430999279022, ""3"": 0.19670835137367249, ""10"": 0.19456429779529572, ""30"": 0.2022915631532669, ""45"": 0.20935536921024323, ""65"": 0.2197238951921463, ""90"": 0.2324308454990387}","{""1e-05"": 0.20475122332572937, ""0.0001"": 0.20336446166038513, ""0.001"": 0.2030293494462967, ""0.01"": 0.20376358926296234, ""0.1"": 0.20195266604423523, ""0.3"": 0.20006440579891205, ""1"": 0.19977430999279022, ""3"": 0.19670835137367249, ""10"": 0.19456429779529572, ""30"": 0.2022915631532669, ""45"": 0.20935536921024323, ""65"": 0.2197238951921463, ""90"": 0.2324308454990387}",10.836142539978027,0.1945643031780245,0.24470760624350632,16416,0.2989267163178594,0.6508762601571463
tirex,boom_hourly,3,L3,block_depth,True,0.25,10.0,False,False,1e-05|0.0001|0.001|0.01|0.1|0.3|1|3|10|30|45|65|90,90.0,1e-05,13,0.01,0.1,"mean pinball over (batch, quantiles, horizon)",0.19591742753982544,"{""1e-05"": 0.20888812839984894, ""0.0001"": 0.2090597003698349, ""0.001"": 0.21021334826946259, ""0.01"": 0.20896579325199127, ""0.1"": 0.2078235000371933, ""0.3"": 0.2062508761882782, ""1"": 0.20136182010173798, ""3"": 0.19652190804481506, ""10"": 0.19591742753982544, ""30"": 0.2048509269952774, ""45"": 0.21474096179008484, ""65"": 0.22180277109146118, ""90"": 0.2324201464653015}","{""1e-05"": 0.20888812839984894, ""0.0001"": 0.2090597003698349, ""0.001"": 0.21021334826946259, ""0.01"": 0.20896579325199127, ""0.1"": 0.2078235000371933, ""0.3"": 0.2062508761882782, ""1"": 0.20136182010173798, ""3"": 0.19652190804481506, ""10"": 0.19591742753982544, ""30"": 0.2048509269952774, ""45"": 0.21474096179008484, ""65"": 0.22180277109146118, ""90"": 0.2324201464653015}",10.834330558776855,0.19591741070761687,0.24766174328150387,16416,0.2989267163178594,0.6554028128395554
tirex,boom_hourly,4,L4,block_depth,True,0.3333333333333333,10.0,False,False,1e-05|0.0001|0.001|0.01|0.1|0.3|1|3|10|30|45|65|90,90.0,1e-05,13,0.01,0.1,"mean pinball over (batch, quantiles, horizon)",0.20261339843273163,"{""1e-05"": 0.2151646614074707, ""0.0001"": 0.21572580933570862, ""0.001"": 0.21621859073638916, ""0.01"": 0.21602337062358856, ""0.1"": 0.21437841653823853, ""0.3"": 0.21185728907585144, ""1"": 0.20706316828727722, ""3"": 0.2029912918806076, ""10"": 0.20261339843273163, ""30"": 0.20932790637016296, ""45"": 0.21492788195610046, ""65"": 0.2220926731824875, ""90"": 0.2280256450176239}","{""1e-05"": 0.2151646614074707, ""0.0001"": 0.21572580933570862, ""0.001"": 0.21621859073638916, ""0.01"": 0.21602337062358856, ""0.1"": 0.21437841653823853, ""0.3"": 0.21185728907585144, ""1"": 0.20706316828727722, ""3"": 0.2029912918806076, ""10"": 0.20261339843273163, ""30"": 0.20932790637016296, ""45"": 0.21492788195610046, ""65"": 0.2220926731824875, ""90"": 0.2280256450176239}",10.831568717956543,0.20261339493895655,0.24907630664627936,16416,0.2989267163178594,0.6778028991008972
tirex,boom_hourly,5,L5,block_depth,True,0.4166666666666667,10.0,False,False,1e-05|0.0001|0.001|0.01|0.1|0.3|1|3|10|30|45|65|90,90.0,1e-05,13,0.01,0.1,"mean pinball over (batch, quantiles, horizon)",0.20289668440818787,"{""1e-05"": 0.2203834056854248, ""0.0001"": 0.22011907398700714, ""0.001"": 0.21989363431930542, ""0.01"": 0.22064130008220673, ""0.1"": 0.21925106644630432, ""0.3"": 0.2162543684244156, ""1"": 0.21147416532039642, ""3"": 0.20638202130794525, ""10"": 0.20289668440818787, ""30"": 0.20970645546913147, ""45"": 0.21499313414096832, ""65"": 0.2212582230567932, ""90"": 0.23037250339984894}","{""1e-05"": 0.2203834056854248, ""0.0001"": 0.22011907398700714, ""0.001"": 0.21989363431930542, ""0.01"": 0.22064130008220673, ""0.1"": 0.21925106644630432, ""0.3"": 0.2162543684244156, ""1"": 0.21147416532039642, ""3"": 0.20638202130794525, ""10"": 0.20289668440818787, ""30"": 0.20970645546913147, ""45"": 0.21499313414096832, ""65"": 0.2212582230567932, ""90"": 0.23037250339984894}",10.829227447509766,0.2028966763209404,0.24961493106948285,16416,0.2989267163178594,0.6787505607400884
tirex,boom_hourly,6,L6,block_depth,True,0.5,10.0,False,False,1e-05|0.0001|0.001|0.01|0.1|0.3|1|3|10|30|45|65|90,90.0,1e-05,13,0.01,0.1,"mean pinball over (batch, quantiles, horizon)",0.20622998476028442,"{""1e-05"": 0.21924807131290436, ""0.0001"": 0.21904504299163818, ""0.001"": 0.21968744695186615, ""0.01"": 0.2195928394794464, ""0.1"": 0.21841473877429962, ""0.3"": 0.21682199835777283, ""1"": 0.212567999958992, ""3"": 0.20884260535240173, ""10"": 0.20622998476028442, ""30"": 0.21286144852638245, ""45"": 0.2182500809431076, ""65"": 0.22349940240383148, ""90"": 0.22999490797519684}","{""1e-05"": 0.21924807131290436, ""0.0001"": 0.21904504299163818, ""0.001"": 0.21968744695186615, ""0.01"": 0.2195928394794464, ""0.1"": 0.21841473877429962, ""0.3"": 0.21682199835777283, ""1"": 0.212567999958992, ""3"": 0.20884260535240173, ""10"": 0.20622998476028442, ""30"": 0.21286144852638245, ""45"": 0.2182500809431076, ""65"": 0.22349940240383148, ""90"": 0.22999490797519684}",10.828633308410645,0.20623000290265864,0.2507860773942817,16416,0.2989267163178594,0.6899015432376642
tirex,boom_hourly,7,L7,block_depth,True,0.5833333333333334,10.0,False,False,1e-05|0.0001|0.001|0.01|0.1|0.3|1|3|10|30|45|65|90,90.0,1e-05,13,0.01,0.1,"mean pinball over (batch, quantiles, horizon)",0.20881187915802002,"{""1e-05"": 0.22355619072914124, ""0.0001"": 0.22333960235118866, ""0.001"": 0.22363874316215515, ""0.01"": 0.22305457293987274, ""0.1"": 0.22274400293827057, ""0.3"": 0.2206534445285797, ""1"": 0.21717506647109985, ""3"": 0.21183468401432037, ""10"": 0.20881187915802002, ""30"": 0.21202699840068817, ""45"": 0.21604397892951965, ""65"": 0.22197742760181427, ""90"": 0.22738054394721985}","{""1e-05"": 0.22355619072914124, ""0.0001"": 0.22333960235118866, ""0.001"": 0.22363874316215515, ""0.01"": 0.22305457293987274, ""0.1"": 0.22274400293827057, ""0.3"": 0.2206534445285797, ""1"": 0.21717506647109985, ""3"": 0.21183468401432037, ""10"": 0.20881187915802002, ""30"": 0.21202699840068817, ""45"": 0.21604397892951965, ""65"": 0.22197742760181427, ""90"": 0.22738054394721985}",10.827848434448242,0.20881187961052702,0.2550101637219389,16416,0.2989267163178594,0.6985386993261918
tirex,boom_hourly,8,L8,block_depth,True,0.6666666666666666,10.0,False,False,1e-05|0.0001|0.001|0.01|0.1|0.3|1|3|10|30|45|65|90,90.0,1e-05,13,0.01,0.1,"mean pinball over (batch, quantiles, horizon)",0.20386677980422974,"{""1e-05"": 0.22094494104385376, ""0.0001"": 0.22100163996219635, ""0.001"": 0.22074300050735474, ""0.01"": 0.22065728902816772, ""0.1"": 0.21980802714824677, ""0.3"": 0.21792279183864594, ""1"": 0.21415288746356964, ""3"": 0.20839926600456238, ""10"": 0.20386677980422974, ""30"": 0.2063283920288086, ""45"": 0.20914320647716522, ""65"": 0.2131701111793518, ""90"": 0.2194659560918808}","{""1e-05"": 0.22094494104385376, ""0.0001"": 0.22100163996219635, ""0.001"": 0.22074300050735474, ""0.01"": 0.22065728902816772, ""0.1"": 0.21980802714824677, ""0.3"": 0.21792279183864594, ""1"": 0.21415288746356964, ""3"": 0.20839926600456238, ""10"": 0.20386677980422974, ""30"": 0.2063283920288086, ""45"": 0.20914320647716522, ""65"": 0.2131701111793518, ""90"": 0.2194659560918808}",10.826865196228027,0.20386676879147184,0.25259351779280576,16416,0.2989267163178594,0.6819958125612736
tirex,boom_hourly,9,L9,block_depth,True,0.75,10.0,False,False,1e-05|0.0001|0.001|0.01|0.1|0.3|1|3|10|30|45|65|90,90.0,1e-05,13,0.01,0.1,"mean pinball over (batch, quantiles, horizon)",0.20251686871051788,"{""1e-05"": 0.2227054387331009, ""0.0001"": 0.2230016440153122, ""0.001"": 0.2232159823179245, ""0.01"": 0.22289185225963593, ""0.1"": 0.22196274995803833, ""0.3"": 0.21942448616027832, ""1"": 0.2140776664018631, ""3"": 0.2071784883737564, ""10"": 0.20251686871051788, ""30"": 0.20285861194133759, ""45"": 0.2055034041404724, ""65"": 0.20922498404979706, ""90"": 0.2159012407064438}","{""1e-05"": 0.2227054387331009, ""0.0001"": 0.2230016440153122, ""0.001"": 0.2232159823179245, ""0.01"": 0.22289185225963593, ""0.1"": 0.22196274995803833, ""0.3"": 0.21942448616027832, ""1"": 0.2140776664018631, ""3"": 0.2071784883737564, ""10"": 0.20251686871051788, ""30"": 0.20285861194133759, ""45"": 0.2055034041404724, ""65"": 0.20922498404979706, ""90"": 0.2159012407064438}",10.825642585754395,0.20251686546930486,0.25032896751611583,16416,0.2989267163178594,0.6774799789188515
tirex,boom_hourly,10,L10,block_depth,True,0.8333333333333334,10.0,False,False,1e-05|0.0001|0.001|0.01|0.1|0.3|1|3|10|30|45|65|90,90.0,1e-05,13,0.01,0.1,"mean pinball over (batch, quantiles, horizon)",0.2016172856092453,"{""1e-05"": 0.2156524658203125, ""0.0001"": 0.2159366011619568, ""0.001"": 0.2157207429409027, ""0.01"": 0.21595463156700134, ""0.1"": 0.21448762714862823, ""0.3"": 0.21304532885551453, ""1"": 0.20882557332515717, ""3"": 0.20518353581428528, ""10"": 0.2016172856092453, ""30"": 0.20358479022979736, ""45"": 0.20635396242141724, ""65"": 0.21097181737422943, ""90"": 0.21758386492729187}","{""1e-05"": 0.2156524658203125, ""0.0001"": 0.2159366011619568, ""0.001"": 0.2157207429409027, ""0.01"": 0.21595463156700134, ""0.1"": 0.21448762714862823, ""0.3"": 0.21304532885551453, ""1"": 0.20882557332515717, ""3"": 0.20518353581428528, ""10"": 0.2016172856092453, ""30"": 0.20358479022979736, ""45"": 0.20635396242141724, ""65"": 0.21097181737422943, ""90"": 0.21758386492729187}",10.824185371398926,0.20161729491194763,0.246678812645039,16416,0.2989267163178594,0.6744706441613629
tirex,boom_hourly,11,L11,block_depth,True,0.9166666666666666,10.0,False,False,1e-05|0.0001|0.001|0.01|0.1|0.3|1|3|10|30|45|65|90,90.0,1e-05,13,0.01,0.1,"mean pinball over (batch, quantiles, horizon)",0.19501878321170807,"{""1e-05"": 0.2130049169063568, ""0.0001"": 0.21288323402404785, ""0.001"": 0.2128690481185913, ""0.01"": 0.212971493601799, ""0.1"": 0.21145319938659668, ""0.3"": 0.20916275680065155, ""1"": 0.20414255559444427, ""3"": 0.1983303725719452, ""10"": 0.19501878321170807, ""30"": 0.19842398166656494, ""45"": 0.20206663012504578, ""65"": 0.207548588514328, ""90"": 0.2145613133907318}","{""1e-05"": 0.2130049169063568, ""0.0001"": 0.21288323402404785, ""0.001"": 0.2128690481185913, ""0.01"": 0.212971493601799, ""0.1"": 0.21145319938659668, ""0.3"": 0.20916275680065155, ""1"": 0.20414255559444427, ""3"": 0.1983303725719452, ""10"": 0.19501878321170807, ""30"": 0.19842398166656494, ""45"": 0.20206663012504578, ""65"": 0.207548588514328, ""90"": 0.2145613133907318}",10.82150650024414,0.19501878269606054,0.2435680090076169,16416,0.2989267163178594,0.6523966311819722
tirex,boom_hourly,12,L12,block_depth,True,1.0,10.0,False,False,1e-05|0.0001|0.001|0.01|0.1|0.3|1|3|10|30|45|65|90,90.0,1e-05,13,0.01,0.1,"mean pinball over (batch, quantiles, horizon)",0.19402135908603668,"{""1e-05"": 0.20872829854488373, ""0.0001"": 0.2088412493467331, ""0.001"": 0.20896567404270172, ""0.01"": 0.20890596508979797, ""0.1"": 0.207344189286232, ""0.3"": 0.20582929253578186, ""1"": 0.20095868408679962, ""3"": 0.1960432380437851, ""10"": 0.19402135908603668, ""30"": 0.19866885244846344, ""45"": 0.20217180252075195, ""65"": 0.2072274535894394, ""90"": 0.21399566531181335}","{""1e-05"": 0.20872829854488373, ""0.0001"": 0.2088412493467331, ""0.001"": 0.20896567404270172, ""0.01"": 0.20890596508979797, ""0.1"": 0.207344189286232, ""0.3"": 0.20582929253578186, ""1"": 0.20095868408679962, ""3"": 0.1960432380437851, ""10"": 0.19402135908603668, ""30"": 0.19866885244846344, ""45"": 0.20217180252075195, ""65"": 0.2072274535894394, ""90"": 0.21399566531181335}",10.825589179992676,0.19402137680747414,0.24319216765800103,16416,0.2989267163178594,0.6490600077417112
tirex,boom_hourly,13,L12+RMS,head_input_diagnostic,False,,10.0,False,False,1e-05|0.0001|0.001|0.01|0.1|0.3|1|3|10|30|45|65|90,90.0,1e-05,13,0.01,0.1,"mean pinball over (batch, quantiles, horizon)",0.18176446855068207,"{""1e-05"": 0.2067106068134308, ""0.0001"": 0.20666763186454773, ""0.001"": 0.20660300552845, ""0.01"": 0.2063179910182953, ""0.1"": 0.2047204226255417, ""0.3"": 0.2019529640674591, ""1"": 0.1950187087059021, ""3"": 0.18765220046043396, ""10"": 0.18176446855068207, ""30"": 0.18289121985435486, ""45"": 0.18588274717330933, ""65"": 0.19134144484996796, ""90"": 0.20010077953338623}","{""1e-05"": 0.2067106068134308, ""0.0001"": 0.20666763186454773, ""0.001"": 0.20660300552845, ""0.01"": 0.2063179910182953, ""0.1"": 0.2047204226255417, ""0.3"": 0.2019529640674591, ""1"": 0.1950187087059021, ""3"": 0.18765220046043396, ""10"": 0.18176446855068207, ""30"": 0.18289121985435486, ""45"": 0.18588274717330933, ""65"": 0.19134144484996796, ""90"": 0.20010077953338623}",10.806661605834961,0.1817644829730277,0.23089015953989941,16416,0.2989267163178594,0.6080570021039908
tirex,LOOP_SEATTLE_5T,0,Emb,block_depth,True,0.0,65.0,False,False,1e-05|0.0001|0.001|0.01|0.1|0.3|1|3|10|30|45|65|90,90.0,1e-05,13,0.01,0.65,"mean pinball over (batch, quantiles, horizon)",0.3732661008834839,"{""1e-05"": 0.3772459626197815, ""0.0001"": 0.3776049315929413, ""0.001"": 0.3770502209663391, ""0.01"": 0.3771413266658783, ""0.1"": 0.37633052468299866, ""0.3"": 0.37646037340164185, ""1"": 0.3761119246482849, ""3"": 0.3754122257232666, ""10"": 0.37466734647750854, ""30"": 0.3738029897212982, ""45"": 0.3756822943687439, ""65"": 0.3732661008834839, ""90"": 0.373289555311203}","{""1e-05"": 0.3772459626197815, ""0.0001"": 0.3776049315929413, ""0.001"": 0.3770502209663391, ""0.01"": 0.3771413266658783, ""0.1"": 0.37633052468299866, ""0.3"": 0.37646037340164185, ""1"": 0.3761119246482849, ""3"": 0.3754122257232666, ""10"": 0.37466734647750854, ""30"": 0.3738029897212982, ""45"": 0.3756822943687439, ""65"": 0.3732661008834839, ""90"": 0.373289555311203}",0.3918388783931732,0.37326609499695645,0.29606410093207397,16416,0.3786400082229658,0.9858073285725135
tirex,LOOP_SEATTLE_5T,1,L1,block_depth,True,0.08333333333333333,65.0,False,False,1e-05|0.0001|0.001|0.01|0.1|0.3|1|3|10|30|45|65|90,90.0,1e-05,13,0.01,0.65,"mean pinball over (batch, quantiles, horizon)",0.38375571370124817,"{""1e-05"": 0.40151163935661316, ""0.0001"": 0.4009801745414734, ""0.001"": 0.4011712372303009, ""0.01"": 0.40099117159843445, ""0.1"": 0.4000362455844879, ""0.3"": 0.3979990482330322, ""1"": 0.39434391260147095, ""3"": 0.3909930884838104, ""10"": 0.3887975215911865, ""30"": 0.3867184519767761, ""45"": 0.3843041956424713, ""65"": 0.38375571370124817, ""90"": 0.3847063183784485}","{""1e-05"": 0.40151163935661316, ""0.0001"": 0.4009801745414734, ""0.001"": 0.4011712372303009, ""0.01"": 0.40099117159843445, ""0.1"": 0.4000362455844879, ""0.3"": 0.3979990482330322, ""1"": 0.39434391260147095, ""3"": 0.3909930884838104, ""10"": 0.3887975215911865, ""30"": 0.3867184519767761, ""45"": 0.3843041956424713, ""65"": 0.38375571370124817, ""90"": 0.3847063183784485}",0.3835687041282654,0.3837557199432422,0.3145703932426813,16416,0.3786400082229658,1.0135107532462972
tirex,LOOP_SEATTLE_5T,2,L2,block_depth,True,0.16666666666666666,65.0,False,False,1e-05|0.0001|0.001|0.01|0.1|0.3|1|3|10|30|45|65|90,90.0,1e-05,13,0.01,0.65,"mean pinball over (batch, quantiles, horizon)",0.38147082924842834,"{""1e-05"": 0.39879488945007324, ""0.0001"": 0.3983899652957916, ""0.001"": 0.3990771472454071, ""0.01"": 0.39877861738204956, ""0.1"": 0.39681416749954224, ""0.3"": 0.3947799801826477, ""1"": 0.39155104756355286, ""3"": 0.38886523246765137, ""10"": 0.38484466075897217, ""30"": 0.3836740255355835, ""45"": 0.38232406973838806, ""65"": 0.38147082924842834, ""90"": 0.38179638981819153}","{""1e-05"": 0.39879488945007324, ""0.0001"": 0.3983899652957916, ""0.001"": 0.3990771472454071, ""0.01"": 0.39877861738204956, ""0.1"": 0.39681416749954224, ""0.3"": 0.3947799801826477, ""1"": 0.39155104756355286, ""3"": 0.38886523246765137, ""10"": 0.38484466075897217, ""30"": 0.3836740255355835, ""45"": 0.38232406973838806, ""65"": 0.38147082924842834, ""90"": 0.38179638981819153}",0.38171952962875366,0.3814708101385422,0.3056130794850925,16416,0.3786400082229658,1.007476235617208
tirex,LOOP_SEATTLE_5T,3,L3,block_depth,True,0.25,65.0,False,False,1e-05|0.0001|0.001|0.01|0.1|0.3|1|3|10|30|45|65|90,90.0,1e-05,13,0.01,0.65,"mean pinball over (batch, quantiles, horizon)",0.38139891624450684,"{""1e-05"": 0.41881513595581055, ""0.0001"": 0.4182296693325043, ""0.001"": 0.41830602288246155, ""0.01"": 0.41832855343818665, ""0.1"": 0.4157297909259796, ""0.3"": 0.4113425314426422, ""1"": 0.40467867255210876, ""3"": 0.39688584208488464, ""10"": 0.39189496636390686, ""30"": 0.3869967758655548, ""45"": 0.38391807675361633, ""65"": 0.38139891624450684, ""90"": 0.38152015209198}","{""1e-05"": 0.41881513595581055, ""0.0001"": 0.4182296693325043, ""0.001"": 0.41830602288246155, ""0.01"": 0.41832855343818665, ""0.1"": 0.4157297909259796, ""0.3"": 0.4113425314426422, ""1"": 0.40467867255210876, ""3"": 0.39688584208488464, ""10"": 0.39189496636390686, ""30"": 0.3869967758655548, ""45"": 0.38391807675361633, ""65"": 0.38139891624450684, ""90"": 0.38152015209198}",0.3800812065601349,0.38139890449988934,0.30128554840579286,16416,0.3786400082229658,1.0072863305963669
tirex,LOOP_SEATTLE_5T,4,L4,block_depth,True,0.3333333333333333,90.0,True,False,1e-05|0.0001|0.001|0.01|0.1|0.3|1|3|10|30|45|65|90,90.0,1e-05,13,0.01,0.9,"mean pinball over (batch, quantiles, horizon)",0.376309871673584,"{""1e-05"": 0.41402873396873474, ""0.0001"": 0.4137496054172516, ""0.001"": 0.41492408514022827, ""0.01"": 0.4135139286518097, ""0.1"": 0.41232335567474365, ""0.3"": 0.4090026319026947, ""1"": 0.4024074971675873, ""3"": 0.39501696825027466, ""10"": 0.3906882107257843, ""30"": 0.38220342993736267, ""45"": 0.3812134265899658, ""65"": 0.37759867310523987, ""90"": 0.376309871673584}","{""1e-05"": 0.41402873396873474, ""0.0001"": 0.4137496054172516, ""0.001"": 0.41492408514022827, ""0.01"": 0.4135139286518097, ""0.1"": 0.41232335567474365, ""0.3"": 0.4090026319026947, ""1"": 0.4024074971675873, ""3"": 0.39501696825027466, ""10"": 0.3906882107257843, ""30"": 0.38220342993736267, ""45"": 0.3812134265899658, ""65"": 0.37759867310523987, ""90"": 0.376309871673584}",0.3834683895111084,0.3763098739912264,0.29613053289647323,16416,0.3786400082229658,0.9938460432570896
tirex,LOOP_SEATTLE_5T,5,L5,block_depth,True,0.4166666666666667,90.0,True,False,1e-05|0.0001|0.001|0.01|0.1|0.3|1|3|10|30|45|65|90,90.0,1e-05,13,0.01,0.9,"mean pinball over (batch, quantiles, horizon)",0.3627956509590149,"{""1e-05"": 0.3966221809387207, ""0.0001"": 0.397093266248703, ""0.001"": 0.3974095582962036, ""0.01"": 0.39678674936294556, ""0.1"": 0.39598143100738525, ""0.3"": 0.3946797549724579, ""1"": 0.3928781747817993, ""3"": 0.38895323872566223, ""10"": 0.38319164514541626, ""30"": 0.3735317885875702, ""45"": 0.36816662549972534, ""65"": 0.3652050197124481, ""90"": 0.3627956509590149}","{""1e-05"": 0.3966221809387207, ""0.0001"": 0.397093266248703, ""0.001"": 0.3974095582962036, ""0.01"": 0.39678674936294556, ""0.1"": 0.39598143100738525, ""0.3"": 0.3946797549724579, ""1"": 0.3928781747817993, ""3"": 0.38895323872566223, ""10"": 0.38319164514541626, ""30"": 0.3735317885875702, ""45"": 0.36816662549972534, ""65"": 0.3652050197124481, ""90"": 0.3627956509590149}",0.3668785095214844,0.3627956527505667,0.25745468299466234,16416,0.3786400082229658,0.9581545660038413
tirex,LOOP_SEATTLE_5T,6,L6,block_depth,True,0.5,45.0,False,False,1e-05|0.0001|0.001|0.01|0.1|0.3|1|3|10|30|45|65|90,90.0,1e-05,13,0.01,0.45,"mean pinball over (batch, quantiles, horizon)",0.3538210988044739,"{""1e-05"": 0.36296048760414124, ""0.0001"": 0.3631555736064911, ""0.001"": 0.3630620837211609, ""0.01"": 0.36285051703453064, ""0.1"": 0.3624681830406189, ""0.3"": 0.36049097776412964, ""1"": 0.35781988501548767, ""3"": 0.3563723564147949, ""10"": 0.35477057099342346, ""30"": 0.3545633554458618, ""45"": 0.3538210988044739, ""65"": 0.35492974519729614, ""90"": 0.35545337200164795}","{""1e-05"": 0.36296048760414124, ""0.0001"": 0.3631555736064911, ""0.001"": 0.3630620837211609, ""0.01"": 0.36285051703453064, ""0.1"": 0.3624681830406189, ""0.3"": 0.36049097776412964, ""1"": 0.35781988501548767, ""3"": 0.3563723564147949, ""10"": 0.35477057099342346, ""30"": 0.3545633554458618, ""45"": 0.3538210988044739, ""65"": 0.35492974519729614, ""90"": 0.35545337200164795}",0.34188517928123474,0.3538211006813377,0.2463901855677139,16416,0.3786400082229658,0.934452495767396
tirex,LOOP_SEATTLE_5T,7,L7,block_depth,True,0.5833333333333334,90.0,True,False,1e-05|0.0001|0.001|0.01|0.1|0.3|1|3|10|30|45|65|90,90.0,1e-05,13,0.01,0.9,"mean pinball over (batch, quantiles, horizon)",0.3482012450695038,"{""1e-05"": 0.3621503710746765, ""0.0001"": 0.36075836420059204, ""0.001"": 0.3619216978549957, ""0.01"": 0.3624057471752167, ""0.1"": 0.3610920011997223, ""0.3"": 0.3596990406513214, ""1"": 0.35562440752983093, ""3"": 0.35479041934013367, ""10"": 0.3512558341026306, ""30"": 0.3504747152328491, ""45"": 0.35128656029701233, ""65"": 0.34946659207344055, ""90"": 0.3482012450695038}","{""1e-05"": 0.3621503710746765, ""0.0001"": 0.36075836420059204, ""0.001"": 0.3619216978549957, ""0.01"": 0.3624057471752167, ""0.1"": 0.3610920011997223, ""0.3"": 0.3596990406513214, ""1"": 0.35562440752983093, ""3"": 0.35479041934013367, ""10"": 0.3512558341026306, ""30"": 0.3504747152328491, ""45"": 0.35128656029701233, ""65"": 0.34946659207344055, ""90"": 0.3482012450695038}",0.3560098707675934,0.3482012588616091,0.24054416466703396,16416,0.3786400082229658,0.9196103192998227
tirex,LOOP_SEATTLE_5T,8,L8,block_depth,True,0.6666666666666666,90.0,True,False,1e-05|0.0001|0.001|0.01|0.1|0.3|1|3|10|30|45|65|90,90.0,1e-05,13,0.01,0.9,"mean pinball over (batch, quantiles, horizon)",0.3404688239097595,"{""1e-05"": 0.37541651725769043, ""0.0001"": 0.37397894263267517, ""0.001"": 0.3749016225337982, ""0.01"": 0.3745054304599762, ""0.1"": 0.3743039071559906, ""0.3"": 0.3706396222114563, ""1"": 0.36496269702911377, ""3"": 0.35834240913391113, ""10"": 0.35143882036209106, ""30"": 0.34618064761161804, ""45"": 0.3432636857032776, ""65"": 0.34219178557395935, ""90"": 0.3404688239097595}","{""1e-05"": 0.37541651725769043, ""0.0001"": 0.37397894263267517, ""0.001"": 0.3749016225337982, ""0.01"": 0.3745054304599762, ""0.1"": 0.3743039071559906, ""0.3"": 0.3706396222114563, ""1"": 0.36496269702911377, ""3"": 0.35834240913391113, ""10"": 0.35143882036209106, ""30"": 0.34618064761161804, ""45"": 0.3432636857032776, ""65"": 0.34219178557395935, ""90"": 0.3404688239097595}",0.3493090271949768,0.34046883070628153,0.24587386173999493,16416,0.3786400082229658,0.8991887368272853
tirex,LOOP_SEATTLE_5T,9,L9,block_depth,True,0.75,30.0,False,False,1e-05|0.0001|0.001|0.01|0.1|0.3|1|3|10|30|45|65|90,90.0,1e-05,13,0.01,0.3,"mean pinball over (batch, quantiles, horizon)",0.3403657078742981,"{""1e-05"": 0.36454665660858154, ""0.0001"": 0.36284139752388, ""0.001"": 0.36341676115989685, ""0.01"": 0.36361992359161377, ""0.1"": 0.36148518323898315, ""0.3"": 0.35881614685058594, ""1"": 0.3528537452220917, ""3"": 0.34880369901657104, ""10"": 0.3425304591655731, ""30"": 0.3403657078742981, ""45"": 0.34080392122268677, ""65"": 0.3430969715118408, ""90"": 0.3427955210208893}","{""1e-05"": 0.36454665660858154, ""0.0001"": 0.36284139752388, ""0.001"": 0.36341676115989685, ""0.01"": 0.36361992359161377, ""0.1"": 0.36148518323898315, ""0.3"": 0.35881614685058594, ""1"": 0.3528537452220917, ""3"": 0.34880369901657104, ""10"": 0.3425304591655731, ""30"": 0.3403657078742981, ""45"": 0.34080392122268677, ""65"": 0.3430969715118408, ""90"": 0.3427955210208893}",0.3239702880382538,0.3403656810294581,0.2649933233686531,16416,0.3786400082229658,0.898916315333034
tirex,LOOP_SEATTLE_5T,10,L10,block_depth,True,0.8333333333333334,30.0,False,False,1e-05|0.0001|0.001|0.01|0.1|0.3|1|3|10|30|45|65|90,90.0,1e-05,13,0.01,0.3,"mean pinball over (batch, quantiles, horizon)",0.33001741766929626,"{""1e-05"": 0.34955015778541565, ""0.0001"": 0.34970495104789734, ""0.001"": 0.3506546914577484, ""0.01"": 0.35138729214668274, ""0.1"": 0.34963324666023254, ""0.3"": 0.34758439660072327, ""1"": 0.3435138463973999, ""3"": 0.3388754427433014, ""10"": 0.33308443427085876, ""30"": 0.33001741766929626, ""45"": 0.33045175671577454, ""65"": 0.33012810349464417, ""90"": 0.33220788836479187}","{""1e-05"": 0.34955015778541565, ""0.0001"": 0.34970495104789734, ""0.001"": 0.3506546914577484, ""0.01"": 0.35138729214668274, ""0.1"": 0.34963324666023254, ""0.3"": 0.34758439660072327, ""1"": 0.3435138463973999, ""3"": 0.3388754427433014, ""10"": 0.33308443427085876, ""30"": 0.33001741766929626, ""45"": 0.33045175671577454, ""65"": 0.33012810349464417, ""90"": 0.33220788836479187}",0.32235220074653625,0.3300174100480917,0.26052214139859187,16416,0.3786400082229658,0.8715862108627407
tirex,LOOP_SEATTLE_5T,11,L11,block_depth,True,0.9166666666666666,65.0,False,False,1e-05|0.0001|0.001|0.01|0.1|0.3|1|3|10|30|45|65|90,90.0,1e-05,13,0.01,0.65,"mean pinball over (batch, quantiles, horizon)",0.32150977849960327,"{""1e-05"": 0.34559306502342224, ""0.0001"": 0.34618982672691345, ""0.001"": 0.3456335961818695, ""0.01"": 0.34559428691864014, ""0.1"": 0.34400996565818787, ""0.3"": 0.3417665958404541, ""1"": 0.33727899193763733, ""3"": 0.33151817321777344, ""10"": 0.32629120349884033, ""30"": 0.3227233290672302, ""45"": 0.3220401704311371, ""65"": 0.32150977849960327, ""90"": 0.3240472674369812}","{""1e-05"": 0.34559306502342224, ""0.0001"": 0.34618982672691345, ""0.001"": 0.3456335961818695, ""0.01"": 0.34559428691864014, ""0.1"": 0.34400996565818787, ""0.3"": 0.3417665958404541, ""1"": 0.33727899193763733, ""3"": 0.33151817321777344, ""10"": 0.32629120349884033, ""30"": 0.3227233290672302, ""45"": 0.3220401704311371, ""65"": 0.32150977849960327, ""90"": 0.3240472674369812}",0.3334735929965973,0.32150976993996677,0.26370604805477704,16416,0.3786400082229658,0.849117269590388
tirex,LOOP_SEATTLE_5T,12,L12,block_depth,True,1.0,65.0,False,False,1e-05|0.0001|0.001|0.01|0.1|0.3|1|3|10|30|45|65|90,90.0,1e-05,13,0.01,0.65,"mean pinball over (batch, quantiles, horizon)",0.3224196135997772,"{""1e-05"": 0.3528534471988678, ""0.0001"": 0.35381340980529785, ""0.001"": 0.3530704379081726, ""0.01"": 0.35294637084007263, ""0.1"": 0.3520273268222809, ""0.3"": 0.3488348424434662, ""1"": 0.34292101860046387, ""3"": 0.33703288435935974, ""10"": 0.33051517605781555, ""30"": 0.32527902722358704, ""45"": 0.32462915778160095, ""65"": 0.3224196135997772, ""90"": 0.32462555170059204}","{""1e-05"": 0.3528534471988678, ""0.0001"": 0.35381340980529785, ""0.001"": 0.3530704379081726, ""0.01"": 0.35294637084007263, ""0.1"": 0.3520273268222809, ""0.3"": 0.3488348424434662, ""1"": 0.34292101860046387, ""3"": 0.33703288435935974, ""10"": 0.33051517605781555, ""30"": 0.32527902722358704, ""45"": 0.32462915778160095, ""65"": 0.3224196135997772, ""90"": 0.32462555170059204}",0.33160635828971863,0.3224195958833203,0.26744812759677417,16416,0.3786400082229658,0.8515201481124531
tirex,LOOP_SEATTLE_5T,13,L12+RMS,head_input_diagnostic,False,,90.0,True,False,1e-05|0.0001|0.001|0.01|0.1|0.3|1|3|10|30|45|65|90,90.0,1e-05,13,0.01,0.9,"mean pinball over (batch, quantiles, horizon)",0.3220323324203491,"{""1e-05"": 0.3530532121658325, ""0.0001"": 0.35149329900741577, ""0.001"": 0.35292696952819824, ""0.01"": 0.35267627239227295, ""0.1"": 0.35120904445648193, ""0.3"": 0.34751611948013306, ""1"": 0.34236881136894226, ""3"": 0.33716514706611633, ""10"": 0.3307151794433594, ""30"": 0.3259551227092743, ""45"": 0.3242793083190918, ""65"": 0.3224596679210663, ""90"": 0.3220323324203491}","{""1e-05"": 0.3530532121658325, ""0.0001"": 0.35149329900741577, ""0.001"": 0.35292696952819824, ""0.01"": 0.35267627239227295, ""0.1"": 0.35120904445648193, ""0.3"": 0.34751611948013306, ""1"": 0.34236881136894226, ""3"": 0.33716514706611633, ""10"": 0.3307151794433594, ""30"": 0.3259551227092743, ""45"": 0.3242793083190918, ""65"": 0.3224596679210663, ""90"": 0.3220323324203491}",0.33012357354164124,0.32203229602056604,0.26242338711011953,16416,0.3786400082229658,0.8504972771681704
tirex,electricity_15min,0,Emb,block_depth,True,0.0,3.0,False,False,1e-05|0.0001|0.001|0.01|0.1|0.3|1|3|10|30|45|65|90,90.0,1e-05,13,0.01,0.03,"mean pinball over (batch, quantiles, horizon)",0.41308140754699707,"{""1e-05"": 0.41546520590782166, ""0.0001"": 0.41599059104919434, ""0.001"": 0.41443827748298645, ""0.01"": 0.4150792956352234, ""0.1"": 0.41398605704307556, ""0.3"": 0.41526463627815247, ""1"": 0.41364067792892456, ""3"": 0.41308140754699707, ""10"": 0.41735875606536865, ""30"": 0.415341854095459, ""45"": 0.4147360324859619, ""65"": 0.417013555765152, ""90"": 0.41768762469291687}","{""1e-05"": 0.41546520590782166, ""0.0001"": 0.41599059104919434, ""0.001"": 0.41443827748298645, ""0.01"": 0.4150792956352234, ""0.1"": 0.41398605704307556, ""0.3"": 0.41526463627815247, ""1"": 0.41364067792892456, ""3"": 0.41308140754699707, ""10"": 0.41735875606536865, ""30"": 0.415341854095459, ""45"": 0.4147360324859619, ""65"": 0.417013555765152, ""90"": 0.41768762469291687}",0.36384302377700806,0.41308139133771865,0.3654285166554779,16416,0.4714199711234515,0.8762492398302412
tirex,electricity_15min,1,L1,block_depth,True,0.08333333333333333,1e-05,False,True,1e-05|0.0001|0.001|0.01|0.1|0.3|1|3|10|30|45|65|90,90.0,1e-05,13,0.01,1.0000000000000001e-07,"mean pinball over (batch, quantiles, horizon)",0.23173539340496063,"{""1e-05"": 0.23173539340496063, ""0.0001"": 0.2324313223361969, ""0.001"": 0.23351553082466125, ""0.01"": 0.23230181634426117, ""0.1"": 0.23209354281425476, ""0.3"": 0.23223887383937836, ""1"": 0.2377147525548935, ""3"": 0.26128295063972473, ""10"": 0.31183016300201416, ""30"": 0.361985981464386, ""45"": 0.37550824880599976, ""65"": 0.39368101954460144, ""90"": 0.4064037501811981}","{""1e-05"": 0.23173539340496063, ""0.0001"": 0.2324313223361969, ""0.001"": 0.23351553082466125, ""0.01"": 0.23230181634426117, ""0.1"": 0.23209354281425476, ""0.3"": 0.23223887383937836, ""1"": 0.2377147525548935, ""3"": 0.26128295063972473, ""10"": 0.31183016300201416, ""30"": 0.361985981464386, ""45"": 0.37550824880599976, ""65"": 0.39368101954460144, ""90"": 0.4064037501811981}",0.20198428630828857,0.23173539314902467,0.2768118759432367,16416,0.4714199711234515,0.4915688925880056
tirex,electricity_15min,2,L2,block_depth,True,0.16666666666666666,1.0,False,False,1e-05|0.0001|0.001|0.01|0.1|0.3|1|3|10|30|45|65|90,90.0,1e-05,13,0.01,0.01,"mean pinball over (batch, quantiles, horizon)",0.20891821384429932,"{""1e-05"": 0.21272334456443787, ""0.0001"": 0.21248678863048553, ""0.001"": 0.21344749629497528, ""0.01"": 0.21232837438583374, ""0.1"": 0.2114446759223938, ""0.3"": 0.21046622097492218, ""1"": 0.20891821384429932, ""3"": 0.21328304708003998, ""10"": 0.23949295282363892, ""30"": 0.2976367175579071, ""45"": 0.32773908972740173, ""65"": 0.3522638976573944, ""90"": 0.3771164119243622}","{""1e-05"": 0.21272334456443787, ""0.0001"": 0.21248678863048553, ""0.001"": 0.21344749629497528, ""0.01"": 0.21232837438583374, ""0.1"": 0.2114446759223938, ""0.3"": 0.21046622097492218, ""1"": 0.20891821384429932, ""3"": 0.21328304708003998, ""10"": 0.23949295282363892, ""30"": 0.2976367175579071, ""45"": 0.32773908972740173, ""65"": 0.3522638976573944, ""90"": 0.3771164119243622}",0.18190231919288635,0.20891821768333893,0.26053634905860623,16416,0.4714199711234515,0.4431679404363401
tirex,electricity_15min,3,L3,block_depth,True,0.25,3.0,False,False,1e-05|0.0001|0.001|0.01|0.1|0.3|1|3|10|30|45|65|90,90.0,1e-05,13,0.01,0.03,"mean pinball over (batch, quantiles, horizon)",0.20838364958763123,"{""1e-05"": 0.2157515436410904, ""0.0001"": 0.2154257744550705, ""0.001"": 0.21515712141990662, ""0.01"": 0.21563400328159332, ""0.1"": 0.21400152146816254, ""0.3"": 0.21211937069892883, ""1"": 0.20880126953125, ""3"": 0.20838364958763123, ""10"": 0.21818165481090546, ""30"": 0.25556784868240356, ""45"": 0.2805308699607849, ""65"": 0.3073527216911316, ""90"": 0.33508509397506714}","{""1e-05"": 0.2157515436410904, ""0.0001"": 0.2154257744550705, ""0.001"": 0.21515712141990662, ""0.01"": 0.21563400328159332, ""0.1"": 0.21400152146816254, ""0.3"": 0.21211937069892883, ""1"": 0.20880126953125, ""3"": 0.20838364958763123, ""10"": 0.21818165481090546, ""30"": 0.25556784868240356, ""45"": 0.2805308699607849, ""65"": 0.3073527216911316, ""90"": 0.33508509397506714}",0.18297423422336578,0.20838364572015428,0.26029054047042177,16416,0.4714199711234515,0.44203397922143717
tirex,electricity_15min,4,L4,block_depth,True,0.3333333333333333,3.0,False,False,1e-05|0.0001|0.001|0.01|0.1|0.3|1|3|10|30|45|65|90,90.0,1e-05,13,0.01,0.03,"mean pinball over (batch, quantiles, horizon)",0.19543756544589996,"{""1e-05"": 0.2046053111553192, ""0.0001"": 0.204489067196846, ""0.001"": 0.20439767837524414, ""0.01"": 0.2043868452310562, ""0.1"": 0.2030562162399292, ""0.3"": 0.20027238130569458, ""1"": 0.19704383611679077, ""3"": 0.19543756544589996, ""10"": 0.19597159326076508, ""30"": 0.20891152322292328, ""45"": 0.22786323726177216, ""65"": 0.25448089838027954, ""90"": 0.2897603213787079}","{""1e-05"": 0.2046053111553192, ""0.0001"": 0.204489067196846, ""0.001"": 0.20439767837524414, ""0.01"": 0.2043868452310562, ""0.1"": 0.2030562162399292, ""0.3"": 0.20027238130569458, ""1"": 0.19704383611679077, ""3"": 0.19543756544589996, ""10"": 0.19597159326076508, ""30"": 0.20891152322292328, ""45"": 0.22786323726177216, ""65"": 0.25448089838027954, ""90"": 0.2897603213787079}",0.17157846689224243,0.1954375772616108,0.2500068590272474,16416,0.4714199711234515,0.41457212089648876
tirex,electricity_15min,5,L5,block_depth,True,0.4166666666666667,3.0,False,False,1e-05|0.0001|0.001|0.01|0.1|0.3|1|3|10|30|45|65|90,90.0,1e-05,13,0.01,0.03,"mean pinball over (batch, quantiles, horizon)",0.2003621757030487,"{""1e-05"": 0.2098691612482071, ""0.0001"": 0.21008679270744324, ""0.001"": 0.20976749062538147, ""0.01"": 0.20962564647197723, ""0.1"": 0.2086140662431717, ""0.3"": 0.20669177174568176, ""1"": 0.2023734152317047, ""3"": 0.2003621757030487, ""10"": 0.2073536366224289, ""30"": 0.2239772081375122, ""45"": 0.23879125714302063, ""65"": 0.2616145610809326, ""90"": 0.2902197241783142}","{""1e-05"": 0.2098691612482071, ""0.0001"": 0.21008679270744324, ""0.001"": 0.20976749062538147, ""0.01"": 0.20962564647197723, ""0.1"": 0.2086140662431717, ""0.3"": 0.20669177174568176, ""1"": 0.2023734152317047, ""3"": 0.2003621757030487, ""10"": 0.2073536366224289, ""30"": 0.2239772081375122, ""45"": 0.23879125714302063, ""65"": 0.2616145610809326, ""90"": 0.2902197241783142}",0.16766256093978882,0.20036217403946488,0.2490149244438601,16416,0.4714199711234515,0.4250184258464428
tirex,electricity_15min,6,L6,block_depth,True,0.5,10.0,False,False,1e-05|0.0001|0.001|0.01|0.1|0.3|1|3|10|30|45|65|90,90.0,1e-05,13,0.01,0.1,"mean pinball over (batch, quantiles, horizon)",0.20892558991909027,"{""1e-05"": 0.2255190759897232, ""0.0001"": 0.22556351125240326, ""0.001"": 0.2251153290271759, ""0.01"": 0.22543279826641083, ""0.1"": 0.22303323447704315, ""0.3"": 0.2211911678314209, ""1"": 0.21605908870697021, ""3"": 0.21132665872573853, ""10"": 0.20892558991909027, ""30"": 0.21345525979995728, ""45"": 0.2214382439851761, ""65"": 0.23359425365924835, ""90"": 0.254084050655365}","{""1e-05"": 0.2255190759897232, ""0.0001"": 0.22556351125240326, ""0.001"": 0.2251153290271759, ""0.01"": 0.22543279826641083, ""0.1"": 0.22303323447704315, ""0.3"": 0.2211911678314209, ""1"": 0.21605908870697021, ""3"": 0.21132665872573853, ""10"": 0.20892558991909027, ""30"": 0.21345525979995728, ""45"": 0.2214382439851761, ""65"": 0.23359425365924835, ""90"": 0.254084050655365}",0.16953858733177185,0.20892558317944293,0.24678771550418765,16416,0.4714199711234515,0.44318356450098556
tirex,electricity_15min,7,L7,block_depth,True,0.5833333333333334,10.0,False,False,1e-05|0.0001|0.001|0.01|0.1|0.3|1|3|10|30|45|65|90,90.0,1e-05,13,0.01,0.1,"mean pinball over (batch, quantiles, horizon)",0.20775647461414337,"{""1e-05"": 0.2169065922498703, ""0.0001"": 0.21708998084068298, ""0.001"": 0.21738150715827942, ""0.01"": 0.21673886477947235, ""0.1"": 0.2157444804906845, ""0.3"": 0.21362966299057007, ""1"": 0.20974193513393402, ""3"": 0.20790021121501923, ""10"": 0.20775647461414337, ""30"": 0.2153947800397873, ""45"": 0.22299309074878693, ""65"": 0.23383718729019165, ""90"": 0.2509705126285553}","{""1e-05"": 0.2169065922498703, ""0.0001"": 0.21708998084068298, ""0.001"": 0.21738150715827942, ""0.01"": 0.21673886477947235, ""0.1"": 0.2157444804906845, ""0.3"": 0.21362966299057007, ""1"": 0.20974193513393402, ""3"": 0.20790021121501923, ""10"": 0.20775647461414337, ""30"": 0.2153947800397873, ""45"": 0.22299309074878693, ""65"": 0.23383718729019165, ""90"": 0.2509705126285553}",0.16629746556282043,0.20775647017791982,0.2564692865516848,16416,0.4714199711234515,0.4407035825886008
tirex,electricity_15min,8,L8,block_depth,True,0.6666666666666666,10.0,False,False,1e-05|0.0001|0.001|0.01|0.1|0.3|1|3|10|30|45|65|90,90.0,1e-05,13,0.01,0.1,"mean pinball over (batch, quantiles, horizon)",0.1941342055797577,"{""1e-05"": 0.20797009766101837, ""0.0001"": 0.20850418508052826, ""0.001"": 0.20782802999019623, ""0.01"": 0.20772100985050201, ""0.1"": 0.20631228387355804, ""0.3"": 0.20438119769096375, ""1"": 0.1994335651397705, ""3"": 0.19553937017917633, ""10"": 0.1941342055797577, ""30"": 0.19783887267112732, ""45"": 0.2022579312324524, ""65"": 0.21010679006576538, ""90"": 0.2228081077337265}","{""1e-05"": 0.20797009766101837, ""0.0001"": 0.20850418508052826, ""0.001"": 0.20782802999019623, ""0.01"": 0.20772100985050201, ""0.1"": 0.20631228387355804, ""0.3"": 0.20438119769096375, ""1"": 0.1994335651397705, ""3"": 0.19553937017917633, ""10"": 0.1941342055797577, ""30"": 0.19783887267112732, ""45"": 0.2022579312324524, ""65"": 0.21010679006576538, ""90"": 0.2228081077337265}",0.16074208915233612,0.19413421937186298,0.26509687335777826,16416,0.4714199711234515,0.41180737190496486
tirex,electricity_15min,9,L9,block_depth,True,0.75,10.0,False,False,1e-05|0.0001|0.001|0.01|0.1|0.3|1|3|10|30|45|65|90,90.0,1e-05,13,0.01,0.1,"mean pinball over (batch, quantiles, horizon)",0.18735820055007935,"{""1e-05"": 0.19901062548160553, ""0.0001"": 0.20012521743774414, ""0.001"": 0.19847412407398224, ""0.01"": 0.19922396540641785, ""0.1"": 0.198231503367424, ""0.3"": 0.19627325236797333, ""1"": 0.1917192041873932, ""3"": 0.18880681693553925, ""10"": 0.18735820055007935, ""30"": 0.19256557524204254, ""45"": 0.1971147209405899, ""65"": 0.20561932027339935, ""90"": 0.219528466463089}","{""1e-05"": 0.19901062548160553, ""0.0001"": 0.20012521743774414, ""0.001"": 0.19847412407398224, ""0.01"": 0.19922396540641785, ""0.1"": 0.198231503367424, ""0.3"": 0.19627325236797333, ""1"": 0.1917192041873932, ""3"": 0.18880681693553925, ""10"": 0.18735820055007935, ""30"": 0.19256557524204254, ""45"": 0.1971147209405899, ""65"": 0.20561932027339935, ""90"": 0.219528466463089}",0.15269538760185242,0.18735821003392908,0.25918897107698535,16416,0.4714199711234515,0.3974337565450007
tirex,electricity_15min,10,L10,block_depth,True,0.8333333333333334,10.0,False,False,1e-05|0.0001|0.001|0.01|0.1|0.3|1|3|10|30|45|65|90,90.0,1e-05,13,0.01,0.1,"mean pinball over (batch, quantiles, horizon)",0.1776193380355835,"{""1e-05"": 0.18763449788093567, ""0.0001"": 0.18852344155311584, ""0.001"": 0.18819274008274078, ""0.01"": 0.1876663714647293, ""0.1"": 0.1867368221282959, ""0.3"": 0.18461325764656067, ""1"": 0.18077795207500458, ""3"": 0.1779652088880539, ""10"": 0.1776193380355835, ""30"": 0.18259459733963013, ""45"": 0.18717053532600403, ""65"": 0.19355624914169312, ""90"": 0.20721881091594696}","{""1e-05"": 0.18763449788093567, ""0.0001"": 0.18852344155311584, ""0.001"": 0.18819274008274078, ""0.01"": 0.1876663714647293, ""0.1"": 0.1867368221282959, ""0.3"": 0.18461325764656067, ""1"": 0.18077795207500458, ""3"": 0.1779652088880539, ""10"": 0.1776193380355835, ""30"": 0.18259459733963013, ""45"": 0.18717053532600403, ""65"": 0.19355624914169312, ""90"": 0.20721881091594696}",0.1490669697523117,0.17761933216327475,0.2524597727842913,16416,0.4714199711234515,0.37677515388239946
tirex,electricity_15min,11,L11,block_depth,True,0.9166666666666666,3.0,False,False,1e-05|0.0001|0.001|0.01|0.1|0.3|1|3|10|30|45|65|90,90.0,1e-05,13,0.01,0.03,"mean pinball over (batch, quantiles, horizon)",0.17384013533592224,"{""1e-05"": 0.18069538474082947, ""0.0001"": 0.1808209866285324, ""0.001"": 0.18115033209323883, ""0.01"": 0.1811857968568802, ""0.1"": 0.18000707030296326, ""0.3"": 0.17818273603916168, ""1"": 0.1761779487133026, ""3"": 0.17384013533592224, ""10"": 0.17443248629570007, ""30"": 0.18019840121269226, ""45"": 0.18421225249767303, ""65"": 0.1917911022901535, ""90"": 0.20621329545974731}","{""1e-05"": 0.18069538474082947, ""0.0001"": 0.1808209866285324, ""0.001"": 0.18115033209323883, ""0.01"": 0.1811857968568802, ""0.1"": 0.18000707030296326, ""0.3"": 0.17818273603916168, ""1"": 0.1761779487133026, ""3"": 0.17384013533592224, ""10"": 0.17443248629570007, ""30"": 0.18019840121269226, ""45"": 0.18421225249767303, ""65"": 0.1917911022901535, ""90"": 0.20621329545974731}",0.14039045572280884,0.1738401337576504,0.2483322650961976,16416,0.4714199711234515,0.36875852616801125
tirex,electricity_15min,12,L12,block_depth,True,1.0,10.0,False,False,1e-05|0.0001|0.001|0.01|0.1|0.3|1|3|10|30|45|65|90,90.0,1e-05,13,0.01,0.1,"mean pinball over (batch, quantiles, horizon)",0.17475305497646332,"{""1e-05"": 0.18246884644031525, ""0.0001"": 0.1822563260793686, ""0.001"": 0.18280190229415894, ""0.01"": 0.18264593183994293, ""0.1"": 0.18184255063533783, ""0.3"": 0.18057024478912354, ""1"": 0.17827719449996948, ""3"": 0.1764550358057022, ""10"": 0.17475305497646332, ""30"": 0.17877990007400513, ""45"": 0.18314865231513977, ""65"": 0.1908860206604004, ""90"": 0.2009332925081253}","{""1e-05"": 0.18246884644031525, ""0.0001"": 0.1822563260793686, ""0.001"": 0.18280190229415894, ""0.01"": 0.18264593183994293, ""0.1"": 0.18184255063533783, ""0.3"": 0.18057024478912354, ""1"": 0.17827719449996948, ""3"": 0.1764550358057022, ""10"": 0.17475305497646332, ""30"": 0.17877990007400513, ""45"": 0.18314865231513977, ""65"": 0.1908860206604004, ""90"": 0.2009332925081253}",0.1435832977294922,0.17475306012362013,0.24398353230919093,16416,0.4714199711234515,0.3706950719698238
tirex,electricity_15min,13,L12+RMS,head_input_diagnostic,False,,10.0,False,False,1e-05|0.0001|0.001|0.01|0.1|0.3|1|3|10|30|45|65|90,90.0,1e-05,13,0.01,0.1,"mean pinball over (batch, quantiles, horizon)",0.16756875813007355,"{""1e-05"": 0.1764748990535736, ""0.0001"": 0.1773206889629364, ""0.001"": 0.17660632729530334, ""0.01"": 0.17671599984169006, ""0.1"": 0.17634858191013336, ""0.3"": 0.17438803613185883, ""1"": 0.17177541553974152, ""3"": 0.1687658429145813, ""10"": 0.16756875813007355, ""30"": 0.1728954166173935, ""45"": 0.17783915996551514, ""65"": 0.1850930154323578, ""90"": 0.1983274668455124}","{""1e-05"": 0.1764748990535736, ""0.0001"": 0.1773206889629364, ""0.001"": 0.17660632729530334, ""0.01"": 0.17671599984169006, ""0.1"": 0.17634858191013336, ""0.3"": 0.17438803613185883, ""1"": 0.17177541553974152, ""3"": 0.1687658429145813, ""10"": 0.16756875813007355, ""30"": 0.1728954166173935, ""45"": 0.17783915996551514, ""65"": 0.1850930154323578, ""90"": 0.1983274668455124}",0.14044050872325897,0.16756875313932204,0.2424411944376717,16416,0.4714199711234515,0.35545535489297403
tirex,SZ_TAXI_15T,0,Emb,block_depth,True,0.0,30.0,False,False,1e-05|0.0001|0.001|0.01|0.1|0.3|1|3|10|30|45|65|90,90.0,1e-05,13,0.01,0.3,"mean pinball over (batch, quantiles, horizon)",0.3723507523536682,"{""1e-05"": 0.377958208322525, ""0.0001"": 0.3783458471298218, ""0.001"": 0.3780885934829712, ""0.01"": 0.3769819736480713, ""0.1"": 0.3770844340324402, ""0.3"": 0.37701597809791565, ""1"": 0.37480148673057556, ""3"": 0.3744317889213562, ""10"": 0.37436631321907043, ""30"": 0.3723507523536682, ""45"": 0.3736768066883087, ""65"": 0.3731900155544281, ""90"": 0.37296926975250244}","{""1e-05"": 0.377958208322525, ""0.0001"": 0.3783458471298218, ""0.001"": 0.3780885934829712, ""0.01"": 0.3769819736480713, ""0.1"": 0.3770844340324402, ""0.3"": 0.37701597809791565, ""1"": 0.37480148673057556, ""3"": 0.3744317889213562, ""10"": 0.37436631321907043, ""30"": 0.3723507523536682, ""45"": 0.3736768066883087, ""65"": 0.3731900155544281, ""90"": 0.37296926975250244}",0.3638719320297241,0.3723507313869702,0.41306218571769887,16416,0.37570674621906036,0.9910674618812052
tirex,SZ_TAXI_15T,1,L1,block_depth,True,0.08333333333333333,10.0,False,False,1e-05|0.0001|0.001|0.01|0.1|0.3|1|3|10|30|45|65|90,90.0,1e-05,13,0.01,0.1,"mean pinball over (batch, quantiles, horizon)",0.36899879574775696,"{""1e-05"": 0.3810930550098419, ""0.0001"": 0.38124245405197144, ""0.001"": 0.380874902009964, ""0.01"": 0.3804672360420227, ""0.1"": 0.37995702028274536, ""0.3"": 0.37635892629623413, ""1"": 0.3725600242614746, ""3"": 0.3693222105503082, ""10"": 0.36899879574775696, ""30"": 0.37063321471214294, ""45"": 0.3698106110095978, ""65"": 0.37110480666160583, ""90"": 0.3755200207233429}","{""1e-05"": 0.3810930550098419, ""0.0001"": 0.38124245405197144, ""0.001"": 0.380874902009964, ""0.01"": 0.3804672360420227, ""0.1"": 0.37995702028274536, ""0.3"": 0.37635892629623413, ""1"": 0.3725600242614746, ""3"": 0.3693222105503082, ""10"": 0.36899879574775696, ""30"": 0.37063321471214294, ""45"": 0.3698106110095978, ""65"": 0.37110480666160583, ""90"": 0.3755200207233429}",0.3408972918987274,0.36899878648229134,0.4043046543613458,16416,0.37570674621906036,0.9821457564862094
tirex,SZ_TAXI_15T,2,L2,block_depth,True,0.16666666666666666,65.0,False,False,1e-05|0.0001|0.001|0.01|0.1|0.3|1|3|10|30|45|65|90,90.0,1e-05,13,0.01,0.65,"mean pinball over (batch, quantiles, horizon)",0.3685319125652313,"{""1e-05"": 0.388672411441803, ""0.0001"": 0.3882672190666199, ""0.001"": 0.38852638006210327, ""0.01"": 0.3875424861907959, ""0.1"": 0.3858042061328888, ""0.3"": 0.38276511430740356, ""1"": 0.377509742975235, ""3"": 0.3715422749519348, ""10"": 0.36935555934906006, ""30"": 0.36878088116645813, ""45"": 0.36864355206489563, ""65"": 0.3685319125652313, ""90"": 0.3715027868747711}","{""1e-05"": 0.388672411441803, ""0.0001"": 0.3882672190666199, ""0.001"": 0.38852638006210327, ""0.01"": 0.3875424861907959, ""0.1"": 0.3858042061328888, ""0.3"": 0.38276511430740356, ""1"": 0.377509742975235, ""3"": 0.3715422749519348, ""10"": 0.36935555934906006, ""30"": 0.36878088116645813, ""45"": 0.36864355206489563, ""65"": 0.3685319125652313, ""90"": 0.3715027868747711}",0.3468804955482483,0.36853192589030814,0.4060718048459444,16416,0.37570674621906036,0.9809031368189252
tirex,SZ_TAXI_15T,3,L3,block_depth,True,0.25,45.0,False,False,1e-05|0.0001|0.001|0.01|0.1|0.3|1|3|10|30|45|65|90,90.0,1e-05,13,0.01,0.45,"mean pinball over (batch, quantiles, horizon)",0.3668450117111206,"{""1e-05"": 0.3897579312324524, ""0.0001"": 0.3892245590686798, ""0.001"": 0.3894761800765991, ""0.01"": 0.3896156847476959, ""0.1"": 0.38730236887931824, ""0.3"": 0.38415542244911194, ""1"": 0.37908217310905457, ""3"": 0.37229782342910767, ""10"": 0.3688583970069885, ""30"": 0.3669987618923187, ""45"": 0.3668450117111206, ""65"": 0.36711689829826355, ""90"": 0.36872681975364685}","{""1e-05"": 0.3897579312324524, ""0.0001"": 0.3892245590686798, ""0.001"": 0.3894761800765991, ""0.01"": 0.3896156847476959, ""0.1"": 0.38730236887931824, ""0.3"": 0.38415542244911194, ""1"": 0.37908217310905457, ""3"": 0.37229782342910767, ""10"": 0.3688583970069885, ""30"": 0.3669987618923187, ""45"": 0.3668450117111206, ""65"": 0.36711689829826355, ""90"": 0.36872681975364685}",0.3373902142047882,0.36684501610505277,0.40405716479588777,16416,0.37570674621906036,0.9764131727652272
tirex,SZ_TAXI_15T,4,L4,block_depth,True,0.3333333333333333,45.0,False,False,1e-05|0.0001|0.001|0.01|0.1|0.3|1|3|10|30|45|65|90,90.0,1e-05,13,0.01,0.45,"mean pinball over (batch, quantiles, horizon)",0.36317938566207886,"{""1e-05"": 0.394671231508255, ""0.0001"": 0.3945057690143585, ""0.001"": 0.39478933811187744, ""0.01"": 0.3942587971687317, ""0.1"": 0.39271512627601624, ""0.3"": 0.38947364687919617, ""1"": 0.3813568949699402, ""3"": 0.3728911280632019, ""10"": 0.36789482831954956, ""30"": 0.3642241954803467, ""45"": 0.36317938566207886, ""65"": 0.36351296305656433, ""90"": 0.3648586869239807}","{""1e-05"": 0.394671231508255, ""0.0001"": 0.3945057690143585, ""0.001"": 0.39478933811187744, ""0.01"": 0.3942587971687317, ""0.1"": 0.39271512627601624, ""0.3"": 0.38947364687919617, ""1"": 0.3813568949699402, ""3"": 0.3728911280632019, ""10"": 0.36789482831954956, ""30"": 0.3642241954803467, ""45"": 0.36317938566207886, ""65"": 0.36351296305656433, ""90"": 0.3648586869239807}",0.32930228114128113,0.36317940548253363,0.40396085314643687,16416,0.37570674621906036,0.966656598896357
tirex,SZ_TAXI_15T,5,L5,block_depth,True,0.4166666666666667,65.0,False,False,1e-05|0.0001|0.001|0.01|0.1|0.3|1|3|10|30|45|65|90,90.0,1e-05,13,0.01,0.65,"mean pinball over (batch, quantiles, horizon)",0.36289364099502563,"{""1e-05"": 0.40373989939689636, ""0.0001"": 0.40338319540023804, ""0.001"": 0.40383437275886536, ""0.01"": 0.40283507108688354, ""0.1"": 0.40064483880996704, ""0.3"": 0.39672303199768066, ""1"": 0.3886245787143707, ""3"": 0.3786429464817047, ""10"": 0.36916595697402954, ""30"": 0.364803671836853, ""45"": 0.36366480588912964, ""65"": 0.36289364099502563, ""90"": 0.36435064673423767}","{""1e-05"": 0.40373989939689636, ""0.0001"": 0.40338319540023804, ""0.001"": 0.40383437275886536, ""0.01"": 0.40283507108688354, ""0.1"": 0.40064483880996704, ""0.3"": 0.39672303199768066, ""1"": 0.3886245787143707, ""3"": 0.3786429464817047, ""10"": 0.36916595697402954, ""30"": 0.364803671836853, ""45"": 0.36366480588912964, ""65"": 0.36289364099502563, ""90"": 0.36435064673423767}",0.33083102107048035,0.36289363789061707,0.4022311209104,16416,0.37570674621906036,0.9658959854796633
tirex,SZ_TAXI_15T,6,L6,block_depth,True,0.5,65.0,False,False,1e-05|0.0001|0.001|0.01|0.1|0.3|1|3|10|30|45|65|90,90.0,1e-05,13,0.01,0.65,"mean pinball over (batch, quantiles, horizon)",0.36184072494506836,"{""1e-05"": 0.40343034267425537, ""0.0001"": 0.4031330943107605, ""0.001"": 0.402471661567688, ""0.01"": 0.4031106233596802, ""0.1"": 0.40048500895500183, ""0.3"": 0.39682313799858093, ""1"": 0.3887992203235626, ""3"": 0.3787635862827301, ""10"": 0.3690277636051178, ""30"": 0.36320918798446655, ""45"": 0.3623180091381073, ""65"": 0.36184072494506836, ""90"": 0.36364293098449707}","{""1e-05"": 0.40343034267425537, ""0.0001"": 0.4031330943107605, ""0.001"": 0.402471661567688, ""0.01"": 0.4031106233596802, ""0.1"": 0.40048500895500183, ""0.3"": 0.39682313799858093, ""1"": 0.3887992203235626, ""3"": 0.3787635862827301, ""10"": 0.3690277636051178, ""30"": 0.36320918798446655, ""45"": 0.3623180091381073, ""65"": 0.36184072494506836, ""90"": 0.36364293098449707}",0.3271580636501312,0.361840701303803,0.39780845216069466,16416,0.37570674621906036,0.9630934364240227
tirex,SZ_TAXI_15T,7,L7,block_depth,True,0.5833333333333334,65.0,False,False,1e-05|0.0001|0.001|0.01|0.1|0.3|1|3|10|30|45|65|90,90.0,1e-05,13,0.01,0.65,"mean pinball over (batch, quantiles, horizon)",0.3608306050300598,"{""1e-05"": 0.40021246671676636, ""0.0001"": 0.39981430768966675, ""0.001"": 0.40044859051704407, ""0.01"": 0.3996337950229645, ""0.1"": 0.39745640754699707, ""0.3"": 0.3933064937591553, ""1"": 0.3843124508857727, ""3"": 0.3754809498786926, ""10"": 0.36657747626304626, ""30"": 0.3622051775455475, ""45"": 0.36115318536758423, ""65"": 0.3608306050300598, ""90"": 0.3620486259460449}","{""1e-05"": 0.40021246671676636, ""0.0001"": 0.39981430768966675, ""0.001"": 0.40044859051704407, ""0.01"": 0.3996337950229645, ""0.1"": 0.39745640754699707, ""0.3"": 0.3933064937591553, ""1"": 0.3843124508857727, ""3"": 0.3754809498786926, ""10"": 0.36657747626304626, ""30"": 0.3622051775455475, ""45"": 0.36115318536758423, ""65"": 0.3608306050300598, ""90"": 0.3620486259460449}",0.3277198374271393,0.36083059614667523,0.3981770801429565,16416,0.37570674621906036,0.9604048896590444
tirex,SZ_TAXI_15T,8,L8,block_depth,True,0.6666666666666666,45.0,False,False,1e-05|0.0001|0.001|0.01|0.1|0.3|1|3|10|30|45|65|90,90.0,1e-05,13,0.01,0.45,"mean pinball over (batch, quantiles, horizon)",0.3582356870174408,"{""1e-05"": 0.39588919281959534, ""0.0001"": 0.3953915238380432, ""0.001"": 0.39520755410194397, ""0.01"": 0.39570707082748413, ""0.1"": 0.393195241689682, ""0.3"": 0.38858258724212646, ""1"": 0.38000860810279846, ""3"": 0.3717796802520752, ""10"": 0.36421117186546326, ""30"": 0.35930758714675903, ""45"": 0.3582356870174408, ""65"": 0.3590357303619385, ""90"": 0.3605566918849945}","{""1e-05"": 0.39588919281959534, ""0.0001"": 0.3953915238380432, ""0.001"": 0.39520755410194397, ""0.01"": 0.39570707082748413, ""0.1"": 0.393195241689682, ""0.3"": 0.38858258724212646, ""1"": 0.38000860810279846, ""3"": 0.3717796802520752, ""10"": 0.36421117186546326, ""30"": 0.35930758714675903, ""45"": 0.3582356870174408, ""65"": 0.3590357303619385, ""90"": 0.3605566918849945}",0.322252094745636,0.3582356675313069,0.39540514732018495,16416,0.37570674621906036,0.9534980969504159
tirex,SZ_TAXI_15T,9,L9,block_depth,True,0.75,65.0,False,False,1e-05|0.0001|0.001|0.01|0.1|0.3|1|3|10|30|45|65|90,90.0,1e-05,13,0.01,0.65,"mean pinball over (batch, quantiles, horizon)",0.35757148265838623,"{""1e-05"": 0.38894569873809814, ""0.0001"": 0.3894653618335724, ""0.001"": 0.3896312415599823, ""0.01"": 0.38958436250686646, ""0.1"": 0.38742324709892273, ""0.3"": 0.38398656249046326, ""1"": 0.37786680459976196, ""3"": 0.3688187599182129, ""10"": 0.36233991384506226, ""30"": 0.35763314366340637, ""45"": 0.3576313555240631, ""65"": 0.35757148265838623, ""90"": 0.35820272564888}","{""1e-05"": 0.38894569873809814, ""0.0001"": 0.3894653618335724, ""0.001"": 0.3896312415599823, ""0.01"": 0.38958436250686646, ""0.1"": 0.38742324709892273, ""0.3"": 0.38398656249046326, ""1"": 0.37786680459976196, ""3"": 0.3688187599182129, ""10"": 0.36233991384506226, ""30"": 0.35763314366340637, ""45"": 0.3576313555240631, ""65"": 0.35757148265838623, ""90"": 0.35820272564888}",0.3259281814098358,0.35757147463468403,0.3957408285484864,16416,0.37570674621906036,0.9517302476815193
tirex,SZ_TAXI_15T,10,L10,block_depth,True,0.8333333333333334,65.0,False,False,1e-05|0.0001|0.001|0.01|0.1|0.3|1|3|10|30|45|65|90,90.0,1e-05,13,0.01,0.65,"mean pinball over (batch, quantiles, horizon)",0.35725128650665283,"{""1e-05"": 0.39104780554771423, ""0.0001"": 0.39141836762428284, ""0.001"": 0.391254186630249, ""0.01"": 0.39132097363471985, ""0.1"": 0.3893050253391266, ""0.3"": 0.38573962450027466, ""1"": 0.3781388998031616, ""3"": 0.3698897659778595, ""10"": 0.3622628152370453, ""30"": 0.3576640188694, ""45"": 0.35767051577568054, ""65"": 0.35725128650665283, ""90"": 0.3584177494049072}","{""1e-05"": 0.39104780554771423, ""0.0001"": 0.39141836762428284, ""0.001"": 0.391254186630249, ""0.01"": 0.39132097363471985, ""0.1"": 0.3893050253391266, ""0.3"": 0.38573962450027466, ""1"": 0.3781388998031616, ""3"": 0.3698897659778595, ""10"": 0.3622628152370453, ""30"": 0.3576640188694, ""45"": 0.35767051577568054, ""65"": 0.35725128650665283, ""90"": 0.3584177494049072}",0.3249874711036682,0.3572512788172716,0.3965416761736075,16416,0.37570674621906036,0.9508779983657039
tirex,SZ_TAXI_15T,11,L11,block_depth,True,0.9166666666666666,45.0,False,False,1e-05|0.0001|0.001|0.01|0.1|0.3|1|3|10|30|45|65|90,90.0,1e-05,13,0.01,0.45,"mean pinball over (batch, quantiles, horizon)",0.35578301548957825,"{""1e-05"": 0.39568573236465454, ""0.0001"": 0.39540985226631165, ""0.001"": 0.3943961262702942, ""0.01"": 0.3948846161365509, ""0.1"": 0.3927667737007141, ""0.3"": 0.38924360275268555, ""1"": 0.38003525137901306, ""3"": 0.370495080947876, ""10"": 0.362214595079422, ""30"": 0.3563278019428253, ""45"": 0.35578301548957825, ""65"": 0.3560788035392761, ""90"": 0.35669615864753723}","{""1e-05"": 0.39568573236465454, ""0.0001"": 0.39540985226631165, ""0.001"": 0.3943961262702942, ""0.01"": 0.3948846161365509, ""0.1"": 0.3927667737007141, ""0.3"": 0.38924360275268555, ""1"": 0.38003525137901306, ""3"": 0.370495080947876, ""10"": 0.362214595079422, ""30"": 0.3563278019428253, ""45"": 0.35578301548957825, ""65"": 0.3560788035392761, ""90"": 0.35669615864753723}",0.3194665312767029,0.3557830212207941,0.3946676600055817,16416,0.37570674621906036,0.9469700099911181
tirex,SZ_TAXI_15T,12,L12,block_depth,True,1.0,45.0,False,False,1e-05|0.0001|0.001|0.01|0.1|0.3|1|3|10|30|45|65|90,90.0,1e-05,13,0.01,0.45,"mean pinball over (batch, quantiles, horizon)",0.3553171753883362,"{""1e-05"": 0.3903675377368927, ""0.0001"": 0.39062249660491943, ""0.001"": 0.3907579183578491, ""0.01"": 0.38956549763679504, ""0.1"": 0.38792693614959717, ""0.3"": 0.384873628616333, ""1"": 0.37722593545913696, ""3"": 0.36878496408462524, ""10"": 0.361472487449646, ""30"": 0.3564273416996002, ""45"": 0.3553171753883362, ""65"": 0.35540005564689636, ""90"": 0.3559929132461548}","{""1e-05"": 0.3903675377368927, ""0.0001"": 0.39062249660491943, ""0.001"": 0.3907579183578491, ""0.01"": 0.38956549763679504, ""0.1"": 0.38792693614959717, ""0.3"": 0.384873628616333, ""1"": 0.37722593545913696, ""3"": 0.36878496408462524, ""10"": 0.361472487449646, ""30"": 0.3564273416996002, ""45"": 0.3553171753883362, ""65"": 0.35540005564689636, ""90"": 0.3559929132461548}",0.3202930986881256,0.35531716488110715,0.3928501586883496,16416,0.37570674621906036,0.9457300632923296
tirex,SZ_TAXI_15T,13,L12+RMS,head_input_diagnostic,False,,45.0,False,False,1e-05|0.0001|0.001|0.01|0.1|0.3|1|3|10|30|45|65|90,90.0,1e-05,13,0.01,0.45,"mean pinball over (batch, quantiles, horizon)",0.3556393086910248,"{""1e-05"": 0.40061062574386597, ""0.0001"": 0.4002982974052429, ""0.001"": 0.40066108107566833, ""0.01"": 0.40002763271331787, ""0.1"": 0.3977200388908386, ""0.3"": 0.39279839396476746, ""1"": 0.3825961649417877, ""3"": 0.37151768803596497, ""10"": 0.3621406555175781, ""30"": 0.35737136006355286, ""45"": 0.3556393086910248, ""65"": 0.35599982738494873, ""90"": 0.3570943772792816}","{""1e-05"": 0.40061062574386597, ""0.0001"": 0.4002982974052429, ""0.001"": 0.40066108107566833, ""0.01"": 0.40002763271331787, ""0.1"": 0.3977200388908386, ""0.3"": 0.39279839396476746, ""1"": 0.3825961649417877, ""3"": 0.37151768803596497, ""10"": 0.3621406555175781, ""30"": 0.35737136006355286, ""45"": 0.3556393086910248, ""65"": 0.35599982738494873, ""90"": 0.3570943772792816}",0.31802019476890564,0.35563930126432425,0.39221526968937653,16416,0.37570674621906036,0.9465874777158365
tirex,monash_london_smart_meters,0,Emb,block_depth,True,0.0,1.0,False,False,1e-05|0.0001|0.001|0.01|0.1|0.3|1|3|10|30|45|65|90,90.0,1e-05,13,0.01,0.01,"mean pinball over (batch, quantiles, horizon)",0.34192442893981934,"{""1e-05"": 0.34342265129089355, ""0.0001"": 0.3428291976451874, ""0.001"": 0.34281980991363525, ""0.01"": 0.34344908595085144, ""0.1"": 0.3434390127658844, ""0.3"": 0.3422130048274994, ""1"": 0.34192442893981934, ""3"": 0.34216657280921936, ""10"": 0.3426806926727295, ""30"": 0.34340864419937134, ""45"": 0.34287604689598083, ""65"": 0.34385669231414795, ""90"": 0.34485411643981934}","{""1e-05"": 0.34342265129089355, ""0.0001"": 0.3428291976451874, ""0.001"": 0.34281980991363525, ""0.01"": 0.34344908595085144, ""0.1"": 0.3434390127658844, ""0.3"": 0.3422130048274994, ""1"": 0.34192442893981934, ""3"": 0.34216657280921936, ""10"": 0.3426806926727295, ""30"": 0.34340864419937134, ""45"": 0.34287604689598083, ""65"": 0.34385669231414795, ""90"": 0.34485411643981934}",0.3026188611984253,0.3419243889284953,0.30072369776268043,16416,0.35615007765591145,0.9600570388162036
tirex,monash_london_smart_meters,1,L1,block_depth,True,0.08333333333333333,3.0,False,False,1e-05|0.0001|0.001|0.01|0.1|0.3|1|3|10|30|45|65|90,90.0,1e-05,13,0.01,0.03,"mean pinball over (batch, quantiles, horizon)",0.3179387152194977,"{""1e-05"": 0.3216235339641571, ""0.0001"": 0.32182255387306213, ""0.001"": 0.32174021005630493, ""0.01"": 0.32082241773605347, ""0.1"": 0.32009607553482056, ""0.3"": 0.31966474652290344, ""1"": 0.31821006536483765, ""3"": 0.3179387152194977, ""10"": 0.319132000207901, ""30"": 0.32367873191833496, ""45"": 0.32663145661354065, ""65"": 0.33053258061408997, ""90"": 0.33456847071647644}","{""1e-05"": 0.3216235339641571, ""0.0001"": 0.32182255387306213, ""0.001"": 0.32174021005630493, ""0.01"": 0.32082241773605347, ""0.1"": 0.32009607553482056, ""0.3"": 0.31966474652290344, ""1"": 0.31821006536483765, ""3"": 0.3179387152194977, ""10"": 0.319132000207901, ""30"": 0.32367873191833496, ""45"": 0.32663145661354065, ""65"": 0.33053258061408997, ""90"": 0.33456847071647644}",0.2699669599533081,0.31793869157385735,0.2722881718304094,16416,0.35615007765591145,0.8927098757536384
tirex,monash_london_smart_meters,2,L2,block_depth,True,0.16666666666666666,10.0,False,False,1e-05|0.0001|0.001|0.01|0.1|0.3|1|3|10|30|45|65|90,90.0,1e-05,13,0.01,0.1,"mean pinball over (batch, quantiles, horizon)",0.30911973118782043,"{""1e-05"": 0.31644299626350403, ""0.0001"": 0.31673839688301086, ""0.001"": 0.31731921434402466, ""0.01"": 0.3167882561683655, ""0.1"": 0.315696656703949, ""0.3"": 0.31412312388420105, ""1"": 0.3114376366138458, ""3"": 0.30947384238243103, ""10"": 0.30911973118782043, ""30"": 0.3114634156227112, ""45"": 0.3143807351589203, ""65"": 0.31647616624832153, ""90"": 0.32244372367858887}","{""1e-05"": 0.31644299626350403, ""0.0001"": 0.31673839688301086, ""0.001"": 0.31731921434402466, ""0.01"": 0.3167882561683655, ""0.1"": 0.315696656703949, ""0.3"": 0.31412312388420105, ""1"": 0.3114376366138458, ""3"": 0.30947384238243103, ""10"": 0.30911973118782043, ""30"": 0.3114634156227112, ""45"": 0.3143807351589203, ""65"": 0.31647616624832153, ""90"": 0.32244372367858887}",0.2612874209880829,0.30911973587998,0.26144747480124464,16416,0.35615007765591145,0.8679479670888376
tirex,monash_london_smart_meters,3,L3,block_depth,True,0.25,10.0,False,False,1e-05|0.0001|0.001|0.01|0.1|0.3|1|3|10|30|45|65|90,90.0,1e-05,13,0.01,0.1,"mean pinball over (batch, quantiles, horizon)",0.30507853627204895,"{""1e-05"": 0.3167717158794403, ""0.0001"": 0.31686851382255554, ""0.001"": 0.3167702257633209, ""0.01"": 0.31641918420791626, ""0.1"": 0.31553909182548523, ""0.3"": 0.31374475359916687, ""1"": 0.3097226023674011, ""3"": 0.3069758415222168, ""10"": 0.30507853627204895, ""30"": 0.30561700463294983, ""45"": 0.3073298931121826, ""65"": 0.3096485733985901, ""90"": 0.31268835067749023}","{""1e-05"": 0.3167717158794403, ""0.0001"": 0.31686851382255554, ""0.001"": 0.3167702257633209, ""0.01"": 0.31641918420791626, ""0.1"": 0.31553909182548523, ""0.3"": 0.31374475359916687, ""1"": 0.3097226023674011, ""3"": 0.3069758415222168, ""10"": 0.30507853627204895, ""30"": 0.30561700463294983, ""45"": 0.3073298931121826, ""65"": 0.3096485733985901, ""90"": 0.31268835067749023}",0.2548847794532776,0.30507854059452316,0.25829297278559843,16416,0.35615007765591145,0.8566010784062492
tirex,monash_london_smart_meters,4,L4,block_depth,True,0.3333333333333333,10.0,False,False,1e-05|0.0001|0.001|0.01|0.1|0.3|1|3|10|30|45|65|90,90.0,1e-05,13,0.01,0.1,"mean pinball over (batch, quantiles, horizon)",0.3048064708709717,"{""1e-05"": 0.31868186593055725, ""0.0001"": 0.31868425011634827, ""0.001"": 0.31892383098602295, ""0.01"": 0.3189687430858612, ""0.1"": 0.31733664870262146, ""0.3"": 0.3154492676258087, ""1"": 0.311318039894104, ""3"": 0.3074781596660614, ""10"": 0.3048064708709717, ""30"": 0.3049333989620209, ""45"": 0.3058803677558899, ""65"": 0.3073255717754364, ""90"": 0.3089662492275238}","{""1e-05"": 0.31868186593055725, ""0.0001"": 0.31868425011634827, ""0.001"": 0.31892383098602295, ""0.01"": 0.3189687430858612, ""0.1"": 0.31733664870262146, ""0.3"": 0.3154492676258087, ""1"": 0.311318039894104, ""3"": 0.3074781596660614, ""10"": 0.3048064708709717, ""30"": 0.3049333989620209, ""45"": 0.3058803677558899, ""65"": 0.3073255717754364, ""90"": 0.3089662492275238}",0.2513749897480011,0.30480649728925174,0.25899963006945964,16416,0.35615007765591145,0.855837233829654
tirex,monash_london_smart_meters,5,L5,block_depth,True,0.4166666666666667,30.0,False,False,1e-05|0.0001|0.001|0.01|0.1|0.3|1|3|10|30|45|65|90,90.0,1e-05,13,0.01,0.3,"mean pinball over (batch, quantiles, horizon)",0.3058122396469116,"{""1e-05"": 0.3220599889755249, ""0.0001"": 0.32183337211608887, ""0.001"": 0.3214432895183563, ""0.01"": 0.32120105624198914, ""0.1"": 0.32017284631729126, ""0.3"": 0.31812477111816406, ""1"": 0.31337007880210876, ""3"": 0.3094541132450104, ""10"": 0.30627766251564026, ""30"": 0.3058122396469116, ""45"": 0.3074353337287903, ""65"": 0.30853503942489624, ""90"": 0.311027467250824}","{""1e-05"": 0.3220599889755249, ""0.0001"": 0.32183337211608887, ""0.001"": 0.3214432895183563, ""0.01"": 0.32120105624198914, ""0.1"": 0.32017284631729126, ""0.3"": 0.31812477111816406, ""1"": 0.31337007880210876, ""3"": 0.3094541132450104, ""10"": 0.30627766251564026, ""30"": 0.3058122396469116, ""45"": 0.3074353337287903, ""65"": 0.30853503942489624, ""90"": 0.311027467250824}",0.25604134798049927,0.30581220803881876,0.2596154090102392,16416,0.35615007765591145,0.8586610735889666
tirex,monash_london_smart_meters,6,L6,block_depth,True,0.5,10.0,False,False,1e-05|0.0001|0.001|0.01|0.1|0.3|1|3|10|30|45|65|90,90.0,1e-05,13,0.01,0.1,"mean pinball over (batch, quantiles, horizon)",0.3063810467720032,"{""1e-05"": 0.3223637640476227, ""0.0001"": 0.3223073482513428, ""0.001"": 0.32190191745758057, ""0.01"": 0.32195568084716797, ""0.1"": 0.3203892707824707, ""0.3"": 0.3184322714805603, ""1"": 0.31411322951316833, ""3"": 0.30991658568382263, ""10"": 0.3063810467720032, ""30"": 0.30654633045196533, ""45"": 0.30732402205467224, ""65"": 0.30903497338294983, ""90"": 0.31247296929359436}","{""1e-05"": 0.3223637640476227, ""0.0001"": 0.3223073482513428, ""0.001"": 0.32190191745758057, ""0.01"": 0.32195568084716797, ""0.1"": 0.3203892707824707, ""0.3"": 0.3184322714805603, ""1"": 0.31411322951316833, ""3"": 0.30991658568382263, ""10"": 0.3063810467720032, ""30"": 0.30654633045196533, ""45"": 0.30732402205467224, ""65"": 0.30903497338294983, ""90"": 0.31247296929359436}",0.2488069236278534,0.3063810659956386,0.2614003739511694,16416,0.35615007765591145,0.8602583158542608
tirex,monash_london_smart_meters,7,L7,block_depth,True,0.5833333333333334,10.0,False,False,1e-05|0.0001|0.001|0.01|0.1|0.3|1|3|10|30|45|65|90,90.0,1e-05,13,0.01,0.1,"mean pinball over (batch, quantiles, horizon)",0.3056905269622803,"{""1e-05"": 0.3235626518726349, ""0.0001"": 0.3236750662326813, ""0.001"": 0.32355257868766785, ""0.01"": 0.3237805664539337, ""0.1"": 0.3219464123249054, ""0.3"": 0.31958457827568054, ""1"": 0.31449490785598755, ""3"": 0.30916133522987366, ""10"": 0.3056905269622803, ""30"": 0.30577751994132996, ""45"": 0.30630120635032654, ""65"": 0.3084339201450348, ""90"": 0.31110629439353943}","{""1e-05"": 0.3235626518726349, ""0.0001"": 0.3236750662326813, ""0.001"": 0.32355257868766785, ""0.01"": 0.3237805664539337, ""0.1"": 0.3219464123249054, ""0.3"": 0.31958457827568054, ""1"": 0.31449490785598755, ""3"": 0.30916133522987366, ""10"": 0.3056905269622803, ""30"": 0.30577751994132996, ""45"": 0.30630120635032654, ""65"": 0.3084339201450348, ""90"": 0.31110629439353943}",0.24878321588039398,0.3056905303463226,0.26035889408743107,16416,0.35615007765591145,0.8583194263449255
tirex,monash_london_smart_meters,8,L8,block_depth,True,0.6666666666666666,10.0,False,False,1e-05|0.0001|0.001|0.01|0.1|0.3|1|3|10|30|45|65|90,90.0,1e-05,13,0.01,0.1,"mean pinball over (batch, quantiles, horizon)",0.30087724328041077,"{""1e-05"": 0.31883177161216736, ""0.0001"": 0.31866851449012756, ""0.001"": 0.31875860691070557, ""0.01"": 0.3184906542301178, ""0.1"": 0.31717154383659363, ""0.3"": 0.3144626319408417, ""1"": 0.30944758653640747, ""3"": 0.3044174015522003, ""10"": 0.30087724328041077, ""30"": 0.300895631313324, ""45"": 0.3022564649581909, ""65"": 0.3050391376018524, ""90"": 0.3075101971626282}","{""1e-05"": 0.31883177161216736, ""0.0001"": 0.31866851449012756, ""0.001"": 0.31875860691070557, ""0.01"": 0.3184906542301178, ""0.1"": 0.31717154383659363, ""0.3"": 0.3144626319408417, ""1"": 0.30944758653640747, ""3"": 0.3044174015522003, ""10"": 0.30087724328041077, ""30"": 0.300895631313324, ""45"": 0.3022564649581909, ""65"": 0.3050391376018524, ""90"": 0.3075101971626282}",0.24726471304893494,0.30087721700431735,0.25671808057613954,16416,0.35615007765591145,0.844804580654914
tirex,monash_london_smart_meters,9,L9,block_depth,True,0.75,30.0,False,False,1e-05|0.0001|0.001|0.01|0.1|0.3|1|3|10|30|45|65|90,90.0,1e-05,13,0.01,0.3,"mean pinball over (batch, quantiles, horizon)",0.2989749610424042,"{""1e-05"": 0.31659820675849915, ""0.0001"": 0.3165236711502075, ""0.001"": 0.3161429464817047, ""0.01"": 0.3163208067417145, ""0.1"": 0.3148746192455292, ""0.3"": 0.31177595257759094, ""1"": 0.3068166673183441, ""3"": 0.302064448595047, ""10"": 0.29927411675453186, ""30"": 0.2989749610424042, ""45"": 0.2999594211578369, ""65"": 0.3025391101837158, ""90"": 0.3052377998828888}","{""1e-05"": 0.31659820675849915, ""0.0001"": 0.3165236711502075, ""0.001"": 0.3161429464817047, ""0.01"": 0.3163208067417145, ""0.1"": 0.3148746192455292, ""0.3"": 0.31177595257759094, ""1"": 0.3068166673183441, ""3"": 0.302064448595047, ""10"": 0.29927411675453186, ""30"": 0.2989749610424042, ""45"": 0.2999594211578369, ""65"": 0.3025391101837158, ""90"": 0.3052377998828888}",0.25276967883110046,0.2989749689906381,0.2540831859330185,16416,0.35615007765591145,0.8394634390041825
tirex,monash_london_smart_meters,10,L10,block_depth,True,0.8333333333333334,30.0,False,False,1e-05|0.0001|0.001|0.01|0.1|0.3|1|3|10|30|45|65|90,90.0,1e-05,13,0.01,0.3,"mean pinball over (batch, quantiles, horizon)",0.29585063457489014,"{""1e-05"": 0.3147159516811371, ""0.0001"": 0.3144042193889618, ""0.001"": 0.31442078948020935, ""0.01"": 0.31435129046440125, ""0.1"": 0.3130732476711273, ""0.3"": 0.3103960454463959, ""1"": 0.3059733211994171, ""3"": 0.3005959391593933, ""10"": 0.2962133288383484, ""30"": 0.29585063457489014, ""45"": 0.2968599498271942, ""65"": 0.29833996295928955, ""90"": 0.30167651176452637}","{""1e-05"": 0.3147159516811371, ""0.0001"": 0.3144042193889618, ""0.001"": 0.31442078948020935, ""0.01"": 0.31435129046440125, ""0.1"": 0.3130732476711273, ""0.3"": 0.3103960454463959, ""1"": 0.3059733211994171, ""3"": 0.3005959391593933, ""10"": 0.2962133288383484, ""30"": 0.29585063457489014, ""45"": 0.2968599498271942, ""65"": 0.29833996295928955, ""90"": 0.30167651176452637}",0.24963881075382233,0.29585064051829224,0.25273874291140613,16416,0.35615007765591145,0.8306909336241209
tirex,monash_london_smart_meters,11,L11,block_depth,True,0.9166666666666666,10.0,False,False,1e-05|0.0001|0.001|0.01|0.1|0.3|1|3|10|30|45|65|90,90.0,1e-05,13,0.01,0.1,"mean pinball over (batch, quantiles, horizon)",0.29107987880706787,"{""1e-05"": 0.3087758421897888, ""0.0001"": 0.30890601873397827, ""0.001"": 0.3086918294429779, ""0.01"": 0.3088063895702362, ""0.1"": 0.3071194589138031, ""0.3"": 0.30447128415107727, ""1"": 0.30014294385910034, ""3"": 0.2947099506855011, ""10"": 0.29107987880706787, ""30"": 0.2911016643047333, ""45"": 0.29246753454208374, ""65"": 0.2950335144996643, ""90"": 0.29798969626426697}","{""1e-05"": 0.3087758421897888, ""0.0001"": 0.30890601873397827, ""0.001"": 0.3086918294429779, ""0.01"": 0.3088063895702362, ""0.1"": 0.3071194589138031, ""0.3"": 0.30447128415107727, ""1"": 0.30014294385910034, ""3"": 0.2947099506855011, ""10"": 0.29107987880706787, ""30"": 0.2911016643047333, ""45"": 0.29246753454208374, ""65"": 0.2950335144996643, ""90"": 0.29798969626426697}",0.2397288829088211,0.29107990660455846,0.24650548028809424,16416,0.35615007765591145,0.8172956426694382
tirex,monash_london_smart_meters,12,L12,block_depth,True,1.0,10.0,False,False,1e-05|0.0001|0.001|0.01|0.1|0.3|1|3|10|30|45|65|90,90.0,1e-05,13,0.01,0.1,"mean pinball over (batch, quantiles, horizon)",0.2881610095500946,"{""1e-05"": 0.30332523584365845, ""0.0001"": 0.3026887774467468, ""0.001"": 0.3029261529445648, ""0.01"": 0.3027743995189667, ""0.1"": 0.30143505334854126, ""0.3"": 0.29952800273895264, ""1"": 0.2949714958667755, ""3"": 0.29092520475387573, ""10"": 0.2881610095500946, ""30"": 0.28932902216911316, ""45"": 0.29071056842803955, ""65"": 0.293415904045105, ""90"": 0.29661741852760315}","{""1e-05"": 0.30332523584365845, ""0.0001"": 0.3026887774467468, ""0.001"": 0.3029261529445648, ""0.01"": 0.3027743995189667, ""0.1"": 0.30143505334854126, ""0.3"": 0.29952800273895264, ""1"": 0.2949714958667755, ""3"": 0.29092520475387573, ""10"": 0.2881610095500946, ""30"": 0.28932902216911316, ""45"": 0.29071056842803955, ""65"": 0.293415904045105, ""90"": 0.29661741852760315}",0.23801350593566895,0.2881610104458705,0.24394380996529838,16416,0.35615007765591145,0.8090999511848276
tirex,monash_london_smart_meters,13,L12+RMS,head_input_diagnostic,False,,10.0,False,False,1e-05|0.0001|0.001|0.01|0.1|0.3|1|3|10|30|45|65|90,90.0,1e-05,13,0.01,0.1,"mean pinball over (batch, quantiles, horizon)",0.28579312562942505,"{""1e-05"": 0.3023872375488281, ""0.0001"": 0.30270275473594666, ""0.001"": 0.3021334707736969, ""0.01"": 0.3021056354045868, ""0.1"": 0.3008955121040344, ""0.3"": 0.29871562123298645, ""1"": 0.2939373850822449, ""3"": 0.2887427806854248, ""10"": 0.28579312562942505, ""30"": 0.28601014614105225, ""45"": 0.28759583830833435, ""65"": 0.2897864282131195, ""90"": 0.29224738478660583}","{""1e-05"": 0.3023872375488281, ""0.0001"": 0.30270275473594666, ""0.001"": 0.3021334707736969, ""0.01"": 0.3021056354045868, ""0.1"": 0.3008955121040344, ""0.3"": 0.29871562123298645, ""1"": 0.2939373850822449, ""3"": 0.2887427806854248, ""10"": 0.28579312562942505, ""30"": 0.28601014614105225, ""45"": 0.28759583830833435, ""65"": 0.2897864282131195, ""90"": 0.29224738478660583}",0.23472847044467926,0.28579312567208104,0.24259116133063577,16416,0.35615007765591145,0.8024513922700738
tirex,m5,0,Emb,block_depth,True,0.0,30.0,False,False,1e-05|0.0001|0.001|0.01|0.1|0.3|1|3|10|30|45|65|90,90.0,1e-05,13,0.01,0.3,"mean pinball over (batch, quantiles, horizon)",0.33236080408096313,"{""1e-05"": 0.33659303188323975, ""0.0001"": 0.3367246985435486, ""0.001"": 0.3372891843318939, ""0.01"": 0.33677664399147034, ""0.1"": 0.3374747335910797, ""0.3"": 0.33688122034072876, ""1"": 0.3353790044784546, ""3"": 0.3335763216018677, ""10"": 0.33307740092277527, ""30"": 0.33236080408096313, ""45"": 0.3336852490901947, ""65"": 0.33373743295669556, ""90"": 0.3357817232608795}","{""1e-05"": 0.33659303188323975, ""0.0001"": 0.3367246985435486, ""0.001"": 0.3372891843318939, ""0.01"": 0.33677664399147034, ""0.1"": 0.3374747335910797, ""0.3"": 0.33688122034072876, ""1"": 0.3353790044784546, ""3"": 0.3335763216018677, ""10"": 0.33307740092277527, ""30"": 0.33236080408096313, ""45"": 0.3336852490901947, ""65"": 0.33373743295669556, ""90"": 0.3357817232608795}",0.31733787059783936,0.3323607964953052,0.3576840997908179,16416,0.33295635231735027,0.9982113096269224
tirex,m5,1,L1,block_depth,True,0.08333333333333333,10.0,False,False,1e-05|0.0001|0.001|0.01|0.1|0.3|1|3|10|30|45|65|90,90.0,1e-05,13,0.01,0.1,"mean pinball over (batch, quantiles, horizon)",0.3301159739494324,"{""1e-05"": 0.3378848731517792, ""0.0001"": 0.33767372369766235, ""0.001"": 0.33810123801231384, ""0.01"": 0.338166207075119, ""0.1"": 0.3378780782222748, ""0.3"": 0.33555737137794495, ""1"": 0.33278223872184753, ""3"": 0.3323727250099182, ""10"": 0.3301159739494324, ""30"": 0.3303039073944092, ""45"": 0.3305712342262268, ""65"": 0.3335476815700531, ""90"": 0.3360050618648529}","{""1e-05"": 0.3378848731517792, ""0.0001"": 0.33767372369766235, ""0.001"": 0.33810123801231384, ""0.01"": 0.338166207075119, ""0.1"": 0.3378780782222748, ""0.3"": 0.33555737137794495, ""1"": 0.33278223872184753, ""3"": 0.3323727250099182, ""10"": 0.3301159739494324, ""30"": 0.3303039073944092, ""45"": 0.3305712342262268, ""65"": 0.3335476815700531, ""90"": 0.3360050618648529}",0.3088027238845825,0.33011599520633694,0.35417343870885953,16416,0.33295635231735027,0.9914692809095106
tirex,m5,2,L2,block_depth,True,0.16666666666666666,30.0,False,False,1e-05|0.0001|0.001|0.01|0.1|0.3|1|3|10|30|45|65|90,90.0,1e-05,13,0.01,0.3,"mean pinball over (batch, quantiles, horizon)",0.32761427760124207,"{""1e-05"": 0.34133148193359375, ""0.0001"": 0.3418501019477844, ""0.001"": 0.34143611788749695, ""0.01"": 0.3417232036590576, ""0.1"": 0.34014320373535156, ""0.3"": 0.3383212387561798, ""1"": 0.3342073857784271, ""3"": 0.330861359834671, ""10"": 0.32934021949768066, ""30"": 0.32761427760124207, ""45"": 0.32895728945732117, ""65"": 0.3313312828540802, ""90"": 0.3339388072490692}","{""1e-05"": 0.34133148193359375, ""0.0001"": 0.3418501019477844, ""0.001"": 0.34143611788749695, ""0.01"": 0.3417232036590576, ""0.1"": 0.34014320373535156, ""0.3"": 0.3383212387561798, ""1"": 0.3342073857784271, ""3"": 0.330861359834671, ""10"": 0.32934021949768066, ""30"": 0.32761427760124207, ""45"": 0.32895728945732117, ""65"": 0.3313312828540802, ""90"": 0.3339388072490692}",0.3087156116962433,0.3276142703994881,0.3532084380169861,16416,0.33295635231735027,0.9839556089539013
tirex,m5,3,L3,block_depth,True,0.25,30.0,False,False,1e-05|0.0001|0.001|0.01|0.1|0.3|1|3|10|30|45|65|90,90.0,1e-05,13,0.01,0.3,"mean pinball over (batch, quantiles, horizon)",0.32724815607070923,"{""1e-05"": 0.3451739549636841, ""0.0001"": 0.3458113372325897, ""0.001"": 0.3450084924697876, ""0.01"": 0.34499460458755493, ""0.1"": 0.3435485363006592, ""0.3"": 0.3404509723186493, ""1"": 0.3357754349708557, ""3"": 0.33217358589172363, ""10"": 0.32867106795310974, ""30"": 0.32724815607070923, ""45"": 0.3281567692756653, ""65"": 0.33036744594573975, ""90"": 0.3333372175693512}","{""1e-05"": 0.3451739549636841, ""0.0001"": 0.3458113372325897, ""0.001"": 0.3450084924697876, ""0.01"": 0.34499460458755493, ""0.1"": 0.3435485363006592, ""0.3"": 0.3404509723186493, ""1"": 0.3357754349708557, ""3"": 0.33217358589172363, ""10"": 0.32867106795310974, ""30"": 0.32724815607070923, ""45"": 0.3281567692756653, ""65"": 0.33036744594573975, ""90"": 0.3333372175693512}",0.30688607692718506,0.3272481329724875,0.3530935201196725,16416,0.33295635231735027,0.9828559530246712
tirex,m5,4,L4,block_depth,True,0.3333333333333333,30.0,False,False,1e-05|0.0001|0.001|0.01|0.1|0.3|1|3|10|30|45|65|90,90.0,1e-05,13,0.01,0.3,"mean pinball over (batch, quantiles, horizon)",0.32560911774635315,"{""1e-05"": 0.34986209869384766, ""0.0001"": 0.35070592164993286, ""0.001"": 0.3504323959350586, ""0.01"": 0.3498695194721222, ""0.1"": 0.34760046005249023, ""0.3"": 0.34461510181427, ""1"": 0.3384687006473541, ""3"": 0.33123213052749634, ""10"": 0.328008234500885, ""30"": 0.32560911774635315, ""45"": 0.32593756914138794, ""65"": 0.3269635736942291, ""90"": 0.33070698380470276}","{""1e-05"": 0.34986209869384766, ""0.0001"": 0.35070592164993286, ""0.001"": 0.3504323959350586, ""0.01"": 0.3498695194721222, ""0.1"": 0.34760046005249023, ""0.3"": 0.34461510181427, ""1"": 0.3384687006473541, ""3"": 0.33123213052749634, ""10"": 0.328008234500885, ""30"": 0.32560911774635315, ""45"": 0.32593756914138794, ""65"": 0.3269635736942291, ""90"": 0.33070698380470276}",0.3051547706127167,0.32560908114039944,0.3509160589696911,16416,0.33295635231735027,0.9779332302092619
tirex,m5,5,L5,block_depth,True,0.4166666666666667,30.0,False,False,1e-05|0.0001|0.001|0.01|0.1|0.3|1|3|10|30|45|65|90,90.0,1e-05,13,0.01,0.3,"mean pinball over (batch, quantiles, horizon)",0.3246248662471771,"{""1e-05"": 0.3543606400489807, ""0.0001"": 0.3539083003997803, ""0.001"": 0.3532358705997467, ""0.01"": 0.35347267985343933, ""0.1"": 0.3509485423564911, ""0.3"": 0.3475586473941803, ""1"": 0.34049150347709656, ""3"": 0.3324694335460663, ""10"": 0.32722681760787964, ""30"": 0.3246248662471771, ""45"": 0.3253582715988159, ""65"": 0.32554078102111816, ""90"": 0.32757943868637085}","{""1e-05"": 0.3543606400489807, ""0.0001"": 0.3539083003997803, ""0.001"": 0.3532358705997467, ""0.01"": 0.35347267985343933, ""0.1"": 0.3509485423564911, ""0.3"": 0.3475586473941803, ""1"": 0.34049150347709656, ""3"": 0.3324694335460663, ""10"": 0.32722681760787964, ""30"": 0.3246248662471771, ""45"": 0.3253582715988159, ""65"": 0.32554078102111816, ""90"": 0.32757943868637085}",0.30305251479148865,0.32462485042180267,0.3505987243030135,16416,0.33295635231735027,0.9749771949459412
tirex,m5,6,L6,block_depth,True,0.5,30.0,False,False,1e-05|0.0001|0.001|0.01|0.1|0.3|1|3|10|30|45|65|90,90.0,1e-05,13,0.01,0.3,"mean pinball over (batch, quantiles, horizon)",0.32420286536216736,"{""1e-05"": 0.35492759943008423, ""0.0001"": 0.3544929325580597, ""0.001"": 0.35475340485572815, ""0.01"": 0.3537898659706116, ""0.1"": 0.35243260860443115, ""0.3"": 0.3476162850856781, ""1"": 0.3407529890537262, ""3"": 0.3328375518321991, ""10"": 0.3265003561973572, ""30"": 0.32420286536216736, ""45"": 0.32456815242767334, ""65"": 0.32499903440475464, ""90"": 0.32781147956848145}","{""1e-05"": 0.35492759943008423, ""0.0001"": 0.3544929325580597, ""0.001"": 0.35475340485572815, ""0.01"": 0.3537898659706116, ""0.1"": 0.35243260860443115, ""0.3"": 0.3476162850856781, ""1"": 0.3407529890537262, ""3"": 0.3328375518321991, ""10"": 0.3265003561973572, ""30"": 0.32420286536216736, ""45"": 0.32456815242767334, ""65"": 0.32499903440475464, ""90"": 0.32781147956848145}",0.3036147952079773,0.32420284168098035,0.35130024371483853,16416,0.33295635231735027,0.9737097352987977
tirex,m5,7,L7,block_depth,True,0.5833333333333334,30.0,False,False,1e-05|0.0001|0.001|0.01|0.1|0.3|1|3|10|30|45|65|90,90.0,1e-05,13,0.01,0.3,"mean pinball over (batch, quantiles, horizon)",0.32317623496055603,"{""1e-05"": 0.3543095588684082, ""0.0001"": 0.3548614978790283, ""0.001"": 0.3547252118587494, ""0.01"": 0.3544020354747772, ""0.1"": 0.3520166575908661, ""0.3"": 0.3484119176864624, ""1"": 0.3415669798851013, ""3"": 0.33252257108688354, ""10"": 0.32648560404777527, ""30"": 0.32317623496055603, ""45"": 0.32325512170791626, ""65"": 0.3249624967575073, ""90"": 0.32721808552742004}","{""1e-05"": 0.3543095588684082, ""0.0001"": 0.3548614978790283, ""0.001"": 0.3547252118587494, ""0.01"": 0.3544020354747772, ""0.1"": 0.3520166575908661, ""0.3"": 0.3484119176864624, ""1"": 0.3415669798851013, ""3"": 0.33252257108688354, ""10"": 0.32648560404777527, ""30"": 0.32317623496055603, ""45"": 0.32325512170791626, ""65"": 0.3249624967575073, ""90"": 0.32721808552742004}",0.30221322178840637,0.32317624494205904,0.3493569548035623,16416,0.33295635231735027,0.9706264580710882
tirex,m5,8,L8,block_depth,True,0.6666666666666666,45.0,False,False,1e-05|0.0001|0.001|0.01|0.1|0.3|1|3|10|30|45|65|90,90.0,1e-05,13,0.01,0.45,"mean pinball over (batch, quantiles, horizon)",0.32325437664985657,"{""1e-05"": 0.3523821532726288, ""0.0001"": 0.3528406620025635, ""0.001"": 0.35267558693885803, ""0.01"": 0.35196900367736816, ""0.1"": 0.35016727447509766, ""0.3"": 0.3475745916366577, ""1"": 0.3400203287601471, ""3"": 0.3324660360813141, ""10"": 0.3261891007423401, ""30"": 0.3232825994491577, ""45"": 0.32325437664985657, ""65"": 0.32429033517837524, ""90"": 0.32635384798049927}","{""1e-05"": 0.3523821532726288, ""0.0001"": 0.3528406620025635, ""0.001"": 0.35267558693885803, ""0.01"": 0.35196900367736816, ""0.1"": 0.35016727447509766, ""0.3"": 0.3475745916366577, ""1"": 0.3400203287601471, ""3"": 0.3324660360813141, ""10"": 0.3261891007423401, ""30"": 0.3232825994491577, ""45"": 0.32325437664985657, ""65"": 0.32429033517837524, ""90"": 0.32635384798049927}",0.30446016788482666,0.32325436747170816,0.3490256016348837,16416,0.33295635231735027,0.970861091016534
tirex,m5,9,L9,block_depth,True,0.75,45.0,False,False,1e-05|0.0001|0.001|0.01|0.1|0.3|1|3|10|30|45|65|90,90.0,1e-05,13,0.01,0.45,"mean pinball over (batch, quantiles, horizon)",0.32296812534332275,"{""1e-05"": 0.3520130515098572, ""0.0001"": 0.3519580066204071, ""0.001"": 0.3523184061050415, ""0.01"": 0.3516251742839813, ""0.1"": 0.34982630610466003, ""0.3"": 0.3465026915073395, ""1"": 0.3383200168609619, ""3"": 0.3309459090232849, ""10"": 0.3249082565307617, ""30"": 0.32354578375816345, ""45"": 0.32296812534332275, ""65"": 0.3245622515678406, ""90"": 0.32737061381340027}","{""1e-05"": 0.3520130515098572, ""0.0001"": 0.3519580066204071, ""0.001"": 0.3523184061050415, ""0.01"": 0.3516251742839813, ""0.1"": 0.34982630610466003, ""0.3"": 0.3465026915073395, ""1"": 0.3383200168609619, ""3"": 0.3309459090232849, ""10"": 0.3249082565307617, ""30"": 0.32354578375816345, ""45"": 0.32296812534332275, ""65"": 0.3245622515678406, ""90"": 0.32737061381340027}",0.3038260042667389,0.32296810445610347,0.3478427156308339,16416,0.33295635231735027,0.9700013296285553
tirex,m5,10,L10,block_depth,True,0.8333333333333334,30.0,False,False,1e-05|0.0001|0.001|0.01|0.1|0.3|1|3|10|30|45|65|90,90.0,1e-05,13,0.01,0.3,"mean pinball over (batch, quantiles, horizon)",0.3220396041870117,"{""1e-05"": 0.34960681200027466, ""0.0001"": 0.34874266386032104, ""0.001"": 0.34933075308799744, ""0.01"": 0.34868761897087097, ""0.1"": 0.3472173511981964, ""0.3"": 0.34307384490966797, ""1"": 0.3363960087299347, ""3"": 0.3303499221801758, ""10"": 0.32418882846832275, ""30"": 0.3220396041870117, ""45"": 0.3223542869091034, ""65"": 0.324062317609787, ""90"": 0.3271249234676361}","{""1e-05"": 0.34960681200027466, ""0.0001"": 0.34874266386032104, ""0.001"": 0.34933075308799744, ""0.01"": 0.34868761897087097, ""0.1"": 0.3472173511981964, ""0.3"": 0.34307384490966797, ""1"": 0.3363960087299347, ""3"": 0.3303499221801758, ""10"": 0.32418882846832275, ""30"": 0.3220396041870117, ""45"": 0.3223542869091034, ""65"": 0.324062317609787, ""90"": 0.3271249234676361}",0.3004136085510254,0.3220396073933207,0.3457632153046154,16416,0.33295635231735027,0.9672126846415458
tirex,m5,11,L11,block_depth,True,0.9166666666666666,45.0,False,False,1e-05|0.0001|0.001|0.01|0.1|0.3|1|3|10|30|45|65|90,90.0,1e-05,13,0.01,0.45,"mean pinball over (batch, quantiles, horizon)",0.32358306646347046,"{""1e-05"": 0.34737998247146606, ""0.0001"": 0.3469691872596741, ""0.001"": 0.3471994996070862, ""0.01"": 0.34658628702163696, ""0.1"": 0.3443380892276764, ""0.3"": 0.3408104181289673, ""1"": 0.3341580033302307, ""3"": 0.32831040024757385, ""10"": 0.32652220129966736, ""30"": 0.3242431581020355, ""45"": 0.32358306646347046, ""65"": 0.3251209855079651, ""90"": 0.32823649048805237}","{""1e-05"": 0.34737998247146606, ""0.0001"": 0.3469691872596741, ""0.001"": 0.3471994996070862, ""0.01"": 0.34658628702163696, ""0.1"": 0.3443380892276764, ""0.3"": 0.3408104181289673, ""1"": 0.3341580033302307, ""3"": 0.32831040024757385, ""10"": 0.32652220129966736, ""30"": 0.3242431581020355, ""45"": 0.32358306646347046, ""65"": 0.3251209855079651, ""90"": 0.32823649048805237}",0.3058757781982422,0.3235830857297619,0.34830893851987277,16416,0.33295635231735027,0.971848362338333
tirex,m5,12,L12,block_depth,True,1.0,45.0,False,False,1e-05|0.0001|0.001|0.01|0.1|0.3|1|3|10|30|45|65|90,90.0,1e-05,13,0.01,0.45,"mean pinball over (batch, quantiles, horizon)",0.3257771134376526,"{""1e-05"": 0.33835166692733765, ""0.0001"": 0.34100770950317383, ""0.001"": 0.341484934091568, ""0.01"": 0.3386654257774353, ""0.1"": 0.3386225700378418, ""0.3"": 0.33660751581192017, ""1"": 0.33150169253349304, ""3"": 0.33689406514167786, ""10"": 0.33299288153648376, ""30"": 0.3275283873081207, ""45"": 0.3257771134376526, ""65"": 0.3283665180206299, ""90"": 0.3333045244216919}","{""1e-05"": 0.33835166692733765, ""0.0001"": 0.34100770950317383, ""0.001"": 0.341484934091568, ""0.01"": 0.3386654257774353, ""0.1"": 0.3386225700378418, ""0.3"": 0.33660751581192017, ""1"": 0.33150169253349304, ""3"": 0.33689406514167786, ""10"": 0.33299288153648376, ""30"": 0.3275283873081207, ""45"": 0.3257771134376526, ""65"": 0.3283665180206299, ""90"": 0.3333045244216919}",0.30940842628479004,0.32577712667522996,0.35057145445998616,16416,0.33295635231735027,0.9784379376090786
tirex,m5,13,L12+RMS,head_input_diagnostic,False,,45.0,False,False,1e-05|0.0001|0.001|0.01|0.1|0.3|1|3|10|30|45|65|90,90.0,1e-05,13,0.01,0.45,"mean pinball over (batch, quantiles, horizon)",0.3262462615966797,"{""1e-05"": 0.34056103229522705, ""0.0001"": 0.3404780924320221, ""0.001"": 0.3407641649246216, ""0.01"": 0.34004858136177063, ""0.1"": 0.34038305282592773, ""0.3"": 0.3376246988773346, ""1"": 0.334248811006546, ""3"": 0.3313969075679779, ""10"": 0.33086541295051575, ""30"": 0.328469842672348, ""45"": 0.3262462615966797, ""65"": 0.32733696699142456, ""90"": 0.3291403651237488}","{""1e-05"": 0.34056103229522705, ""0.0001"": 0.3404780924320221, ""0.001"": 0.3407641649246216, ""0.01"": 0.34004858136177063, ""0.1"": 0.34038305282592773, ""0.3"": 0.3376246988773346, ""1"": 0.334248811006546, ""3"": 0.3313969075679779, ""10"": 0.33086541295051575, ""30"": 0.328469842672348, ""45"": 0.3262462615966797, ""65"": 0.32733696699142456, ""90"": 0.3291403651237488}",0.3081163167953491,0.32624623736807407,0.34719441155725306,16416,0.33295635231735027,0.9798468631021023
tirex,wiki_daily_100k,0,Emb,block_depth,True,0.0,3.0,False,False,1e-05|0.0001|0.001|0.01|0.1|0.3|1|3|10|30|45|65|90,90.0,1e-05,13,0.01,0.03,"mean pinball over (batch, quantiles, horizon)",0.32767510414123535,"{""1e-05"": 0.3296346664428711, ""0.0001"": 0.3297327756881714, ""0.001"": 0.3298700153827667, ""0.01"": 0.32926878333091736, ""0.1"": 0.32927852869033813, ""0.3"": 0.32941362261772156, ""1"": 0.3284425139427185, ""3"": 0.32767510414123535, ""10"": 0.32792845368385315, ""30"": 0.32808709144592285, ""45"": 0.3279601037502289, ""65"": 0.3289559483528137, ""90"": 0.32934606075286865}","{""1e-05"": 0.3296346664428711, ""0.0001"": 0.3297327756881714, ""0.001"": 0.3298700153827667, ""0.01"": 0.32926878333091736, ""0.1"": 0.32927852869033813, ""0.3"": 0.32941362261772156, ""1"": 0.3284425139427185, ""3"": 0.32767510414123535, ""10"": 0.32792845368385315, ""30"": 0.32808709144592285, ""45"": 0.3279601037502289, ""65"": 0.3289559483528137, ""90"": 0.32934606075286865}",0.3454311490058899,0.3276751254194679,0.32200243498220016,16416,0.34903326975394977,0.938807712085618
tirex,wiki_daily_100k,1,L1,block_depth,True,0.08333333333333333,3.0,False,False,1e-05|0.0001|0.001|0.01|0.1|0.3|1|3|10|30|45|65|90,90.0,1e-05,13,0.01,0.03,"mean pinball over (batch, quantiles, horizon)",0.31931352615356445,"{""1e-05"": 0.32517021894454956, ""0.0001"": 0.32515546679496765, ""0.001"": 0.3247285783290863, ""0.01"": 0.32568222284317017, ""0.1"": 0.3241351544857025, ""0.3"": 0.32380688190460205, ""1"": 0.32098954916000366, ""3"": 0.31931352615356445, ""10"": 0.319542795419693, ""30"": 0.3196188509464264, ""45"": 0.32167938351631165, ""65"": 0.32320523262023926, ""90"": 0.326980322599411}","{""1e-05"": 0.32517021894454956, ""0.0001"": 0.32515546679496765, ""0.001"": 0.3247285783290863, ""0.01"": 0.32568222284317017, ""0.1"": 0.3241351544857025, ""0.3"": 0.32380688190460205, ""1"": 0.32098954916000366, ""3"": 0.31931352615356445, ""10"": 0.319542795419693, ""30"": 0.3196188509464264, ""45"": 0.32167938351631165, ""65"": 0.32320523262023926, ""90"": 0.326980322599411}",0.3280600607395172,0.3193135151554269,0.3175882261587691,16416,0.34903326975394977,0.9148512271638926
tirex,wiki_daily_100k,2,L2,block_depth,True,0.16666666666666666,30.0,False,False,1e-05|0.0001|0.001|0.01|0.1|0.3|1|3|10|30|45|65|90,90.0,1e-05,13,0.01,0.3,"mean pinball over (batch, quantiles, horizon)",0.31948503851890564,"{""1e-05"": 0.3312022089958191, ""0.0001"": 0.3311547636985779, ""0.001"": 0.33161965012550354, ""0.01"": 0.33134105801582336, ""0.1"": 0.32996630668640137, ""0.3"": 0.32816219329833984, ""1"": 0.3242253363132477, ""3"": 0.32163381576538086, ""10"": 0.3195919990539551, ""30"": 0.31948503851890564, ""45"": 0.3208761513233185, ""65"": 0.32166916131973267, ""90"": 0.32488152384757996}","{""1e-05"": 0.3312022089958191, ""0.0001"": 0.3311547636985779, ""0.001"": 0.33161965012550354, ""0.01"": 0.33134105801582336, ""0.1"": 0.32996630668640137, ""0.3"": 0.32816219329833984, ""1"": 0.3242253363132477, ""3"": 0.32163381576538086, ""10"": 0.3195919990539551, ""30"": 0.31948503851890564, ""45"": 0.3208761513233185, ""65"": 0.32166916131973267, ""90"": 0.32488152384757996}",0.33461302518844604,0.31948503309448484,0.3141545237376148,16416,0.34903326975394977,0.9153426357312732
tirex,wiki_daily_100k,3,L3,block_depth,True,0.25,30.0,False,False,1e-05|0.0001|0.001|0.01|0.1|0.3|1|3|10|30|45|65|90,90.0,1e-05,13,0.01,0.3,"mean pinball over (batch, quantiles, horizon)",0.3192673921585083,"{""1e-05"": 0.3359445333480835, ""0.0001"": 0.33606988191604614, ""0.001"": 0.3358103632926941, ""0.01"": 0.33581438660621643, ""0.1"": 0.3337689936161041, ""0.3"": 0.33211565017700195, ""1"": 0.32730773091316223, ""3"": 0.3235846161842346, ""10"": 0.32072436809539795, ""30"": 0.3192673921585083, ""45"": 0.31991857290267944, ""65"": 0.3220989406108856, ""90"": 0.3246563673019409}","{""1e-05"": 0.3359445333480835, ""0.0001"": 0.33606988191604614, ""0.001"": 0.3358103632926941, ""0.01"": 0.33581438660621643, ""0.1"": 0.3337689936161041, ""0.3"": 0.33211565017700195, ""1"": 0.32730773091316223, ""3"": 0.3235846161842346, ""10"": 0.32072436809539795, ""30"": 0.3192673921585083, ""45"": 0.31991857290267944, ""65"": 0.3220989406108856, ""90"": 0.3246563673019409}",0.3327920436859131,0.3192673706741051,0.31271360517401275,16416,0.34903326975394977,0.914719020622796
tirex,wiki_daily_100k,4,L4,block_depth,True,0.3333333333333333,30.0,False,False,1e-05|0.0001|0.001|0.01|0.1|0.3|1|3|10|30|45|65|90,90.0,1e-05,13,0.01,0.3,"mean pinball over (batch, quantiles, horizon)",0.31850263476371765,"{""1e-05"": 0.34072422981262207, ""0.0001"": 0.3409164547920227, ""0.001"": 0.34112459421157837, ""0.01"": 0.3413602411746979, ""0.1"": 0.3391077220439911, ""0.3"": 0.33624839782714844, ""1"": 0.3312447965145111, ""3"": 0.32579949498176575, ""10"": 0.32079315185546875, ""30"": 0.31850263476371765, ""45"": 0.3195018768310547, ""65"": 0.32014280557632446, ""90"": 0.3226577341556549}","{""1e-05"": 0.34072422981262207, ""0.0001"": 0.3409164547920227, ""0.001"": 0.34112459421157837, ""0.01"": 0.3413602411746979, ""0.1"": 0.3391077220439911, ""0.3"": 0.33624839782714844, ""1"": 0.3312447965145111, ""3"": 0.32579949498176575, ""10"": 0.32079315185546875, ""30"": 0.31850263476371765, ""45"": 0.3195018768310547, ""65"": 0.32014280557632446, ""90"": 0.3226577341556549}",0.3304208815097809,0.3185026271425131,0.3134646295704914,16416,0.34903326975394977,0.9125279872805272
tirex,wiki_daily_100k,5,L5,block_depth,True,0.4166666666666667,30.0,False,False,1e-05|0.0001|0.001|0.01|0.1|0.3|1|3|10|30|45|65|90,90.0,1e-05,13,0.01,0.3,"mean pinball over (batch, quantiles, horizon)",0.31804248690605164,"{""1e-05"": 0.3399445414543152, ""0.0001"": 0.33998656272888184, ""0.001"": 0.3400101959705353, ""0.01"": 0.3397153317928314, ""0.1"": 0.33862149715423584, ""0.3"": 0.33633098006248474, ""1"": 0.33101600408554077, ""3"": 0.32501184940338135, ""10"": 0.31983813643455505, ""30"": 0.31804248690605164, ""45"": 0.31845515966415405, ""65"": 0.31945207715034485, ""90"": 0.32070112228393555}","{""1e-05"": 0.3399445414543152, ""0.0001"": 0.33998656272888184, ""0.001"": 0.3400101959705353, ""0.01"": 0.3397153317928314, ""0.1"": 0.33862149715423584, ""0.3"": 0.33633098006248474, ""1"": 0.33101600408554077, ""3"": 0.32501184940338135, ""10"": 0.31983813643455505, ""30"": 0.31804248690605164, ""45"": 0.31845515966415405, ""65"": 0.31945207715034485, ""90"": 0.32070112228393555}",0.32680651545524597,0.3180425010536236,0.31112315738929136,16416,0.34903326975394977,0.911209700089126
tirex,wiki_daily_100k,6,L6,block_depth,True,0.5,30.0,False,False,1e-05|0.0001|0.001|0.01|0.1|0.3|1|3|10|30|45|65|90,90.0,1e-05,13,0.01,0.3,"mean pinball over (batch, quantiles, horizon)",0.3167189955711365,"{""1e-05"": 0.3410477340221405, ""0.0001"": 0.3411988914012909, ""0.001"": 0.34080228209495544, ""0.01"": 0.3408731520175934, ""0.1"": 0.33920735120773315, ""0.3"": 0.33703479170799255, ""1"": 0.33152440190315247, ""3"": 0.32554754614830017, ""10"": 0.31947529315948486, ""30"": 0.3167189955711365, ""45"": 0.3173653483390808, ""65"": 0.31811028718948364, ""90"": 0.32010504603385925}","{""1e-05"": 0.3410477340221405, ""0.0001"": 0.3411988914012909, ""0.001"": 0.34080228209495544, ""0.01"": 0.3408731520175934, ""0.1"": 0.33920735120773315, ""0.3"": 0.33703479170799255, ""1"": 0.33152440190315247, ""3"": 0.32554754614830017, ""10"": 0.31947529315948486, ""30"": 0.3167189955711365, ""45"": 0.3173653483390808, ""65"": 0.31811028718948364, ""90"": 0.32010504603385925}",0.3259526789188385,0.3167189696931657,0.31006362112878844,16416,0.34903326975394977,0.9074177081068405
tirex,wiki_daily_100k,7,L7,block_depth,True,0.5833333333333334,45.0,False,False,1e-05|0.0001|0.001|0.01|0.1|0.3|1|3|10|30|45|65|90,90.0,1e-05,13,0.01,0.45,"mean pinball over (batch, quantiles, horizon)",0.31570544838905334,"{""1e-05"": 0.34208008646965027, ""0.0001"": 0.34233787655830383, ""0.001"": 0.34240099787712097, ""0.01"": 0.3414800465106964, ""0.1"": 0.3405025005340576, ""0.3"": 0.33760157227516174, ""1"": 0.3314485549926758, ""3"": 0.3250432014465332, ""10"": 0.3184269070625305, ""30"": 0.31632304191589355, ""45"": 0.31570544838905334, ""65"": 0.317456990480423, ""90"": 0.31952306628227234}","{""1e-05"": 0.34208008646965027, ""0.0001"": 0.34233787655830383, ""0.001"": 0.34240099787712097, ""0.01"": 0.3414800465106964, ""0.1"": 0.3405025005340576, ""0.3"": 0.33760157227516174, ""1"": 0.3314485549926758, ""3"": 0.3250432014465332, ""10"": 0.3184269070625305, ""30"": 0.31632304191589355, ""45"": 0.31570544838905334, ""65"": 0.317456990480423, ""90"": 0.31952306628227234}",0.328769326210022,0.31570546377364916,0.3080126631805915,16416,0.34903326975394977,0.9045139564953365
tirex,wiki_daily_100k,8,L8,block_depth,True,0.6666666666666666,30.0,False,False,1e-05|0.0001|0.001|0.01|0.1|0.3|1|3|10|30|45|65|90,90.0,1e-05,13,0.01,0.3,"mean pinball over (batch, quantiles, horizon)",0.31244128942489624,"{""1e-05"": 0.339650422334671, ""0.0001"": 0.3395041227340698, ""0.001"": 0.3391512632369995, ""0.01"": 0.339323490858078, ""0.1"": 0.33729228377342224, ""0.3"": 0.3340986371040344, ""1"": 0.32780560851097107, ""3"": 0.32014524936676025, ""10"": 0.3150131404399872, ""30"": 0.31244128942489624, ""45"": 0.3124818801879883, ""65"": 0.3129446506500244, ""90"": 0.31542253494262695}","{""1e-05"": 0.339650422334671, ""0.0001"": 0.3395041227340698, ""0.001"": 0.3391512632369995, ""0.01"": 0.339323490858078, ""0.1"": 0.33729228377342224, ""0.3"": 0.3340986371040344, ""1"": 0.32780560851097107, ""3"": 0.32014524936676025, ""10"": 0.3150131404399872, ""30"": 0.31244128942489624, ""45"": 0.3124818801879883, ""65"": 0.3129446506500244, ""90"": 0.31542253494262695}",0.32225266098976135,0.31244128857177633,0.30631444128301305,16416,0.34903326975394977,0.8951619104735521
tirex,wiki_daily_100k,9,L9,block_depth,True,0.75,30.0,False,False,1e-05|0.0001|0.001|0.01|0.1|0.3|1|3|10|30|45|65|90,90.0,1e-05,13,0.01,0.3,"mean pinball over (batch, quantiles, horizon)",0.31151944398880005,"{""1e-05"": 0.3370906710624695, ""0.0001"": 0.33777180314064026, ""0.001"": 0.337311327457428, ""0.01"": 0.3368028700351715, ""0.1"": 0.3356829881668091, ""0.3"": 0.3326900601387024, ""1"": 0.32547304034233093, ""3"": 0.31932470202445984, ""10"": 0.3137463629245758, ""30"": 0.31151944398880005, ""45"": 0.3118061125278473, ""65"": 0.3130582273006439, ""90"": 0.31527653336524963}","{""1e-05"": 0.3370906710624695, ""0.0001"": 0.33777180314064026, ""0.001"": 0.337311327457428, ""0.01"": 0.3368028700351715, ""0.1"": 0.3356829881668091, ""0.3"": 0.3326900601387024, ""1"": 0.32547304034233093, ""3"": 0.31932470202445984, ""10"": 0.3137463629245758, ""30"": 0.31151944398880005, ""45"": 0.3118061125278473, ""65"": 0.3130582273006439, ""90"": 0.31527653336524963}",0.32130447030067444,0.31151946142088366,0.3033703316486519,16416,0.34903326975394977,0.8925208237039656
tirex,wiki_daily_100k,10,L10,block_depth,True,0.8333333333333334,45.0,False,False,1e-05|0.0001|0.001|0.01|0.1|0.3|1|3|10|30|45|65|90,90.0,1e-05,13,0.01,0.45,"mean pinball over (batch, quantiles, horizon)",0.3111623525619507,"{""1e-05"": 0.336863249540329, ""0.0001"": 0.3370126187801361, ""0.001"": 0.3370254635810852, ""0.01"": 0.33654603362083435, ""0.1"": 0.33524513244628906, ""0.3"": 0.3317697048187256, ""1"": 0.32518109679222107, ""3"": 0.3188134729862213, ""10"": 0.31328582763671875, ""30"": 0.31155529618263245, ""45"": 0.3111623525619507, ""65"": 0.3123478889465332, ""90"": 0.3143898844718933}","{""1e-05"": 0.336863249540329, ""0.0001"": 0.3370126187801361, ""0.001"": 0.3370254635810852, ""0.01"": 0.33654603362083435, ""0.1"": 0.33524513244628906, ""0.3"": 0.3317697048187256, ""1"": 0.32518109679222107, ""3"": 0.3188134729862213, ""10"": 0.31328582763671875, ""30"": 0.31155529618263245, ""45"": 0.3111623525619507, ""65"": 0.3123478889465332, ""90"": 0.3143898844718933}",0.3230019509792328,0.3111623333951899,0.30171828391385896,16416,0.34903326975394977,0.8914976317717308
tirex,wiki_daily_100k,11,L11,block_depth,True,0.9166666666666666,30.0,False,False,1e-05|0.0001|0.001|0.01|0.1|0.3|1|3|10|30|45|65|90,90.0,1e-05,13,0.01,0.3,"mean pinball over (batch, quantiles, horizon)",0.30939996242523193,"{""1e-05"": 0.3333851993083954, ""0.0001"": 0.3326821029186249, ""0.001"": 0.33324775099754333, ""0.01"": 0.33290690183639526, ""0.1"": 0.33052507042884827, ""0.3"": 0.3276640772819519, ""1"": 0.3218686580657959, ""3"": 0.31574761867523193, ""10"": 0.31097307801246643, ""30"": 0.30939996242523193, ""45"": 0.3099668025970459, ""65"": 0.31119874119758606, ""90"": 0.3132270574569702}","{""1e-05"": 0.3333851993083954, ""0.0001"": 0.3326821029186249, ""0.001"": 0.33324775099754333, ""0.01"": 0.33290690183639526, ""0.1"": 0.33052507042884827, ""0.3"": 0.3276640772819519, ""1"": 0.3218686580657959, ""3"": 0.31574761867523193, ""10"": 0.31097307801246643, ""30"": 0.30939996242523193, ""45"": 0.3099668025970459, ""65"": 0.31119874119758606, ""90"": 0.3132270574569702}",0.31987693905830383,0.3093999585435363,0.2985204840150043,16416,0.34903326975394977,0.8864483284405728
tirex,wiki_daily_100k,12,L12,block_depth,True,1.0,30.0,False,False,1e-05|0.0001|0.001|0.01|0.1|0.3|1|3|10|30|45|65|90,90.0,1e-05,13,0.01,0.3,"mean pinball over (batch, quantiles, horizon)",0.3087204694747925,"{""1e-05"": 0.3296022415161133, ""0.0001"": 0.32992663979530334, ""0.001"": 0.3292677402496338, ""0.01"": 0.32920345664024353, ""0.1"": 0.32736486196517944, ""0.3"": 0.3248366117477417, ""1"": 0.31897446513175964, ""3"": 0.3142746686935425, ""10"": 0.3098106384277344, ""30"": 0.3087204694747925, ""45"": 0.30896124243736267, ""65"": 0.3104778230190277, ""90"": 0.31236809492111206}","{""1e-05"": 0.3296022415161133, ""0.0001"": 0.32992663979530334, ""0.001"": 0.3292677402496338, ""0.01"": 0.32920345664024353, ""0.1"": 0.32736486196517944, ""0.3"": 0.3248366117477417, ""1"": 0.31897446513175964, ""3"": 0.3142746686935425, ""10"": 0.3098106384277344, ""30"": 0.3087204694747925, ""45"": 0.30896124243736267, ""65"": 0.3104778230190277, ""90"": 0.31236809492111206}",0.32008522748947144,0.3087204988647736,0.29761430714990345,16416,0.34903326975394977,0.8845016381458576
tirex,wiki_daily_100k,13,L12+RMS,head_input_diagnostic,False,,45.0,False,False,1e-05|0.0001|0.001|0.01|0.1|0.3|1|3|10|30|45|65|90,90.0,1e-05,13,0.01,0.45,"mean pinball over (batch, quantiles, horizon)",0.30576300621032715,"{""1e-05"": 0.32782071828842163, ""0.0001"": 0.32758116722106934, ""0.001"": 0.3279587924480438, ""0.01"": 0.3273719549179077, ""0.1"": 0.3261515200138092, ""0.3"": 0.3233955204486847, ""1"": 0.31843626499176025, ""3"": 0.3126102089881897, ""10"": 0.30787885189056396, ""30"": 0.30591246485710144, ""45"": 0.30576300621032715, ""65"": 0.3070675730705261, ""90"": 0.30908873677253723}","{""1e-05"": 0.32782071828842163, ""0.0001"": 0.32758116722106934, ""0.001"": 0.3279587924480438, ""0.01"": 0.3273719549179077, ""0.1"": 0.3261515200138092, ""0.3"": 0.3233955204486847, ""1"": 0.31843626499176025, ""3"": 0.3126102089881897, ""10"": 0.30787885189056396, ""30"": 0.30591246485710144, ""45"": 0.30576300621032715, ""65"": 0.3070675730705261, ""90"": 0.30908873677253723}",0.31991493701934814,0.30576300390690336,0.2952165530269383,16416,0.34903326975394977,0.876028248316988
tirex,monash_traffic,0,Emb,block_depth,True,0.0,0.01,False,False,1e-05|0.0001|0.001|0.01|0.1|0.3|1|3|10|30|45|65|90,90.0,1e-05,13,0.01,0.0001,"mean pinball over (batch, quantiles, horizon)",0.22511692345142365,"{""1e-05"": 0.22684331238269806, ""0.0001"": 0.22642840445041656, ""0.001"": 0.22701826691627502, ""0.01"": 0.22511692345142365, ""0.1"": 0.22689469158649445, ""0.3"": 0.22954241931438446, ""1"": 0.22584772109985352, ""3"": 0.22621969878673553, ""10"": 0.2253987342119217, ""30"": 0.22687247395515442, ""45"": 0.2285652607679367, ""65"": 0.22982360422611237, ""90"": 0.23528526723384857}","{""1e-05"": 0.22684331238269806, ""0.0001"": 0.22642840445041656, ""0.001"": 0.22701826691627502, ""0.01"": 0.22511692345142365, ""0.1"": 0.22689469158649445, ""0.3"": 0.22954241931438446, ""1"": 0.22584772109985352, ""3"": 0.22621969878673553, ""10"": 0.2253987342119217, ""30"": 0.22687247395515442, ""45"": 0.2285652607679367, ""65"": 0.22982360422611237, ""90"": 0.23528526723384857}",0.27191245555877686,0.22511692660796734,0.20356298838066691,16416,0.28795049726280547,0.7817903728171324
tirex,monash_traffic,1,L1,block_depth,True,0.08333333333333333,0.0001,False,False,1e-05|0.0001|0.001|0.01|0.1|0.3|1|3|10|30|45|65|90,90.0,1e-05,13,0.01,1.0000000000000002e-06,"mean pinball over (batch, quantiles, horizon)",0.16541534662246704,"{""1e-05"": 0.17224401235580444, ""0.0001"": 0.16541534662246704, ""0.001"": 0.16734579205513, ""0.01"": 0.1735762655735016, ""0.1"": 0.169004425406456, ""0.3"": 0.16707852482795715, ""1"": 0.1779676228761673, ""3"": 0.17588576674461365, ""10"": 0.19177651405334473, ""30"": 0.19804996252059937, ""45"": 0.21170929074287415, ""65"": 0.21835820376873016, ""90"": 0.22316724061965942}","{""1e-05"": 0.17224401235580444, ""0.0001"": 0.16541534662246704, ""0.001"": 0.16734579205513, ""0.01"": 0.1735762655735016, ""0.1"": 0.169004425406456, ""0.3"": 0.16707852482795715, ""1"": 0.1779676228761673, ""3"": 0.17588576674461365, ""10"": 0.19177651405334473, ""30"": 0.19804996252059937, ""45"": 0.21170929074287415, ""65"": 0.21835820376873016, ""90"": 0.22316724061965942}",0.17362067103385925,0.16541535191181053,0.16448511430666646,16416,0.28795049726280547,0.5744576011648278
tirex,monash_traffic,2,L2,block_depth,True,0.16666666666666666,10.0,False,False,1e-05|0.0001|0.001|0.01|0.1|0.3|1|3|10|30|45|65|90,90.0,1e-05,13,0.01,0.1,"mean pinball over (batch, quantiles, horizon)",0.15376350283622742,"{""1e-05"": 0.15731924772262573, ""0.0001"": 0.1573694795370102, ""0.001"": 0.158500075340271, ""0.01"": 0.15739651024341583, ""0.1"": 0.15530730783939362, ""0.3"": 0.15540722012519836, ""1"": 0.1547744870185852, ""3"": 0.15386834740638733, ""10"": 0.15376350283622742, ""30"": 0.16996170580387115, ""45"": 0.17218759655952454, ""65"": 0.1861618310213089, ""90"": 0.20135530829429626}","{""1e-05"": 0.15731924772262573, ""0.0001"": 0.1573694795370102, ""0.001"": 0.158500075340271, ""0.01"": 0.15739651024341583, ""0.1"": 0.15530730783939362, ""0.3"": 0.15540722012519836, ""1"": 0.1547744870185852, ""3"": 0.15386834740638733, ""10"": 0.15376350283622742, ""30"": 0.16996170580387115, ""45"": 0.17218759655952454, ""65"": 0.1861618310213089, ""90"": 0.20135530829429626}",0.17512419819831848,0.1537634941628416,0.16136352885656685,16416,0.28795049726280547,0.5339928064875171
tirex,monash_traffic,3,L3,block_depth,True,0.25,10.0,False,False,1e-05|0.0001|0.001|0.01|0.1|0.3|1|3|10|30|45|65|90,90.0,1e-05,13,0.01,0.1,"mean pinball over (batch, quantiles, horizon)",0.15733565390110016,"{""1e-05"": 0.16854478418827057, ""0.0001"": 0.16826802492141724, ""0.001"": 0.16870717704296112, ""0.01"": 0.16815657913684845, ""0.1"": 0.16625994443893433, ""0.3"": 0.16197018325328827, ""1"": 0.15855704247951508, ""3"": 0.15858182311058044, ""10"": 0.15733565390110016, ""30"": 0.16311456263065338, ""45"": 0.17234371602535248, ""65"": 0.17795181274414062, ""90"": 0.1930156797170639}","{""1e-05"": 0.16854478418827057, ""0.0001"": 0.16826802492141724, ""0.001"": 0.16870717704296112, ""0.01"": 0.16815657913684845, ""0.1"": 0.16625994443893433, ""0.3"": 0.16197018325328827, ""1"": 0.15855704247951508, ""3"": 0.15858182311058044, ""10"": 0.15733565390110016, ""30"": 0.16311456263065338, ""45"": 0.17234371602535248, ""65"": 0.17795181274414062, ""90"": 0.1930156797170639}",0.16858597099781036,0.15733566342760588,0.1589983484160354,16416,0.28795049726280547,0.5463983043030116
tirex,monash_traffic,4,L4,block_depth,True,0.3333333333333333,10.0,False,False,1e-05|0.0001|0.001|0.01|0.1|0.3|1|3|10|30|45|65|90,90.0,1e-05,13,0.01,0.1,"mean pinball over (batch, quantiles, horizon)",0.15890727937221527,"{""1e-05"": 0.1808260828256607, ""0.0001"": 0.17890053987503052, ""0.001"": 0.17914782464504242, ""0.01"": 0.180959090590477, ""0.1"": 0.1757802963256836, ""0.3"": 0.1732626110315323, ""1"": 0.16461458802223206, ""3"": 0.1599004715681076, ""10"": 0.15890727937221527, ""30"": 0.1647525280714035, ""45"": 0.17192578315734863, ""65"": 0.17541348934173584, ""90"": 0.1822296380996704}","{""1e-05"": 0.1808260828256607, ""0.0001"": 0.17890053987503052, ""0.001"": 0.17914782464504242, ""0.01"": 0.180959090590477, ""0.1"": 0.1757802963256836, ""0.3"": 0.1732626110315323, ""1"": 0.16461458802223206, ""3"": 0.1599004715681076, ""10"": 0.15890727937221527, ""30"": 0.1647525280714035, ""45"": 0.17192578315734863, ""65"": 0.17541348934173584, ""90"": 0.1822296380996704}",0.15971650183200836,0.15890728547202268,0.1520024133376948,16416,0.28795049726280547,0.5518562634291679
tirex,monash_traffic,5,L5,block_depth,True,0.4166666666666667,10.0,False,False,1e-05|0.0001|0.001|0.01|0.1|0.3|1|3|10|30|45|65|90,90.0,1e-05,13,0.01,0.1,"mean pinball over (batch, quantiles, horizon)",0.160511776804924,"{""1e-05"": 0.1791505366563797, ""0.0001"": 0.18336790800094604, ""0.001"": 0.18280555307865143, ""0.01"": 0.1812983751296997, ""0.1"": 0.1808137148618698, ""0.3"": 0.17602312564849854, ""1"": 0.16916729509830475, ""3"": 0.1647140234708786, ""10"": 0.160511776804924, ""30"": 0.16225050389766693, ""45"": 0.16797097027301788, ""65"": 0.17385968565940857, ""90"": 0.1890900880098343}","{""1e-05"": 0.1791505366563797, ""0.0001"": 0.18336790800094604, ""0.001"": 0.18280555307865143, ""0.01"": 0.1812983751296997, ""0.1"": 0.1808137148618698, ""0.3"": 0.17602312564849854, ""1"": 0.16916729509830475, ""3"": 0.1647140234708786, ""10"": 0.160511776804924, ""30"": 0.16225050389766693, ""45"": 0.16797097027301788, ""65"": 0.17385968565940857, ""90"": 0.1890900880098343}",0.1510390192270279,0.16051176577123977,0.14792489212091642,16416,0.28795049726280547,0.5574283333316995
tirex,monash_traffic,6,L6,block_depth,True,0.5,10.0,False,False,1e-05|0.0001|0.001|0.01|0.1|0.3|1|3|10|30|45|65|90,90.0,1e-05,13,0.01,0.1,"mean pinball over (batch, quantiles, horizon)",0.16922622919082642,"{""1e-05"": 0.18727514147758484, ""0.0001"": 0.1866995096206665, ""0.001"": 0.18834444880485535, ""0.01"": 0.18717363476753235, ""0.1"": 0.18530139327049255, ""0.3"": 0.1822742074728012, ""1"": 0.17634674906730652, ""3"": 0.17040252685546875, ""10"": 0.16922622919082642, ""30"": 0.17719876766204834, ""45"": 0.1797792911529541, ""65"": 0.18174560368061066, ""90"": 0.19136111438274384}","{""1e-05"": 0.18727514147758484, ""0.0001"": 0.1866995096206665, ""0.001"": 0.18834444880485535, ""0.01"": 0.18717363476753235, ""0.1"": 0.18530139327049255, ""0.3"": 0.1822742074728012, ""1"": 0.17634674906730652, ""3"": 0.17040252685546875, ""10"": 0.16922622919082642, ""30"": 0.17719876766204834, ""45"": 0.1797792911529541, ""65"": 0.18174560368061066, ""90"": 0.19136111438274384}",0.1471208930015564,0.16922622100087523,0.1501704907144299,16416,0.28795049726280547,0.5876920603003041
tirex,monash_traffic,7,L7,block_depth,True,0.5833333333333334,10.0,False,False,1e-05|0.0001|0.001|0.01|0.1|0.3|1|3|10|30|45|65|90,90.0,1e-05,13,0.01,0.1,"mean pinball over (batch, quantiles, horizon)",0.17131079733371735,"{""1e-05"": 0.1928919553756714, ""0.0001"": 0.19332213699817657, ""0.001"": 0.19495365023612976, ""0.01"": 0.1934567540884018, ""0.1"": 0.19046014547348022, ""0.3"": 0.1869429647922516, ""1"": 0.17976614832878113, ""3"": 0.17243966460227966, ""10"": 0.17131079733371735, ""30"": 0.17603018879890442, ""45"": 0.1775263100862503, ""65"": 0.1866646558046341, ""90"": 0.19720947742462158}","{""1e-05"": 0.1928919553756714, ""0.0001"": 0.19332213699817657, ""0.001"": 0.19495365023612976, ""0.01"": 0.1934567540884018, ""0.1"": 0.19046014547348022, ""0.3"": 0.1869429647922516, ""1"": 0.17976614832878113, ""3"": 0.17243966460227966, ""10"": 0.17131079733371735, ""30"": 0.17603018879890442, ""45"": 0.1775263100862503, ""65"": 0.1866646558046341, ""90"": 0.19720947742462158}",0.1431608498096466,0.17131079653747208,0.1399195131113511,16416,0.28795049726280547,0.5949314141351207
tirex,monash_traffic,8,L8,block_depth,True,0.6666666666666666,10.0,False,False,1e-05|0.0001|0.001|0.01|0.1|0.3|1|3|10|30|45|65|90,90.0,1e-05,13,0.01,0.1,"mean pinball over (batch, quantiles, horizon)",0.16837334632873535,"{""1e-05"": 0.19302697479724884, ""0.0001"": 0.19458571076393127, ""0.001"": 0.19400277733802795, ""0.01"": 0.19213537871837616, ""0.1"": 0.1924613118171692, ""0.3"": 0.1886545717716217, ""1"": 0.17896339297294617, ""3"": 0.1724763959646225, ""10"": 0.16837334632873535, ""30"": 0.17138662934303284, ""45"": 0.1721203774213791, ""65"": 0.17598392069339752, ""90"": 0.1842624992132187}","{""1e-05"": 0.19302697479724884, ""0.0001"": 0.19458571076393127, ""0.001"": 0.19400277733802795, ""0.01"": 0.19213537871837616, ""0.1"": 0.1924613118171692, ""0.3"": 0.1886545717716217, ""1"": 0.17896339297294617, ""3"": 0.1724763959646225, ""10"": 0.16837334632873535, ""30"": 0.17138662934303284, ""45"": 0.1721203774213791, ""65"": 0.17598392069339752, ""90"": 0.1842624992132187}",0.13916896283626556,0.16837334706810594,0.14439354974861818,16416,0.28795049726280547,0.5847301833774423
tirex,monash_traffic,9,L9,block_depth,True,0.75,10.0,False,False,1e-05|0.0001|0.001|0.01|0.1|0.3|1|3|10|30|45|65|90,90.0,1e-05,13,0.01,0.1,"mean pinball over (batch, quantiles, horizon)",0.1598075032234192,"{""1e-05"": 0.17952118813991547, ""0.0001"": 0.17860211431980133, ""0.001"": 0.17876937985420227, ""0.01"": 0.17903907597064972, ""0.1"": 0.17781859636306763, ""0.3"": 0.17585903406143188, ""1"": 0.16797862946987152, ""3"": 0.16302137076854706, ""10"": 0.1598075032234192, ""30"": 0.16163210570812225, ""45"": 0.16567037999629974, ""65"": 0.17156416177749634, ""90"": 0.18253140151500702}","{""1e-05"": 0.17952118813991547, ""0.0001"": 0.17860211431980133, ""0.001"": 0.17876937985420227, ""0.01"": 0.17903907597064972, ""0.1"": 0.17781859636306763, ""0.3"": 0.17585903406143188, ""1"": 0.16797862946987152, ""3"": 0.16302137076854706, ""10"": 0.1598075032234192, ""30"": 0.16163210570812225, ""45"": 0.16567037999629974, ""65"": 0.17156416177749634, ""90"": 0.18253140151500702}",0.12961752712726593,0.15980749059724444,0.13674356312071548,16416,0.28795049726280547,0.5549825130233826
tirex,monash_traffic,10,L10,block_depth,True,0.8333333333333334,30.0,False,False,1e-05|0.0001|0.001|0.01|0.1|0.3|1|3|10|30|45|65|90,90.0,1e-05,13,0.01,0.3,"mean pinball over (batch, quantiles, horizon)",0.15023624897003174,"{""1e-05"": 0.17604660987854004, ""0.0001"": 0.1751290112733841, ""0.001"": 0.1761530488729477, ""0.01"": 0.17497992515563965, ""0.1"": 0.17267771065235138, ""0.3"": 0.16938625276088715, ""1"": 0.16367068886756897, ""3"": 0.15654192864894867, ""10"": 0.15098907053470612, ""30"": 0.15023624897003174, ""45"": 0.15308374166488647, ""65"": 0.16302280128002167, ""90"": 0.1735968291759491}","{""1e-05"": 0.17604660987854004, ""0.0001"": 0.1751290112733841, ""0.001"": 0.1761530488729477, ""0.01"": 0.17497992515563965, ""0.1"": 0.17267771065235138, ""0.3"": 0.16938625276088715, ""1"": 0.16367068886756897, ""3"": 0.15654192864894867, ""10"": 0.15098907053470612, ""30"": 0.15023624897003174, ""45"": 0.15308374166488647, ""65"": 0.16302280128002167, ""90"": 0.1735968291759491}",0.13299818336963654,0.1502362526668847,0.139098247726455,16416,0.28795049726280547,0.5217433346877248
tirex,monash_traffic,11,L11,block_depth,True,0.9166666666666666,10.0,False,False,1e-05|0.0001|0.001|0.01|0.1|0.3|1|3|10|30|45|65|90,90.0,1e-05,13,0.01,0.1,"mean pinball over (batch, quantiles, horizon)",0.1385008990764618,"{""1e-05"": 0.15689873695373535, ""0.0001"": 0.15443065762519836, ""0.001"": 0.1547660231590271, ""0.01"": 0.15520335733890533, ""0.1"": 0.15282930433750153, ""0.3"": 0.1499716192483902, ""1"": 0.1440792828798294, ""3"": 0.1413549929857254, ""10"": 0.1385008990764618, ""30"": 0.1395162045955658, ""45"": 0.14376547932624817, ""65"": 0.1475844830274582, ""90"": 0.156731978058815}","{""1e-05"": 0.15689873695373535, ""0.0001"": 0.15443065762519836, ""0.001"": 0.1547660231590271, ""0.01"": 0.15520335733890533, ""0.1"": 0.15282930433750153, ""0.3"": 0.1499716192483902, ""1"": 0.1440792828798294, ""3"": 0.1413549929857254, ""10"": 0.1385008990764618, ""30"": 0.1395162045955658, ""45"": 0.14376547932624817, ""65"": 0.1475844830274582, ""90"": 0.156731978058815}",0.11186855286359787,0.13850089762615794,0.12222681062310252,16416,0.28795049726280547,0.4809885690169568
tirex,monash_traffic,12,L12,block_depth,True,1.0,10.0,False,False,1e-05|0.0001|0.001|0.01|0.1|0.3|1|3|10|30|45|65|90,90.0,1e-05,13,0.01,0.1,"mean pinball over (batch, quantiles, horizon)",0.12614163756370544,"{""1e-05"": 0.1400189846754074, ""0.0001"": 0.14112748205661774, ""0.001"": 0.13990727066993713, ""0.01"": 0.138716459274292, ""0.1"": 0.1393488049507141, ""0.3"": 0.13538870215415955, ""1"": 0.13366538286209106, ""3"": 0.130264550447464, ""10"": 0.12614163756370544, ""30"": 0.12777912616729736, ""45"": 0.1293836086988449, ""65"": 0.13378013670444489, ""90"": 0.14083001017570496}","{""1e-05"": 0.1400189846754074, ""0.0001"": 0.14112748205661774, ""0.001"": 0.13990727066993713, ""0.01"": 0.138716459274292, ""0.1"": 0.1393488049507141, ""0.3"": 0.13538870215415955, ""1"": 0.13366538286209106, ""3"": 0.130264550447464, ""10"": 0.12614163756370544, ""30"": 0.12777912616729736, ""45"": 0.1293836086988449, ""65"": 0.13378013670444489, ""90"": 0.14083001017570496}",0.10695111006498337,0.12614163646886822,0.12062180192984698,16416,0.28795049726280547,0.43806709023927054
tirex,monash_traffic,13,L12+RMS,head_input_diagnostic,False,,10.0,False,False,1e-05|0.0001|0.001|0.01|0.1|0.3|1|3|10|30|45|65|90,90.0,1e-05,13,0.01,0.1,"mean pinball over (batch, quantiles, horizon)",0.1201808825135231,"{""1e-05"": 0.1299307495355606, ""0.0001"": 0.1296377331018448, ""0.001"": 0.12970660626888275, ""0.01"": 0.1307838410139084, ""0.1"": 0.12796328961849213, ""0.3"": 0.12670452892780304, ""1"": 0.12325393408536911, ""3"": 0.12144853919744492, ""10"": 0.1201808825135231, ""30"": 0.12540097534656525, ""45"": 0.1276872158050537, ""65"": 0.13238391280174255, ""90"": 0.13943621516227722}","{""1e-05"": 0.1299307495355606, ""0.0001"": 0.1296377331018448, ""0.001"": 0.12970660626888275, ""0.01"": 0.1307838410139084, ""0.1"": 0.12796328961849213, ""0.3"": 0.12670452892780304, ""1"": 0.12325393408536911, ""3"": 0.12144853919744492, ""10"": 0.1201808825135231, ""30"": 0.12540097534656525, ""45"": 0.1276872158050537, ""65"": 0.13238391280174255, ""90"": 0.13943621516227722}",0.10419581085443497,0.12018088035228598,0.10722958624988567,16416,0.28795049726280547,0.41736646227285307
